,Name,Filter,Phase,PredictedMag,ObservedMag,Residual
0,SN2020fqv,UVM2,-13.873420762902242,-1.6048910073460334,-4.25092609505079,2.6460350877047567
1,SN2019rwd,UVM2,1.334225404636527,-1.5062164642106879,-1.503064710794213,-0.0031517534164748895
2,SN2019rwd,UVM2,2.26802540463541,-1.7254922373919115,-1.918064710794212,0.19257247340230044
3,SN2019rwd,UVM2,3.336925404633803,-1.9621042992586801,-2.280064710794214,0.3179604115355339
4,SN2019rwd,UVM2,4.798925404633337,-2.2173395006240106,-2.1820647107942115,-0.03527478982979915
5,SN2019rwd,UVM2,7.3485254046318,-2.494707406949118,-2.7200647107942117,0.22535730384509378
6,SN2019rwd,UVM2,9.002225404634373,-2.6075528315774896,-2.4610647107942114,-0.14648812078327822
7,SN2019rwd,UVM2,12.432725404636583,-2.7816131917869455,-2.8290647107942135,0.04745151900726796
8,SN2019rwd,UVM2,14.25552540463832,-2.873637332674651,-3.0090647107942132,0.1354273781195623
9,SN2019rwd,UVM2,18.360925404631416,-3.1056485944083114,-3.3620647107942148,0.25641611638590334
10,SN2019rwd,UVM2,20.63042540463357,-3.250856250704434,-3.505064710794212,0.25420846008977804
11,SN2020lfn,UVM2,-9.603585522546151,-0.03909430431342287,-0.3360183480587221,0.29692404374529924
12,SN2020lfn,UVM2,-8.69342136868363,0.2470897896133728,-0.5023571964513991,0.7494469860647719
13,SN2020lfn,UVM2,-5.576445235078751,0.019629091976728574,-0.6499809953032109,0.6696100872799394
14,SN2020lfn,UVM2,-4.657921368685493,-0.07540952845863558,-0.8043571964513987,0.7289476679927631
15,SN2020lfn,UVM2,-1.4660213686875068,-0.41770459628999745,-1.5273571964514012,1.1096526001614038
16,SN2020lfn,UVM2,-1.0035213686860516,-0.4686425123200131,-1.717357196451399,1.2487146841313859
17,SN2020lfn,UVM2,0.5629786313147633,-0.6547076574951696,-2.306357196451401,1.6516495389562316
18,SN2020lfn,UVM2,1.1499786313142977,-0.7241352386837363,-2.1763571964513986,1.4522219577676623
19,SN2020lfn,UVM2,3.6723786313159503,-1.0315470361873693,-2.8973571964513987,1.8658101602640293
20,SN2020lfn,UVM2,5.229078631316952,-1.2169138688702574,-2.4803571964514006,1.2634433275811432
21,SN2020acbm,UVM2,-9.982598686652508,-0.4923694353288113,-0.5359451523933099,0.04357571706449859
22,SN2020acbm,UVM2,-9.005281241697958,-0.613584200506736,0.1501386850129336,-0.7637228855196696
23,SN2020acbm,UVM2,-6.842581241697189,-0.7124448371031704,-0.1068613149870678,-0.6055835221161026
24,SN2020acbm,UVM2,-5.753881241696945,-0.7732926720566091,-0.340861314987066,-0.4324313570695431
25,SN2020acbm,UVM2,-1.5986812416958855,-1.0614892909218199,-1.1898613149870665,0.12837202406524661
26,SN2021zj,UVM2,-5.198361611110158,-0.5689960630527757,0.1178296716823226,-0.6868257347350983
27,SN2021zj,UVM2,-3.879761611111462,-0.41135306847799313,0.472829671682323,-0.8841827401603162
28,SN2021gmj,UVM2,-6.06619420019706,-0.5867728069454508,-0.0746981182117014,-0.5120746887337494
29,SN2021gmj,UVM2,-5.250919637253223,-0.6019765974758151,-0.1687735771693621,-0.433203020306453
30,SN2021gmj,UVM2,-4.20732011579133,-0.5679310603374645,-0.2633024599455817,-0.30462860039188283
31,SN2021gmj,UVM2,-3.035794200201053,-0.719988915991884,-0.4106981182117035,-0.3092907977801805
32,SN2021gmj,UVM2,-2.314994200198271,-0.8585422313947895,-0.5246981182117025,-0.33384411318308693
33,SN2021gmj,UVM2,-1.5051942001955467,-1.0142270868197656,-0.7966981182117028,-0.2175289686080628
34,SN2021gmj,UVM2,2.935605799801124,-1.6799137101838717,-2.157698118211703,0.4777844080278313
35,SN2018jkb,UVM2,6.9237194458182785,-1.7309733515884638,-2.3000622320396964,0.5690888804512326
36,SN2018jkb,UVM2,8.142819445813075,-1.8370997347128721,-2.577062232039694,0.7399624973268217
37,SN2018jkb,UVM2,20.527219445815717,-2.9080778955115534,-3.5840622320396953,0.6759843365281419
38,SN2021ont,UVM2,-7.432999797558296,-1.8884545743436725,-1.1606876603801268,-0.7277669139635456
39,SN2021ont,UVM2,-6.610299797561311,-1.563714274999672,-0.5186876603801238,-1.0450266146195482
40,SN2021ont,UVM2,-3.086799797558342,-1.0658863866401376,0.174312339619874,-1.2401987262600116
41,SN2021ont,UVM2,-0.4229997975562583,-1.2184336780473792,-0.0706876603801234,-1.1477460176672558
42,SN2018cug,UVM2,-9.102789438984471,-0.7183499654255066,-0.566368670873775,-0.1519812945517316
43,SN2018cug,UVM2,-7.1501894389875815,-0.7010738758856085,-0.7073686708737768,0.006294794988168206
44,SN2022aagp,UVM2,-4.4221565780753735,-0.8575487535719386,-0.2591499693488348,-0.5983987842231038
45,SN2022aagp,UVM2,-2.24245657807478,-1.0452205118069564,-0.4601499693488353,-0.5850705424581211
46,SN2022aagp,UVM2,-1.2140565780791803,-1.1524660019594215,-0.6831499693488361,-0.4693160326105854
47,SN2022aagp,UVM2,1.332043421920389,-1.4421694194888985,-1.4561499693488376,0.013980549859939018
48,SN2022aagp,UVM2,3.095743421923544,-1.6492680665618948,-1.755149969348837,0.1058819027869422
49,SN2023gjg,UVM2,-5.1774016831986955,-0.7831354181503478,-0.6106048175896532,-0.17253060056069458
50,SN2023gjg,UVM2,-4.383901683198928,-0.9425048071186559,-0.7056048175896521,-0.23689998952900382
51,SN2023gjg,UVM2,-3.0600016832031542,-1.115483283544748,-1.0206048175896534,-0.09487846595509453
52,SN2021ucg,UVM2,-3.5563439538818784,-0.8908523205493211,-0.7016813982282777,-0.18917092232104338
53,SN2021ucg,UVM2,-2.560843953884614,-0.9076374508200971,-0.798681398228279,-0.10895605259181806
54,SN2020iez,UVM2,-12.117113329353742,-0.9307045476935798,-1.818897580324304,0.8881930326307241
55,SN2020iez,UVM2,-11.08551332935167,-0.9008567901357694,-1.7058975803243044,0.805040790188535
56,SN2022sje,UVM2,-5.595808924779703,-0.8857100763986843,-0.6058153748989987,-0.27989470149968554
57,SN2022sje,UVM2,-4.838808924774639,-1.0016764540949872,-0.5358153748989984,-0.46586107919598874
58,SN2022sje,UVM2,-4.239108924775792,-1.073595857135647,-0.6868153748989982,-0.38678048223664874
59,SN2022sje,UVM2,-2.791208924776583,-1.2005436269486935,-1.0658153748989996,-0.13472825204969396
60,SN2022sje,UVM2,-0.7362089247762924,-1.3818180695594648,-1.616815374898998,0.2349973053395331
61,SN2020vg,UVM2,-0.5419071515134419,-1.2700795280953194,-1.5385910256225586,0.26851149752723913
62,SN2020vg,UVM2,1.0427928484859876,-1.4607129596845105,-1.8435910256225585,0.38287806593804796
63,SN2020vg,UVM2,2.1391928484808886,-1.6312610872537086,-2.3275910256225565,0.6963299383688479
64,SN2020vg,UVM2,3.0295928484847536,-1.7802782558193542,-2.5195910256225567,0.7393127698032025
65,SN2022mxv,UVM2,-10.263151727274815,-0.07353466828740807,-1.1133759834468542,1.0398413151594461
66,SN2022mxv,UVM2,-8.473851727278088,-0.08249410062295581,-1.0893759834468568,1.006881882823901
67,SN2022mxv,UVM2,-6.208851727271394,-0.2011424351797011,-1.1503759834468568,0.9492335482671557
68,SN2022mxv,UVM2,-0.7691517272760393,-0.6799655021319992,-1.7213759834468547,1.0414104813148555
69,SN2022mxv,UVM2,2.0069482727267314,-0.9515192546842535,-2.0823759834468554,1.130856728762602
70,SN2022mxv,UVM2,4.78664827272587,-1.2127912133344907,-2.3353759834468555,1.1225847701123648
71,SN2021aaqn,UVM2,-7.345694509349414,-0.7629001042385468,-0.6194993213719258,-0.14340078286662106
72,SN2021aaqn,UVM2,-4.131594509351999,-0.8769951977065702,-2.346499321371926,1.4695041236653559
73,SN2021aaqn,UVM2,-3.039894509354781,-0.9016972625252855,-1.3184993213719238,0.41680205884663835
74,SN2021aaqn,UVM2,-0.8463945093535585,-1.0909705967690613,-2.2104993213719233,1.119528724602862
75,SN2021aaqn,UVM2,0.609805490646977,-1.2630587151613923,-2.5334993213719237,1.2704406062105313
76,SN2020qvw,UVM2,-0.9798297350353096,-0.9741357070277097,0.1889870392360038,-1.1631227462637135
77,SN2020qvw,UVM2,0.1454702649643877,-1.101788212874574,-0.1250129607639962,-0.9767752521105777
78,SN2020qvw,UVM2,4.7824702649668325,-1.6879185471695344,-1.731012960763998,0.04309441359446353
79,SN2021can,UVM2,-3.2519002390690734,-0.6974428757214675,0.24243229049397463,-0.9398751662154421
80,SN2021can,UVM2,-2.4197502390670707,-0.8540081157675523,0.2279322904939746,-1.081940406261527
81,SN2021can,UVM2,-0.7608502390648937,-0.9932879390722427,0.055932290493974,-1.0492202295662167
82,SN2021can,UVM2,0.4411497609326034,-1.0722788931553424,-0.1200677095060243,-0.9522111836493181
83,SN2021can,UVM2,2.4917497609349084,-1.3234536077928922,-0.7300677095060237,-0.5933858982868685
84,SN2021can,UVM2,4.548249760933686,-1.6761955057082645,-1.3050677095060266,-0.3711277962022379
85,SN2021can,UVM2,12.542749760934385,-2.853467726046592,-3.2430677095060254,0.3895999834594335
86,SN2022yjl,UVM2,2.769629759299278,-1.2447289786852274,-1.3975928051775668,0.15286382649233943
87,SN2022yjl,UVM2,5.099229759296577,-1.5253772656302154,-2.095592805177567,0.5702155395473518
88,SN2019ust,UVM2,-14.128255140974945,-0.6735804811785222,-0.9451501091964012,0.271569628017879
89,SN2019ust,UVM2,-12.764255140973546,-0.44412921364769176,-0.7101501091964018,0.26602089554871
90,SN2019ust,UVM2,-10.962355140974978,-0.44607649045397935,-0.7501501091964009,0.30407361874242156
91,SN2019ust,UVM2,-10.638655140974151,-0.46352030586595205,-0.7731501091964041,0.3096298033304521
92,SN2019ust,UVM2,-9.53425514097762,-0.5425835914495494,-0.9331501091964044,0.390566517746855
93,SN2019ust,UVM2,-7.676955140974314,-0.7258080912694354,-2.375150109196401,1.6493420179269656
94,SN2019ust,UVM2,-1.578255140972033,-1.491907069253891,-2.2591501091964012,0.7672430399425103
95,SN2019ust,UVM2,0.5820448590238811,-1.7657240318008505,-2.9831501091964014,1.217426077395551
96,SN2019ust,UVM2,3.0049448590216343,-2.062424955143669,-3.456150109196404,1.393725154052735
97,SN2019ust,UVM2,4.737844859024335,-2.2637846434470177,-3.467150109196403,1.2033654657493855
98,SN2019ust,UVM2,6.662744859022496,-2.4760303961876566,-3.5731501091964013,1.0971197130087447
99,SN2022prv,UVM2,-16.389619896595832,-1.602022937948444,-3.9140827753036422,2.312059837355198
100,SN2022prv,UVM2,-14.992819896593574,-1.1476609251940708,-2.861082775303645,1.7134218501095742
101,SN2022prv,UVM2,-14.500019896593583,-0.9915453058104475,-2.597082775303642,1.6055374694931945
102,SN2019eoh,UVM2,-8.062032408350206,-1.058294698696944,-1.057533485075549,-0.0007612136213950293
103,SN2019eoh,UVM2,-7.207832408348622,-0.7005454315700241,-0.5575334850755489,-0.14301194649447524
104,SN2019eoh,UVM2,-6.344832408343791,-0.5617706796599471,-0.636533485075546,0.07476280541559888
105,SN2019eoh,UVM2,-5.011932408349821,-0.5323909355732077,-0.6345334850755471,0.10214254950233936
106,SN2019eoh,UVM2,-3.331232408345386,-0.6260317386405845,-0.815533485075548,0.18950174643496354
107,SN2019eoh,UVM2,0.1959675916514243,-1.0105942919858322,-1.561533485075547,0.5509391930897147
108,SN2019eoh,UVM2,3.652467591651657,-1.4508853376018536,-2.5985334850755457,1.1476481474736921
109,SN2019eoh,UVM2,5.508067591654253,-1.6866904299968652,-2.892533485075546,1.205843055078681
110,SN2018hxf,UVM2,-4.035021207280074,3.5720375455195086,0.0016764747391998845,3.570361070780309
111,SN2018hxf,UVM2,-2.820656782831066,3.7752119913441575,-0.2735717420938961,4.048783733438054
112,SN2018hxf,UVM2,-1.555456782829424,3.923345496728107,-0.7245717420938966,4.647917238822004
113,SN2018hxf,UVM2,4.158143217166071,3.941104744049916,-1.9705717420938953,5.911676486143811
114,SN2018hxf,UVM2,6.549943217170949,3.6215301993668447,-2.674571742093896,6.296101941460741
115,SN2018hxf,UVM2,10.324443217170485,2.8049264436536614,-3.140571742093897,5.945498185747558
116,SN2022ffg,UVM2,-15.713411045457178,-0.07212733865309318,-0.9221705158894268,0.8500431772363336
117,SN2022ffg,UVM2,-15.112111045455094,-0.06330931040970711,-0.8441705158894273,0.7808612054797202
118,SN2022ffg,UVM2,-13.984011045453371,0.09562840415079243,-1.0031705158894262,1.0987989200402186
119,SN2022ffg,UVM2,-12.83091104545747,0.060615625946601526,-1.303170515889427,1.3637861418360284
120,SN2022ffg,UVM2,-11.639311045451905,-0.018391648622268164,-1.1791705158894246,1.1607788672671564
121,SN2022ffg,UVM2,-11.067311045451788,-0.061443203599891305,-1.7881705158894263,1.726727312289535
122,SN2022ffg,UVM2,-9.347111045455677,-0.19612700027588303,-1.2261705158894252,1.0300435156135421
123,SN2022ffg,UVM2,-8.980411045457004,-0.22561917154166444,-1.250170515889426,1.0245513443477616
124,SN2022ffg,UVM2,-7.953911045457062,-0.3143051964754573,-1.2331705158894266,0.9188653194139693
125,SN2022ffg,UVM2,-3.777511045453138,-0.703862432607405,-1.2581705158894252,0.5543080832820202
126,SN2022ffg,UVM2,-2.6391327526347923,-0.8184119519293809,-1.1388547442670398,0.32044279233765893
127,SN2022ffg,UVM2,-0.7926110454573063,-1.0037134363158131,-1.2571705158894275,0.2534570795736144
128,SN2022ffg,UVM2,0.0991889545475714,-1.095536261305412,-1.2321705158894254,0.13663425458401335
129,SN2022ffg,UVM2,1.0947889545423095,-1.19536027602161,-1.2391705158894268,0.04381023986781685
130,SN2022ffg,UVM2,3.455088954542589,-1.429437289421955,-1.3191705158894251,-0.11026677353252978
131,SN2022ffg,UVM2,4.315788954547315,-1.5135364608894655,-1.4461705158894276,-0.0673659450000379
132,SN2022ffg,UVM2,5.046888954544556,-1.5837014008650456,-1.5141705158894254,-0.06953088497562021
133,SN2022ffg,UVM2,6.114888954543858,-1.6863508347787182,-1.558170515889426,-0.12818031888929227
134,SN2022ffg,UVM2,12.403088954546549,-2.2438699112463034,-2.420170515889428,0.1763006046431248
135,SN2022ffg,UVM2,13.866788954546792,-2.363581922930347,-2.7781705158894283,0.4145885929590811
136,SN2022ffg,UVM2,16.046888954544556,-2.533222190927951,-3.1691705158894266,0.6359483249614755
137,SN2022ffg,UVM2,19.045688954545767,-2.754834207129324,-3.468170515889426,0.7133363087601019
138,SN2022ffg,UVM2,23.743388954542752,-3.071743417902873,-3.8581705158894266,0.7864270979865537
139,SN2022ffg,UVM2,26.86628895454487,-3.2638635263068387,-4.1881705158894285,0.9243069895825897
140,SN2021abze,UVM2,-2.2509158838365693,-1.5306688769986323,-3.096264309729019,1.5655954327303867
141,SN2021abze,UVM2,-0.7138158838351956,-1.7313881894139485,-3.5112643097290217,1.7798761203150733
142,SN2021abze,UVM2,3.3359841161654913,-2.2971666088222698,-3.570264309729019,1.2730977009067495
143,SN2018dfi,UVM2,0.2912882368909777,-0.7934220128248377,0.5309268133640259,-1.3243488261888636
144,SN2018dfi,UVM2,2.084688236885995,-1.0943198297340864,-0.6640731866359744,-0.430246643098112
145,SN2018dfc,UVM2,-6.057154287409503,-0.617564775605441,-0.2321504610124733,-0.3854143145929677
146,SN2018dfc,UVM2,-4.376354287407594,-0.8098377314112248,-0.5631504610124765,-0.24668727039874838
147,SN2018dfc,UVM2,-3.442254287409014,-0.9324394276373482,-0.7151504610124739,-0.2172889666248743
148,SN2018dfc,UVM2,-2.34895428740856,-1.0727185478588943,-0.9911504610124736,-0.0815680868464207
149,SN2021aaev,UVM2,-11.070224622701062,-4.160320331386735,-1.0406804002458578,-3.1196399311408776
150,SN2021aaev,UVM2,-5.991524622695579,-4.999357246694149,-1.4136804002458554,-3.585676846448294
151,SN2021aaev,UVM2,-1.6436246226949152,-5.629642045489014,-1.6056804002458556,-4.023961645243158
152,SN2021aaev,UVM2,2.274475377300405,-5.929846760322999,-1.8756804002458587,-4.05416636007714
153,SN2021aaev,UVM2,5.911075377298403,-6.0059351347260765,-2.0846804002458583,-3.921254734480218
154,SN2021aaev,UVM2,19.320175377302803,-5.544549330584527,-2.746680400245858,-2.797868930338669
155,SN2021aaev,UVM2,24.10777537729882,-5.346094329437712,-3.0636804002458575,-2.282413929191854
156,SN2021aaev,UVM2,29.11527537729853,-5.187292144652389,-3.2176804002458574,-1.9696117444065315
157,SN2021aaev,UVM2,33.52637537730334,-5.102256285648174,-3.600680400245857,-1.5015758854023171
158,SN2019omp,UVM2,-5.880837105825776,-0.8882401899708938,-0.6649600402588867,-0.22328014971200716
159,SN2019omp,UVM2,-3.609137105828267,-1.0663345163580829,-0.6019600402588843,-0.4643744760991986
160,SN2019omp,UVM2,-0.8806371058308287,-1.3633220715583185,-1.1999600402588868,-0.16336203129943172
161,SN2020amv,UVM2,3.3099271095416043,-1.4516300166241223,-0.9834653666608056,-0.46816464996331664
162,SN2019lkw,UVM2,18.8148450572844,-2.7099887989079114,-3.0145752712401297,0.30458647233221825
163,SN2019cmy,UVM2,-9.152233841072302,-1.2550912255629179,-0.3945243708276962,-0.8605668547352217
164,SN2019cmy,UVM2,-7.727433841071616,-0.9847901039856275,-0.0545243708276963,-0.9302657331579312
165,SN2019cmy,UVM2,-6.728933841070102,-0.8699429196684569,0.1464756291723041,-1.016418548840761
166,SN2019cmy,UVM2,-1.252333841068321,-1.0349352793953308,-0.9735243708276968,-0.06141090856763398
167,SN2020lrr,UVM2,11.574887005896016,-2.9199070143339654,-3.2709656782764966,0.35105866394253127
168,SN2020lrr,UVM2,18.283887005898578,-3.669200571895111,-3.287965678276496,-0.38123489361861473
169,SN2021gvm,UVM2,-8.397370882339601,-1.0405547946877327,-1.3835965583569951,0.3430417636692624
170,SN2021gvm,UVM2,-3.883170882334525,-1.0189530770360768,-1.6565965583569948,0.637643481320918
171,SN2021ibn,UVM2,-5.612894728088577,-1.0418738004744412,0.1964180301433629,-1.2382918306178041
172,SN2021ibn,UVM2,-5.0522947280842345,-0.9835326897810326,0.2284180301433629,-1.2119507199243955
173,SN2021ibn,UVM2,3.1035052719162195,-1.55160488633312,-1.4695819698566377,-0.0820229164764823
174,SN2021ibn,UVM2,4.237705271916639,-1.7121211543797088,-1.4185819698566355,-0.29353918452307326
175,SN2021cgu,UVM2,-9.7545494127844,-0.9809205709976041,-1.8910928434143273,0.9101722724167232
176,SN2021cgu,UVM2,3.0549505872113514,-1.781993708001508,-3.130092843414328,1.34809913541282
177,SN2020iak,UVM2,-8.986176973718102,-0.36246320263587606,-0.5532109641826572,0.1907477615467812
178,SN2020iak,UVM2,-8.189376973721664,-0.3796822237712014,-0.6682109641826557,0.28852874041145427
179,SN2020iak,UVM2,-7.234876973721839,-0.4278763517769022,-1.0292109641826563,0.6013346124057541
180,SN2020iak,UVM2,-6.335776973719476,-0.4972395440275861,-1.0562109641826574,0.5589714201550713
181,SN2020iak,UVM2,-4.793976973720419,-0.6539307834818082,-1.1312109641826569,0.47728018070084866
182,SN2020iak,UVM2,-3.1853769737208495,-0.848263488693231,-1.520210964182656,0.671947475489425
183,SN2020iak,UVM2,-2.080876973719569,-0.9927648808155141,-1.5092109641826568,0.5164460833671427
184,SN2020iak,UVM2,-1.4576769737250288,-1.0768893153506838,-1.9952109641826576,0.9183216488319739
185,SN2020iak,UVM2,1.4321230262794415,-1.471384435690073,-2.510210964182658,1.038826528492585
186,SN2020iak,UVM2,2.765923026279779,-1.648397563579934,-2.8522109641826567,1.2038134006027228
187,SN2022yqm,UVM2,53.413767249992816,-6.947554234707994,-4.053996880485371,-2.8935573542226223
188,SN2021jtt,UVM2,-8.774279874378408,-1.1032602770972666,-0.8720436629677337,-0.23121661412953287
189,SN2021jtt,UVM2,-6.459179874378606,-1.3369888918765476,-1.3900436629677344,0.053054771091186836
190,SN2021jtt,UVM2,-0.1548798743751831,-1.900866585947231,-2.8300436629677357,0.9291770770205048
191,SN2022ncc,UVM2,-3.9829269468973503,-0.6618605297113191,-0.4194345423473677,-0.24242598736395143
192,SN2022ncc,UVM2,-3.1921269469021354,-0.6482013697304012,-0.4494345423473689,-0.1987668273830323
193,SN2022ncc,UVM2,-0.3082269469014136,-1.0486033593206372,-0.8664345423473669,-0.18216881697327025
194,SN2022ncc,UVM2,8.552473053103313,-2.0629298623797574,-2.377434542347366,0.3145046799676088
195,SN2019pjs,UVM2,-5.372808054700727,-0.90819122134031,-0.4119269218280692,-0.4962642995122408
196,SN2019pjs,UVM2,-4.302808054701018,-0.9110875626741652,-0.8329269218280686,-0.07816064084609664
197,SN2019pjs,UVM2,-3.2118080547006684,-1.0729019561299502,-0.7399269218280686,-0.3329750343018816
198,SN2019pjs,UVM2,-1.915808054698573,-1.2799533125841869,-1.062926921828069,-0.21702639075611785
199,SN2019pjs,UVM2,-1.245408054703148,-1.3721393367297487,-1.1209269218280689,-0.2512124149016799
200,SN2020cxd,UVM2,0.6284270171090611,-1.3805114498321203,-1.7993159406563493,0.418804490824229
201,SN2020cxd,UVM2,3.147827017106465,-1.658116428673999,-2.4653159406563496,0.8071995119823505
202,SN2020hgw,UVM2,11.366140171194274,-2.275301649752567,-1.426957511497907,-0.8483441382546602
203,SN2020hgw,UVM2,16.818340171193995,-2.7819063280672722,-1.4329575114979072,-1.348948816569365
204,SN2020hgw,UVM2,18.87854017119389,-2.950629003908606,-1.3439575114979083,-1.6066714924106977
205,SN2020hgw,UVM2,23.196740171195415,-3.271658158319479,-1.6229575114979085,-1.6487006468215704
206,SN2020hgw,UVM2,24.42544017119508,-3.355305455593477,-1.7499575114979071,-1.60534794409557
207,SN2020hgw,UVM2,29.96494017119403,-3.696872597027582,-1.623957511497906,-2.072915085529676
208,SN2020hgw,UVM2,41.47554017119546,-4.265530503489256,-1.6979575114979075,-2.567572991991348
209,SN2020hgw,UVM2,45.259740171197336,-4.4233388121839425,-1.6999575114979066,-2.723381300686036
210,SN2020hgw,UVM2,49.34024017119373,-4.580409888953078,-1.5719575114979063,-3.0084523774551712
211,SN2020hgw,UVM2,53.06034017119964,-4.714320364743333,-1.4709575114979074,-3.2433628532454257
212,SN2020hgw,UVM2,57.7011401711934,-4.869044365102148,-1.4499575114979066,-3.4190868536042416
213,SN2020hgw,UVM2,65.54174017119658,-5.105221298143746,-1.588957511497906,-3.5162637866458404
214,SN2020hgw,UVM2,72.5885401712003,-5.294105295145592,-1.612957511497907,-3.6811477836476847
215,SN2020pni,UVM2,-8.718617811900913,-2.2536858118585954,-2.6296227101581273,0.3759368982995319
216,SN2020pni,UVM2,-7.197017811900878,-0.9259061782877431,-0.875622710158126,-0.05028346812961715
217,SN2020pni,UVM2,-5.239102438257428,-0.733945958790013,-0.6865152812104699,-0.04743067757954311
218,SN2020pni,UVM2,-2.620417811900552,-1.041393874792199,-1.2616227101581288,0.22022883536592985
219,SN2020pni,UVM2,0.4419821881019743,-1.39047114197486,-1.862622710158128,0.472151568183268
220,SN2020pni,UVM2,1.3710821881031734,-1.4895240670723737,-2.0366227101581273,0.5470986430857536
221,SN2020pni,UVM2,5.159982188102731,-1.913407183241521,-2.993622710158128,1.0802155269166072
222,SN2020pni,UVM2,7.474682188098086,-2.185031529843897,-3.3456227101581284,1.1605911803142313
223,SN2020pni,UVM2,8.743582188100845,-2.330564832587072,-3.7016227101581265,1.3710578775710545
224,SN2020pni,UVM2,10.730182188104664,-2.5594854576990187,-4.179622710158128,1.6201372524591093
225,SN2020pni,UVM2,14.441982188101974,-2.967919345449136,-4.601622710158129,1.6337033647089925
226,SN2020pni,UVM2,16.736582188103057,-3.2039396342969972,-5.028622710158128,1.824683075861131
227,SN2019tjt,UVM2,-0.6656872228413704,-1.2285596886095966,-0.9090365145804178,-0.31952317402917885
228,SN2019tjt,UVM2,2.2181127771618776,-1.5781661037029764,-0.9600365145804196,-0.6181295891225568
229,SN2020uim,UVM2,-7.295239278035297,-0.24530452706287775,0.0071232304018202,-0.252427757464698
230,SN2020uim,UVM2,-6.433370401402136,-0.26870458132147235,-0.14624574134744356,-0.12245883997402879
231,SN2020uim,UVM2,-5.768339278030908,-0.36210674399005427,-0.236876769598183,-0.12522997439187128
232,SN2020uim,UVM2,-4.712039278034354,-0.5394149646286337,-0.4758767695981802,-0.06353819503045349
233,SN2020uim,UVM2,-3.711739278034656,-0.7056236074577953,-0.6478767695981809,-0.05774683785961443
234,SN2020uim,UVM2,2.262060721965099,-1.4470704995575794,-2.4428767695981826,0.9958062700406032
235,SN2019bmj,UVM2,-3.051441105824779,-0.8995078105197649,-1.2920424080426969,0.39253459752293196
236,SN2019wzx,UVM2,-4.224661106061831,-1.201880980390893,-0.1908141093020106,-1.0110668710888824
237,SN2019wzx,UVM2,-1.8712611060618656,-1.4468242361621577,-0.5098141093020097,-0.9370101268601481
238,SN2019wzx,UVM2,-0.8650611060656956,-1.5262625786939452,-0.7528141093020082,-0.773448469391937
239,SN2019wzx,UVM2,1.4455388939386469,-1.697027215431934,-1.3288141093020087,-0.3682131061299252
240,SN2019wzx,UVM2,6.173838893941138,-2.1005282930656257,-2.337814109302009,0.23728581623638334
241,SN2019wzx,UVM2,9.325438893938554,-2.3955389564445433,-2.522814109302008,0.1272751528574645
242,SN2021yky,UVM2,23.25729649787536,-2.939949469545496,-2.1423582670712378,-0.7975912024742584
243,SN2021yky,UVM2,31.625596497877268,-3.4194621827129055,-2.342358267071237,-1.0771039156416684
244,SN2021yky,UVM2,35.103196497875615,-3.5948412280245776,-2.530358267071236,-1.0644829609533417
245,SN2021yky,UVM2,39.48969649787614,-3.7986145578982686,-2.496358267071237,-1.3022562908270316
246,SN2021yky,UVM2,52.82679649787315,-4.318167340578217,-2.6733582670712366,-1.6448090735069805
247,SN2021yky,UVM2,55.5418964978744,-4.4073235864208335,-2.7083582670712367,-1.6989653193495968
248,SN2021yky,UVM2,57.400996497875894,-4.466307021780235,-2.7693582670712367,-1.6969487547089983
249,SN2021yky,UVM2,62.73999649787584,-4.622494733957353,-2.9603582670712356,-1.6621364668861176
250,SN2021yky,UVM2,67.22729649787652,-4.741286114824753,-2.834358267071238,-1.906927847753515
251,SN2022acko,UVM2,-12.506962912670133,-0.024001122525454832,-0.5076284017706918,0.48362727924523696
252,SN2022acko,UVM2,-11.788101137423018,0.012017864426567826,-0.7600924360724968,0.7721103004990646
253,SN2022acko,UVM2,-10.62628187898912,-0.18567955184649065,-1.1103956200436225,0.9247160681971318
254,SN2022acko,UVM2,-9.498012912670674,-0.38675323129149675,-1.6181284017706936,1.2313751704791969
255,SN2022acko,UVM2,-8.335212912672432,-0.5559323329305563,-2.0861284017706936,1.5301960688401373
256,SN2022acko,UVM2,-7.708012912669801,-0.6352958822421826,-2.3921284017706945,1.756832519528512
257,SN2022acko,UVM2,-6.648912912671221,-0.7595406441776547,-2.7461284017706937,1.986587757593039
258,SN2022acko,UVM2,-5.379612912671291,-0.899672909426652,-3.026128401770695,2.126455492344043
259,SN2022acko,UVM2,-4.66091291266639,-0.9772421663771489,-3.702128401770693,2.724886235393544
260,SN2022acko,UVM2,-3.6014129126706393,-1.0943299472547565,-4.650128401770694,3.555798454515937
261,SN2021tyw,UVM2,-3.451764525198086,-1.0141667542611117,-1.1614029401300383,0.14723618586892662
262,SN2021tyw,UVM2,-0.0675645251976675,-1.2774485973406158,-1.5094029401300375,0.23195434278942173
263,SN2021tyw,UVM2,2.286935474803613,-1.4745639027858424,-1.676402940130039,0.20183903734419673
264,SN2021tyw,UVM2,11.477435474807862,-2.126127851068734,-2.67440294013004,0.5482750890613062
265,SN2021tyw,UVM2,14.330035474806207,-2.281835497331361,-2.85440294013004,0.5725674427986789
266,SN2021tyw,UVM2,21.63043547480629,-2.6075792302010043,-3.4104029401300373,0.802823709929033
267,SN2021rhk,UVM2,-5.476453066870221,-0.8338011727135779,-0.4271213277787635,-0.4066798449348144
268,SN2021rhk,UVM2,-4.389526959595969,-0.7959234933001227,-0.4430967339661684,-0.3528267593339543
269,SN2021rhk,UVM2,-4.060626959595538,-0.8181767418648533,-0.6730967339661689,-0.14508000789868447
270,SN2021rhk,UVM2,-2.708126959594665,-0.9657107841043633,-0.9330967339661668,-0.032614050138196515
271,SN2021rhk,UVM2,-1.9162269595981345,-1.0606432710637534,-0.8830967339661662,-0.17754653709758728
272,SN2021rhk,UVM2,0.0578730404085945,-1.2969203952904742,-1.3360967339661656,0.03917633867569137
273,SN2021rhk,UVM2,6.686473040404962,-2.0857110754599475,-2.999096733966166,0.9133856585062183
274,SN2019gmh,UVM2,-5.225949092928204,-0.8731970837118652,-0.0204478171783897,-0.8527492665334755
275,SN2019gmh,UVM2,-4.024349092927878,-0.9227782695810198,-0.1334478171783892,-0.7893304524026307
276,SN2019gmh,UVM2,-3.027849092926772,-0.9980473799233991,-0.3954478171783897,-0.6025995627450094
277,SN2019gmh,UVM2,-1.1807490929277265,-1.1788562241277916,-1.1994478171783882,0.020591593050596657
278,SN2020nyb,UVM2,-7.074600807376555,-0.7937126494407458,-0.8143142544847812,0.02060160504403541
279,SN2020nyb,UVM2,-5.815700807375833,-0.7936746243835522,-1.2923142544847828,0.4986396301012306
280,SN2020nyb,UVM2,-4.985500807371864,-0.854273054383615,-1.1723142544847818,0.31804120010116677
281,SN2020nyb,UVM2,-4.452000807374134,-0.9010365480025726,-1.171314254484784,0.2702777064822115
282,SN2020nyb,UVM2,-3.5933008073770907,-0.9786689813466438,-1.3833142544847838,0.40464527313814
283,SN2020nyb,UVM2,-1.0409008073766015,-1.226992335272488,-2.1003142544847826,0.8733219192122945
284,SN2020nyb,UVM2,0.8786991926244809,-1.432507695556101,-2.577314254484783,1.144806558928682
285,SN2020nyb,UVM2,1.5768991926233866,-1.5106508491601787,-2.764314254484784,1.2536634053246054
286,SN2021uoy,UVM2,-6.264966510323575,-0.8034068703906954,-1.3228033146078957,0.5193964442172003
287,SN2021apg,UVM2,-0.8067297474772204,-1.8515069604360015,-0.100539465769426,-1.7509674946665754
288,SN2021apg,UVM2,0.1526702525225118,-1.7025135408583907,-0.2565394657694284,-1.4459740750889623
289,SN2021apg,UVM2,1.087470252525236,-1.5362120303882527,-0.4215394657694276,-1.1146725646188251
290,SN2021apg,UVM2,4.6347702525235945,-1.1893767067936203,-1.440539465769426,0.25116275897580564
291,SN2021nyu,UVM2,-6.752185533187003,-0.5259230436500353,-0.5916441557547643,0.06572111210472897
292,SN2021nyu,UVM2,-5.759885533188935,-0.6388923388265404,-0.4656441557547666,-0.1732481830717738
293,SN2021nyu,UVM2,-4.919285533185757,-0.7592311893854102,-0.8016441557547651,0.042412966369354876
294,SN2020abue,UVM2,-9.456788538547698,-0.5402989428016092,-0.358672639614344,-0.1816263031872652
295,SN2020abue,UVM2,-8.337588538546697,-1.0030364975473773,-0.1596726396143424,-0.8433638579330349
296,SN2020abue,UVM2,-7.141288538550725,-0.978818991171515,-0.3416726396143446,-0.6371463515571705
297,SN2020abue,UVM2,-6.352288538546418,-0.9712643985096392,-0.5656726396143448,-0.4055917588952944
298,SN2020abue,UVM2,-3.524388538549829,-1.1347618940476103,-1.0356726396143436,-0.09908925443326666
299,SN2020abue,UVM2,1.6019114614537102,-1.5313657257141884,-2.2806726396143446,0.7493069139001562
300,SN2023hcp,UVM2,-1.4796060101070907,-0.8742437710553332,-0.4326729545075949,-0.44157081654773833
301,SN2023hcp,UVM2,0.6405939898977522,-0.8124487585297047,-0.8236729545075931,0.011224195977888485
302,SN2023hcp,UVM2,4.998993989895098,-1.1414253001086152,-1.8136729545075951,0.6722476543989799
303,SN2023hcp,UVM2,6.6527939898951445,-1.33357471865029,-2.3026729545075924,0.9690982358573024
304,SN2019qch,UVM2,3.1612455878857872,-1.469257091549661,-1.019120443414856,-0.45013664813480503
305,SN2019qch,UVM2,3.504745587881189,-1.4990720604631491,-0.867120443414855,-0.6319516170482942
306,SN2020xhs,UVM2,-6.126198445490445,-0.8924348665542183,-0.2427264107401789,-0.6497084558140395
307,SN2020xhs,UVM2,-4.836198445489572,-0.9021724604697212,-0.45872641074018,-0.4434460497295412
308,SN2018kpo,UVM2,-5.041737234896573,-0.7774753672742243,-1.4995475707054169,0.7220722034311926
309,SN2018kpo,UVM2,-4.020637234898459,-0.8934016315526421,-1.7105475707054154,0.8171459391527733
310,SN2018kpo,UVM2,0.1057627651025541,-1.411396728025121,-3.302547570705414,1.8911508426802932
311,SN2020znl,UVM2,-1.0490675818509771,-1.1556246079754402,-1.364629124475293,0.20900451649985285
312,SN2020ufx,UVM2,-1.8400977222263464,-1.826157104277037,-1.134796241213742,-0.691360863063295
313,SN2020ufx,UVM2,1.4914022777738865,-1.928705103699322,-1.6677962412137433,-0.26090886248557865
314,SN2020ufx,UVM2,7.467802277773444,-2.636288042232831,-3.313796241213744,0.6775081989809131
315,SN2020ufx,UVM2,9.65850227777264,-2.901316709671029,-3.496796241213744,0.5954795315427148
316,SN2020ufx,UVM2,11.343702277772536,-3.0970861372087626,-3.5037962412137453,0.40671010400498275
317,SN2021aek,UVM2,-2.573444106063107,-1.4764343982354262,-1.408946602756334,-0.06748779547909223
318,SN2021aek,UVM2,-1.5066441060625948,-1.4597197102167172,-1.288946602756333,-0.1707731074603842
319,SN2021aek,UVM2,-0.3232441060608835,-1.4970216941797574,-1.7269466027563318,0.22992490857657444
320,SN2021aek,UVM2,0.6378558939395589,-1.5502040062603797,-1.5159466027563333,-0.03425740350404638
321,SN2020fqv,UVW1,-15.408320762900985,-0.8000235837136884,-3.0687097911105994,2.268686207396911
322,SN2020fqv,UVW1,-14.637151371104505,-0.9658051937152514,-3.0512978739770062,2.085492680261755
323,SN2020fqv,UVW1,-13.878320762902147,-1.0520889702821457,-2.9227097911105986,1.870620820828453
324,SN2020fqv,UVW1,-12.64932076290279,-1.1174141999371479,-2.8587097911105985,1.7412955911734507
325,SN2020fqv,UVW1,-11.762204319616465,-1.1408279958572543,-2.8216610369503026,1.6808330410930483
326,SN2020fqv,UVW1,-7.543320762903022,-1.2333662232431557,-3.1937097911105994,1.9603435678674437
327,SN2020fqv,UVW1,-5.584420762905211,-1.314445475350233,-3.4587097911106,2.144264315760367
328,SN2019rwd,UVW1,1.3409254046346175,-1.136216624293347,-1.1590647107942118,0.022848086500864895
329,SN2019rwd,UVW1,2.2636254046374233,-1.3414064644261323,-1.4380647107942115,0.09665824636807918
330,SN2019rwd,UVW1,3.331725404634198,-1.567064079391585,-1.6690647107942134,0.10200063140262827
331,SN2019rwd,UVW1,4.794425404637877,-1.8063321840294897,-1.846064710794213,0.039732526764723275
332,SN2019rwd,UVW1,7.338825404636736,-2.0571330077059216,-2.062064710794214,0.004931703088292494
333,SN2019rwd,UVW1,8.996425404635374,-2.1488104242095787,-2.099064710794213,-0.0497457134153656
334,SN2019rwd,UVW1,12.92652540463314,-2.307258950247114,-1.8690647107942129,-0.43819423945290104
335,SN2019rwd,UVW1,14.248925404637705,-2.364064957186539,-2.1160647107942125,-0.24800024639232632
336,SN2019rwd,UVW1,16.135225404636003,-2.449972674933786,-2.104064710794212,-0.3459079641395739
337,SN2019rwd,UVW1,18.351825404635747,-2.568813138547533,-2.0360647107942142,-0.5327484277533188
338,SN2019rwd,UVW1,20.62002540463436,-2.7029784486612876,-2.375064710794213,-0.3279137378670747
339,SN2019rwd,UVW1,26.490925404636073,-3.102286900756649,-2.700064710794212,-0.40222218996243697
340,SN2020lfn,UVW1,-9.610632758971082,0.11962740025742846,-0.3213714311465698,0.44099883140399826
341,SN2020lfn,UVW1,-8.678421368684212,0.4164506548121487,-0.2933571964513994,0.7098078512635482
342,SN2020lfn,UVW1,-7.009521368687274,0.34665590031671556,-0.3693571964513999,0.7160130967681155
343,SN2020lfn,UVW1,-5.592081190810039,0.20909970592835947,-0.4048216682878806,0.61392137421624
344,SN2020lfn,UVW1,-4.6708213686870295,0.1200118276397788,-0.6303571964513992,0.750369024091178
345,SN2020lfn,UVW1,-1.4741213686866104,-0.20655458187050968,-1.1063571964514018,0.8998026145808922
346,SN2020lfn,UVW1,-1.0105213686838397,-0.2576861136078463,-1.1103571964513996,0.8526710828435533
347,SN2020lfn,UVW1,0.5566786313138437,-0.43649604078300897,-1.4823571964513995,1.0458611556683906
348,SN2020lfn,UVW1,1.144978631316917,-0.5053850505790969,-1.4393571964514005,0.9339721458723036
349,SN2020lfn,UVW1,3.665178631315939,-0.8045950374553215,-1.9133571964514005,1.108762158996079
350,SN2020lfn,UVW1,5.222578631313809,-0.9881608352064255,-1.9783571964514015,0.990196361244976
351,SN2020lfn,UVW1,15.2549786313175,-2.0315514200007243,-2.970357196451399,0.9388057764506748
352,SN2020acbm,UVW1,-10.109485628997513,-0.3984835298976712,-1.6463455847294235,1.2478620548317523
353,SN2020acbm,UVW1,-9.014481241698377,-0.4590691295886735,0.0551386850129347,-0.5142078146016082
354,SN2020acbm,UVW1,-6.849981241692149,-0.4786775414370581,-0.0898613149870648,-0.3888162264499933
355,SN2020acbm,UVW1,-5.762581241695443,-0.5197899994526445,-0.2258613149870676,-0.29392868446557685
356,SN2020acbm,UVW1,-1.606981241697213,-0.7460809343382238,-0.8358613149870671,0.0897803806488433
357,SN2020acbm,UVW1,6.693818758307316,-1.517149677821095,-2.055861314987066,0.5387116371659708
358,SN2020jfo,UVW1,-5.452542917286337,-0.30986162772494374,-0.1017455990053708,-0.20811602871957297
359,SN2020jfo,UVW1,-3.8514429172864766,-0.436822342068945,-0.0717455990053714,-0.36507674306357357
360,SN2020jfo,UVW1,-3.352142917290621,-0.5033349916903269,-0.2497455990053705,-0.2535893926849564
361,SN2020jfo,UVW1,-2.197872499514699,-0.6467727662670679,-0.36172917785106057,-0.28504358841600735
362,SN2020jfo,UVW1,-1.3643429172880133,-0.742790223323901,-0.4437455990053713,-0.2990446243185297
363,SN2020jfo,UVW1,0.1725570827111369,-0.9117029381720858,-0.7917455990053703,-0.11995733916671547
364,SN2020jfo,UVW1,0.8316570827155374,-0.986704862031436,-0.9387455990053706,-0.04795926302606546
365,SN2020jfo,UVW1,3.084857082714734,-1.2324156426372639,-1.50074559900537,0.2683299563681061
366,SN2020jfo,UVW1,4.081057082716143,-1.341153813484432,-1.7147455990053704,0.3735917855209383
367,SN2020jfo,UVW1,12.323957082713603,-2.1698663851845055,-3.7237455990053743,1.5538792138208688
368,SN2020jfo,UVW1,13.97105708271556,-2.3133976192797867,-4.0267455990053715,1.7133479797255848
369,SN2020jfo,UVW1,21.17435708270932,-2.850993643541667,-4.705745599005374,1.8547519554637066
370,SN2020jfo,UVW1,25.522057082715037,-3.1313397954621145,-4.9527455990053735,1.821405803543259
371,SN2020jfo,UVW1,31.502257082713182,-3.485362958450178,-5.297745599005372,1.8123826405551942
372,SN2020jfo,UVW1,36.41135708271031,-3.7560083053444657,-5.022745599005374,1.266737293660908
373,SN2022frq,UVW1,-7.751986969982681,-0.7988631316583863,-0.0384994582383519,-0.7603636734200344
374,SN2021zj,UVW1,-5.2092616111112875,-0.39521097163217433,0.3358296716823226,-0.7310406433144969
375,SN2021zj,UVW1,-3.887361611108645,-0.2255257753543347,0.4758296716823231,-0.7013554470366579
376,SN2022wol,UVW1,-4.397303545330942,-0.716785688924908,-0.2571365523899445,-0.45964913653496353
377,SN2022wol,UVW1,-3.218303545327217,-1.0686268333312299,-0.5911365523899441,-0.47749028094128576
378,SN2022wol,UVW1,-2.613003545331594,-1.1554172537697127,-0.8931365523899437,-0.262280701379769
379,SN2021gmj,UVW1,-6.223794200195698,-0.35522039430200536,-0.08019811821170195,-0.2750222760903034
380,SN2021gmj,UVW1,-5.262104000529958,-0.4304846022459934,-0.14256827532094185,-0.28791632692505154
381,SN2021gmj,UVW1,-4.217851329413808,-0.3819328320081645,-0.18333673059149205,-0.19859610141667247
382,SN2021gmj,UVW1,-3.041994200197223,-0.5109176020983703,-0.3006981182117023,-0.21021948388666806
383,SN2021gmj,UVW1,-2.329676362678921,-0.6276670344427586,-0.38206348283371283,-0.2456035516090458
384,SN2021gmj,UVW1,-1.5105942001973744,-0.7706702151751088,-0.7036981182117028,-0.066972096963406
385,SN2021gmj,UVW1,2.9286057998033357,-1.3750035874579716,-1.3966981182117042,0.02169453075373262
386,SN2018jkb,UVW1,6.915219445814728,-1.4137656263429328,-1.9040622320396956,0.4902966056967628
387,SN2018jkb,UVW1,8.138119445815391,-1.510752815099579,-2.115062232039694,0.6043094169401151
388,SN2018jkb,UVW1,20.66741944581736,-2.5404007629098544,-3.099062232039696,0.5586614691298415
389,SN2021ont,UVW1,-7.470727180926929,-1.7696923858835412,-1.3628986137269825,-0.40679377215655865
390,SN2021ont,UVW1,-6.516699797561159,-1.3445662256483715,-0.6646876603801246,-0.6798785652682469
391,SN2021ont,UVW1,-3.0949997975621955,-0.7722067648570174,0.0333123396198757,-0.8055191044768931
392,SN2021ont,UVW1,-0.3960997975591454,-0.8765058098117073,-0.0666876603801256,-0.8098181494315817
393,SN2018cug,UVW1,-9.15308943898708,-0.5650609494293768,-0.6153686708737744,0.05030772144439766
394,SN2018cug,UVW1,-7.1193894389871275,-0.4774971588154955,-0.5723686708737752,0.0948715120582797
395,SN2022aagp,UVW1,-4.433756578080647,-0.6491816537430264,-0.0531499693488353,-0.5960316843941911
396,SN2022aagp,UVW1,-2.248956578077923,-0.8173388179463661,-0.1521499693488355,-0.6651888485975306
397,SN2022aagp,UVW1,-1.2217565780811128,-0.9172254372076107,-0.5311499693488351,-0.38607546785877567
398,SN2022aagp,UVW1,1.320543421919865,-1.187143754555649,-0.8881499693488362,-0.29899378520681275
399,SN2022aagp,UVW1,3.0918434219202027,-1.3843098883814235,-1.1521499693488355,-0.23215991903258804
400,SN2023gjg,UVW1,-5.186501683201641,-0.6020026777053182,-0.6016048175896529,-0.0003978601156653383
401,SN2023gjg,UVW1,-4.392301683205005,-0.7599430420951023,-0.6996048175896519,-0.060338224505450455
402,SN2023gjg,UVW1,-3.068001683204784,-0.9315102673390534,-0.859604817589652,-0.07190544974940138
403,SN2021ucg,UVW1,-3.561343953879259,-0.6739862039839863,-0.6376813982282776,-0.03630480575570871
404,SN2021ucg,UVW1,-2.5664439538813895,-0.6761054963694733,-0.5946813982282784,-0.08142409814119489
405,SN2020iez,UVW1,-12.125213329352846,-0.7879752632798613,-1.7438975803243046,0.9559223170444433
406,SN2020iez,UVW1,-11.063013329352543,-0.7408985292303925,-1.723897580324305,0.9829990510939126
407,SN2020vg,UVW1,-0.5504071515169926,-1.02143140106676,-1.0725910256225577,0.0511596245557977
408,SN2020vg,UVW1,1.0335928484855683,-1.1990390884798963,-1.435591025622557,0.23655193714266076
409,SN2020vg,UVW1,2.1294928484858247,-1.3605445203162319,-1.7065910256225578,0.34604650530632597
410,SN2020vg,UVW1,3.024592848480097,-1.505731043857427,-1.9815910256225564,0.47585998176512945
411,SN2022mxv,UVW1,-10.272251727277762,0.10794559013318406,-0.9473759834468574,1.0553215735800414
412,SN2022mxv,UVW1,-8.482851727276284,0.13310813912199393,-0.9783759834468562,1.11148412256885
413,SN2022mxv,UVW1,-6.214451727275446,0.06212889069904293,-0.698375983446855,0.760504874145898
414,SN2022mxv,UVW1,-0.7768517272779718,-0.33512414322256845,-1.161375983446856,0.8262518402242875
415,SN2022mxv,UVW1,2.0007482727232855,-0.5739009392075225,-1.3173759834468548,0.7434750442393323
416,SN2022mxv,UVW1,4.85084827272658,-0.8190249263352989,-1.6753759834468551,0.8563510571115562
417,SN2022mxv,UVW1,11.21494827272545,-1.328208697165124,-2.6523759834468557,1.3241672862817317
418,SN2021aaqn,UVW1,-7.2596945093537215,-0.5608536669403605,-0.4284993213719232,-0.13235434556843734
419,SN2021aaqn,UVW1,-4.137894509352918,-0.6978523988731133,-1.503499321371926,0.8056469224988128
420,SN2021aaqn,UVW1,-3.0505945093536866,-0.7225084662103178,-0.9544993213719232,0.23199085516160534
421,SN2021aaqn,UVW1,-0.8555945093539776,-0.9096149338866688,-1.343499321371926,0.43388438748525715
422,SN2021aaqn,UVW1,0.603605490650807,-1.080734437675904,-1.6274993213719249,0.5467648836960208
423,SN2021aaqn,UVW1,4.623505490650132,-1.5615581372965757,-1.911499321371924,0.34994118407534835
424,SN2020qvw,UVW1,-0.9619297350363922,-0.7358151904292214,0.1989870392360018,-0.9348022296652232
425,SN2020qvw,UVW1,0.1636702649630024,-0.8468033460129618,-1.2960763996261448e-05,-0.8467903852489655
426,SN2020qvw,UVW1,4.773270264966413,-1.3851947529360338,-1.1820129607639984,-0.20318179217203536
427,SN2021can,UVW1,-3.2547736464420085,-0.477650136741655,0.1437286048703467,-0.6213787416120017
428,SN2021can,UVW1,-2.3995502390680485,-0.6168513631606665,0.1579322904939744,-0.7747836536546409
429,SN2021can,UVW1,-0.7688502390665235,-0.6923612879812531,0.0659322904939756,-0.7582935784752287
430,SN2021can,UVW1,0.4332497609357233,-0.7310554071341322,0.0309322904939755,-0.7619876976281077
431,SN2021can,UVW1,2.487449760934396,-0.9374903430370871,-0.545067709506025,-0.3924226335310621
432,SN2021can,UVW1,4.54214976093499,-1.2594334609022653,-0.9800677095060272,-0.2793657513962381
433,SN2021can,UVW1,6.4723497609302285,-1.580923253512605,-1.5600677095060256,-0.020855544006579407
434,SN2021can,UVW1,8.063849760932499,-1.8288394294561492,-1.911067709506028,0.08222828004987881
435,SN2021can,UVW1,12.537749760929728,-2.3794773615127554,-2.679067709506026,0.29959034799327044
436,SN2022yjl,UVW1,2.7654297592962394,-0.9657313137456676,-1.084592805177568,0.11886149143190039
437,SN2022yjl,UVW1,5.089929759298684,-1.2296788167604191,-1.3165928051775673,0.08691398841714815
438,SN2019ust,UVW1,-14.141955140978098,-0.6058695020666605,-0.937150109196402,0.3312806071297415
439,SN2019ust,UVW1,-12.769755140972848,-0.3345644351923518,-0.5631501091964033,0.2285856740040515
440,SN2019ust,UVW1,-10.968555140978424,-0.29201039924696914,-0.5771501091964026,0.2851397099494335
441,SN2019ust,UVW1,-10.643855140973756,-0.30209706074533216,-0.5011501091964021,0.19905304845106997
442,SN2019ust,UVW1,-9.537855140973988,-0.3597992149564284,-0.554150109196403,0.19435089423997454
443,SN2019ust,UVW1,-7.681655140971998,-0.5090836307671616,-1.8171501091964049,1.3080664784292433
444,SN2019ust,UVW1,-1.5896551409750828,-1.1808548415218034,-1.6901501091964022,0.5092952676745988
445,SN2019ust,UVW1,0.5763448590223561,-1.4323087908811587,-1.9601501091964015,0.5278413183152428
446,SN2019ust,UVW1,2.9978448590263724,-1.7027089696491942,-2.4281501091964017,0.7254411395472076
447,SN2019ust,UVW1,4.724144859028456,-1.8848687019623327,-2.969150109196402,1.0842814072340694
448,SN2019ust,UVW1,6.649044859026617,-2.0824304401339155,-3.213150109196402,1.1307196690624863
449,SN2022prv,UVW1,-16.398619896594028,-1.5347652204986346,-3.781082775303643,2.2463175548050085
450,SN2022prv,UVW1,-14.996719896596916,-1.0760502952841833,-2.645082775303644,1.5690324800194606
451,SN2022prv,UVW1,-14.508119896592689,-0.9197223409126956,-2.459082775303644,1.5393604343909484
452,SN2019eoh,UVW1,-8.076732408349926,-0.9067298905009302,-1.070533485075547,0.1638035945746168
453,SN2019eoh,UVW1,-7.218132408350357,-0.5344537710241575,-0.6035334850755483,0.0690797140513908
454,SN2019eoh,UVW1,-6.359532408343512,-0.3886470415719394,-0.565533485075548,0.1768864435036086
455,SN2019eoh,UVW1,-5.021432408349938,-0.3454488149253372,-0.5665334850755492,0.22108467015021205
456,SN2019eoh,UVW1,-3.3353324083436746,-0.4280750609199444,-0.7265334850755494,0.298458424155605
457,SN2019eoh,UVW1,0.1913675916512147,-0.7878578175283977,-1.384533485075547,0.5966756675471494
458,SN2019eoh,UVW1,1.9844675916538108,-1.003511170955445,-1.7715334850755475,0.7680223141201026
459,SN2019eoh,UVW1,3.644967591651948,-1.2080958026790931,-1.905533485075548,0.697437682396455
460,SN2019eoh,UVW1,6.366267591656651,-1.5387204319497592,-2.4735334850755493,0.9348130531257901
461,SN2018hxf,UVW1,-5.6185567828288185,3.2800900347155917,0.3334282579061032,2.9466617768094885
462,SN2018hxf,UVW1,-4.096970122402239,3.608886018486084,0.04768316903800422,3.5612028494480796
463,SN2018hxf,UVW1,-2.828256782828248,3.761059543486395,-0.2325717420938957,3.9936312855802907
464,SN2018hxf,UVW1,-1.564156782827922,3.865530767084019,-0.4865717420938971,4.352102509177916
465,SN2018hxf,UVW1,4.144343217165442,3.883424798414481,-1.496571742093895,5.379996540508376
466,SN2018hxf,UVW1,6.5416432171696215,3.6069408621813093,-1.9085717420938977,5.515512604275207
467,SN2018hxf,UVW1,10.316543217166329,2.8648436327419393,-2.426571742093895,5.291415374835834
468,SN2022ffg,UVW1,-15.721111045451837,-0.015659660573694723,-0.681170515889427,0.6655108553157323
469,SN2022ffg,UVW1,-15.123511045458145,-0.007952098727272983,-0.5691705158894251,0.5612184171621522
470,SN2022ffg,UVW1,-13.990611045453988,0.16033600385856417,-0.6001705158894275,0.7605065197479917
471,SN2022ffg,UVW1,-12.836511045454245,0.14009568123969451,-0.8691705158894258,1.0092661971291204
472,SN2022ffg,UVW1,-11.647311045453534,0.0829775304354552,-0.8441705158894273,0.9271480463248825
473,SN2022ffg,UVW1,-11.079811045456154,0.05326756384672393,-1.0501705158894268,1.1034380797361507
474,SN2022ffg,UVW1,-9.355011045452557,-0.04240753028521027,-0.8201705158894264,0.7777629856042161
475,SN2022ffg,UVW1,-8.986211045456002,-0.06592485613693988,-0.8141705158894261,0.7482456597524862
476,SN2022ffg,UVW1,-7.967511045455467,-0.12779187178886708,-0.877170515889425,0.7493786441005579
477,SN2022ffg,UVW1,-3.785511045454769,-0.43264126681117077,-0.8951705158894256,0.4625292490782549
478,SN2022ffg,UVW1,-2.6456626782030725,-0.5226403969188489,-0.7961705158894253,0.27353011897057644
479,SN2022ffg,UVW1,-0.8006110454516602,-0.680332403430171,-0.8231705158894265,0.14283811245925548
480,SN2022ffg,UVW1,0.0919889545475598,-0.7548806447174599,-0.7941705158894266,0.039289871171966695
481,SN2022ffg,UVW1,1.0856889545466402,-0.8420416266635655,-0.8851705158894276,0.04312888922586211
482,SN2022ffg,UVW1,3.44758895454288,-1.0455978007521622,-0.9911705158894256,-0.054427284862736625
483,SN2022ffg,UVW1,4.308888954547001,-1.1218291536139127,-1.0701705158894264,-0.05165863772448631
484,SN2022ffg,UVW1,5.033288954546151,-1.1828806786433788,-1.0451705158894278,-0.13771016275395098
485,SN2022ffg,UVW1,6.100988954545755,-1.2756594576609608,-1.0351705158894262,-0.24048894177153457
486,SN2022ffg,UVW1,12.395488954542088,-1.7926855061841032,-1.8191705158894251,0.02648500970532197
487,SN2022ffg,UVW1,13.855788954548188,-1.9074059450434007,-1.960170515889427,0.05276457084602626
488,SN2022ffg,UVW1,16.04288895454374,-2.075605788291142,-2.500170515889426,0.424564727598284
489,SN2022ffg,UVW1,19.037188954542216,-2.2921702635309984,-2.364170515889427,0.07200025235842844
490,SN2022ffg,UVW1,23.73868895454507,-2.614525367227351,-2.9381705158894285,0.3236451486620773
491,SN2022ffg,UVW1,25.40738895454706,-2.7227635077175307,-3.656170515889429,0.9334070081718981
492,SN2022ffg,UVW1,26.85678895454475,-2.8146655306992088,-3.5071705158894275,0.6925049851902187
493,SN2022ffg,UVW1,28.846388954545542,-2.936384619120215,-3.8791705158894274,0.9427858967692124
494,SN2022ffg,UVW1,31.00388895454671,-3.0643683998428486,-3.926170515889428,0.8618021160465794
495,SN2022ffg,UVW1,35.28888895454293,-3.305941918498906,-3.928170515889427,0.6222285973905208
496,SN2021abze,UVW1,-2.2601158838369884,-1.186259860930516,-2.3002643097290196,1.1140044487985037
497,SN2021abze,UVW1,-0.7214158838323783,-1.3500194797261251,-2.502264309729022,1.1522448300028967
498,SN2021abze,UVW1,3.331284116160532,-1.8381376726480383,-2.961264309729021,1.1231266370809827
499,SN2021abze,UVW1,5.486684116163815,-2.1017186525659,-3.3862643097290217,1.2845456571631217
500,SN2018dfi,UVW1,0.24123978664390466,-0.5283700145800161,0.5327653125483662,-1.0611353271283823
501,SN2018dfi,UVW1,2.069788236891327,-0.8120720090479452,-0.155073186635974,-0.6569988224119712
502,SN2018dfc,UVW1,-6.031454287411179,-0.4461546519626616,-0.1291504610124754,-0.31700419095018617
503,SN2018dfc,UVW1,-4.356454287408269,-0.5880140349079568,-0.2831504610124753,-0.30486357389548147
504,SN2018dfc,UVW1,-3.415354287411901,-0.6831543794119455,-0.4881504610124736,-0.19500391839947184
505,SN2018dfc,UVW1,-2.3588542874058476,-0.7899194314028577,-0.5741504610124757,-0.215768970390382
506,SN2021aaev,UVW1,-11.079924622696126,-3.7663985705877856,-0.7066804002458582,-3.0597181703419274
507,SN2021aaev,UVW1,-5.999824622696906,-4.5193405435413965,-1.1216804002458574,-3.397660143295539
508,SN2021aaev,UVW1,-1.6500246227005846,-5.117707390392319,-1.2046804002458558,-3.913026990146463
509,SN2021aaev,UVW1,2.2609753772994736,-5.401278658334878,-1.4326804002458573,-3.9685982580890204
510,SN2021aaev,UVW1,5.8406753773015225,-5.472696472451801,-1.548680400245857,-3.9240160722059443
511,SN2021aaev,UVW1,19.31037537730299,-5.0110396367154415,-2.2196804002458563,-2.791359236469585
512,SN2021aaev,UVW1,24.09397537730547,-4.818459821422014,-2.675680400245856,-2.142779421176158
513,SN2021aaev,UVW1,29.105475377298717,-4.667875618646864,-3.059680400245856,-1.6081952184010078
514,SN2021aaev,UVW1,33.52097537730151,-4.5916920661281075,-3.0526804002458583,-1.5390116658822492
515,SN2019omp,UVW1,-5.867037105825148,-0.6657852467018053,-0.3699600402588849,-0.2958252064429204
516,SN2019omp,UVW1,-4.572337105826591,-0.6977914539778283,-0.4209600402588869,-0.2768314137189414
517,SN2019omp,UVW1,-3.6127371058319113,-0.7665499905215825,-0.5789600402588846,-0.18758995026269787
518,SN2019omp,UVW1,-0.886237105827604,-0.9891856010352704,-1.0089600402588843,0.019774439223613882
519,SN2020amv,UVW1,3.31092710953817,-1.213225219423208,-1.0364653666608064,-0.1767598527624017
520,SN2019lkw,UVW1,15.2665450572822,-2.06098479810705,-1.9145752712401285,-0.14640952686692166
521,SN2019lkw,UVW1,18.807845057279337,-2.2609501470189706,-2.359575271240129,0.09862512422115843
522,SN2019lkw,UVW1,27.940445057283796,-2.6963996170478595,-2.8485752712401293,0.15217565419226986
523,SN2019cmy,UVW1,-9.129533841070952,-1.0866490115737442,-0.5275243708276989,-0.5591246407460453
524,SN2019cmy,UVW1,-7.7318338410696015,-0.805379009490018,-0.016524370827696,-0.788854638662322
525,SN2019cmy,UVW1,-6.734133841069706,-0.6842718498375824,0.1414756291723016,-0.825747479009884
526,SN2019cmy,UVW1,-1.259733841070556,-0.8025107404534673,-0.6735243708276961,-0.12898636962577115
527,SN2020lrr,UVW1,11.55918700589973,-2.44058326722163,-2.712965678276497,0.27238241105486694
528,SN2020lrr,UVW1,18.26808700589754,-3.148086731593061,-2.9279656782764967,-0.22012105331656429
529,SN2021gvm,UVW1,-8.406370882337797,-0.869073064260597,-1.306596558356997,0.4375234940963999
530,SN2021gvm,UVW1,-7.376670882338658,-0.7355483775814697,-1.112596558356998,0.3770481807755284
531,SN2021gvm,UVW1,-3.888770882338577,-0.8172013693623867,-1.1935965583569974,0.37639518899461066
532,SN2021zgm,UVW1,-7.333286631329868,-2.2491215528566357,-3.705405994277709,1.4562844414210732
533,SN2021zgm,UVW1,-6.8392889422684675,-2.372389553129409,-4.067134631930793,1.6947450788013843
534,SN2021zgm,UVW1,-5.489188942272449,-3.4760941854439196,-3.659134631930792,0.18304044648687245
535,SN2021zgm,UVW1,-4.689788942268933,-3.898399648081913,-3.781134631930792,-0.11726501615112106
536,SN2021vaz,UVW1,2.936164689133875,-1.2967266626774006,-3.6829238351514313,2.3861971724740307
537,SN2021ibn,UVW1,-5.622094728088996,-0.8645988125922734,0.1764180301433633,-1.0410168427356368
538,SN2021ibn,UVW1,-5.035494728086633,-0.8022122924482424,0.0774180301433631,-0.8796303225916056
539,SN2021ibn,UVW1,0.7754052719174069,-1.0915121867503963,-0.6075819698566356,-0.4839302168937607
540,SN2021ibn,UVW1,3.096505271911155,-1.3711315422934405,-1.0475819698566369,-0.3235495724368036
541,SN2021ibn,UVW1,4.2241052719109575,-1.527409586326847,-1.3545819698566357,-0.1728276164702114
542,SN2021cgu,UVW1,-9.763649412787345,-0.8107428704051571,-1.6340928434143294,0.8233499730091722
543,SN2021cgu,UVW1,-1.7942494127855753,-1.1045089016391216,-1.8440928434143269,0.7395839417752053
544,SN2021cgu,UVW1,3.0474505872116424,-1.4571544090633068,-2.4030928434143277,0.9459384343510209
545,SN2020iak,UVW1,-9.022576973722607,-0.22676841472015852,-0.5662109641826589,0.3394425494625004
546,SN2020iak,UVW1,-8.207176973723108,-0.23232055041922806,-0.459210964182656,0.22689041376342794
547,SN2020iak,UVW1,-7.211076973719173,-0.2690290321419191,-0.9112109641826578,0.6421819320407387
548,SN2020iak,UVW1,-6.346176973718684,-0.32158105638426804,-0.8272109641826582,0.5056299077983901
549,SN2020iak,UVW1,-4.777276973720291,-0.45888730024198665,-1.2792109641826563,0.8203236639406697
550,SN2020iak,UVW1,-3.194476973723795,-0.6296716091643013,-1.5702109641826567,0.9405393550183554
551,SN2020iak,UVW1,-2.0987769737184863,-0.7605107370921758,-1.638210964182658,0.8777002270904823
552,SN2020iak,UVW1,-1.4662769737187773,-0.8370497017677501,-1.7402109641826584,0.9031612624149084
553,SN2020iak,UVW1,1.4230230262764962,-1.2023556773734008,-1.9522109641826584,0.7498552868092576
554,SN2020iak,UVW1,2.7543230262817815,-1.3696138998445626,-2.329210964182657,0.9595970643380944
555,SN2020iak,UVW1,4.559123026279849,-1.5880622051289954,-2.225210964182658,0.6371487590536624
556,SN2022yqm,UVW1,26.51286724999227,-5.213431716866307,-3.835996880485371,-1.3774348363809357
557,SN2022yqm,UVW1,38.50876724999398,-6.271878548824564,-3.8169968804853696,-2.454881668339194
558,SN2021jtt,UVW1,-8.783379874374077,-0.9339720619034715,-1.0580436629677337,0.12407160106426218
559,SN2021jtt,UVW1,-6.468379874379025,-1.1619537572577023,-1.371043662967736,0.20908990571003372
560,SN2021jtt,UVW1,-5.539579874377523,-1.176140479025733,-1.2380436629677334,0.06190318394200034
561,SN2021jtt,UVW1,-0.161079874378629,-1.662978849216973,-1.8500436629677353,0.18706481375076223
562,SN2022ncc,UVW1,-3.9948269469023217,-0.4219985780992275,-0.5914345423473684,0.1694359642481409
563,SN2022ncc,UVW1,-3.1964269468953717,-0.3970706879324304,-0.3664345423473669,-0.0306361455850635
564,SN2022ncc,UVW1,-0.3131269469013205,-0.7418542602333034,-0.4864345423473679,-0.2554197178859355
565,SN2022ncc,UVW1,8.541573053102184,-1.615517800510709,-1.867434542347368,0.251916741836659
566,SN2019pjs,UVW1,-5.37760805470316,-0.703993074792173,-0.2979269218280684,-0.4060661529641046
567,SN2019pjs,UVW1,-4.321908054698724,-0.6926464308109637,-0.5849269218280675,-0.10771950898289617
568,SN2019pjs,UVW1,-3.2174080547047197,-0.8471276620738912,-0.5779269218280696,-0.26920074024582163
569,SN2019pjs,UVW1,-1.9231080547033343,-1.0445703264109305,-0.6969269218280694,-0.34764340458286114
570,SN2019pjs,UVW1,-1.259508054703474,-1.1323464844736684,-0.7009269218280672,-0.4314195626456012
571,SN2020cxd,UVW1,0.6193270171061158,-1.1644304992029078,-1.315315940656351,0.1508854414534433
572,SN2020cxd,UVW1,3.1389270171057433,-1.428677745582167,-1.8003159406563505,0.3716381950741834
573,SN2020hgw,UVW1,11.359040171199013,-1.8540175430504,-1.1709575114979067,-0.6830600315524933
574,SN2020hgw,UVW1,16.806740171195997,-2.3392088283150407,-1.394957511497907,-0.9442513168171338
575,SN2020hgw,UVW1,18.86824017119943,-2.504325812075244,-1.2449575114979083,-1.2593683005773357
576,SN2020hgw,UVW1,19.871940171193273,-2.5811398118090985,-1.698957511497909,-0.8821823003111895
577,SN2020hgw,UVW1,23.189640171200153,-2.823967552211858,-1.4479575114979075,-1.3760100407139506
578,SN2020hgw,UVW1,24.42004017119325,-2.908665074179499,-1.8199575114979076,-1.0887075626815914
579,SN2020hgw,UVW1,29.956140171198054,-3.2611372751975622,-1.7529575114979077,-1.5081797636996546
580,SN2020hgw,UVW1,41.467240171194135,-3.8820455579748305,-1.7099575114979082,-2.1720880464769223
581,SN2020hgw,UVW1,45.25214017120015,-4.06404834009653,-1.7369575114979092,-2.327090828598621
582,SN2020hgw,UVW1,49.32914017119765,-4.25003479329288,-1.613957511497908,-2.6360772817949716
583,SN2020hgw,UVW1,53.0564401711963,-4.412703203043044,-1.6609575114979087,-2.7517456915451355
584,SN2020hgw,UVW1,57.69374017119844,-4.606232140131851,-1.7449575114979083,-2.861274628633943
585,SN2020hgw,UVW1,61.61224017119821,-4.763681255362748,-1.4979575114979085,-3.2657237438648394
586,SN2020hgw,UVW1,65.52964017119666,-4.915475366418367,-1.8179575114979087,-3.097517854920458
587,SN2020hgw,UVW1,72.575540171194,-5.175426948879995,-1.4739575114979075,-3.7014694373820873
588,SN2020pni,UVW1,-8.69621781189926,-2.079573994028987,-2.557622710158128,0.4780487161291411
589,SN2020pni,UVW1,-7.199217811896233,-0.7345286329666614,-0.8586227101581265,0.12409407719146515
590,SN2020pni,UVW1,-5.247317811899848,-0.4801847122677714,-0.5686227101581274,0.088437997890356
591,SN2020pni,UVW1,-2.6858178119000513,-0.7124545976781604,-0.875622710158126,0.16316811247996554
592,SN2020pni,UVW1,0.4342821881000418,-1.0035920765644981,-1.431622710158127,0.4280306335936288
593,SN2020pni,UVW1,1.3636821881009382,-1.0920629591522122,-1.6536227101581282,0.561559751005916
594,SN2020pni,UVW1,5.146282188099576,-1.4692432812204537,-2.2766227101581293,0.8073794289376757
595,SN2020pni,UVW1,7.462682188102917,-1.7218300991964561,-2.646622710158127,0.9247926109616706
596,SN2020pni,UVW1,8.729382188103045,-1.8619304916284136,-2.82662271015813,0.9646922185297164
597,SN2020pni,UVW1,10.719982188100404,-2.0793355185744318,-3.450622710158129,1.371287191583697
598,SN2020pni,UVW1,14.43338218810095,-2.4762681037815106,-3.7226227101581273,1.2463546063766167
599,SN2020pni,UVW1,16.72948218810052,-2.7055992340986315,-4.209622710158129,1.5040234760594977
600,SN2020pni,UVW1,22.34318218810222,-3.205034562026153,-4.424622710158129,1.219588148131976
601,SN2019tjt,UVW1,-0.6700872228393564,-0.8834078416535078,-0.5640365145804189,-0.3193713270730889
602,SN2019tjt,UVW1,2.21441277716076,-1.1837131626565167,-0.8580365145804194,-0.3256766480760973
603,SN2020uim,UVW1,-7.310139278029965,-0.13291180747823717,0.1751232304018195,-0.3080350378800567
604,SN2020uim,UVW1,-6.472598370963367,-0.11129088198003245,-0.16713644056305532,0.05584555858302287
605,SN2020uim,UVW1,-5.775239278031222,-0.1803236283709495,-0.2108767695981832,0.030553141227233682
606,SN2020uim,UVW1,-4.7257392780302325,-0.31985941100579396,-0.1918767695981813,-0.12798264140761265
607,SN2020uim,UVW1,-3.725039278033364,-0.4564028094371473,-0.4618767695981809,0.005473960161033631
608,SN2020uim,UVW1,2.250260721964878,-1.0781584258391312,-1.3428767695981811,0.2647183437590499
609,SN2020uim,UVW1,4.11206072197092,-1.2404279577453892,-1.9778767695981827,0.7374488118527935
610,SN2020uim,UVW1,6.438960721970943,-1.4437573248140971,-2.342876769598181,0.899119444784084
611,SN2019bmj,UVW1,-3.05874110582954,-0.6478826335076917,-0.739042408042696,0.09115977453500435
612,SN2019wzx,UVW1,-4.204561106060282,-1.0063219542486337,-0.1778141093020089,-0.8285078449466248
613,SN2019wzx,UVW1,-1.875961106059549,-1.2395413518789802,-0.337814109302009,-0.9017272425769711
614,SN2019wzx,UVW1,-0.8700611060630763,-1.3138306469764451,-0.5148141093020087,-0.7990165376744365
615,SN2019wzx,UVW1,1.4412388939381344,-1.4761163542721185,-0.9558141093020076,-0.5203022449701109
616,SN2019wzx,UVW1,6.166438893938903,-1.8603880117761165,-1.4718141093020094,-0.38857390247410706
617,SN2019wzx,UVW1,9.021638893937052,-2.1217165704656367,-2.3918141093020076,0.2700975388363709
618,SN2021yky,UVW1,23.24899649787403,-2.5407353533675057,-1.7063582670712378,-0.8343770862962678
619,SN2021yky,UVW1,31.616496497874323,-3.049676720893327,-1.9933582670712369,-1.0563184538220902
620,SN2021yky,UVW1,35.09719649787439,-3.244340219739378,-2.095358267071237,-1.1489819526681408
621,SN2021yky,UVW1,39.48089649787289,-3.475310348117265,-2.121358267071237,-1.3539520810460282
622,SN2021yky,UVW1,52.82019649787253,-4.0978825068901195,-2.2373582670712366,-1.8605242398188828
623,SN2021yky,UVW1,55.53339649787813,-4.210484572334604,-2.334358267071238,-1.8761263052633659
624,SN2021yky,UVW1,57.3893964978779,-4.2861767644707385,-2.4413582670712373,-1.8448184973995012
625,SN2021yky,UVW1,62.73309649787552,-4.492288679981918,-2.5173582670712378,-1.9749304129106804
626,SN2021yky,UVW1,67.21999649787176,-4.654894560156727,-2.5773582670712365,-2.0775362930854904
627,SN2022acko,UVW1,-12.5205129126698,0.07973679717510862,-0.20440265040990366,0.2841394475850123
628,SN2022acko,UVW1,-11.793012912668928,0.13759236439616984,-0.3259026504099047,0.4634950148060745
629,SN2022acko,UVW1,-10.637812912667867,-0.030998072851531333,-0.6014026504099039,0.5704045775583726
630,SN2022acko,UVW1,-9.505212912670686,-0.20750101935691845,-0.942902650409902,0.7354016310529835
631,SN2022acko,UVW1,-8.342712912672141,-0.3529680767227674,-1.1909026504099032,0.8379345736871358
632,SN2022acko,UVW1,-7.646412912668893,-0.4245328196628577,-1.456902650409905,1.0323698307470472
633,SN2022acko,UVW1,-6.655612912669312,-0.5198705118275235,-1.6819026504099028,1.1620321385823793
634,SN2022acko,UVW1,-5.389012912666658,-0.6367889155196274,-2.0699026504099045,1.4331137348902772
635,SN2022acko,UVW1,-4.672912912668835,-0.7003478873667781,-2.4559026504099037,1.7555547630431256
636,SN2022acko,UVW1,-3.6106129126710584,-0.7980008947448702,-2.780902650409903,1.9829017556650328
637,SN2022acko,UVW1,-2.4138129126731656,-0.9108261279673151,-3.339902650409904,2.429076522442589
638,SN2022acko,UVW1,-1.6800129126713728,-0.9831271815942344,-3.4119026504099033,2.428775468815669
639,SN2022acko,UVW1,-0.3923129126706044,-1.11054133125565,-3.9189026504099047,2.8083613191542547
640,SN2022acko,UVW1,0.5375870873322128,-1.2049328099548653,-4.011902650409905,2.8069698404550394
641,SN2022acko,UVW1,1.492487087329209,-1.3030057801259929,-4.087902650409905,2.7848968702839123
642,SN2022acko,UVW1,2.195487087330548,-1.3764693193874358,-4.244902650409905,2.8684333310224694
643,SN2022acko,UVW1,3.1865870873298263,-1.4787265965765428,-4.433902650409905,2.9551760538333625
644,SN2022acko,UVW1,9.503287087332865,-2.105137425984033,-4.431902650409903,2.32676522442587
645,SN2022acko,UVW1,13.413687087333528,-2.453366454686279,-4.391902650409904,1.938536195723625
646,SN2021tyw,UVW1,-3.4615645251979004,-0.7345651406163576,-0.6614029401300385,-0.07316220048631905
647,SN2021tyw,UVW1,-0.0723645251928246,-0.9558236047365085,-0.8434029401300371,-0.11242066460647138
648,SN2021tyw,UVW1,2.2793354748064303,-1.1331955050528464,-1.0344029401300396,-0.09879256492280675
649,SN2021tyw,UVW1,11.470035474805629,-1.7296943651698058,-1.6664029401300375,-0.06329142503976826
650,SN2021tyw,UVW1,14.321735474804882,-1.8727894338075401,-1.8484029401300397,-0.024386493677500454
651,SN2021tyw,UVW1,21.616835474807885,-2.184585745603222,-2.0984029401300397,-0.08618280547318236
652,SN2021tyw,UVW1,25.41063547480735,-2.3286249884395147,-2.5684029401300386,0.23977795169052385
653,SN2021rhk,UVW1,-5.425602057931285,-0.6572156593318077,-0.49073667345179534,-0.16647898588001236
654,SN2021rhk,UVW1,-4.36722695959179,-0.5867851601816092,-0.3710967339661692,-0.21568842621544
655,SN2021rhk,UVW1,-4.074926959598088,-0.5959942949834378,-0.5530967339661679,-0.042897561017269936
656,SN2021rhk,UVW1,-2.715126959592453,-0.6940454415414585,-0.5430967339661663,-0.15094870757529222
657,SN2021rhk,UVW1,-1.922526959591778,-0.7628936341287726,-0.7140967339661692,-0.04879690016260341
658,SN2021rhk,UVW1,0.0223730404031812,-0.946694644933288,-1.022096733966169,0.07540208903288104
659,SN2021rhk,UVW1,6.243255687382465,-1.579657933047148,-2.0595802332949016,0.4799223002477535
660,SN2019gmh,UVW1,-5.243849092927121,-0.6243265512112366,-0.0154478171783907,-0.6088787340328459
661,SN2019gmh,UVW1,-4.037149092931941,-0.6451373869282406,-0.2784478171783888,-0.36668956974985184
662,SN2019gmh,UVW1,-3.0214490929283784,-0.6965701433873015,-0.3654478171783886,-0.3311223262089129
663,SN2019gmh,UVW1,-2.118949092931871,-0.7608955922653386,-0.399447817178391,-0.36144777508694764
664,SN2019gmh,UVW1,-1.1892490929312771,-0.8357617777673596,-0.4954478171783911,-0.3403139605889685
665,SN2020nyb,UVW1,-7.083400807372527,-0.6030669500673085,-0.6483142544847844,0.04524730441747593
666,SN2020nyb,UVW1,-5.824500807371805,-0.5769073451863314,-2.2433142544847833,1.666406909298452
667,SN2020nyb,UVW1,-5.000400807373808,-0.6213462021274339,-0.766314254484783,0.1449680523573491
668,SN2020nyb,UVW1,-4.460100807373237,-0.6553324078255507,-0.8553142544847816,0.1999818466592309
669,SN2020nyb,UVW1,-3.600600807374576,-0.7180735633261257,-0.9583142544847832,0.24024069115865754
670,SN2020nyb,UVW1,-1.0494008073728764,-0.9306045928266826,-1.1423142544847842,0.21170966165810157
671,SN2020nyb,UVW1,-0.148600807377079,-1.0100114582551427,-1.4123142544847838,0.40230279622964105
672,SN2020nyb,UVW1,0.8701991926282062,-1.1072346513328988,-1.543314254484784,0.4360796031518852
673,SN2020nyb,UVW1,1.5408991926233284,-1.174207873063029,-1.859314254484783,0.685106381421754
674,SN2021uoy,UVW1,-6.275266510325309,-0.619678377457813,-1.1938033146078944,0.5741249371500814
675,SN2021apg,UVW1,-0.8158297474801657,-1.6434914543427332,-0.063539465769427,-1.5799519885733062
676,SN2021apg,UVW1,0.1436702525243163,-1.4937948294601462,-0.2095394657694278,-1.2842553636907184
677,SN2021apg,UVW1,1.0820702525234085,-1.325704574471395,-0.3345394657694278,-0.9911651087019671
678,SN2021apg,UVW1,4.629870252523688,-0.969645452336156,-0.9415394657694272,-0.028105986566728802
679,SN2021apg,UVW1,11.522970252524829,-1.5773819145362822,-2.393539465769429,0.8161575512331467
680,SN2021nyu,UVW1,-6.761285533189948,-0.33931428973519573,-0.4546441557547638,0.11532986601956807
681,SN2021nyu,UVW1,-5.768985533184605,-0.41123652165590485,-0.5936441557547667,0.18240763409886185
682,SN2021nyu,UVW1,-4.923385533184046,-0.5077631892458925,-0.5556441557547664,0.04788096650887397
683,SN2020abue,UVW1,-9.406788538552064,-0.4153716042688558,-1.877672639614346,1.4623010353454902
684,SN2020abue,UVW1,-8.37308853855211,-0.8156626264158042,-0.1926726396143436,-0.6229899868014606
685,SN2020abue,UVW1,-7.149488538547303,-0.7582674920961203,-0.3086726396143433,-0.449594852481777
686,SN2020abue,UVW1,-6.356888538546627,-0.729746857264395,-0.1996726396143451,-0.5300742176500499
687,SN2020abue,UVW1,-3.5340885385521688,-0.8530892313604532,-0.6706726396143452,-0.18241659174610803
688,SN2020abue,UVW1,1.597211461448751,-1.2056159656009733,-1.1586726396143447,-0.04694332598662854
689,SN2023hcp,UVW1,-1.4917060101070092,-0.667615541381366,-0.1896729545075928,-0.4779425868737732
690,SN2023hcp,UVW1,0.6300939898937941,-0.5969782399424588,-0.4166729545075931,-0.18030528543486568
691,SN2023hcp,UVW1,3.086593989894027,-0.729006653170206,-1.185672954507595,0.45666630133738906
692,SN2023hcp,UVW1,4.992393989894481,-0.9152638896126355,-1.2346729545075943,0.3194090648949588
693,SN2023hcp,UVW1,6.646293989899277,-1.1038943709423954,-1.7086729545075947,0.6047785835651993
694,SN2019qch,UVW1,3.1554455878795125,-1.168423215286147,-0.4511204434148546,-0.7173027718712923
695,SN2019qch,UVW1,3.5005455878854264,-1.1959720728181829,-0.7311204434148557,-0.46485162940332714
696,SN2020xhs,UVW1,-6.104898445490107,-0.6736110488001223,-0.3047264107401801,-0.36888463805994226
697,SN2020xhs,UVW1,-4.84319844548736,-0.6675547739716272,-0.4717264107401817,-0.19582836323144553
698,SN2020xhs,UVW1,-3.4208984454890015,-0.8003427755713162,-0.3437264107401816,-0.45661636483113455
699,SN2018kpo,UVW1,-5.050837234899518,-0.45934228165782187,-1.002547570705417,0.5432052890475951
700,SN2018kpo,UVW1,-4.019537234897143,-0.5437201932799134,-1.4695475707054158,0.9258273774255024
701,SN2018kpo,UVW1,0.1083627651023562,-0.954647243799986,-2.1425475707054176,1.1879003269054316
702,SN2020znl,UVW1,-1.066767581847671,-0.8927642319993332,-1.0936291244752958,0.20086489247596262
703,SN2021enz,UVW1,-12.203627405157022,-0.30581012540827857,-0.3868087305656189,0.08099860515734031
704,SN2021enz,UVW1,-10.931227405155369,-0.0799049207761513,-1.2768087305656195,1.1969038097894682
705,SN2020ufx,UVW1,-2.9015977222225047,-1.6755200832722252,-1.0747962412137433,-0.600723842058482
706,SN2020ufx,UVW1,-1.8379977222211892,-1.5230968073376694,-1.129796241213743,-0.3933005661239264
707,SN2020ufx,UVW1,1.48190227777377,-1.5677703747581262,-1.5277962412137427,-0.039974133544383506
708,SN2020ufx,UVW1,7.454602277779486,-2.2001726166589286,-2.4827962412137445,0.28262362455481593
709,SN2020ufx,UVW1,9.644602277774538,-2.4466942693902,-2.887796241213742,0.44110197182354227
710,SN2020ufx,UVW1,11.335602277773432,-2.6293066864862524,-3.130796241213744,0.5014895547274913
711,SN2021aek,UVW1,-2.5825441060587764,-1.2320405448304896,-1.1289466027563329,-0.10309394207415679
712,SN2021aek,UVW1,-1.520144106063526,-1.2047166670765073,-1.190946602756334,-0.013770064320173248
713,SN2021aek,UVW1,-0.3337441060575656,-1.2328201129227452,-1.3519466027563318,0.11912648983358665
714,SN2021aek,UVW1,0.6292558939385344,-1.2787945564243408,-1.1569466027563315,-0.12184795366800927
715,SN2020fqv,U,-15.373520762899716,-0.72205093408758,-1.4617127486417305,0.7396618145541505
716,SN2020fqv,U,-14.655993503437688,-0.7251069184710346,-1.4116883099613393,0.6865813914903047
717,SN2020fqv,U,-13.877420762903055,-0.6916095178329549,-1.5227127486417302,0.8311032308087754
718,SN2020fqv,U,-12.64862076290592,-0.6224253773085273,-1.4177127486417298,0.7952873713332025
719,SN2020fqv,U,-11.703393523085033,-0.5692338378459674,-1.5941914816734049,1.0249576438274375
720,SN2020fqv,U,-7.542220762901707,-0.4217447438679436,-1.64471274864173,1.2229680047737863
721,SN2020fqv,U,-5.582820762901974,-0.408433615867402,-1.7017127486417287,1.2932791327743267
722,SN2020fqv,U,0.5347792370957904,-0.5574994041848136,-2.5047127486417295,1.947213344456916
723,SN2020fqv,U,2.445979237098072,-0.6512835873552945,-2.3747127486417305,1.723429161286436
724,SN2020fqv,U,9.850079237097816,-1.1273562035957454,-2.9147127486417297,1.7873565450459843
725,SN2019rwd,U,2.264325404634292,-0.58779471108625,-0.5170647107942123,-0.07073000029203769
726,SN2019rwd,U,3.332525404635817,-0.7627925763547339,-0.883064710794212,0.12027213443947815
727,SN2019rwd,U,4.795125404634746,-0.9392914603504714,-0.9340647107942104,-0.005226749556261012
728,SN2019rwd,U,7.340125404633,-1.0786266938397482,-1.129064710794211,0.050438016954462705
729,SN2019rwd,U,8.99742540463194,-1.1003342068839181,-1.004064710794211,-0.09626949608970725
730,SN2019rwd,U,12.927625404634457,-1.0982923129515463,-1.037064710794212,-0.06122760215733436
731,SN2019rwd,U,14.250125404636492,-1.103649956291619,-1.11106471079421,0.007414754502590881
732,SN2019rwd,U,16.469925404635433,-1.1276566626416233,-1.4270647107942125,0.29940804815258915
733,SN2019rwd,U,18.35322540463676,-1.1665989435641855,-0.98306471079421,-0.1835342327699755
734,SN2019rwd,U,20.6213254046379,-1.2320089751145602,-1.51506471079421,0.2830557356796497
735,SN2019rwd,U,26.49242540463456,-1.4775992436708805,-1.8690647107942129,0.3914654671233324
736,SN2019rwd,U,29.356325404638483,-1.6204748549080925,-1.4400647107942106,-0.1804101441138819
737,SN2020lfn,U,-9.609202360822774,0.19304993567701345,-0.29742748327389396,0.4904774189509074
738,SN2020lfn,U,-8.676921368685726,0.5543659226069018,-0.193357196451398,0.7477231190582998
739,SN2020lfn,U,-7.008521368683432,0.6021840128994924,-0.0083571964513993,0.6105412093508917
740,SN2020lfn,U,-5.592856127116935,0.5617008160292407,-0.07427624841128873,0.6359770644405295
741,SN2020lfn,U,-4.668821368686622,0.5321166721724779,-0.1963571964513981,0.7284738686238761
742,SN2020lfn,U,-1.4727213686855976,0.3886384797270068,-0.4733571964513992,0.861995676178406
743,SN2020lfn,U,-1.0091213686828269,0.3612679822612428,-0.3143571964513967,0.6756251787126395
744,SN2020lfn,U,0.5575786313129356,0.25845008360590427,-0.8493571964513968,1.1078072800573011
745,SN2020lfn,U,1.1459786313134828,0.21649320514675097,-0.4263571964513986,0.6428504015981495
746,SN2020lfn,U,3.6666786313144257,0.024379033485658397,-0.9463571964513982,0.9707362299370565
747,SN2020lfn,U,5.22357863131765,-0.09869281203332037,-1.0913571964513975,0.9926643844180771
748,SN2020lfn,U,15.255978631314065,-0.8288151486105519,-1.9233571964513985,1.0945420478408465
749,SN2020acbm,U,-9.013081241697364,-0.4358753641881101,0.1101386850129344,-0.5460140492010446
750,SN2020acbm,U,-6.848881241698109,-0.24468583073343453,0.1091386850129332,-0.35382451574636775
751,SN2020acbm,U,-5.76118124169443,-0.21998783918045461,0.2531386850129351,-0.47312652419338974
752,SN2020acbm,U,-1.6055812416962,-0.22273839930337758,0.0351386850129351,-0.2578770843163127
753,SN2020acbm,U,6.695918758305197,-0.5199958695821465,-0.7158613149870661,0.19586544540491957
754,SN2020acbm,U,8.955518758302787,-0.6374420778645025,-1.0768613149870667,0.43941923712256425
755,SN2020acbm,U,10.745718758305884,-0.7333107978725018,-1.6158613149870646,0.8825505171145629
756,SN2020jfo,U,-5.451142917285324,-0.018369207311891955,-0.0477455990053705,0.029376391693478547
757,SN2020jfo,U,-3.850842917287082,-0.062016582092006445,0.1042544009946286,-0.16627098308663504
758,SN2020jfo,U,-3.350742917289608,-0.09211866841119232,0.0862544009946297,-0.17837306940582204
759,SN2020jfo,U,-2.1968525870345363,-0.14869543498786264,0.07078306678062705,-0.2194785017684897
760,SN2020jfo,U,-1.3626429172873031,-0.18161986801450603,0.0752544009946287,-0.25687426900913474
761,SN2020jfo,U,0.1732570827152812,-0.23871489940140478,-0.0377455990053707,-0.20096930039603408
762,SN2020jfo,U,0.8328570827143267,-0.2657597771275615,-0.0717455990053697,-0.1940141781221918
763,SN2020jfo,U,3.0858570827113,-0.3668943323571021,-0.2767455990053697,-0.0901487333517324
764,SN2020jfo,U,4.081757082713011,-0.4165379433739975,-0.3367455990053702,-0.07979234436862731
765,SN2020jfo,U,12.325157082712394,-0.8349920607007384,-1.8027455990053711,0.9677535383046327
766,SN2020jfo,U,13.97225708271435,-0.909387412758413,-2.166745599005372,1.2573581862469592
767,SN2020jfo,U,21.17565708271286,-1.1909036956705172,-2.87774559900537,1.686841903334853
768,SN2020jfo,U,25.523257082713823,-1.3440157987584573,-3.26374559900537,1.9197298002469125
769,SN2020jfo,U,31.5033570827145,-1.5510712788965257,-3.662745599005371,2.1116743201088455
770,SN2020jfo,U,36.41215708271193,-1.7228026600158302,-4.1907455990053695,2.4679429389895393
771,SN2022frq,U,-7.750486969984195,-0.616838412518181,0.0785005417616488,-0.6953389542798297
772,SN2022frq,U,16.56981303001521,-0.735882316204723,-1.4774994582383485,0.7416171420336255
773,SN2021zj,U,-5.207861611110275,-0.09598509618395568,0.1848296716823263,-0.280814767866282
774,SN2021zj,U,-3.8865616111070262,0.13938081787686585,0.3388296716823262,-0.19944885380546035
775,SN2022wol,U,-4.395903545329929,-0.12933114541356616,-0.495136552389944,0.3658054069763778
776,SN2022wol,U,-3.2168035453287303,-0.3186820106144417,-0.3971365523899415,0.07845454177549982
777,SN2022wol,U,-2.6120035453277524,-0.3409709630373392,-0.3761365523899442,0.035165589352605
778,SN2021gmj,U,-6.220401901274818,-0.15863850215226982,-0.09187362913179623,-0.0667648730204736
779,SN2021gmj,U,-5.258385110918631,-0.23125617199882598,-0.023342066908607503,-0.20791410509021846
780,SN2021gmj,U,-4.214990043291356,-0.11209700586105065,-0.018298280344650586,-0.09379872551640006
781,SN2021gmj,U,-3.041094200198131,-0.11058867961920704,-0.0826981182117023,-0.027890561407504746
782,SN2021gmj,U,-2.3340794003008347,-0.1470445123216404,-0.13993018466022897,-0.007114327661411429
783,SN2021gmj,U,-1.5096942001982825,-0.1989770850829533,-0.246698118211702,0.0477210331287487
784,SN2021gmj,U,2.929705799804651,-0.42291784293912116,-0.5716981182117014,0.1487802752725802
785,SN2018jkb,U,6.916719445813214,-0.5294835913764402,-1.0690622320396947,0.5395786406632546
786,SN2018jkb,U,8.13891944581701,-0.572939088040954,-1.3770622320396946,0.8041231439987406
787,SN2018jkb,U,20.52251944581803,-1.1382485439582943,-1.7630622320396938,0.6248136880813995
788,SN2021ont,U,-7.474071599719471,-1.733429140988136,-1.3195434454882227,-0.4138856954999133
789,SN2021ont,U,-6.515199797562673,-1.1857144071061612,-0.6236876603801242,-0.5620267467260369
790,SN2021ont,U,-3.09389979756088,-0.32676051903410297,-0.1016876603801257,-0.22507285865397728
791,SN2021ont,U,-0.3946997975581325,-0.2656238011290739,0.1223123396198744,-0.38793614074894833
792,SN2021ont,U,15.737800202441576,-1.0904008664077516,-1.5946876603801243,0.5042867939723727
793,SN2021ont,U,19.314500202439376,-1.2706597907672403,-1.6376876603801236,0.36702786961288325
794,SN2018cug,U,-9.150089438982832,-0.5629093874879842,-0.5253686708737746,-0.03754071661420966
795,SN2018cug,U,-7.159389438980725,-0.289694284045769,-0.4003686708737746,0.11067438682800557
796,SN2022aagp,U,-4.432056578079937,-0.21213056800419317,0.2588500306511641,-0.47098059865535724
797,SN2022aagp,U,-2.2477565780791338,-0.25796232129412644,0.3068500306511641,-0.5648123519452906
798,SN2022aagp,U,-1.2202565780753505,-0.3019517400827336,0.2148500306511636,-0.5168017707338972
799,SN2022aagp,U,1.322343421925325,-0.44486995300978904,0.1278500306511638,-0.5727199836609529
800,SN2022aagp,U,3.0924434219195973,-0.5614983591379321,-0.0181499693488351,-0.543348389789097
801,SN2023gjg,U,-5.185101683200628,-0.2340790929562111,-0.6236048175896514,0.38952572463344026
802,SN2023gjg,U,-4.390901683203992,-0.35360362602091655,-0.4206048175896519,0.06700119156873535
803,SN2023gjg,U,-3.0665016831990215,-0.44391440685609496,-0.2016048175896507,-0.24230958926644425
804,SN2021ucg,U,-3.560443953880167,-0.220356764747752,-0.2606813982282752,0.040324633480523175
805,SN2021ucg,U,-2.565343953880074,-0.14067387191208525,0.0033186017717241,-0.14399247368380935
806,SN2020iez,U,-12.123813329351831,-1.0341118201773867,-1.2878975803243016,0.2537857601469149
807,SN2020iez,U,-11.06161332935153,-0.8654017695307274,-1.2278975803243029,0.3624958107935754
808,SN2020vg,U,-0.5490071515159798,-0.26940561886765835,-0.3965910256225555,0.12718540675489715
809,SN2020vg,U,1.0350928484840551,-0.3264010138441833,-0.5785910256225542,0.25219001177837086
810,SN2020vg,U,2.1308928484795615,-0.41194811134861453,-0.6385910256225564,0.2266429142739419
811,SN2020vg,U,3.0252928484842414,-0.49654248852689875,-0.7055910256225566,0.20904853709565785
812,SN2022mxv,U,-10.27085172727675,0.11901162930162101,-0.6553759834468558,0.7743876127484768
813,SN2022mxv,U,-8.481451727275271,0.27447312056894013,-0.546375983446854,0.8208491040157941
814,SN2022mxv,U,-6.213551727276354,0.35852808259181046,-0.3533759834468561,0.7119040660386666
815,SN2022mxv,U,-0.7757517272766563,0.29221769800113506,-0.3393759834468568,0.6315936814479919
816,SN2022mxv,U,2.0016482727223774,0.19437551600891823,-0.6543759834468545,0.8487514994557728
817,SN2022mxv,U,4.781948272728187,0.0811851223438591,-0.7553759834468536,0.8365611057907127
818,SN2022mxv,U,11.21624827272899,-0.18774167326023417,-1.2463759834468533,1.0586343101866191
819,SN2021aaqn,U,-7.258294509352709,-0.2835775656834194,-0.1644993213719239,-0.1190782443114955
820,SN2021aaqn,U,-4.136994509353826,-0.23915354455015247,-1.2744993213719231,1.0353457768217706
821,SN2021aaqn,U,-3.049094509347924,-0.19827317914027276,-0.4724993213719237,0.2742261422316509
822,SN2021aaqn,U,-0.8542945093504386,-0.26687159015095574,-0.4814993213719241,0.21462773122096834
823,SN2021aaqn,U,0.604505490649899,-0.3658896456725458,-0.8104993213719212,0.4446096756993754
824,SN2021aaqn,U,4.624205490647,-0.672140225493564,-0.9104993213719226,0.23835909587835857
825,SN2020qvw,U,-0.9605297350353794,-0.23357942593952785,0.3169870392360039,-0.5505664651755318
826,SN2020qvw,U,0.1650702649640152,-0.25951327403995705,0.1969870392360029,-0.45650031327595997
827,SN2020qvw,U,4.7747702649649,-0.5029723637382624,-0.4660129607639973,-0.03695940297426509
828,SN2021can,U,-3.25661754860149,-0.17444164501886306,-0.006483799010553317,-0.16795784600830974
829,SN2021can,U,-2.398050239069562,-0.24832551529981828,0.1379322904939748,-0.3862578057937931
830,SN2021can,U,-0.7679502390674315,-0.16087159385874017,0.1059322904939747,-0.26680388435271485
831,SN2021can,U,0.4345497609319864,-0.09221415993523863,0.1819322904939753,-0.27414645042921393
832,SN2021can,U,2.488049760933791,-0.1477573472365563,-0.0920677095060256,-0.05568963773053072
833,SN2021can,U,4.543049760934082,-0.35142501802324944,-0.4740677095060235,0.12264269148277407
834,SN2021can,U,6.474449760935386,-0.5796301741872689,-0.5670677095060235,-0.012562464681245444
835,SN2021can,U,12.538349760929124,-1.1244935550250688,-1.393067709506024,0.26857415448095523
836,SN2022yjl,U,2.766129759293108,-0.20776361968220058,-0.8015928051775632,0.5938291854953626
837,SN2022yjl,U,5.091329759299697,-0.36440898925433984,-0.7845928051775637,0.42018381592322385
838,SN2019ust,U,-14.140555140977083,-0.7262436792106719,-0.5551501091964006,-0.17109357001427128
839,SN2019ust,U,-12.76895514097123,-0.34224402134675813,-0.155150109196402,-0.18709391215035615
840,SN2019ust,U,-10.967755140976806,-0.16919772807381506,-0.0371501091963999,-0.13204761887741517
841,SN2019ust,U,-10.643155140976887,-0.15808272530873424,0.0048498908035981,-0.16293261611233234
842,SN2019ust,U,-9.537355140972068,-0.14565067162147827,-0.1901501091964021,0.044499437574923834
843,SN2019ust,U,-7.680955140975129,-0.18670149836194483,-1.0791501091964015,0.8924486108344567
844,SN2019ust,U,-1.5879551409743726,-0.5536606276695935,-0.4701501091963997,-0.08351051847319374
845,SN2019ust,U,0.5770448590265005,-0.7079058824448516,-0.9381501091963996,0.230244226751548
846,SN2019ust,U,2.998944859027688,-0.8794070166392736,-0.8991501091964018,0.01974309255712825
847,SN2019ust,U,4.726144859021588,-0.996852307640399,-0.9321501091963996,-0.06470219844399938
848,SN2019ust,U,6.651044859027024,-1.1252373412131504,-1.2631501091964026,0.13791276798325214
849,SN2022prv,U,-16.39711989659554,-1.8472864004415825,-3.07808277530364,1.2307963748620576
850,SN2022prv,U,-14.99601989659277,-1.3765157973383353,-2.438082775303643,1.0615669779653079
851,SN2022prv,U,-14.5069198965939,-1.2049430977960895,-2.0750827753036436,0.870139677507554
852,SN2019eoh,U,-8.075332408348913,-0.7593487213652281,-1.2545334850755443,0.49518476371031617
853,SN2019eoh,U,-7.216732408349344,-0.3311494922133136,-0.636533485075546,0.3053839928622324
854,SN2019eoh,U,-6.358032408345025,-0.13613789729743786,-0.5335334850755444,0.3973955877781066
855,SN2019eoh,U,-5.0202324083438725,-0.022012556341231004,-0.4595334850755463,0.4375209287343153
856,SN2019eoh,U,-3.334632408346806,-0.017521412043485896,-0.732533485075546,0.7150120730320602
857,SN2019eoh,U,0.1920675916553591,-0.20305424370990366,-1.2195334850755444,1.0164792413656407
858,SN2019eoh,U,1.985767591650074,-0.3371303434517081,-0.9965334850755454,0.6594031416238373
859,SN2019eoh,U,3.64596759165579,-0.4696273181967001,-1.0835334850755451,0.613906166878845
860,SN2019eoh,U,6.36696759165352,-0.6904053743588712,-1.3665334850755464,0.6761281107166752
861,SN2018hxf,U,-5.61615678283124,3.3877823966663456,0.3904282579061053,2.9973541387602403
862,SN2018hxf,U,-4.073455060191246,3.5256553877597074,0.12188121911328896,3.4037741686464185
863,SN2018hxf,U,-2.827156782834209,3.5747369640732476,0.0884282579061057,3.486308706167142
864,SN2018hxf,U,-1.562856782831659,3.627376918188551,-0.0755717420938957,3.7029486602824466
865,SN2018hxf,U,4.14634321716585,3.7531543003230627,-0.5775717420938946,4.330726042416957
866,SN2018hxf,U,6.542943217165885,3.596995516203462,-0.7725717420938949,4.369567258297357
867,SN2018hxf,U,10.317743217165116,3.0676007958275378,-1.5615717420938928,4.629172537921431
868,SN2022ffg,U,-15.7194110454584,-0.475671544687966,-0.130170515889425,-0.34550102879854105
869,SN2022ffg,U,-15.121811045457434,-0.40580377955978975,-0.1041705158894252,-0.3016332636703645
870,SN2022ffg,U,-13.989611045457425,-0.17716553749398756,-0.1031705158894258,-0.07399502160456176
871,SN2022ffg,U,-12.835811045457376,-0.12120509771843757,-0.375170515889426,0.25396541817098844
872,SN2022ffg,U,-11.64621104545222,-0.09165429102478306,-0.2381705158894256,0.14651622486464252
873,SN2022ffg,U,-11.07791104545322,-0.07954733874349884,-0.3361705158894246,0.25662317714592575
874,SN2022ffg,U,-9.353311045451846,-0.045254439947131075,-0.2131705158894252,0.16791607594229413
875,SN2022ffg,U,-8.985011045457213,-0.038903682269028295,-0.2471705158894259,0.2082668336203976
876,SN2022ffg,U,-7.9655110454550595,-0.02672292689576139,-0.2371705158894244,0.210447588993663
877,SN2022ffg,U,-3.7838110454540583,-0.0360570963643525,-0.3191705158894251,0.2831134195250726
878,SN2022ffg,U,-2.6489061148547703,-0.054565737782921175,-0.21102418409828205,0.15645844631536088
879,SN2022ffg,U,-0.798911045458226,-0.09626202654738591,-0.1831705158894259,0.08690848934203999
880,SN2022ffg,U,0.0934889545460464,-0.12058555678198246,-0.2041705158894249,0.08358495910744243
881,SN2022ffg,U,1.0873889545473503,-0.15070114210841723,-0.2291705158894252,0.07846937378100796
882,SN2022ffg,U,3.448888954546419,-0.23134173972476546,-0.2751705158894246,0.04382877616465913
883,SN2022ffg,U,4.31008895454579,-0.2634259927057059,-0.2611705158894253,-0.002255476816280577
884,SN2022ffg,U,5.0353889545440325,-0.29101176562486586,-0.3281705158894255,0.037158750264559615
885,SN2022ffg,U,6.103088954543637,-0.33346285299066736,-0.4961705158894247,0.16270766289875732
886,SN2022ffg,U,12.396588954543404,-0.5980956081793245,-1.0101705158894276,0.41207490771010313
887,SN2022ffg,U,13.857488954541624,-0.6613838381342063,-1.1191705158894258,0.45778667775521953
888,SN2022ffg,U,16.043488954543136,-0.7562210927216206,-1.3831705158894252,0.6269494231678046
889,SN2022ffg,U,19.03838895454828,-0.8849749661746742,-1.2711705158894269,0.3861955497147527
890,SN2022ffg,U,23.739388954541937,-1.0833083196362665,-1.7811705158894249,0.6978621962531584
891,SN2022ffg,U,25.408788954548072,-1.1523192665058204,-2.1451705158894256,0.9928512493836052
892,SN2022ffg,U,26.85828895454324,-1.211010135625589,-2.1411705158894243,0.9301603802638354
893,SN2022ffg,U,28.847988954541503,-1.2912447678780161,-2.4161705158894264,1.1249257480114103
894,SN2022ffg,U,31.00458895454358,-1.3768253027010857,-2.4421705158894262,1.0653452131883405
895,SN2022ffg,U,33.360188954546175,-1.4684883481800561,-2.7141705158894247,1.2456821677093686
896,SN2022ffg,U,35.29058895454364,-1.5418508240046798,-2.723170515889425,1.1813196918847453
897,SN2022ffg,U,37.604388954547176,-1.6286767653153866,-3.138170515889424,1.5094937505740376
898,SN2021abze,U,-2.2586158838385018,-0.6097371199433717,-1.3242643097290203,0.7145271897856487
899,SN2021abze,U,-0.7203158838383388,-0.6755627349388149,-1.282264309729019,0.606701574790204
900,SN2021abze,U,3.3319841161646764,-0.9344788403988993,-1.6932643097290203,0.758785469330121
901,SN2021abze,U,5.487384116160683,-1.090806487078403,-1.8712643097290176,0.7804578226506145
902,SN2018dfi,U,0.24430068213317913,0.11171527202032294,0.6349775734774015,-0.5232623014570785
903,SN2018dfi,U,2.07118823689234,-0.05379918376532089,0.1729268133640289,-0.2267259971293498
904,SN2018dfc,U,-6.030054287410167,-0.28118315767958535,0.0258495389875257,-0.307032696667111
905,SN2018dfc,U,-4.355054287407256,-0.23876718184138568,0.1338495389875262,-0.37261672082891184
906,SN2018dfc,U,-3.413754287408665,-0.238713547132555,-0.0401504610124732,-0.19856308612008178
907,SN2018dfc,U,-2.3575542874095845,-0.2502525897897385,-0.1561504610124728,-0.09410212877726573
908,SN2021aaev,U,-11.07842462269764,-2.409828185125491,-0.612680400245857,-1.797147784879634
909,SN2021aaev,U,-5.998624622698117,-2.6429391103283457,-0.5916804002458562,-2.0512587100824895
910,SN2021aaev,U,-1.6487246226970456,-3.00691115570924,-0.6956804002458554,-2.3112307554633844
911,SN2021aaev,U,2.262975377299881,-3.1606233620183772,-1.0156804002458557,-2.1449429617725215
912,SN2021aaev,U,5.841875377300312,-3.1499082173913813,-0.8226804002458543,-2.327227817145527
913,SN2021aaev,U,19.311475377304305,-2.530939837377435,-1.5006804002458551,-1.0302594371315799
914,SN2021aaev,U,24.09607537730335,-2.3135854126171047,-1.8196804002458544,-0.4939050123712503
915,SN2021aaev,U,29.10687537729973,-2.1511794813734326,-1.7306804002458556,-0.42049908112757706
916,SN2021aaev,U,33.52177537730313,-2.0728639843459824,-2.0836804002458535,0.010816415899871146
917,SN2021aaev,U,56.559775377303595,-2.4934130715787823,-2.747680400245855,0.2542673286670727
918,SN2021aaev,U,60.9995753773037,-2.6898721370112106,-3.5446804002458556,0.854808263234645
919,SN2021aaev,U,65.83077537730424,-2.927042494207601,-2.907680400245855,-0.01936209396174604
920,SN2021aaev,U,71.3433753772988,-3.2210196058002794,-3.1766804002458535,-0.04433920555442583
921,SN2019omp,U,-5.865637105831411,-0.4210763808558369,-0.1639600402588854,-0.2571163405969515
922,SN2019omp,U,-4.570937105825578,-0.32877912150484434,-0.100960040258883,-0.22781908124596134
923,SN2019omp,U,-3.6122371058299905,-0.3076402732693282,-0.4529600402588833,0.14531976698955512
924,SN2019omp,U,-0.8854371058259858,-0.30513065771918235,-0.6849600402588827,0.37982938253970033
925,SN2019lkw,U,15.260345057278755,-0.8053195508454642,-0.577575271240125,-0.22774427960533927
926,SN2019lkw,U,18.80884505728318,-0.8981252561379662,-0.8605752712401262,-0.037549984897840005
927,SN2019lkw,U,27.94144505728036,-1.1000324593877373,-1.354575271240126,0.2545428118523887
928,SN2019lkw,U,31.59494505728071,-1.1742364611292828,-1.2825752712401268,0.10833881011084401
929,SN2019cmy,U,-9.12813384106994,-0.9340242042318891,-0.6395243708276972,-0.29449983340419195
930,SN2019cmy,U,-7.731233841070207,-0.5665107095255237,-0.1995243708276959,-0.3669863386978278
931,SN2019cmy,U,-6.733433841072838,-0.3861408010765359,0.0614756291723033,-0.44761643024883924
932,SN2019cmy,U,-1.2586338410692406,-0.23116495430722495,-0.0965243708276943,-0.13464058347953065
933,SN2020lrr,U,11.561687005894782,-1.0304282857809497,-1.752965678276496,0.7225373924955463
934,SN2020lrr,U,18.27058700589987,-1.4269056111067044,-1.943965678276495,0.5170600671697905
935,SN2021gvm,U,-8.404970882336784,-0.6800127325925089,-1.047596558356993,0.3675838257644841
936,SN2021gvm,U,-7.375770882339566,-0.4623845081626605,-0.9965965583569948,0.5342120501943343
937,SN2021gvm,U,-3.8879708823369583,-0.3222951602022768,-0.7435965583569946,0.4213013981547178
938,SN2021zgm,U,-7.317116115976955,-2.181247424196421,-3.0230202424792334,0.8417728182828124
939,SN2021zgm,U,-6.838488942274125,-2.2508089252483146,-3.2131346319307905,0.962325706682476
940,SN2021zgm,U,-5.488288942273357,-3.262006089097845,-3.1181346319307917,-0.1438714571670534
941,SN2021zgm,U,-4.688688942274894,-3.6059670997627578,-3.017134631930793,-0.5888324678319647
942,SN2021vaz,U,2.9376646891323617,-0.4064485462296936,-2.0479238351514297,1.641475288921736
943,SN2021ibn,U,-5.620694728087983,-0.4922499536381082,-0.0835819698566346,-0.4086679837814736
944,SN2021ibn,U,-5.033994728088146,-0.40364196395644214,-0.1325819698566341,-0.2710599940998081
945,SN2021ibn,U,0.7769052719158935,-0.3596088455447024,-0.2055819698566345,-0.15402687568806792
946,SN2021ibn,U,3.0972052719153,-0.515013379542701,-0.3925819698566357,-0.1224314096860653
947,SN2021ibn,U,4.226105271911365,-0.6175895739527633,-0.597581969856634,-0.020007604096129228
948,SN2021cgu,U,-9.762249412786332,-0.6413695167974964,-1.3910928434143273,0.7497233266168308
949,SN2021cgu,U,-1.7931494127842598,-0.45635846019934334,-1.0750928434143248,0.6187343832149814
950,SN2021cgu,U,3.048550587212958,-0.550418153402763,-1.326092843414326,0.775674690011563
951,SN2020iak,U,-9.002176973721362,-0.17675151688465718,-0.6802109641826561,0.503459447297999
952,SN2020iak,U,-8.205676973724621,-0.13004159496958323,-0.5422109641826545,0.41216936921307123
953,SN2020iak,U,-7.209976973717858,-0.09592840421301574,-0.8532109641826544,0.7572825599696387
954,SN2020iak,U,-6.3443769737205,-0.08875123099066329,-0.6962109641826544,0.6074597331919911
955,SN2020iak,U,-4.775876973719278,-0.11656326378369641,-0.7862109641826542,0.6696477003989578
956,SN2020iak,U,-3.193076973722782,-0.18626147851040287,-0.908210964182654,0.7219494856722511
957,SN2020iak,U,-2.0959769737237366,-0.2506508917492951,-0.8492109641826566,0.5985600724333615
958,SN2020iak,U,-1.4651769737247378,-0.292796535064511,-0.959210964182656,0.666414429118145
959,SN2020iak,U,2.755923026277742,-0.6123359622830833,-1.3422109641826552,0.7298750018995719
960,SN2020iak,U,4.56122302627773,-0.7543966952044805,-1.5532109641826572,0.7988142689781768
961,SN2022yqm,U,43.88116724999418,-4.051181554596873,-3.5979968804853684,-0.45318467411150465
962,SN2021jtt,U,-8.781979874373064,-0.8137745376192669,-1.0340436629677328,0.22026912534846588
963,SN2021jtt,U,-6.467079874375486,-0.9817183231488507,-0.9020436629677312,-0.07967466018111946
964,SN2021jtt,U,-5.538479874376208,-0.9454715759959775,-0.915043662967733,-0.030427913028244546
965,SN2021jtt,U,-0.160179874379537,-1.0804147205301824,-1.2500436629677338,0.16962894243755144
966,SN2022ncc,U,-3.993426946901309,-0.06477501062843061,-0.1654345423473664,0.1006595317189358
967,SN2022ncc,U,-3.1956269469010294,-0.010075293443794209,-0.3244345423473653,0.3143592489035711
968,SN2022ncc,U,-0.3123269468997023,-0.19017233812720846,-0.5424345423473653,0.35226220422015686
969,SN2022ncc,U,8.543173053098144,-0.6087737044882502,-0.9344345423473648,0.3256608378591146
970,SN2020abdr,U,8.772189999996044,-0.37817716060198237,-2.158613031387329,1.7804358707853467
971,SN2019pjs,U,-5.408908054698259,-0.33145088247270493,0.0350730781719335,-0.36652396064463844
972,SN2019pjs,U,-4.319008054699225,-0.21054866097360758,-0.035926921828068,-0.17462173914553958
973,SN2019pjs,U,-3.2167080547005753,-0.27336639898800286,-0.0429269218280694,-0.23043947715993346
974,SN2019pjs,U,-1.921808054699795,-0.3769507159177685,-0.1239269218280689,-0.2530237940896996
975,SN2019pjs,U,-1.2574080546983168,-0.4187186690668945,-0.1769269218280698,-0.24179174723882468
976,SN2020cxd,U,0.6207270171071286,-0.44992025398350677,-0.8943159406563481,0.44439568667284135
977,SN2020cxd,U,3.1402270171092823,-0.5829191376517073,-1.0603159406563485,0.47739680300464116
978,SN2020hgw,U,11.360140171200328,-0.7690207899494652,-0.6979575114979077,-0.07106327845155747
979,SN2020hgw,U,16.808440171196708,-1.0569091342489543,-0.7339575114979056,-0.3229516227510487
980,SN2020hgw,U,18.86974017119792,-1.1559294469089672,-0.9619575114979072,-0.19397193541105995
981,SN2020hgw,U,19.872640171197418,-1.2021397184457037,-1.064957511497905,-0.1371822069477986
982,SN2020hgw,U,23.19064017119672,-1.348937767089751,-0.806957511497906,-0.5419802555918452
983,SN2020hgw,U,24.420840171194868,-1.4005043938689568,-1.115957511497907,-0.28454688237104975
984,SN2020hgw,U,29.95754017119907,-1.6181323986272247,-1.1309575114979076,-0.4871748871293171
985,SN2020hgw,U,41.4684401712002,-2.0216386851024666,-1.279957511497905,-0.7416811736045616
986,SN2020hgw,U,45.25354017119389,-2.147175685752895,-1.2979575114979056,-0.8492181742549896
987,SN2020hgw,U,49.33084017119836,-2.2796841394265,-1.4099575114979075,-0.8697266279285927
988,SN2020hgw,U,57.69494017119723,-2.546418929350093,-1.2579575114979065,-1.2884614178521865
989,SN2020hgw,U,65.53144017119484,-2.792669369004649,-1.3379575114979048,-1.4547118575067444
990,SN2020hgw,U,72.57764017119916,-3.010515159074835,-1.301957511497907,-1.708557647576928
991,SN2020pni,U,-8.694717811900773,-2.0306642074808465,-2.4496227101581276,0.4189585026772811
992,SN2020pni,U,-7.197717811897746,-0.5794821593836161,-0.8056227101581257,0.22614055077450956
993,SN2020pni,U,-5.250901220549924,-0.15931467733677707,-0.4825203860780766,0.32320570874129956
994,SN2020pni,U,-2.6844178118990385,-0.1850613290408596,-0.5156227101581266,0.33056138111726696
995,SN2020pni,U,0.4356821881010546,-0.2677756025093778,-0.897622710158128,0.6298471076487502
996,SN2020pni,U,1.3649821881044772,-0.30073996666212466,-0.912622710158125,0.6118827434960004
997,SN2020pni,U,5.148382188104733,-0.4866390751163685,-1.2226227101581273,0.7359836350417588
998,SN2020pni,U,7.464482188101101,-0.6368423279028192,-1.495622710158127,0.8587803822553077
999,SN2020pni,U,8.731482188100927,-0.7254037801650455,-1.508622710158125,0.7832189299930796
1000,SN2020pni,U,10.720982188104244,-0.868538177795056,-2.059622710158127,1.191084532363071
1001,SN2020pni,U,14.434482188102264,-1.1348047269748491,-2.2916227101581264,1.1568179831832772
1002,SN2020pni,U,16.73068218809931,-1.2909125109558914,-2.540622710158125,1.2497101992022337
1003,SN2020pni,U,20.71818218810222,-1.5381605600203692,-2.966622710158127,1.428462150137758
1004,SN2020pni,U,22.344182188098785,-1.6279823675497376,-3.282622710158126,1.6546403426083884
1005,SN2019tjt,U,-0.669387222835212,-0.26619797653278,-3.651458041531441e-05,-0.2661614619523647
1006,SN2019tjt,U,2.215212777162378,-0.41257330112278723,-0.2720365145804173,-0.14053678654236995
1007,SN2019tjt,U,13.165812777158862,-1.1704662620374755,-1.2700365145804149,0.09957025254293939
1008,SN2019tjt,U,19.273412777161862,-1.5187315830626176,-1.3160365145804178,-0.20269506848219976
1009,SN2020uim,U,-7.308639278031478,-0.1456244206529611,0.2071232304018195,-0.3527476510547806
1010,SN2020uim,U,-6.449680884862015,-0.033665100787303004,0.09170692921804402,-0.12537203000534702
1011,SN2020uim,U,-5.774239278034656,-0.024368672595020513,0.0461232304018217,-0.07049190299684222
1012,SN2020uim,U,-4.723739278029825,-0.0569283065693682,-0.028876769598181,-0.028051536971187202
1013,SN2020uim,U,-3.7230392780329566,-0.10481449894312433,-0.1738767695981806,0.06906227065505627
1014,SN2020uim,U,2.252060721970338,-0.3261010586941886,-0.3738767695981799,0.0477757109039913
1015,SN2020uim,U,4.113560721969407,-0.38255948575848464,-0.3628767695981807,-0.019682716160303926
1016,SN2020uim,U,6.440760721969127,-0.46064496108097686,-0.7948767695981793,0.33423180851720247
1017,SN2019bmj,U,-3.057941105827922,-0.1604046147854845,-0.3670424080426961,0.2066377932572116
1018,SN2019wzx,U,-4.203061106061796,-0.5509921750778943,-0.0328141093020057,-0.5181780657758887
1019,SN2019wzx,U,-1.8751611060652067,-0.6524281410439272,0.1321858906979933,-0.7846140317419206
1020,SN2019wzx,U,-0.8691611060639843,-0.6716750573529993,-0.0078141093020072,-0.663860948050992
1021,SN2019wzx,U,1.4419388939350029,-0.7138744229708784,-0.1408141093020063,-0.5730603136688721
1022,SN2019wzx,U,6.167838893939916,-0.8915423771276849,-0.5358141093020059,-0.355728267825679
1023,SN2019wzx,U,9.022538893936144,-1.04964287311849,-0.7938141093020086,-0.25582876381648134
1024,SN2021yky,U,23.25019649787282,-1.4298566675314142,-1.2743582670712357,-0.1554984004601785
1025,SN2021yky,U,31.618196497875033,-1.8359050102263943,-1.264358267071234,-0.5715467431551602
1026,SN2021yky,U,35.098196497878234,-1.994256798661148,-1.4573582670712355,-0.5368985315899124
1027,SN2021yky,U,39.482296497873904,-2.1876449249953325,-1.6573582670712348,-0.5302866579240977
1028,SN2021yky,U,52.82119649787637,-2.729825267841491,-1.9123582670712336,-0.8174670007702576
1029,SN2021yky,U,55.534896497876616,-2.8314201806673154,-1.6743582670712345,-1.157061913596081
1030,SN2021yky,U,57.39119649787608,-2.900341107726959,-1.8923582670712344,-1.0079828406557245
1031,SN2021yky,U,62.73459649787401,-3.0907502962431757,-1.8333582670712367,-1.257392029171939
1032,SN2021yky,U,67.22119649787783,-3.243960388382966,-1.7393582670712355,-1.5046021213117307
1033,SN2021tyw,U,-3.460064525192138,-0.23708584023904322,-0.0684029401300385,-0.16868290010900472
1034,SN2021tyw,U,-0.0715645251912064,-0.2756430652645925,-0.3054029401300369,0.029759874865444402
1035,SN2021tyw,U,2.280335474802996,-0.33898847536556787,-0.269402940130039,-0.06958553523552885
1036,SN2021tyw,U,11.471135474806944,-0.5699689299442241,-0.5424029401300352,-0.027565989814188896
1037,SN2021tyw,U,14.322835474806196,-0.6195443261453235,-0.7294029401300364,0.10985861398471286
1038,SN2021tyw,U,21.618835474808293,-0.7214078311263705,-0.8984029401300369,0.17699510900366633
1039,SN2021tyw,U,25.411435474801692,-0.770442157235518,-0.9954029401300382,0.22496078289452015
1040,SN2021rhk,U,-5.412549308963869,-0.5064787459806013,-0.40842835470413746,-0.09805039127646381
1041,SN2021rhk,U,-4.366226959595224,-0.33003665280162764,-0.1820967339661656,-0.14793991883546204
1042,SN2021rhk,U,-4.0728269595929305,-0.30819435813301155,-0.2290967339661662,-0.07909762416684535
1043,SN2021rhk,U,-2.7136269595939666,-0.2701848401680387,-0.157096733966167,-0.11308810620187168
1044,SN2021rhk,U,-1.921526959595212,-0.2703446039243751,-0.2380967339661666,-0.0322478699582085
1045,SN2021rhk,U,0.0539730404052534,-0.2992636248182734,-0.3350967339661643,0.035833109147890896
1046,SN2021rhk,U,6.255933513709219,-0.5412795690131311,-0.8661585372127912,0.3248789681996601
1047,SN2019gmh,U,-5.240649092927924,-0.3151180089147907,-0.0334478171783878,-0.2816701917364029
1048,SN2019gmh,U,-4.035649092933454,-0.2410296974947137,0.0145521828216139,-0.2555818803163276
1049,SN2019gmh,U,-3.0200490929273656,-0.21823784840900728,0.0145521828216139,-0.2327900312306212
1050,SN2019gmh,U,-2.1178490929305553,-0.21848467411727768,0.0175521828216105,-0.23603685693888818
1051,SN2019gmh,U,-1.1880490929324878,-0.2317108132711745,-0.073447817178387,-0.1582629960927875
1052,SN2020nyb,U,-7.08200080737879,-0.33527198917798984,-0.2513142544847824,-0.08395773469320744
1053,SN2020nyb,U,-5.823100807378069,-0.2319269006182232,-0.4423142544847813,0.2103873538665581
1054,SN2020nyb,U,-4.999000807372795,-0.22601007657196703,-0.4503142544847804,0.22430417791281337
1055,SN2020nyb,U,-4.458900807374448,-0.22964369802224027,-0.1823142544847797,-0.047329443537460575
1056,SN2020nyb,U,-3.5991008073760895,-0.24380283040740736,-0.3963142544847819,0.15251142407737456
1057,SN2020nyb,U,-1.0477008073721663,-0.32008005303473297,-0.372314254484781,0.052234201450048034
1058,SN2020nyb,U,-0.1471008073785924,-0.35874599209303426,-0.4453142544847814,0.08656826239174714
1059,SN2020nyb,U,0.8712991926222458,-0.40824217630768445,-0.4793142544847804,0.07107207817709593
1060,SN2020nyb,U,1.5701991926252958,-0.4454197691301438,-0.0143142544847805,-0.4311055146453633
1061,SN2020nyb,U,2.443299192622362,-0.4959815790449582,-0.340314254484781,-0.15566732456017723
1062,SN2020nyb,U,4.087699192627042,-0.5957120269682399,-0.7313142544847793,0.1356022275165394
1063,SN2021uoy,U,-6.2738665103242965,-0.31152697573446275,-0.6218033146078952,0.3102763388734324
1064,SN2021uoy,U,2.8981334896816406,-0.4055093743590312,-1.2448033146078927,0.8392939402488615
1065,SN2021apg,U,-0.8144297474791529,-1.0204171345642195,-0.1825394657694268,-0.8378776687947926
1066,SN2021apg,U,0.1451702525228029,-0.8200929290179921,-0.259539465769425,-0.5605534632485671
1067,SN2021apg,U,1.0829702525225002,-0.6105095532589857,-0.1425394657694241,-0.4679700874895616
1068,SN2021apg,U,4.630670252525306,-0.12835777840282958,-0.1765394657694265,0.04818168736659692
1069,SN2021apg,U,11.524170252523618,-0.5153587307690977,-0.8695394657694244,0.35418073500032676
1070,SN2021nyu,U,-6.759885533188935,-0.19420728586561253,-0.3746441557547619,0.18043686988914936
1071,SN2021nyu,U,-5.767585533183592,-0.1654728728807413,-0.3366441557547617,0.1711712828740204
1072,SN2021nyu,U,-4.922785533184651,-0.18637487004783182,-0.5086441557547623,0.3222692857069305
1073,SN2020abue,U,-9.405388538551051,-0.29138488273559915,-1.6606726396143436,1.3692877568787445
1074,SN2020abue,U,-8.371588538546348,-0.6067003615182216,0.019327360385656,-0.6260277219038776
1075,SN2020abue,U,-7.1481885385510395,-0.4389654325665049,0.0253273603856563,-0.4642927929521612
1076,SN2020abue,U,-6.356188538549759,-0.35264681834078715,-0.025672639614342,-0.32697417872644513
1077,SN2020abue,U,-3.532588538546406,-0.32131284516855985,-0.0126726396143439,-0.30864020555421595
1078,SN2020abue,U,1.5978114614481456,-0.4574676634152759,-0.0946726396143411,-0.3627950238009348
1079,SN2023hcp,U,-1.4902060101012466,-0.06294781282548101,0.0813270454924079,-0.14427485831788892
1080,SN2023hcp,U,0.6316939898970304,0.10552303027134258,-0.2136729545075937,0.3191959847789363
1081,SN2023hcp,U,3.088293989894737,0.07183665807941608,-0.4076729545075928,0.47950961258700886
1082,SN2023hcp,U,4.99369398989802,-0.04526230684862398,-0.6666729545075931,0.6214106476589691
1083,SN2023hcp,U,6.647193989898369,-0.1759275863476759,-0.5936729545075927,0.4177453681599168
1084,SN2019qch,U,3.1563455878858804,-0.35573820140957224,-0.0041204434148518,-0.35161775799472045
1085,SN2019qch,U,3.501245587882295,-0.36863967140055465,-0.1821204434148526,-0.18651922798570206
1086,SN2021qvw,U,-2.5639412865348277,-0.24465826218795783,-1.0591853457665863,0.8145270835786285
1087,SN2020xhs,U,-6.103498445489095,-0.35592983627565644,-0.0267264107401778,-0.32920342553547866
1088,SN2020xhs,U,-4.842398445493018,-0.2248444550661013,-0.1127264107401799,-0.11211804432592139
1089,SN2020xhs,U,7.94020155450562,-0.6404373673241892,-0.6827264107401803,0.042289043415991046
1090,SN2018kpo,U,-5.049237234896282,-0.05595478920781005,-0.1875475707054157,0.13159278149760564
1091,SN2018kpo,U,-4.018837234900275,-0.07403641914595127,-0.2335475707054151,0.15951115155946383
1092,SN2018kpo,U,0.1098627651008428,-0.2527288263343692,-0.6865475707054145,0.4338187443710453
1093,SN2018kpo,U,5.937262765102787,-0.568597681672145,-1.5255475707054131,0.9569498890332682
1094,SN2020znl,U,-1.0638675818481715,-0.266955924819797,-0.4706291244752911,0.20367319965549407
1095,SN2021enz,U,-12.202227405156007,-0.5221423323233516,-0.3888087305656178,-0.1333336017577338
1096,SN2021enz,U,-10.929827405154356,-0.14904637556047362,-0.4568087305656156,0.307762355005142
1097,SN2020aasd,U,-6.078574771097919,-0.3312309263887876,0.077674370242633,-0.4089052966314206
1098,SN2020aasd,U,-4.932174771100108,-0.2637711630933417,0.2066743702426308,-0.4704455333359725
1099,SN2020aasd,U,-3.2827747710980475,-0.19932756110110006,0.3026743702426309,-0.502001931343731
1100,SN2020aasd,U,-2.227574771102809,-0.18070852469669418,0.1176743702426321,-0.2983828949393263
1101,SN2020ufx,U,-2.919997722223343,-1.2476261305732983,-0.7887962412137419,-0.4588298893595564
1102,SN2020ufx,U,-1.8559977222248565,-1.018873894997931,-0.7787962412137404,-0.24007765378419066
1103,SN2020ufx,U,1.4835022777770064,-0.8524556442046709,-0.8877962412137421,0.03534059700907122
1104,SN2020ufx,U,7.4566022777726175,-1.16438170615681,-1.116796241213741,-0.04758546494306892
1105,SN2020ufx,U,9.64670227777242,-1.3068422518985372,-1.3097962412137427,0.0029539893152055186
1106,SN2020ufx,U,11.336802277779498,-1.414866650689678,-1.5907962412137415,0.17592959052406343
1107,SN2021aek,U,-2.5810441060602898,-0.6782858786539556,-0.5249466027563301,-0.15333927589762553
1108,SN2021aek,U,-1.5186441060577636,-0.5993422498364538,-0.3689466027563313,-0.2303956470801225
1109,SN2021aek,U,-0.3323441060638288,-0.5748820526632556,-0.4919466027563324,-0.08293544990692325
1110,SN2021aek,U,0.6306558939395472,-0.5798627163447918,-0.4099466027563316,-0.1699161135884602
