,SNID,Filter,n_points,GOPREAUX_bias,GOPREAUX_mad,GOPREAUX_iqr,GOPREAUX_chi2,median_residuals
0,10008983,i,7,-0.6248634416108413,0.1083074728139608,0.1562866458438712,12.999625554995676,-0.6248634416108413
1,10008983,r,7,-0.4103840207162305,0.10393400893663707,0.1330701752576831,5.1699361035196265,-0.4103840207162305
2,10027947,i,7,-1.7715498070836926,0.11541314535108471,0.19502572662623363,36.30508553968089,-1.7715498070836926
3,10027947,r,4,-1.4340154031992705,0.06519149463814478,0.14251016642121006,12.270600163082882,-1.4340154031992705
4,10120213,g,4,0.29188723019926,0.49999119562052463,0.9590459950988566,1.974554145426266,0.29188723019926
5,10120213,i,11,-0.36086660474134363,0.19714621087368994,0.6949313789761871,9.030172980704995,-0.36086660474134363
6,10120213,r,10,0.07089618520865398,0.14090787438403551,0.2628382007968255,2.39950662457922,0.07089618520865398
7,10125860,g,3,-0.6483196120554924,0.0213925834602694,0.1632769790713316,1.241550691779823,-0.6483196120554924
8,10125860,i,8,-1.9188557740251992,0.08940850782750243,0.27409264389595234,75.679057785396,-1.9188557740251992
9,10125860,r,7,-1.7016977746885653,0.05764884050783747,0.08401671971387503,53.588896145349715,-1.7016977746885653
10,10160802,i,8,-0.2506884811305342,0.15039244153063688,0.32508602392753105,2.3487466989646175,-0.2506884811305342
11,10160802,r,6,0.016092276628657087,0.04767630181799591,0.09246874466345706,0.3926135895466898,0.016092276628657087
12,10195588,i,6,-0.20224587001005095,0.15611787812330247,0.26239509986895526,4.628132697784181,-0.20224587001005095
13,10195588,r,11,-0.06717711207374284,0.0483503057948103,0.1843290719124182,1.9171014429835493,-0.06717711207374284
14,10195588,u,4,0.7009868275411573,0.04570182634446551,0.3395560483877993,4.688127089029811,0.7009868275411573
15,10204481,i,7,-0.9216994082057752,0.18243802229835415,0.3820783775662936,25.06770279690833,-0.9216994082057752
16,10204481,r,4,-0.9426750021058112,0.02149448767651707,0.03966804738886942,19.437946016197053,-0.9426750021058112
17,10262687,g,3,-0.46162627778862847,0.020925380083157363,0.08077092378468764,0.9164767367097681,-0.46162627778862847
18,10262687,i,5,-1.4221781985821964,0.19552393342677687,0.49981139371890804,47.70455294883511,-1.4221781985821964
19,10262687,r,8,-1.0936956296583402,0.15601136686224748,0.35176686849556704,24.048354645792063,-1.0936956296583402
20,1030044,g,2,0.9479284589541968,0.22500046760393233,0.22500046760393244,5.247494991832041,0.9479284589541968
21,1030044,i,6,0.3440174085326116,0.2016811599275493,0.3384581843030562,4.992636797805171,0.3440174085326116
22,1030044,r,5,0.2722292748798729,0.42092188643303863,0.5473226937399406,8.066982075247376,0.2722292748798729
23,10313437,g,2,0.6826720136512028,0.007807780422594002,0.007807780422594002,2.095244016416504,0.6826720136512028
24,10313437,i,8,0.0025761490701436407,0.12955585577488535,0.22777814955303,1.718235977455006,0.0025761490701436407
25,10313437,r,11,-0.03573272980052311,0.1694500818547774,0.2758715929951169,1.1315541879377242,-0.03573272980052311
26,10313437,u,3,0.6614615636297405,0.0390087434513976,0.046860781058618683,1.0482077353909331,0.6614615636297405
27,1032070,g,5,0.5909871075965083,0.16305936462943427,0.1975819034554911,1.6784136062522337,0.5909871075965083
28,1032070,i,8,0.10110800037600068,0.15735270132630902,0.3156649007795156,1.1422470301118193,0.10110800037600068
29,1032070,r,11,0.024048237332845557,0.08742637064825638,0.19611009355705114,1.1380385033186409,0.024048237332845557
30,10461454,i,12,-1.119515838118792,0.06505435364840262,0.19790997230612573,38.29021394024492,-1.119515838118792
31,10461454,r,7,-0.9599893445017721,0.21969260892557563,0.2713598309100791,12.610003199482291,-0.9599893445017721
32,10499455,g,3,0.2130209933226639,0.030703891946764816,0.03771584554610019,0.4380969856960733,0.2130209933226639
33,10499455,i,7,-0.2722846103857546,0.23526459039608183,0.33379658114474386,3.3454068035743285,-0.2722846103857546
34,10499455,r,5,-0.10549231559235672,0.04817658840520278,0.17445241641907605,0.7536507974987625,-0.10549231559235672
35,10511805,i,11,-0.21897890598952685,0.1439881040287166,0.2491928784071712,2.1121259372804313,-0.21897890598952685
36,10511805,r,12,0.03164903254283846,0.09860230327189806,0.16001305022913564,0.8794488103022688,0.03164903254283846
37,10515070,g,2,0.2304327679239193,0.03287180819693236,0.03287180819693236,0.19138442586623378,0.2304327679239193
38,10515070,i,8,-0.7672344715445585,0.10377312741479161,0.23178053718903713,19.629664975375327,-0.7672344715445585
39,10515070,r,7,-0.6309286022847289,0.11795083932850947,0.29371995409236945,6.781528535292111,-0.6309286022847289
40,10581065,i,7,-0.6836584323166174,0.34814747478181707,0.5305996911120191,24.577863319942782,-0.6836584323166174
41,10581065,r,5,-0.4376613186413034,0.2867362593236249,0.55853411959271,7.048179662901918,-0.4376613186413034
42,10668689,g,5,0.6336140319379193,0.04194661729560889,0.1285974144077533,2.586143282965172,0.6336140319379193
43,10668689,i,14,-0.21321799625447463,0.1770925183094944,0.28377312803026533,3.2177884418278104,-0.21321799625447463
44,10668689,r,11,0.11650548180864972,0.13403331482282543,0.24034051635486622,1.7720317145609876,0.11650548180864972
45,10705372,i,13,-1.6297605229213201,0.11038282628889462,0.2557675077457422,49.584812589281356,-1.6297605229213201
46,10705372,r,10,-1.1349134946216892,0.055892448029821074,0.11511494633475627,12.674955680305597,-1.1349134946216892
47,10743648,g,6,0.6627627600367412,0.053838275387477375,0.12976339190501474,3.8786645506437782,0.6627627600367412
48,10743648,i,15,-0.42611604894069266,0.1809328393219527,0.34896822154419266,10.228073493711552,-0.42611604894069266
49,10743648,r,13,-0.06712893595194003,0.20789381987971756,0.4513894528708182,3.587254404028635,-0.06712893595194003
50,10743648,u,2,1.5473469397908484,0.23864187520116964,0.23864187520116964,5.220333122112348,1.5473469397908484
51,10769370,g,3,0.46631015178256585,0.06866689283730221,0.34557672938608563,0.579993461274314,0.46631015178256585
52,10769370,i,9,-0.5478317547170966,0.10146274733154359,0.16246946586070254,11.752543981396583,-0.5478317547170966
53,10769370,r,9,-0.5259437488280767,0.014360942320607917,0.11858630587827951,13.780063795251346,-0.5259437488280767
54,10769370,u,3,1.2851726442874933,0.14663445382744889,0.16354255993074562,5.796819869169554,1.2851726442874933
55,10802333,g,2,-0.03374129907295115,0.020961856811199497,0.020961856811199497,0.01900557595617935,-0.03374129907295115
56,10802333,i,5,-0.5405139902082187,0.34886396741370007,0.5068925415409361,5.684402022018789,-0.5405139902082187
57,10802333,r,5,-0.23620565888470754,0.03491713139631411,0.057326013933162334,2.6019313137688225,-0.23620565888470754
58,10803798,g,2,-0.045265491871436,0.01236683363722399,0.01236683363722399,0.0607592767439432,-0.045265491871436
59,10803798,i,4,-0.2524332892220683,0.0673015880472854,0.21582592161029757,5.618163619897624,-0.2524332892220683
60,10803798,r,6,-0.3061240184419399,0.022149466148265656,0.041437219629544,2.3490828031065387,-0.3061240184419399
61,10808525,i,12,-1.2579867108590808,0.1262892909125266,0.21009437659779606,48.63219851474256,-1.2579867108590808
62,10808525,r,4,-1.2401697466063224,0.04911703932071021,0.08131614128880749,31.83581818674488,-1.2401697466063224
63,10907438,i,3,-0.04481240819028151,0.14087119218365243,0.34944927197770115,2.9355686195667094,-0.04481240819028151
64,10907438,r,8,0.0036675148350297504,0.17519478248516568,0.33954670446424196,1.050868526534179,0.0036675148350297504
65,10963976,g,5,0.5748378463555124,0.053673440547590046,0.07546648797828415,2.4738934395653134,0.5748378463555124
66,10963976,i,11,-0.36289345343351265,0.12147924445653058,0.20446381682620818,6.728904614095833,-0.36289345343351265
67,10963976,r,11,0.10187758531278979,0.22472000541935072,0.66369574265456,3.0912367226819226,0.10187758531278979
68,10980390,g,2,-0.3284823917240236,0.08570023497441345,0.08570023497441343,0.8126719347263878,-0.3284823917240236
69,10980390,i,11,-1.461075627707491,0.042187163808547146,0.2811492882478228,82.12845597965853,-1.461075627707491
70,10980390,r,9,-1.1184765595629456,0.15360220024854776,0.33478529523898337,28.456916683134427,-1.1184765595629456
71,10990791,i,13,-1.273623360754111,0.09387507557153141,0.35269479427641515,56.964840029582476,-1.273623360754111
72,10990791,r,7,-1.0769592741120526,0.03611809283944356,0.28731612171748155,35.91031004387965,-1.0769592741120526
73,11022346,g,4,0.4634252296515167,0.37261742225694955,0.759563527361532,2.181545441310856,0.4634252296515167
74,11022346,i,4,-0.009755230891913894,0.17972832242078815,0.39546623851206475,1.462244210144663,-0.009755230891913894
75,11022346,r,9,0.10886594067952454,0.20528354836961654,0.46536616328215225,1.6897986081953138,0.10886594067952454
76,11065184,i,13,-1.0416537217950048,0.06698926476789735,0.11873556744178526,31.37401894011645,-1.0416537217950048
77,11065184,r,5,-0.7565279974267698,0.06768353177973752,0.09471184547681932,11.953547059801526,-0.7565279974267698
78,11069155,g,3,0.5056914664470746,0.13012113398359948,0.5329389263854014,0.8968832980452407,0.5056914664470746
79,11069155,i,5,-1.017324667981169,0.22488852253992175,0.4059851256164211,49.37852117116068,-1.017324667981169
80,11069155,r,8,-0.5912758104710448,0.06573704004971725,0.2416902022655011,8.730961877180656,-0.5912758104710448
81,11090035,i,8,-1.8227910643771708,0.144769914843209,0.2494780315641365,68.10014973519918,-1.8227910643771708
82,11090035,r,4,-1.6669820598613625,0.01934907836917521,0.07431398887182317,25.096645648400447,-1.6669820598613625
83,11092004,i,12,-0.8531491030475689,0.07179289517915144,0.2358193504173397,16.559591431772414,-0.8531491030475689
84,11092004,r,8,-0.602447841829205,0.04535841041042149,0.09789327383914992,2.2540815709924455,-0.602447841829205
85,11095200,i,6,-0.9309778357468725,0.24892303232562296,0.4438902690272245,20.069404644828314,-0.9309778357468725
86,11095200,r,7,-0.8783519379774215,0.1647928132296318,0.316345205125249,10.5175370475437,-0.8783519379774215
87,11106344,g,2,0.06775920466130869,0.09354636000446637,0.09354636000446637,0.04079493325186653,0.06775920466130869
88,11106344,i,4,-2.0777389541582636,0.0680315859958125,0.11795692561427051,141.06533478601256,-2.0777389541582636
89,11106344,r,6,-1.5923754958787548,0.053788340701867776,0.08558694936167655,25.66415996625045,-1.5923754958787548
90,11215042,g,3,-0.36142698299263204,0.013799650273561948,0.14970912016279986,0.5456117334279548,-0.36142698299263204
91,11215042,i,5,-1.3017228045981224,0.05957116262865192,0.09200481587642861,47.866061794270266,-1.3017228045981224
92,11215042,r,6,-1.0614127785239722,0.059163331249202034,0.09490141078631742,27.607839002783418,-1.0614127785239722
93,11221458,i,13,-0.826403553425062,0.1877418662184971,0.5114903633058993,18.00559412729381,-0.826403553425062
94,11221458,r,5,-1.1526886423467642,0.021625220994078154,0.12610915548760504,20.027000825672012,-1.1526886423467642
95,11257145,i,12,-0.4717414205534027,0.1672246151840504,0.27270098444709767,11.515151397126706,-0.4717414205534027
96,11257145,r,11,-0.49746876247765043,0.15672420711251894,0.28422264064057157,8.748804550646726,-0.49746876247765043
97,11282247,g,2,0.11008833462185602,0.1605739610339974,0.1605739610339974,0.23589380018024902,0.11008833462185602
98,11282247,i,4,-0.49461282280150776,0.005588687969201311,0.08201850338765027,3.996322541214434,-0.49461282280150776
99,11282247,r,5,-0.38548927141538825,0.21841373587706048,0.2237636819179214,4.0105677612925605,-0.38548927141538825
100,11327220,g,3,0.7081719132098794,0.40767984506858057,0.584076075722539,1.2868079684164817,0.7081719132098794
101,11327220,i,7,-0.4339598677737667,0.12537512197634904,0.6019744136756047,8.959667228238752,-0.4339598677737667
102,11327220,r,12,0.19503707959330596,0.1939592830484651,0.7499846953983478,2.260378004313765,0.19503707959330596
103,11360556,g,6,-0.2742230620328168,0.20154532257240332,0.3800026893147329,0.8671977181789732,-0.2742230620328168
104,11360556,i,8,-1.4939372051216262,0.05130761643606929,0.16863482642338767,71.69555666799968,-1.4939372051216262
105,11360556,r,8,-1.5181744150901815,0.04356483054131832,0.07295430536661152,62.59311356186906,-1.5181744150901815
106,11410234,g,3,-0.30335705507687183,0.05289658223004701,0.1338203274687806,0.7371502268598705,-0.30335705507687183
107,11410234,i,10,-1.2736270302889239,0.0866323412382829,0.1531193926368728,72.3079848823259,-1.2736270302889239
108,11410234,r,10,-0.8443851476203619,0.18747525906268336,0.5627425068767016,13.433712665281622,-0.8443851476203619
109,11509118,i,6,-1.672507702974466,0.1276177235704682,0.1959543198935496,69.93679689119982,-1.672507702974466
110,11509118,r,5,-1.327646819918166,0.15688079901722274,0.1971266697126146,22.912613449603437,-1.327646819918166
111,11517173,i,8,-0.7037746286176481,0.08564840793248896,0.15406772319605444,13.347981647043106,-0.7037746286176481
112,11517173,r,9,-0.7014528441703701,0.1139775091913533,0.3042071891298955,10.216539468415574,-0.7014528441703701
113,11521692,i,9,-0.4837470112930127,0.11036511682006989,0.26564755037237897,4.952657916588902,-0.4837470112930127
114,11521692,r,4,-0.19388862402851248,0.1114498445849667,0.2794196506397333,0.48210053630326516,-0.19388862402851248
115,11529958,g,2,-0.4786289036189963,0.11620684994339275,0.1162068499433927,1.6225285579296185,-0.4786289036189963
116,11529958,i,9,-1.341599079336429,0.1376984008525537,0.1583857742354282,49.98822412223526,-1.341599079336429
117,11529958,r,7,-1.0345475923103447,0.1280146022849642,0.3515260892111284,15.145108082791841,-1.0345475923103447
118,1158714,i,5,-1.4219417450258913,0.07716673124695039,0.25155471170566757,71.21052322946707,-1.4219417450258913
119,1158714,r,5,-1.5920456704917114,0.026306998179222774,0.3042048573498872,34.077458437622994,-1.5920456704917114
120,11676958,i,9,-0.7714517927284072,0.0746342692477493,0.40322375753810713,23.883253716103447,-0.7714517927284072
121,11676958,r,10,-0.6719577155711306,0.0478953921030259,0.08678258986192255,10.0766252659627,-0.6719577155711306
122,11689070,g,6,-0.4351937940428657,0.07579795301750655,0.13178823384479627,0.9903549028029168,-0.4351937940428657
123,11689070,i,3,-1.2905931344041703,0.04136674668464546,0.07785625541337748,50.99349832689984,-1.2905931344041703
124,11689070,r,8,-1.2471716766009733,0.045623635332805446,0.08740843137350152,37.72074655483591,-1.2471716766009733
125,11783158,g,2,-0.3874284871983069,0.05866682049560479,0.05866682049560479,0.6789634407278552,-0.3874284871983069
126,11783158,i,6,-1.6024867229426576,0.09209594916026864,0.2145302147463335,82.02135091200275,-1.6024867229426576
127,11783158,r,6,-1.2221351045743918,0.15202852690887325,0.26051154557742984,33.92463644136889,-1.2221351045743918
128,11800167,g,3,0.2661956382531576,0.2054628318881775,0.22782343704777053,0.5329351448155011,0.2661956382531576
129,11800167,i,7,-0.470444628547664,0.05030285953053737,0.09824448865738689,6.330916569680542,-0.470444628547664
130,11800167,r,9,-0.2562911668921632,0.1101623758131417,0.22765413677119106,1.600339450078909,-0.2562911668921632
131,11867141,g,2,-0.030175018915317653,0.02419022532340437,0.02419022532340437,0.006807347176426384,-0.030175018915317653
132,11867141,i,11,-0.8783665031486336,0.15919796752052484,0.3968572057581703,26.66817678515946,-0.8783665031486336
133,11867141,r,9,-0.800690041720257,0.17434991683162182,0.3353292355686551,8.524478077450148,-0.800690041720257
134,12024680,i,7,-1.6143634958613362,0.10104265757123754,0.1933728693582708,102.96833508558815,-1.6143634958613362
135,12024680,r,4,-1.3042518978014748,0.034868910889870985,0.07083162274121513,48.89113553339665,-1.3042518978014748
136,12059863,i,6,-1.228189091765603,0.03979959462611615,0.06336541400326245,55.17788215255127,-1.228189091765603
137,12059863,r,7,-1.2954488900230516,0.03801761034229134,0.09024371443911239,45.31189286103683,-1.2954488900230516
138,12071394,g,4,-0.19555404388384257,0.08412635424891302,0.186376897738893,0.2996964978799287,-0.19555404388384257
139,12071394,i,4,-1.1205677586985305,0.016708590007390445,0.05478404230244438,47.772469535721044,-1.1205677586985305
140,12071394,r,3,-1.0914653585709824,0.04238466593422485,0.04905628722282174,13.631253799740223,-1.0914653585709824
141,1207590,g,2,-0.25059514600158583,0.11588233386916183,0.11588233386916186,1.0877149863937294,-0.25059514600158583
142,1207590,i,5,-0.4661539801297191,0.013820788186272137,0.014355931102700226,12.711527278236145,-0.4661539801297191
143,1207590,r,4,-0.5757367940911474,0.022845021236359675,0.18507799801366842,11.645572115698762,-0.5757367940911474
144,12116946,g,3,-0.06564348430013972,0.023159002824598762,0.11446767481082848,0.08035789440368629,-0.06564348430013972
145,12116946,i,3,-1.0777944837984577,0.05549020662083115,0.20522369552255892,61.151876683601664,-1.0777944837984577
146,12116946,r,5,-0.8655287300950815,0.03411008357827838,0.04657673282100061,18.289367186013905,-0.8655287300950815
147,12118132,i,7,-0.6978434887584941,0.11037150716771027,0.25634362805798616,17.236271528176985,-0.6978434887584941
148,12118132,r,7,-0.38645639984159846,0.21340766566131636,0.7029501824245447,6.627778991610287,-0.38645639984159846
149,12150687,i,7,-0.8628269848918655,0.08736737138225459,0.16873944957108789,28.792909038045984,-0.8628269848918655
150,12150687,r,6,-0.7425581537834764,0.028963480187042145,0.0504137678672999,12.078880460321903,-0.7425581537834764
151,12160756,g,2,-0.3031740123944059,0.03128036291643657,0.0312803629164366,0.6526149034507225,-0.3031740123944059
152,12160756,i,10,-0.5622753197365338,0.14704946269840036,0.2437928537449101,10.524399813589886,-0.5622753197365338
153,12160756,r,13,-0.366505365556532,0.08817440104576563,0.20438092139137193,2.9237936647918277,-0.366505365556532
154,1218016,i,9,-1.2602835388426525,0.17393726051324565,0.33605779655921,61.11930100581995,-1.2602835388426525
155,1218016,r,7,-1.0849155429185404,0.07502522195533112,0.13038505976704506,24.91695226382357,-1.0849155429185404
156,12195242,i,8,-0.8405262269857174,0.18233107919664915,0.5860210786124018,21.244929932422405,-0.8405262269857174
157,12195242,r,5,-0.8432899436113902,0.11630163518684167,0.9489956203855294,7.605474798844372,-0.8432899436113902
158,12202997,g,2,-0.43749541297356315,0.003721528543502217,0.0037215285435022727,1.8643963024075814,-0.43749541297356315
159,12202997,i,11,-0.6049461552282797,0.24695906038611415,0.4683929621258148,9.933068140932805,-0.6049461552282797
160,12202997,r,11,-0.5937910174980527,0.12178777020098752,0.2576576342369047,9.417871563805,-0.5937910174980527
161,12292455,g,3,-0.2571299511315174,0.12386923867223276,0.6342585117842725,1.5320453226351727,-0.2571299511315174
162,12292455,i,6,-0.10786743768891227,0.3036387040271601,0.6701520068589313,9.570462612294735,-0.10786743768891227
163,12292455,r,6,-0.5697718485798072,0.10831632935372382,0.6008544563407088,9.991227934236866,-0.5697718485798072
164,12314657,g,2,0.43310341529781726,0.4150388688991409,0.4150388688991409,1.3173939633677632,0.43310341529781726
165,12314657,i,5,-0.7116113172438197,0.1273033300225811,0.17615397299362268,19.82729572191411,-0.7116113172438197
166,12314657,r,4,-0.30986661832370177,0.16076185128030676,0.3393790008236804,3.5996633190402068,-0.30986661832370177
167,12365074,i,11,-1.4021589556632896,0.16144569910616657,0.315273286806661,59.1743074151832,-1.4021589556632896
168,12365074,r,11,-1.0962653299563907,0.05921195646387445,0.14678050371010665,22.021893150703175,-1.0962653299563907
169,12381531,g,2,0.39543659391455543,0.14353428037283267,0.14353428037283267,1.0087001627431538,0.39543659391455543
170,12381531,i,5,-0.5775546881639211,0.11075962624224656,0.2116431443670359,7.939963695533505,-0.5775546881639211
171,12381531,r,5,-0.3342709949703177,0.21376161665388743,0.36694733371578286,1.6456281335605056,-0.3342709949703177
172,1243787,g,3,-0.45332120047669916,0.007936099291959597,0.012656606170905915,1.1427714500763562,-0.45332120047669916
173,1243787,i,10,-0.4073257773305324,0.24404078451033934,0.5465800354743711,6.308492539624324,-0.4073257773305324
174,1243787,r,9,0.11972245187279151,0.26845607579038333,0.8575697528472532,5.3349148548280105,0.11972245187279151
175,12477518,g,2,-0.0798427611136821,0.038051968388571444,0.038051968388571444,0.03193862818809635,-0.0798427611136821
176,12477518,i,7,-1.0902147655715908,0.03298870409678134,0.07145161944300615,25.914279273509248,-1.0902147655715908
177,12477518,r,9,-0.9785084456495935,0.21935210259067406,0.3288886164527103,12.500201947317825,-0.9785084456495935
178,12484734,i,9,-0.9207747760672277,0.2903707377872541,0.3719243647042807,27.18404553534758,-0.9207747760672277
179,12484734,r,4,-0.9668069407159245,0.049808517811983755,0.21623837265920187,10.669078364213606,-0.9668069407159245
180,12492832,g,4,-0.2795921434304077,0.06095895880772134,0.1973918440257058,0.7118197548060036,-0.2795921434304077
181,12492832,i,9,-0.4012025194772989,0.06294648575541312,0.08432025511459024,5.33713420741167,-0.4012025194772989
182,12492832,r,8,-0.47335770064311117,0.04079602673522609,0.14420533551340925,3.907520328050428,-0.47335770064311117
183,12492832,u,2,1.4657697320353367,0.2175497548187909,0.2175497548187908,4.793024982437928,1.4657697320353367
184,12497408,g,5,-0.05185943111809149,0.13407135280460347,0.2486507366454987,0.612552491873356,-0.05185943111809149
185,12497408,i,4,-0.22669502593954793,0.25246166869900694,0.6321901738243662,3.606521235242278,-0.22669502593954793
186,12497408,r,10,0.0204343110441607,0.11801207229408678,0.19870790379821274,1.4951632715431316,0.0204343110441607
187,12497408,u,3,0.5573326327876542,0.024679506544105445,0.08128655451620526,0.8344488934405169,0.5573326327876542
188,1250346,g,2,-0.38505730805483157,0.020860739843662934,0.02086073984366299,0.5787613171996504,-0.38505730805483157
189,1250346,i,9,-1.3391332997824943,0.22389120649367245,0.40773528159212913,49.30690808252583,-1.3391332997824943
190,1250346,r,9,-0.8643191103292641,0.18658823918839873,0.3536463206537521,15.018156148031345,-0.8643191103292641
191,12509731,g,2,-0.09303260923176071,0.05598489854254274,0.05598489854254274,0.17435289718988198,-0.09303260923176071
192,12509731,i,5,0.09453505681819896,0.058454234884873474,0.0692180933203124,0.8669771245541661,0.09453505681819896
193,12509731,r,8,0.08328118205494814,0.2005523945099187,0.3156626752122844,0.842024845496618,0.08328118205494814
194,12509731,u,3,0.7547604735070992,0.1549014007137357,0.22818499508983192,1.1218930646569234,0.7547604735070992
195,12541622,g,3,-0.42449677800517155,0.09985265902265944,0.21840984233662453,0.6843123376002169,-0.42449677800517155
196,12541622,i,13,-1.035787235620236,0.12321928050062725,0.23072079925681144,22.639086691579948,-1.035787235620236
197,12541622,r,14,-0.8071566380670898,0.16765318080514635,0.5671818396504731,16.956767724505593,-0.8071566380670898
198,12568065,i,9,-1.447417564247416,0.18813850016585,0.28849006521163334,72.60880540278572,-1.447417564247416
199,12568065,r,6,-1.528013526775218,0.19121213313246577,0.3685421697468112,41.657913741183854,-1.528013526775218
200,12597697,g,2,-0.08623401449741863,0.3716804496718774,0.3716804496718774,1.337459985419931,-0.08623401449741863
201,12597697,i,18,-0.820568544103978,0.1750947615436071,0.28952736469524953,28.87343702960088,-0.820568544103978
202,12597697,r,12,-0.4541796727581122,0.17906276547730965,0.6268438806403809,14.607048950041303,-0.4541796727581122
203,12598467,i,6,0.31781264062081604,0.2562095205986741,0.5564802715798887,4.232310625314958,0.31781264062081604
204,12598467,r,6,0.26722341848416004,0.29247603544258016,0.5082903795334606,5.746867905411942,0.26722341848416004
205,12768673,g,2,-0.15447695540540163,0.0673397737822845,0.0673397737822845,0.24040129685653933,-0.15447695540540163
206,12768673,i,3,0.3433953899685881,0.1430111909982299,0.35379991352691553,1.5651632100203747,0.3433953899685881
207,12768673,r,7,-0.24100594204562242,0.24210193404038877,0.48903728110795347,1.531839668172069,-0.24100594204562242
208,12804951,i,10,-0.9292208989107718,0.05780980798728308,0.10491684505898091,16.153989996552674,-0.9292208989107718
209,12804951,r,7,-0.7930103378097795,0.08132014393214615,0.1113311211981135,4.483156001333469,-0.7930103378097795
210,12851448,g,7,1.3199250703448375,0.06966635945772559,0.3265121123112804,20.196121162555187,1.3199250703448375
211,12851448,i,4,0.57871982330903,0.02910279398993032,0.06948763690278403,2.651868326174846,0.57871982330903
212,12851448,r,5,1.8942736170294021,0.1071275785603174,0.19838732981491125,39.92053016405514,1.8942736170294021
213,1290650,i,5,-0.8653393870710666,0.13467915494384108,0.2417561663102823,27.434677787647974,-0.8653393870710666
214,1290650,r,8,-0.45390905643502166,0.17325201032001003,0.4015735221789939,8.550355752501217,-0.45390905643502166
215,12928450,i,9,-1.0558382356889167,0.05832873794778748,0.07465985838709033,25.20487413550257,-1.0558382356889167
216,12928450,r,6,-1.0009205293559473,0.07365139846310292,0.2722454317917731,15.0546561094945,-1.0009205293559473
217,13001425,i,6,-1.1551303983907757,0.16061836714249744,0.3249132293647973,29.438747341918127,-1.1551303983907757
218,13001425,r,8,-0.9916388767103517,0.006947836854690748,0.06801488006325496,16.783830016868535,-0.9916388767103517
219,13008704,i,8,-1.3887808230288803,0.12965613278999333,0.26449987673717756,47.296077631764256,-1.3887808230288803
220,13008704,r,4,-1.0251891355000604,0.06004355838309905,0.1918840464298841,15.054737466599343,-1.0251891355000604
221,1303435,g,3,-0.4431187880402867,0.03495610918697545,0.05004152440576198,1.5873497762805817,-0.4431187880402867
222,1303435,i,5,-1.264458512507456,0.12528628963047828,0.18223228948390147,31.294776787602427,-1.264458512507456
223,1303435,r,6,-1.1145775599683763,0.1320203788173111,0.2114522444868423,40.9788556898154,-1.1145775599683763
224,1307030,g,4,0.07165703756663638,0.2775609494846489,0.589733911336031,0.7134707677084186,0.07165703756663638
225,1307030,i,8,-0.176158012591297,0.10958291250372756,0.18960082011474932,3.118975179475862,-0.176158012591297
226,1307030,r,7,-0.3234758813534281,0.06158429574747093,0.23562316906272712,3.0759401008798384,-0.3234758813534281
227,13121387,g,7,0.3091264132682531,0.2277465709543932,0.5022225187525456,0.7615705669574095,0.3091264132682531
228,13121387,i,12,-0.11809580382975982,0.09011732055521254,0.15909146853405054,1.7853993619870165,-0.11809580382975982
229,13121387,r,16,0.08324439722542504,0.14142455183089436,0.2798969679932981,1.5937849166604354,0.08324439722542504
230,13186381,g,5,-0.35389061493731033,0.1399222490639307,0.2582571083531812,1.2804849138001608,-0.35389061493731033
231,13186381,i,10,-1.0174799091940059,0.1935305457082832,0.33377562191816135,28.28356998870053,-1.0174799091940059
232,13186381,r,12,-0.9285872493229139,0.09623248340272234,0.1922030520863548,30.862788002884198,-0.9285872493229139
233,13229158,g,7,-0.06899080509316258,0.2479696024170096,0.43919632408162224,0.3748844389604412,-0.06899080509316258
234,13229158,i,15,-0.3483413397442804,0.06710294559104879,0.2084083672982333,4.441096320253857,-0.3483413397442804
235,13229158,r,14,-0.38468620834358147,0.029167878038068085,0.1400262304978948,2.871090160880845,-0.38468620834358147
236,13237678,i,8,-0.17703316357264548,0.10823215045674639,0.31881573193021445,2.3880428273309713,-0.17703316357264548
237,13237678,r,9,0.1948674564909525,0.05237933489967306,0.07205979997690448,1.1432623607923542,0.1948674564909525
238,13239938,g,4,-0.32576110981680817,0.09871170192335518,0.2079220531805468,0.7072931073108608,-0.32576110981680817
239,13239938,i,4,-0.8221261862635999,0.2536486072423283,0.53366901528572,22.951720298115976,-0.8221261862635999
240,13239938,r,7,-0.9848561491114047,0.11209509204088719,0.14654001799195493,19.137933932842657,-0.9848561491114047
241,13265736,i,8,-0.8553776773132127,0.17230890228281648,0.32342970532165705,24.567127928893306,-0.8553776773132127
242,13265736,r,5,-0.5890162839542886,0.14646044120654156,0.45768959162923595,6.905978892694902,-0.5890162839542886
243,13267592,g,4,0.04409366308690835,0.06688239307417307,0.1370359020763741,0.06921021288528628,0.04409366308690835
244,13267592,i,9,-0.7726302423772169,0.09258258213554493,0.23622733076760538,12.61090607707935,-0.7726302423772169
245,13267592,r,10,-0.5823162876859391,0.057385995310146654,0.09486864469206102,8.446830157964657,-0.5823162876859391
246,1330941,i,6,-1.2642682358184816,0.19747759088676153,0.3047144147138636,29.254445944116796,-1.2642682358184816
247,1330941,r,5,-0.8939642195550432,0.2452572294852664,0.692709841511627,22.30212580832427,-0.8939642195550432
248,13312972,g,2,0.04126870236835478,0.28770269945861393,0.28770269945861393,0.5996278368444994,0.04126870236835478
249,13312972,i,3,-0.7317850122739092,0.15430180505754498,0.17835602241368287,6.811533094311613,-0.7317850122739092
250,13312972,r,6,-0.46845820489454787,0.11007505153612135,0.2129502348846859,9.323172288162803,-0.46845820489454787
251,13375853,i,8,-1.4501368678658908,0.06910978209037011,0.18049879361433607,56.03413144618351,-1.4501368678658908
252,13375853,r,6,-1.1770272539563478,0.11255828763362641,0.17566863043708625,18.46066937667714,-1.1770272539563478
253,13381132,g,3,-0.15498403560247143,0.02598533395162006,0.30855638277071773,0.3877318847767395,-0.15498403560247143
254,13381132,i,9,-1.5590896879985787,0.058237761153017154,0.10484159639213608,49.94005236660632,-1.5590896879985787
255,13381132,r,9,-1.26099925649445,0.04824796400809772,0.57151862024338,13.767051289051865,-1.26099925649445
256,13396868,g,3,-0.1915737920761731,0.12759109524165757,0.5109924544310278,1.265815431209414,-0.1915737920761731
257,13396868,i,10,-0.2807292724929773,0.07908248601516119,0.2063587148980951,3.6319962921353195,-0.2807292724929773
258,13396868,r,12,-0.14351869511422644,0.04696024740094473,0.13655998603550057,2.7189959520969396,-0.14351869511422644
259,13397988,g,5,0.6075604180018419,0.2892169944111669,0.6438111102873963,1.4989826212020028,0.6075604180018419
260,13397988,i,4,-0.5029102456487315,0.04079035530433739,0.17382754455832639,6.184985810861838,-0.5029102456487315
261,13397988,r,4,0.014004336403537404,0.11468350770677821,0.23504227688168666,0.24330358315866701,0.014004336403537404
262,1343336,i,5,-1.1645865053016025,0.04265455993332368,0.06649571375016916,42.060864007612814,-1.1645865053016025
263,1343336,r,6,-0.9687793296434108,0.05101787828946763,0.07878550150443164,27.854319245162007,-0.9687793296434108
264,13440909,g,3,0.5108073194033886,0.07306489351193268,0.17177774442487603,0.606448752138317,0.5108073194033886
265,13440909,i,11,-0.44319068960794467,0.1971393421909699,0.35037962088134417,6.575299875809108,-0.44319068960794467
266,13440909,r,16,-0.11354063702694661,0.0790338482060573,0.14642158489068496,1.1531848239931386,-0.11354063702694661
267,13495799,i,7,-0.7818779194963092,0.17744998455126293,0.278823364197072,28.841678016287137,-0.7818779194963092
268,13495799,r,6,-0.5577752511854246,0.10191169874255784,0.15490904335840028,6.177045227312685,-0.5577752511854246
269,13504635,g,4,0.047661763163490634,0.05330749746461422,0.11187401831869867,0.020080604957153293,0.047661763163490634
270,13504635,i,15,-1.0932292854558536,0.24357465694551506,0.6816172883662445,34.89478106245799,-1.0932292854558536
271,13504635,r,14,-1.070430087603889,0.20412250123279252,0.5608748900289229,10.509008076003397,-1.070430087603889
272,13523719,i,8,-1.2796772042102984,0.05581446654379296,0.1037632059615714,47.025700077583075,-1.2796772042102984
273,13523719,r,9,-0.8986286604036265,0.20511162932624594,0.32776537886126733,9.718465228658477,-0.8986286604036265
274,13543000,i,9,-0.05519095258388618,0.14542740487867079,0.29175221602927054,1.6660020888776221,-0.05519095258388618
275,13543000,r,5,0.16804495903589844,0.15100534946298072,0.301376448480035,0.6149531901344126,0.16804495903589844
276,13622504,g,3,-0.06240914262568209,0.14156161055137706,0.1812149148593653,0.35199736705527435,-0.06240914262568209
277,13622504,i,5,-0.7738777155033107,0.03790707533214799,0.3328010203545989,22.61575850103025,-0.7738777155033107
278,13622504,r,8,-0.7645770095680281,0.04297346707612215,0.06924683128407838,13.397838651842864,-0.7645770095680281
279,13667616,i,10,-0.9067707284014179,0.08972691466302474,0.12673825124843863,12.929976747603732,-0.9067707284014179
280,13667616,r,6,-0.28169272905627907,0.18400308463738613,0.32836784707408695,0.9712681925299235,-0.28169272905627907
281,13696262,g,4,-0.44404658831691396,0.049330748421450576,0.10649787851284187,0.9599891418283558,-0.44404658831691396
282,13696262,i,9,-1.4250603387916556,0.07488631273814161,0.1773531514905804,62.29199407532855,-1.4250603387916556
283,13696262,r,9,-1.3309438103977478,0.04611671803219175,0.5505021566147921,29.10815687833146,-1.3309438103977478
284,13722034,g,2,-0.03486584637845924,0.3452413118907298,0.3452413118907298,0.7199242773735892,-0.03486584637845924
285,13722034,i,4,-0.8709062515760413,0.1509115850582089,0.278970480496169,31.39891034030899,-0.8709062515760413
286,13722034,r,5,-0.8160147695683355,0.10065259279949368,0.17782831920714803,14.962066068079185,-0.8160147695683355
287,13742899,g,2,0.46146001876511655,0.11758990955378246,0.11758990955378246,0.49842173534880296,0.46146001876511655
288,13742899,i,8,0.06979060368009016,0.1495526917885866,0.3138817152767833,0.2276905394805792,0.06979060368009016
289,13742899,r,8,0.1214585076989062,0.03078665608995851,0.058276132835171884,0.19722752425873868,0.1214585076989062
290,13787563,g,2,0.2161550106302007,0.36050154789444966,0.36050154789444966,0.35253325251549894,0.2161550106302007
291,13787563,i,6,-0.6468875423769211,0.08986357639136683,0.1674520805924432,10.672949842652327,-0.6468875423769211
292,13787563,r,8,-0.6398101688482176,0.22635807829012905,0.4307900050135154,6.129140005230293,-0.6398101688482176
293,13803432,g,2,-0.24149940669438075,0.05099711275343788,0.05099711275343788,0.20026769736795985,-0.24149940669438075
294,13803432,i,10,-1.347231465489866,0.11726082802973292,0.19793538940023914,53.16683905710172,-1.347231465489866
295,13803432,r,10,-1.3761022919097188,0.15450359495750376,0.28059095933037104,25.883985403305758,-1.3761022919097188
296,13822210,g,3,0.8913085325285879,0.06230144640594948,0.06507981112152883,1.9467415957411138,0.8913085325285879
297,13822210,i,6,-0.4918225100770537,0.03315174532162099,0.05613509786764648,13.842659568678409,-0.4918225100770537
298,13822210,r,7,-0.44414981878696413,0.0527967674912419,0.7195841168853323,5.064367208753092,-0.44414981878696413
299,13874479,g,4,1.0886053715946802,0.0017822720538601677,0.0028366606246981174,18.34997893144438,1.0886053715946802
300,13874479,i,4,0.5820779559355462,0.035190889039821815,0.435011549172052,13.656950044964631,0.5820779559355462
301,13874479,r,2,2.040715266672718,0.32953398193502714,0.32953398193502714,45.64351678595441,2.040715266672718
302,13874479,u,2,1.5626560424383733,0.013603429027864489,0.013603429027864378,13.617199292102942,1.5626560424383733
303,13925920,g,3,0.37591604124025024,0.17828674395169997,0.20958493502504005,0.8484397561948501,0.37591604124025024
304,13925920,i,5,-1.0461710105316968,0.04614556894185329,0.25489279739682436,27.948562800260042,-1.0461710105316968
305,13925920,r,4,-0.5253770589136217,0.031227482818718344,0.09048189543294316,2.872013765513471,-0.5253770589136217
306,1392848,g,3,-0.25869356665159704,0.2697322635657,0.2978764068359999,0.9167916783376399,-0.25869356665159704
307,1392848,i,5,-0.8073490560954417,0.05478057685541293,0.09432135203874237,22.85500612849451,-0.8073490560954417
308,1392848,r,6,-0.9177761736194566,0.047981942329841876,0.07703691610643415,18.2989791889343,-0.9177761736194566
309,13953564,g,4,0.2682732649229438,0.028102565175648575,0.10515046960417093,2.528529328375722,0.2682732649229438
310,13953564,i,3,-0.41972166121523957,0.07700357589629414,0.11739939363523133,6.992699760946618,-0.41972166121523957
311,13953564,r,9,0.34363113507115384,0.08255351964564694,0.1721145462933606,3.6517759511586854,0.34363113507115384
312,13959689,g,3,0.017360806045020105,0.08007186823337586,0.4005743304220304,0.8956927899638746,0.017360806045020105
313,13959689,i,5,-0.6116815143009954,0.12143149109257034,0.23073817055097146,19.75536649838059,-0.6116815143009954
314,13959689,r,5,-0.6674768958498184,0.03828420194153215,0.05103276833534465,13.646459442430706,-0.6674768958498184
315,13995427,g,4,0.21236850779412794,0.2743558913708223,0.5286599835110302,0.5656690660347039,0.21236850779412794
316,13995427,i,7,-0.38100031685716684,0.07017483655039902,0.1491324883919758,3.7709627586876464,-0.38100031685716684
317,13995427,r,9,-0.2508454639326412,0.11909652692491401,0.14903998575149127,2.1013683132542087,-0.2508454639326412
318,14000798,i,4,-0.06920297647781158,0.32110605280313,0.6326574911408483,4.564514531823427,-0.06920297647781158
319,14000798,r,7,-0.5640413031157836,0.0996792122071789,0.45994749742116464,4.627454644049528,-0.5640413031157836
320,14011312,i,8,-0.0833295259091616,0.06411339393094992,0.12097430017289379,0.463573889329169,-0.0833295259091616
321,14011312,r,6,0.10967526450338205,0.19403483375757213,0.33925092762170744,0.5623585784657527,0.10967526450338205
322,14036119,g,2,-0.10434909356374306,0.3292450030158473,0.32924500301584725,0.935548750873942,-0.10434909356374306
323,14036119,i,8,-0.32055092136910185,0.09591404507377779,0.20839894471867643,4.9968400041234435,-0.32055092136910185
324,14036119,r,6,-0.5087054496382752,0.028321129069979745,0.05405726272722633,4.971471326811292,-0.5087054496382752
325,14062114,g,3,-0.4439963583514205,0.004080816952031774,0.027167682112343328,1.3726475826084876,-0.4439963583514205
326,14062114,i,7,-0.8112579942855456,0.23018417293055204,0.353098798738402,37.37131382330604,-0.8112579942855456
327,14062114,r,9,-0.9808622104983976,0.0597056220994191,0.09161828486261814,29.033591426107503,-0.9808622104983976
328,14106491,g,2,0.9783003986728531,0.1009337826415233,0.1009337826415232,4.280661520755823,0.9783003986728531
329,14106491,i,13,-0.27407672044077047,0.2202820799857198,0.4207580373161851,7.8648329237714965,-0.27407672044077047
330,14106491,r,10,-0.23921284807247145,0.25322784247040386,0.46834514612093964,4.399593105304069,-0.23921284807247145
331,14112965,i,5,-1.3000247676558856,0.011017438563064585,0.01563854676269072,43.65198294241226,-1.3000247676558856
332,14112965,r,6,-1.1992000649147903,0.07716222113503102,0.13844581137515677,19.292379137269375,-1.1992000649147903
333,14117183,g,2,0.8445148729799263,0.3241023203608045,0.32410232036080455,8.547478676838486,0.8445148729799263
334,14117183,i,12,-0.636298642942019,0.11899435282029525,0.24068533674636894,11.96944361512334,-0.636298642942019
335,14117183,r,12,-0.4511772282981966,0.09724185887402459,0.17768248228722827,3.962344651744699,-0.4511772282981966
336,14166276,i,7,-1.5394908573672212,0.1406182429596512,0.28128192701535637,57.8776557179556,-1.5394908573672212
337,14166276,r,6,-1.5585778448565222,0.04860348210460519,0.5847124349838517,24.80881330032322,-1.5585778448565222
338,14180884,g,4,-0.0840196604123924,0.04600958720529308,0.14124223549494921,0.17600020963059862,-0.0840196604123924
339,14180884,i,8,-0.3436479660821974,0.1180371356914029,0.17692681470890728,6.237032128730906,-0.3436479660821974
340,14180884,r,11,-0.2982082901692167,0.1591596215965816,0.3206831038426021,4.818661394139508,-0.2982082901692167
341,14251051,i,5,0.1572365095841023,0.09535014976472633,0.11351166592292439,0.5454766910667164,0.1572365095841023
342,14251051,r,6,0.20926086023846258,0.07415322171942385,0.16686950291090175,0.25798696252707404,0.20926086023846258
343,14268082,i,4,-1.918952838072065,0.08580249927675354,0.13270198822204615,51.978581623362935,-1.918952838072065
344,14268082,r,7,-1.8890285988045863,0.024737371961262244,0.11675846577101101,44.481012235001074,-1.8890285988045863
345,14324242,i,6,-1.8103171078946718,0.08527311224740386,0.14703904049615035,81.64220691234208,-1.8103171078946718
346,14324242,r,6,-1.5592767533189944,0.04701057503435624,0.21557594276401626,35.41308703082783,-1.5592767533189944
347,14332051,g,5,-0.09251148700105083,0.14660757534614732,0.14769227869639145,0.34643284431431937,-0.09251148700105083
348,14332051,i,4,-0.8962051232007078,0.028007836023729527,0.06622790973213777,13.037895159089281,-0.8962051232007078
349,14332051,r,5,-0.8089941866157807,0.06784978000107222,0.0714622912610734,9.76583716550864,-0.8089941866157807
350,14344916,g,3,0.46634498715796413,0.10310485854489193,0.10685537880126261,0.6228376549332423,0.46634498715796413
351,14344916,i,9,-0.3900485855833107,0.08923765039484016,0.33025321106641514,7.360280151767502,-0.3900485855833107
352,14344916,r,11,-0.016505977381979897,0.06165316778784902,0.358247785278917,1.6066993541931573,-0.016505977381979897
353,14370298,i,5,-0.11711192968909234,0.2774865750451102,0.3755690876250493,2.5793040545756547,-0.11711192968909234
354,14370298,r,6,0.2757373680998181,0.1002840558871913,0.35524973488263867,1.2691901473208038,0.2757373680998181
355,14388611,g,3,-0.30055222180803026,0.004632170514925538,0.06275559596451119,0.4915195472701812,-0.30055222180803026
356,14388611,i,7,-0.9856233904395365,0.18607893133192366,0.6518712663983582,12.448884756622112,-0.9856233904395365
357,14388611,r,7,-0.5720685753441066,0.1794820259898421,0.4649641462204452,4.976718784782017,-0.5720685753441066
358,1439382,g,2,0.014107748748460991,0.22591139909133295,0.22591139909133295,0.2551837322315038,0.014107748748460991
359,1439382,i,11,-0.3273916914518139,0.11230795630019419,0.1651360263635273,4.125913029080756,-0.3273916914518139
360,1439382,r,6,-0.24869089744931927,0.029334085327703097,0.14951624780619183,1.4963528871623277,-0.24869089744931927
361,14416029,g,2,0.17919158085300374,0.2051216559517171,0.20512165595171714,0.35650139158645605,0.17919158085300374
362,14416029,i,6,-0.7214065633900212,0.017397601584144218,0.08085079830628616,22.365124865370223,-0.7214065633900212
363,14416029,r,5,-0.3883826944198261,0.08014677629789219,0.10672768555798867,5.424362507179326,-0.3883826944198261
364,14523760,g,2,0.28767427635945225,0.6285848744232756,0.6285848744232755,2.4126464127892993,0.28767427635945225
365,14523760,i,4,-0.4234845172089457,0.11510806838018461,0.23740246329098502,12.35814921616958,-0.4234845172089457
366,14523760,r,4,-0.4659851627362806,0.07200355972982864,0.2151874547129451,7.30777767109632,-0.4659851627362806
367,1456533,g,5,0.023711472916107645,0.11478202267092386,0.20077850794880803,0.3863425326792255,0.023711472916107645
368,1456533,i,8,-0.19508651332288574,0.1146338738974474,0.19225633953820004,1.1619555121433256,-0.19508651332288574
369,1456533,r,10,-0.16963525812129582,0.04828045857784846,0.11295594083987205,0.6378942153142442,-0.16963525812129582
370,14587250,g,4,-0.11062803682583558,0.057251835648685856,0.14101296668313074,0.20740446873519705,-0.11062803682583558
371,14587250,r,6,-0.6617726574198638,0.11228751793837749,0.23264462543436948,8.59205080372533,-0.6617726574198638
372,14666279,g,3,-0.06685893680332278,0.058142095747855116,0.24115557315981806,0.6073945348522322,-0.06685893680332278
373,14666279,i,4,-1.1374453782426088,0.044941350569656646,0.09402095899185192,36.581886815826266,-1.1374453782426088
374,14666279,r,6,-0.7358634519990859,0.038928616957423834,0.11747452573178963,5.615840269453305,-0.7358634519990859
375,14807252,g,3,-0.24628462757382263,0.03089177821295508,0.04186913001742809,0.5431934132015344,-0.24628462757382263
376,14807252,i,15,-0.5263549946020547,0.1500294100452384,0.28452012240988933,12.19954570964752,-0.5263549946020547
377,14807252,r,11,-0.40327344439650414,0.25274318878052315,0.3955317380100679,5.475834050870794,-0.40327344439650414
378,14810149,g,2,-0.41812333439380955,0.03528884368397023,0.03528884368397023,0.560203629196864,-0.41812333439380955
379,14810149,i,4,-2.2982669342314628,0.05010256306048788,0.26704666813841005,146.6465247299731,-2.2982669342314628
380,14810149,r,5,-1.81417458246814,0.10893290365985431,0.45671419691280524,44.740395158128365,-1.81417458246814
381,14816918,i,7,-0.7896884627220283,0.02163990849999886,0.058385436489583165,21.047281130391436,-0.7896884627220283
382,14816918,r,6,-0.6273800234268453,0.06865748212794587,0.10840490103253164,9.003324965606852,-0.6273800234268453
383,14828162,g,2,-0.2607006764364354,0.04912924836055527,0.049129248360555294,0.2662792993083364,-0.2607006764364354
384,14828162,i,6,-1.8136972573921166,0.060443693424762635,0.17084049248987965,54.98180124643815,-1.8136972573921166
385,14828162,r,3,-1.79386072342394,0.007203944758101377,0.05890334568345579,47.208765669853506,-1.79386072342394
386,14851806,g,6,0.8110813297175465,0.08610952906717462,0.18176993887823745,2.150948743285561,0.8110813297175465
387,14851806,i,15,-0.026269183836627907,0.22255921669616377,0.35182803281012676,2.1672663121889384,-0.026269183836627907
388,14851806,r,10,0.04111011536906395,0.056220205114079325,0.11073266906781784,0.561290425683068,0.04111011536906395
389,14902585,i,10,-1.0925282369004212,0.10676313784632485,0.20218780781709556,49.26790787147732,-1.0925282369004212
390,14902585,r,7,-0.83805163234808,0.07831381653352931,0.14147132497496684,17.23691657600764,-0.83805163234808
391,14983179,g,7,-0.36690286425526736,0.046813291250074995,0.7650784142133493,1.33632068844492,-0.36690286425526736
392,14983179,i,12,-0.628253780392559,0.2098921072451962,0.3380174876949269,15.977249747953486,-0.628253780392559
393,14983179,r,16,-0.6259632382446434,0.12083355918341865,0.4730120675446362,7.66878105982549,-0.6259632382446434
394,15039517,g,5,0.08823743164592968,0.31226363928751627,0.37601532116067454,0.5531068648411647,0.08823743164592968
395,15039517,i,11,-0.38385516459123864,0.14162707045234396,0.24857644642261045,9.301784692546551,-0.38385516459123864
396,15039517,r,10,-0.3361989745894577,0.0900162312313762,0.15812501100662069,2.697785691623138,-0.3361989745894577
397,15039517,u,3,0.9104686543527588,0.23209508744300733,0.28573741281353127,1.4996863677492087,0.9104686543527588
398,15053624,g,3,0.10806037939400215,0.10367564272327334,0.12284372699477827,0.10296154357025895,0.10806037939400215
399,15053624,i,11,-0.5439275012131944,0.11151413420078116,0.2523669232396277,11.020733771288649,-0.5439275012131944
400,15053624,r,7,-0.7135277233013719,0.1838325591673573,0.33237978987473443,7.688539261057911,-0.7135277233013719
401,15053658,g,4,0.5119796738418982,0.16767371965829292,0.33858634479694427,0.8261412496628882,0.5119796738418982
402,15053658,i,10,-1.3828459859752584,0.04275060979269096,0.1351142331548143,70.103075487253,-1.3828459859752584
403,15053658,r,7,-0.7205705201895297,0.22505495170565315,0.42339900006761344,7.138023832245552,-0.7205705201895297
404,15075167,g,2,0.17994171175271934,0.4035618798188809,0.4035618798188809,0.5367855499912487,0.17994171175271934
405,15075167,i,12,-0.7994349317790779,0.15843882079421145,0.27723817655371663,26.219983260709757,-0.7994349317790779
406,15075167,r,13,-0.6729174231859925,0.2531984849679434,0.4124473711887491,16.600271359782326,-0.6729174231859925
407,15128177,g,2,-0.014353633542582733,0.21771610303589767,0.21771610303589767,0.6736542591318231,-0.014353633542582733
408,15128177,i,10,-0.32414208136197015,0.17466731488101234,0.37405451512199284,4.107773965801714,-0.32414208136197015
409,15128177,r,10,-0.23035960847165013,0.14030062158481188,0.28551868713523465,2.755892380863536,-0.23035960847165013
410,15128177,u,2,0.8757210828915939,0.03864620501869209,0.03864620501869198,1.6059013353247686,0.8757210828915939
411,15151425,g,4,-0.3116012474092727,0.060217525288795315,0.10704439839243399,0.6158658623849761,-0.3116012474092727
412,15151425,i,5,-0.6787292182811061,0.026411503780881862,0.046590932833261545,19.72623051877471,-0.6787292182811061
413,15151425,r,6,-0.8723322692606648,0.061879553672797294,0.09385827312256212,17.302251076905847,-0.8723322692606648
414,15172971,i,7,-0.8130149474955568,0.10301952769949829,0.18234026796086633,21.977533380024443,-0.8130149474955568
415,15172971,r,6,-0.8463026990081552,0.07187004213402554,0.14300908376118748,17.887918386628993,-0.8463026990081552
416,15214240,i,8,-1.0581197057636438,0.04738737319993802,0.1140501739428692,41.32660528696139,-1.0581197057636438
417,15214240,r,5,-1.0879907945957739,0.04630111597634867,0.04875446749989032,19.566825344139858,-1.0879907945957739
418,15230810,i,4,-0.08457614814973195,0.005607312239681715,0.026836410516112005,0.588606308704452,-0.08457614814973195
419,15230810,r,7,0.2266144255157252,0.1554256477414978,0.3034436993029652,0.5137271857455862,0.2266144255157252
420,15242067,g,5,-0.20875692393074274,0.01498476688670003,0.050526566633893655,0.8883072845728341,-0.20875692393074274
421,15242067,i,7,-0.4463770010208704,0.09573170492118588,0.1876043265630012,4.90977930658248,-0.4463770010208704
422,15242067,r,5,-0.3071672706466507,0.12599514009712193,0.303455357789883,3.462620585514398,-0.3071672706466507
423,15274907,i,9,-1.9125744329883978,0.07816550307025238,0.2045409074258535,78.73039642293446,-1.9125744329883978
424,15274907,r,7,-1.7108589828134442,0.20098700942489378,0.488476225318653,32.56490481279405,-1.7108589828134442
425,15281382,i,8,-0.741143925886655,0.12380042193698321,0.23009729716012783,12.970473131087378,-0.741143925886655
426,15281382,r,9,-0.40273771681326587,0.06657260481876326,0.12417405826635575,2.0863730002649423,-0.40273771681326587
427,15389886,g,6,0.4227396009273977,0.12396021339999197,0.5830636166929107,0.45996321964420445,0.4227396009273977
428,15389886,i,5,-0.36507807464375364,0.10445213201151882,0.3432052950317691,7.447701245188344,-0.36507807464375364
429,15389886,r,7,-0.5619618407798742,0.058007045257509104,0.27143776976252276,5.8805886583401525,-0.5619618407798742
430,15452678,g,4,-0.13838616261136832,0.08942617164118227,0.17999405162766333,0.48826743886640567,-0.13838616261136832
431,15452678,i,9,-0.75480772173297,0.2092492167185256,0.34644436933574163,10.96602477803913,-0.75480772173297
432,15452678,r,13,-0.8306916441077932,0.08065120563005346,0.29669506285839575,7.987017613368147,-0.8306916441077932
433,15454474,i,6,-0.33085419858447396,0.17068815538529933,0.3063606147201512,4.469121320453238,-0.33085419858447396
434,15454474,r,5,-0.3714959092659909,0.10341640896593657,0.18389096808064231,4.883457344775326,-0.3714959092659909
435,15477480,g,6,0.06285625605874745,0.061185636565431356,0.11629771079472107,0.1135792447986837,0.06285625605874745
436,15477480,i,5,-0.22119323317516376,0.04119127363637576,0.44888421455651595,2.0962968826993444,-0.22119323317516376
437,15477480,r,7,-0.02459297533328475,0.21493994297245878,0.805987071580486,0.8012555160736685,-0.02459297533328475
438,15486419,g,2,-0.05362796621506777,0.08933544897328533,0.08933544897328533,0.0776038069387675,-0.05362796621506777
439,15486419,i,4,-0.5323443267618766,0.16542134737738035,0.32727345230661425,5.774858976568621,-0.5323443267618766
440,15486419,r,7,-0.7130360018265515,0.1551981797350982,0.46780671107278327,6.313073802333482,-0.7130360018265515
441,1554440,i,6,-0.6136095991852073,0.3108522363667994,0.5317178317228325,10.43710304631318,-0.6136095991852073
442,1554440,r,6,-0.48029493461798545,0.28062112927038185,0.5127166853192533,7.2469133703944815,-0.48029493461798545
443,15591015,g,4,0.4134733533918602,0.17958212519747846,0.2826943571945473,0.8869906759154929,0.4134733533918602
444,15591015,i,9,-0.07748352850374873,0.14923074406057463,0.2250327363256776,1.20409832674577,-0.07748352850374873
445,15591015,r,8,0.057852609159193664,0.043437192304215444,0.11323842449583746,0.32543814169158103,0.057852609159193664
446,15591015,u,3,1.2281833909812974,0.26060995351610594,0.28209977007284803,3.6228794198599457,1.2281833909812974
447,15614810,g,3,-0.35832991948199583,0.12772158195569433,0.2484763668492926,0.5934360241526945,-0.35832991948199583
448,15614810,i,11,-0.9465971827312994,0.11167298500381817,0.1856996212198152,29.865248165541598,-0.9465971827312994
449,15614810,r,9,-1.0189396551738255,0.15311933879351525,0.2648373265738696,20.067027304368654,-1.0189396551738255
450,15628038,i,10,-1.537220288477815,0.06166219341364498,0.1072752000390822,62.38214173972316,-1.537220288477815
451,15692722,g,3,-0.36995045329059384,0.1135819211790644,0.6055643441003773,1.2070438092057687,-0.36995045329059384
452,15692722,i,12,-1.5637970748779377,0.06142272818960759,0.08827336231751715,75.27776512690133,-1.5637970748779377
453,15692722,r,11,-1.284613703395082,0.0643828314693442,0.11237291057816101,24.49246528820471,-1.284613703395082
454,15701975,g,3,0.1115626713989264,0.00526085555063438,0.055343070122177596,0.32828428230399914,0.1115626713989264
455,15701975,i,3,-0.28809300126254184,0.2879203356351287,0.31078830740880425,5.427580920092102,-0.28809300126254184
456,15701975,r,3,0.07836893850676263,0.12115784965439669,0.9170936686311051,11.246092844356346,0.07836893850676263
457,15701975,u,4,1.5086176049644986,0.6291058827889502,1.4012537625066421,11.931003513091333,1.5086176049644986
458,15733371,g,4,0.4840196583092743,0.1490970762603494,0.37683948870698636,1.272559263262467,0.4840196583092743
459,15733371,i,8,-0.09292406662510692,0.20836487767981998,0.34250815689944514,5.100937348526454,-0.09292406662510692
460,15733371,r,15,-0.14996534811417533,0.14482696481424467,0.2509441685116418,8.067553859400268,-0.14996534811417533
461,15733371,u,4,0.1895193736710103,0.02445177773051932,0.04912863766865741,0.08843516098760568,0.1895193736710103
462,15829424,i,6,-0.1726246882228012,0.15549359916001662,0.24884738278733362,2.447597097566175,-0.1726246882228012
463,15829424,r,5,-0.4359906270712561,0.065631263513863,0.25943677963150186,2.8006039392720767,-0.4359906270712561
464,15835126,g,6,-0.3058022396114549,0.08881044318284001,0.16509894531767286,1.494861943534825,-0.3058022396114549
465,15835126,i,7,-0.030865017838431985,0.2825718995073894,0.5468490171209889,4.524192352937685,-0.030865017838431985
466,15835126,r,9,-0.14527052486339687,0.21786386458303275,0.34262290658665606,3.29847860477199,-0.14527052486339687
467,15835126,u,2,0.2745147879976372,0.024946737028034627,0.024946737028034627,0.15862101400111356,0.2745147879976372
468,15864988,g,3,-0.45379276679659064,0.035401836589801006,0.04902680415532812,1.0525237259031208,-0.45379276679659064
469,15864988,i,3,-1.5152109596785661,0.16091049210671393,0.35897813717202554,23.336362585148407,-1.5152109596785661
470,15864988,r,6,-1.319400513942038,0.04467070930355044,0.08310673332399321,26.790571826623665,-1.319400513942038
471,15891563,g,3,0.2958776481935854,0.11582238399254963,0.28753456409756917,0.5427202903198851,0.2958776481935854
472,15891563,i,9,-0.6918753012962549,0.10426614299791148,0.1511735900941097,16.637238741741626,-0.6918753012962549
473,15891563,r,8,-0.6633896272931341,0.04197682091660826,0.25926167709597236,6.873633174494581,-0.6633896272931341
474,15914727,g,3,1.1988005430115742,0.011300055594009706,0.7410783304572379,4.862043653324239,1.1988005430115742
475,15914727,i,4,0.2351935111513032,0.12110738765409085,0.2452732058711093,1.6424434182510355,0.2351935111513032
476,15914727,r,6,0.17251986107632256,0.11248670613862904,0.20215442027478334,1.866434562274869,0.17251986107632256
477,15914727,u,2,0.8178483283228637,0.12693584363047483,0.12693584363047483,1.3866211885185962,0.8178483283228637
478,15978085,g,2,-0.33381159933947946,0.01839772368640158,0.01839772368640158,1.2122140394663303,-0.33381159933947946
479,15978085,i,7,-0.1492361882188573,0.14933288550290913,0.2925878262046243,2.8760216453445535,-0.1492361882188573
480,15978085,r,5,-0.27369881734498186,0.015256843524468156,0.025374115471259007,2.2693541867891573,-0.27369881734498186
481,15994444,i,19,-1.116830566807125,0.16003551934761207,0.3391307454581012,45.79142556535505,-1.116830566807125
482,15994444,r,9,-0.6424711599903341,0.1668709169663114,0.1933511323462328,8.598601500236123,-0.6424711599903341
483,16028880,g,3,0.5057711556559692,0.02622811399808378,0.06608037769352382,1.507110200841036,0.5057711556559692
484,16028880,i,7,0.07064146445019014,0.12678076472393596,0.2300962676059874,1.7577366813676971,0.07064146445019014
485,16028880,r,4,0.16355610430342382,0.16132881193114385,0.19775288481889697,0.8795978196452343,0.16355610430342382
486,16078868,i,9,-0.23884582161792,0.3563773766610284,0.7110020165266109,13.509888239296187,-0.23884582161792
487,16078868,r,6,-0.5898157461139455,0.10860269157796404,0.18149496479416105,8.236451849057875,-0.5898157461139455
488,16088878,g,2,-0.18573790268054613,0.14436426275275993,0.14436426275275993,0.3624046507522949,-0.18573790268054613
489,16088878,i,5,-0.9770291593437548,0.07149164224686366,0.09976280034008522,38.64084063701753,-0.9770291593437548
490,16088878,r,6,-0.8532030631937682,0.21139825871963225,0.35409797991739755,11.316302829224398,-0.8532030631937682
491,1608957,g,3,0.10725120083143291,0.5439207845996059,0.5533962630827387,0.8106735983871931,0.10725120083143291
492,1608957,i,13,-1.5124700104478113,0.1325467444224233,0.22321992516674527,72.7822518919692,-1.5124700104478113
493,1608957,r,14,-1.2134780813192827,0.10764864935099161,0.2641147000661883,23.905162882274254,-1.2134780813192827
494,16132661,g,5,0.4114596320735162,0.1929999120767733,0.25004443125890913,0.8656637510047827,0.4114596320735162
495,16132661,i,7,0.021580594899274663,0.04631044722088801,0.08183396416621669,0.16194636990279845,0.021580594899274663
496,16132661,r,5,0.09471115441337763,0.23695601281275575,0.44834898214256347,1.1717639846201187,0.09471115441337763
497,16171556,g,3,-0.15218782906951095,0.279807957530594,0.3027375307907582,0.33496430133749616,-0.15218782906951095
498,16171556,i,9,-1.4434049451501396,0.03856972334428832,0.09627524727340964,64.86723862780205,-1.4434049451501396
499,16171556,r,7,-1.325571523384283,0.15945227951426988,0.2502728512882335,32.25652339026738,-1.325571523384283
500,16197051,g,3,0.612966748823029,0.011451696267236522,0.11508500670010013,2.5782400571684314,0.612966748823029
501,16197051,i,6,-0.7490377504898539,0.1470333171146168,0.30848736913391583,15.963774957516003,-0.7490377504898539
502,16197051,r,6,-0.48108372072642414,0.06923047054044063,0.31174906897689264,3.6500007168118027,-0.48108372072642414
503,16198056,g,3,0.7852109104823399,0.11220108700017373,0.11855498798833253,2.0133541389601093,0.7852109104823399
504,16198056,i,7,-0.17404782918921446,0.1926031305775731,0.3126091836131955,2.9873359714802605,-0.17404782918921446
505,16198056,r,8,-0.13573073700457783,0.109970466852498,0.18930497894792023,1.891066982010707,-0.13573073700457783
506,16267209,g,2,-0.016551868013713,0.06161004254854041,0.06161004254854041,0.02736755629983427,-0.016551868013713
507,16267209,i,13,-1.220080719366227,0.0871862708655986,0.15466320011126333,46.6773300257709,-1.220080719366227
508,16267209,r,9,-1.0794263190850841,0.15154747057796514,0.3870720433724,15.411086584709473,-1.0794263190850841
509,1629934,g,4,0.5541729978494605,0.08017594587292487,0.18103694697308664,1.1152008947968113,0.5541729978494605
510,1629934,i,9,-0.15339047957683008,0.10660847809401389,0.16699386157959084,3.3006758424285922,-0.15339047957683008
511,1629934,r,11,0.1483951152075298,0.13168490163183466,0.5461704454781943,8.932858105704888,0.1483951152075298
512,16332130,g,4,-0.39433473314150025,0.06427619413512886,0.21098870719220658,0.9188333457594126,-0.39433473314150025
513,16332130,i,2,-1.1582249441137225,0.14943263348065672,0.1494326334806566,38.08127882672298,-1.1582249441137225
514,16332130,r,5,-1.1096942348954193,0.15715930602298,0.16070859350099853,15.395502101449873,-1.1096942348954193
515,16343575,i,10,-0.9505712126839628,0.16810274734903247,0.3162240350223713,26.93023080671465,-0.9505712126839628
516,16343575,r,7,-0.7533432152232246,0.11529547806078211,0.46257546773442204,8.024878690981199,-0.7533432152232246
517,16428228,i,6,-0.09152262199819777,0.2657626836036893,0.5619564034485139,4.259761938389329,-0.09152262199819777
518,16428228,r,9,0.02887720277577044,0.37504684627876905,0.8423027800121803,4.867848053628033,0.02887720277577044
519,16494059,i,4,-0.5041701133965528,0.06348513253557725,0.1634422047258044,2.838065735583456,-0.5041701133965528
520,16494059,r,10,-0.22126167761808332,0.23130107526327914,0.49921181138497017,2.4677614669262042,-0.22126167761808332
521,16521230,g,3,0.30365926602626114,0.15083607851192138,0.1696391593205444,0.6866039511245811,0.30365926602626114
522,16521230,i,10,-0.2601739576145653,0.08995815673799712,0.14306841761656403,4.845519332106181,-0.2601739576145653
523,16521230,r,12,-0.005762718150449375,0.26787895226726777,0.5322316748545424,2.281542717483738,-0.005762718150449375
524,1655034,i,5,-0.5055719106542853,0.14950443156590165,0.3078238947050692,9.751662950805217,-0.5055719106542853
525,1655034,r,8,-0.33386503999029593,0.09092206755199972,0.24217391414083383,1.8918106391024732,-0.33386503999029593
526,16612156,g,2,-0.2589849316436668,0.0003228425312465366,0.0003228425312465921,0.322864077453225,-0.2589849316436668
527,16612156,i,5,-0.7498729476969761,0.20170936807613593,0.23078092020980667,9.332357136316272,-0.7498729476969761
528,16612156,r,8,-0.417398018000453,0.26687923014461884,0.5851194317470454,4.809188270284225,-0.417398018000453
529,16622164,g,3,-0.33229340430343157,0.005622553038097888,0.02700855672550334,0.8148854524810897,-0.33229340430343157
530,16622164,i,4,-1.1843546091358772,0.06591415270135759,0.15443312099415274,54.35220899308174,-1.1843546091358772
531,16622164,r,5,-1.1654737436459937,0.013464822239175334,0.03636322180002627,30.849570439149026,-1.1654737436459937
532,16644148,g,2,-0.6548409928784606,0.036054480215558515,0.03605448021555857,1.4629964591289621,-0.6548409928784606
533,16644148,i,7,-1.7256743106971528,0.11093515186117076,0.17633316823848766,74.11522259906351,-1.7256743106971528
534,16644148,r,5,-1.6056886960882442,0.0731546377237311,0.19553765346014762,45.96678983696272,-1.6056886960882442
535,16746457,i,10,-1.3070964790382378,0.17401070262789142,0.30611659697293203,39.570501369457084,-1.3070964790382378
536,16746457,r,2,-0.9848212321149818,0.23537042416649978,0.23537042416649978,16.719452958068445,-0.9848212321149818
537,16850102,g,4,-0.36537383196440804,0.34690516996316434,0.7372705138032278,0.9136804358175917,-0.36537383196440804
538,16850102,i,2,-1.0654841942038926,0.0689402549291987,0.06894025492919864,14.58838502851497,-1.0654841942038926
539,16850102,r,8,-0.9387069598826374,0.188299608748012,0.28474288095382483,15.912553833521745,-0.9387069598826374
540,16859845,g,4,-0.24692614593093662,0.0879074272185629,0.17468678443758673,1.1203122096046152,-0.24692614593093662
541,16859845,i,8,-1.0403511080178907,0.0757243280915827,0.15470000374538218,46.35049939601992,-1.0403511080178907
542,16859845,r,11,-0.7853878468057953,0.13966122308945472,0.29114564581210356,16.965828309883527,-0.7853878468057953
543,1688794,g,6,0.4491299771395266,0.04313038174090866,0.07598640156603287,0.6249043338106538,0.4491299771395266
544,1688794,i,4,-0.16470658711182934,0.10419392515066944,0.4205194203460507,1.59431772459557,-0.16470658711182934
545,1688794,r,3,0.04080416411874077,0.11550029076980717,0.16213574474397088,0.9747494440044414,0.04080416411874077
546,1688794,u,5,2.346619427789385,0.04966911751657932,0.48777477006488246,7.293892473893654,2.346619427789385
547,1690333,g,3,-0.3810635244979614,0.15531892853611268,0.16960886694739408,0.5029854879122416,-0.3810635244979614
548,1690333,i,6,-1.3952440859845627,0.13564378071741245,0.2708206802530686,36.71694814938665,-1.3952440859845627
549,1690333,r,6,-1.3526067015049508,0.10229503804369533,0.18791359358049542,25.622439746115347,-1.3526067015049508
550,16910031,g,3,0.5940930649192122,0.17148588694050715,0.17779833214444618,3.1263376998016574,0.5940930649192122
551,16910031,i,10,-0.6918908419175595,0.11299040331276622,0.25020173641040466,35.379135929247965,-0.6918908419175595
552,16910031,r,12,-0.2663919521616662,0.0957400669120606,0.1847672667620079,4.195642630674528,-0.2663919521616662
553,16910031,u,2,1.3580418590600445,0.01926320640828383,0.01926320640828383,3.3500558993873497,1.3580418590600445
554,16949891,g,4,0.3999561524522607,0.325983722965766,0.5079142709100258,2.0947108385870936,0.3999561524522607
555,16949891,i,9,-0.786688345353853,0.10231964285470463,0.11838491107428817,25.247179773399367,-0.786688345353853
556,16949891,r,10,-0.25657767783600705,0.19199394748670667,0.32069146956136163,2.091986235593699,-0.25657767783600705
557,17049452,i,7,-0.7895311548261749,0.11473728451733989,0.47906722900285004,33.66120192674392,-0.7895311548261749
558,17049452,r,5,-1.2065794126877647,0.15177470279159588,0.23920258279869144,25.076081046196393,-1.2065794126877647
559,17067271,g,4,0.4834961896831309,0.02462262222738476,0.038822973153091744,0.7402499133069287,0.4834961896831309
560,17067271,i,8,-0.13951386051514392,0.23412265378876623,0.4385494544765423,2.6245972714324086,-0.13951386051514392
561,17067271,r,4,-0.14087510325022035,0.052620287432705026,0.11819456918844914,0.2600872468189918,-0.14087510325022035
562,17081841,g,3,0.3872167456736051,0.2058062088953332,0.32339549478406426,0.281801442867446,0.3872167456736051
563,17081841,i,9,-0.6591373082295006,0.10038316566082295,0.1989568088592475,14.126228950681918,-0.6591373082295006
564,17081841,r,9,-0.40375336174790316,0.11407823471189088,0.22448287762596203,2.864663391711135,-0.40375336174790316
565,17110148,i,5,-1.0770475290840325,0.1042796114539013,0.17028567615104273,29.703181715009045,-1.0770475290840325
566,17110148,r,6,-0.637666926687856,0.2708217647520546,0.5624719309809622,4.048563485755127,-0.637666926687856
567,17151236,i,3,-0.7910309585749511,0.14507003193623613,0.19577818529258273,39.96007221232937,-0.7910309585749511
568,17151236,r,7,-0.14293555163660976,0.23057476532247145,0.869271087946779,9.165728638470133,-0.14293555163660976
569,17159161,i,7,-1.0909712826899904,0.09793154752387578,0.3309779723910098,55.08493200386322,-1.0909712826899904
570,17159161,r,8,-0.8721684940759373,0.06799858881628001,0.1240975368843823,21.680773543224085,-0.8721684940759373
571,17188429,g,3,0.7824122450634206,0.05625095037419614,0.5065779953318322,1.225729721186051,0.7824122450634206
572,17188429,i,9,-0.5535858704684715,0.15504734473393578,0.31141167528755087,10.521052976298812,-0.5535858704684715
573,17188429,r,10,-0.1205504606666582,0.07814758907029185,0.4333778091415134,6.077921319489703,-0.1205504606666582
574,17188429,u,3,0.3791140718946464,0.04914341211667039,0.09394614216233882,0.4200194191379361,0.3791140718946464
575,17217939,g,4,-0.42573013758649747,0.05093891368408343,0.07433588514325146,0.6200301170818194,-0.42573013758649747
576,17217939,i,7,-1.3442655446646614,0.04697094597291751,0.15875676914370906,39.47799320431954,-1.3442655446646614
577,17217939,r,6,-1.4082348764976305,0.06637034922696361,0.17105398299993713,23.41267371605511,-1.4082348764976305
578,17232520,g,3,0.23280901196261627,0.1638079413920973,0.4012656812338621,0.5600131694421944,0.23280901196261627
579,17232520,i,4,-1.0258609619694976,0.14058939008176918,0.35612496455657894,19.16358333149394,-1.0258609619694976
580,17232520,r,5,-0.939815163131551,0.15110100837463292,0.8099914004630715,14.333097723374621,-0.939815163131551
581,1723374,i,9,-1.1503408256525616,0.0413125805329837,0.13014601737585751,24.319710586238788,-1.1503408256525616
582,1723374,r,7,-1.0005451439992943,0.12125191340041686,0.1481194932012263,14.015634178546788,-1.0005451439992943
583,17248689,g,2,0.1661812382138837,0.47523961056909864,0.4752396105690987,3.2303645970438226,0.1661812382138837
584,17248689,i,3,-0.6259644940963207,0.3647508654786058,0.6124363607373273,18.895390527712127,-0.6259644940963207
585,17248689,r,6,-0.47001802174504426,0.1483031308484205,0.2957977598677197,9.641684656823223,-0.47001802174504426
586,17269346,g,2,-0.18046607692701505,0.2759396096149697,0.27593960961496966,1.4109678317285406,-0.18046607692701505
587,17269346,i,8,-1.0229748471087305,0.05247929226198972,0.10127289064605183,43.3370661647426,-1.0229748471087305
588,17269346,r,6,-0.7949899133765511,0.15966736956993027,0.3511646474823886,22.86913361078454,-0.7949899133765511
589,17294224,g,2,0.44339991448631766,0.05008450441851986,0.05008450441851986,0.6196696809118845,0.44339991448631766
590,17294224,i,6,-1.026778307479718,0.12271128365356948,0.20529053872384684,55.03255864735661,-1.026778307479718
591,17294224,r,7,-0.3483485158467994,0.15560933396344145,0.5561369700869705,8.898264931732786,-0.3483485158467994
592,17295976,i,6,-1.130604407722826,0.13653054021173783,0.2986527468886194,34.48832036985263,-1.130604407722826
593,17295976,r,5,-1.0444736928331506,0.05332446255398027,0.07772787572447026,14.722199963755983,-1.0444736928331506
594,17330061,i,5,-0.7866720105508583,0.06011664097854574,0.08746540251476842,13.989321046717532,-0.7866720105508583
595,17330061,r,5,-0.5075271164668531,0.1490252684628698,0.16363216407489845,5.267523540156381,-0.5075271164668531
596,17330524,i,18,-0.43153894052336994,0.04193371383155259,0.10713449928094793,7.701775794781516,-0.43153894052336994
597,17330524,r,11,-0.29753924499370854,0.04849288296475829,0.12398007266301958,2.3081033740591734,-0.29753924499370854
598,17445710,i,8,-1.100693840187679,0.08879517999717995,0.22561781493414346,30.165088967019564,-1.100693840187679
599,17445710,r,5,-0.8975344302571792,0.05416167711856146,0.2932637185044742,11.495497850017212,-0.8975344302571792
600,17502058,i,9,-1.075642920175339,0.09120592763735158,0.3194253275828295,39.31972167699799,-1.075642920175339
601,17502058,r,6,-0.8361477720153173,0.15768119881798354,0.39637449408827863,8.822692437520807,-0.8361477720153173
602,17504995,i,6,-1.1577895877460063,0.03073801371555851,0.3106634481342434,36.03296848352031,-1.1577895877460063
603,17504995,r,4,-1.1346417420268877,0.023177577044396713,0.03641669970435446,24.624670499323642,-1.1346417420268877
604,17603100,i,7,-0.7676824126451294,0.19830117006870918,0.2428517749790079,16.610150529370664,-0.7676824126451294
605,17603100,r,9,-0.7887083362303913,0.12481641993709247,0.23500695237356428,12.057920820277852,-0.7887083362303913
606,17619852,i,6,-0.08121226429639822,0.21882774709833205,0.3807473458608661,2.3909039825972713,-0.08121226429639822
607,17619852,r,7,-0.001941650773553516,0.35280410067051987,0.6418483440004186,1.800927735304486,-0.001941650773553516
608,17624182,g,3,-0.4207374937407997,0.01694829722361091,0.41440401818536093,0.8811009523064608,-0.4207374937407997
609,17624182,i,5,-0.6167079690047521,0.0901742662154501,0.15637128161802216,17.056937091350747,-0.6167079690047521
610,17624182,r,7,-0.8005755008015698,0.05960684118784909,0.2641145558473025,8.892227054511698,-0.8005755008015698
611,17742758,i,7,-0.9377025931938469,0.14340900360801057,0.2678245946073481,41.55760150235899,-0.9377025931938469
612,17742758,r,8,-0.7616000129740809,0.19373833334576473,0.34363039147367613,14.75692567919528,-0.7616000129740809
613,17746673,g,4,0.3109406511499525,0.21651862934692867,0.3458550561578728,1.0451019668078585,0.3109406511499525
614,17746673,i,7,-0.33870863671986695,0.3876640725965723,0.5839281105247687,15.65678849616143,-0.33870863671986695
615,17746673,r,2,-0.10292115257518653,0.7483458105139287,0.7483458105139287,10.80934528272022,-0.10292115257518653
616,17797665,i,7,-0.589154540757291,0.08725024544256843,0.19910810260629136,9.83615786203705,-0.589154540757291
617,17797665,r,6,-0.28314808815617354,0.11312849792786661,0.19783515730350548,2.0248615595517143,-0.28314808815617354
618,17805765,g,3,0.05894817661690821,0.16737382011148016,0.26884913389106374,0.33680271879535545,0.05894817661690821
619,17805765,i,5,-0.4270898737914145,0.07792691751412584,0.5230656496051292,4.431934124441243,-0.4270898737914145
620,17805765,r,3,0.14415770465327968,0.10068055429191225,0.30404869390315387,1.272287286026052,0.14415770465327968
621,17835090,i,10,-1.7684925827395426,0.14796485006015359,0.2460617971679835,73.41750875382172,-1.7684925827395426
622,17835090,r,12,-0.9062968304975296,0.1035290736017509,0.36088389150889344,15.130995293661956,-0.9062968304975296
623,17849208,i,6,-2.0598266259456164,0.10420106683990005,0.25984287504425496,143.7767856851328,-2.0598266259456164
624,17849208,r,5,-1.8226745390640067,0.07245307068762852,0.08081198206760365,65.98190024256412,-1.8226745390640067
625,17924524,i,11,-1.0196437612203764,0.08136281030229553,0.14981901900869365,42.59211637765785,-1.0196437612203764
626,17924524,r,7,-0.9534685411830658,0.04270097640377457,0.08206400668488611,23.262845299545713,-0.9534685411830658
627,17971511,i,8,-1.4868009439811036,0.02108174956551634,0.060861960292865946,53.697657701870256,-1.4868009439811036
628,17971511,r,8,-1.0900761268254624,0.08439994252551408,0.16213532457610302,19.890180383666948,-1.0900761268254624
629,17972114,g,5,0.11359803564669768,0.08965903106366802,0.34029244380233303,0.1530456489600101,0.11359803564669768
630,17972114,i,14,-0.859091535708263,0.15194675844699373,0.2969025764990909,15.471362047103302,-0.859091535708263
631,17972114,r,16,-0.7036028101397915,0.08892309755089323,0.13406050756736276,8.586163792095292,-0.7036028101397915
632,17985487,g,2,-0.3095850966806992,0.14784752374460508,0.14784752374460508,1.3752872363731927,-0.3095850966806992
633,17985487,i,3,-0.7989656630967495,0.10451230678053525,0.22860146231481004,22.155836094270015,-0.7989656630967495
634,17985487,r,6,-0.459430215621795,0.10247613226105984,0.1811290493706894,5.983970424430516,-0.459430215621795
635,18008874,g,4,0.49533019804008815,0.06358525911266039,0.13207547609500558,1.50724063205897,0.49533019804008815
636,18008874,i,3,-0.5476958565296828,0.1982931131327551,0.2417585033290769,14.726326628162992,-0.5476958565296828
637,18008874,r,5,-0.31071556150438506,0.18274338739274099,0.42069966671362624,1.3595905685054483,-0.31071556150438506
638,18022630,i,6,-1.3370895220655048,0.05900437825586269,0.2344530867377348,71.60703473679756,-1.3370895220655048
639,18022630,r,6,-1.1583534609866206,0.09724071541610302,0.5909563466789775,18.732552376633436,-1.1583534609866206
640,18031673,g,3,-0.3738499798560251,0.0035053890182885628,0.07018177725475122,0.47711928554316324,-0.3738499798560251
641,18031673,i,11,-0.8660919122703333,0.08983017235648116,0.12203436543769208,19.650585260180012,-0.8660919122703333
642,18031673,r,6,-0.6557684232890886,0.3527406069536131,0.6063620519761954,4.206858125930963,-0.6557684232890886
643,18060411,i,5,-1.1390591615450887,0.13037855699990542,0.21816424693481085,40.996219328034655,-1.1390591615450887
644,18060411,r,5,-1.0235364179883923,0.15315326592886436,0.30022944687964137,23.451627942238787,-1.0235364179883923
645,18064324,i,17,-0.6568836688399282,0.07534597453586367,0.3319984378709188,14.943257357921853,-0.6568836688399282
646,18064324,r,11,-0.48657397927935997,0.21613955401899854,0.68191204159972,3.629453349710501,-0.48657397927935997
647,18131393,g,4,0.8237922338518556,0.02530006610952129,0.08026737965416397,2.764152017258757,0.8237922338518556
648,18131393,i,21,-0.28019009248134996,0.2576164564152209,0.514374580188832,6.330857916247561,-0.28019009248134996
649,18131393,r,17,0.01749708271916972,0.2822066232200724,0.5640441825579214,2.172980949829494,0.01749708271916972
650,18131990,g,2,0.17679829172749795,0.09431842305705151,0.09431842305705151,0.08871359530432721,0.17679829172749795
651,18131990,i,14,-0.5171736307036454,0.1669752855978962,0.2996803786581087,6.253676974109462,-0.5171736307036454
652,18131990,r,8,-0.22557610820754254,0.08088968436378408,0.15818789802293604,2.1427834422536423,-0.22557610820754254
653,18259405,i,8,-0.7395217314403356,0.03568763855848922,0.12193523793705441,25.021044872292034,-0.7395217314403356
654,18259405,r,10,-0.2179280385257633,0.4147436721411735,0.8022686197435303,4.376283992418978,-0.2179280385257633
655,18387080,g,6,-0.23457947593177012,0.091008611408127,0.13887068075402687,0.34067323475736405,-0.23457947593177012
656,18387080,i,8,-1.318337985000401,0.12179332822630562,0.20844362071605427,42.991989229631486,-1.318337985000401
657,18387080,r,11,-1.0661971691331271,0.07166843393435851,0.1489846739830475,22.407246276686184,-1.0661971691331271
658,18408504,g,4,0.7990277407660131,0.14140193059061207,0.23759986518252552,5.469110389567071,0.7990277407660131
659,18408504,i,4,-0.4443294676209892,0.32412091129148857,0.6027180317843304,13.480049617072265,-0.4443294676209892
660,18408504,r,3,-0.1528838604407401,0.06621394090217025,0.10005061737047338,0.5064227200891297,-0.1528838604407401
661,18462333,g,2,0.4746666068283857,0.034467897070498466,0.034467897070498466,0.8159037867349423,0.4746666068283857
662,18462333,i,4,-0.4344232764793608,0.029434958564504232,0.057705055658714643,6.645363488156334,-0.4344232764793608
663,18462333,r,7,-0.41264473293770465,0.11948369749506371,0.16108695303979326,4.012999181613957,-0.41264473293770465
664,18471197,i,5,0.06297941871453949,0.009909611654398742,0.010921623113220758,0.02576284424641694,0.06297941871453949
665,18471197,r,6,0.22574819529104162,0.07793753829688033,0.12985556171587714,0.1260707344739272,0.22574819529104162
666,18543647,g,5,0.18928200691200647,0.362139484636051,0.4289545152837521,0.7433636842162681,0.18928200691200647
667,18543647,i,15,-1.1289327401422278,0.07641174582671795,0.14652331726957057,42.55918334688181,-1.1289327401422278
668,18543647,r,13,-0.6816541325280606,0.3592062924698113,0.6877933196418177,19.05802333419749,-0.6816541325280606
669,18575537,g,4,0.5570160229278084,0.029204760835056187,0.06779979589950968,0.9875753305543349,0.5570160229278084
670,18575537,i,12,-0.07775834533662573,0.2152964896235568,0.4243754445441795,1.7094069755474577,-0.07775834533662573
671,18575537,r,15,0.042560826239034344,0.1693132047335449,0.2583314944711975,1.0196548169376427,0.042560826239034344
672,18599649,g,2,0.22266940037778638,0.4027935410285707,0.4027935410285707,0.6932591441186804,0.22266940037778638
673,18599649,i,10,-0.09777087882384629,0.1482572322664923,0.4763531486648178,3.7051912981990265,-0.09777087882384629
674,18599649,r,11,-0.014450888652713281,0.26349590829793335,0.4216074177076595,0.7115980948143116,-0.014450888652713281
675,18633505,g,2,0.04426967589339931,0.34074946651384413,0.34074946651384413,0.6565842291298555,0.04426967589339931
676,18633505,i,13,-0.205433773999327,0.12328922110909873,0.3550410718156952,2.7055863141026344,-0.205433773999327
677,18633505,r,7,-0.5101350227753605,0.04247396506094109,0.0818615132803382,5.70953852909508,-0.5101350227753605
678,18673757,g,3,-0.19674052784244855,0.029608699366056923,0.345733166409079,0.4351727526749625,-0.19674052784244855
679,18673757,i,11,-0.7068062239379813,0.38643573191942004,0.6485723665574359,23.23971121767051,-0.7068062239379813
680,18673757,r,9,-0.9081953984461524,0.09353877009940925,0.7969352158743284,7.259616468986481,-0.9081953984461524
681,18712423,i,13,-0.2122510677484361,0.04173650235008547,0.28836813891168234,1.5469835980554605,-0.2122510677484361
682,18712423,r,14,0.28768202366829454,0.16893794887525904,0.7208440412929549,1.3795294201361934,0.28768202366829454
683,18737284,i,7,-2.1278328799027015,0.06010432987572489,0.1806572307174532,125.11349046106385,-2.1278328799027015
684,18737284,r,4,-2.0206623463740163,0.03130871544483527,0.08102506764993445,49.53977463146152,-2.0206623463740163
685,18737767,i,6,-2.267726185583035,0.056661253248683874,0.086993048139544,97.28676205716681,-2.267726185583035
686,18737767,r,5,-1.9164256462139346,0.09862238291452341,0.24043437519213362,37.30182574007948,-1.9164256462139346
687,188074,i,6,-0.8644365826845373,0.05259955393862448,0.11971591213731902,44.936412754431245,-0.8644365826845373
688,188074,r,4,-0.8604266235614644,0.024116077355423315,0.04279935656928291,31.298713099264887,-0.8604266235614644
689,18848459,g,3,-0.21584822315262697,0.08184321710888454,0.5716461425469748,2.1104205717812685,-0.21584822315262697
690,18848459,i,4,-0.2765618024858576,0.13774362629196835,0.27231465212042494,7.6605102774742075,-0.2765618024858576
691,18848459,r,7,-0.5052101760585972,0.2670186522854108,0.594276545636995,5.014223343674994,-0.5052101760585972
692,18865122,g,5,0.47424320956219673,0.17912800269662504,0.22669106728143018,2.8789051600809796,0.47424320956219673
693,18865122,i,6,-0.42484780310405,0.032156027157014794,0.05177008047615855,7.203837855729778,-0.42484780310405
694,18865122,r,11,-0.22323465593140077,0.2509683673649772,0.6506306973988786,2.932517603331874,-0.22323465593140077
695,18865207,g,3,-0.42758320265943706,0.035581721250869724,0.5649316136145979,1.0946887141537174,-0.42758320265943706
696,18865207,i,4,-1.289476140288613,0.14028370470498275,0.19465307867328452,37.35142380841168,-1.289476140288613
697,18865207,r,4,-0.7691264254908292,0.3249788128996899,0.6657266204083017,12.526932464380328,-0.7691264254908292
698,1891186,i,7,-0.6851389020894014,0.17097739284402402,0.18795078068753834,17.656794426462024,-0.6851389020894014
699,1891186,r,6,-0.6253165893541042,0.03272505698114159,0.0643232754502111,6.369415351811419,-0.6253165893541042
700,18917540,i,9,-0.8556384422084412,0.066888933493509,0.09917632817334077,28.08999859831388,-0.8556384422084412
701,18917540,r,7,-0.8136804355906209,0.051061783285301865,0.14655223936555772,13.400217678172679,-0.8136804355906209
702,18918693,i,14,-0.5546016095504657,0.14059099194027713,0.2832202407063522,11.483401019768682,-0.5546016095504657
703,18918693,r,5,-0.4813846261303442,0.2377953822812287,0.5861112414097693,5.103862875644841,-0.4813846261303442
704,18952876,i,7,-1.1079619816129165,0.11704508149467219,0.17282873075546457,18.039440374740987,-1.1079619816129165
705,18952876,r,4,-0.6025851991544656,0.04906266755934796,0.08485798614654128,3.4620351467714627,-0.6025851991544656
706,18961429,g,5,0.08341565589641631,0.2441383358774738,0.47660852349847793,0.7168535592115332,0.08341565589641631
707,18961429,i,12,-0.06032778880020301,0.20291466628968166,0.39410595570420703,1.6738318028684969,-0.06032778880020301
708,18961429,r,11,-0.10216327684774407,0.03907832217802759,0.08306984783833875,0.5616873882563349,-0.10216327684774407
709,18975470,g,6,-0.19432698042656685,0.17151358894238927,0.2600343900264995,0.4656267832615502,-0.19432698042656685
710,18975470,i,13,-0.7865039372390438,0.04923549964604146,0.12939154936012565,15.730113379351947,-0.7865039372390438
711,18975470,r,18,-0.5818268585818824,0.09525290516695617,0.1931910989791853,8.00639784037216,-0.5818268585818824
712,19049957,g,2,-0.20513991225871414,0.18180245839706438,0.1818024583970644,0.7236596619012349,-0.20513991225871414
713,19049957,i,6,-1.042860009137231,0.08758667411382182,0.20009131714172512,34.32403804915493,-1.042860009137231
714,19049957,r,3,-0.301865379683217,0.2313388985853736,0.4222344001140044,10.949519421685586,-0.301865379683217
715,19051036,i,8,-1.3786704803058139,0.18531889160865267,0.3948429493414538,58.45240661385649,-1.3786704803058139
716,19051036,r,5,-1.2679379419175723,0.1395149507004776,0.23944333029769593,17.064998158386494,-1.2679379419175723
717,19074624,g,2,-0.11175772918543603,0.0072621428171782965,0.0072621428171782965,0.08654519299008911,-0.11175772918543603
718,19074624,i,5,-0.16761810641476182,0.10654169854020046,0.513291464247269,13.923320199727465,-0.16761810641476182
719,19074624,r,8,-0.5853899413498321,0.2885089588766389,0.6518955389104211,7.54007684438747,-0.5853899413498321
720,19084656,i,8,-1.5099555371470998,0.12469615701326231,0.21135423004897347,58.99736300412586,-1.5099555371470998
721,19084656,r,7,-1.3143933042630929,0.08336411174954561,0.14220223593729275,23.87263296552041,-1.3143933042630929
722,19104243,i,6,-1.2043382806865714,0.10334900457848029,0.19480289708541831,37.63232604562233,-1.2043382806865714
723,19104243,r,5,-0.9825748491242634,0.0774668720326579,0.13577620443676253,24.32956593106089,-0.9825748491242634
724,19153248,g,2,-0.19911591914282048,0.07123292381013832,0.0712329238101383,1.0127885651584638,-0.19911591914282048
725,19153248,i,3,0.24142663388592006,0.03834781480772648,0.1466457616274839,0.8301346051147136,0.24142663388592006
726,19153248,r,3,-0.2244502059885773,0.010552899116764186,0.06867357383561928,3.0858514250235447,-0.2244502059885773
727,19153248,u,3,0.8442854082721305,0.03761592419503068,0.03967946690906887,2.2549522799182475,0.8442854082721305
728,1919614,g,3,-0.31840594083315277,0.05187867411824132,0.08985874372247282,1.1933067796967949,-0.31840594083315277
729,1919614,i,10,-0.362075514767059,0.10958531079335004,0.18486405955486435,3.955498098162143,-0.362075514767059
730,1919614,r,11,-0.6353916359061468,0.02704129273886946,0.09183235135239576,7.2170764803614444,-0.6353916359061468
731,19204273,i,3,-1.198569726534972,0.07520476204840776,0.20624335370073577,46.61524909105294,-1.198569726534972
732,19204273,r,8,-1.4140732004635228,0.11882864830340534,0.1500277027620729,33.18098720408496,-1.4140732004635228
733,19217684,g,2,-0.16135508800614035,0.0077844089042868325,0.0077844089042868325,0.12116622953520886,-0.16135508800614035
734,19217684,i,8,-1.9329102885151448,0.013705858939022542,0.03322475374795486,160.82484689135816,-1.9329102885151448
735,19217684,r,8,-1.4611682156482937,0.09118755428769765,0.1577606521320516,24.57450136673789,-1.4611682156482937
736,19218805,g,2,-0.43216322944898505,0.012520322513684123,0.012520322513684179,0.8142694618384061,-0.43216322944898505
737,19218805,i,16,-1.0989811751299907,0.33061711775897706,0.536434028850078,36.191349875769816,-1.0989811751299907
738,19218805,r,12,-0.6192463242087041,0.31182832144122363,0.5181978571610977,8.694025235893763,-0.6192463242087041
739,19263088,g,3,0.4585438313556547,0.02456889834449516,0.05105970785862579,1.0746023889552332,0.4585438313556547
740,19263088,i,16,-0.6461193879449348,0.10895726182110244,0.21397896323383747,19.196672741953414,-0.6461193879449348
741,19263088,r,17,-0.32643803134571336,0.1088389235647006,0.26388875059208167,4.642343736566241,-0.32643803134571336
742,19263088,u,3,1.1346136244631244,0.5317301169478554,0.6190397918752157,2.8473873575183077,1.1346136244631244
743,19278983,g,6,0.19376152809378247,0.19945709559750321,0.43963046240983156,0.32773004338649536,0.19376152809378247
744,19278983,i,14,-0.07189930733823902,0.19054855288296513,0.44414407787055354,2.954154406566078,-0.07189930733823902
745,19278983,r,13,0.004789008048103005,0.06565523675086371,0.14839193456771535,0.18054189534061907,0.004789008048103005
746,1928278,i,7,-1.314898017940164,0.07116233971435393,0.1626099285954925,40.37117527874478,-1.314898017940164
747,1928278,r,5,-0.5398754587157428,0.43181340896350084,0.8804474001744291,10.825772443797304,-0.5398754587157428
748,19310032,g,2,0.5281587107821107,0.4884454808010822,0.4884454808010823,2.116976939672954,0.5281587107821107
749,19310032,i,7,-0.34989095951985283,0.23788018651906884,0.4760008913562764,7.563404889542346,-0.34989095951985283
750,19310032,r,7,-0.030748064835742106,0.1491236747745397,0.6550243336253134,5.966102481330227,-0.030748064835742106
751,19310032,u,2,0.6563270710154689,0.05517576535184543,0.05517576535184543,0.7470015774856273,0.6563270710154689
752,19311229,i,7,-0.6075343667109333,0.28732358363574495,0.4931721925637491,12.801092518564133,-0.6075343667109333
753,19311229,r,7,-0.3568421755096903,0.020792333830879473,0.042340616669371445,4.437965173519293,-0.3568421755096903
754,19313610,g,2,-0.35885322207855286,0.12215362886095793,0.12215362886095793,1.1606014839654555,-0.35885322207855286
755,19313610,i,6,-0.8614998537319598,0.08718783497367022,0.19009330290169402,13.824435848117545,-0.8614998537319598
756,19313610,r,5,-0.8854773218473246,0.04798719106468552,0.05912018547441522,19.149830494145867,-0.8854773218473246
757,19329263,i,6,-0.5497522465056282,0.017186569339843194,0.1288719190589518,7.648991782710019,-0.5497522465056282
758,19329263,r,7,-0.37602418125633746,0.10526782331403878,0.18660455140194476,2.600390890973439,-0.37602418125633746
759,19416953,g,2,-0.1993618066571493,0.02450299071197304,0.02450299071197304,0.24181686479654785,-0.1993618066571493
760,19416953,i,6,-1.0188634272338382,0.15514447016666782,0.2800725658883756,30.94203268519868,-1.0188634272338382
761,19416953,r,4,-1.0053945997630085,0.057100976954349125,0.27405425117093074,14.545940927005365,-1.0053945997630085
762,19423481,i,7,-0.5086334466607751,0.050760121694374494,0.08686963394611696,7.754428441280231,-0.5086334466607751
763,19423481,r,5,-0.5233233207228167,0.01845860087026918,0.024698570865110736,11.97082538818729,-0.5233233207228167
764,19576102,i,8,-0.3525987292142831,0.23835150938991273,0.8525061372375341,9.591740759395249,-0.3525987292142831
765,19576102,r,5,0.5498284046680866,0.5926679969593478,0.6652629636849047,9.52380716958173,0.5498284046680866
766,19585328,g,3,-0.43735373204439587,0.006943876861520759,0.026513259527597255,1.0905519090813098,-0.43735373204439587
767,19585328,i,9,-1.5645357444222021,0.12903327967085843,0.18912292678971054,66.03958463016762,-1.5645357444222021
768,19585328,r,8,-1.2848192642206215,0.07795270137208121,0.354878483886623,29.53949282351852,-1.2848192642206215
769,19629503,i,6,-1.2767621815888082,0.03926578277567361,0.14320778304518944,59.84300166416991,-1.2767621815888082
770,19629503,r,5,-1.4929340336583303,0.03701020500016883,0.05531926696249445,28.00241230270642,-1.4929340336583303
771,196346,g,2,-0.3950321754047492,0.01240059589335174,0.01240059589335174,0.9260516862897126,-0.3950321754047492
772,196346,i,8,-1.047558299719817,0.025496310919902343,0.08904779381506644,56.50063031482763,-1.047558299719817
773,196346,r,6,-0.9223472580984424,0.13332546265967382,0.29420890107463027,16.448252337268574,-0.9223472580984424
774,19649859,g,2,-0.3435241119433884,0.13671506928447585,0.13671506928447585,1.126927130619168,-0.3435241119433884
775,19649859,i,5,-0.6757212290483259,0.06021872722103727,0.07485028736348609,18.193879993442433,-0.6757212290483259
776,19649859,r,7,-0.7146940257043723,0.08352250290786589,0.16402710632626794,13.878115013955062,-0.7146940257043723
777,19670392,i,8,-0.4694166457395844,0.12790199125344948,0.5160176279697861,12.844021783582821,-0.4694166457395844
778,19670392,r,3,0.09441404893131755,0.3698793522629761,0.4387470568426776,2.59062768156431,0.09441404893131755
779,19674203,i,7,-1.0425743882062286,0.1957867459003073,0.29565228675560573,22.414329355085552,-1.0425743882062286
780,19674203,r,5,-0.7630434889609383,0.2693146916165292,0.5144898203996725,6.35668676388974,-0.7630434889609383
781,19700637,i,11,-0.419771148753312,0.1556789873463238,0.2614369540677871,5.020717781051345,-0.419771148753312
782,19700637,r,4,-0.0038227602548863704,0.026150131128532483,0.15874012664192244,0.1774723156552881,-0.0038227602548863704
783,19706424,i,17,-0.14983843700352195,0.19088910430169181,0.3219712754680142,5.343378642588687,-0.14983843700352195
784,19706424,r,17,0.11343583227789744,0.35095776151971003,0.7733712211991652,3.2667864291481963,0.11343583227789744
785,19757503,g,6,0.0369412077128064,0.11129184668276398,0.16876177439662693,0.27929349381606183,0.0369412077128064
786,19757503,i,10,-0.3497124276571131,0.17116404492203058,0.3121003005723042,6.886616601852031,-0.3497124276571131
787,19757503,r,13,-0.5177108089634984,0.08586274185809428,0.2495694349226042,3.0861779263722386,-0.5177108089634984
788,19773507,i,8,-1.360093327690619,0.06617288682721956,0.13325911825527625,41.17479352550366,-1.360093327690619
789,19773507,r,3,-1.151829348157917,0.1337684181954153,0.1518129286083314,19.760537903614843,-1.151829348157917
790,1980193,g,3,-0.18313996566102164,0.04068230058621225,0.5148710937399243,0.9664458667172443,-0.18313996566102164
791,1980193,i,7,-1.508701870145524,0.020208015379280297,0.04028513881684925,86.8932845868666,-1.508701870145524
792,1980193,r,8,-1.1537700120142889,0.10401857882429488,0.1836854584147105,22.400201492504422,-1.1537700120142889
793,19829916,g,4,-0.40464123022485565,0.018691981324300805,0.33432710110629277,2.2963772000603,-0.40464123022485565
794,19829916,i,13,-0.3918614422245775,0.20684671084670392,0.5706261820730153,9.358279422160617,-0.3918614422245775
795,19829916,r,13,-0.396732679719929,0.20718052488397531,0.5784478238629025,6.767948859597684,-0.396732679719929
796,19844795,g,4,-0.35926068170907116,0.04779342198452649,0.08931530015587763,0.5280234239843924,-0.35926068170907116
797,19844795,i,10,-0.8736876738117036,0.07279503971936702,0.20360905111482508,19.961518342124084,-0.8736876738117036
798,19844795,r,10,-0.8540377972246256,0.11742270451435316,0.36859817175012866,11.705474982381064,-0.8540377972246256
799,19856560,g,5,-0.2381750135947555,0.03059688086404344,0.05713962787923871,1.0822945379818663,-0.2381750135947555
800,19856560,i,8,-0.7937709189343877,0.07028976728611752,0.17107560702406155,18.436986569234296,-0.7937709189343877
801,19856560,r,9,-0.25236047024249797,0.21298346163759718,0.4939773505940317,4.42354735269848,-0.25236047024249797
802,19904877,g,2,-0.2366867649875667,0.09401665781321056,0.09401665781321056,0.7795588289717241,-0.2366867649875667
803,19904877,i,7,-0.3961184907183644,0.06606423485768875,0.19645672825199983,9.917006641498517,-0.3961184907183644
804,19904877,r,8,-0.38794362963755413,0.13829356944396126,0.40574515601919037,4.314125138160362,-0.38794362963755413
805,19910171,g,2,0.18017709805901316,0.12070686535169206,0.12070686535169206,0.167824676104941,0.18017709805901316
806,19910171,i,8,-1.0411362249078147,0.0710481269380146,0.13874094161588735,38.47019914579493,-1.0411362249078147
807,19910171,r,8,-0.9348415454109247,0.16151523503093823,0.31455398682423863,16.44857837615652,-0.9348415454109247
808,1993641,g,3,0.7883686586804575,0.2117109404475428,0.2278589037594584,4.755312378970007,0.7883686586804575
809,1993641,i,5,-0.2933179925375254,0.06696646753461416,0.19608821463678733,1.4049019500674107,-0.2933179925375254
810,1993641,r,3,-0.2585469650388531,0.20113818663115524,0.3118961824830057,1.4594438402538206,-0.2585469650388531
811,19945551,g,5,-0.4019408645096829,0.08455309750203965,0.13077344345933484,0.468512818566285,-0.4019408645096829
812,19945551,i,7,-1.664753443148784,0.06340652165180405,0.08178853008472009,85.89924504537302,-1.664753443148784
813,19945551,r,9,-1.4983303927362424,0.057982620389000594,0.11229390890150359,30.682260893205335,-1.4983303927362424
814,19983153,i,9,-1.0420621828508272,0.12940894892166588,0.26656823957412956,20.771521608115066,-1.0420621828508272
815,19983153,r,6,-0.9093217238578778,0.17067868166118155,0.279686935541148,8.502139250542792,-0.9093217238578778
816,20064236,g,4,0.6657105964193744,0.17537584666074257,0.35769123047127627,1.7362138217043521,0.6657105964193744
817,20064236,i,9,-1.3121985904003297,0.053129471239695025,0.3527696413424515,38.7967352484712,-1.3121985904003297
818,20064236,r,8,-0.24260270838874082,0.3024981578374586,0.635901583891772,3.688233952602939,-0.24260270838874082
819,20081444,i,6,-1.6412613388682291,0.028544492467970306,0.05048527208426856,106.39040307583622,-1.6412613388682291
820,20081444,r,9,-1.3695793757387773,0.04327181977493022,0.05767919021883161,21.189505285983362,-1.3695793757387773
821,20101046,g,2,0.13238749934516814,0.026570781211099792,0.026570781211099792,0.2018097750577535,0.13238749934516814
822,20101046,i,6,-0.3759515585136601,0.09767472182597897,0.18998106653138452,4.7615713797630725,-0.3759515585136601
823,20101046,r,3,-0.39238431679452784,0.014962117237236006,0.0803332252355573,5.9779618300639354,-0.39238431679452784
824,20115062,g,2,-0.2891523935934498,0.172960810634895,0.172960810634895,0.40264591297782926,-0.2891523935934498
825,20115062,i,5,-1.0530647574317782,0.2428348775944449,0.2747933269145366,38.813941102735456,-1.0530647574317782
826,20115062,r,4,-1.2098336228062756,0.04628374134110991,0.11091115949194785,30.330105346252438,-1.2098336228062756
827,20127314,i,5,-0.8217676632113341,0.18408685332084496,0.2579449685008177,43.871833427241384,-0.8217676632113341
828,20127314,r,5,-0.6857112971813244,0.005315261568036633,0.009595857513120643,15.74008131871219,-0.6857112971813244
829,20138690,g,2,-0.5218994613635194,0.06295426479155763,0.06295426479155769,1.2563878441749254,-0.5218994613635194
830,20138690,i,7,-1.3394924332501654,0.124616331798584,0.33612680284153873,38.62977878853628,-1.3394924332501654
831,20138690,r,6,-0.7200503138253966,0.21163491718591965,0.36342940724789063,13.717466551673374,-0.7200503138253966
832,20165496,g,4,0.15395999204831629,0.19503197476714362,0.3099413888464352,0.3666067524316503,0.15395999204831629
833,20165496,i,14,-0.23738620276946987,0.14101531354812913,0.25967424199282974,3.8812187645065443,-0.23738620276946987
834,20165496,r,13,-0.33769338129685034,0.13552974037832732,0.22485340129654652,2.0362165706413213,-0.33769338129685034
835,20167691,i,5,-0.31250118758813095,0.42671485099738304,0.454682856978338,9.811977233744441,-0.31250118758813095
836,20167691,r,5,-0.12649508520396213,0.17313647921000408,0.18908807827891283,1.7537221450420428,-0.12649508520396213
837,20181674,g,2,0.4121631334862084,0.7145977827294878,0.7145977827294877,2.6588237208004917,0.4121631334862084
838,20181674,i,4,-0.3153722156675484,0.17068894937631365,0.3395140728727191,8.810618489575104,-0.3153722156675484
839,20181674,r,5,-0.04382159898369993,0.23390084017872054,0.2740514555566025,2.2238473562735726,-0.04382159898369993
840,20211408,g,2,-0.34051936772011787,0.03174324029623926,0.03174324029623932,0.43095402261464016,-0.34051936772011787
841,20211408,i,8,-1.476178524473076,0.091345144598728,0.13797053162635864,55.7864344653418,-1.476178524473076
842,20211408,r,7,-1.0911418193403952,0.11645628187370383,0.18148009689179312,15.17787700400598,-1.0911418193403952
843,20212401,i,9,-1.0402279781515218,0.13902969584460667,0.48712085809842987,11.743976927543857,-1.0402279781515218
844,20212401,r,6,-0.6352685007136369,0.2073644678004397,0.37524134053306624,4.430662767439775,-0.6352685007136369
845,2022744,i,7,-1.1568061920419124,0.042622366480460805,0.13650002512886994,42.14518917603188,-1.1568061920419124
846,2022744,r,6,-0.8007767412503904,0.17135353613886523,0.29370928532217344,10.411537353732422,-0.8007767412503904
847,20243297,i,10,-1.6656558444923981,0.05885403916480747,0.12384006969804662,72.96493431756174,-1.6656558444923981
848,20243297,r,7,-1.7114250561573419,0.03364547616642999,0.06554079808826829,35.51734729445668,-1.7114250561573419
849,20243920,g,4,-0.022157568496522534,0.054346138021250434,0.17764229994417105,0.21530696627585355,-0.022157568496522534
850,20243920,i,4,0.08051791721029883,0.09151160494042848,0.24740651099720057,0.5571988948807158,0.08051791721029883
851,20243920,r,7,0.004048054141663648,0.10361577914634357,0.1586641697349379,0.502725159206053,0.004048054141663648
852,20243920,u,2,0.6863203226773409,0.09504285732313306,0.09504285732313311,1.2224693972123435,0.6863203226773409
853,20257398,g,2,0.23140517752034084,0.024823992004786244,0.024823992004786244,0.2925143800850079,0.23140517752034084
854,20257398,i,4,-0.10957917875832923,0.26550482336445524,0.41533195342127205,3.5674686675105836,-0.10957917875832923
855,20257398,r,6,-0.2446994604199949,0.17360210544336996,0.33295164771335783,2.0594703783811146,-0.2446994604199949
856,20277102,g,6,-0.6001285290356602,0.027154198865223855,0.0459317106385011,1.1221376873929454,-0.6001285290356602
857,20277102,i,6,-1.0502488010080504,0.14246281076242173,0.23558029734425956,17.79794371907355,-1.0502488010080504
858,20277102,r,6,-0.8898831859623743,0.21010619450693357,0.33468327102707374,12.022003780679732,-0.8898831859623743
859,20295720,i,7,-1.4160441450619534,0.16853794764549712,0.24891708393237066,48.08451170597383,-1.4160441450619534
860,20295720,r,7,-0.8124797462617668,0.13204832464128846,0.264191984864382,18.913787166681086,-0.8124797462617668
861,20341186,i,12,-0.10403230812006681,0.13954797983438144,0.21020213462682535,0.5776407451096073,-0.10403230812006681
862,20341186,r,7,-0.05611405282452808,0.017145166101046216,0.0600389643030273,0.05724311250350352,-0.05611405282452808
863,20373601,g,3,0.7405291439568112,0.16971398215412792,0.3938198715232201,2.935316709130938,0.7405291439568112
864,20373601,i,7,-0.9608007495474589,0.14732293580317757,0.5692049232433213,29.296152322918022,-0.9608007495474589
865,20373601,r,4,0.07436050986838988,0.2950421506972749,0.5618144387437842,1.4319177558674143,0.07436050986838988
866,20433074,g,2,-0.2726995893205744,0.05289380312554365,0.05289380312554362,0.6792093682273749,-0.2726995893205744
867,20433074,i,8,-0.16778221079262612,0.14464914429905107,0.7894179281680234,3.370363537001527,-0.16778221079262612
868,20433074,r,9,0.21663364021123654,0.3280352508868416,0.6650031222269641,2.902856628999345,0.21663364021123654
869,20442100,g,3,-0.38588347262736566,0.1209312813472061,0.1630253500477189,0.625298338348696,-0.38588347262736566
870,20442100,i,3,-0.8722972577696303,0.10523337523771759,0.18604702922562621,8.125185352516018,-0.8722972577696303
871,20442100,r,6,-1.0955242418302689,0.05136689832104957,0.21095002965301535,16.327546124905506,-1.0955242418302689
872,20464823,g,2,0.9110387513497293,0.03583448719054583,0.03583448719054583,1.5745231491863727,0.9110387513497293
873,20464823,i,8,0.26987757019632935,0.09900900373577559,0.23828479903806116,0.8728721235721958,0.26987757019632935
874,20464823,r,6,0.36328355113312366,0.16371334206669902,0.3145232923837249,0.7850437308282233,0.36328355113312366
875,204741,g,4,0.01433697042087173,0.3786481122579484,0.7610686629946728,1.1177240921247595,0.01433697042087173
876,204741,i,12,-0.6509747408318904,0.21649791026072368,0.48806963560118416,22.75296228167318,-0.6509747408318904
877,204741,r,12,-0.4006972640088113,0.1615248055109441,0.4948341272255826,6.892483764892037,-0.4006972640088113
878,2049972,g,4,0.1330873503066014,0.29276703530838516,0.6090992318980728,0.6602854134064926,0.1330873503066014
879,2049972,i,9,-0.9473577796528123,0.028768505631015073,0.05479952385429254,37.544745211991525,-0.9473577796528123
880,2049972,r,11,-0.6351656567022435,0.08148801160811403,0.15747307015499712,11.296688871999224,-0.6351656567022435
881,20522726,g,6,-0.35596272365245785,0.03389263186677574,0.17412139016791342,0.7835302741304516,-0.35596272365245785
882,20522726,i,5,-0.9079365328607616,0.06855146068017925,0.08006288289491947,16.807977914995774,-0.9079365328607616
883,20522726,r,7,-0.6896878787721998,0.2356319712164745,0.4196650331745051,13.687675111594666,-0.6896878787721998
884,20581932,g,3,-0.1670133655565783,0.009043888848056292,0.009580704987275118,0.15465660088292169,-0.1670133655565783
885,20581932,i,3,-0.6841651092053683,0.08987555224077637,0.11777620111064635,14.494163585337569,-0.6841651092053683
886,20581932,r,5,-0.9593593219625298,0.10102395770510664,0.15603514543086505,31.7921971685546,-0.9593593219625298
887,20683617,i,9,-0.9681795065026999,0.13233906877730905,0.20021069444904194,27.95577472076965,-0.9681795065026999
888,20683617,r,3,-0.802897155095496,0.12724958820243026,0.67211222790737,23.268950248149604,-0.802897155095496
889,20735670,g,2,0.20469661563716168,0.5680190668319489,0.5680190668319489,1.899187332339286,0.20469661563716168
890,20735670,i,4,-0.5291555534936015,0.06767529016541879,0.12741392807441976,25.665784673897754,-0.5291555534936015
891,20735670,r,4,-0.5472284975086825,0.03575015777646395,0.08211073678886804,14.589616666825012,-0.5472284975086825
892,20738031,i,5,-1.842237964480657,0.048178911671228786,0.14430814513041312,93.66890873178872,-1.842237964480657
893,20738031,r,6,-1.717533375098454,0.08396289566710724,0.1438830309440231,40.675690078992545,-1.717533375098454
894,20741418,g,4,0.603164312336008,0.5106315062152087,1.0869081653696329,2.359492676701264,0.603164312336008
895,20741418,i,10,-0.710639645937036,0.12235472090115784,0.23133022265930947,19.883966582581373,-0.710639645937036
896,20741418,r,10,-0.1614395137428908,0.19763403899782575,0.6669543143919245,7.0645566598815845,-0.1614395137428908
897,20772799,i,8,-0.7775721269184634,0.02947321418348614,0.13889393191610122,21.821880222328186,-0.7775721269184634
898,20772799,r,6,-0.6830488542630679,0.013518969631726607,0.024311145670872447,13.866278066568457,-0.6830488542630679
899,2080191,i,7,-0.5135212241190442,0.01544008464914104,0.07209028527423428,9.50223915509574,-0.5135212241190442
900,2080191,r,6,-0.3973407702260485,0.09674805001567033,0.1595043181629915,4.072918587919476,-0.3973407702260485
901,20804803,g,4,-0.13207022148357334,0.06859383081428366,0.13729322505977715,0.2956293854126777,-0.13207022148357334
902,20804803,i,4,-0.2764570062278058,0.08568362583580819,0.2941169200328462,2.9122021526285726,-0.2764570062278058
903,20804803,r,9,-0.11322835676337496,0.03013146169134269,0.10133310856360181,0.8688325251280438,-0.11322835676337496
904,20822916,i,9,-0.07623956860098485,0.03928412117140778,0.06075281114177433,0.12884493839600072,-0.07623956860098485
905,20822916,r,4,-0.13011449555359056,0.00826702567409554,0.07237171702272688,0.13845569186678425,-0.13011449555359056
906,20877759,i,6,-1.3416563608242054,0.047975949138235996,0.07327740750316614,28.91249444623294,-1.3416563608242054
907,20877759,r,5,-1.256839879425078,0.06492124539017086,0.08509970676463019,11.223699417837295,-1.256839879425078
908,20924644,g,2,0.9204582834536086,0.5515018046015623,0.5515018046015623,2.258645586115022,0.9204582834536086
909,20924644,i,5,0.25985486328728746,0.25086012915452094,0.46736821537596707,0.803369239648427,0.25985486328728746
910,20924644,r,5,-0.018959491889712465,0.14471593561588908,0.5162339914293509,0.688046315418109,-0.018959491889712465
911,20990854,i,13,-0.5165322866588967,0.2920090213144021,0.5577712720222079,8.941114876887243,-0.5165322866588967
912,20990854,r,17,-0.20024692933434896,0.199005019178208,0.35431280015990796,1.9976192038594538,-0.20024692933434896
913,21004941,g,4,0.14896916134399832,0.3665606237350976,0.7674091905941541,0.6004177725246633,0.14896916134399832
914,21004941,i,16,-0.8728989125842733,0.15410246931925353,0.28541670386221185,27.919760060851367,-0.8728989125842733
915,21004941,r,18,-0.6461828265176555,0.26578586822709505,0.5349445103643229,9.964948528375295,-0.6461828265176555
916,21006105,g,2,0.9780551574518312,0.22782607460769616,0.2278260746076961,6.67687549055179,0.9780551574518312
917,21006105,i,4,-0.28519863588529726,0.11599477569092462,0.17392357173039505,1.977724525691145,-0.28519863588529726
918,21006105,r,6,0.22165636794908267,0.2831926240678583,0.6046357418843484,6.540991558092471,0.22165636794908267
919,21013141,g,2,0.4056349225519511,0.58279240258213,0.58279240258213,2.2902089789558593,0.4056349225519511
920,21013141,i,5,0.22613795610560733,0.03658670790604468,0.1383860262986002,0.6440744905892035,0.22613795610560733
921,21013141,r,4,0.4810939985071158,0.009272114936841158,0.14764210100103287,1.9685693041910233,0.4810939985071158
922,21026651,g,4,0.3834402347635287,0.39794958518332996,0.8875208746063137,1.6676691732840512,0.3834402347635287
923,21026651,i,4,-0.5561535550820997,0.2862547704044654,0.5860473952877909,20.947244858274356,-0.5561535550820997
924,21026651,r,9,-0.3373209479330238,0.17672625849827406,0.6530907170613562,3.18140349942199,-0.3373209479330238
925,21029757,g,3,-0.3959010731948033,0.007973503018467332,0.08815513551750348,1.1191922622452495,-0.3959010731948033
926,21029757,i,6,-1.6064793398800368,0.07997863957107965,0.14040811572100553,106.11383504925294,-1.6064793398800368
927,21029757,r,8,-1.263830773679988,0.037812016392845704,0.2547877119388746,35.837442090024,-1.263830773679988
928,21047334,i,5,-0.19204790056284438,0.0734233254848553,0.14251287579874272,0.1984235566711697,-0.19204790056284438
929,21047334,r,7,0.17944542390636908,0.09458758525221189,0.17049264965459238,0.17922890512766473,0.17944542390636908
930,21056798,g,2,-0.16833111513040125,0.15609940710103357,0.1560994071010336,0.6486979623828873,-0.16833111513040125
931,21056798,i,3,-1.1599375815915236,0.04522928274246274,0.1421941866573242,26.60751475117046,-1.1599375815915236
932,21056798,r,8,-0.8252094202401838,0.055570239438970825,0.08614466320486391,19.993860109404817,-0.8252094202401838
933,21089913,i,10,-0.7168363516412463,0.09518438174193378,0.2675385571516202,23.032039893548248,-0.7168363516412463
934,21089913,r,9,-0.5090416558704263,0.25728604607409356,0.4505899826505595,10.76913590752148,-0.5090416558704263
935,21130623,i,7,-0.6108760276103815,0.09586310216539917,0.26576743333118047,17.227239850935227,-0.6108760276103815
936,21130623,r,7,-0.3301693126336134,0.11499597339899204,0.18221836343665698,4.395093565388593,-0.3301693126336134
937,211388,g,3,0.09571065868672146,0.03390380522903491,0.30971742166347127,0.34099248666847254,0.09571065868672146
938,211388,i,7,-0.8731774191421939,0.04760335153944184,0.3026168564577981,43.71469566417091,-0.8731774191421939
939,211388,r,5,-0.6216713118328714,0.07400429066505343,0.30598971404606246,5.542170547184293,-0.6216713118328714
940,21173325,i,7,-1.075518545157335,0.15694596279544548,0.41162616240156136,35.31787461723209,-1.075518545157335
941,21173325,r,7,-0.20371978019608028,0.2862654125384291,0.3071568198776415,4.706723485281865,-0.20371978019608028
942,21192038,i,9,-2.075790038932207,0.07132922461393632,0.2544636736501027,92.53413869608855,-2.075790038932207
943,21192038,r,7,-1.474037373372517,0.19135168294906313,0.333803492256844,34.72533584905836,-1.474037373372517
944,2128039,g,3,-0.21169386232779153,0.05654278255404033,0.20639740539136986,0.6150005603144102,-0.21169386232779153
945,2128039,i,9,-1.2124530374506524,0.037985062265848635,0.14098632513106235,33.849383726529894,-1.2124530374506524
946,2128039,r,7,-1.2468012458092281,0.19936474780408675,0.35543285333005126,27.158235292433297,-1.2468012458092281
947,21343801,g,2,0.366873793738005,0.09470592731632455,0.09470592731632455,0.6169888375352477,0.366873793738005
948,21343801,i,8,-0.2677220781198644,0.16403341092322274,0.27132747364298415,3.931702908006673,-0.2677220781198644
949,21343801,r,8,-0.18545898937874328,0.09808523683818104,0.19203443044684693,1.1331671528142158,-0.18545898937874328
950,21497254,i,12,-1.1879152578458148,0.18870823974399925,0.3748058450087748,47.3937389379399,-1.1879152578458148
951,21497254,r,3,-0.8604641139207972,0.037779085939266266,0.20650099502005048,16.903668283810557,-0.8604641139207972
952,21501099,g,2,-0.31353178968057754,0.10916747131604715,0.1091674713160472,0.4727956979855003,-0.31353178968057754
953,21501099,i,8,-0.9213109765785417,0.30789129417399763,0.5303549935616392,26.829427987005023,-0.9213109765785417
954,21501099,r,8,-0.9954358710591169,0.13334818234163404,0.22476893682733534,19.908980920006062,-0.9954358710591169
955,21631749,i,8,-0.5869299700682431,0.13270728921858443,0.48936316331438634,10.370745136709418,-0.5869299700682431
956,21631749,r,8,-0.27498496467944455,0.23619335464767366,0.5756625922613309,4.532512521051103,-0.27498496467944455
957,2164806,g,6,0.2735831157997827,0.17200708891132088,0.4963390701956409,0.5402815514699063,0.2735831157997827
958,2164806,i,6,-1.5485703942410054,0.06021118707199247,0.1054877028565313,71.46311453607397,-1.5485703942410054
959,2164806,r,8,-1.1648976248395546,0.100199581069222,0.18225289246164778,13.19080401118489,-1.1648976248395546
960,21676703,i,9,-1.855016839659917,0.07895653636667221,0.11309061561987632,80.17886105885674,-1.855016839659917
961,21676703,r,9,-1.429277810670578,0.11973878595536003,0.15457470203850843,26.784437751565164,-1.429277810670578
962,21713046,g,5,-0.013690579831975525,0.15432291266865328,0.27025600811852657,0.7025585768556377,-0.013690579831975525
963,21713046,i,3,-0.10361519676267356,0.04335040607819568,0.28223024503287886,0.505168492765322,-0.10361519676267356
964,21713046,r,6,0.11678476010982075,0.307684676120941,0.6247537243973531,0.7927533824660301,0.11678476010982075
965,21713046,u,2,0.8405402602167804,0.17999604171141614,0.17999604171141614,2.2465889179976375,0.8405402602167804
966,2175026,i,6,-1.2587362822987056,0.09423581674279846,0.15631435775701652,46.20722258783956,-1.2587362822987056
967,2175026,r,7,-1.184767169786069,0.09129945621121838,0.13012742391975074,20.036507794149554,-1.184767169786069
968,21755300,i,5,-1.4619497956749288,0.21555769080308562,0.42311375481581126,75.96727725579441,-1.4619497956749288
969,21755300,r,7,-1.350070037233483,0.045028384991439685,0.19679386674936206,36.12686574503433,-1.350070037233483
970,21787819,g,6,0.8072468021145603,0.22284071494272334,0.3469192786473658,2.3954379992622283,0.8072468021145603
971,21787819,i,13,-0.237294474157473,0.2000261593500437,0.39971268001989835,7.742053397940198,-0.237294474157473
972,21787819,r,14,-0.04417635635298517,0.17799253803958598,0.399926420456076,1.8939502441758471,-0.04417635635298517
973,21788576,g,2,0.09820936447588419,0.5079835718929513,0.5079835718929512,0.8578758937304445,0.09820936447588419
974,21788576,i,3,-1.322395788679005,0.007280975996064143,0.03276789247815404,64.80788640017467,-1.322395788679005
975,21788576,r,6,-1.3714302678205479,0.04778250776608628,0.2515240851452134,31.405069342315443,-1.3714302678205479
976,21840176,i,7,-0.636807910363106,0.1382035759286998,0.4383921991367701,8.807908179194255,-0.636807910363106
977,21840176,r,5,-0.09419932423466859,0.13926815033646212,0.1922876109858962,2.356242928904808,-0.09419932423466859
978,2190121,i,13,-0.98714214173901,0.09247314219545466,0.18023580020622287,31.591232720237542,-0.98714214173901
979,2190121,r,11,-0.9901876830754308,0.12627207085147973,0.5601501397118144,15.90053347705509,-0.9901876830754308
980,21946018,i,4,-0.3331994760890464,0.035691189213175184,0.10123469282281411,4.30797681408599,-0.3331994760890464
981,21946018,r,10,-0.41641691606968495,0.06913034857809644,0.13808756582443538,4.771043229542869,-0.41641691606968495
982,22049463,g,3,0.28106710074892016,0.008225633258380216,0.13420811527746768,0.3653566128843737,0.28106710074892016
983,22049463,i,5,-0.46862472792505216,0.2088258826283511,0.42253691062427773,9.773271450236326,-0.46862472792505216
984,22049463,r,4,-0.3875109442704211,0.10420350316766835,0.3797738528249485,4.657505020555611,-0.3875109442704211
985,22142587,i,5,-1.5290180520417729,0.19344563126770997,0.2763439489005137,46.718654437016205,-1.5290180520417729
986,22142587,r,7,-0.881947065640162,0.060158161758361084,0.17778577143972496,3.995283006776535,-0.881947065640162
987,22203484,g,3,0.536724491405459,0.11236664479197755,0.607373400908434,1.1876016502367417,0.536724491405459
988,22203484,i,5,-1.2339256752061563,0.20462236193956307,0.4386718527060668,36.61724095915669,-1.2339256752061563
989,22203484,r,6,-1.1978693890297087,0.18120796617549273,0.33042230129535555,19.488385443721835,-1.1978693890297087
990,22282982,g,2,-0.22491101299285998,0.014308854909452107,0.014308854909452107,1.249572355972461,-0.22491101299285998
991,22282982,i,5,-0.3968058840640405,0.0545196576071878,0.07720716656529913,5.207716068302452,-0.3968058840640405
992,22282982,r,3,-0.10511639209408785,0.06380210598261082,0.18142946583439695,0.736743666271018,-0.10511639209408785
993,22282982,u,3,0.7427284479155779,0.08811072934354047,0.22738191095421234,1.4392007671066749,0.7427284479155779
994,22300685,i,5,-1.2937525218865864,0.05867006096331262,0.1543927967049088,87.29963795569603,-1.2937525218865864
995,22300685,r,5,-0.9428097183254598,0.06418283711424011,0.7553013632222656,24.34948566785319,-0.9428097183254598
996,22301624,g,2,-0.5410669087530818,0.0742065625271141,0.07420656252711422,1.7979021377804199,-0.5410669087530818
997,22301624,i,5,-1.1073396644339852,0.07970304165522224,0.11317757506850246,26.35515902372539,-1.1073396644339852
998,22301624,r,5,-1.0843924934747364,0.11069306625611053,0.19538227132051544,12.027652143383083,-1.0843924934747364
999,22336961,i,11,-1.5070189720942053,0.18196178802949214,0.32823958946174736,38.91459128100464,-1.5070189720942053
1000,22336961,r,4,-0.7923617532674392,0.19106791520044297,0.27153072274445167,8.698623166491787,-0.7923617532674392
1001,22338879,i,7,-1.331658798542676,0.16726845824046088,0.22170980094339465,35.82364000946509,-1.331658798542676
1002,22338879,r,7,-1.2723353638825636,0.19784844365499543,0.29112542508937844,26.28241787874796,-1.2723353638825636
1003,2238090,g,4,-0.5051910156003674,0.029463364794675873,0.059901168581654285,0.8402552742778989,-0.5051910156003674
1004,2238090,i,7,-1.4590590860712485,0.04948013310139565,0.08776363271739207,83.89706348546103,-1.4590590860712485
1005,2238090,r,9,-1.6151436968611883,0.04138308720843242,0.06308602198573521,41.56027393568108,-1.6151436968611883
1006,22382964,i,6,-1.7987727314972775,0.02114883882653551,0.14753022289372542,82.85063306207262,-1.7987727314972775
1007,22382964,r,9,-1.6423953202949269,0.040555179860371604,0.11508202308696247,58.85316401314159,-1.6423953202949269
1008,22392340,i,6,-1.2734986244494835,0.1651451221503213,0.2939690073245369,32.37994721708521,-1.2734986244494835
1009,22392340,r,5,-1.2823466987471321,0.08637312603561065,0.09906186624793611,36.627447902739036,-1.2823466987471321
1010,22413573,i,6,-1.4382351973334329,0.11335335987061979,0.21858427002224667,50.55223973066097,-1.4382351973334329
1011,22413573,r,5,-1.1549625587620342,0.08042986083047898,0.32896340752883635,24.53199317569239,-1.1549625587620342
1012,22435215,g,2,0.2885332891988368,0.08908765506406599,0.08908765506406596,0.6945910357353687,0.2885332891988368
1013,22435215,i,6,-0.4397478061497113,0.1525957712162962,0.24343178092040585,6.943339723003112,-0.4397478061497113
1014,22435215,r,6,-0.2595290305944159,0.12232453821192257,0.2635629267209157,2.9690290596245856,-0.2595290305944159
1015,22465468,i,4,-0.7557873842753944,0.042979670556380745,0.15232493369398536,25.885740679921646,-0.7557873842753944
1016,22465468,r,7,-0.7562120391086834,0.22842728344222574,0.7526295031975401,23.22056399244219,-0.7562120391086834
1017,22465596,g,3,-0.421972970392833,0.010229222533999827,0.02170189932533073,0.7199653741249049,-0.421972970392833
1018,22465596,i,8,-2.0837378066001033,0.09278324601735788,0.3529632717269877,84.20789357901211,-2.0837378066001033
1019,22465596,r,6,-1.7984348080883072,0.057875896044302655,0.10304128886777963,49.452024697016384,-1.7984348080883072
1020,22526101,g,2,0.9054114149361036,0.4290366095393455,0.4290366095393454,4.486597371063267,0.9054114149361036
1021,22526101,i,12,-0.1328753069661227,0.21959068638536716,0.3951602305841638,4.94529149245533,-0.1328753069661227
1022,22526101,r,8,0.3754050979869636,0.10710144029765309,0.2631540178839519,2.931433910280342,0.3754050979869636
1023,22531860,g,3,0.5640626597651528,0.033279285893086596,0.05232306138256804,0.8613280849468294,0.5640626597651528
1024,22531860,i,10,-0.4835555346569118,0.04724163818803212,0.3450001575884799,8.24798257413008,-0.4835555346569118
1025,22531860,r,9,-0.49900889751059807,0.059258280539509545,0.4457569037899717,5.830066323512884,-0.49900889751059807
1026,22574629,i,5,-1.323780541523759,0.020179813622535958,0.06760141671214481,48.709633495405306,-1.323780541523759
1027,22574629,r,7,-0.936947793894326,0.13602571427514132,0.26989421540010694,11.250216319629029,-0.936947793894326
1028,22586439,i,6,-0.6903660756177197,0.0441408617615483,0.0692017076714182,20.549107781963528,-0.6903660756177197
1029,22586439,r,7,-0.43737811194657095,0.18059990150075522,0.3665457064283707,4.586746284012434,-0.43737811194657095
1030,22657976,g,4,-0.3082696763149072,0.08501121443138743,0.17859814320865705,1.0585409144093452,-0.3082696763149072
1031,22657976,i,5,-1.52939960612694,0.04873880621811755,0.29644330785464157,71.60515252365379,-1.52939960612694
1032,22657976,r,8,-1.230397481835312,0.13552521871054524,0.25626548386307024,53.34561204739977,-1.230397481835312
1033,22815946,g,2,0.05028466690593586,0.18248842699474438,0.18248842699474438,0.17235123218241916,0.05028466690593586
1034,22815946,i,10,-1.239421773704575,0.1842346075562301,0.4699806809989866,31.056121345448854,-1.239421773704575
1035,22815946,r,14,-1.1332393852059217,0.057419274426424805,0.23390931900906475,25.951914752833222,-1.1332393852059217
1036,22825507,g,2,0.15941571842687266,0.04163694503998269,0.041636945039982665,0.2512235249203123,0.15941571842687266
1037,22825507,i,7,-0.6832739971385163,0.19289485029593145,0.21855892194001098,10.968563851598235,-0.6832739971385163
1038,22825507,r,8,-0.34617530878623526,0.008380394060855556,0.03217263980470553,3.328601322061151,-0.34617530878623526
1039,22860582,g,2,-0.5123780421215617,0.12226891425342867,0.12226891425342873,0.8497052502216456,-0.5123780421215617
1040,22860582,i,5,-1.2812468825330743,0.08015721605697257,0.18851952341617917,47.08587018130845,-1.2812468825330743
1041,22860582,r,5,-1.6210223393841336,0.1379677581991574,0.3782117621513279,31.85582885895537,-1.6210223393841336
1042,22882736,i,5,-1.5212458136413174,0.044667017524661956,0.0799271212136865,57.27501023847102,-1.5212458136413174
1043,22882736,r,6,-1.1611598988029428,0.06985159536280772,0.16503673900575344,28.27405826966583,-1.1611598988029428
1044,2291757,i,8,-0.2609797529897184,0.03616453735017153,0.10952612253394933,4.179957858354548,-0.2609797529897184
1045,2291757,r,6,-0.05918755101391124,0.007745627749088428,0.013474655071566533,0.1964600412013835,-0.05918755101391124
1046,22932785,i,6,-1.5132446878232393,0.03411222261556479,0.05999941597736358,82.21737443126047,-1.5132446878232393
1047,22932785,r,7,-1.0579037896056465,0.04141164266431163,0.078707113676308,49.92103304684807,-1.0579037896056465
1048,22936784,g,2,-0.002687807042314555,0.05911320274985796,0.05911320274985796,0.021520112514679744,-0.002687807042314555
1049,22936784,i,5,-1.069905681303879,0.23306837855694207,0.2509908062890126,32.6852823155786,-1.069905681303879
1050,22936784,r,4,-0.6359209235582959,0.12266165684837416,0.283864310083885,9.759647347076575,-0.6359209235582959
1051,22957857,g,4,-0.31725970371995893,0.03771765975804417,0.11468390242179893,0.36175712059447374,-0.31725970371995893
1052,22957857,i,2,-1.000758026483422,0.007844426999267906,0.007844426999267906,13.454121957903807,-1.000758026483422
1053,22957857,r,6,-1.2227481065240313,0.0364179565597722,0.05499903271117623,34.54094128037372,-1.2227481065240313
1054,22989454,g,4,0.09594056918668953,0.42298563755003166,0.7768749877667891,1.055057756312702,0.09594056918668953
1055,22989454,i,4,-0.7331228134098471,0.12462937187540712,0.2437790313590691,17.491707322864688,-0.7331228134098471
1056,22989454,r,9,-0.6715643576814918,0.05626232213369586,0.1059265015378218,6.562828953990074,-0.6715643576814918
1057,23036375,g,3,0.06063180623889475,0.25308553787263904,0.6206321125135275,0.911952015132214,0.06063180623889475
1058,23036375,i,12,0.16774794252901903,0.3360129101436892,0.613044162540108,3.683188405373935,0.16774794252901903
1059,23036375,r,11,0.4301024182444497,0.15474731893046378,0.41150297396434155,2.864256085627353,0.4301024182444497
1060,23041083,i,12,-0.8511822900331267,0.0994002765458557,0.4141809909449973,34.88507369683132,-0.8511822900331267
1061,23041083,r,10,-0.7566917550433825,0.02232156267218771,0.07613891746554169,19.43408001832088,-0.7566917550433825
1062,23065648,g,9,-0.17174960458995753,0.07542035342159098,0.11294537510250291,0.724483007703186,-0.17174960458995753
1063,23065648,i,12,-0.3270296932086185,0.1602454405963215,0.24450074031111252,4.4247688459737615,-0.3270296932086185
1064,23065648,r,13,-0.3163053451490147,0.15022988287212224,0.4070431112215076,5.722058482277237,-0.3163053451490147
1065,23065648,u,2,1.1024903092071316,0.05330416645645486,0.05330416645645508,4.509073072326848,1.1024903092071316
1066,23122190,i,5,-0.6834697865948224,0.12931564528630368,0.1339282308753469,18.490588833796657,-0.6834697865948224
1067,23122190,r,5,-0.8759361212166463,0.11146486883797124,0.3079868992884309,23.357367627215346,-0.8759361212166463
1068,23193253,g,2,0.15858328928528484,0.05118712950883578,0.051187129508835805,0.23411160798723785,0.15858328928528484
1069,23193253,i,5,-0.2865742738856446,0.05948664787297375,0.16981191410162944,2.2890803323642563,-0.2865742738856446
1070,23193253,r,5,-0.3452258641441599,0.13913459491938485,0.14303373704971312,1.5271391246704593,-0.3452258641441599
1071,2321757,i,8,-0.34621756443254703,0.17311469344836974,0.3643482587019007,4.561670109427604,-0.34621756443254703
1072,2321757,r,3,-0.5302958097660837,0.04471735533652521,0.15872812619927246,5.005416432120916,-0.5302958097660837
1073,23270097,g,2,0.5093247270323971,0.01305095381220256,0.01305095381220256,0.36900202469324306,0.5093247270323971
1074,23270097,i,5,-0.18402656805069717,0.08106166780767066,0.12945403996469673,0.1944891303381654,-0.18402656805069717
1075,23270097,r,5,-0.16401268906919375,0.05452592735591777,0.0729652584117324,0.11750098111243283,-0.16401268906919375
1076,23321563,i,7,-0.6078964322573057,0.07956797508173907,0.49248888638760796,14.972010999740116,-0.6078964322573057
1077,23321563,r,9,-0.5629133815055573,0.16602706633608244,0.7498206770778032,9.794904832772893,-0.5629133815055573
1078,23347281,i,12,-1.188871916937098,0.12249001936675386,0.23926344620974382,41.90241101791333,-1.188871916937098
1079,23347281,r,12,-0.9834930942586364,0.16224843058292138,0.42616981471999016,16.749859879990733,-0.9834930942586364
1080,23393566,i,5,-0.8188467669767886,0.0756765478930097,0.07883663176869471,20.14382150888,-0.8188467669767886
1081,23393566,r,5,-0.41005413791270395,0.03843517616468317,0.041147598911776884,5.3835596022027215,-0.41005413791270395
1082,23401292,i,7,-0.6902647573620847,0.17044651475641714,0.2907106693000199,9.07413028216102,-0.6902647573620847
1083,23401292,r,5,-0.8220500524868111,0.07382614245881758,0.12472742083853727,6.818930533451429,-0.8220500524868111
1084,23405244,i,4,-0.36333810879205575,0.041646689329023434,0.1511832056327352,2.5331369280478864,-0.36333810879205575
1085,23405244,r,6,0.12912695387986856,0.1023413101426372,0.1894385707621697,2.0931907093553113,0.12912695387986856
1086,23499154,g,3,-0.4152151572885855,0.012708848877459655,0.4259817607987547,0.6735011551317402,-0.4152151572885855
1087,23499154,i,4,-1.2360992485149773,0.17011559315532976,0.2484672039655107,37.05754567863498,-1.2360992485149773
1088,23499154,r,6,-1.0778838386629186,0.07797161854289059,0.19581241317051878,22.946105120587998,-1.0778838386629186
1089,23540076,g,3,0.7566299286142126,0.027170135092864034,0.27875432616155504,6.5442253408927415,0.7566299286142126
1090,23540076,i,4,-0.1446774252122386,0.019357731797993688,0.13313954562515307,1.0438985147422633,-0.1446774252122386
1091,23540076,r,6,1.0216242897210974,0.07819897261651693,0.17835343219437938,18.685030841778808,1.0216242897210974
1092,23559924,i,9,-0.7295376440143865,0.10250479525994882,0.1644963969907186,27.544199887717873,-0.7295376440143865
1093,23559924,r,4,-0.6640873096095423,0.05009200219915588,0.1555543195230904,7.432703346938157,-0.6640873096095423
1094,2362913,g,6,-0.1507090158984229,0.03682505200282293,0.07087011618330163,0.40709722466118275,-0.1507090158984229
1095,2362913,i,14,-0.2811403646339081,0.08032036446142377,0.14012863409816984,4.864428987079475,-0.2811403646339081
1096,2362913,r,17,-0.23383659168183094,0.11384652637190898,0.21871683976755008,1.4425000391596574,-0.23383659168183094
1097,23634989,i,5,-0.358001858344177,0.030427163568519433,0.059661161627944104,7.011266511728758,-0.358001858344177
1098,23634989,r,5,-0.31808798023617296,0.002782726626225751,0.004357094431527486,4.336935378209065,-0.31808798023617296
1099,23677443,i,6,-0.91724545896387,0.04576635261070128,0.07475439429961361,21.242580027288742,-0.91724545896387
1100,23677443,r,5,-0.8963238459867076,0.060318557281382135,0.11245580978105274,11.76389966267478,-0.8963238459867076
1101,23688219,i,7,-0.5249663721162277,0.21285819886495877,0.31212220270544855,8.214072277453727,-0.5249663721162277
1102,23688219,r,4,-0.6528938760483913,0.010482266227318793,0.016993718466965402,11.138800263959517,-0.6528938760483913
1103,237138,i,7,-0.05979442912181698,0.15602932915815426,0.2373562839667951,1.640325155860579,-0.05979442912181698
1104,237138,r,4,-0.02950939627215371,0.16235531382894533,0.3875689605649719,2.271240183766813,-0.02950939627215371
1105,23737744,i,7,-1.2372020109630304,0.14063785950577778,0.23796750347844675,27.28195522336407,-1.2372020109630304
1106,23737744,r,7,-0.9099849768727855,0.1854774377396411,0.37653272038493735,9.062353773196678,-0.9099849768727855
1107,23781546,i,7,-1.1425011971936636,0.11168458760841893,0.23881119853329502,41.71503214853449,-1.1425011971936636
1108,23781546,r,4,-1.0156460854205402,0.09360427789750297,0.17618458345699184,10.487789269013545,-1.0156460854205402
1109,23785385,g,2,0.03895433979216037,0.318468272343142,0.31846827234314196,0.9926092165863107,0.03895433979216037
1110,23785385,i,10,-0.5009774857783387,0.22056753273089874,0.4223673236338702,11.870111051379416,-0.5009774857783387
1111,23785385,r,7,-0.4555580335294912,0.1281495964447671,0.21246215581457545,12.301427563313473,-0.4555580335294912
1112,23785385,u,2,1.382695173185323,0.019249228513542382,0.019249228513542604,4.82492846511999,1.382695173185323
1113,23857485,g,2,0.6594343377513964,0.05434405975591583,0.05434405975591594,1.3754190069271262,0.6594343377513964
1114,23857485,i,8,-0.1849162391348327,0.08737627363983402,0.16470882751821336,3.5574141115513065,-0.1849162391348327
1115,23857485,r,8,-0.029194821013205585,0.20670822512331344,0.4816490462794756,2.7529630479149882,-0.029194821013205585
1116,23859546,i,4,-1.3761309001845912,0.0741739053562328,0.11405406799998263,46.36221405760289,-1.3761309001845912
1117,23859546,r,8,-0.6958449134807125,0.2460174590337636,0.46146086083552407,7.716774327108475,-0.6958449134807125
1118,2386922,g,5,0.21741624822940842,0.14421669473279142,0.5297466262857664,0.5430983313341112,0.21741624822940842
1119,2386922,i,6,-0.40499228766467676,0.1042709868708857,0.17858209434375405,3.449523563597543,-0.40499228766467676
1120,2386922,r,6,-0.30529784102356183,0.07915230434633225,0.24125695973632,1.5981320546973194,-0.30529784102356183
1121,2387244,g,3,-0.3763902025475205,0.00035889739241884433,0.007685357508931956,0.9729170135177522,-0.3763902025475205
1122,2387244,i,6,-1.0766201423412056,0.08403243759904594,0.15321110053004916,43.75701227210536,-1.0766201423412056
1123,2387244,r,7,-0.9466224321970955,0.02532943067546134,0.5043055184150418,13.531436050538918,-0.9466224321970955
1124,2387244,u,3,0.6972216401273448,0.022458549088448798,0.17821200259710457,1.0042887722782632,0.6972216401273448
1125,23876694,g,5,-0.18562168549508407,0.06905584372858786,0.27672337749798237,0.47897276500386654,-0.18562168549508407
1126,23876694,i,3,-0.8064445294873345,0.005840375414734922,0.204585774446279,6.457925702358622,-0.8064445294873345
1127,23876694,r,5,-0.6732500613426045,0.12358202198003176,0.20200195119102016,10.962487903272907,-0.6732500613426045
1128,23909615,g,2,-0.28644787061327537,0.00726407817438024,0.00726407817438024,1.238711434785099,-0.28644787061327537
1129,23909615,i,6,-0.4169182196580603,0.11725250171774462,0.17984374559928462,7.77359929745113,-0.4169182196580603
1130,23909615,r,7,-0.43220317140984954,0.04915633889960114,0.10083287805916863,6.63483740541956,-0.43220317140984954
1131,2391253,g,2,0.1856335041089679,0.4735509577564387,0.47355095775643863,1.0002377843587251,0.1856335041089679
1132,2391253,i,9,-0.3396803324763774,0.24315953618135266,0.5828720040904487,14.521033114573763,-0.3396803324763774
1133,2391253,r,6,-0.6376016314462933,0.03175728221833335,0.048053263475188235,17.35038414328614,-0.6376016314462933
1134,23924256,i,7,-0.6374690736901898,0.13436863223654316,0.6281526129505287,10.298035457069762,-0.6374690736901898
1135,23924256,r,7,-0.43463415598240357,0.06403745168782643,0.0851746180635507,4.286704402220875,-0.43463415598240357
1136,23942056,g,8,0.2878383116469291,0.057849240859668416,0.13932302690083878,0.4409792203445877,0.2878383116469291
1137,23942056,i,13,-0.5031792131270246,0.18121311857661138,0.37301528324529065,7.937832891040997,-0.5031792131270246
1138,23942056,r,13,-0.5060964460775593,0.09318499106073874,0.24894795427493582,4.995066950930096,-0.5060964460775593
1139,23942174,i,18,-1.337009603402427,0.1172522443668389,0.25359664221585954,41.151368597023975,-1.337009603402427
1140,23942174,r,9,-1.0872666315892232,0.3353539288297436,0.5437232551472022,12.542076103069494,-1.0872666315892232
1141,23948442,i,5,-1.0191945136937595,0.09644432221021226,0.09745500427630582,27.923270076984643,-1.0191945136937595
1142,23948442,r,5,-0.9077373288734225,0.11510183505720772,0.20555568889394982,9.66072948629267,-0.9077373288734225
1143,23988601,g,4,-0.3133140295734729,0.0813764997414502,0.12172824801494597,0.7824801431755719,-0.3133140295734729
1144,23988601,i,4,-1.2144171923220135,0.1296676715006223,0.2586520958204228,38.89134290963805,-1.2144171923220135
1145,23988601,r,5,-0.849782430251973,0.045758553105823774,0.07781151354654259,19.148191586479175,-0.849782430251973
1146,24011474,i,11,-1.5701119547505744,0.05064387189320296,0.19242824073688447,46.08297730588809,-1.5701119547505744
1147,24011474,r,12,-1.3381840118271766,0.06813887107271632,0.16379210429087898,24.27126134711391,-1.3381840118271766
1148,24056433,g,4,-0.22278980694516937,0.10297862391907503,0.23398080336740015,0.7071150247017148,-0.22278980694516937
1149,24056433,i,12,-0.4648440483372024,0.08127856737520983,0.12883381585505282,5.001315216013001,-0.4648440483372024
1150,24056433,r,9,-0.14467048364667834,0.3247593686085901,0.8955763252926873,5.994225000879157,-0.14467048364667834
1151,24065638,g,2,-0.16117602535382833,0.17543708516692155,0.17543708516692152,0.6431178850287439,-0.16117602535382833
1152,24065638,i,10,-0.8861950633433804,0.18357053738410523,0.3660651312229035,30.482794737460956,-0.8861950633433804
1153,24065638,r,8,-0.7169375303615169,0.16877484771301465,0.2848949517853311,11.601625915971697,-0.7169375303615169
1154,24081094,i,9,-0.9302588745009566,0.08766331930935412,0.1463125896434877,30.446394972436085,-0.9302588745009566
1155,24081094,r,6,-0.9691523545834761,0.03402174307259831,0.3712468659912038,15.92211512135132,-0.9691523545834761
1156,24085397,g,5,-0.15389418995009585,0.2560209399274519,0.9376319662784898,2.0637179392486087,-0.15389418995009585
1157,24085397,i,12,-0.04490795317380114,0.18131842837812912,0.3369509214568187,1.9513775325805147,-0.04490795317380114
1158,24085397,r,10,0.056539465651279985,0.16227405123438482,0.27521827617030703,3.733831677123213,0.056539465651279985
1159,2415117,g,5,-0.10457478620073346,0.10328618803865003,0.5724974533423793,0.589558018257875,-0.10457478620073346
1160,2415117,i,7,-0.5562202645593968,0.16817581650744307,0.4297102291118528,4.86040806898408,-0.5562202645593968
1161,2415117,r,7,-0.2569027812111313,0.08904453056231121,0.14064106550254674,1.5845085692482779,-0.2569027812111313
1162,24156952,i,10,-1.749007857105012,0.05785236748899569,0.18441959991379142,66.95793217948169,-1.749007857105012
1163,24156952,r,5,-1.303767991000905,0.21104999838444094,0.3578872263426218,13.841243168579737,-1.303767991000905
1164,24187459,g,2,-0.1791185594969441,0.07804207931729712,0.07804207931729712,0.4173685763927332,-0.1791185594969441
1165,24187459,i,8,-0.46277316141916713,0.2056703233431874,0.46825364220120613,4.8886311674722425,-0.46277316141916713
1166,24187459,r,14,-0.3955748969708599,0.15144077747676843,0.2620373730062987,4.167213339296185,-0.3955748969708599
1167,24191125,g,3,-0.026498133509266775,0.2929206371080223,0.305021854692174,0.37169237596184646,-0.026498133509266775
1168,24191125,i,10,-0.7605572263873792,0.08676264335302158,0.13889133783008878,22.251596235937203,-0.7605572263873792
1169,24191125,r,12,-0.5067415088587646,0.15393612700168618,0.29362983947430676,5.126486384504114,-0.5067415088587646
1170,24227887,i,7,-0.5623452376058412,0.07075374524101297,0.1441356129497065,15.453396941146407,-0.5623452376058412
1171,24227887,r,7,-0.6024060111402769,0.03961507776711315,0.09304513143472326,7.583101890027817,-0.6024060111402769
1172,24260007,g,3,-0.27401065887209414,0.04115429303793444,0.05007151407183319,0.35173879435649497,-0.27401065887209414
1173,24260007,i,11,-0.9989037398065388,0.12948455141300674,0.262779329788268,29.386580140555267,-0.9989037398065388
1174,24260007,r,16,-0.7691787741446358,0.1736033523379718,0.43916168056166277,10.829309473976835,-0.7691787741446358
1175,24265023,i,7,-1.151709268169891,0.07915807379574402,0.14163703007001294,61.255403695770475,-1.151709268169891
1176,24265023,r,3,-0.790860663023481,0.18337959352265842,0.2035485541403239,9.138304177911634,-0.790860663023481
1177,24344896,i,4,-0.56117349154526,0.07399412979944198,0.17362022869378768,4.486678634161368,-0.56117349154526
1178,24344896,r,7,-0.3408640283881754,0.09135164462681711,0.14449234712135034,1.2049832753895744,-0.3408640283881754
1179,24349788,i,6,-0.37693995682084214,0.10423342064487717,0.16834331190444873,4.059904683532788,-0.37693995682084214
1180,24349788,r,5,-0.1868718547683818,0.023736176985852453,0.03397394985833979,1.1506009361812066,-0.1868718547683818
1181,24361370,i,5,-0.3854615685009251,0.16480420136417456,0.4100296214942033,3.33504776525876,-0.3854615685009251
1182,24361370,r,6,-0.11811482263308648,0.07987706429797595,0.15200016184111784,0.9265712581708324,-0.11811482263308648
1183,24378737,i,5,-1.419695151132739,0.07292764593998635,0.33291162305243494,34.30052489221627,-1.419695151132739
1184,24378737,r,7,-0.6548277109106277,0.25266457797093944,0.606720196839668,3.626243480434886,-0.6548277109106277
1185,24397867,g,5,0.9943897490798489,0.1273165457106581,0.22580281132689328,3.9416845959154316,0.9943897490798489
1186,24397867,i,9,-0.21943876540374285,0.21176845991699472,0.24506657049240743,9.601907014341194,-0.21943876540374285
1187,24397867,r,13,-0.05918771517156439,0.19648384564929722,0.28979059234244053,9.856154461423047,-0.05918771517156439
1188,24397867,u,2,1.0352331659851204,0.11758985476331424,0.1175898547633143,2.3477867639728744,1.0352331659851204
1189,24434819,i,5,-1.1467431088382896,0.20840607366793984,0.28846323891664527,31.87298874347953,-1.1467431088382896
1190,24434819,r,5,-0.09755884714098284,0.30875394374535947,0.821964103764515,3.3771724892362847,-0.09755884714098284
1191,24436031,i,6,-0.8552458462528516,0.12256078332489662,0.1941967939424456,18.524200974099426,-0.8552458462528516
1192,24436031,r,5,-0.8393255808394511,0.02896163396720597,0.2009665808486616,17.03498201822809,-0.8393255808394511
1193,24456523,g,5,-0.3186529481542209,0.02857102002412204,0.03851624449446517,0.33661848244769005,-0.3186529481542209
1194,24456523,i,5,-0.9992864127133085,0.19731949197774412,0.7289005720038039,10.937615244713703,-0.9992864127133085
1195,24456523,r,6,-0.7923468611577611,0.05716196760381953,0.09736800000108126,12.40174818680571,-0.7923468611577611
1196,24487766,g,3,-0.16207196513804334,0.011304885431949407,0.44487828786672096,1.2818883311638969,-0.16207196513804334
1197,24487766,i,5,-1.3368466912131927,0.09996832633025554,0.3509768811904306,59.5094314798852,-1.3368466912131927
1198,24487766,r,5,-0.04022259645317838,0.4247155426217386,0.4469114438111452,4.235291060861289,-0.04022259645317838
1199,24498852,g,2,-0.07341343195517253,0.21126714828157783,0.21126714828157783,0.6814886333030472,-0.07341343195517253
1200,24498852,i,8,-0.3435707115791311,0.14429826951993052,0.309926863660098,6.767335904786213,-0.3435707115791311
1201,24498852,r,8,-0.33233175431483586,0.13506204866095378,0.3793446976172472,4.343223347624379,-0.33233175431483586
1202,24510792,i,5,-0.28558824878644884,0.14018062819227617,0.2751951376782429,3.4503680450145864,-0.28558824878644884
1203,24510792,r,7,-0.14260914114955306,0.11292239864782402,0.32355359677219314,1.3465390588974748,-0.14260914114955306
1204,24564741,i,7,-0.44581602838181744,0.06272272216926322,0.11492497530918988,3.0058596916297593,-0.44581602838181744
1205,24564741,r,5,-0.33235906976064067,0.004025792258542604,0.17121853640255136,0.6345470288714213,-0.33235906976064067
1206,24575563,i,5,0.035885985086235195,0.15012604137584273,0.3520737414623761,1.360352395516861,0.035885985086235195
1207,24575563,r,4,0.24044698707972753,0.1862314916731687,0.459366253436453,1.3688609769966271,0.24044698707972753
1208,24575563,u,2,1.8649424679228757,0.08497599022004365,0.08497599022004354,11.918389146175238,1.8649424679228757
1209,24608408,i,5,-0.17247427996404086,0.19514264842003445,0.45929418625371876,13.233533193360538,-0.17247427996404086
1210,24608408,r,6,-0.5894734282379364,0.021735981388615766,0.03527634981271377,9.335929368359574,-0.5894734282379364
1211,24611992,g,2,-0.04344576169532158,0.32507219808088994,0.3250721980808899,0.5683676402809381,-0.04344576169532158
1212,24611992,i,5,-1.100822957385987,0.15402565157472892,0.21214655063159338,25.045963468325855,-1.100822957385987
1213,24611992,r,4,-0.6777960444305762,0.251584159777111,0.48052860326919766,9.54919971830905,-0.6777960444305762
1214,24644091,g,2,-0.06460548352373241,0.2706633023058722,0.2706633023058722,1.0176480312818719,-0.06460548352373241
1215,24644091,i,14,-0.12125533151161083,0.1826125400335114,0.34844196428223684,3.1325220037184636,-0.12125533151161083
1216,24644091,r,12,-0.03273376738934647,0.10291589100408831,0.19416356209163163,1.310339217006599,-0.03273376738934647
1217,24730758,i,6,-2.0878224613056497,0.08258473378771103,0.12422516096807179,117.38199413967332,-2.0878224613056497
1218,24730758,r,8,-1.594492870050769,0.01393760335335481,0.04326582917754429,30.982827133487724,-1.594492870050769
1219,24769151,i,6,-1.5244861547720805,0.0493490548546377,0.09011238123836529,58.911349647948356,-1.5244861547720805
1220,24769151,r,6,-1.581602708938999,0.06016531259972857,0.0956789813022274,37.08898453012334,-1.581602708938999
1221,24776038,g,6,0.2275503956282574,0.40091222350507283,0.7930360630275173,1.2694157726166673,0.2275503956282574
1222,24776038,i,8,-0.8392464441803377,0.18689410728811107,0.48676622954560883,36.518929331975414,-0.8392464441803377
1223,24776038,r,12,-0.4262978258327739,0.16904651222249556,0.33959530042627295,10.495372811628867,-0.4262978258327739
1224,24776038,u,2,1.2892994656834647,0.5502658713146504,0.5502658713146507,2.104239938328549,1.2892994656834647
1225,24784121,i,6,-1.0962006404960594,0.10559258987045744,0.18093126172772545,36.398019083768304,-1.0962006404960594
1226,24784121,r,4,-0.8308525256154995,0.27370564102813866,0.5121810332959446,11.549836303213056,-0.8308525256154995
1227,24833084,g,2,-0.4461624951072746,0.008580703973154524,0.00858070397315458,0.8694407429840808,-0.4461624951072746
1228,24833084,i,6,-0.7695926776780233,0.25660428767987625,0.49948565563829017,24.763505864869853,-0.7695926776780233
1229,24833084,r,3,-1.0001835783995814,0.059703744738659914,0.08971770871481666,18.333272155048146,-1.0001835783995814
1230,24970497,i,6,-1.036401378502845,0.07653512947739016,0.14515453853241167,21.354096148182148,-1.036401378502845
1231,24970497,r,4,-1.1288747562922923,0.11926657762764614,0.24807518611106127,20.44866087334633,-1.1288747562922923
1232,24996378,i,9,-0.6431384891242238,0.15043323105272688,0.41201828650175176,14.930233583747032,-0.6431384891242238
1233,24996378,r,8,-0.24402062246838324,0.14983970605813365,0.299017149904762,3.131199402539064,-0.24402062246838324
1234,25001571,g,2,-0.4845976437937333,0.009223889470485969,0.009223889470486024,1.215248003325102,-0.4845976437937333
1235,25001571,i,5,-1.104310851844798,0.05126299702709369,0.13334525636665395,54.77665425518071,-1.104310851844798
1236,25001571,r,5,-1.1627273612865485,0.023646086562119528,0.05989487919039882,28.692069240243274,-1.1627273612865485
1237,25003415,g,2,-0.030616298546913334,0.030687765718693416,0.030687765718693416,0.00886803436330598,-0.030616298546913334
1238,25003415,i,9,-1.0968502554637216,0.05111664628717483,0.07678838695579948,30.595101994793488,-1.0968502554637216
1239,25003415,r,3,-1.0678615640104536,0.05721944389574207,0.29095702696444836,19.421736024431222,-1.0678615640104536
1240,25008549,g,3,0.3952905235247939,0.22667923611775675,0.2404559312494311,0.6533785885925918,0.3952905235247939
1241,25008549,i,10,-1.0937718676979995,0.09318631745610617,0.19820031514468428,49.356537395997385,-1.0937718676979995
1242,25008549,r,10,-0.25477408074432445,0.11574517109051624,0.23479865134553377,0.7342261645094016,-0.25477408074432445
1243,25062946,i,7,-0.9569361547492852,0.22928644446983837,0.26330592374968775,24.80909576476108,-0.9569361547492852
1244,25062946,r,8,-0.8349654471604568,0.12400116229160801,0.26944326901333926,14.297688942483122,-0.8349654471604568
1245,25099076,g,2,0.1751246009610019,0.06851001728339723,0.06851001728339723,0.18758842787650945,0.1751246009610019
1246,25099076,i,5,-0.678716205700257,0.06701455336410722,0.28610548130707436,15.10427156522124,-0.678716205700257
1247,25099076,r,7,-0.8312199066514285,0.012927984036376627,0.039002902410411044,7.463093725612011,-0.8312199066514285
1248,25106374,i,4,-0.476217715236516,0.023474669793692837,0.05304909474945951,1.6234372123809953,-0.476217715236516
1249,25106374,r,7,0.1420024903301984,0.06632977180698707,0.08768417379948679,0.1057525533658735,0.1420024903301984
1250,25136569,g,2,-0.3617568506084379,0.054121299328268035,0.054121299328268035,0.4084916947558874,-0.3617568506084379
1251,25136569,i,5,-1.626853181439397,0.04766799104613151,0.32996912352657426,56.119114194229,-1.626853181439397
1252,25136569,r,6,-1.2536066104764045,0.1255146522395495,0.29530511996609476,15.874154013039876,-1.2536066104764045
1253,2515386,i,8,-0.9913959394210619,0.10564973510134701,0.24784016923013796,23.413543530781034,-0.9913959394210619
1254,2515386,r,8,-0.969998383139874,0.20846982451060536,0.379836938041916,13.201270570401274,-0.969998383139874
1255,25157184,i,6,-1.5586905004359095,0.08448681442739936,0.21627799083564203,83.75174999374742,-1.5586905004359095
1256,25157184,r,5,-1.3053630978056856,0.12973211656651995,0.3029715267427111,22.081931432288187,-1.3053630978056856
1257,25241300,g,2,-0.05362049474110242,0.2891022481858949,0.2891022481858949,0.49460956271601436,-0.05362049474110242
1258,25241300,i,5,-1.141358405091373,0.09456742913385408,0.17628945948613062,22.799559012840266,-1.141358405091373
1259,25241300,r,4,-1.1159162562803493,0.11431990158707095,0.3295884481115978,22.717096683282602,-1.1159162562803493
1260,25296660,g,2,-0.279217872153612,0.34237553212830846,0.3423755321283085,0.762950295273917,-0.279217872153612
1261,25296660,i,10,-2.0784056994602853,0.08944607129991144,0.16332682407712018,128.37257710669908,-2.0784056994602853
1262,25296660,r,11,-1.5733088013032872,0.22939219120440058,0.360292802365171,32.04477053024248,-1.5733088013032872
1263,25308215,g,2,-0.1424873538467275,0.19911328401498585,0.19911328401498585,0.4777242514654509,-0.1424873538467275
1264,25308215,i,9,-0.418178318135091,0.1461890486646058,0.2603763123875674,5.376064583945402,-0.418178318135091
1265,25308215,r,6,-0.5746440740118456,0.04465141981112131,0.07796933206307977,4.865958750558725,-0.5746440740118456
1266,25310997,i,11,-1.213355654014517,0.17197020052578105,0.33944781241684696,29.89000523064093,-1.213355654014517
1267,25310997,r,6,-1.0722149857872563,0.09111327074763292,0.1657240218891851,18.102880551031642,-1.0722149857872563
1268,25312547,i,7,-0.562830590342601,0.10513938227379704,0.25204850013043045,12.702551812518314,-0.562830590342601
1269,25312547,r,6,-0.3261785079090682,0.07780107973640979,0.2916517292769716,1.904942686270766,-0.3261785079090682
1270,25475628,g,4,0.27699731314015474,0.29893563007851237,0.5941303165070487,0.8863778433507672,0.27699731314015474
1271,25475628,i,5,-1.2436032059002484,0.005079728332818556,0.0595872237919981,76.80145024254298,-1.2436032059002484
1272,25475628,r,5,-0.3410267312670947,0.1478028324655245,0.426528640692708,5.063576126203523,-0.3410267312670947
1273,25512473,g,3,0.04402076484225381,0.10263943689867328,0.2702518990809437,0.2577301494910167,0.04402076484225381
1274,25512473,i,6,-1.4057782411728446,0.051655269868025155,0.08803624013051303,67.55102142633139,-1.4057782411728446
1275,25512473,r,10,-1.2108211563231412,0.276002779320088,0.5383689201914958,15.344404175295262,-1.2108211563231412
1276,25534086,g,2,0.24341350495477082,0.5047305641428301,0.50473056414283,4.006156359822676,0.24341350495477082
1277,25534086,i,5,0.16886374701496665,0.03122255424210396,0.034131957258294654,1.5724086411397855,0.16886374701496665
1278,25534086,r,9,-0.05909862655413506,0.22920625133479472,0.5809721122758369,1.7883075607369447,-0.05909862655413506
1279,25570683,g,3,0.503401117589865,0.04354550563594051,0.41046317216170286,1.9052013541236967,0.503401117589865
1280,25570683,i,9,-0.14639502145674071,0.052261127573897864,0.18334283802595397,2.5650760146529636,-0.14639502145674071
1281,25570683,r,7,-0.10530426173850957,0.022844480026030456,0.19857672290538658,2.244090119513315,-0.10530426173850957
1282,25626745,g,2,-0.2207719887623662,0.00042260380589592694,0.00042260380589592694,0.6532723085993708,-0.2207719887623662
1283,25626745,i,4,-0.2996854792773637,0.12015718479591211,0.14226048007491332,4.778824368523767,-0.2996854792773637
1284,25626745,r,5,-0.4379430059252589,0.026081262648995684,0.5074363031354506,6.796600359338756,-0.4379430059252589
1285,25627621,g,3,0.17532063474757975,0.04218077998038372,0.24677026739442104,0.41209236024939283,0.17532063474757975
1286,25627621,i,11,0.018579602650895435,0.16220680524186087,0.2755059575602854,0.4808345714958335,0.018579602650895435
1287,25627621,r,13,-0.07610378181124178,0.12267866697047644,0.26941051837085833,0.6908663441139908,-0.07610378181124178
1288,25627621,u,2,0.5195128956163664,0.16139368812310306,0.16139368812310306,0.9348488616976851,0.5195128956163664
1289,25806282,i,15,-1.3531642336188092,0.09161401314254469,0.35607583425580946,47.17645027491609,-1.3531642336188092
1290,25806282,r,6,-1.0416881640894677,0.14377596659122083,0.27813208304652337,24.40294722420438,-1.0416881640894677
1291,25820694,g,3,-0.5307285937206982,0.08034109616997931,0.10461806674865193,0.8743674394955817,-0.5307285937206982
1292,25820694,i,3,-1.7673191077387058,0.13806834977634042,0.23241646509862868,92.12854754381311,-1.7673191077387058
1293,25820694,r,5,-1.8909025720981112,0.013762226848579306,0.04354654277715708,51.46475111106294,-1.8909025720981112
1294,25820708,g,5,-0.25573117060311634,0.06389047109393975,0.1044959373315264,0.6973746598488336,-0.25573117060311634
1295,25820708,i,6,-0.5389606967369626,0.15781664399088347,0.5223021089801024,13.317356884332037,-0.5389606967369626
1296,25820708,r,9,-0.5473890704182991,0.14387599751707936,0.3355867371003013,8.082595961794775,-0.5473890704182991
1297,25852664,g,4,-0.09047842379266063,0.018922945005554637,0.04502031517312938,0.15669054356207637,-0.09047842379266063
1298,25852664,i,2,-0.3307046547816847,0.21468337130642384,0.21468337130642387,5.27563381039225,-0.3307046547816847
1299,25852664,r,8,-0.19282737911799167,0.07681762715340576,0.20579687468270036,1.8193011452315058,-0.19282737911799167
1300,25872094,i,11,-0.5434366991409911,0.23069260068117914,0.3235278166679227,7.881183563731896,-0.5434366991409911
1301,25872094,r,9,-0.4556064384623838,0.18151314922412431,0.49580856156985853,10.08318196772354,-0.4556064384623838
1302,25872094,u,2,0.371177335739865,0.07166302716264472,0.07166302716264472,0.36871423786493235,0.371177335739865
1303,2589857,i,8,-1.5015788983910487,0.14748861872899555,0.2941688257482171,45.42438683859321,-1.5015788983910487
1304,2589857,r,4,-1.124079934424017,0.10062170574964735,0.2914206600856686,32.704477528638904,-1.124079934424017
1305,25907636,g,4,-0.2703702199906911,0.10856820148684224,0.18957280656118447,0.783479208343591,-0.2703702199906911
1306,25907636,i,3,-1.015462769325456,0.10008385658734942,0.11090393737370552,16.344151450764368,-1.015462769325456
1307,25907636,r,4,-0.8859099280483407,0.047948812353808434,0.0934734887190154,28.60945282295852,-0.8859099280483407
1308,2594058,i,10,-0.7922215678015748,0.03778844071056553,0.18186742079429352,19.623096783665698,-0.7922215678015748
1309,2594058,r,7,-0.7559096172058483,0.04884133878817987,0.08951721015234826,9.685036354153814,-0.7559096172058483
1310,25943925,g,4,0.21364354937061408,0.07355540933747368,0.13318094380902618,0.3591335721033068,0.21364354937061408
1311,25943925,i,9,-1.1550940329896668,0.09453595521123526,0.1624560529292467,30.767069397621942,-1.1550940329896668
1312,25943925,r,11,-0.9440571368893773,0.06982322869325963,0.09508744643456057,10.739077465093446,-0.9440571368893773
1313,25963553,g,5,-0.06164117507242095,0.22350701742654305,0.5505875638072233,0.7826476646700228,-0.06164117507242095
1314,25963553,i,18,-0.5164590621073762,0.09413910633385586,0.18029370182731236,7.216765085080417,-0.5164590621073762
1315,25963553,r,11,-0.425636294217715,0.11270699513713689,0.36134184824684457,6.470660349925489,-0.425636294217715
1316,25997624,i,8,-0.7211158676021862,0.09506755284173357,0.17931281066371563,12.972550106510509,-0.7211158676021862
1317,25997624,r,8,-0.8377876941935692,0.09924556744311486,0.2531636513372105,10.907170310109787,-0.8377876941935692
1318,26008329,g,4,0.4014878099052048,0.44002431050046376,0.7253368445737243,3.5582010849212296,0.4014878099052048
1319,26008329,i,4,0.23791375149147398,0.30732983155945814,0.3607886148981425,5.710420580464767,0.23791375149147398
1320,26008329,r,7,0.2243973123164671,0.5414544106251792,1.137599131520052,12.188397857705166,0.2243973123164671
1321,26018499,g,3,-0.24663738766598653,0.07968229490171719,0.15592606622553906,0.41759933559318146,-0.24663738766598653
1322,26018499,i,5,-1.013806913406314,0.026803837197458158,0.3963961247339278,19.34725631588409,-1.013806913406314
1323,26018499,r,5,-1.1546584812151188,0.00969458117047406,0.014318849125124489,12.517422215328738,-1.1546584812151188
1324,2602085,g,5,0.3309384131109594,0.23097861036267786,0.8322110691685972,1.1704856092347113,0.3309384131109594
1325,2602085,i,13,-0.46230376204379076,0.11388076744299702,0.2672002493693634,10.998159231304907,-0.46230376204379076
1326,2602085,r,23,-0.43692329682747816,0.10693570363806398,0.3391254643788058,8.490908819875486,-0.43692329682747816
1327,26105123,i,8,-1.1621998341362807,0.08918614711568884,0.18018926347208808,23.616238434568512,-1.1621998341362807
1328,26105123,r,3,-0.6278810342947421,0.06801803916403437,0.1716371050343034,3.533743900230293,-0.6278810342947421
1329,26167995,g,3,-0.36138844118489655,0.031644191045705206,0.1992606012554266,0.3650624239832012,-0.36138844118489655
1330,26167995,i,13,-1.2795950278898016,0.05185241782282701,0.10224204958286509,43.48195666429608,-1.2795950278898016
1331,26167995,r,11,-1.3428941437201571,0.11844330607499365,0.2194422369642257,23.109677633309293,-1.3428941437201571
1332,26186937,g,2,-0.12998825369240274,0.0010005714466666538,0.0010005714466666538,0.2584634136568305,-0.12998825369240274
1333,26186937,i,10,0.0949144783075937,0.12885981112213227,0.2684644240222982,1.2613603966505123,0.0949144783075937
1334,26186937,r,7,0.07012245708843787,0.221270088225805,0.44425256560046467,1.1277604792131872,0.07012245708843787
1335,26357803,g,2,0.12956159202860423,0.15805630105244378,0.15805630105244378,0.2913774248340235,0.12956159202860423
1336,26357803,i,5,-1.2795098752969756,0.015570170901901381,0.016307506508673075,92.04517955216448,-1.2795098752969756
1337,26357803,r,8,-0.7274064534050284,0.3487083012907085,0.6746205984737224,21.735938276283626,-0.7274064534050284
1338,26365711,i,9,-0.967829963685434,0.2436096927454563,0.47753624957276397,25.511081360977748,-0.967829963685434
1339,26365711,r,2,-0.1706192653827623,0.22302103750002678,0.22302103750002678,0.3723716041656058,-0.1706192653827623
1340,26375118,g,8,-0.3375163023767689,0.04589919761634631,0.14360461038551564,1.1480225439778873,-0.3375163023767689
1341,26375118,i,5,-0.38491356414415945,0.15172240141161442,0.1595188191641992,2.4562768132079533,-0.38491356414415945
1342,26375118,r,7,-0.2720857272585222,0.2262478589316429,0.5802389496641738,7.8232408052261935,-0.2720857272585222
1343,26380053,g,5,-0.07982033997579646,0.07775819452458971,0.2293017528553612,0.29041300707979295,-0.07982033997579646
1344,26380053,i,10,-0.5276321576001295,0.04602331761614886,0.2281211672360799,9.522741196542096,-0.5276321576001295
1345,26380053,r,8,-0.4243901223128888,0.1227943297087431,0.2323886547581383,3.887404916071135,-0.4243901223128888
1346,26385658,g,9,0.21060450979059686,0.5105091782034288,0.7915370590285904,4.535802078985968,0.21060450979059686
1347,26385658,i,17,-0.018259302585456383,0.3493359605518832,0.7029035802869747,5.606573861290602,-0.018259302585456383
1348,26385658,r,16,-0.37986104779863716,0.055407660519451674,0.7218732826333609,8.312298020447168,-0.37986104779863716
1349,26413725,g,4,-0.23460299247692443,0.0659211057419557,0.1576819568979022,0.41252497158111495,-0.23460299247692443
1350,26413725,i,2,-0.5761368254308552,0.1561850757767702,0.1561850757767702,4.162672247550944,-0.5761368254308552
1351,26413725,r,6,-0.733846668347548,0.07359611047362302,0.13688873660478196,18.47246604374811,-0.733846668347548
1352,26489954,i,7,-0.10245051348436454,0.17032753591510688,0.27731579319846195,2.452736808947723,-0.10245051348436454
1353,26489954,r,11,-0.13069903269503513,0.1480355693500479,0.33092545040837446,1.7569605171369167,-0.13069903269503513
1354,26490371,i,8,-1.7332730604072677,0.093657004833549,0.29434875017007256,83.41164960071868,-1.7332730604072677
1355,26490371,r,6,-1.3280969621584413,0.17887754121404165,0.3613572865988939,28.317806689512455,-1.3280969621584413
1356,26504825,g,3,-0.3548766450081797,0.006262663171197169,0.01687765670410607,1.481822673863454,-0.3548766450081797
1357,26504825,i,6,-0.447032546242192,0.16575784118528047,0.2762472331803925,12.15163055166438,-0.447032546242192
1358,26504825,r,8,-0.5029834957972743,0.11153546264674835,0.2964917452962416,8.406328602669422,-0.5029834957972743
1359,26524587,g,6,-0.16642845915826276,0.17088297345020534,0.7328160143499377,1.2192280693641775,-0.16642845915826276
1360,26524587,i,9,-0.395288017359136,0.08866428907469615,0.1066705590371324,9.841449298174583,-0.395288017359136
1361,26524587,r,15,-0.25824305376997236,0.08808660463551077,0.21423767819026607,4.579225989310762,-0.25824305376997236
1362,26524587,u,2,1.196323742729275,0.07237200246205067,0.07237200246205067,3.419461175453674,1.196323742729275
1363,26535866,i,8,-0.9391754600642358,0.19243312712151062,0.41054430240326023,24.239485396844977,-0.9391754600642358
1364,26535866,r,6,-0.34236014117097757,0.2423138639367542,0.3863584858787483,2.35360302375422,-0.34236014117097757
1365,26575175,g,2,-0.44114413971036753,0.009178262308120966,0.009178262308121021,1.1798519115420905,-0.44114413971036753
1366,26575175,i,4,-0.9715345890193775,0.09402261935911826,0.2024489392118377,26.763996401318515,-0.9715345890193775
1367,26575175,r,5,-1.0884381262748137,0.027792747012675534,0.05038247309148458,20.30778510908609,-1.0884381262748137
1368,26649404,i,10,-2.141277493422341,0.12775226213217328,0.2239930039263911,74.02621464619347,-2.141277493422341
1369,26649404,r,7,-1.3974036134062615,0.07457216007977818,0.25265230407915085,35.10265045843012,-1.3974036134062615
1370,26749717,i,7,-1.7775561228063155,0.17241243556841335,0.25165198524121424,66.2788082646553,-1.7775561228063155
1371,26749717,r,4,-1.7689331410637044,0.02188514600661673,0.1027695003744078,34.70193337563372,-1.7689331410637044
1372,26774939,g,6,0.10819809306368772,0.19165882392405598,0.29690672252892597,0.353845280121487,0.10819809306368772
1373,26774939,i,5,-0.751259544526137,0.0456655436661324,0.048705113471540384,15.502482262581143,-0.751259544526137
1374,26774939,r,6,-0.42067476692202244,0.06311286973908631,0.128823857343838,7.492585251405292,-0.42067476692202244
1375,26802212,i,11,-1.509587310945284,0.09267349848943174,0.19282230516833287,19.30424666234289,-1.509587310945284
1376,26802212,r,12,-1.0658184336378276,0.052312823300202926,0.07830836839268551,4.747883499711093,-1.0658184336378276
1377,26850502,i,8,-0.19782639983739944,0.271621203417064,0.5414114901798253,4.11365111097036,-0.19782639983739944
1378,26850502,r,7,0.4829640807832345,0.09493074976278904,0.19711043543381818,3.111349167948778,0.4829640807832345
1379,26953829,g,2,-0.14336997116126016,0.005347949996726831,0.005347949996726831,0.41338506345287884,-0.14336997116126016
1380,26953829,i,9,0.20603808846572846,0.18191562287274238,0.3226894852973758,2.718824595260047,0.20603808846572846
1381,26953829,r,9,0.49199649532486456,0.22555579787230706,0.4378892412632418,1.4604495728005595,0.49199649532486456
1382,26984647,g,4,-0.3107430652141345,0.06167308010845615,0.12027835358384437,1.2889593151657237,-0.3107430652141345
1383,26984647,i,3,-0.24445642711046012,0.08239407186051387,0.12124869623411927,5.052829044875291,-0.24445642711046012
1384,26984647,r,5,-0.23224359540590944,0.014262479324214483,0.02910514995691521,1.7647642204240679,-0.23224359540590944
1385,26984647,u,2,1.4613569275952334,0.27103790389366234,0.27103790389366234,3.3541289709918534,1.4613569275952334
1386,27098876,i,6,-1.2858767382059555,0.05857938880033631,0.09929660545934693,33.21008997687256,-1.2858767382059555
1387,27098876,r,7,-1.205879254237832,0.08552971491020811,0.17029975941621012,23.264517497346258,-1.205879254237832
1388,27132055,g,4,0.12652254068977686,0.027255147683888092,0.11225634991615577,0.16661375874587087,0.12652254068977686
1389,27132055,i,2,-0.5365255691762201,0.006712726216009102,0.006712726216009046,12.180444895496795,-0.5365255691762201
1390,27132055,r,5,-0.2989647123314144,0.0055371549877965,0.02508491097109211,2.199753421490703,-0.2989647123314144
1391,27176060,g,3,-0.33954625439493913,0.010834205923840101,0.02529018759118762,0.4998606854888806,-0.33954625439493913
1392,27176060,i,7,-0.8823324168767072,0.09835719669733067,0.20068835118737427,20.855575772318954,-0.8823324168767072
1393,27176060,r,8,-1.0170858941349297,0.10073987087670933,0.44293024598210673,12.724836802708062,-1.0170858941349297
1394,27203641,g,2,-0.4354060183568988,0.11267828908944716,0.11267828908944721,0.6487537991288502,-0.4354060183568988
1395,27203641,i,8,-1.6878071444065057,0.10393269162147689,0.1525219957772168,84.06995769326956,-1.6878071444065057
1396,27203641,r,8,-1.3078875822665754,0.07127494723069983,0.12889285928871597,28.704458254431223,-1.3078875822665754
1397,27235232,i,6,0.335750247826803,0.020217204458061855,0.03217928451850738,1.494680152195576,0.335750247826803
1398,27235232,r,9,0.30496546191949314,0.01610683310760519,0.029300642896600393,1.6986639546934303,0.30496546191949314
1399,27244967,i,5,-0.6253449746063325,0.12114568462106046,0.37343911734949087,24.957894622345556,-0.6253449746063325
1400,27244967,r,8,-0.41635411279595114,0.2574692691898624,0.46574284445206166,5.817030460963469,-0.41635411279595114
1401,27322612,i,9,-0.6124242436517049,0.026996498615628695,0.14184710591792427,11.193363992945914,-0.6124242436517049
1402,27322612,r,7,-0.3785478480258232,0.053670090256654035,0.11142834916660788,1.4264765150709382,-0.3785478480258232
1403,27409411,g,6,-0.18107326521729672,0.14812623996737972,0.2315929151425809,0.3575017475182137,-0.18107326521729672
1404,27409411,i,12,-0.7957794718867328,0.2131697447385288,0.2866371012847192,18.224490626594385,-0.7957794718867328
1405,27409411,r,11,-1.0424467865520664,0.06802802266172048,0.3001357548788406,19.353079817678175,-1.0424467865520664
1406,27465270,g,5,-0.43224132823048594,0.09298067854764819,0.1704120370486072,0.8677013163080949,-0.43224132823048594
1407,27465270,i,12,-1.468510905972288,0.13702638994468674,0.28578949761417705,71.53865823958898,-1.468510905972288
1408,27465270,r,13,-1.2838010896303946,0.15721761658010536,0.22931746769600436,39.55413605856092,-1.2838010896303946
1409,27492352,i,7,-0.9443028872953808,0.18699881862280965,0.29435281139627345,52.547482152392284,-0.9443028872953808
1410,27492352,r,7,-1.009813864370274,0.10380259225993371,0.40185556518431953,20.82201830317453,-1.009813864370274
1411,27519204,g,2,0.12067525114641925,0.17699300019376413,0.17699300019376413,0.42559780595868535,0.12067525114641925
1412,27519204,i,5,-0.8787312285046658,0.09150028715861325,0.18217025356980598,15.630631999794497,-0.8787312285046658
1413,27519204,r,8,-0.355000807335662,0.05172824573101514,0.19953218921120075,4.64365763886153,-0.355000807335662
1414,27533420,g,3,0.2164853378814946,0.261323049161432,0.39802709004631387,0.48384682971088794,0.2164853378814946
1415,27533420,i,11,-0.6094714561381447,0.08200229514667456,0.1535504387730683,12.682299241562928,-0.6094714561381447
1416,27533420,r,9,-0.6038790242324716,0.19799984270385496,0.4183828194291894,8.19047213125741,-0.6038790242324716
1417,27563504,g,2,-0.07115222173723673,0.03748427918101299,0.03748427918101299,0.061759090674912705,-0.07115222173723673
1418,27563504,i,7,-0.7180653407234715,0.15524003513393592,0.22891895449451816,20.611067595192036,-0.7180653407234715
1419,27563504,r,5,-0.21257754429939263,0.1260146845190051,0.2474810997057575,1.9054997028468246,-0.21257754429939263
1420,2763078,i,10,-0.9157895484607139,0.07317740032057418,0.23344439612413947,41.98934107480125,-0.9157895484607139
1421,2763078,r,6,-0.44970961271542675,0.22770460444197899,0.3573838138249909,5.471745977038279,-0.44970961271542675
1422,27642939,i,16,-0.9988888320996547,0.16102805657127373,0.3336894299436345,31.376190308617502,-0.9988888320996547
1423,27642939,r,11,-0.3095665270288386,0.2043454989947156,0.45613775252527616,2.8950908074866777,-0.3095665270288386
1424,27741653,g,4,-0.08147801593692022,0.09399603901258669,0.197355970484816,0.15665778941891537,-0.08147801593692022
1425,27741653,i,7,-0.20123952225132835,0.15313022222245953,0.42937649329141575,7.405385828196915,-0.20123952225132835
1426,27741653,r,8,-0.43686551488652586,0.14176958651538912,0.193588063816293,4.208972032114824,-0.43686551488652586
1427,2774252,g,5,0.2535522147135114,0.048646010264500994,0.0846071734725995,0.31262082217607035,0.2535522147135114
1428,2774252,i,7,-0.7684354408955267,0.1460443772580321,0.20179318988447936,11.341805368382694,-0.7684354408955267
1429,2774252,r,3,-0.8176582334056662,0.012955051844370291,0.2284172540513385,20.188343521952728,-0.8176582334056662
1430,27746767,g,4,-0.4180083028074962,0.09442735167089361,0.1331888411847938,0.904868105662157,-0.4180083028074962
1431,27746767,r,7,-0.8244401073059066,0.04509325198807779,0.19750830052828472,8.44334736542352,-0.8244401073059066
1432,27755004,i,4,-1.1479073838171954,0.018101977527902102,0.045677373691696666,28.62533999753711,-1.1479073838171954
1433,27755004,r,6,-0.7335570480445859,0.05915047722650835,0.38332187235157467,14.647806786386397,-0.7335570480445859
1434,27761295,g,2,-0.2429112440998694,0.1132853441790079,0.11328534417900787,1.0348799027245863,-0.2429112440998694
1435,27761295,i,5,-0.43100609488021424,0.10016406582687087,0.3011201607639564,3.970560931412444,-0.43100609488021424
1436,27761295,r,4,-0.3514246599177162,0.09379876720880201,0.22716192466829652,4.780115405366516,-0.3514246599177162
1437,27814695,g,2,-0.241036854447147,0.0022526885079520165,0.0022526885079520165,1.421543605045449,-0.241036854447147
1438,27814695,i,13,-0.3358711053605469,0.23756764277576237,0.4554072786777601,5.6239330919369275,-0.3358711053605469
1439,27814695,r,10,-0.21964041451119276,0.23694150167560032,0.4271326360570686,5.209911008887454,-0.21964041451119276
1440,27879819,g,2,0.16715168005791797,0.5255675682567218,0.5255675682567219,1.0869905083999165,0.16715168005791797
1441,27879819,i,6,-0.9376892663023972,0.011195061490655467,0.14517181360568066,31.05832709408511,-0.9376892663023972
1442,27879819,r,6,-0.7964983717829753,0.07253415215879772,0.41043588069133385,7.461528801540386,-0.7964983717829753
1443,28012158,i,9,-1.5739642356095018,0.011871293958115814,0.05739702681719372,62.186021177170836,-1.5739642356095018
1444,28012158,r,5,-0.8468707952475197,0.32739888937676376,0.6458797933834823,12.098947620128573,-0.8468707952475197
1445,28021840,i,7,-0.533067018757793,0.04145523826205122,0.11540138054600424,7.014455150565177,-0.533067018757793
1446,28021840,r,6,-0.2811836399484343,0.1209962277076381,0.23087727890739373,1.2783984215447546,-0.2811836399484343
1447,28034456,i,12,-0.0821827741478045,0.17400646098491282,0.2850607228204434,1.5194040487561749,-0.0821827741478045
1448,28034456,r,11,0.10223491774272364,0.23242287197866512,0.36075952278696866,1.5229860928467713,0.10223491774272364
1449,28047910,i,12,-1.5851952807486938,0.08011927834412935,0.15849205438246106,78.3816570158496,-1.5851952807486938
1450,28047910,r,13,-1.3730216289139783,0.1430347209349927,0.2727897798646781,27.091029252860018,-1.3730216289139783
1451,28051353,i,6,-1.4393629565840032,0.05761550033571894,0.10142313866785613,60.05300686970467,-1.4393629565840032
1452,28051353,r,4,-1.249204981341148,0.03598114399012842,0.19696565162786306,37.781909364320725,-1.249204981341148
1453,28065751,g,6,-0.3408778441827378,0.07052303410892635,0.9221240781568314,1.7977736640379172,-0.3408778441827378
1454,28065751,i,10,-0.3994437452644839,0.08815749543730625,0.2351363958938236,5.049357288620358,-0.3994437452644839
1455,28065751,r,10,-0.27354622179424876,0.22031952171345776,0.38542984637548755,3.3473955584982553,-0.27354622179424876
1456,28068854,g,5,0.38340535517040053,0.19559910401658742,0.23778161992000235,2.1765512615775897,0.38340535517040053
1457,28068854,i,9,-0.8087352996992655,0.15514744081358434,0.26713016566909875,32.78698929148297,-0.8087352996992655
1458,28068854,r,11,-0.5920308431764191,0.13387590172763164,0.27509847159708634,7.432505727579016,-0.5920308431764191
1459,28153502,i,12,-1.2152283171253748,0.08713950411152205,0.16618814348555988,35.27018834254066,-1.2152283171253748
1460,28153502,r,4,-1.1541048329339347,0.12447499681582486,0.4480089360443913,17.78115947639991,-1.1541048329339347
1461,28180059,i,6,-0.23372787169832257,0.07872363631497536,0.12493518446099955,1.494294791109386,-0.23372787169832257
1462,28180059,r,10,-0.45908060661670946,0.0966810799937885,0.16348977693545602,7.894036725767497,-0.45908060661670946
1463,28192705,g,2,-0.11436487938904466,0.0311232579673712,0.0311232579673712,0.08174764894495917,-0.11436487938904466
1464,28192705,i,8,-0.8726592789300773,0.2078989526599141,0.38145429830093547,19.830693015529267,-0.8726592789300773
1465,28192705,r,5,-0.8270352175961235,0.05875979357648953,0.18360291000122408,9.191399510629449,-0.8270352175961235
1466,28196443,g,2,-0.3246363010023885,0.06387259522828925,0.06387259522828925,0.4440937834035051,-0.3246363010023885
1467,28196443,i,5,-1.0401179415411785,0.041108938932491235,0.049298400229403905,32.90033979367162,-1.0401179415411785
1468,28196443,r,7,-1.248016904601814,0.061341797427109324,0.1574617648757326,25.687399745607443,-1.248016904601814
1469,28316988,g,3,-0.1086329277396077,0.12811017797714158,0.6704221908517158,1.6548054892264876,-0.1086329277396077
1470,28316988,i,6,0.1375240703404094,0.1329299726452003,0.2344880350701012,1.5420424121248129,0.1375240703404094
1471,28316988,r,7,0.28155228798708026,0.06721378320144791,0.19340088743212974,4.2740254960186,0.28155228798708026
1472,28320103,i,5,-1.4551601140805024,0.18746594402785388,0.33149702221503463,38.92289545568966,-1.4551601140805024
1473,28320103,r,7,-1.2615616105545961,0.04594342248318184,0.10975645853338167,19.017767745761766,-1.2615616105545961
1474,28321808,g,3,-0.30627084123097836,0.0058014193609029485,0.7366443629978161,2.503402141663299,-0.30627084123097836
1475,28321808,r,6,-0.44587104036048897,0.014546831223088308,0.0545647203157445,6.53001627125285,-0.44587104036048897
1476,28335595,i,2,-0.4561138962197908,0.41527509197979007,0.4152750919797901,13.368837693330892,-0.4561138962197908
1477,28335595,r,8,-0.6198117624130686,0.09879509282079874,0.1888430182825669,5.102405590311092,-0.6198117624130686
1478,2835634,i,9,-0.41216966142743916,0.06742988474677147,0.144607313550412,4.680933581154321,-0.41216966142743916
1479,2835634,r,4,-0.4743623673454246,0.0830559309331464,0.1654094768823442,2.9045019071042493,-0.4743623673454246
1480,28362106,g,5,0.8833183258577997,0.11274029843965727,1.1701153504720865,1.322737741151347,0.8833183258577997
1481,28362106,i,4,-0.08186177950787996,0.08790662844682835,0.26025001033232453,0.8820358078212109,-0.08186177950787996
1482,28362106,r,7,-0.10690580926377666,0.0597518570677448,0.6408464069077137,0.9379856144747912,-0.10690580926377666
1483,28362106,u,2,0.40369392866903075,0.05280494772299471,0.05280494772299471,0.5793224378664859,0.40369392866903075
1484,2839864,g,2,-0.3495132070743181,0.020826128854474296,0.02082612885447427,1.0419456380227632,-0.3495132070743181
1485,2839864,i,7,-0.9158801079388001,0.2082013504771495,0.36401023348636097,18.658895601355855,-0.9158801079388001
1486,2839864,r,4,-0.486906838086941,0.5608969860194576,1.093858798084943,19.56746078616652,-0.486906838086941
1487,28401301,g,5,0.17115144200321997,0.18022833744095057,0.303169776765715,0.25634249871820963,0.17115144200321997
1488,28401301,i,8,-0.06679055326493852,0.19544998551864065,0.2988424112572424,0.8151833876638765,-0.06679055326493852
1489,28401301,r,9,-0.02852727611561054,0.12414383191163367,0.2025653930825091,0.5657884823590295,-0.02852727611561054
1490,2842448,i,4,-1.2821947061302295,0.09301334249261917,0.2207363990942599,36.138254118778576,-1.2821947061302295
1491,2842448,r,6,-1.1826620944931459,0.1122985469850255,0.1897834935164584,17.127019138883202,-1.1826620944931459
1492,2843167,g,2,0.14312248928040486,0.2274267252672699,0.22742672526726987,0.2522763053192959,0.14312248928040486
1493,2843167,i,5,-0.12480676979777672,0.09407449965365311,0.12399224303416922,1.4418458714388485,-0.12480676979777672
1494,2843167,r,4,-0.025364173984740244,0.07710565047706519,0.14839828571049868,0.2899148749241586,-0.025364173984740244
1495,28449747,i,4,-1.0022786894818092,0.0434302177506537,0.10054542239386877,31.458654275034544,-1.0022786894818092
1496,28449747,r,6,-0.7363497804226526,0.13622218307755402,0.21042862061016288,14.857070635894308,-0.7363497804226526
1497,28457362,g,2,-0.38112165773121404,0.1573882293774635,0.15738822937746344,0.7503582469078043,-0.38112165773121404
1498,28457362,i,8,-1.5326161031990626,0.0933676699651993,0.1889266679978514,44.8246579161598,-1.5326161031990626
1499,28457362,r,6,-1.2681477788022832,0.3133949222579122,0.6598354801647146,28.495074758970386,-1.2681477788022832
1500,28460533,g,2,-0.3093998604185285,0.10569347630695758,0.10569347630695758,1.023332468639481,-0.3093998604185285
1501,28460533,i,4,-1.1788914079349917,0.05125479300843627,0.1393207065203792,45.264118690340624,-1.1788914079349917
1502,28460533,r,5,-0.7692018603567915,0.25880041033310575,0.5009337516526088,23.97653980707195,-0.7692018603567915
1503,28535389,g,8,0.4104355890450989,0.23600711635684035,0.43657252593950757,0.769766267359644,0.4104355890450989
1504,28535389,i,13,-1.675323903133172,0.03301395558272824,0.18678522874636672,61.87519042885606,-1.675323903133172
1505,28535389,r,22,-1.2654559147436746,0.1272193991527255,0.47088768571047845,16.554857672714018,-1.2654559147436746
1506,28539467,g,4,-0.3022890529059807,0.03534534006787915,0.08305071672559242,0.6517186604351057,-0.3022890529059807
1507,28539467,i,7,-0.3065310481484932,0.348599356560672,0.6271232635084804,20.70906441856116,-0.3065310481484932
1508,28539467,r,7,-0.7864070985849725,0.051589935798964426,0.4632223359005819,11.087370690156414,-0.7864070985849725
1509,28588422,g,2,-0.1702748425671099,0.11712230010574598,0.11712230010574598,0.20289452308032835,-0.1702748425671099
1510,28588422,i,12,-0.7872798516177214,0.17787537836216266,0.4555165182545211,12.088333337016815,-0.7872798516177214
1511,28588422,r,6,-0.7914491475765424,0.04491278166447793,0.10935495551907293,9.824830846708048,-0.7914491475765424
1512,28613097,g,4,1.1265542887107187,0.05524021012544367,0.44152819455502623,2.84297668435582,1.1265542887107187
1513,28613097,i,6,-0.38020185242834115,0.25942330422337656,0.40682822613290137,12.805069997093277,-0.38020185242834115
1514,28613097,r,6,-0.11582474281002747,0.30326381727714796,0.5787253394374049,4.61757549290416,-0.11582474281002747
1515,28615310,g,2,-0.41831639318897,0.0005263453409130592,0.0005263453409131147,2.164756062678173,-0.41831639318897
1516,28615310,i,4,-0.3950659686586697,0.04248453655851242,0.2718708101134642,6.143422153360038,-0.3950659686586697
1517,28615310,r,5,-0.06034590290273556,0.30157889778978975,0.4929362613607138,1.5760246617680511,-0.06034590290273556
1518,28617618,i,7,-0.7891745634444408,0.07687917136233402,0.17151604222767514,22.254082547331148,-0.7891745634444408
1519,28617618,r,7,-0.9164439270845979,0.2525675207415998,0.6799652828456042,14.729315326837483,-0.9164439270845979
1520,28629820,i,12,-0.7160315770729395,0.06733644365903574,0.26919625971690875,14.870682315207967,-0.7160315770729395
1521,28629820,r,9,-0.5573437398091433,0.1617473756208594,0.5710220439739386,5.28966731043817,-0.5573437398091433
1522,28647887,g,5,-0.2689194993020811,0.06479614273365314,1.2328400838650395,3.031849389696094,-0.2689194993020811
1523,28647887,i,11,-0.6571702231253336,0.09603266524454923,0.20489595723443588,17.146211141101773,-0.6571702231253336
1524,28647887,r,8,-0.3237431786126097,0.026230554858959615,0.04587325401695258,4.612183956654333,-0.3237431786126097
1525,28753482,g,7,0.15287384801466897,0.10771563023501052,0.3285383088575591,0.4399782276082615,0.15287384801466897
1526,28753482,i,13,-0.4445241276805497,0.10722394071854113,0.262316671674778,13.399137103680177,-0.4445241276805497
1527,28753482,r,17,-0.3213301941988852,0.08746979346778072,0.21929300343382618,3.184829909121617,-0.3213301941988852
1528,28753482,u,2,0.9079317381786987,0.05657271030119787,0.056572710301197815,1.6980153625025414,0.9079317381786987
1529,28788253,g,5,0.8165455128297314,0.2024515463920442,0.9285857866794053,1.9583120493766024,0.8165455128297314
1530,28788253,i,11,-0.4008236781416139,0.12806553568268608,0.34013761079407023,8.163402465032078,-0.4008236781416139
1531,28788253,r,13,0.04595379133353234,0.17690819815624903,0.3764970984978121,1.8540508033440943,0.04595379133353234
1532,28855366,g,2,-0.10683232672668752,0.24534375457433755,0.24534375457433755,0.6474540501990567,-0.10683232672668752
1533,28855366,i,5,-1.3713469413968986,0.059779726949166445,0.0710865295100791,104.81369484232712,-1.3713469413968986
1534,28855366,r,7,-1.1920602907260076,0.07768912963499752,0.23872252449225528,33.89353135853663,-1.1920602907260076
1535,28926366,g,3,-0.42052652451699896,0.06427198629186787,0.1115874459517433,0.7447433159931522,-0.42052652451699896
1536,28926366,i,2,-0.7964262227243828,0.12048280063464745,0.12048280063464745,24.365318941604457,-0.7964262227243828
1537,28926366,r,6,-0.8493948800425378,0.10522658838077104,0.18661256946531957,17.00373010365384,-0.8493948800425378
1538,28949275,g,3,-0.47623565978289994,0.04611463454860487,0.0670820863147022,0.8920578513917512,-0.47623565978289994
1539,28949275,i,7,-2.0150638576296425,0.20457021709652468,0.3416469355157745,97.92117263149193,-2.0150638576296425
1540,28949275,r,12,-1.3520828075820885,0.1439673130029,0.3160725591053948,20.99671835400986,-1.3520828075820885
1541,29038888,g,2,-0.22851588517206298,0.07783418111065202,0.07783418111065205,0.29168574399561686,-0.22851588517206298
1542,29038888,i,5,-1.423756478792517,0.033684006402553424,0.17710286617631343,66.5693019691366,-1.423756478792517
1543,29038888,r,5,-1.1268106876061759,0.14167333847646435,0.1721659266962916,30.390704565915758,-1.1268106876061759
1544,29182307,i,7,-1.4086846060250122,0.1498409450715541,0.23319466513594023,81.90718788219613,-1.4086846060250122
1545,29182307,r,5,-0.5528323993086315,0.08771558186125739,0.7834750278226501,9.28500378926111,-0.5528323993086315
1546,29341338,i,7,-1.4346123792127017,0.05952470943124766,0.13267380885771596,110.38773873644611,-1.4346123792127017
1547,29341338,r,5,-1.0257225659843707,0.04327669882992313,0.04879350234640567,24.003437241739846,-1.0257225659843707
1548,29365891,i,7,-0.8825796422329634,0.17420510923218335,0.21725311382758572,18.35947003501769,-0.8825796422329634
1549,29365891,r,6,-1.0424346786439438,0.05042969452535284,0.0784252040668878,24.74112072249523,-1.0424346786439438
1550,29443700,g,2,1.0190693137861415,0.057605513333039426,0.05760551333303954,6.196078117742365,1.0190693137861415
1551,29443700,i,8,-0.4208791119672312,0.040132885344564606,0.09872180669884806,8.097798590069878,-0.4208791119672312
1552,29443700,r,4,-0.02733424086597902,0.12420292809765815,0.17284407113511724,1.1963013367796018,-0.02733424086597902
1553,29450281,g,2,0.42167697869246235,0.7409065896561144,0.7409065896561144,2.2935496867355187,0.42167697869246235
1554,29450281,i,5,0.05631978260819763,0.054406216785490666,0.07496651546502942,3.025132899959286,0.05631978260819763
1555,29450281,r,6,0.2799972989981965,0.25979152105831277,0.7591449589483812,3.1265952554121044,0.2799972989981965
1556,29451903,g,4,0.7202578876420653,0.16119182487608497,0.43923956538842357,2.1582859459772155,0.7202578876420653
1557,29451903,i,13,0.15745207465124772,0.18366832308963307,0.21962767438487782,1.9261046687507781,0.15745207465124772
1558,29451903,r,15,0.4068479855940682,0.1632690348266309,0.3154969122698525,6.4874958165105685,0.4068479855940682
1559,29473444,g,2,-0.49496876068288687,0.08227139026899744,0.08227139026899738,0.8383079334379684,-0.49496876068288687
1560,29473444,i,5,-1.8016470593605345,0.018003479418038593,0.07194276371563779,69.79155188117154,-1.8016470593605345
1561,29473444,r,9,-1.65138969880224,0.10969874975109484,0.4597791115703578,21.15716978804885,-1.65138969880224
1562,29500149,i,13,-0.6225388655147284,0.13714209689173495,0.25078565958535726,7.291791748578313,-0.6225388655147284
1563,29500149,r,7,-0.41851524974580795,0.12893742627318244,0.22271993853572686,2.3739059308638883,-0.41851524974580795
1564,2951303,g,4,-0.28736405690307665,0.021057953458391038,0.15043092911025988,1.0180244239325145,-0.28736405690307665
1565,2951303,i,12,-0.0007153917070986636,0.16594297145221215,0.39173495124012714,0.7930455902649185,-0.0007153917070986636
1566,2951303,r,14,-0.04167681668433407,0.23940808296723928,0.6866032224439429,0.9071833009985433,-0.04167681668433407
1567,2951303,u,3,0.7271797825399164,0.061614828916851216,0.2024178824604269,1.047913516440042,0.7271797825399164
1568,29513714,g,3,-0.25911351616777134,0.04180816995281078,0.06589789831002618,1.4989346020575276,-0.25911351616777134
1569,29513714,i,4,-0.3934860834479779,0.06700840861167454,0.14863363671586288,16.61043332691179,-0.3934860834479779
1570,29513714,r,4,-0.6674729288492987,0.023904379897093486,0.11303024411889884,18.162630232570695,-0.6674729288492987
1571,29513714,u,3,0.5715721348550226,0.10423401609585081,0.11025642890830556,0.9255094412789102,0.5715721348550226
1572,29535261,g,2,-0.10748600860199947,0.4237170551520493,0.4237170551520494,0.844924054791394,-0.10748600860199947
1573,29535261,i,5,-0.2693080730908307,0.08680627961685383,0.1236056349543676,1.4881191812156418,-0.2693080730908307
1574,29535261,r,6,-0.668069356968406,0.13004440926673444,0.21036480464290275,9.999142697143245,-0.668069356968406
1575,29595237,g,3,0.45975094432211827,0.10858889944348327,0.15991132050855544,1.511720300650716,0.45975094432211827
1576,29595237,i,8,-1.0105975721485987,0.036908480970521684,0.08024181317955015,37.93537702860215,-1.0105975721485987
1577,29595237,r,9,-0.8627066291020119,0.02873521528992906,0.1213162750557727,7.789066080751804,-0.8627066291020119
1578,29658694,i,12,-1.3754174941920936,0.07571910766540346,0.2253719700592518,59.119966801289344,-1.3754174941920936
1579,29658694,r,8,-1.1094235342120775,0.11673206144611104,0.2983875668167917,12.232096996048577,-1.1094235342120775
1580,29667694,g,4,-0.2990321343118622,0.14476711447754825,0.41590950164064067,1.2877267813679514,-0.2990321343118622
1581,29667694,i,18,-1.4638785374670944,0.13726303116776206,0.23670742408220136,87.83507667137302,-1.4638785374670944
1582,29667694,r,13,-1.249661088952271,0.0868370178961686,0.4692587878691168,19.545728202892956,-1.249661088952271
1583,29693711,g,3,-0.43497066938306905,0.08829476489873778,0.12847312173681935,0.8901661593739321,-0.43497066938306905
1584,29693711,i,4,-1.493229577805812,0.028141217709439337,0.09177792301880405,78.69112338494655,-1.493229577805812
1585,29693711,r,5,-1.3208758476819256,0.028559535999060026,0.03211000757197291,24.50495679950684,-1.3208758476819256
1586,29700554,g,4,-0.02805984881339446,0.151172401037596,0.2799378748366622,0.37169300666136484,-0.02805984881339446
1587,29700554,i,8,-0.8332706669021079,0.1939480410656388,0.3573226240806302,23.35964351990314,-0.8332706669021079
1588,29700554,r,11,-0.7293701079822937,0.11808161766594105,0.4208276641819859,7.369253388876384,-0.7293701079822937
1589,29726043,i,6,-2.580480365491484,0.10746741105691937,0.16625431261746826,209.87945315380728,-2.580480365491484
1590,29726043,r,6,-1.7191730595918047,0.012019867992845934,0.018892222848867934,80.71865014157169,-1.7191730595918047
1591,29750404,i,10,-0.5502885915366478,0.12463824033819565,0.22795633951104027,7.330964178920032,-0.5502885915366478
1592,29750404,r,6,-0.29486854597606443,0.020832743769893247,0.16900302219592234,4.775298664574794,-0.29486854597606443
1593,29802840,g,6,-0.0423476196159453,0.2509550491964308,0.49200238616985087,0.6543096728994493,-0.0423476196159453
1594,29802840,i,7,-0.1487812282724056,0.039118400832178296,0.05713477345819437,0.643116351254804,-0.1487812282724056
1595,29802840,r,8,-0.14118272452231462,0.030201328149493167,0.06369060276700508,1.2000996652677205,-0.14118272452231462
1596,29802840,u,2,0.7761267862223283,0.0689957897830803,0.06899578978308019,2.259867022483297,0.7761267862223283
1597,29819829,g,3,-0.2646202829401687,0.03492663190316958,0.05827433110860447,0.8232730625080396,-0.2646202829401687
1598,29819829,i,8,-0.5220338803568392,0.13188034810147714,0.18776593038352124,6.940282737805367,-0.5220338803568392
1599,29819829,r,6,-0.556208000254067,0.058902733915582706,0.10757933501215067,11.489568370233036,-0.556208000254067
1600,29843715,g,3,0.5058019307093033,0.0001018223261437523,0.02376640565946675,0.6239504267780688,0.5058019307093033
1601,29843715,i,12,-0.6364667828005326,0.09749175943056354,0.36374254759819713,18.27242412431767,-0.6364667828005326
1602,29843715,r,10,-0.2675559978506016,0.032282206163268545,0.0757428807902496,3.753681120895243,-0.2675559978506016
1603,29852614,i,5,-0.5667017538722732,0.07129726294459326,0.39477583994032006,9.680508445745113,-0.5667017538722732
1604,29852614,r,9,-0.17466288775635433,0.1772251447562501,0.2291503200514001,3.185326051620704,-0.17466288775635433
1605,29864308,g,3,-0.20455650852320417,0.11674099064988575,0.142104080853583,0.6025237946645187,-0.20455650852320417
1606,29864308,i,2,-0.7018050238595387,0.10897875525765777,0.10897875525765777,18.833786810313192,-0.7018050238595387
1607,29864308,r,6,-0.7700821133520033,0.03949958040881063,0.07172172128154908,14.50067235632894,-0.7700821133520033
1608,29870807,g,3,0.6337818456272997,0.03270836630067353,0.06338463216134793,1.0213788756165985,0.6337818456272997
1609,29870807,i,6,-0.3692511701023685,0.11934655500294442,0.3613436187223892,6.732924117480884,-0.3692511701023685
1610,29870807,r,9,-0.08341276900217309,0.12495152450483848,0.19944632905974513,2.1283251904411244,-0.08341276900217309
1611,29876718,i,6,-0.7594518130127252,0.04010589457324243,0.06630513138567473,6.002033030649557,-0.7594518130127252
1612,29876718,r,7,-1.0106066087894385,0.046836768182048516,0.3207016220365305,15.15206391142549,-1.0106066087894385
1613,29877681,i,4,-1.1492703965589812,0.04905879302405536,0.06094868030367939,42.49094923779374,-1.1492703965589812
1614,29877681,r,9,-1.2331277371489184,0.10605418572902447,0.1885155053980876,21.345921390429584,-1.2331277371489184
1615,29905400,i,7,-1.7103178189150907,0.09736954222521588,0.23114458974061525,60.34191579879581,-1.7103178189150907
1616,29905400,r,5,-1.1702808301649836,0.0645518307408377,0.12578799415052555,18.804719299303038,-1.1702808301649836
1617,29997649,g,3,-0.4310986952975395,0.03597226547873733,0.05153365970351015,1.0448931545867033,-0.4310986952975395
1618,29997649,i,4,-0.6092905878068573,0.015383771606115204,0.039609954205702125,21.64849106112327,-0.6092905878068573
1619,29997649,r,4,-0.758270463114545,0.020578667828063113,0.040797479285033855,14.621948317755546,-0.758270463114545
1620,30042646,i,7,-0.6704742840712481,0.08849565890915723,0.4837808163697503,9.58344050899376,-0.6704742840712481
1621,30042646,r,4,-0.44255685355814955,0.0247522596598429,0.07586568109425695,8.023358640132134,-0.44255685355814955
1622,30066151,i,11,-0.998906974104327,0.18419534098175294,0.35349294485290916,25.935058229013382,-0.998906974104327
1623,30066151,r,9,-0.5953307214651697,0.2124017617324263,0.3565718078788792,5.555762138771805,-0.5953307214651697
1624,30091777,g,4,0.10542469011542688,0.023494043173805212,0.15362081729454874,0.32900307893821934,0.10542469011542688
1625,30091777,i,3,-0.5028336484451925,0.004297532392449677,0.14468383635433846,4.993850677703258,-0.5028336484451925
1626,30091777,r,5,-0.3851864527135599,0.12634775075999483,0.22730734008149106,2.933053723248361,-0.3851864527135599
1627,30092982,i,6,-1.5703640395460503,0.10052527386402588,0.17382584837408777,59.42676298566485,-1.5703640395460503
1628,30092982,r,4,-1.1817563060502432,0.21273527024996253,0.39667912814504636,17.13351672176485,-1.1817563060502432
1629,30145353,i,5,-1.9586912007059871,0.11657632076095248,0.19904919334065552,109.77585055835497,-1.9586912007059871
1630,30145353,r,6,-1.6766250866288472,0.03682027084080752,0.060911974703534266,44.98851820306834,-1.6766250866288472
1631,30146426,g,2,-0.2071899593454024,0.12145058324891467,0.12145058324891467,0.43045597496443794,-0.2071899593454024
1632,30146426,i,4,-0.890127264399918,0.028517609106926467,0.16489849477186436,22.532330962053372,-0.890127264399918
1633,30146426,r,6,-0.6909738544988826,0.04307915266646423,0.11159791413526388,10.67453601822202,-0.6909738544988826
1634,30282932,g,2,-0.4774163053846314,0.14386877236114537,0.14386877236114537,1.7286130646178501,-0.4774163053846314
1635,30282932,i,6,-2.115325662514599,0.05520776481900347,0.09856995282800884,176.03906949183911,-2.115325662514599
1636,30282932,r,5,-1.5327122639066035,0.06366347606362077,0.16694922798711298,43.98445797418868,-1.5327122639066035
1637,30307352,i,10,-1.4193255663291269,0.08484535031602858,0.2967990701356249,83.1906041160327,-1.4193255663291269
1638,30307352,r,6,-1.1041961038626142,0.10130415927890957,0.321238099311286,15.159978649550558,-1.1041961038626142
1639,30391720,i,8,-0.7364019261077269,0.1230545506719205,0.23960659956626473,8.71196976564477,-0.7364019261077269
1640,30391720,r,4,-0.6990889612035829,0.08235655992806251,0.1468195269930136,10.445741611628662,-0.6990889612035829
1641,30391976,g,2,0.2546529164046545,0.010884710395770991,0.010884710395770991,0.3372947982093442,0.2546529164046545
1642,30391976,i,7,-0.14359989355002534,0.11740092341508235,0.31565164914448995,1.5147744739277529,-0.14359989355002534
1643,30391976,r,7,-0.18023292368341315,0.0782132197961602,0.2231932951484814,0.5737962005948304,-0.18023292368341315
1644,30401024,g,3,-0.22593101178623076,0.09795957857727866,0.11946631092307397,0.30139384696674215,-0.22593101178623076
1645,30401024,r,7,-0.5709000050141502,0.05589065792524295,0.12976308383605456,4.751624049421994,-0.5709000050141502
1646,30406501,g,4,-0.1286832628560255,0.025748147845987113,0.1947863497444839,0.39596196979122655,-0.1286832628560255
1647,30406501,i,6,-0.5700824545117869,0.03198546017764914,0.053349889913301696,11.58018790674756,-0.5700824545117869
1648,30406501,r,4,-0.2083290212706143,0.21895789514538538,0.46908668240487744,7.871051532523645,-0.2083290212706143
1649,30406501,u,2,1.4694089243997366,0.03916443206723441,0.03916443206723441,8.23691681392613,1.4694089243997366
1650,30430661,i,7,-1.1816569072435403,0.0864950149049164,0.3477862098755997,61.292880351632505,-1.1816569072435403
1651,30430661,r,6,-0.19241721917401722,0.32312464514580297,0.519527834414556,3.2201960162495307,-0.19241721917401722
1652,30520521,g,8,-0.09973930763043759,0.2470827674968386,0.7703975249344445,1.2133990690291625,-0.09973930763043759
1653,30520521,i,15,-0.5729596179434394,0.16204843348207187,0.2524645349705368,17.44633659062056,-0.5729596179434394
1654,30520521,r,18,-0.4809917501515805,0.12199858549088233,0.47648842840249994,4.141915110775498,-0.4809917501515805
1655,30576339,g,2,-0.28044322525302406,0.0006313790828372245,0.0006313790828372801,1.5186702302877615,-0.28044322525302406
1656,30576339,i,5,-0.23349851784147502,0.29445894432855035,0.9984310012884525,7.608577993040581,-0.23349851784147502
1657,30576339,r,6,-0.45758894580599174,0.03731948863208187,0.2623547310864433,13.460283527249151,-0.45758894580599174
1658,30576339,u,3,0.6268679013260647,0.1435705080049805,0.5325011298082741,2.5178613909401775,0.6268679013260647
1659,30626582,g,2,0.3224346031972507,0.6621783725815575,0.6621783725815575,1.909666820748063,0.3224346031972507
1660,30626582,i,5,-0.12136404205071283,0.05959882844984957,0.1837751540963214,0.9311079538107372,-0.12136404205071283
1661,30626582,r,6,-0.004670156375052692,0.2655437613513786,0.4944968422782686,1.550554383418372,-0.004670156375052692
1662,30659041,i,11,-0.8518880225728119,0.10289150473709119,0.19181538657017438,37.54325666050365,-0.8518880225728119
1663,30659041,r,8,-0.7547445456432524,0.29669474612558333,0.5505526384057026,13.144240300977078,-0.7547445456432524
1664,30697019,g,2,0.751438483620535,0.07968443918923668,0.07968443918923673,4.553101067008077,0.751438483620535
1665,30697019,i,7,-0.1446897243348617,0.11692807450211862,0.2637670064308634,1.142538166318192,-0.1446897243348617
1666,30697019,r,4,0.387923194464762,0.09252305798363086,0.12601096026638964,4.261392430644055,0.387923194464762
1667,30717936,g,3,-0.3044358794560106,0.07987290014521381,0.5298701927679317,1.0982463536390208,-0.3044358794560106
1668,30717936,i,7,-0.3821169475101207,0.1053826815417252,0.195116341680939,6.373643001258107,-0.3821169475101207
1669,30717936,r,13,-0.2726934597499393,0.10920684708254869,0.35142019570066996,5.566946501224792,-0.2726934597499393
1670,30719837,g,3,-0.5017639618406882,0.057045070305544066,0.09657892559837267,1.8435414476078666,-0.5017639618406882
1671,30719837,i,2,-0.4957637340118579,0.03220834834576916,0.03220834834576919,4.86044468637124,-0.4957637340118579
1672,30719837,r,9,-0.550138742412126,0.06934139330864275,0.20662464482202236,3.989728367482007,-0.550138742412126
1673,30814309,g,3,0.7943052427748041,0.00269760222346771,0.017252650051385654,1.6874756501207593,0.7943052427748041
1674,30814309,i,6,-0.19118579326564533,0.030134606569081346,0.21876445561184316,3.6776128300107795,-0.19118579326564533
1675,30814309,r,6,0.0320843685346725,0.052024558010325295,0.25071205215130987,1.8779970525591851,0.0320843685346725
1676,30826932,i,8,-1.6232432155131495,0.03177445189446315,0.06195117216797308,91.9885881300587,-1.6232432155131495
1677,30826932,r,5,-1.4514386397409131,0.03926916384124968,0.044131877117674634,64.12587074767667,-1.4514386397409131
1678,30829351,g,4,-0.3419086439063734,0.06085773749148912,0.15135638121399453,0.5641783254690771,-0.3419086439063734
1679,30829351,i,2,-0.9943742347898359,0.008255560456751354,0.008255560456751354,19.161620722149085,-0.9943742347898359
1680,30829351,r,6,-0.9440149539800015,0.031466705774346515,0.05356149714433811,14.784995029159353,-0.9440149539800015
1681,30831552,g,5,-0.3390506562516817,0.03605502327588933,0.03877898479188824,1.0970442932022213,-0.3390506562516817
1682,30831552,i,12,-0.5306444562037915,0.08282441578419297,0.14263495922077107,5.689122871416256,-0.5306444562037915
1683,30831552,r,9,-0.3909608020699398,0.06085882892973005,0.10598209041483664,1.7478722661622847,-0.3909608020699398
1684,30843398,g,2,-0.4085611770167959,0.1530573877425339,0.15305738774253397,0.7774959822981091,-0.4085611770167959
1685,30843398,i,7,-0.963824654199712,0.12392112317702231,0.17171965949390233,21.298343154358374,-0.963824654199712
1686,30843398,r,10,-0.9106395267808003,0.09054953660050186,0.17782017911516834,13.425478305703772,-0.9106395267808003
1687,30860479,g,8,0.8954502410484662,0.0889838578092067,0.39985727250734837,2.1999354797025603,0.8954502410484662
1688,30860479,i,4,-0.16760236255379804,0.2681874089534676,0.5083169955168625,8.309559807208007,-0.16760236255379804
1689,30860479,r,11,0.14609742588339913,0.10006776931651173,0.44603932739982793,1.4134894312672668,0.14609742588339913
1690,30862343,g,3,0.9475080688047315,0.18216933939123803,0.20691348072292515,3.099356481934196,0.9475080688047315
1691,30862343,i,14,-0.6107723903969824,0.1441225301341617,0.25792981830603223,8.085551160817458,-0.6107723903969824
1692,30862343,r,9,-0.30925582212811487,0.10007390435981856,0.1505342572139231,1.0393083727122836,-0.30925582212811487
1693,30865580,g,2,-0.49775724141677025,0.06892464897502804,0.06892464897502809,0.902139777803483,-0.49775724141677025
1694,30865580,i,11,-1.0126666364042312,0.08611010799770868,0.15596223213600724,27.998003557844108,-1.0126666364042312
1695,30865580,r,9,-1.0719617789975073,0.06436806021829566,0.08103637351921478,16.939955949016145,-1.0719617789975073
1696,30915469,g,2,0.07230500353161293,0.0802451016379738,0.0802451016379738,0.08101287303718524,0.07230500353161293
1697,30915469,i,11,-0.9446939060074094,0.10386202011971513,0.166171154066587,19.485273158893055,-0.9446939060074094
1698,30915469,r,11,-0.8344095500382316,0.12132049308489212,0.3334360015113076,13.423160714306066,-0.8344095500382316
1699,3091852,g,2,-0.2867872679835215,0.04161374053402003,0.04161374053402006,1.1670460680059054,-0.2867872679835215
1700,3091852,i,17,-0.32021980829125135,0.11192831723751123,0.182088280581008,4.477795532570568,-0.32021980829125135
1701,3091852,r,17,-0.24109673449408098,0.07582676768987956,0.17475963625610103,2.154292226490431,-0.24109673449408098
1702,30958947,i,7,-0.9894606362687355,0.07982586975359529,0.13675734808291917,34.146356476385144,-0.9894606362687355
1703,30958947,r,5,-0.58182303253516,0.10500821524563175,0.17441017552793148,6.407938747220674,-0.58182303253516
1704,30959742,g,3,-0.4114485689813553,0.05472970633184526,0.057917552331935684,0.7348298949835531,-0.4114485689813553
1705,30959742,i,8,-0.9254723811445835,0.1385855814317849,0.19015642550645162,18.164992255928105,-0.9254723811445835
1706,30959742,r,4,-0.9989414818109036,0.023756460568665094,0.2531202667220289,13.90838291293505,-0.9989414818109036
1707,30990477,i,7,0.132469122675814,0.16222090049483429,0.29790404310812324,0.3563328202275048,0.132469122675814
1708,30990477,r,8,0.10743994775791693,0.10967836780548951,0.25176600520474357,0.3708330275982142,0.10743994775791693
1709,30990477,u,3,1.1586990595822657,0.08741456085161992,0.13900334545665372,3.0102662980412886,1.1586990595822657
1710,31033758,g,3,-0.43138156343171274,0.004120946483556542,0.005352077276283895,0.8163840099636067,-0.43138156343171274
1711,31033758,i,5,-1.522675816569048,0.21648134580922895,0.25229429398294956,85.71333625459646,-1.522675816569048
1712,31033758,r,5,-1.1451859017066175,0.1244655959451153,0.23499007006979067,21.62949959849314,-1.1451859017066175
1713,31062042,i,13,-0.2911228040664128,0.16662952591333136,0.31828018308974926,2.7034408188095225,-0.2911228040664128
1714,31062042,r,14,-0.3956079365318847,0.09854955036261953,0.2672893582671876,2.3296857056676195,-0.3956079365318847
1715,31125178,i,6,-1.22354231976755,0.1844212204104626,0.3122797059132554,39.0913051610866,-1.22354231976755
1716,31125178,r,6,-1.2112879401087762,0.030827761649125596,0.05362238212966486,36.77358578487728,-1.2112879401087762
1717,31238739,i,11,-1.2589715165976418,0.057840352993968835,0.12294003958646949,58.01589481144561,-1.2589715165976418
1718,31238739,r,7,-0.9080753729996056,0.095861732135341,0.5788591409854318,11.953642769041569,-0.9080753729996056
1719,31329141,g,5,0.21130845849789737,0.16813798235935284,0.510904057405756,0.7437943578915196,0.21130845849789737
1720,31329141,i,13,0.17910486341658283,0.09923435487681365,0.19305895296719178,0.43624959144569303,0.17910486341658283
1721,31329141,r,9,0.09678772927964241,0.10752722468961623,0.20279658386539628,0.7329288877337035,0.09678772927964241
1722,31329141,u,2,0.9483588072318272,0.1593939188228955,0.15939391882289544,2.2816617482696806,0.9483588072318272
1723,31386193,i,7,-0.5783202050570126,0.07121228866218188,0.17844803639159107,14.391658597176745,-0.5783202050570126
1724,31386193,r,5,-0.6211442320636176,0.023649943834224585,0.03306442463005976,9.962423123364628,-0.6211442320636176
1725,31393388,g,2,-0.24028108908817383,0.1591140302202664,0.15911403022026643,0.7106608252621646,-0.24028108908817383
1726,31393388,i,4,-0.6599582785595346,0.005784002803107868,0.05120166463655207,25.54165048634096,-0.6599582785595346
1727,31393388,r,6,-0.7179191557887263,0.0475216908116623,0.20667240959486155,9.040134635819557,-0.7179191557887263
1728,31397405,g,3,-0.513445831355551,0.017126004160546326,0.043020999261035975,0.9634294983722064,-0.513445831355551
1729,31397405,i,6,-0.9872336436754112,0.1326155037797107,0.20562132438336478,17.248331145195007,-0.9872336436754112
1730,31397405,r,3,-0.7949112837940742,0.012438269165273796,0.27816629613343513,15.122752493696376,-0.7949112837940742
1731,31472243,g,4,-0.33192353473779435,0.018713437276502765,0.044197946952919676,0.5433803283738031,-0.33192353473779435
1732,31472243,i,12,-0.893702908180769,0.11569453226296067,0.2362882636870529,25.201467577008625,-0.893702908180769
1733,31472243,r,16,-0.5346654903882027,0.21378596987863607,0.5183984608952088,12.800112899094133,-0.5346654903882027
1734,31512080,g,2,-0.20407280716317544,0.13109220824536227,0.13109220824536227,0.1582265626805744,-0.20407280716317544
1735,31512080,i,5,-1.0360782818081569,0.04764419954282939,0.06972609660587481,13.689937406868399,-1.0360782818081569
1736,31512080,r,4,-1.3587415269717238,0.1582828625480912,0.3544241553135983,21.01515994133145,-1.3587415269717238
1737,31525839,g,2,0.18321639191864067,0.5239204387314358,0.5239204387314358,1.4764775672226098,0.18321639191864067
1738,31525839,i,4,-0.40163776213195457,0.06690632592622578,0.08453415415345533,12.05974995845499,-0.40163776213195457
1739,31525839,r,10,-0.2547839001550004,0.07284759602193197,0.13459809524819186,3.1627289773952088,-0.2547839001550004
1740,31566183,i,8,-0.2875639231010028,0.17445951666726556,0.34556824513454193,11.824462815842367,-0.2875639231010028
1741,31566183,r,5,0.11048648787286552,0.03665842711391987,0.0533673182514145,4.046433589335944,0.11048648787286552
1742,31582600,g,2,-0.6897387249763592,0.018153549767607857,0.018153549767607968,1.8565382195084852,-0.6897387249763592
1743,31582600,i,6,-1.3376178553130336,0.31234864147509933,0.6761232711719944,41.45180078079094,-1.3376178553130336
1744,31582600,r,7,-1.163601793250893,0.11137047736256389,0.590611033585014,19.93026822051934,-1.163601793250893
1745,31585816,i,8,-0.05699553599888052,0.1676073567222922,0.3416484119032097,0.9083852391167395,-0.05699553599888052
1746,31585816,r,2,-0.14739084738631492,0.0006921258976045203,0.0006921258976045064,0.8812176663033036,-0.14739084738631492
1747,3161752,g,4,-0.19850350839058364,0.06200179950728332,0.12074575561207299,0.42367820720201216,-0.19850350839058364
1748,3161752,i,5,-0.863495695178933,0.024761138213154843,0.04041585167677775,20.44800506271685,-0.863495695178933
1749,3161752,r,9,-0.6198421839110644,0.06115362162085847,0.11937995404990909,6.060542326940496,-0.6198421839110644
1750,31653877,i,9,-0.5049095077712883,0.058793113907592565,0.1077556356222159,11.012335665595959,-0.5049095077712883
1751,31653877,r,5,-0.3195445198832223,0.06504435694541,0.09167670933221261,1.8764284999082061,-0.3195445198832223
1752,31654102,g,3,0.13951410429340316,0.045199545636049665,0.22880653883156904,0.257627408215713,0.13951410429340316
1753,31654102,i,5,-0.3165092370085397,0.03496129993703462,0.10727633692523386,4.021383029216766,-0.3165092370085397
1754,31654102,r,3,-0.4315846971690066,0.030127951316916257,0.1572374393534962,5.183630483399418,-0.4315846971690066
1755,31655039,i,7,-0.6090154007444932,0.10833425721072965,0.296979866854909,15.223412253269428,-0.6090154007444932
1756,31655039,r,5,-0.40602695652594656,0.255288141757536,0.5443754523548288,3.4494668530617103,-0.40602695652594656
1757,31664737,g,2,0.012940721110581643,0.06795855859825717,0.06795855859825717,0.04413138341906249,0.012940721110581643
1758,31664737,i,6,-0.264578004605322,0.2707964103606403,0.8448804685918767,12.09435129809347,-0.264578004605322
1759,31664737,r,7,-0.18723155754623905,0.06643121330221574,0.7269794388505808,10.078953647543788,-0.18723155754623905
1760,31669072,g,5,-0.4005476795703467,0.025080397399202536,0.025823797110295255,0.5217858993631793,-0.4005476795703467
1761,31669072,i,10,-1.583963533274543,0.05614949183329121,0.1054946277722435,57.00706833588735,-1.583963533274543
1762,31669072,r,8,-1.272017851603447,0.17910920444388068,0.3418943519085358,29.47347859267072,-1.272017851603447
1763,31739650,g,3,0.25061640864202017,0.03667328792087443,0.06418025153491669,0.2577291352429709,0.25061640864202017
1764,31739650,i,7,-0.5380066230871914,0.03466745921361247,0.11517556591150663,7.411755170198267,-0.5380066230871914
1765,31739650,r,8,-0.4715691868365407,0.07025211871257503,0.23436430971269995,1.8772626734215652,-0.4715691868365407
1766,31781379,g,5,-0.37505908348883754,0.07267486374809101,0.15263430712666232,1.40777918685554,-0.37505908348883754
1767,31781379,i,8,-0.6461617088781043,0.3061087764775168,0.5507342275496878,17.769333813254196,-0.6461617088781043
1768,31781379,r,13,-0.8599756231125014,0.18983702478102493,0.8624918225225291,10.513820979137714,-0.8599756231125014
1769,31782659,i,8,-1.0694804674605691,0.08602044415678445,0.2910557683837065,41.80064345628397,-1.0694804674605691
1770,31782659,r,5,-1.0866083516362863,0.11985741726155164,0.8071847995791199,9.23985595796447,-1.0866083516362863
1771,31794730,i,7,-1.3283408189238342,0.1655954525604053,0.23563630418547832,37.06293397122791,-1.3283408189238342
1772,31794730,r,7,-1.135444350504508,0.20270718393256493,0.44204642095866153,12.272625117544223,-1.135444350504508
1773,31914319,g,3,-0.1583509216064879,0.14793186048931706,0.2955496051263833,0.47624951027947354,-0.1583509216064879
1774,31914319,i,16,-0.2754244632367501,0.10576647909815998,0.23687497794632228,4.164642055191997,-0.2754244632367501
1775,31914319,r,14,-0.12751982888632718,0.08721979261259506,0.17602729113276722,0.8479410285217588,-0.12751982888632718
1776,31919935,g,2,0.12829992090147188,0.3977598027804148,0.39775980278041484,1.5582842543220075,0.12829992090147188
1777,31919935,i,5,-0.35196828796480173,0.050284994391453175,0.07371547153280678,6.215971677281198,-0.35196828796480173
1778,31919935,r,4,-0.33086867005746123,0.005595877643568947,0.012624547426245192,7.04240572710865,-0.33086867005746123
1779,31933351,g,4,0.12106630433627891,0.16116627371558864,0.3023607442854864,0.6499480944870424,0.12106630433627891
1780,31933351,i,4,-0.5871860082296572,0.01709778814458124,0.06746467669066636,8.18952001700635,-0.5871860082296572
1781,31933351,r,6,-0.3760851832524075,0.11396597476550024,0.3190271704909924,1.860099729837656,-0.3760851832524075
1782,3193526,g,6,-0.293510632099011,0.11275552325506433,0.184423015010607,0.3652316950161498,-0.293510632099011
1783,3193526,i,7,-1.0714123500784005,0.0840132978160344,0.13075549734724667,38.89168767143925,-1.0714123500784005
1784,3193526,r,12,-0.9820656105184545,0.13185582229304504,0.17727113518335136,16.43466790342173,-0.9820656105184545
1785,32065858,g,3,0.5984516252712642,0.46796633545531297,0.7665203693764083,1.8897591882161293,0.5984516252712642
1786,32065858,i,11,-1.1693084873728674,0.09208762656539449,0.19752697989569112,59.592548983290094,-1.1693084873728674
1787,32065858,r,12,-0.6258461343489978,0.16212005735253693,0.5892943323407498,15.85241650737409,-0.6258461343489978
1788,32067544,i,13,-0.2910900724602334,0.06606978660252422,0.14074103243138275,1.1875154549728704,-0.2910900724602334
1789,32067544,r,5,-0.21804327376201282,0.009183757916732427,0.014532140679999639,0.2197087059883645,-0.21804327376201282
1790,32086174,g,3,0.002055794909317621,0.30314471634720563,0.40302117664996884,0.46196663204125504,0.002055794909317621
1791,32086174,i,11,-0.9560900357135436,0.15779997615074048,0.2917434426949237,35.63652994852814,-0.9560900357135436
1792,32086174,r,12,-0.8026435669317238,0.1628734213532026,0.6653080606820114,12.88989389438162,-0.8026435669317238
1793,32096819,i,8,-0.7505741588220721,0.05663245448003518,0.13157659606221306,14.146131603633096,-0.7505741588220721
1794,32096819,r,5,-0.3291241807364733,0.04669667804456468,0.10749975057146002,2.0505943083659326,-0.3291241807364733
1795,32101015,i,8,-0.840005140455113,0.18145507546010126,0.27651005673764173,21.752989805284123,-0.840005140455113
1796,32101015,r,6,-0.6049812735930056,0.35939548465441135,0.5641422709483848,5.771399127343449,-0.6049812735930056
1797,32122873,g,3,-0.40778531484651614,0.041744110989924976,0.09007166883721901,0.8093950022952735,-0.40778531484651614
1798,32122873,i,4,-1.1976258674402571,0.024908341355252106,0.04389056284438131,45.59126738328699,-1.1976258674402571
1799,32122873,r,4,-1.0796449467189846,0.019861743000420984,0.03216544028415713,20.980096840767576,-1.0796449467189846
1800,32189655,g,4,-0.05572148358859913,0.08901429087142054,0.17396811614075974,0.04941384247328841,-0.05572148358859913
1801,32189655,i,12,-1.7726208015382077,0.14677787054898506,0.3564677789539663,88.13434507071698,-1.7726208015382077
1802,32189655,r,10,-1.3221046395890172,0.28369996589232727,0.46262614834711746,27.439804738453354,-1.3221046395890172
1803,32213179,g,2,-0.13062037724181186,0.17190398509693305,0.17190398509693305,0.3720897216956488,-0.13062037724181186
1804,32213179,i,9,-0.6417738090056639,0.06952093873430842,0.249941526088174,19.69672568397121,-0.6417738090056639
1805,32213179,r,9,-0.5821094837474035,0.08036026375507344,0.20655747561474735,6.962461603409207,-0.5821094837474035
1806,32223380,i,4,-1.3183877642040966,0.029956414276605225,0.07308267229119214,41.8467249155388,-1.3183877642040966
1807,32223380,r,7,-0.9827954573341187,0.059536366765727045,0.1269645147294265,14.655495337843814,-0.9827954573341187
1808,32244344,g,2,-0.13976858177305984,0.38624096439191447,0.38624096439191447,0.5385610743046866,-0.13976858177305984
1809,32244344,i,13,-1.3416229304265046,0.05645595635401368,0.10717977987114313,39.25190369706365,-1.3416229304265046
1810,32244344,r,7,-0.7348767571504916,0.17756849019260867,0.35873690169298,6.655865545474968,-0.7348767571504916
1811,32379903,i,7,-0.9859247771041721,0.07759994409098803,0.09577988745256472,15.677366908158776,-0.9859247771041721
1812,32379903,r,9,-0.7043515623197759,0.08158518057085629,0.23150489654123296,5.163268418281046,-0.7043515623197759
1813,32388503,g,3,-0.4030356238685464,0.11887882960736473,0.17391394220962475,0.9022472015445083,-0.4030356238685464
1814,32388503,i,9,-1.2468685525062633,0.21541464710746938,0.41520646702649766,30.330324527596353,-1.2468685525062633
1815,32388503,r,4,-0.47121622786248424,0.21627148165265286,0.2801459972395427,7.130970460347147,-0.47121622786248424
1816,32407700,i,8,-1.2217208967757345,0.06842477283259363,0.13595806952123768,46.56624157174861,-1.2217208967757345
1817,32407700,r,11,-0.9510656385878624,0.10654872127999382,0.1890766612435868,15.937204273714439,-0.9510656385878624
1818,32419498,g,2,-0.29505484645447605,0.024277594173611583,0.02427759417361164,0.4668808772163192,-0.29505484645447605
1819,32419498,i,7,-1.4076380630131147,0.1573327163920364,0.29376913893206935,76.99329810199688,-1.4076380630131147
1820,32419498,r,6,-0.9181322000356141,0.22151615395763813,0.43893169288367595,21.295877437237664,-0.9181322000356141
1821,3242780,i,12,-1.619563089217217,0.07409917266380406,0.28108771431820934,66.63376957464489,-1.619563089217217
1822,3242780,r,10,-1.2572548764347236,0.1415378289505993,0.5107583103323639,28.089441395258394,-1.2572548764347236
1823,32441216,g,4,0.05413331874439958,0.4047751157371447,0.8161043781557296,1.2512127432884181,0.05413331874439958
1824,32441216,i,9,-0.7687927361400558,0.12351141306934044,0.23865149861561574,30.795628775807685,-0.7687927361400558
1825,32441216,r,11,-0.5979079131703082,0.20113430041963198,0.394016548755037,12.2035561554239,-0.5979079131703082
1826,32467491,i,9,-1.651821095826942,0.11803429549302757,0.22176189154759096,31.151677608354582,-1.651821095826942
1827,32467491,r,7,-1.6092869816212514,0.13525218691101792,0.2358626219193689,42.643455000406284,-1.6092869816212514
1828,32491306,g,6,-0.0071233107021555775,0.1661251342512587,0.2979351652624737,0.22539846571914016,-0.0071233107021555775
1829,32491306,i,12,-0.7062242704010374,0.0802336607781603,0.1945142308187009,19.408940707734995,-0.7062242704010374
1830,32491306,r,12,-0.496967366849866,0.13324472427157966,0.22834368798455407,4.109269005946288,-0.496967366849866
1831,3249507,g,2,-0.36691443374243327,0.024858812914767547,0.024858812914767547,1.1327481156140784,-0.36691443374243327
1832,3249507,i,9,-0.5563872748353318,0.16822969870901605,0.23238131344820256,12.078127118874157,-0.5563872748353318
1833,3249507,r,9,-0.6078364987534788,0.17554747927934755,0.27115679105518253,10.348464822500866,-0.6078364987534788
1834,3250631,g,4,-0.14853616425964639,0.01986506693005302,0.05994561022148226,0.1753750349814304,-0.14853616425964639
1835,3250631,i,7,-0.858926107045944,0.1061429224265017,0.1764998723037824,34.353050634995455,-0.858926107045944
1836,3250631,r,7,-0.6681488831252297,0.08297414304819739,0.2220839372681166,8.165073288800796,-0.6681488831252297
1837,32518943,i,6,-0.03175565377811779,0.09114218418060753,0.16052552008563056,0.6410927502015613,-0.03175565377811779
1838,32518943,r,9,-0.10708352931174214,0.26187718338239063,0.5111473896456145,1.888314868155323,-0.10708352931174214
1839,32667455,g,2,-0.35523546955305585,0.03694249232653346,0.03694249232653346,0.883331650870314,-0.35523546955305585
1840,32667455,i,7,-1.3754094467458853,0.06161912855239016,0.1372525540839007,46.986469433326796,-1.3754094467458853
1841,32667455,r,6,-1.1106174838644898,0.07343406931384466,0.12435543304589403,31.847315458685756,-1.1106174838644898
1842,32703407,i,4,-0.8303111143383111,0.17465797715410208,0.3468208698764914,9.941071121592937,-0.8303111143383111
1843,32703407,r,6,-0.5335258537141978,0.13690105356257026,0.23983137862238613,6.59717177170143,-0.5335258537141978
1844,32721916,i,7,-0.4580364600532415,0.05187093448304958,0.12750862989655454,1.2537953252959801,-0.4580364600532415
1845,32721916,r,3,-0.22706522657250483,0.05992517104851958,0.06077305570122726,0.17062964264555727,-0.22706522657250483
1846,32737748,g,7,-0.3231629792746301,0.09033063010230197,0.16965534115201664,0.6171813137448227,-0.3231629792746301
1847,32737748,i,5,-1.754610502876048,0.10412387187951788,0.19222393345564948,132.32855733810217,-1.754610502876048
1848,32737748,r,5,-1.8268226160107508,0.08035617789866634,0.10966816325120066,64.26159161899417,-1.8268226160107508
1849,32746662,i,7,-0.6390923726922672,0.03794464710942025,0.057028409021887994,18.437792077693597,-0.6390923726922672
1850,32746662,r,4,-0.6550668525886149,0.06685674129287578,0.1720864776790325,9.624427149858056,-0.6550668525886149
1851,32756518,i,9,-0.6198592021969307,0.05402011664449802,0.08475999697552505,30.985196317809873,-0.6198592021969307
1852,32756518,r,4,-0.5492716831585005,0.15740618494735759,0.30992632141801024,13.913842163775616,-0.5492716831585005
1853,32778042,g,5,-0.3596717218894187,0.05780462992568225,0.06107906306468225,1.6068193640291004,-0.3596717218894187
1854,32778042,i,8,-0.9193654333172722,0.12924462807386639,0.23649029585586878,44.364258135405095,-0.9193654333172722
1855,32778042,r,9,-0.9353452803887718,0.04085015797798652,0.2881568297253252,23.962171666629736,-0.9353452803887718
1856,32785660,g,4,-0.3696244031333491,0.06534917925104086,0.09985374775412814,1.2258095963887996,-0.3696244031333491
1857,32785660,i,3,-0.7542307840386469,0.1303716867587501,0.13751737601492298,24.16570995394963,-0.7542307840386469
1858,32785660,r,7,-0.8031730588922413,0.06938426391044483,0.1280983866687574,14.490557193282749,-0.8031730588922413
1859,32818035,i,7,-1.7667886999866669,0.08880990136898559,0.1620635237579977,56.18153107832516,-1.7667886999866669
1860,32818035,r,4,-1.461418267602818,0.14952982908511991,0.3611323635999164,33.2379223953513,-1.461418267602818
1861,3286940,g,4,-0.45902297540836073,0.06312307957324848,0.19940911760465663,1.3151075778666508,-0.45902297540836073
1862,3286940,i,7,-1.8375997998228977,0.13829366926911746,0.2656124874847636,71.10588741678986,-1.8375997998228977
1863,3286940,r,10,-1.6421117637087606,0.09000041741331577,0.15410244324434963,50.528905046511966,-1.6421117637087606
1864,3286982,i,7,-1.7584958594589695,0.04737868106959908,0.09512869293670567,87.57617722312955,-1.7584958594589695
1865,3286982,r,8,-1.4363421995141952,0.039458185829819636,0.127936835378887,30.177070545928025,-1.4363421995141952
1866,32881853,g,2,0.7724675726988454,0.07033548828012115,0.07033548828012104,0.882944784826776,0.7724675726988454
1867,32881853,i,13,-0.11185194360409347,0.18296624296120467,0.3033512051839333,1.7038271473190796,-0.11185194360409347
1868,32881853,r,13,0.10621906586863805,0.07396852906082424,0.18167901641356177,0.5241780627661645,0.10621906586863805
1869,32924224,g,4,-0.40006018537149096,0.13262708583632082,0.26486200686461875,1.019132326577795,-0.40006018537149096
1870,32924224,i,3,-1.646028738241852,0.059634904926123555,0.205440249326299,83.44613189726077,-1.646028738241852
1871,32924224,r,4,-1.3737361107414818,0.05287720461180623,0.08110977645007633,50.61143894648539,-1.3737361107414818
1872,3292776,g,2,-0.27215312070485004,0.04245048284155312,0.04245048284155317,0.5603241875711658,-0.27215312070485004
1873,3292776,i,5,-0.49690061433133526,0.17250678379706363,0.32614018090601726,10.495051404826214,-0.49690061433133526
1874,3292776,r,4,-0.6521741769308258,0.08244821020165288,0.16157088444533618,8.18993185198505,-0.6521741769308258
1875,32941896,g,2,-0.2750505684024851,0.051582351660403564,0.051582351660403536,0.46595080377180254,-0.2750505684024851
1876,32941896,i,16,-1.061678975522717,0.15860242292517923,0.3306540600923078,34.782334541658656,-1.061678975522717
1877,32941896,r,10,-0.9349968973568785,0.04590884749004548,0.08288146477995939,19.996922815339865,-0.9349968973568785
1878,32966850,g,7,-0.34977906418201277,0.13915667929871145,0.7052224296825447,0.8009779443258596,-0.34977906418201277
1879,32966850,i,7,-0.7912630294580082,0.07940752645208704,0.09710331137090589,16.155657217627255,-0.7912630294580082
1880,32966850,r,8,-0.48382494008528576,0.15171659408774518,0.4364411493290904,5.475369267191365,-0.48382494008528576
1881,32987303,g,4,-0.24067644788037088,0.09767459974836579,0.1934870159627678,0.9107604448285302,-0.24067644788037088
1882,32987303,i,10,-0.29093578734841097,0.20350240536886413,0.3904721765990816,8.555266248851863,-0.29093578734841097
1883,32987303,r,12,-0.02718312558110285,0.13529781653223832,0.3164108908492682,4.269826492901244,-0.02718312558110285
1884,33007419,i,13,-0.5594205950783194,0.1204061271056227,0.2719988862467144,18.592362003290056,-0.5594205950783194
1885,33007419,r,12,-0.5646047431358366,0.16602372982788893,0.4661343834768874,8.333998784359487,-0.5646047431358366
1886,33039848,g,3,-0.23687345896285394,0.0402151312966158,0.386936382140436,0.3861339049833861,-0.23687345896285394
1887,33039848,i,5,-0.8423041196398096,0.08491519844974704,0.15780861106820354,21.251405375425488,-0.8423041196398096
1888,33039848,r,10,-0.9018164095659547,0.1499777315370412,0.34954617677567,11.454721475957793,-0.9018164095659547
1889,33041327,g,3,0.10914984762848079,0.5364225468760021,0.5892029762436728,1.8734914927321962,0.10914984762848079
1890,33041327,i,7,-0.4235902191453331,0.09431572018138734,0.18233650553199182,7.236468361370436,-0.4235902191453331
1891,33041327,r,5,0.42178606816879266,0.019169393114019495,1.1927866177779725,6.602187193876297,0.42178606816879266
1892,33050262,i,8,-0.8604379167409402,0.07267482804045639,0.15102430983287307,17.99328199391383,-0.8604379167409402
1893,33050262,r,5,-0.4798147912912647,0.06379497995599182,0.3142141956798815,2.1036695865061996,-0.4798147912912647
1894,33175492,i,7,-0.6217775624301549,0.07788609490624876,0.34965958036554706,5.55395120795782,-0.6217775624301549
1895,33175492,r,6,-0.13847327112955715,0.1409558709232136,0.3090582001917338,0.5747988490075927,-0.13847327112955715
1896,33177842,i,5,-0.8304560111214458,0.06783840558632259,0.0762131414926851,15.385277239046696,-0.8304560111214458
1897,33177842,r,5,-0.7452543905801057,0.08986032099824959,0.1313680041722195,5.263689320851951,-0.7452543905801057
1898,33267313,g,2,-0.3895747323941312,0.25392285780294,0.25392285780294005,0.9353640503530605,-0.3895747323941312
1899,33267313,i,7,-1.2867523673940717,0.0987309860050185,0.49307345200565467,56.99155861625927,-1.2867523673940717
1900,33267313,r,6,-1.0592979384032501,0.06914640530858451,0.16949365124240445,23.782521293430552,-1.0592979384032501
1901,33284747,g,2,0.012590709382119147,0.265978158498581,0.265978158498581,0.31873103417714355,0.012590709382119147
1902,33284747,i,8,-1.6032595938242533,0.24261905409157802,0.38537764723990087,81.32563457801169,-1.6032595938242533
1903,33284747,r,7,-0.9877284411086746,0.06342653025757472,0.3381502177939353,11.661766836528093,-0.9877284411086746
1904,33285371,g,2,0.14788657750922446,0.013216081243590805,0.013216081243590805,0.4659215326573999,0.14788657750922446
1905,33285371,i,5,-0.37136189336528,0.29585712025653943,0.3611947951787161,8.271628488121094,-0.37136189336528
1906,33285371,r,6,0.18775886445428924,0.08999460231077708,0.17608355525453837,0.7507889843786794,0.18775886445428924
1907,33298433,g,3,-0.5367464727634215,0.12611662932796885,0.13730385698405995,1.1714936652536805,-0.5367464727634215
1908,33298433,i,3,-1.019791004624864,0.03405850207045602,0.0723989934509861,40.607618770304455,-1.019791004624864
1909,33298433,r,5,-1.0896983949484667,0.05398836941013707,0.0840203481554962,26.579595274180882,-1.0896983949484667
1910,33344437,i,11,-1.4002867055398582,0.08883124162079259,0.24842244725072415,32.918315356971064,-1.4002867055398582
1911,33344437,r,5,-1.1381630624749286,0.02286730332998821,0.04174278192558911,32.838977748650954,-1.1381630624749286
1912,33376232,i,6,-1.6381988226569564,0.07568901410351825,0.11537317469388841,73.38378941271536,-1.6381988226569564
1913,33376232,r,7,-0.8131828460871597,0.444153982378549,1.091425756800474,25.74712596950013,-0.8131828460871597
1914,33381723,i,6,-0.2811830698969832,0.08081051905548359,0.501583426661466,3.876972478668806,-0.2811830698969832
1915,33381723,r,7,-0.1874398582543274,0.11159521318019333,0.42192823379517863,1.9863776265670237,-0.1874398582543274
1916,33386120,g,2,-0.0526931713884356,0.21773193698174292,0.21773193698174292,0.18106182063102538,-0.0526931713884356
1917,33386120,i,7,-0.8236235265540512,0.14398696646469622,0.2305096317083276,29.16120937852627,-0.8236235265540512
1918,33386120,r,8,-0.8855180345157645,0.08742560275016448,0.2006581106392037,13.626103885131013,-0.8855180345157645
1919,33386573,g,3,0.04687199545359899,0.23928786960495552,0.2636470789660577,0.2962566291702277,0.04687199545359899
1920,33386573,i,13,-0.5444428763565978,0.19244477688920636,0.616617351791952,8.404868621502189,-0.5444428763565978
1921,33386573,r,11,-0.47706726183699355,0.13254173516444945,0.5452933949126914,3.8399651449679713,-0.47706726183699355
1922,33417644,g,6,-0.029442565537631193,0.13762647195277966,0.23760512735852615,0.16531718445175755,-0.029442565537631193
1923,33417644,i,7,-0.5216186632491704,0.11900380013086598,0.20161515572692096,4.800200915173802,-0.5216186632491704
1924,33417644,r,4,-0.5246847624261239,0.1547961491730711,0.26856042877638825,4.742600254769256,-0.5246847624261239
1925,33423566,g,2,-0.23616791577036433,0.20273086619017266,0.20273086619017266,1.0682938034125526,-0.23616791577036433
1926,33423566,i,10,-0.6748625601979664,0.06677010493412516,0.29227583048163774,20.866093853287733,-0.6748625601979664
1927,33423566,r,10,-0.36867716384402727,0.16720196715307933,0.2763985869165261,5.911773476901007,-0.36867716384402727
1928,33491139,i,7,-1.5239163388728678,0.2462986007419672,0.3492897543909055,63.23201570424744,-1.5239163388728678
1929,33491139,r,5,-1.6967826467138352,0.058920161884336464,0.4026834828379253,42.41184650132212,-1.6967826467138352
1930,33504141,g,4,-0.11234587982268374,0.23369321345484728,0.4387377793528632,0.5748510893682647,-0.11234587982268374
1931,33504141,i,7,-0.839734602259341,0.07150416367575219,0.20078539407033247,19.198908485308685,-0.839734602259341
1932,33504141,r,7,-1.0546116388514184,0.0635746257387304,0.09048498554466744,18.756878263153226,-1.0546116388514184
1933,3355214,i,9,-0.6844762748998434,0.08355078448925213,0.10667793144217519,15.226764230313693,-0.6844762748998434
1934,3355214,r,2,-0.7686405487451291,0.04661836937805758,0.046618369378057634,12.358581039431535,-0.7686405487451291
1935,33555331,i,6,-0.6141874824804885,0.05981173294548281,0.3118349324671732,9.939758161896238,-0.6141874824804885
1936,33555331,r,5,-0.4887480145627672,0.18279573274020422,0.2646245592319969,4.141961425783032,-0.4887480145627672
1937,33609538,i,6,-0.5387392090959919,0.01585420952091987,0.2987292017016771,8.21736310777757,-0.5387392090959919
1938,33609538,r,5,0.6871856253895912,0.11574256884939715,0.9522743251684371,7.477063370727964,0.6871856253895912
1939,33609538,u,3,2.409727737584509,0.13762454277145064,0.3906341576269381,26.773585629275193,2.409727737584509
1940,33616158,i,10,-1.337416368002399,0.10362184194825352,0.19308331434997705,56.966850053278826,-1.337416368002399
1941,33616158,r,6,-1.1354314873865672,0.27419675959118384,0.5977049007006839,37.3565412566608,-1.1354314873865672
1942,33632471,g,3,0.6395520839834696,0.03402822721757337,0.12353299993372324,1.7766190891157425,0.6395520839834696
1943,33632471,i,11,-0.08247928623901024,0.09317048352078472,0.15972553134756837,0.4859589581245445,-0.08247928623901024
1944,33632471,r,14,-0.05614926002445242,0.07062129612373153,0.15385016539524896,0.3805872533125897,-0.05614926002445242
1945,33702209,g,3,0.5002595012245765,0.1648616487770289,0.29116957802045423,0.6626932541944449,0.5002595012245765
1946,33702209,i,13,-0.6817908567925717,0.09111545470528748,0.28564310986810376,17.96751525986624,-0.6817908567925717
1947,33702209,r,11,-0.5514928443115388,0.052823281158198454,0.14032424938640709,7.654462202233944,-0.5514928443115388
1948,33702209,u,3,2.039433426024291,0.04670803631368292,0.058458561142465726,9.832979693692353,2.039433426024291
1949,33844226,i,10,-0.7277951145379821,0.11538674571896518,0.1576338438046746,22.128843711011587,-0.7277951145379821
1950,33844226,r,11,-0.5820630534525811,0.09457015349439524,0.25709643885604916,11.200413788436258,-0.5820630534525811
1951,33844226,u,3,0.37707668315790355,0.16037928219501008,0.16330194945290732,0.32795652886217935,0.37707668315790355
1952,33857753,i,5,-1.3233915451367917,0.16444552551015112,0.37877690507991946,23.11293777536927,-1.3233915451367917
1953,33857753,r,5,-1.182768691022456,0.3079214126765576,0.7174213748440281,26.18197149643534,-1.182768691022456
1954,33872875,i,7,0.09101025181341066,0.4050283785870896,0.6822119582179029,5.230178964713038,0.09101025181341066
1955,33872875,r,9,0.17938721296956098,0.3952592204902603,0.7755150053981527,7.42861669849892,0.17938721296956098
1956,33872875,u,2,1.7514104553509973,0.11282498159953935,0.11282498159953946,9.729685940184485,1.7514104553509973
1957,33879802,g,2,0.5729119517918958,0.06421936404219253,0.06421936404219264,0.7334043248783536,0.5729119517918958
1958,33879802,i,7,-0.4401001024160343,0.11919362514191373,0.24512536325677908,6.878056736789615,-0.4401001024160343
1959,33879802,r,6,-0.1125111651367835,0.030377941069701653,0.3434170121738927,2.4249487348307754,-0.1125111651367835
1960,33917852,i,5,-1.2656913765562472,0.017528126311424863,0.023431695803937336,39.670694606437664,-1.2656913765562472
1961,33917852,r,5,-0.8891049612240906,0.3993637027141369,0.8214835877844313,15.26436250131843,-0.8891049612240906
1962,33924528,i,10,-1.0519585124775606,0.12998506965659662,0.2520729189807136,19.03068170545818,-1.0519585124775606
1963,33924528,r,10,-1.0535663036172376,0.05624090606252086,0.0946196270678914,10.044358168344836,-1.0535663036172376
1964,33949743,g,2,-0.024330119406536177,0.09856832736121446,0.09856832736121446,0.19952148248009777,-0.024330119406536177
1965,33949743,i,7,0.30524407993371117,0.059407962944290404,0.3373042550977674,2.7716631043940043,0.30524407993371117
1966,33949743,r,10,0.1797329439490033,0.04127792601307265,0.07224416628994557,2.2914970687639324,0.1797329439490033
1967,33949743,u,2,1.7532434570863664,0.2898409201775828,0.2898409201775827,8.357947269358371,1.7532434570863664
1968,33959343,i,11,-0.977875239984639,0.12788510533381914,0.2638593537921825,33.29551570846087,-0.977875239984639
1969,33959343,r,9,-0.9668408102389447,0.054494476700074346,0.12637118128699298,28.930856397572533,-0.9668408102389447
1970,33988077,i,8,-1.3803584699737594,0.07959469909224604,0.27061590238721434,43.837400559760596,-1.3803584699737594
1971,33988077,r,13,-1.0717153760670008,0.12178224556881379,0.18506949957837815,16.714452068471157,-1.0717153760670008
1972,3399430,g,5,0.5415928207872811,0.11532615753105335,0.16822591343207938,1.2545025074233682,0.5415928207872811
1973,3399430,i,10,-1.0292279508784483,0.15551212694349748,0.28375274009951523,49.25195334233136,-1.0292279508784483
1974,3399430,r,9,-1.0312324653541474,0.09007596003596552,0.29486652923921963,29.971542786049966,-1.0312324653541474
1975,34049833,g,2,-0.5045928902110599,0.06399661728987788,0.06399661728987793,1.177473370258014,-0.5045928902110599
1976,34049833,i,11,-0.7684208997182755,0.14193034497654378,0.21329717290083416,16.612683750900047,-0.7684208997182755
1977,34049833,r,9,-1.0243429836351017,0.060282333327684956,0.7919397884633392,14.081490549744993,-1.0243429836351017
1978,34077729,i,10,-1.5771150823808355,0.0625384316040909,0.11648560963574428,63.05056785382349,-1.5771150823808355
1979,34077729,r,9,-1.1820017372186746,0.11403269720002784,0.17952674457781792,20.3675325234536,-1.1820017372186746
1980,3411102,g,2,-0.2834396629884287,0.03086093991593694,0.030860939915936914,0.3095546215886303,-0.2834396629884287
1981,3411102,i,5,-0.7416396704497885,0.17117888782582258,0.27415850735560887,21.43271632862113,-0.7416396704497885
1982,3411102,r,5,-0.97148081184581,0.05101324346588787,0.06627860714635814,20.640098713442367,-0.97148081184581
1983,34137258,g,2,-0.12807133018533778,0.021167315970735956,0.021167315970735956,0.1429483694578008,-0.12807133018533778
1984,34137258,i,6,-0.6298901036017244,0.06183435648736563,0.09402036464556518,13.421655605432347,-0.6298901036017244
1985,34137258,r,5,-0.4702315392773536,0.022802290934628766,0.028822438339253742,7.3262904058768985,-0.4702315392773536
1986,34164404,g,2,-0.27095140646587024,0.02491168394663479,0.02491168394663479,0.5884022715960467,-0.27095140646587024
1987,34164404,i,5,-0.35582092892580663,0.020666585287258954,0.11518569247514265,3.685017136392479,-0.35582092892580663
1988,34164404,r,2,0.07808019342263053,0.5624845060716417,0.5624845060716417,3.783869083875766,0.07808019342263053
1989,34164404,u,2,0.5133499252745142,0.012260456852392299,0.012260456852392299,0.4674535170598982,0.5133499252745142
1990,34169745,g,4,0.677828397916489,0.09354211942290858,0.3941159669206638,1.7609310313705633,0.677828397916489
1991,34169745,i,10,0.13265618378762614,0.11358246616576656,0.30041023692330354,0.7209454740690238,0.13265618378762614
1992,34169745,r,10,-0.009112099516213945,0.08769362101320538,0.12322837760890787,0.5077920690765693,-0.009112099516213945
1993,34211040,i,7,-0.7103174166776677,0.08511325113468338,0.19232026505719013,15.433848000128346,-0.7103174166776677
1994,34211040,r,4,-0.5552905156899492,0.12352822329973911,0.24075670765143398,5.192993460521162,-0.5552905156899492
1995,34228693,g,2,-0.503224088831707,0.06785983953260089,0.06785983953260089,0.8761033214711363,-0.503224088831707
1996,34228693,i,8,-1.8365504559125134,0.03073899007667058,0.0913434812945706,59.46329799375095,-1.8365504559125134
1997,34228693,r,6,-1.2755500504988415,0.2295697398842379,0.45019082490526574,21.736667871123256,-1.2755500504988415
1998,34313408,g,3,-0.44959262160132346,1.3007961541355861e-05,0.5171782082445052,1.3681090575194743,-0.44959262160132346
1999,34313408,i,8,-1.074889665717216,0.07933767844534789,0.1883600621006406,36.44395334357941,-1.074889665717216
2000,34313408,r,12,-0.44782833152551094,0.3620526295970699,0.8519559369832164,10.21769833434755,-0.44782833152551094
2001,34367212,g,2,-0.2910527558096037,0.018974239592192965,0.01897423959219291,0.9516373155677453,-0.2910527558096037
2002,34367212,i,6,-0.41830667376004815,0.16891100922287972,0.26751126736718045,7.403426750359503,-0.41830667376004815
2003,34367212,r,7,-0.40011496677658187,0.21487608511915457,0.29670212015655656,6.157291133815717,-0.40011496677658187
2004,34385196,i,8,-0.4537279743429352,0.11580521157322898,0.20692037411984482,10.442330974313556,-0.4537279743429352
2005,34385196,r,7,-0.5167883032416449,0.1731038412657267,0.23473500818331383,6.047774817292079,-0.5167883032416449
2006,34391267,i,8,-0.7232167993957547,0.12825476396006996,0.24733421928208443,8.071786205457004,-0.7232167993957547
2007,34391267,r,6,-0.27591095232805274,0.11839760329531054,0.21389456740916002,2.7717161116580766,-0.27591095232805274
2008,34423152,i,8,-0.5589001860738214,0.19794622525096817,0.289056223166953,13.227847217529362,-0.5589001860738214
2009,34423152,r,9,-0.47608526576302357,0.2575022599217974,0.5834374154034796,4.186583268155581,-0.47608526576302357
2010,34450816,i,9,-0.5551928811713749,0.27278342749909235,0.541505962595619,13.499973180211207,-0.5551928811713749
2011,34450816,r,6,-0.2590586565312671,0.13475964260079037,0.32191132402800265,5.51708382048171,-0.2590586565312671
2012,34460780,g,3,-0.23529453651746907,0.030009229688060912,0.0457568536506569,0.923914252580444,-0.23529453651746907
2013,34460780,i,6,-0.4124050455028765,0.04915901314846749,0.08567137195585167,4.353355271669852,-0.4124050455028765
2014,34460780,r,6,-0.3147071295804499,0.0963499959963254,0.1500088548822438,4.5716698257060004,-0.3147071295804499
2015,34520562,i,6,-0.6342622776740168,0.09487300777403812,0.19609567798711702,8.145605267696213,-0.6342622776740168
2016,34520562,r,6,-0.24573434363839264,0.09337708975288506,0.3989314612745525,2.425968275726823,-0.24573434363839264
2017,34560433,i,5,-0.44501117445983873,0.17717723486039272,0.3767514574462638,11.343484920625352,-0.44501117445983873
2018,34560433,r,5,-0.5282706919367027,0.03814535124261753,0.19010288544490417,4.944345035279649,-0.5282706919367027
2019,34569607,g,2,-0.24870997222075863,0.014785061837876201,0.014785061837876201,0.7545713571732697,-0.24870997222075863
2020,34569607,i,9,-1.2520649918802365,0.11418612006346174,0.17414503238925372,63.363627348132304,-1.2520649918802365
2021,34569607,r,7,-1.0563891099610005,0.05093612259563485,0.21905463097724076,33.90888847585659,-1.0563891099610005
2022,34621082,g,2,-0.3617073390676501,0.009002480014642378,0.009002480014642322,1.2463263479226596,-0.3617073390676501
2023,34621082,i,3,-0.16281707936955694,0.12654461084027643,0.14614547179258225,1.4105629947685172,-0.16281707936955694
2024,34621082,r,6,-0.4157919748225448,0.04269327111907642,0.06490297552616647,3.6701829731600313,-0.4157919748225448
2025,34644920,g,3,-0.21628428473424638,0.08632542247607489,0.16416644529705313,0.8173618025178054,-0.21628428473424638
2026,34644920,i,7,0.23177113561418344,0.4099816222494325,1.0617388678327304,9.311051731817711,0.23177113561418344
2027,34644920,r,6,-0.19352905279858285,0.05216031277558235,0.09327171846364654,2.5572982795425463,-0.19352905279858285
2028,34651848,i,9,-0.5325345207394061,0.08128090067307026,0.14176719188904152,10.372686361885465,-0.5325345207394061
2029,34651848,r,8,-0.3840285788676858,0.04352050591775014,0.0914559779366626,2.2269691413230173,-0.3840285788676858
2030,3465620,g,5,-0.12038935019258423,0.018142676904055743,0.03485036148941395,0.18784316307688925,-0.12038935019258423
2031,3465620,i,9,-1.161927727969712,0.017040846932263598,0.05921694646251807,28.365042152531824,-1.161927727969712
2032,3465620,r,9,-1.1611907373371402,0.1319360254289279,0.21109599151869318,23.86352895429733,-1.1611907373371402
2033,34664252,i,8,0.23474014064076543,0.10842431307709373,0.311886837895347,4.3000426468703115,0.23474014064076543
2034,34664252,r,6,-0.22295144371652004,0.2181014315249728,0.6634896470527835,5.237054624919107,-0.22295144371652004
2035,34777964,i,13,-0.8073300572326697,0.2865127547331653,0.5185437166496742,22.5739357568871,-0.8073300572326697
2036,34777964,r,7,-0.9700047725000993,0.0760177768790744,0.37159054195346786,15.682075598195757,-0.9700047725000993
2037,34817000,g,6,0.11589393461054637,0.2357230560793308,0.3652389679617319,0.48393441112985097,0.11589393461054637
2038,34817000,i,7,-0.5295194617001051,0.2592173994900036,0.3293750370461841,18.874452425524435,-0.5295194617001051
2039,34817000,r,10,-0.47698549697865766,0.23120957881363502,0.4554661549349402,7.062831573852222,-0.47698549697865766
2040,34859185,g,6,-0.1929498931081533,0.0317709371600669,0.06813116229931726,0.646409408308596,-0.1929498931081533
2041,34859185,i,5,-0.03333025017819015,0.04104536096839213,0.074861323390829,0.22274907122004722,-0.03333025017819015
2042,34859185,r,3,-0.03295576696258971,0.014867402392668344,0.06999381655967407,0.31461139984962655,-0.03295576696258971
2043,34859185,u,3,0.4973025193392986,0.09251152828269382,0.1818593691948579,0.6360823295177366,0.4973025193392986
2044,34878733,i,7,-0.6721504038382055,0.08723388952473954,0.23718837560082817,10.059170960197546,-0.6721504038382055
2045,34878733,r,7,-0.42244899113424705,0.09602282210411922,0.15289852686685074,1.7209040577230017,-0.42244899113424705
2046,34886669,g,4,-0.073394488737035,0.25729620126703767,0.526319296072832,0.8641126052100732,-0.073394488737035
2047,34886669,i,2,-0.4487613064228283,0.16883238411324744,0.1688323841132474,8.770724116257638,-0.4487613064228283
2048,34886669,r,5,-0.259023812221008,0.2990226487568748,0.38134765869327847,2.99551210268183,-0.259023812221008
2049,34901202,g,3,-0.04111313444248732,0.11418519695943508,0.13923789084207117,0.1098592727901978,-0.04111313444248732
2050,34901202,i,8,-7.294539735583361e-05,0.19796475635629412,0.31631304635445623,0.9935065863540162,-7.294539735583361e-05
2051,34901202,r,9,0.23078715060918276,0.34482772624786023,0.7054170552370284,1.3726887317487309,0.23078715060918276
2052,34925555,i,6,-0.6354041783344462,0.22741162498083334,0.6622973500294496,16.209701801867418,-0.6354041783344462
2053,34925555,r,6,0.1407791130754138,0.2281479403894241,0.7638800825244643,3.6932555422748585,0.1407791130754138
2054,34933456,i,8,-0.3365463643839996,0.2243455633549038,0.4517471418998554,10.315847144303065,-0.3365463643839996
2055,34933456,r,8,0.09233447589728938,0.2717887106093888,0.7798061365197657,4.038211997369394,0.09233447589728938
2056,34977059,g,6,0.17459950163997015,0.28779460106471555,0.5115084041508545,0.7901346986097874,0.17459950163997015
2057,34977059,i,4,-0.39138147338273166,0.08665947948709221,0.1654312465148265,4.280677831139743,-0.39138147338273166
2058,34977059,r,4,0.11899336467691628,0.38748027945000235,0.7594585283531813,2.5492487032245132,0.11899336467691628
2059,3505151,g,2,0.056898885123223886,0.3084498985551292,0.3084498985551292,0.236416233378205,0.056898885123223886
2060,3505151,i,9,-1.4992831757367855,0.19378204427391776,0.42461251107335385,48.296276385836336,-1.4992831757367855
2061,3505151,r,9,-1.1835362996335408,0.20568157372210827,0.7744419223456889,14.535921681412288,-1.1835362996335408
2062,35058194,g,3,0.3271555622534783,0.11396320075576893,0.2486071373943613,0.46409502832956767,0.3271555622534783
2063,35058194,i,5,-0.9999569028877127,0.02785711123872614,0.0467818730795887,22.72945276338063,-0.9999569028877127
2064,35058194,r,8,-0.46541764733929325,0.22901877650319466,0.4120352475442462,2.524665196256246,-0.46541764733929325
2065,35064018,g,5,0.0858913215741941,0.4560983133802389,0.6993100164292371,1.0304384577589478,0.0858913215741941
2066,35064018,i,7,-0.08066649601715592,0.07068909063909212,0.17619210635395927,3.07990092040406,-0.08066649601715592
2067,35064018,r,10,0.10500092606766487,0.20337785036386224,0.4787060400461439,1.5364186566417959,0.10500092606766487
2068,35072412,g,4,0.002587570822471519,0.24652455034840606,0.3539300385916204,0.5698611127653945,0.002587570822471519
2069,35072412,i,17,-0.5124757780407351,0.10736437940014143,0.2345471327440508,9.998669830675075,-0.5124757780407351
2070,35072412,r,11,-0.4606043441027564,0.09829365486391822,0.18507209433292815,6.284540671594495,-0.4606043441027564
2071,35072412,u,4,0.8872142207482216,0.03359255685724033,0.06528395837624124,1.4460363144980852,0.8872142207482216
2072,35105690,g,2,0.6182265305168205,0.10211708354065607,0.10211708354065618,1.2081366132708133,0.6182265305168205
2073,35105690,i,6,-0.9648587194170859,0.05842046896540132,0.1298257409038055,30.348031265091297,-0.9648587194170859
2074,35105690,r,4,-0.6629501529628171,0.048198620344408916,0.13259415783744344,13.190521567974528,-0.6629501529628171
2075,35148560,g,4,0.2932195878140535,0.4683189061843851,0.8640721651594676,1.255631292456223,0.2932195878140535
2076,35148560,i,9,-0.5641537903172547,0.1058985925894797,0.19251618022130051,11.25757718577075,-0.5641537903172547
2077,35148560,r,8,-0.4976225211945579,0.0746547286391851,0.18960785530401936,9.405503799951259,-0.4976225211945579
2078,35148560,u,2,0.5108462171404835,0.037828773195914656,0.03782877319591471,0.7671687184845097,0.5108462171404835
2079,3516267,g,3,0.26962575170654507,0.20237771014590228,0.22641379783469442,2.019071758625475,0.26962575170654507
2080,3516267,i,14,-0.3903851348585363,0.227420884346812,0.41883520416348236,9.380651166242322,-0.3903851348585363
2081,3516267,r,14,-0.13347719541988218,0.2224767351975591,0.4106344787005333,2.8577347603525367,-0.13347719541988218
2082,35228899,g,2,0.6141552090856641,0.11654366076282024,0.11654366076282019,2.1505168862108057,0.6141552090856641
2083,35228899,i,16,-0.086926999162794,0.3286119869324622,0.5655864202570442,6.100848707698782,-0.086926999162794
2084,35228899,r,11,0.015541864296739483,0.28975985998736703,0.46330725867409334,3.662303456160281,0.015541864296739483
2085,35230115,g,3,-0.27217761929870066,0.016958495364964632,0.5455668715980222,1.1642118547750917,-0.27217761929870066
2086,35230115,i,17,-1.1941367108164838,0.06735604921143157,0.14462583489183545,42.37132384009584,-1.1941367108164838
2087,35230115,r,15,-0.8197189173878932,0.3108248271835634,0.5988499222836035,10.174520907281927,-0.8197189173878932
2088,35237803,g,3,-0.09687139836085423,0.006113081260473274,0.03433217694215049,0.33134099634545217,-0.09687139836085423
2089,35237803,i,3,-0.15998815839208957,0.00466974781874252,0.13964604387385648,5.008544949719004,-0.15998815839208957
2090,35237803,r,7,0.03541988953683891,0.02517975787766149,0.18094195020057638,0.8819820749836741,0.03541988953683891
2091,35370969,g,3,-0.3352246563568354,0.09044554618413414,0.12871805636087685,0.8274842219830956,-0.3352246563568354
2092,35370969,i,5,-0.9048955561445005,0.2554627105683396,0.2924262638935654,28.406729871335198,-0.9048955561445005
2093,35370969,r,3,-0.6342333029958401,0.00787939911597546,0.2509461204808495,10.596062154579917,-0.6342333029958401
2094,35373278,g,2,-0.2744304072305275,0.015848728302348514,0.015848728302348514,0.28707678013276294,-0.2744304072305275
2095,35373278,i,4,-0.9070918694139903,0.04801803371803903,0.12614849692023689,19.863196884131977,-0.9070918694139903
2096,35373278,r,6,-0.9833735612368537,0.06193141554249776,0.13185020022313232,13.07113131922022,-0.9833735612368537
2097,35392504,i,6,-1.1260459004209058,0.09549648319242587,0.19641276358393445,39.32442062006667,-1.1260459004209058
2098,35392504,r,5,-0.7590648414534438,0.11871615777514377,0.5977303294272394,7.223352747850534,-0.7590648414534438
2099,35399921,g,7,-0.31214228523722387,0.08811294741935882,0.5595497987846947,1.5801836212171279,-0.31214228523722387
2100,35399921,i,5,-0.5856430126381418,0.06569356376554081,0.08850223521480938,7.538115006905315,-0.5856430126381418
2101,35399921,r,5,-0.38083399196237977,0.060874735921895295,0.07156910246582215,6.476478982113326,-0.38083399196237977
2102,35422321,g,2,-0.08849427198406595,0.07003617364780707,0.07003617364780707,0.06126177541801449,-0.08849427198406595
2103,35422321,i,13,-1.4506574457830177,0.09338106889951225,0.18898095253166458,67.07486208512402,-1.4506574457830177
2104,35422321,r,10,-1.2508000891573186,0.06630282349137062,0.22916526407495774,22.268806308918663,-1.2508000891573186
2105,35468345,g,4,0.33961440066331117,0.21101073104990428,0.5064548662098869,1.6729034714541424,0.33961440066331117
2106,35468345,i,5,-0.832538702654254,0.1730820492254067,0.6245800167127739,16.77754321759725,-0.832538702654254
2107,35468345,r,3,0.09342470094926814,0.3977960562330931,0.5958494871247701,7.1529112929527985,0.09342470094926814
2108,35481488,i,10,-0.9574468581990636,0.1868504781025755,0.3577942787182481,31.22540270733318,-0.9574468581990636
2109,35481488,r,11,-0.5802471598963764,0.1599208026265514,0.31743031680536016,8.826109254573872,-0.5802471598963764
2110,35491788,i,7,-0.8283171143594003,0.12042236147295526,0.23480277995300458,15.477672645826875,-0.8283171143594003
2111,35491788,r,5,-0.7883844734449095,0.20108722057050987,0.2581198711062821,16.01952295345355,-0.7883844734449095
2112,35518947,i,6,-0.3029158384769498,0.12606877571687336,0.24462458947896362,2.955793284805157,-0.3029158384769498
2113,35518947,r,6,-0.06949231004855605,0.17302795616998584,0.33570169849591314,0.6020288276173841,-0.06949231004855605
2114,35540850,i,5,-1.5809726535832622,0.08616176439123446,0.132679895156542,84.75687781541842,-1.5809726535832622
2115,35540850,r,7,-1.359275990440183,0.04175111096790829,0.11063476989568555,36.37522882788607,-1.359275990440183
2116,35559051,i,8,-1.3765020297601884,0.19078176530041646,0.3148124482230743,63.37186911548153,-1.3765020297601884
2117,35559051,r,5,-0.5854264257050117,0.09405001128294288,0.18453926046318958,7.196681634049857,-0.5854264257050117
2118,35573613,g,4,-0.31008919035201066,0.025467322179206164,0.02966815479291096,0.4599235940018947,-0.31008919035201066
2119,35573613,i,6,-0.7998137902862701,0.04473465920242964,0.07362546926492353,28.18703427570398,-0.7998137902862701
2120,35573613,r,6,-0.8770621626829753,0.03903318245295473,0.07545382411908219,12.932411642870946,-0.8770621626829753
2121,35698826,g,3,0.861027327267369,0.01010715174987964,0.11698143138755224,1.9823966991488078,0.861027327267369
2122,35698826,i,9,-1.7002445477731791,0.08343501179948287,0.328540807023155,74.25553630748585,-1.7002445477731791
2123,35698826,r,8,-1.4027292672947327,0.027102753769512877,0.1463922444851573,24.05188264990052,-1.4027292672947327
2124,35782218,g,2,-0.3613171591785206,0.007404479230370908,0.007404479230370908,1.022836076424634,-0.3613171591785206
2125,35782218,i,5,-1.3085266397443847,0.07922705600739466,0.09032563224194057,86.93495831502112,-1.3085266397443847
2126,35782218,r,7,-1.1431252714782199,0.0502151243322535,0.10254278650533255,38.5062253233459,-1.1431252714782199
2127,35946105,g,2,-0.3545428246217639,0.021960937889672322,0.021960937889672294,1.0031620291196839,-0.3545428246217639
2128,35946105,i,11,-0.5386338284862221,0.17033444468520098,0.3301911045307905,4.229303724305528,-0.5386338284862221
2129,35946105,r,10,-0.4111356328703144,0.251252000012297,0.4693268781978959,7.22476652376332,-0.4111356328703144
2130,36043401,g,2,-0.18281022195691785,0.017115487200345475,0.017115487200345447,0.5080107756135459,-0.18281022195691785
2131,36043401,i,6,-0.45730553569275945,0.02773824119160398,0.07078983413586093,6.595797533695436,-0.45730553569275945
2132,36043401,r,8,-0.3399094738383678,0.030940851716171724,0.06151089059312925,4.829275654880568,-0.3399094738383678
2133,36050282,g,3,-0.33790703410421324,0.025462541076244405,0.03084578277092942,1.441889142951197,-0.33790703410421324
2134,36050282,i,9,-0.6037111895837235,0.17109016162889468,0.41071635708593723,13.524324276766244,-0.6037111895837235
2135,36050282,r,10,-0.49086902569655505,0.1948168089044925,0.33851631527759274,10.814206416228545,-0.49086902569655505
2136,36073641,g,2,-0.26561427864276516,0.01498720828998562,0.014987208289985676,0.7548781557642152,-0.26561427864276516
2137,36073641,i,7,-0.07903932108810197,0.1628120206836008,0.2938760249202115,2.166546810058018,-0.07903932108810197
2138,36073641,r,3,-0.28660420437495226,0.0321261368362179,0.2473244667032427,2.767957097524462,-0.28660420437495226
2139,3609569,i,6,-0.8508919931812775,0.2800326363431973,0.42411317041384056,14.138566529397993,-0.8508919931812775
2140,3609569,r,4,-1.1019295873751331,0.029741804222805812,0.10051025148103121,16.563785586062046,-1.1019295873751331
2141,3611133,g,3,-0.0682037807432675,0.11386851832786815,0.20170638705849359,0.17348467933516998,-0.0682037807432675
2142,3611133,i,2,-0.9140560633689154,0.0006402256166382903,0.0006402256166383458,31.48511415549546,-0.9140560633689154
2143,3611133,r,6,-0.6681504808601636,0.004713343329375896,0.007698169157471235,5.480670698059506,-0.6681504808601636
2144,36133589,g,2,-0.21982859115202713,0.0016451232232284618,0.0016451232232284618,0.31715717128797205,-0.21982859115202713
2145,36133589,i,12,-1.1800938068484914,0.09404339098238368,0.18352789288140148,43.08974163587726,-1.1800938068484914
2146,36133589,r,9,-1.1437086325042205,0.06609676262693998,0.24233264941752886,29.494384284761143,-1.1437086325042205
2147,36180723,g,4,-0.23166095153381444,0.01287342040944689,0.02352787582589147,0.3801186264862252,-0.23166095153381444
2148,36180723,i,3,-0.9932684865735278,0.18250834895329737,0.1907780440654998,35.794822072837064,-0.9932684865735278
2149,36180723,r,6,-0.7549901622284919,0.056385919505633486,0.1853152108835071,12.637656676302997,-0.7549901622284919
2150,36241517,g,3,-0.06367495991370098,0.04019141923495784,0.043545456468550625,0.03348665669142311,-0.06367495991370098
2151,36241517,i,10,-0.2118984425381216,0.17487666959925083,0.514690312505391,5.613518563600417,-0.2118984425381216
2152,36241517,r,7,-0.642017815264921,0.07521267382537089,0.34031709039376606,6.359003785825528,-0.642017815264921
2153,36273132,g,2,0.2452705136625895,0.3940476382057269,0.39404763820572686,0.8582624794305849,0.2452705136625895
2154,36273132,i,4,-0.8465358259476568,0.18764529276353725,0.39647211960428375,19.524402819713387,-0.8465358259476568
2155,36273132,r,6,-0.5229040019119731,0.16865049434075735,0.5107377589180871,4.590453964935957,-0.5229040019119731
2156,36274535,g,4,0.043747017978397695,0.4036132666256483,0.8020091180344382,1.1818084347833822,0.043747017978397695
2157,36274535,i,4,-0.8550402303597553,0.02943683707817657,0.19861722387280445,16.829166728743147,-0.8550402303597553
2158,36274535,r,3,-0.40099991855161154,0.0203967746068765,0.20072870747838112,8.340539269844948,-0.40099991855161154
2159,36304530,g,3,0.05838961409507726,0.185892135589785,0.27027061029771254,0.39619021127784665,0.05838961409507726
2160,36304530,i,6,-0.621745264992794,0.011667351253318414,0.019186039712011493,12.620941441291357,-0.621745264992794
2161,36304530,r,7,-0.39366665161020997,0.03611084420373667,0.08161669818559475,3.6604728067359718,-0.39366665161020997
2162,36312449,i,7,-2.5134257102155093,0.15935930746998084,0.1864735823596262,141.02627765830673,-2.5134257102155093
2163,36312449,r,7,-1.8395560925003953,0.06226984998837892,0.09399584650608106,88.1949059134929,-1.8395560925003953
2164,36370037,i,7,-2.4456064120683862,0.10411270563128516,0.12755197614820224,153.71355492568054,-2.4456064120683862
2165,36370037,r,7,-1.9125604966844416,0.10725511689955125,0.15875340876173194,42.70196162869155,-1.9125604966844416
2166,36372992,g,2,0.4804907263913407,0.06291579567181582,0.06291579567181582,0.6036682706164467,0.4804907263913407
2167,36372992,i,4,-0.2403214898934391,0.11198324417899116,0.13886658369853788,5.585844040560758,-0.2403214898934391
2168,36372992,r,5,-0.07188270359022486,0.08698824767927282,0.09621553223143664,1.4787288804556489,-0.07188270359022486
2169,36449750,i,7,-1.2020592046033243,0.10780337686496955,0.2098922673546022,22.91100429370243,-1.2020592046033243
2170,36449750,r,6,-1.0192305622275772,0.05568944573374868,0.09163046530688024,20.058578447861528,-1.0192305622275772
2171,36491528,g,4,-0.137130590411651,0.023553175831903195,0.18394174186862416,0.3379987263039096,-0.137130590411651
2172,36491528,i,2,-0.29962441610489254,0.005131725317918723,0.005131725317918723,0.8635608197050797,-0.29962441610489254
2173,36491528,r,5,-0.24494294074232542,0.1383491474735657,0.2469421806429289,2.6242473700058278,-0.24494294074232542
2174,36502170,g,3,-0.47197924520474144,0.05921476858511843,0.11862318472570921,0.7154360117352946,-0.47197924520474144
2175,36502170,i,9,-1.7283049670924135,0.09931288154526219,0.1644667447621566,86.51916874483621,-1.7283049670924135
2176,36502170,r,8,-1.705739935968038,0.0325869044934024,0.05747592948335356,47.993905965526416,-1.705739935968038
2177,3657801,g,8,-0.021292277468211163,0.24061155560384098,0.5237760663882732,0.7637811206098489,-0.021292277468211163
2178,3657801,i,7,-0.20348174394318208,0.02868027325146849,0.10036611369901444,2.402123168817795,-0.20348174394318208
2179,3657801,r,12,-0.07126523438622351,0.054807666262413804,0.1985182891314984,2.536341001463809,-0.07126523438622351
2180,3657801,u,3,1.1930759472742278,0.06145202557074381,0.40721338800052087,4.980187513713592,1.1930759472742278
2181,36582814,i,7,-0.87241770818497,0.20679046527695466,0.3153345497135722,19.378530302180625,-0.87241770818497
2182,36582814,r,4,-0.6828826008140825,0.08224885362843937,0.12702676524879364,14.757390070050953,-0.6828826008140825
2183,36613252,g,2,0.031054554383187938,0.006240561404101452,0.006240561404101452,0.00685886413876732,0.031054554383187938
2184,36613252,i,11,-1.3410923845045288,0.10846031303731407,0.4577737088391377,76.5228446492294,-1.3410923845045288
2185,36613252,r,4,-0.837977360537824,0.14158873250948634,0.2714953148668301,15.310007047821623,-0.837977360537824
2186,36615531,i,5,-0.7080533682809395,0.058972231910989215,0.07117753785043468,3.1879007191568847,-0.7080533682809395
2187,36615531,r,6,-0.2726615826935178,0.1687387738235785,0.277302897273508,0.6426040571109514,-0.2726615826935178
2188,36618427,i,8,-1.2051370038975922,0.1448780577539195,0.2299431202480684,40.41112330077209,-1.2051370038975922
2189,36618427,r,3,-0.3259318854819253,0.23844715356218993,0.5571509994871899,16.46731836036617,-0.3259318854819253
2190,36651224,i,6,-0.6659131550676618,0.24593506478688554,0.37938330045469315,9.548436390947774,-0.6659131550676618
2191,36651224,r,5,-0.3862457895853987,0.054609917172879885,0.102857589678781,1.5889736719371856,-0.3862457895853987
2192,36660601,g,7,-0.07445470888222966,0.2763978294700612,0.5374381852811396,0.9987722741844569,-0.07445470888222966
2193,36660601,i,16,-0.29994584055203766,0.22452465020370155,0.38009741528795926,4.660962827777422,-0.29994584055203766
2194,36660601,r,18,-0.3040722527248001,0.10826585924340709,0.2602840970936326,3.3860697231670023,-0.3040722527248001
2195,36695418,i,7,-1.3601534038802674,0.029846131680161037,0.17820860633910018,36.313422361694236,-1.3601534038802674
2196,36695418,r,8,-0.918687391262633,0.05812757315760403,0.10003211027856407,15.477923148616743,-0.918687391262633
2197,36740091,i,7,-1.8613470828808516,0.046546181509815154,0.09699192424302283,98.12660725631267,-1.8613470828808516
2198,36740091,r,5,-1.7398554483152378,0.026091991270124737,0.03413792219658851,37.653397174302164,-1.7398554483152378
2199,36749311,g,2,0.5706672186191214,0.09603694254916906,0.09603694254916895,0.6085287444972083,0.5706672186191214
2200,36749311,i,4,-0.5593562445690436,0.08333619752326238,0.1880395734189959,11.949276471294604,-0.5593562445690436
2201,36749311,r,6,-0.3719860469895524,0.054181955434695506,0.10269753462136716,3.215811960363881,-0.3719860469895524
2202,36754572,g,2,-0.36553310697398533,0.0037134611949459773,0.0037134611949459773,2.0877246241493745,-0.36553310697398533
2203,36754572,i,5,-0.39424052754670635,0.07486348539881232,0.21503304004420393,5.458631405874864,-0.39424052754670635
2204,36754572,r,5,-0.2695736796483125,0.03379358449543579,0.06404205262202484,3.7598205691927333,-0.2695736796483125
2205,36785738,g,3,-0.4409519571232664,0.1001214772315614,0.5315827454093865,1.8236269332246033,-0.4409519571232664
2206,36785738,i,11,-0.57647065065742,0.13871958086880998,0.3162451813016225,10.332831101141108,-0.57647065065742
2207,36785738,r,13,-0.6359506132773549,0.05604091039896453,0.1747920319759706,9.564301206717854,-0.6359506132773549
2208,36825813,g,4,-0.2895844679929218,0.04383722000903431,0.07154093640821008,0.5661821131404755,-0.2895844679929218
2209,36825813,i,4,-1.746559400725793,0.08046097629644999,0.14410837952861866,98.84986602750189,-1.746559400725793
2210,36825813,r,6,-1.3553252000856997,0.09399029791601865,0.14228954314688358,39.71722561511918,-1.3553252000856997
2211,36844584,g,4,-0.13229043888477593,0.18951303663395067,0.5235860163096587,0.9115691040584506,-0.13229043888477593
2212,36844584,i,12,-0.5737242103495284,0.19503499516142225,0.4374607812351202,16.28997648911338,-0.5737242103495284
2213,36844584,r,15,-0.5894055042608988,0.16425695214860436,0.32900897252916605,10.119397166589334,-0.5894055042608988
2214,36904565,g,2,0.27061820243222,0.11055696028909023,0.11055696028909023,0.41814395791360415,0.27061820243222
2215,36904565,i,7,-0.8523769225782494,0.16129566100209258,0.36142334351299843,23.918681089172196,-0.8523769225782494
2216,36904565,r,8,-0.4693593200424739,0.0388227336759468,0.1008728922910781,5.359093441575531,-0.4693593200424739
2217,36919739,g,6,-0.11993359348799082,0.13191211440880724,0.2557667626120738,0.15922681884679457,-0.11993359348799082
2218,36919739,i,5,-0.8486565248975358,0.08494983186899951,0.1123837703846835,24.857429563048367,-0.8486565248975358
2219,36919739,r,4,-0.9667361509585748,0.0551116650062336,0.14482616694093653,18.374589436784074,-0.9667361509585748
2220,3692114,g,4,-0.17419045244612263,0.10193466374152182,0.2023888753252471,0.3997652124437202,-0.17419045244612263
2221,3692114,i,8,-0.8212221501500145,0.07857551525100404,0.11152049748308301,16.307119304525376,-0.8212221501500145
2222,3692114,r,6,-0.6433893458431157,0.0909110060639351,0.22314647477367655,4.609074503716009,-0.6433893458431157
2223,36924366,g,3,-0.46081492541852564,0.01006885501025434,0.07736871965062603,0.7073620586317911,-0.46081492541852564
2224,36924366,i,8,-0.8714587742568451,0.23209274790246026,0.5650380595557499,14.282482809660099,-0.8714587742568451
2225,36924366,r,7,-1.1286163338402324,0.036831685100756406,0.20893548679291363,16.397173781127556,-1.1286163338402324
2226,36961077,g,3,0.3423509429720538,0.03507112946256319,0.12894766757415432,0.9819895546851402,0.3423509429720538
2227,36961077,i,11,-0.11614797952066425,0.052798978426304516,0.27731581366732294,1.277838104663893,-0.11614797952066425
2228,36961077,r,9,0.32787087972862383,0.16242984255797593,0.2768549922550598,2.673624882224573,0.32787087972862383
2229,36985136,g,2,-0.3497360490619345,0.07297390940005183,0.07297390940005177,0.5989573506606645,-0.3497360490619345
2230,36985136,i,12,-1.7325086595158146,0.0350614335095889,0.12334527539897744,85.09947261638727,-1.7325086595158146
2231,36985136,r,11,-1.4190670347106664,0.08395781095305765,0.3174215628567618,30.650458828918804,-1.4190670347106664
2232,36998200,g,4,-0.2587089491463236,0.028488576140731636,0.048784398934909046,0.280265965083877,-0.2587089491463236
2233,36998200,i,8,-0.8423034559892169,0.3055489003295968,0.5481825148301309,17.97197624542696,-0.8423034559892169
2234,36998200,r,9,-0.4689907612506482,0.06276604750843395,0.10154075426849019,4.307962435215436,-0.4689907612506482
2235,37003339,i,4,-1.5109949854895013,0.056266299175322554,0.09935075170466434,90.79202505751184,-1.5109949854895013
2236,37003339,r,7,-1.5594006866859687,0.0393543136331449,0.06651871042975244,44.878509349862384,-1.5594006866859687
2237,37015614,g,5,0.18366812670913268,0.2353720821443921,0.6070610470276236,0.5568393339684757,0.18366812670913268
2238,37015614,i,5,-0.7414819268932096,0.05970984808256308,0.3520505843039054,9.997528626563389,-0.7414819268932096
2239,37015614,r,8,-0.5727224068124297,0.1573429958248827,0.28070610574814076,6.732582957063244,-0.5727224068124297
2240,37028306,g,3,-0.3200111834748188,0.06772699881853733,0.10369419937050989,0.8264765446236569,-0.3200111834748188
2241,37028306,i,13,-1.1453420455731922,0.0755936493388647,0.17673957490382475,25.345554494727768,-1.1453420455731922
2242,37028306,r,9,-0.8809215034973096,0.10252436212073002,0.18801920862837507,20.8707469802203,-0.8809215034973096
2243,37066212,i,6,-0.20507334862220578,0.19885815266229862,0.3712756926486303,3.148071488635505,-0.20507334862220578
2244,37066212,r,7,-0.33091856312236334,0.07543912418390719,0.1266757251250782,3.036708025686981,-0.33091856312236334
2245,37110382,g,3,-0.3749969412286145,0.014302718364165967,0.04696807096268807,1.26936857663648,-0.3749969412286145
2246,37110382,i,12,-0.9141589401723498,0.052800091006732996,0.10106786124493261,22.97889455188907,-0.9141589401723498
2247,37110382,r,11,-0.17411540565274475,0.1911491846956872,0.5319620335376715,6.956511508761747,-0.17411540565274475
2248,37174897,g,4,0.05223677852548636,0.05095880801150299,0.16662780576598085,0.22852526770739537,0.05223677852548636
2249,37174897,i,5,-1.0463491319777511,0.01708895311384806,0.017314874209633402,64.64788565613958,-1.0463491319777511
2250,37174897,r,5,-1.0301659935693517,0.02720947665312412,0.03514497869643618,17.047114915892273,-1.0301659935693517
2251,37182180,i,11,-0.5200674891004572,0.2248167871367226,0.34382890157724777,10.88550542512839,-0.5200674891004572
2252,37182180,r,8,-0.6113909090301878,0.1152188705578211,0.2785181940385312,5.911687312388737,-0.6113909090301878
2253,37192328,g,3,0.22879083221120744,0.018640263177482685,0.2531933555627845,0.6708333338108639,0.22879083221120744
2254,37192328,i,6,-0.3845600127513854,0.042611442618736284,0.07654884765430464,8.275939486993131,-0.3845600127513854
2255,37192328,r,6,-0.24255361457284896,0.01893967089737933,0.03643214820700971,3.3578256987431243,-0.24255361457284896
2256,37192562,g,2,0.04815104581315022,0.14354789723527694,0.14354789723527694,0.15839868723992107,0.04815104581315022
2257,37192562,i,8,-0.8146928611632742,0.18941483751039007,0.4169731171774146,18.552167994987666,-0.8146928611632742
2258,37192562,r,8,-0.8732824126963524,0.1405023947903548,0.31410346443607917,11.610435611397206,-0.8732824126963524
2259,3721048,g,4,0.04813463969907811,0.17121504969328044,0.297740761260336,0.3166928867539035,0.04813463969907811
2260,3721048,i,5,-0.3207556308049607,0.050120208941258404,0.06395535478758702,4.360792098567944,-0.3207556308049607
2261,3721048,r,5,-0.10863155520331491,0.022846873977146215,0.023086637906077317,0.26672293715710466,-0.10863155520331491
2262,37294480,g,2,0.2365397229622092,0.6880935964363866,0.6880935964363867,2.3195732601637236,0.2365397229622092
2263,37294480,i,8,0.003124831634631956,0.13543523173746952,0.20368354573760136,0.5213309352316079,0.003124831634631956
2264,37294480,r,10,0.08485907328832264,0.12187566742833433,0.2088024958637501,0.8154389775903151,0.08485907328832264
2265,37294480,u,4,0.4847408395602608,0.18820089871243195,0.36438653536256294,0.5037196141734344,0.4847408395602608
2266,37371994,g,2,0.2683077100027955,0.548059920186688,0.548059920186688,1.6436864782332425,0.2683077100027955
2267,37371994,i,13,-0.2592307723829578,0.19334390230267318,0.3610438815037923,6.988358660888519,-0.2592307723829578
2268,37371994,r,15,0.14403073816981937,0.2784207214727106,0.6201491436733182,1.7991976383795398,0.14403073816981937
2269,37454412,g,2,-0.34602192599044485,0.015850602199140362,0.015850602199140362,0.44363805481494334,-0.34602192599044485
2270,37454412,i,6,-0.7496522336770999,0.1295389015114528,0.3737554791346245,16.26140491270404,-0.7496522336770999
2271,37454412,r,7,-1.0138365305407988,0.11407306041527598,0.21264633267945987,19.304785091327563,-1.0138365305407988
2272,37620629,g,5,-0.34110787206219206,0.10348960062577017,0.17052836049977205,0.7058829214611692,-0.34110787206219206
2273,37620629,i,3,-0.5263694801291134,0.0522730076289577,0.14248235650058433,9.093652213767344,-0.5263694801291134
2274,37620629,r,4,-0.6366826199268691,0.01296261044183944,0.02454097160312163,7.418442583215133,-0.6366826199268691
2275,37708828,i,11,-1.4041768418159501,0.06019520259213307,0.32093465857542713,51.788401665100814,-1.4041768418159501
2276,37708828,r,6,-1.3442085800401946,0.06741217362668772,0.10347710242022123,25.309255809322014,-1.3442085800401946
2277,378007,g,6,-0.22036251304940863,0.11088940594298083,0.18825131791615132,0.9428203816384401,-0.22036251304940863
2278,378007,i,3,-0.9362924761184279,0.05011386033505072,0.28634793903022415,29.187534785739242,-0.9362924761184279
2279,378007,r,7,-0.6656478346496333,0.015132721831352947,0.03718658572865774,13.987286900573185,-0.6656478346496333
2280,37820444,g,2,0.2088979917678817,0.24341658147048117,0.24341658147048117,0.42185815495084633,0.2088979917678817
2281,37820444,i,6,-0.8362118047707132,0.07216327623078134,0.11110682850776066,20.68852379100134,-0.8362118047707132
2282,37820444,r,7,-0.924141578681789,0.07996733165404879,0.14276123632564885,10.191272879181819,-0.924141578681789
2283,37878929,i,9,-1.9795286231006295,0.0881905364859441,0.26893665010404955,80.74095574823029,-1.9795286231006295
2284,37878929,r,5,-1.5220864329689596,0.14635341864470575,0.23046699992109887,61.90581567367872,-1.5220864329689596
2285,37900457,g,6,-0.2159500668633136,0.07357986941810524,0.1337534871733908,0.7169126655316882,-0.2159500668633136
2286,37900457,i,5,-0.6822959066959664,0.1900639749601435,0.3306302169745665,15.55842641447856,-0.6822959066959664
2287,37900457,r,5,-0.5192928315246359,0.04198401737345603,0.08082849462383446,11.10727563167823,-0.5192928315246359
2288,37918116,g,2,0.11614428138834684,0.09481332124127925,0.09481332124127924,0.10724261083201163,0.11614428138834684
2289,37918116,i,6,-0.7184561110604273,0.13307464210307784,0.22172530445619587,9.356941733996546,-0.7184561110604273
2290,37918116,r,8,-0.5201008314465806,0.14325786106975175,0.2744842448787805,1.814933244151348,-0.5201008314465806
2291,37921104,i,8,-0.8130029522388984,0.1299941195579376,0.30790956326089913,13.445637579580403,-0.8130029522388984
2292,37921104,r,6,-0.6616043029172478,0.12870030787254294,0.24316446929256552,5.457511037601427,-0.6616043029172478
2293,37933862,i,7,-1.1685200591769866,0.07597389936811316,0.12018389601871493,44.515296337466694,-1.1685200591769866
2294,37933862,r,5,-0.8098203464592234,0.048220612162525156,0.13748475036079622,15.030721868462233,-0.8098203464592234
2295,37973614,i,6,-0.6445605982719654,0.22986467321151896,0.44713992527581103,13.940744784861351,-0.6445605982719654
2296,37973614,r,5,-0.5376274092921945,0.12205040810473888,0.2379045270982667,4.774883674370792,-0.5376274092921945
2297,38010498,g,2,-0.2975512277799768,0.04989549937001436,0.04989549937001436,0.766152415933248,-0.2975512277799768
2298,38010498,i,12,-0.10387498601623046,0.20651377678253807,0.3290229393514276,2.361945762956588,-0.10387498601623046
2299,38010498,r,8,-0.27160146188588785,0.2740426237272577,0.5157400490583735,3.834702941626538,-0.27160146188588785
2300,38016068,g,2,-0.39815387941965613,0.01341578490407197,0.013415784904072026,0.6540347394446142,-0.39815387941965613
2301,38016068,i,7,-1.4247816079693578,0.11623235252591146,0.28757050651438876,43.10403508166163,-1.4247816079693578
2302,38016068,r,8,-1.4858139763692595,0.07512598151418892,0.11538274788503444,33.30339493730648,-1.4858139763692595
2303,38080154,g,5,0.08394392010527041,0.11454505457926134,0.2454316903979603,0.11881274935346062,0.08394392010527041
2304,38080154,i,9,-0.6453657676113062,0.06500193382226238,0.20360493088574627,6.812696580803671,-0.6453657676113062
2305,38080154,r,5,-0.5956874386056554,0.09895110633081738,0.0991135781552418,4.72889033120201,-0.5956874386056554
2306,38080958,i,9,-0.9384962726762771,0.3034534386125376,0.5020750302549796,24.47556403886317,-0.9384962726762771
2307,38080958,r,4,-0.45825624719728797,0.16124541190612907,0.21810068245808256,7.009655283631667,-0.45825624719728797
2308,38099361,g,5,1.7291452849455458,0.055441604572528114,0.09856612763722428,7.218185707832075,1.7291452849455458
2309,38099361,i,10,-0.29084290408532626,0.215978021814979,0.3568035240938384,8.175922439225674,-0.29084290408532626
2310,38099361,r,11,0.2123143065365729,0.10777476813467257,0.8087370216889103,4.071016589427815,0.2123143065365729
2311,38122874,g,4,-0.25394223414533823,0.0558961276074777,0.12699229473636797,0.9732435000671192,-0.25394223414533823
2312,38122874,i,2,-0.5357998454490267,0.022314015071283777,0.022314015071283833,7.62277699634337,-0.5357998454490267
2313,38122874,r,6,-0.12666659579478115,0.2560495119059959,0.4117780859315242,4.579463993086898,-0.12666659579478115
2314,38210249,i,12,-0.49875128212234643,0.18231056270218682,0.3314067668490857,11.319514156909475,-0.49875128212234643
2315,38210249,r,7,-0.40479653899963014,0.12737761088505212,0.2049837896780099,5.851045632225866,-0.40479653899963014
2316,38217047,g,3,-0.10961266086248417,0.12668690858494813,0.18287820582614686,0.18575014873413978,-0.10961266086248417
2317,38217047,i,5,0.013695447318066357,0.39159782417184086,0.5294552926621081,2.8298233296816995,0.013695447318066357
2318,38217047,r,4,-0.03277303459317926,0.12003808403449903,0.19174850009894956,0.46554710698632795,-0.03277303459317926
2319,38219059,i,6,-0.682720534768414,0.06340625661578048,0.1006623318995683,11.587546154304448,-0.682720534768414
2320,38219059,r,8,-0.5105499954248198,0.06357076489538815,0.11557591897026248,8.655859034524237,-0.5105499954248198
2321,38353817,g,3,-0.303703273953847,0.10439744747272062,0.22074302808412166,1.7372712239378154,-0.303703273953847
2322,38353817,i,7,-1.226026946957493,0.22560224675067309,0.3007328171857193,44.33021386315921,-1.226026946957493
2323,38353817,r,8,-1.3432474357717208,0.057722892272589754,0.10325594670641802,49.008705237678825,-1.3432474357717208
2324,38356822,i,14,-0.40417171848359335,0.14637043956651086,0.3063169325401567,10.595921519687675,-0.40417171848359335
2325,38356822,r,13,0.06000341828152078,0.057622378999934165,0.42111404514352313,1.7828408362782031,0.06000341828152078
2326,38408142,g,2,-0.21123598690349682,0.12972783695607054,0.1297278369560705,0.37783138230101393,-0.21123598690349682
2327,38408142,i,4,-0.9984020962092819,0.06760562627170075,0.18443919059847058,20.89185563759157,-0.9984020962092819
2328,38408142,r,5,-0.946109498806461,0.11559159695840748,0.2172992162536106,13.912626797566844,-0.946109498806461
2329,38410130,g,2,-0.268819740937748,0.09759986077362054,0.09759986077362051,0.28327544939334826,-0.268819740937748
2330,38410130,i,7,-1.352318386852633,0.07823188228782385,0.2832510102571477,34.217453121896206,-1.352318386852633
2331,38410130,r,5,-1.0872633185316731,0.06956682789851687,0.3012400547420948,11.392085386260549,-1.0872633185316731
2332,38425832,g,5,-0.30478694390917216,0.022130869761470717,0.061917548781868115,1.1476649378041697,-0.30478694390917216
2333,38425832,i,15,-0.8556742748180783,0.12340866041623477,0.2468839131229038,23.542443417216493,-0.8556742748180783
2334,38425832,r,13,-0.9151928533367734,0.02194563188435017,0.4661572522181905,18.204099991117733,-0.9151928533367734
2335,38425832,u,3,1.633871009553181,0.06808927303205348,0.0875132566238872,5.388290972940439,1.633871009553181
2336,38431958,g,2,-0.27303850600910134,0.0548576757169586,0.054857675716958626,1.1978805416044622,-0.27303850600910134
2337,38431958,i,5,-0.6801419490950558,0.0688294708382855,0.21508675879094696,27.032215027376605,-0.6801419490950558
2338,38431958,r,4,-0.6756035301463383,0.02067184376372505,0.05859584072921564,23.63672955222622,-0.6756035301463383
2339,3847154,g,3,0.44214502382376386,0.03817593425435506,0.03837150222860952,0.8924811998174488,0.44214502382376386
2340,3847154,i,6,-0.588376602393236,0.05013118673595407,0.2897066407359883,14.578678613537521,-0.588376602393236
2341,3847154,r,7,-0.1900183731663705,0.05001623523854937,0.08586991206528133,1.4807988986288223,-0.1900183731663705
2342,38496804,g,4,-0.2994796624867072,0.04735982797984242,0.06972427398245878,0.5785918052325804,-0.2994796624867072
2343,38496804,i,6,-0.8274722134106054,0.14386428000142892,0.32009569865846477,29.516262976162608,-0.8274722134106054
2344,38496804,r,8,-0.8308594857937769,0.17941089773775187,0.2658997925007517,19.434853188775477,-0.8308594857937769
2345,38496804,u,3,0.7503781066723247,0.051432210902743636,0.08758635750302857,0.9637577636949093,0.7503781066723247
2346,38504916,i,8,-1.1435906874678454,0.12370503565794677,0.4283568208683346,53.02660296504084,-1.1435906874678454
2347,38504916,r,6,-1.0688330038429479,0.0585253855701644,0.16677360868417912,29.1539975855443,-1.0688330038429479
2348,38510540,i,3,-1.004249264726517,0.006053609435163532,0.022106631270944033,23.42887324078617,-1.004249264726517
2349,38510540,r,7,-1.1396764099405303,0.08095988360603346,0.12149136233192581,24.66344511847013,-1.1396764099405303
2350,38515073,i,10,-1.410602696384532,0.09615779919532996,0.14302307021800797,59.919886293934155,-1.410602696384532
2351,38515073,r,3,-0.827470276884206,0.0504035719304351,0.08204215696802397,10.077579396433578,-0.827470276884206
2352,38534081,i,7,-0.46940168572966445,0.2015833519961409,0.27979792545631854,7.599703236237689,-0.46940168572966445
2353,38534081,r,8,-0.2911831552685648,0.1064961781343631,0.19195351181166836,2.700582547175234,-0.2911831552685648
2354,38546419,g,2,-0.3030606728367905,0.006981477722796781,0.006981477722796781,1.2691187939034212,-0.3030606728367905
2355,38546419,i,6,-0.8254393003525596,0.07052312425265528,0.10858685871023432,26.069380920094073,-0.8254393003525596
2356,38546419,r,4,-0.5655315775410851,0.1396031483390171,0.2881869358553809,12.830504605546889,-0.5655315775410851
2357,38546419,u,3,1.6155068512411994,0.1470698714790406,0.16001894360549151,5.5966212691342045,1.6155068512411994
2358,38620971,i,6,-0.7959895586214628,0.23996293925475592,0.419165132392311,36.734486429486346,-0.7959895586214628
2359,38620971,r,6,-0.7789947006824689,0.05149366273754924,0.32152754401243,21.118367003681108,-0.7789947006824689
2360,38629607,g,2,-0.13330868549796282,0.2463794853515422,0.2463794853515422,0.5450582241137665,-0.13330868549796282
2361,38629607,i,15,-1.2690458315970448,0.06972586747949605,0.22598114251839863,52.83794347055937,-1.2690458315970448
2362,38629607,r,8,-1.0633018983503326,0.061605511849504135,0.3652123556492346,13.307676205214754,-1.0633018983503326
2363,38630418,i,11,-0.46194583199525785,0.08591887706910528,0.22408961722847126,11.704500367807197,-0.46194583199525785
2364,38630418,r,8,0.10979826952674401,0.09594587273816929,0.23090700009943266,1.1922597282536973,0.10979826952674401
2365,3866070,g,2,-0.23067736585030285,0.03893008648510532,0.03893008648510532,0.2745387895538484,-0.23067736585030285
2366,3866070,i,6,-1.345624980663768,0.06240057668333243,0.14829883529382903,87.27900056895898,-1.345624980663768
2367,3866070,r,5,-1.09704084080309,0.07335410007563947,0.09073471722420035,21.492464024609305,-1.09704084080309
2368,38665866,g,3,-0.07453870292746623,0.04788968605823474,0.1342438467404764,0.09256294683545141,-0.07453870292746623
2369,38665866,i,5,-0.14936496039169678,0.06053143231817615,0.37496746329929953,16.365934136654356,-0.14936496039169678
2370,38665866,r,9,-0.20391995897354864,0.2914174628176124,0.5692104911275878,3.8321943746585316,-0.20391995897354864
2371,38668874,g,3,-0.10655181880546094,0.24279516098130993,0.25796204621193913,0.4174285670469508,-0.10655181880546094
2372,38668874,i,11,-1.0782842674971993,0.09367961080001241,0.2642281656924039,28.36827254365609,-1.0782842674971993
2373,38668874,r,10,-0.7627543532556345,0.22260705685270982,0.44207191872024143,15.180508611763347,-0.7627543532556345
2374,38668874,u,2,0.12350321063921899,0.09106542629168979,0.09106542629168979,0.03782364046235686,0.12350321063921899
2375,38671254,g,3,0.5891402857156263,0.03997771490807933,0.1779012612024048,2.4215729175341587,0.5891402857156263
2376,38671254,i,7,-0.3229349754707693,0.22291672833985732,0.38147324009141254,2.4272458125211345,-0.3229349754707693
2377,38671254,r,5,-0.5961773064534619,0.06236798925187692,0.10677913240718473,6.20967551836618,-0.5961773064534619
2378,38698685,g,2,-0.34688730071437157,0.03221590396422691,0.03221590396422691,1.2047477776043487,-0.34688730071437157
2379,38698685,i,9,-0.9756159438532945,0.08208282534800249,0.16497614764208868,25.195018082662678,-0.9756159438532945
2380,38698685,r,12,-0.9397902727420089,0.07405920360327922,0.24619984671236594,20.985017563246004,-0.9397902727420089
2381,3878367,i,9,-0.29776731493018616,0.14099564446589197,0.3156832112207897,5.065229221264819,-0.29776731493018616
2382,3878367,r,10,-0.40055830712538054,0.06195226144286986,0.38046986512662395,5.841267029046447,-0.40055830712538054
2383,3878367,u,4,1.0219805792708576,0.1110589295384874,0.4146567208565122,4.6741514975748375,1.0219805792708576
2384,38804520,g,2,-0.16019068512435905,0.10375159769858314,0.10375159769858315,0.474339731958215,-0.16019068512435905
2385,38804520,i,6,-0.804996838683697,0.03778283176160063,0.06396321255661364,10.5305416002174,-0.804996838683697
2386,38804520,r,3,-0.6776476548613499,0.026695957286067662,0.03318639408296953,22.748079328172178,-0.6776476548613499
2387,38805924,g,5,-0.3907267712251006,0.07976109184343899,0.193555410005192,0.8732432549151474,-0.3907267712251006
2388,38805924,i,12,-0.45352901366722265,0.22947020526198547,0.39109231408177814,18.73143103701496,-0.45352901366722265
2389,38805924,r,9,-0.8308295785902633,0.02533007193593162,0.7750302221440873,13.959967341512911,-0.8308295785902633
2390,38807793,i,5,-0.4828113001835006,0.2592354141167722,0.30224186698437533,11.293611612022286,-0.4828113001835006
2391,38807793,r,9,-0.6262323780606054,0.13439721200345311,0.6767948507401318,5.948459502870005,-0.6262323780606054
2392,38807793,u,2,0.1460929318678481,0.0015946277106611007,0.0015946277106611007,0.032725534504292525,0.1460929318678481
2393,38815351,i,5,-1.1477441782713378,0.05623979876271079,0.10173507225886547,23.545038812819875,-1.1477441782713378
2394,38815351,r,7,-1.1838699919721283,0.0972490976616569,0.19544992895713809,17.383523413780544,-1.1838699919721283
2395,38826997,g,6,0.33085503580547126,0.1303280472650995,0.22571958425406313,0.49821375977388965,0.33085503580547126
2396,38826997,i,15,-1.5291807795601982,0.1714350159341982,0.29383864638472845,58.46547344527121,-1.5291807795601982
2397,38826997,r,13,-1.2459408711219524,0.07160798776448551,0.2161330844066156,16.383545612326508,-1.2459408711219524
2398,38830296,i,6,-0.8093800760000738,0.0734454349340335,0.11224573709632124,33.73476114283266,-0.8093800760000738
2399,38830296,r,6,-0.5704773915294303,0.035889975229804916,0.05914278124563854,9.691030489149572,-0.5704773915294303
2400,38840,i,7,-1.5161819421361864,0.1708282971156363,0.2234668365020993,37.29530642575504,-1.5161819421361864
2401,38840,r,6,-1.4411218219992803,0.140738682842953,0.2214792328803401,26.412844670511273,-1.4411218219992803
2402,38844208,i,9,-1.7812504105710412,0.08581951964464762,0.1247383468622365,105.79891025032919,-1.7812504105710412
2403,38844208,r,8,-1.727134970576053,0.029444592319211926,0.058584830887276285,100.9368477350352,-1.727134970576053
2404,3890997,g,3,-0.3769207596878844,0.0046861982193331375,0.015829850074874086,0.8246993202097466,-0.3769207596878844
2405,3890997,i,8,-1.0029120690722881,0.10226362264844951,0.2133220218292371,27.849752831798412,-1.0029120690722881
2406,3890997,r,11,-0.7179260767858089,0.29103563662369236,0.49213829914479423,13.88948704466033,-0.7179260767858089
2407,38963224,g,3,-0.3233350770553879,0.05190845290055224,0.11934179162088637,0.6778785481310123,-0.3233350770553879
2408,38963224,i,7,-0.9999960923289622,0.1041604803699464,0.2648542686104767,32.263169660260175,-0.9999960923289622
2409,38963224,r,8,-0.8420195301091796,0.17610307337872622,0.3778405766397195,19.107610558569334,-0.8420195301091796
2410,38989856,g,3,0.1507088669632186,0.0093365960551679,0.015156967004978095,0.08662992786751882,0.1507088669632186
2411,38989856,i,9,-1.6955454787841349,0.13962529464729134,0.2737632753078443,60.32180380772603,-1.6955454787841349
2412,38989856,r,6,-1.539735593493293,0.035364467157007695,0.06646242153797188,27.13413740993821,-1.539735593493293
2413,39003937,g,3,-0.04228513670938816,0.27276684330950673,0.4361212761630293,0.47372075866128105,-0.04228513670938816
2414,39003937,i,11,-1.053673173756608,0.09088804163172681,0.14070252541959527,31.615614782287047,-1.053673173756608
2415,39003937,r,10,-0.9912375268332103,0.1862454542665179,0.3466753315546043,12.326894182193348,-0.9912375268332103
2416,39007698,i,9,-0.7697746860832685,0.2101667947760263,0.3074724796851246,12.133003394010567,-0.7697746860832685
2417,39007698,r,4,-0.6123518604094185,0.26467020576731265,0.5188875976542318,5.799515691909683,-0.6123518604094185
2418,39033420,i,8,-1.0123114294930593,0.18308258371485076,0.47039385939974954,30.570519184349187,-1.0123114294930593
2419,39033420,r,5,-0.7081961139871475,0.09969172985897745,0.1329222814912019,8.487986609928626,-0.7081961139871475
2420,39037229,i,4,-1.1962914221663197,0.11982013427647942,0.2435101566481137,23.46013089608057,-1.1962914221663197
2421,39037229,r,6,-1.129520252088618,0.07791467490692483,0.1286746461170305,16.545965690045296,-1.129520252088618
2422,39045854,g,2,0.138745473476504,0.015713681896715403,0.015713681896715403,0.27701022730527247,0.138745473476504
2423,39045854,i,8,0.2054131883812894,0.2688443008047939,0.5528626633926367,2.6235926695926524,0.2054131883812894
2424,39045854,r,9,0.41818336591363386,0.0692533684073749,0.29260327523487994,4.324471530393589,0.41818336591363386
2425,39064505,g,6,0.16424379033011957,0.12188232052148637,0.620225585229123,2.1096914340583313,0.16424379033011957
2426,39064505,i,8,-0.2352264242872071,0.2224619216361473,0.3638161466370402,5.891706633432445,-0.2352264242872071
2427,39064505,r,9,-0.1588815791363271,0.09612439512421517,0.13388023737309518,2.303689349418274,-0.1588815791363271
2428,39086188,i,7,-0.05426074182701929,0.19494827496286962,0.2926564599314151,1.5996463684934017,-0.05426074182701929
2429,39086188,r,6,0.13228373496454493,0.1767208591046226,0.2844232067392483,0.9694217326474545,0.13228373496454493
2430,39107146,g,4,-0.3305692693482263,0.0051725069296697235,0.08042325778305148,0.7491151796691662,-0.3305692693482263
2431,39107146,i,12,-1.1104097196270681,0.10202241514762633,0.17667592980769453,45.01858883241041,-1.1104097196270681
2432,39107146,r,11,-0.9928828980692719,0.09623436119755013,0.17610740538760528,29.189502281030833,-0.9928828980692719
2433,39143927,i,7,-0.9558582623835952,0.05241400152573705,0.2661495618251739,24.520256430582528,-0.9558582623835952
2434,39143927,r,7,-0.39941549081004263,0.45192729380373636,0.7059747885449978,7.085005755539506,-0.39941549081004263
2435,39153839,i,9,-1.540793272872498,0.1573850548171376,0.23971311311224874,64.67649442740392,-1.540793272872498
2436,39153839,r,5,-1.5112994616041122,0.014784856925404988,0.0517482052304401,33.17883390577598,-1.5112994616041122
2437,3916059,g,2,-0.2866080643826551,0.10281025997957788,0.10281025997957785,0.8768516511646995,-0.2866080643826551
2438,3916059,i,3,-1.4814821482820837,0.06368897177744892,0.2080340336157822,104.71962096579027,-1.4814821482820837
2439,3916059,r,6,-1.3654850550054511,0.02395512634797836,0.04381255067445777,56.338604521029886,-1.3654850550054511
2440,39182457,i,9,-1.9827773424161985,0.10183282037756092,0.18560162073659603,89.78279478143234,-1.9827773424161985
2441,39182457,r,10,-1.3942530890979414,0.10792964641732272,0.1883344159455802,36.68967259826142,-1.3942530890979414
2442,39265627,g,3,-0.011868710205848232,0.41773692406252916,0.538804082439561,0.9955019821478895,-0.011868710205848232
2443,39265627,i,8,-0.9593139690126306,0.09341129570967621,0.193287568189068,38.340635733386556,-0.9593139690126306
2444,39265627,r,10,-0.9537270639021187,0.0776643255421473,0.7161592385146055,16.363281152927417,-0.9537270639021187
2445,39306222,g,2,-0.3765935971867808,0.006622102999827961,0.006622102999828017,1.038217539719306,-0.3765935971867808
2446,39306222,i,9,-1.0279706516741833,0.0732284077728147,0.5915269849671974,52.255756335105396,-1.0279706516741833
2447,39306222,r,5,-0.851475605700941,0.08545599391576009,0.18605379404886935,25.14153329286345,-0.851475605700941
2448,39352845,g,3,-0.2829337252503886,0.16205820146381716,0.3580833259412232,0.4312484910499603,-0.2829337252503886
2449,39352845,i,4,-1.275352679281316,0.0295969825251704,0.12286630411610022,39.546589247421814,-1.275352679281316
2450,39352845,r,4,-1.2028565635631727,0.08316810688736354,0.24835325542143005,25.03890383292471,-1.2028565635631727
2451,39353398,g,5,0.584569667999224,0.14203008756000735,0.23398500961665458,1.5021044190320219,0.584569667999224
2452,39353398,i,9,-0.053454996828867785,0.1671903389173608,0.6035453885342422,5.427039904755194,-0.053454996828867785
2453,39353398,r,6,-0.027235505601664434,0.07980268918136618,0.37997781713530515,2.427500263829662,-0.027235505601664434
2454,39353398,u,2,0.8904025009825873,0.2033379200206964,0.2033379200206964,2.2437079549936447,0.8904025009825873
2455,39387901,i,5,-0.3594036740241755,0.18218009376083955,0.3210162047553723,5.065922680360847,-0.3594036740241755
2456,39387901,r,10,-0.5691885538292234,0.1285638707757787,0.3615754153881807,7.300911970007128,-0.5691885538292234
2457,39405799,i,5,-1.163424510394812,0.09250004080739993,0.19529856778241106,24.876237677281367,-1.163424510394812
2458,39405799,r,6,-1.1993172267106043,0.08302178561284923,0.18025262822765797,18.57487230521929,-1.1993172267106043
2459,39421261,g,5,0.5733890278204885,0.1255881640685621,0.15838942621432528,0.9503044830406944,0.5733890278204885
2460,39421261,i,7,0.09337736880968794,0.5017748136652667,0.6657953783241843,8.624751354213942,0.09337736880968794
2461,39421261,r,9,0.0957515833450131,0.24042883396986947,0.4331748664138241,3.2447754074521558,0.0957515833450131
2462,39432763,g,2,-0.047381809276532405,0.07517397515348495,0.07517397515348495,0.04230869592348539,-0.047381809276532405
2463,39432763,i,6,-0.8493763289901921,0.07463301726662486,0.12256985619048588,28.682333368261848,-0.8493763289901921
2464,39432763,r,7,-0.6393044390339261,0.103438564387618,0.23269741156475432,8.782491582140771,-0.6393044390339261
2465,39442586,i,5,-0.6674484668452489,0.10904484738321685,0.21104063338732726,12.182845541251854,-0.6674484668452489
2466,39442586,r,5,-0.62709982236794,0.07598631660507249,0.13068450576509094,7.035151481545808,-0.62709982236794
2467,3954052,g,3,-0.0019472692171442763,0.037372324501791176,0.1978011832627587,0.2942238129252762,-0.0019472692171442763
2468,3954052,i,7,-0.767891826216279,0.16238187793469205,0.49922270175341643,23.471248134171503,-0.767891826216279
2469,3954052,r,7,-0.6551914668892156,0.05776707573973616,0.4208959796251243,7.852449739035054,-0.6551914668892156
2470,39589240,i,5,-0.961350639746907,0.13778001424077824,0.22133513851531972,41.88473915095371,-0.961350639746907
2471,39589240,r,5,-0.7167277676566945,0.03756950355309918,0.05712420675768348,19.20401285959953,-0.7167277676566945
2472,39712643,g,5,-0.13103165478150125,0.06902333608723688,0.12962575005829624,0.23836374633669694,-0.13103165478150125
2473,39712643,i,4,-0.04846124882121063,0.11413031774971566,0.15816247989260282,1.7926942846748153,-0.04846124882121063
2474,39712643,r,8,-0.37646522224100437,0.1461813770623011,0.2916238173316407,3.5981013825048347,-0.37646522224100437
2475,3971267,i,7,-0.9983827374298012,0.056376507153708455,0.07904337891511004,28.158178152017545,-0.9983827374298012
2476,3971267,r,5,-1.0945554154677422,0.06643299045392537,0.10186452605423568,29.163874199973616,-1.0945554154677422
2477,39753889,i,5,-0.8889487878580182,0.13996434645796718,0.21134982146783887,27.439010198284414,-0.8889487878580182
2478,39753889,r,5,-0.9886821841962589,0.042437393448788496,0.08470119633434303,21.14968527558717,-0.9886821841962589
2479,39764919,i,5,-1.230243801088586,0.029255941522452034,0.04824073761439629,15.55138796623348,-1.230243801088586
2480,39764919,r,6,-0.8900437007689537,0.06683866813719441,0.11808431281281306,5.344481487529564,-0.8900437007689537
2481,39776766,g,3,-0.23636921485458823,0.0712945479524068,0.1521251177614815,0.3192004259829269,-0.23636921485458823
2482,39776766,i,7,-1.5942786520535113,0.1139635001879784,0.20923122880140177,61.881269892491964,-1.5942786520535113
2483,39776766,r,9,-1.2460100313173526,0.3038057365582334,0.5831342798988239,15.208878264194144,-1.2460100313173526
2484,39787743,g,2,-0.552806877857996,0.03219471999738688,0.03219471999738688,3.232539255311956,-0.552806877857996
2485,39787743,i,5,-1.2141014343926937,0.07738421744234358,0.31953296791295727,37.324494004363025,-1.2141014343926937
2486,39787743,r,5,-1.0458214171618387,0.09255032103863603,0.30872450583790134,29.673544360326144,-1.0458214171618387
2487,39792304,g,2,-0.1293424425398115,0.041472647080094155,0.04147264708009417,0.27555192857282285,-0.1293424425398115
2488,39792304,i,7,-0.6190362240446545,0.0646382224528167,0.2687344384590894,9.031657972900756,-0.6190362240446545
2489,39792304,r,5,-0.21189631377809204,0.2956252589011922,0.4045175969654631,1.6624692400862777,-0.21189631377809204
2490,39797220,g,3,-0.32601624768467397,0.2590108955444417,0.38673894808654324,0.6930650088741285,-0.32601624768467397
2491,39797220,i,5,-1.1228525478223619,0.12317364910142836,0.1474807851002642,43.62064668587018,-1.1228525478223619
2492,39797220,r,4,-1.0021710937405013,0.08587091530449098,0.11914758254760649,23.401828684875035,-1.0021710937405013
2493,3983108,g,4,-0.42086605236435526,0.008376963280601307,0.017756911517934237,1.2257507514085704,-0.42086605236435526
2494,3983108,i,11,-1.389294145098273,0.07515033191805731,0.14397303431663078,64.56947415907497,-1.389294145098273
2495,3983108,r,8,-1.0328622209083906,0.1775144122656913,0.42855039329035893,28.227040717553614,-1.0328622209083906
2496,39890646,g,3,-0.44576508725629005,0.04720174252971243,0.06175201377909084,1.7755470555088018,-0.44576508725629005
2497,39890646,i,8,-1.3691189539441564,0.09360877533985523,0.12734861014883103,53.34571317040724,-1.3691189539441564
2498,39890646,r,7,-1.2446407069668504,0.04458800898838078,0.10508281114236517,39.59297798152419,-1.2446407069668504
2499,39937627,g,2,-0.39923397403323035,0.09084892955223367,0.09084892955223367,0.6850113350620514,-0.39923397403323035
2500,39937627,i,3,-1.5492773364625996,0.024691486058013856,0.20053495694753476,52.01766905944199,-1.5492773364625996
2501,39937627,r,8,-1.0910409720916052,0.15884207743713186,0.3051163278062068,15.179039996938574,-1.0910409720916052
2502,39942020,g,2,-0.3381108180350762,0.027949367288278404,0.02794936728827835,1.1022855202028916,-0.3381108180350762
2503,39942020,i,10,-0.9145288879237559,0.2121014490289529,0.4326365553358612,36.896563563184735,-0.9145288879237559
2504,39942020,r,11,-0.9518943688001535,0.09517685535503051,0.2836526864451485,15.55063102405022,-0.9518943688001535
2505,39945259,i,5,-1.0868288872490284,0.07868304413800642,0.10001388022099933,31.818724553952144,-1.0868288872490284
2506,39945259,r,5,-1.1206928101868494,0.06705033850383857,0.1035387298194852,24.047133105052882,-1.1206928101868494
2507,39966030,i,7,-0.6620912529342312,0.10902226257337133,0.1668977844830486,11.32178078022712,-0.6620912529342312
2508,39966030,r,3,-0.14971288344269396,0.06610713427974618,0.1200856244665249,0.8086763616066271,-0.14971288344269396
2509,40021683,g,2,-0.037926521181673445,0.08077482754521997,0.08077482754521997,0.03980286281292246,-0.037926521181673445
2510,40021683,i,4,-0.5869806443503782,0.12590924757771546,0.19993001545619593,4.418922289895171,-0.5869806443503782
2511,40021683,r,5,-0.6983646880947615,0.031184073984053762,0.10737613942403446,8.725630749962736,-0.6983646880947615
2512,4004911,i,5,-1.7005799163479756,0.06075859387567606,0.10517999605992889,65.05108101474532,-1.7005799163479756
2513,4004911,r,6,-1.655088838721292,0.07452780139834192,0.1400945349749918,27.85217892567633,-1.655088838721292
2514,40053454,i,6,-0.5337717404755726,0.047788424512222316,0.08886725702915121,7.693467981201287,-0.5337717404755726
2515,40053454,r,6,-0.20351490947502526,0.13543089818266596,0.3651714995215703,0.8248172164106627,-0.20351490947502526
2516,40090570,i,9,-1.215467888431279,0.17133209750084433,0.32559972464431586,47.09527713588179,-1.215467888431279
2517,40090570,r,5,-0.761450301660668,0.3139130937048207,0.5517473086856532,10.845486589594103,-0.761450301660668
2518,40176751,i,11,-0.5255980214013934,0.10340653432255509,0.1927522485772698,8.948079550733256,-0.5255980214013934
2519,40176751,r,6,-0.5348196806956302,0.07071979274104045,0.11837186212876916,6.868498233114781,-0.5348196806956302
2520,40256546,i,13,-2.206645633077639,0.05693379126329079,0.20285772337890862,126.76742934118889,-2.206645633077639
2521,40256546,r,5,-1.9172463110868478,0.024041535291544402,0.0653134193749485,58.44901793990333,-1.9172463110868478
2522,40310853,g,4,-0.3393574257612102,0.04879069268085484,0.18437665537892578,0.6180381775280982,-0.3393574257612102
2523,40310853,i,12,-0.8702385017658018,0.09495013370139649,0.2066697698505271,31.742391356852334,-0.8702385017658018
2524,40310853,r,11,-0.8134900482875271,0.047464937984569966,0.11435566290432675,12.255712037225225,-0.8134900482875271
2525,40349881,i,8,-1.2112662133405774,0.09931108034611014,0.17661229186209781,73.77778174563454,-1.2112662133405774
2526,40349881,r,7,-0.8881112712824973,0.06014799877414345,0.19678449329260628,22.06558754501228,-0.8881112712824973
2527,403572,g,4,-0.44276849015688824,0.0504185179026749,0.06994230862027179,0.8458077317958552,-0.44276849015688824
2528,403572,i,9,-0.7761568442740552,0.07795574304108577,0.13065839889962227,16.846768906619676,-0.7761568442740552
2529,403572,r,10,-0.9338009304388974,0.05533257602076108,0.13848991396473298,11.273658673693356,-0.9338009304388974
2530,40394157,i,6,-0.38795695157126,0.13520882065979017,0.2043739912124186,6.417948094501142,-0.38795695157126
2531,40394157,r,7,0.26771816072998883,0.21229122632237812,0.3956508623011405,2.63695141990511,0.26771816072998883
2532,40452101,i,6,-2.0366903036682045,0.13122105604505763,0.30392022326151236,113.74951751250836,-2.0366903036682045
2533,40452101,r,9,-1.2461417328791786,0.07688038232874472,0.16956620165547598,12.184805091805206,-1.2461417328791786
2534,40476245,g,2,-0.1880786034584495,0.06524189436737649,0.06524189436737649,0.4400869271564341,-0.1880786034584495
2535,40476245,i,4,-0.3266350650572033,0.05978350511661962,0.13234599623997467,7.136062977168707,-0.3266350650572033
2536,40476245,r,5,-0.28395964281988906,0.057896226283844165,0.1519734305411602,2.6239213450458587,-0.28395964281988906
2537,40521141,g,4,-0.2781472704487235,0.04560879139543483,0.11718593075019135,0.48504462739055676,-0.2781472704487235
2538,40521141,i,9,-1.2698897198607715,0.09670963928142529,0.2041562495732847,53.63481040790411,-1.2698897198607715
2539,40521141,r,10,-0.81028042253199,0.1763121543537739,0.3549732915552928,12.739654926656126,-0.81028042253199
2540,40665415,g,3,-0.36018686131605615,0.09915265971676479,0.12698204172685484,1.2082050251709482,-0.36018686131605615
2541,40665415,i,6,-0.6826808145819003,0.03069600887815538,0.05490321868407988,12.808108744588623,-0.6826808145819003
2542,40665415,r,5,-0.8288398379327062,0.026063060811225003,0.04575511017527467,20.65825099636679,-0.8288398379327062
2543,40720931,i,10,-0.6386949129168114,0.09898596553300543,0.26221460635226584,13.811081086636085,-0.6386949129168114
2544,40720931,r,11,-0.08488969586190209,0.1272698625367038,0.23533359332222314,2.3436552605332714,-0.08488969586190209
2545,40731778,i,5,0.034878933751899766,0.4161236093330795,0.5314734729394226,5.952002727650433,0.034878933751899766
2546,40731778,r,6,-0.034727397702622675,0.3739094509605867,0.5797595384940224,2.945241037475752,-0.034727397702622675
2547,40736712,i,8,-0.40249172515460085,0.20072830641959746,0.3913597895575213,6.579888020111389,-0.40249172515460085
2548,40736712,r,9,-0.147515556173744,0.11473252347976692,0.24795052363491688,1.7001065802844908,-0.147515556173744
2549,4073759,g,3,-0.5921479695699743,0.0020761559338359215,0.11363557383206424,0.880591082292482,-0.5921479695699743
2550,4073759,i,8,-1.6913104651478261,0.15161452323795388,0.24936249996680648,74.49916701546607,-1.6913104651478261
2551,4073759,r,11,-0.8414888634087021,0.39530145228514635,1.0726740676255564,22.242180374361364,-0.8414888634087021
2552,4076336,g,2,-0.1729471507637415,0.02752054951563937,0.02752054951563937,0.5169173163939419,-0.1729471507637415
2553,4076336,i,5,0.2236334687312409,0.16347088924795183,0.2079267157765795,1.6624487064562499,0.2236334687312409
2554,4076336,r,6,0.4973027244393125,0.3205414903372731,0.5655846054544533,1.7943305803492189,0.4973027244393125
2555,4080124,i,6,-1.1059744104647478,0.03808770426058028,0.06231948628242456,83.2246437902924,-1.1059744104647478
2556,4080124,r,5,-0.95942506600111,0.0109497279884333,0.018732162887086234,33.16048775831444,-0.95942506600111
2557,40827144,i,3,-1.2150909131455296,0.04248709136000084,0.06055727108015607,35.9942977794038,-1.2150909131455296
2558,40827144,r,7,-1.0590229745352855,0.08513850705052084,0.11752778482067128,24.369801930088705,-1.0590229745352855
2559,40831134,g,2,-0.2796681022706414,0.017128663776461744,0.017128663776461772,0.9370344514936024,-0.2796681022706414
2560,40831134,i,8,-0.7970126542333027,0.15961285082998017,0.3314061451498985,42.275550848704995,-0.7970126542333027
2561,40831134,r,9,-0.21642532343663634,0.02701728513772894,0.47032273669108104,6.765569904868379,-0.21642532343663634
2562,40831134,u,2,1.1280350949343398,0.050918757406567705,0.05091875740656748,2.440063801131734,1.1280350949343398
2563,40845211,g,3,-0.12339980848841725,0.047333699386616024,0.06838179276249365,0.20292024824502006,-0.12339980848841725
2564,40845211,i,5,-0.9461953444061282,0.10616788313267156,0.16440418430529014,16.108063579186528,-0.9461953444061282
2565,40845211,r,6,-0.7400172513867505,0.06871397223596426,0.1087674793375919,11.217110201042688,-0.7400172513867505
2566,40856188,i,10,-1.126401252064998,0.1620494807603604,0.2877052482888115,24.156614550052677,-1.126401252064998
2567,40856188,r,6,-0.896487887586399,0.3490323326925369,0.6425185624950532,13.533696169551774,-0.896487887586399
2568,40907365,g,2,-0.1048212772294439,0.1439543479267491,0.1439543479267491,0.3872859949455266,-0.1048212772294439
2569,40907365,i,7,-0.6153832503362502,0.16537704507801787,0.4637947405324482,12.433351800921455,-0.6153832503362502
2570,40907365,r,4,-0.036593558119201786,0.25032740982787793,0.4641234276415237,4.435894549797577,-0.036593558119201786
2571,40953906,i,9,-0.019502516891899455,0.17354236125552813,0.328183978741951,2.387243290714288,-0.019502516891899455
2572,40953906,r,8,-0.20366928692984765,0.046416893921132046,0.2013455575416172,1.392303532818151,-0.20366928692984765
2573,41000518,g,4,0.06614517101461065,0.3931765456421368,0.7762064852241395,0.5695733179475849,0.06614517101461065
2574,41000518,i,9,-1.1051976716636642,0.30339426174647066,0.4894481744746927,13.902102695202332,-1.1051976716636642
2575,41000518,r,7,-0.4895817473047132,0.11219107349604701,0.2317172087907554,4.691899983360703,-0.4895817473047132
2576,41088483,g,10,0.7141666896890523,0.058566515511560335,0.8092932838194995,2.2268531757732952,0.7141666896890523
2577,41088483,i,17,-0.42896799241021094,0.12147683260278858,0.42151646943407467,11.238598834952798,-0.42896799241021094
2578,41088483,r,18,-0.0051553228995065425,0.1478366177066471,0.3042493674812762,2.810224022153015,-0.0051553228995065425
2579,41153088,g,2,-0.3691627284626955,0.014177474243377564,0.014177474243377564,0.5688864953353818,-0.3691627284626955
2580,41153088,i,8,-1.6846513409685384,0.14158928010561367,0.30683512235190413,75.00273320443358,-1.6846513409685384
2581,41153088,r,7,-1.6447493870380516,0.10579657787018237,0.5554628582558132,26.66998685420197,-1.6447493870380516
2582,41165535,i,5,-0.5182193999357121,0.12799526813124412,0.26000936616337433,9.572728746931176,-0.5182193999357121
2583,41165535,r,5,-0.6762475592158561,0.023711532543029268,0.03898977394661618,7.966652314006366,-0.6762475592158561
2584,41187523,g,7,0.816639595905003,0.18836440544043787,0.6143159910172715,1.9639264295161654,0.816639595905003
2585,41187523,i,12,-0.730088779262125,0.15141598047841526,0.3277203037611446,32.21038065821704,-0.730088779262125
2586,41187523,r,13,-0.6072950372558623,0.17574939298182923,0.35556476430519224,12.2924993448741,-0.6072950372558623
2587,41197408,g,3,-0.05425595667497751,0.10679391874187738,0.17797621294370097,0.2655418838567623,-0.05425595667497751
2588,41197408,i,3,-0.21408193525266017,0.01627170270501982,0.22573692911148907,1.264103748505286,-0.21408193525266017
2589,41197408,r,6,-0.3984042645505109,0.12780058793770452,0.20206198966252226,2.7881762790685367,-0.3984042645505109
2590,41247158,i,4,-0.019617915785259538,0.029528105701586996,0.08815217601941375,0.3685745265359255,-0.019617915785259538
2591,41247158,r,6,-0.16406422299200196,0.1272806044487048,0.24727472125291353,1.6341817883114038,-0.16406422299200196
2592,41247158,u,2,0.14606636062632605,0.1290037622172472,0.1290037622172472,0.11074450027461837,0.14606636062632605
2593,4133553,g,2,-0.5095208829391855,0.012972295067381123,0.012972295067381068,0.7724087677231649,-0.5095208829391855
2594,4133553,i,5,-1.6270934316425352,0.08970628080665577,0.16858883866281915,85.8516049034865,-1.6270934316425352
2595,4133553,r,5,-1.1013135250467265,0.1116040024239453,0.2826895261620228,18.44339779466371,-1.1013135250467265
2596,41358792,i,7,-0.4003230855209861,0.1493126751959179,0.22079619770320413,5.221490455676822,-0.4003230855209861
2597,41358792,r,6,-0.37410525936274275,0.08052252210859218,0.1381625588547558,3.7138883467343575,-0.37410525936274275
2598,41361845,g,3,-0.11061496968344708,0.08638709747575202,0.192646208423701,0.38440244825132647,-0.11061496968344708
2599,41361845,i,7,-0.8584710719380984,0.0553028348230582,0.10646855677428002,22.894755368210927,-0.8584710719380984
2600,41361845,r,5,-0.3250349640729493,0.18957194045209297,0.33950442783556223,5.3936420957315905,-0.3250349640729493
2601,41372720,g,3,-0.32091585490623104,0.04065390285770604,0.050832741066850984,0.48303334800991143,-0.32091585490623104
2602,41372720,i,5,-0.5953178499708934,0.20137991499639984,0.3482048232871494,11.197813432065669,-0.5953178499708934
2603,41372720,r,8,-0.6210147448800671,0.291133013309789,0.5361772990426386,9.32357380124668,-0.6210147448800671
2604,41502990,g,4,-0.3751423197963023,0.008213482881209433,0.035976636473600776,1.2746237642816287,-0.3751423197963023
2605,41502990,i,3,-0.12068958080712486,0.008557139790480034,0.07474101565066336,1.1447147643125675,-0.12068958080712486
2606,41502990,r,4,-0.41298297182757837,0.05234378012883259,0.10694305644588026,5.9591721276825105,-0.41298297182757837
2607,41505363,g,2,0.30180281324566205,0.026027721482813737,0.026027721482813737,0.32865002000144683,0.30180281324566205
2608,41505363,i,8,-0.7903021579354966,0.11279610344476687,0.2559255197950122,10.605546960933419,-0.7903021579354966
2609,41505363,r,7,-0.5013416865386231,0.03469646498589085,0.0758076010820431,1.9729833625977409,-0.5013416865386231
2610,41515097,g,5,-0.1526889341048887,0.0881673559884052,0.15589219638140595,0.4595379725336491,-0.1526889341048887
2611,41515097,i,5,-0.20539902125864884,0.04345699236610656,0.07048226385407269,1.7482111076712,-0.20539902125864884
2612,41515097,r,6,-0.32676425260674,0.0745829259483913,0.12880136970375372,1.8689199022868204,-0.32676425260674
2613,41550196,g,5,-0.18533498521751413,0.12753008472889027,0.19958008814541395,0.2914894398277704,-0.18533498521751413
2614,41550196,i,10,-1.0154866666486644,0.04678286164777795,0.08298220068072992,34.49214414739774,-1.0154866666486644
2615,41550196,r,10,-0.9481011619534249,0.09919640789833517,0.16549384827516456,13.050611206706762,-0.9481011619534249
2616,4159195,g,3,-0.17348565934819382,0.005602011669552653,0.028829260389012568,0.30293284579548274,-0.17348565934819382
2617,4159195,i,6,-0.07628464235858162,0.05929893569308371,0.09961766104122902,2.6734793907661687,-0.07628464235858162
2618,4159195,r,4,-0.3226401262797236,0.02001116705785816,0.039396957104470665,5.0436282038617435,-0.3226401262797236
2619,41677406,g,4,-0.21315270341964804,0.12330778682634291,0.24142686556987317,0.615623466298867,-0.21315270341964804
2620,41677406,i,12,-1.347713445243252,0.07806186989819819,0.2006328774949817,48.220432508059446,-1.347713445243252
2621,41677406,r,16,-1.1077671532469702,0.06843078841829042,0.15952581240242114,23.0289624822486,-1.1077671532469702
2622,41693777,g,4,-0.17931505241448825,0.050904823749231304,0.15966341039737364,0.47201538106666774,-0.17931505241448825
2623,41693777,i,6,0.03522494690966227,0.08634471119364244,0.13385480989863632,1.1764693364651533,0.03522494690966227
2624,41693777,r,3,-0.01657599079680855,0.16371717846258887,0.30980524377586194,0.8394011659398636,-0.01657599079680855
2625,41767220,i,6,-0.16639539783036197,0.08246888320873866,0.14384714812561383,0.5243481856405215,-0.16639539783036197
2626,41767220,r,4,0.10903233870856044,0.04233395194723927,0.10951178408142642,0.11875116391832935,0.10903233870856044
2627,41776494,i,7,-0.4556173646026313,0.08205280131449538,0.2044207128473272,7.055599236723464,-0.4556173646026313
2628,41776494,r,4,-0.15649522959942552,0.3732594567211025,0.7647995236859066,3.3950423902600555,-0.15649522959942552
2629,41841609,g,7,-0.23791824359894176,0.07874808993924304,0.10900782439852802,0.8864124279067435,-0.23791824359894176
2630,41841609,i,7,-0.3334475251869756,0.21236816855787322,0.3470356195227434,3.8532018179613443,-0.3334475251869756
2631,41841609,r,7,-0.3363924289128789,0.1277177784897498,0.3359402291244459,5.553686835035246,-0.3363924289128789
2632,41863158,g,3,-0.07662957767135936,0.2326942110269219,0.24449669547472253,0.5492680383553047,-0.07662957767135936
2633,41863158,i,5,-0.09781373368035906,0.3301670110351446,0.5724044002083203,2.3420446528739833,-0.09781373368035906
2634,41863158,r,5,-0.14362684343877685,0.21013451629877794,0.4304131057228543,1.240915311066915,-0.14362684343877685
2635,41882334,g,3,0.729362866607734,0.07553060937996603,0.10379696840093211,2.338589334537209,0.729362866607734
2636,41882334,i,9,0.4233581777997065,0.040944586083132783,0.7690822677834335,2.6603689256223713,0.4233581777997065
2637,41882334,r,6,0.4347468250890655,0.170825125263683,0.35190250427670033,1.4380804250342394,0.4347468250890655
2638,41901338,g,5,-0.2130724990271622,0.08144561612997414,0.2857144648882538,0.47572680686832136,-0.2130724990271622
2639,41901338,i,12,-0.27330983066260156,0.14880254640213275,0.41146336365712904,2.046911891090977,-0.27330983066260156
2640,41901338,r,9,-0.3183833645942925,0.06603003140701891,0.17785228989366514,1.9983453629508843,-0.3183833645942925
2641,41915651,i,7,0.30163022172722775,0.17914571340940633,0.28358224904957635,1.883585104161798,0.30163022172722775
2642,41915651,r,6,0.43083280801044344,0.07793097394975534,0.11959549359583321,4.624202775092034,0.43083280801044344
2643,41991754,i,7,-1.5212494677050479,0.25095613409038986,0.6633025831378376,72.04232549584137,-1.5212494677050479
2644,41991754,r,5,-1.5276066111382036,0.24101783732470228,0.6517687766868965,28.60302024903719,-1.5276066111382036
2645,41994950,g,3,0.24258489195665778,0.007409154443263066,0.06713382980638372,0.7858141296278315,0.24258489195665778
2646,41994950,i,9,-0.35895789862921235,0.08434036691607422,0.16200231498320317,10.08550147610537,-0.35895789862921235
2647,41994950,r,6,-0.25906646415238205,0.19003031990733837,0.4001595749612321,1.5768122473996564,-0.25906646415238205
2648,42029176,i,3,-1.4597453386910662,0.04251033617539024,0.09472005550776896,23.731020123834252,-1.4597453386910662
2649,42029176,r,8,-1.5751941623136922,0.09446581933332965,0.12748379259484466,16.968794431059322,-1.5751941623136922
2650,42050330,i,6,-0.9774948248187152,0.08235131045550059,0.130863257678407,23.86578984049719,-0.9774948248187152
2651,42050330,r,5,-0.8377105999660777,0.040041903372610155,0.07368773652452709,22.316207859300995,-0.8377105999660777
2652,42147911,g,2,0.08728727173284645,0.021387248061013442,0.021387248061013442,0.04325345754660894,0.08728727173284645
2653,42147911,i,4,-0.8560601774487611,0.1449955872409297,0.2937550972515932,32.888795837540286,-0.8560601774487611
2654,42147911,r,6,-0.6208858742770427,0.16764852875934452,0.29166914867799376,9.259575134991852,-0.6208858742770427
2655,42163930,i,10,-0.6089823647771513,0.06792833160936784,0.12263439070528659,9.85821591427774,-0.6089823647771513
2656,42163930,r,7,-0.5719925332065521,0.10135125343634321,0.19118756701649142,3.9435112961553593,-0.5719925332065521
2657,42234852,g,2,-0.31204163057070594,0.012371526441545544,0.012371526441545488,0.7714062763700578,-0.31204163057070594
2658,42234852,i,8,-0.20501014332668605,0.10813984264966209,0.1778423474970227,2.3462405998491804,-0.20501014332668605
2659,42234852,r,9,-0.46860119031819064,0.009516871898935575,0.016724899978413033,4.670752160919245,-0.46860119031819064
2660,42242980,i,10,-0.6810540672320622,0.057978593244824295,0.2503376913309384,15.65439239712597,-0.6810540672320622
2661,42242980,r,10,-0.2980509890044969,0.3302509110228439,0.6043864897620709,7.298622472222097,-0.2980509890044969
2662,42306744,g,4,-0.37010119876482284,0.03902046438595225,0.0747821685484853,1.4863131173173338,-0.37010119876482284
2663,42306744,i,12,-0.5057553418470946,0.08383154808977736,0.1641193432510321,7.20961403594449,-0.5057553418470946
2664,42306744,r,6,-0.7049554153813744,0.01932706714898319,0.04316185416803919,20.064429598658375,-0.7049554153813744
2665,42316400,g,4,0.04493271233365034,0.09813516556316684,0.2044785234923861,0.2727917391016027,0.04493271233365034
2666,42316400,i,10,-0.7555311047229809,0.06926670375175015,0.35392944360909195,19.109208345738786,-0.7555311047229809
2667,42316400,r,10,-0.4551265897137894,0.0520543900969635,0.08881837455535324,5.7666327270143025,-0.4551265897137894
2668,4238707,g,2,-0.4317475571905174,0.04218060355228437,0.04218060355228437,1.4609027542634707,-0.4317475571905174
2669,4238707,i,7,-0.6212027184721161,0.19063823361692,0.2752227380258787,11.13172030382769,-0.6212027184721161
2670,4238707,r,9,-0.7487221862959763,0.052560162888146356,0.05954284816577904,11.21669696811228,-0.7487221862959763
2671,42390367,i,4,-0.3047380372400203,0.22904558402010783,0.48039469085868675,12.101165974324212,-0.3047380372400203
2672,42390367,r,8,-0.5584439108948027,0.05876356541131711,0.5190825807944356,7.251849150775374,-0.5584439108948027
2673,42430748,g,6,-0.30146409271351826,0.14149442671939325,0.3773689800480646,1.191459533531653,-0.30146409271351826
2674,42430748,i,6,-0.7947769349367902,0.016404701595886195,0.02724185646251276,20.253759886074498,-0.7947769349367902
2675,42430748,r,10,-0.8008676258906229,0.08828784357299452,0.16018470193461243,23.300237151131363,-0.8008676258906229
2676,42441683,g,2,0.04212910192864111,0.01739275321321615,0.01739275321321615,0.007749726704056921,0.04212910192864111
2677,42441683,i,7,-1.1929070390527705,0.22360311396807164,0.4385684611532563,35.75517338706103,-1.1929070390527705
2678,42441683,r,6,-0.8926201801679298,0.3776469781922387,0.8508894521799518,10.316751634110615,-0.8926201801679298
2679,4250104,g,3,0.35867743659702445,0.06505609923961708,0.13834459343127986,0.9296116485449962,0.35867743659702445
2680,4250104,i,12,-0.7393101225524643,0.08984629701955527,0.21631723736357833,7.957902408588287,-0.7393101225524643
2681,4250104,r,11,-0.27132819126248053,0.08206384723771931,0.147617750063608,2.9631070438563625,-0.27132819126248053
2682,42509232,i,12,-0.9162855513786705,0.24636334910482782,0.5447901819126267,13.063140270261421,-0.9162855513786705
2683,42509232,r,8,-0.5810956572385562,0.33777603769569287,0.6696080995170408,4.044470539885756,-0.5810956572385562
2684,42514044,g,3,0.16513038907640798,0.04678094315771919,0.06680540606342139,0.19628853760301412,0.16513038907640798
2685,42514044,i,5,-0.32829644158534316,0.04642077220213697,0.08804515247728162,5.057094026437204,-0.32829644158534316
2686,42514044,r,6,-0.2811979362658982,0.09657568973354813,0.4226378922630657,1.830267061475625,-0.2811979362658982
2687,42552863,g,7,-0.2691868333671458,0.054421741208109276,0.11954694213650022,0.4903159309258579,-0.2691868333671458
2688,42552863,i,3,-0.5301028316321273,0.0862164579407213,0.1651639122876553,6.258599622701587,-0.5301028316321273
2689,42552863,r,9,-0.8273380421673477,0.10094806578025284,0.18209658437186138,13.07206516804743,-0.8273380421673477
2690,42556197,g,3,-0.3082321290233039,0.07820291402999502,0.6783780216418489,1.9561567187852351,-0.3082321290233039
2691,42556197,i,9,-0.6849454342084039,0.07152692962308593,0.7702083783577096,15.424998098091736,-0.6849454342084039
2692,42556197,r,10,-0.5472852645079811,0.2841487270816158,0.5436579946392338,8.74308279400577,-0.5472852645079811
2693,42587253,i,8,-0.32625114137269223,0.12512350531924016,0.24307593504345035,5.33328995434227,-0.32625114137269223
2694,42587253,r,4,0.04770843638504407,0.022164501514148338,0.13339584192845597,3.1232688916289555,0.04770843638504407
2695,42648505,g,3,-0.21437254167478026,0.011512200073111156,0.03522573204000623,0.6465522159814115,-0.21437254167478026
2696,42648505,i,4,0.16678986416193925,0.08602459321460648,0.13182180614243905,0.6068373307101909,0.16678986416193925
2697,42648505,r,4,0.32698474458057314,0.21169502475016672,0.41248804387089044,1.231383408951988,0.32698474458057314
2698,42672900,g,2,0.0003314233975300618,0.15736381897457002,0.15736381897457002,0.14868802193935593,0.0003314233975300618
2699,42672900,i,6,-0.8858753938057222,0.1847365879956262,0.5858697144492129,30.148872100457663,-0.8858753938057222
2700,42672900,r,4,-0.7739874044445221,0.10662910378493545,0.20018380208086728,11.665343290494528,-0.7739874044445221
2701,42675414,g,6,-0.23124566022057383,0.20201412989302714,0.35655471134779204,0.3378281352088682,-0.23124566022057383
2702,42675414,i,10,-1.0753866184987506,0.07767272425512639,0.29769329807444644,21.18453991273169,-1.0753866184987506
2703,42675414,r,10,-0.9918452053669066,0.1580059533482343,0.41976074846058586,17.502758569076477,-0.9918452053669066
2704,42704239,i,9,-0.2573432382984301,0.09706718439438866,0.10332300607520706,3.934051038915175,-0.2573432382984301
2705,42704239,r,9,0.08303649070753116,0.09149541839156128,0.18050501231521487,3.3182307468518886,0.08303649070753116
2706,42743732,g,2,0.21578854400717964,0.38804908613089895,0.3880490861308989,0.4442464158941064,0.21578854400717964
2707,42743732,i,5,-0.6984321408195142,0.03299604482926788,0.1306863902767631,12.692217469881559,-0.6984321408195142
2708,42743732,r,6,-0.5127507988847464,0.10082510058220373,0.16721896607630204,4.714760223406609,-0.5127507988847464
2709,42773818,g,5,-0.5888702618599401,0.031661966226537386,0.03312087138994457,1.2073927990132862,-0.5888702618599401
2710,42773818,i,6,-1.3933345119938825,0.1610215396109128,0.2497570053080067,48.50559709649818,-1.3933345119938825
2711,42773818,r,6,-1.5608974210403441,0.07256795419458528,0.11202475588412364,40.694894270336995,-1.5608974210403441
2712,4277777,g,6,-0.2973734629685437,0.07476024725961963,0.12074327052515693,1.4503179889452138,-0.2973734629685437
2713,4277777,i,12,-0.770662435352991,0.07296515019824668,0.12858081510969277,25.396116060994373,-0.770662435352991
2714,4277777,r,13,-0.6417680881353472,0.16356595646189942,0.37824401868805,15.19772127819283,-0.6417680881353472
2715,4277777,u,5,0.2372579058346942,0.3232259930605239,0.5398428976193121,0.31655354446951095,0.2372579058346942
2716,42779457,i,8,-0.2097630671407295,0.30006566671592144,0.4569610539883635,7.340871739131618,-0.2097630671407295
2717,42779457,r,10,0.18156041033780762,0.28221150404898726,0.6307260769919552,1.5069541866882514,0.18156041033780762
2718,42780756,g,2,-0.30270127419377385,0.0664647056360676,0.06646470563606754,0.6412025385067273,-0.30270127419377385
2719,42780756,i,12,-0.764771946052084,0.07945401207044278,0.14566908644534027,13.152374654596956,-0.764771946052084
2720,42780756,r,5,-0.5777393564740482,0.32658313217750734,0.6720248383295012,9.81965465635217,-0.5777393564740482
2721,42808158,i,12,-1.168644384389892,0.1311755953471172,0.25906839744551413,25.512400618767767,-1.168644384389892
2722,42808158,r,4,-0.8258400487251236,0.10649560032160005,0.20427042968169162,4.025646419691189,-0.8258400487251236
2723,42869333,i,9,-0.13065630252992605,0.07087026631205509,0.11378830212430283,2.3785756548904002,-0.13065630252992605
2724,42869333,r,6,0.10044308503400784,0.0796538329632648,0.12258506248548162,0.18822772862431383,0.10044308503400784
2725,4287458,g,6,-0.2832451665070731,0.07446566346062466,0.13132443227214136,0.8049667969605693,-0.2832451665070731
2726,4287458,i,5,-1.2447009348070321,0.07549187039613692,0.11201116259024713,73.15385587348835,-1.2447009348070321
2727,4287458,r,5,-1.057876553317763,0.09665542842861763,0.13596059291167473,32.25816301296216,-1.057876553317763
2728,42894595,g,2,-0.27862410875136157,0.019418366681197313,0.019418366681197285,0.6644564107307426,-0.27862410875136157
2729,42894595,i,5,-0.7714442857605893,0.10457468569241246,0.7193760595254786,33.374445387659094,-0.7714442857605893
2730,42894595,r,6,-0.3393891185117377,0.24068264421416843,0.5053698892528323,6.645821726410272,-0.3393891185117377
2731,42924091,i,14,-0.5052904023321652,0.235703276470491,0.4103050431338749,8.351922171022393,-0.5052904023321652
2732,42924091,r,5,0.2837398318691622,0.16830264429881336,0.36010457156165243,0.28298003899023516,0.2837398318691622
2733,42931638,g,2,0.11745911365264325,0.42605288770110294,0.426052887701103,1.3747546290541863,0.11745911365264325
2734,42931638,i,8,-0.16603072633308774,0.10351880240932265,0.29754761784582684,7.4590046132872425,-0.16603072633308774
2735,42931638,r,9,-0.24492795805969303,0.028891245525323628,0.3488392832120629,7.883965979296883,-0.24492795805969303
2736,42931638,u,3,1.074365309428416,0.014784146820657096,0.09322881926351245,1.979397316989835,1.074365309428416
2737,42950296,i,10,-1.1991431451527583,0.1777212842979904,0.34858283748686536,55.081587833010744,-1.1991431451527583
2738,42950296,r,8,-0.7632306534620683,0.22357158721327292,0.46158914969865805,21.368581703477677,-0.7632306534620683
2739,42954635,i,5,-1.586802944729793,0.04815777130307297,0.243120326990804,113.52359616051731,-1.586802944729793
2740,42954635,r,9,-1.7031351991728094,0.0422849908190055,0.08283966325323888,51.26219067669688,-1.7031351991728094
2741,43006719,g,5,-0.4004848705586209,0.03826539646774568,0.6533159468236736,0.9118952355476987,-0.4004848705586209
2742,43006719,i,13,-1.1852002349294113,0.19206951067689193,0.28812990923389137,52.44214965360969,-1.1852002349294113
2743,43006719,r,15,-1.120839342377851,0.09143166010780135,0.25779667402281803,28.32033094864023,-1.120839342377851
2744,43065955,g,3,-0.2807571237103742,0.05432033314036622,0.1676414778418539,0.36657527118203254,-0.2807571237103742
2745,43065955,i,3,-1.3981224516502657,0.010045686842004908,0.14909923424277904,55.983330568017095,-1.3981224516502657
2746,43065955,r,6,-0.932130798269244,0.052161027258485426,0.3141570736941538,12.359579819137894,-0.932130798269244
2747,43281621,i,4,0.5872610548417373,0.3147512853600062,0.8223678814891082,11.570601573107808,0.5872610548417373
2748,43281621,r,5,-0.15308781045501774,0.0698917564594731,0.5489775797434203,1.9875622920995824,-0.15308781045501774
2749,43283575,i,10,-0.8989178169695982,0.11133597580773646,0.20186464245230185,29.884653819695775,-0.8989178169695982
2750,43283575,r,7,-0.55756564781775,0.21804192978869208,0.6917655898601958,6.189628407971361,-0.55756564781775
2751,43289124,g,6,0.9487206445188415,0.023195642528205163,0.09992682130087727,1.7862713503798975,0.9487206445188415
2752,43289124,i,12,-0.20225896319608205,0.21648104644734784,0.5504592597764252,5.60755047100984,-0.20225896319608205
2753,43289124,r,13,0.3429537836584797,0.07444864617252178,0.3585479351386983,0.4460941850426022,0.3429537836584797
2754,43348002,g,4,0.07850281773563222,0.09459374109060426,0.2231479495688856,0.3857938294511257,0.07850281773563222
2755,43348002,i,10,-0.4508511757638384,0.0740754811496116,0.14576522622382393,7.9830672837386345,-0.4508511757638384
2756,43348002,r,6,-0.45876922793902225,0.20330325497775353,0.389842703068544,5.811689538654899,-0.45876922793902225
2757,43457538,i,10,-0.6389588371660146,0.06724407202339922,0.12798744720168953,11.21022189807142,-0.6389588371660146
2758,43457538,r,8,-0.7375626092339063,0.14681763381159768,0.2827790744373,9.784000399613463,-0.7375626092339063
2759,43556572,g,5,-0.14315811451306293,0.08488373689963657,0.1350896118945838,0.1287263225000992,-0.14315811451306293
2760,43556572,i,4,-1.0034935814635013,0.13779084409946463,0.2071283144455237,17.81614353737457,-1.0034935814635013
2761,43556572,r,4,-0.7078879824660236,0.0611900624162971,0.1177157133139014,12.283482677689149,-0.7078879824660236
2762,4356595,i,8,-0.4058479591008616,0.1276093045735905,0.24692837889633013,13.264865533043753,-0.4058479591008616
2763,4356595,r,8,-0.5201302734663039,0.0831354060876478,0.6170853662378666,5.344450454652945,-0.5201302734663039
2764,43627834,i,7,-1.1593939576050432,0.0444833837184373,0.17718132507671736,45.939471363499976,-1.1593939576050432
2765,43627834,r,4,-0.9269916749406607,0.1910159301524168,0.4071439734203752,12.806530313220623,-0.9269916749406607
2766,43633398,g,4,-0.21752710018362847,0.007487150904584794,0.28396274157673246,0.9073883623342833,-0.21752710018362847
2767,43633398,i,7,-0.08125717312713518,0.047818285555733336,0.17047717795268846,1.5354911732040217,-0.08125717312713518
2768,43633398,r,7,0.10578368936700322,0.16483446716065053,0.3973641012788053,1.5606697383558465,0.10578368936700322
2769,43633398,u,2,0.7693583158126558,0.09793524646882923,0.09793524646882923,1.2152403823234985,0.7693583158126558
2770,43648689,g,3,-0.29786912240737995,0.18395173585039326,0.2504267604755871,0.4609368171503881,-0.29786912240737995
2771,43648689,i,3,-0.6549801164462331,0.13539364620379846,0.2713354673345463,9.999542158810968,-0.6549801164462331
2772,43648689,r,5,-0.8080227072091887,0.05099878077746889,0.0768580559428983,7.729987390489095,-0.8080227072091887
2773,43651942,i,3,-1.1973191413632502,0.1008904514419604,0.1231396589483722,31.277652236175356,-1.1973191413632502
2774,43651942,r,8,-1.4742403303676845,0.13612982098295145,0.26299132011679816,44.79491734635319,-1.4742403303676845
2775,4369239,i,5,-1.24790819958113,0.1311993098259312,0.4062186510452517,35.034067945801304,-1.24790819958113
2776,4369239,r,9,-1.1949479243810406,0.0798551335133948,0.10560585633831132,21.056116499750107,-1.1949479243810406
2777,43693395,g,3,0.5549388765538552,0.02179981918837015,0.06485536439796624,1.7765447410305573,0.5549388765538552
2778,43693395,i,6,-0.13518722151702706,0.20751197422081685,0.6001006158339979,11.118227307419813,-0.13518722151702706
2779,43693395,r,6,-0.3999216942073753,0.18688126632573504,0.5493476073976044,2.218224422038599,-0.3999216942073753
2780,43744018,i,15,-1.8781553472326664,0.19132334198265633,0.3053304091356357,84.88760128247549,-1.8781553472326664
2781,43744018,r,11,-1.4069335886534966,0.11863371678625168,0.22465401287257758,31.318364893383066,-1.4069335886534966
2782,43769120,i,10,-1.8028782622705326,0.08226733906114192,0.143475226860327,91.55099604322879,-1.8028782622705326
2783,43769120,r,6,-1.5132254242724352,0.057626665586376635,0.09678007670531463,30.520535436207087,-1.5132254242724352
2784,43786290,i,9,-0.8041946786942833,0.10860362132900725,0.20333996879722427,9.160963533146962,-0.8041946786942833
2785,43786290,r,6,-0.5245123147370665,0.10620825023276365,0.16363324453393624,2.586436890182379,-0.5245123147370665
2786,43788215,i,7,-0.38821711131927433,0.011576598388000015,0.10306525861246946,3.1409570591303395,-0.38821711131927433
2787,43788215,r,5,-0.3665402139495905,0.010917266253313518,0.18633978918726268,2.2822340393488174,-0.3665402139495905
2788,43852744,i,5,-1.3907761864286294,0.09807464110142505,0.38729045650451344,50.86503776984017,-1.3907761864286294
2789,43852744,r,6,-1.1040789944420422,0.06072398855613104,0.10935661380544692,17.114442986156913,-1.1040789944420422
2790,43900262,i,6,-0.3116375657601429,0.080597213894573,0.1329949573735201,4.069189785634854,-0.3116375657601429
2791,43900262,r,4,-0.09218492000528439,0.013307073602431552,0.09075462444414414,2.437597554760584,-0.09218492000528439
2792,43902659,i,5,-1.6605836486932943,0.12916099081516186,0.19707789860970015,58.46591792141472,-1.6605836486932943
2793,43902659,r,6,-1.434618851410674,0.061720063378455925,0.11281287941753826,26.45233594263692,-1.434618851410674
2794,43952942,i,8,-0.6268105949079763,0.0844583684895509,0.1868793470782204,20.802910946135395,-0.6268105949079763
2795,43952942,r,7,-0.4598490140162197,0.010631603971702763,0.37392165313357245,3.8773576312032714,-0.4598490140162197
2796,43953719,g,3,-0.40192350807464533,0.033051190752959425,0.04895996822709958,1.359957089415331,-0.40192350807464533
2797,43953719,i,8,-0.8019669076949276,0.09111323674857252,0.395361489232454,15.644101069873763,-0.8019669076949276
2798,43953719,r,5,-0.6762520475677413,0.11909545041018266,0.3240104951395917,10.618729731526521,-0.6762520475677413
2799,44032785,i,8,-0.9178134340488908,0.19716294035673143,0.41383201124963565,9.135514332849297,-0.9178134340488908
2800,44032785,r,3,-0.616969166178123,0.1090684909768238,0.14952827954506154,2.091742676633995,-0.616969166178123
2801,44126303,g,3,0.8547756438582584,0.07678023772967468,0.0984978342080256,6.265634375527554,0.8547756438582584
2802,44126303,i,13,0.07425430611024042,0.14146287693984816,0.2607194893194762,0.5445468402229066,0.07425430611024042
2803,44126303,r,14,0.2948129072482504,0.1049612472699869,0.19837691533844137,2.2817234332668144,0.2948129072482504
2804,441367,g,5,-0.12821774851404005,0.040371976314482694,0.30689617874905595,0.3285466772297906,-0.12821774851404005
2805,441367,i,8,-1.0123361577614127,0.0777755387183598,0.15344394047100895,26.550541873037886,-1.0123361577614127
2806,441367,r,8,-0.8011168358260989,0.2313317549387381,0.4311624312586608,16.03512424643132,-0.8011168358260989
2807,44183314,g,2,0.2907034632719434,0.014953716248979232,0.014953716248979232,0.23679127507000336,0.2907034632719434
2808,44183314,i,4,-0.2937371458596815,0.036581405544321655,0.05540789742547059,3.2368052572371457,-0.2937371458596815
2809,44183314,r,6,-0.22094338013575865,0.0679496763128456,0.1160481108176809,1.393727577727871,-0.22094338013575865
2810,44189500,i,7,-0.13726435334267895,0.29662432940524475,0.6361134257670853,10.633978596590525,-0.13726435334267895
2811,44189500,r,6,0.15813302837723764,0.11469436454441084,0.6974970053831978,4.908509310914494,0.15813302837723764
2812,44283745,g,4,-0.20626214050634667,0.01464704652438431,0.029957913600697744,0.22973413421545522,-0.20626214050634667
2813,44283745,i,9,-1.3018041889123089,0.09267795872294027,0.298765314829307,48.555245008406786,-1.3018041889123089
2814,44283745,r,9,-1.1429590501005298,0.05694801667192251,0.10523908390146386,22.856425704856747,-1.1429590501005298
2815,44314286,i,7,-0.8233829882578569,0.10824622539561357,0.1960796520153436,14.255970972144839,-0.8233829882578569
2816,44314286,r,5,-0.6966560091968099,0.11971875637994978,0.15924716562990626,10.01613382156013,-0.6966560091968099
2817,44319081,g,3,0.12453976219440777,0.02144431593404983,0.26654461092676063,0.41251107147735344,0.12453976219440777
2818,44319081,i,7,-1.1840115584909345,0.05274904632855271,0.13154096481369248,77.80947990631003,-1.1840115584909345
2819,44319081,r,7,-0.6771790864381351,0.31512967567104866,0.34214557857848177,8.167348374818818,-0.6771790864381351
2820,4443184,i,7,-0.2539322629546514,0.09633505351933885,0.3133273368791035,2.971569431390171,-0.2539322629546514
2821,4443184,r,8,0.14739709361640108,0.28957526336026834,0.5888713906375123,4.139458729857519,0.14739709361640108
2822,44497065,g,2,0.3221770359053404,0.3045296588066786,0.3045296588066786,0.4725806922598981,0.3221770359053404
2823,44497065,i,6,-0.03930212306245112,0.12830002559758197,0.2101234923028688,1.056917688248837,-0.03930212306245112
2824,44497065,r,7,-0.08053287223960937,0.2532838682871815,0.497275491342379,2.082969874247788,-0.08053287223960937
2825,44497065,u,2,0.24736069983806752,0.004720962376911553,0.004720962376911553,0.19874106698369254,0.24736069983806752
2826,44530887,g,5,-0.4666367308789776,0.11726501704176684,0.1603348347113609,0.9427827976534842,-0.4666367308789776
2827,44530887,i,4,-1.2018798189876614,0.17333158324194187,0.32188766430550797,47.59835992690708,-1.2018798189876614
2828,44530887,r,4,-1.3660496413482632,0.12706511159689704,0.370675507484417,36.57372883335164,-1.3660496413482632
2829,44599002,g,3,-0.2788976454396791,0.0924969480499449,0.3131340088857614,0.8462544940069426,-0.2788976454396791
2830,44599002,i,3,-0.312038765856557,0.057818221293788385,0.07548193536811215,4.527825575287118,-0.312038765856557
2831,44599002,r,6,-0.21199811334656843,0.24261402529592827,0.41634486978574425,2.625014431549804,-0.21199811334656843
2832,4465319,i,10,-0.6941096842802672,0.16682444234664362,0.47184731977793976,21.930687144344766,-0.6941096842802672
2833,4465319,r,7,-0.716311017314597,0.06534860474385407,0.5944614774795939,8.855646849293331,-0.716311017314597
2834,44671676,i,9,-1.7863931888996776,0.2764399375360256,0.3295644152089716,45.83480703471281,-1.7863931888996776
2835,44671676,r,3,-1.425552095878464,0.04045618206115331,0.1249415279943551,49.051668035450916,-1.425552095878464
2836,44705612,g,3,-0.42401846721652864,0.011660999771858749,0.030710375488118724,0.7702862226703964,-0.42401846721652864
2837,44705612,i,12,-1.0719009733683407,0.33101293143604116,0.6975887517783492,53.6913103771638,-1.0719009733683407
2838,44705612,r,14,-1.2124266190727049,0.23936752692253482,1.0827462059945612,24.303549023102683,-1.2124266190727049
2839,44735311,g,2,0.08309243199335009,0.2567475720429829,0.2567475720429829,0.37192416004876777,0.08309243199335009
2840,44735311,i,6,-1.004435769335502,0.14235176005230532,0.30908953062071476,39.35430900167352,-1.004435769335502
2841,44735311,r,3,-0.5932144177900046,0.07376321587532575,0.19962701474615563,5.87570810441272,-0.5932144177900046
2842,44749057,i,6,-1.0271774842311006,0.06426703847088977,0.123619790290452,34.76820873990692,-1.0271774842311006
2843,44749057,r,7,-0.4618592126335128,0.09248130381361297,0.13247891600455686,3.0100558015318684,-0.4618592126335128
2844,44796197,g,4,0.047468842777875164,0.11285382344557732,0.21299657497087088,0.3564136321466016,0.047468842777875164
2845,44796197,i,7,-0.5711245150464198,0.0738399130738886,0.13300554491501204,15.007220007433038,-0.5711245150464198
2846,44796197,r,9,-0.30727102762404235,0.37836365550545015,0.6780823235274969,7.6792778851402534,-0.30727102762404235
2847,44818424,i,8,-1.7836198800232417,0.09450880004022899,0.1578815462181571,70.37720635007263,-1.7836198800232417
2848,44818424,r,5,-1.5074940504311933,0.018815316331821652,0.028645522943389956,39.56447870983696,-1.5074940504311933
2849,44832078,g,2,-0.23206428788984923,0.19040582891787206,0.19040582891787206,0.2729255694911305,-0.23206428788984923
2850,44832078,i,12,-1.6621656774268732,0.1382378256891198,0.2829451402625893,54.118088415452995,-1.6621656774268732
2851,44832078,r,12,-1.577928368752496,0.1718409710592338,0.5499539370577609,30.74808111637363,-1.577928368752496
2852,44835073,g,6,0.17088905320938763,0.5484944948194803,1.097184450474936,1.5996270668669783,0.17088905320938763
2853,44835073,i,8,-0.2446494204888162,0.2624279629222239,0.446270705632024,6.520949237755686,-0.2446494204888162
2854,44835073,r,11,-0.30018700737002924,0.1326405840033883,0.17069056251684467,3.0906946848048693,-0.30018700737002924
2855,44835073,u,2,-0.017770647655930394,0.06806440344635722,0.06806440344635722,0.009999646958659222,-0.017770647655930394
2856,44841117,g,3,-0.3454279572831479,0.016370716328826806,0.08679692399492189,0.5732105124699056,-0.3454279572831479
2857,44841117,i,6,-1.5441956066722917,0.08950188006701298,0.2950834647107923,108.80497915079032,-1.5441956066722917
2858,44841117,r,10,-1.068981527847043,0.11610859158275122,0.26664666468269294,27.802323394475213,-1.068981527847043
2859,44859045,i,7,-0.6855293468290804,0.10689932382172318,0.15698949957451513,20.709854421217894,-0.6855293468290804
2860,44859045,r,6,-0.5690711093438305,0.05224348085986619,0.09489815001613633,7.052454949630611,-0.5690711093438305
2861,44907928,g,4,-0.2123017921838064,0.10789962132693953,0.26943297604235483,0.49655600624941515,-0.2123017921838064
2862,44907928,i,4,-0.1850488914401256,0.2381725663430024,0.3016984171969421,8.449072771123435,-0.1850488914401256
2863,44907928,r,7,-0.40367538434648026,0.27261575879488414,0.46789233897379817,4.618364710193254,-0.40367538434648026
2864,44907928,u,2,0.10810338207768516,0.1361751332365591,0.1361751332365591,0.04630255411814895,0.10810338207768516
2865,44962006,i,9,-0.7422471147282669,0.23033972677941517,0.39813738568869494,25.568320014061754,-0.7422471147282669
2866,44962006,r,11,-0.8808732850693577,0.04294707544109011,0.4202806220697711,12.112480502976199,-0.8808732850693577
2867,45009852,i,5,-1.2390475793575213,0.1307157180086329,0.23584076673116505,29.01625332889044,-1.2390475793575213
2868,45009852,r,5,-1.2481140118721712,0.032163518945379055,0.04020893786932489,22.486391358612273,-1.2481140118721712
2869,45035431,i,7,-1.3728994159828467,0.09067709097608256,0.18753326131521408,67.64295712004659,-1.3728994159828467
2870,45035431,r,6,-1.3310620665775001,0.13702259183661636,0.29549879403513946,18.65208547079669,-1.3310620665775001
2871,45042059,g,2,0.8034147650778347,0.2838367977606089,0.2838367977606089,6.4209580056342315,0.8034147650778347
2872,45042059,i,5,0.21283162260610244,0.3391721011264074,0.47821482001304827,3.291035755740249,0.21283162260610244
2873,45042059,r,4,-0.43744072094907815,0.028395251919866887,0.18683352650176677,4.400308776115683,-0.43744072094907815
2874,45105264,g,3,-0.5661783116959265,0.03027638094718421,0.04060091074695826,1.2250706571685945,-0.5661783116959265
2875,45105264,i,7,-1.7730849872941974,0.13396207844449215,0.2076223742823271,62.73538052832125,-1.7730849872941974
2876,45105264,r,8,-1.308743089587252,0.16276881839555435,0.5574126875430565,31.69606459584261,-1.308743089587252
2877,45120742,g,2,-0.6297917158370576,0.14202733460803346,0.14202733460803352,1.5181947326467697,-0.6297917158370576
2878,45120742,i,9,-2.003502091687015,0.107615824519115,0.16798580746441805,68.60244591735797,-2.003502091687015
2879,45120742,r,4,-1.9226232351744543,0.03312354337207901,0.20958171621884736,44.403616246003494,-1.9226232351744543
2880,45134161,g,3,-0.021689373799031686,0.29662925464634093,0.32986475994028486,0.5055449569702793,-0.021689373799031686
2881,45134161,i,3,-0.6667844934682988,0.023596573106998586,0.03887873247600959,9.284072851969078,-0.6667844934682988
2882,45134161,r,5,-0.577071080447219,0.09459201714941279,0.1209420569674391,5.660573904619736,-0.577071080447219
2883,45139512,g,3,-0.3746768938189188,0.027418386198822975,0.2357864817821942,1.072733939127954,-0.3746768938189188
2884,45139512,i,14,-1.098776238947297,0.06740816269651484,0.2343718328739044,48.421652763829165,-1.098776238947297
2885,45139512,r,13,-1.0192511811015095,0.06407283509095629,0.14090504176278318,33.582303891994265,-1.0192511811015095
2886,45168533,g,4,0.1854201695266996,0.01727599305409444,0.10091221262546579,0.18456438197905095,0.1854201695266996
2887,45168533,i,3,-0.46401904075738154,0.010786886773072601,0.01142629075283591,7.920156896464917,-0.46401904075738154
2888,45168533,r,3,-0.4631767312541114,0.05903621849817664,0.06233742548480531,2.891721457608911,-0.4631767312541114
2889,45199266,g,3,0.030089636933331554,0.3737486166163785,0.4125977540332315,0.5745686330975585,0.030089636933331554
2890,45199266,i,4,-0.8142718945508792,0.04388438925775889,0.26894001897974107,8.794018272272133,-0.8142718945508792
2891,45199266,r,7,-0.4707449439473306,0.3158171775974771,0.5334884464804986,3.0246442941531613,-0.4707449439473306
2892,45235890,i,8,-1.1486862457216827,0.051801640515962366,0.12259862075590511,49.8147013953189,-1.1486862457216827
2893,45235890,r,9,-0.7438786383293303,0.2588904516731686,0.7104123402794551,14.982476599349058,-0.7438786383293303
2894,45241575,g,3,0.5246086380178252,0.11037624080195196,0.4318890053172855,0.7735511594474743,0.5246086380178252
2895,45241575,i,3,-0.16486363231413792,0.003948691422932082,0.09527080782573033,0.9081568491774297,-0.16486363231413792
2896,45241575,r,3,0.11241109234733848,0.023957311630810385,0.19681480770285315,1.804593359614844,0.11241109234733848
2897,45241575,u,2,2.4775498574832584,0.0989813560431756,0.0989813560431756,8.48560790452066,2.4775498574832584
2898,45259484,g,4,0.48878334104577026,0.07198252833957108,0.10303296921578659,0.9397881947552513,0.48878334104577026
2899,45259484,i,7,-1.2033970448236035,0.11764424077999203,0.2351132695860283,48.54586541317049,-1.2033970448236035
2900,45259484,r,8,-0.9254480726966232,0.1958897448005833,0.26770255840888835,18.457953229918136,-0.9254480726966232
2901,45291539,i,6,-1.0795881252141601,0.0725341059529323,0.11161008491007784,23.650695076118996,-1.0795881252141601
2902,45291539,r,6,-0.9361951820775413,0.0776854184940996,0.14172469460993997,20.289167925835624,-0.9361951820775413
2903,45300447,g,3,0.8087042553996424,0.005134145574307247,0.2835833975405896,1.3911567699383445,0.8087042553996424
2904,45300447,i,14,-0.1690448879230292,0.1839352312593069,0.38899961563057067,3.477342637248472,-0.1690448879230292
2905,45300447,r,12,0.03538992543439906,0.18236124853851093,0.3637314086764166,2.473762261674469,0.03538992543439906
2906,4533698,i,6,-2.6145778830175805,0.12658751536484392,0.21571129992635907,201.62655088256963,-2.6145778830175805
2907,4533698,r,6,-2.1394836668713144,0.08049560487069285,0.134471973332575,86.38901304862746,-2.1394836668713144
2908,45351435,g,4,0.4752453603781271,0.2081293792084829,0.34685412824367695,4.819975443899218,0.4752453603781271
2909,45351435,i,4,0.041502753256019057,0.22558323518991175,0.48689648535363983,1.3049857462777472,0.041502753256019057
2910,45351435,r,3,0.6212861491661863,0.03174099184189716,0.14892287532814713,5.885744791563514,0.6212861491661863
2911,45355410,g,3,0.7426223575454971,0.2726370417005852,0.5589673852983376,1.9221874942651855,0.7426223575454971
2912,45355410,i,13,0.11440824350486695,0.3559334190497682,0.7176287854954515,5.0519460396438705,0.11440824350486695
2913,45355410,r,8,0.36861097455381187,0.35556292586608573,0.6754412679668377,1.7687516238768248,0.36861097455381187
2914,4540703,g,4,0.20437084503398106,0.06172377567572768,0.07939420235938591,0.36542281827726775,0.20437084503398106
2915,4540703,i,5,-0.0503118174781258,0.14953554831611854,0.25948198587293736,1.5565165913578143,-0.0503118174781258
2916,4540703,r,7,0.1128337183625775,0.0874456511673925,0.4285998598031514,1.4459729295693713,0.1128337183625775
2917,45472798,g,2,0.03372129069628299,0.20878920344989388,0.20878920344989388,0.32654877511359043,0.03372129069628299
2918,45472798,i,8,-0.4026822501132279,0.2734369720117495,0.4516098846904672,8.310951569639945,-0.4026822501132279
2919,45472798,r,9,-0.5368554459334325,0.08413852534188249,0.2039864899739257,6.322325065791517,-0.5368554459334325
2920,45529605,g,5,-0.3280256922497645,0.026388858175585894,0.034975641515460176,1.245452927763666,-0.3280256922497645
2921,45529605,i,8,-0.5994839104185274,0.3132238042552742,0.5403567094308819,29.807338703638138,-0.5994839104185274
2922,45529605,r,11,-0.5740377549312659,0.22384709286828386,0.4193294008831117,13.816165443684184,-0.5740377549312659
2923,45533338,i,6,-1.8624995033053835,0.08528785880459944,0.1302068454840879,53.47607004694828,-1.8624995033053835
2924,45533338,r,5,-1.5516855447885123,0.11244601699608725,0.5648325351975465,35.88729823607794,-1.5516855447885123
2925,45538414,g,4,0.9024989631765561,0.42841455400567924,0.7859152973680483,6.8195076053194645,0.9024989631765561
2926,45538414,i,4,0.1614639366077905,0.01907754514441487,0.05718474067224778,0.31518426232445107,0.1614639366077905
2927,45538414,r,3,0.16424200898183114,0.07757073066654938,0.17497311901958107,1.0253218672473061,0.16424200898183114
2928,45540184,g,3,-0.2544506089769384,0.026061134480384995,0.5769753150310267,1.7966655048969749,-0.2544506089769384
2929,45540184,i,9,-0.07892182478636889,0.18208215946128303,0.3460303626765543,4.2086309537889335,-0.07892182478636889
2930,45540184,r,8,0.30282623725105456,0.48400844769669593,0.8297484509592967,9.45625418336791,0.30282623725105456
2931,45540910,i,5,-0.6663858223869408,0.06998637639635485,0.09295304285220596,19.076168453252357,-0.6663858223869408
2932,45540910,r,5,-0.750306440686833,0.014033438836442813,0.03186921244268481,11.079098388421789,-0.750306440686833
2933,45614794,i,4,-1.927796165159233,0.13835855458998103,0.3111091004793487,82.99424017941274,-1.927796165159233
2934,45614794,r,7,-1.1535841099790463,0.1617317701832357,0.22106887118859397,12.218489566583647,-1.1535841099790463
2935,45621092,i,8,-0.9690109065891777,0.10557803435541785,0.12793341120388824,22.90028767169732,-0.9690109065891777
2936,45621092,r,5,-0.8479509953303516,0.07910573136997512,0.11917331893546768,18.40807718596098,-0.8479509953303516
2937,45637455,g,3,-0.28454905834713506,0.03164088799201825,0.09300838215411453,0.5730579847934743,-0.28454905834713506
2938,45637455,i,7,-0.6079938195830731,0.09842233230491237,0.3441685022290999,13.673280398969423,-0.6079938195830731
2939,45637455,r,5,-0.7452570873863029,0.061627285681528976,0.08920712407399445,10.757100882250594,-0.7452570873863029
2940,45682234,g,2,-0.14038345310438768,0.1434855669080262,0.14348556690802622,0.5055358955188437,-0.14038345310438768
2941,45682234,i,7,-0.4126118769615026,0.022419600260308203,0.401910707680138,7.830989991900012,-0.4126118769615026
2942,45682234,r,5,-0.25004267091444843,0.1574798184843471,0.19920982218708191,4.18858476282277,-0.25004267091444843
2943,45684085,i,5,-0.6850641711581854,0.016244199188722885,0.026454065098207247,11.968689492372725,-0.6850641711581854
2944,45684085,r,7,-0.5859119543256502,0.07337727896408841,0.2005641404872241,9.471695177439903,-0.5859119543256502
2945,45725835,i,7,-0.7705244372495785,0.10082729343415353,0.13047118797919532,12.179645231515963,-0.7705244372495785
2946,45725835,r,8,-0.7499233498165878,0.07707994329282969,0.14320095438854596,12.008170295614423,-0.7499233498165878
2947,45745099,i,17,-1.1708063854487962,0.08577655468610534,0.14081515630370212,42.7781373662569,-1.1708063854487962
2948,45745099,r,11,-1.0235218384915634,0.21773498896614996,0.406931282058683,22.580655928317725,-1.0235218384915634
2949,45777883,g,4,0.2774486737169391,0.13436589312477587,0.26107846445673594,0.43949889464042047,0.2774486737169391
2950,45777883,i,12,-1.3137067509257492,0.1269296534200468,0.34907961645385455,37.32592564599238,-1.3137067509257492
2951,45777883,r,10,-0.9855278469799659,0.13746242644314727,0.25547079830928054,13.736847809568062,-0.9855278469799659
2952,45804046,g,4,-0.40423600660746767,0.08079485692528832,0.163294836162436,0.7008448751807332,-0.40423600660746767
2953,45804046,i,3,-0.9389171201148075,0.04579730926639358,0.12847716306161994,19.264667452683643,-0.9389171201148075
2954,45804046,r,4,-0.8168027700760352,0.062313915147541254,0.11640573177025904,9.569233741215466,-0.8168027700760352
2955,45879932,g,5,-0.32498202604796517,0.026667431080895088,0.04257908925860904,1.2935473990095487,-0.32498202604796517
2956,45879932,i,5,-0.1606250790418872,0.21599048811898838,0.2947446643598841,3.8369944282458213,-0.1606250790418872
2957,45879932,r,9,-0.2781837897606495,0.11079564961801475,0.25275987244526066,3.2478891794044475,-0.2781837897606495
2958,45879932,u,2,0.2360188818871204,0.07305821136155966,0.07305821136155966,0.1160941300022447,0.2360188818871204
2959,45881247,g,4,-0.26929317342953585,0.22271371375549448,0.4431213919239828,0.45348725207513885,-0.26929317342953585
2960,45881247,i,6,-1.0679265347775337,0.08871716423444476,0.13333371899822777,20.628726972941383,-1.0679265347775337
2961,45881247,r,8,-0.9551710991232755,0.18178251684776703,0.26479505627998223,11.129387263371054,-0.9551710991232755
2962,45893644,g,2,0.1483803872151147,0.0063089499402518845,0.0063089499402518845,0.1646002646354084,0.1483803872151147
2963,45893644,i,14,-0.5352423044384571,0.16700981090975392,0.4534616686499279,9.051735997609264,-0.5352423044384571
2964,45893644,r,9,-0.35660910583253275,0.047592589471658286,0.4432385211421652,2.3479544416495686,-0.35660910583253275
2965,45900535,i,10,-1.986226477193984,0.06135446007591816,0.16905587943021327,74.3875583783698,-1.986226477193984
2966,45900535,r,5,-1.8017888967343518,0.025665072471415362,0.05062892363066851,45.735613994237426,-1.8017888967343518
2967,45991917,g,5,-0.5491802910171071,0.18446501693798112,0.23794732044452405,1.089913361730456,-0.5491802910171071
2968,45991917,i,4,-1.6964122816720493,0.11239066154142163,0.20340276049176054,62.18519500344689,-1.6964122816720493
2969,45991917,r,5,-1.54585285442492,0.14514667468616915,0.21657084768408774,43.53720459658659,-1.54585285442492
2970,46035232,g,4,-0.24651315948480118,0.07487820664980177,0.11902872701945166,0.422108557781987,-0.24651315948480118
2971,46035232,i,5,-0.7207619410262728,0.11588079143076413,0.1286753359743532,15.93234917803088,-0.7207619410262728
2972,46035232,r,10,-0.6896114289658778,0.15588703991911412,0.33786440698343023,6.116839188745863,-0.6896114289658778
2973,46051690,g,2,-0.13238411485288212,0.1567269422400153,0.15672694224001532,0.4038985336902186,-0.13238411485288212
2974,46051690,i,5,-0.9662443325577876,0.1794915143742427,0.252546779851354,34.70970780028603,-0.9662443325577876
2975,46051690,r,6,-0.7297956482453137,0.11977499809647874,0.24451479539944265,10.989074722344354,-0.7297956482453137
2976,46215778,g,2,0.26244326278933106,0.5152656482814331,0.5152656482814331,1.5584890426483098,0.26244326278933106
2977,46215778,i,6,-0.45036766129539774,0.13295138200530865,0.2103031881473128,9.029898914003587,-0.45036766129539774
2978,46215778,r,7,-0.08442399948358731,0.23301398920890543,0.37313797744287514,1.8752206643737603,-0.08442399948358731
2979,46287701,g,3,0.21009631814329965,0.062075333568388014,0.11586273590781065,0.2207149550534099,0.21009631814329965
2980,46287701,i,8,-1.0840419716985008,0.06180844498418592,0.12587625916484368,52.81664762014616,-1.0840419716985008
2981,46287701,r,6,-0.9362768197981827,0.08380343179706329,0.14266179662478284,13.186549727226335,-0.9362768197981827
2982,46320993,g,2,0.5022641933098351,0.22879298506627865,0.22879298506627865,1.4625723297021809,0.5022641933098351
2983,46320993,i,12,-0.29149571449298994,0.14431340232954634,0.22173629927249433,4.498236069130852,-0.29149571449298994
2984,46320993,r,11,-0.11293768547267696,0.12330032579596642,0.3110466691256569,3.2151390730922356,-0.11293768547267696
2985,46332822,g,2,0.029792386352116174,0.3366198850787803,0.3366198850787803,0.5797636060230484,0.029792386352116174
2986,46332822,i,6,-1.5825468927074717,0.06324855072041324,0.10157929126280507,115.25413531080282,-1.5825468927074717
2987,46332822,r,8,-1.597944971242014,0.031160641811362355,0.07720062825801577,60.298725244903416,-1.597944971242014
2988,46355335,g,3,-0.137834777687453,0.06362789532584068,0.1625405761652689,0.22739938973262397,-0.137834777687453
2989,46355335,i,4,-0.6067817327055043,0.18732162493820848,0.36109071820989314,13.44802683228255,-0.6067817327055043
2990,46355335,r,5,-0.5186277539177646,0.17608318087241148,0.4145444609340292,5.189479229292024,-0.5186277539177646
2991,46378066,i,8,-0.890336720501018,0.03051227995840694,0.1320939785184987,32.0109411284303,-0.890336720501018
2992,46378066,r,11,-0.495513212850168,0.1912863615218537,0.3307578104463109,3.9842600026030155,-0.495513212850168
2993,46429237,g,4,-0.11154483870325055,0.1553569402388344,0.3207269445751676,0.6353359712274974,-0.11154483870325055
2994,46429237,i,4,0.051990112517329545,0.30660892480636714,0.6113584611463222,3.726817781114696,0.051990112517329545
2995,46429237,r,10,0.2939095461665235,0.18926877050919189,0.3227435110770819,2.038370639454423,0.2939095461665235
2996,46505578,g,4,-0.3809492535664596,0.024170086612998687,0.026946960894003835,1.242215851392452,-0.3809492535664596
2997,46505578,i,8,-0.41686976861517644,0.11255546508779213,0.16575132032698714,4.482056469394028,-0.41686976861517644
2998,46505578,r,5,-0.5832600199158418,0.0412501724538652,0.07567981946003155,7.3164005633360585,-0.5832600199158418
2999,46509811,g,3,0.5447407658515555,0.06658897643975958,0.3179797138552928,0.45733012224030434,0.5447407658515555
3000,46509811,i,4,-0.8236448835493788,0.08737307292864788,0.23450327803885995,27.62525896171727,-0.8236448835493788
3001,46509811,r,6,-0.3221931487117964,0.043606816162417794,0.2724680926970463,4.756236082533163,-0.3221931487117964
3002,46578407,i,12,-0.8457541147577923,0.1246658429683935,0.24019574900658613,30.870277691131232,-0.8457541147577923
3003,46578407,r,9,-0.28845067384609546,0.20072945570541667,0.5880383592021037,8.472686530309865,-0.28845067384609546
3004,46587599,g,2,-0.15424625143204723,0.009077365461735265,0.009077365461735265,0.07260297606905963,-0.15424625143204723
3005,46587599,i,7,-0.608759378233251,0.057717202730516726,0.7312830208105688,11.267213163200324,-0.608759378233251
3006,46587599,r,6,-0.32611302230484773,0.44026313990890126,0.8898566981715965,4.56500406402466,-0.32611302230484773
3007,46587599,u,2,-0.530506855691606,0.06842627285093561,0.06842627285093555,0.31777001482459954,-0.530506855691606
3008,46588156,g,3,0.08247089895494508,0.2318917210431849,0.28791139915419905,0.5488691166904519,0.08247089895494508
3009,46588156,i,18,-0.7021538351908889,0.07489698317562632,0.11898979659820774,20.971045681159424,-0.7021538351908889
3010,46588156,r,14,-0.4570561720221259,0.11651269057766545,0.454121893947422,6.080816630589192,-0.4570561720221259
3011,46598570,g,3,-0.3433160636335493,0.011811729372046775,0.05431365833097168,1.0763990396644545,-0.3433160636335493
3012,46598570,i,6,-0.14097130083586096,0.24854705301906965,0.42861561542067905,5.031840716105111,-0.14097130083586096
3013,46598570,r,2,-0.4539041468510923,0.06460157946369999,0.06460157946369993,5.80704296813533,-0.4539041468510923
3014,46609315,g,4,-0.4646067489464846,0.03213715921757837,0.12153939945717374,0.6198309326410985,-0.4646067489464846
3015,46609315,i,3,-0.9742918937927062,0.012641390389185436,0.05592421105892753,27.568729413805205,-0.9742918937927062
3016,46609315,r,5,-1.117343869041442,0.16558040582211242,0.27384794872052365,16.557013303685775,-1.117343869041442
3017,4664172,g,3,-0.074329649638389,0.29660950532878616,0.7790464857893836,1.346525079865585,-0.074329649638389
3018,4664172,i,4,-0.9649390113353606,0.14877525509844258,0.2920724842847072,20.10912642566751,-0.9649390113353606
3019,4664172,r,5,-0.754016917973841,0.20801172742904783,0.7723404640569493,6.59270895319509,-0.754016917973841
3020,46647812,i,7,-1.2947494429975335,0.06619546597788317,0.2649290968893738,64.6475887898507,-1.2947494429975335
3021,46647812,r,7,-1.1758001224412973,0.05449859519063094,0.3225883586844809,22.620014754204135,-1.1758001224412973
3022,46667218,g,3,-0.29136440418876974,0.05818528929648292,0.1192717706831023,0.4260045425507162,-0.29136440418876974
3023,46667218,i,9,-1.0221849746671265,0.03535503937717688,0.1906872670221631,49.05833017693842,-1.0221849746671265
3024,46667218,r,10,-0.9775372990473378,0.03475804576720376,0.1649045908821527,20.266638694277518,-0.9775372990473378
3025,46671265,g,6,-0.20182589155979208,0.056748626563008,0.31217590359879255,0.40430698544413196,-0.20182589155979208
3026,46671265,i,13,-0.07571519472206156,0.10301435964629169,0.35717636016688725,1.0010123623103433,-0.07571519472206156
3027,46671265,r,11,-0.15829121194751383,0.10279794501732659,0.5653183105281352,0.8989457215269249,-0.15829121194751383
3028,46671265,u,4,0.6982274497200955,0.1440449271805574,0.3315489816320878,1.16701054951377,0.6982274497200955
3029,46703172,g,3,-0.2477719826857432,0.173376785594908,0.5630170018796978,0.844821779084794,-0.2477719826857432
3030,46703172,i,8,-1.0610735587470321,0.0896049383055526,0.19180536905627577,59.93755194361523,-1.0610735587470321
3031,46703172,r,7,-0.9339326848963356,0.23123482641822468,0.4525177570634831,13.391113097994447,-0.9339326848963356
3032,46711852,g,4,-0.42979077242063884,0.02834169987647292,0.045827117496090475,0.9334822132043578,-0.42979077242063884
3033,46711852,i,5,-0.5954172552537603,0.18923503420279963,0.31409072656083387,8.610464919865555,-0.5954172552537603
3034,46711852,r,4,-0.8048747684448556,0.07421600289384572,0.12332755532546291,10.065806522502845,-0.8048747684448556
3035,46711852,u,2,-0.1601636963459363,0.0822139528035688,0.0822139528035688,0.03932768667486316,-0.1601636963459363
3036,46715352,g,3,0.5590695965156911,0.05956167148560998,0.41878701990440054,0.7788577885134614,0.5590695965156911
3037,46715352,i,12,-0.010216960799938335,0.06519143194329934,0.16563561892613787,0.3063124027461552,-0.010216960799938335
3038,46715352,r,8,0.18447491984635633,0.09441213950694971,0.14530570547967753,0.7621776832622524,0.18447491984635633
3039,46734411,i,9,-0.46943359215147556,0.23699135428574541,0.33896832038405766,11.08556789468151,-0.46943359215147556
3040,46734411,r,8,-0.14157737567926792,0.21424793787575286,0.4507033807749863,2.2735818543181225,-0.14157737567926792
3041,46741638,g,3,1.1304886003715306,0.17720220464798486,0.3258230370866776,1.929329640518459,1.1304886003715306
3042,46741638,i,4,-0.17128425931200336,0.1244560567022418,0.23093880469932607,3.374655863857499,-0.17128425931200336
3043,46741638,r,4,-0.23423689160140415,0.3145657403534582,0.607396203010628,4.597001671985855,-0.23423689160140415
3044,46746904,g,4,-0.3164137543301128,0.046448889197958476,0.2854898952012634,1.1830730108534604,-0.3164137543301128
3045,46746904,i,12,-0.4235861694444666,0.2848327306383359,0.4239689428725918,12.12146952402084,-0.4235861694444666
3046,46746904,r,16,-0.5445788870144092,0.13468725343772353,0.3420338441765756,5.404755684679101,-0.5445788870144092
3047,4675421,g,2,0.4621048229735486,0.2069062804882531,0.2069062804882531,1.0436449345438352,0.4621048229735486
3048,4675421,i,10,-1.196867937075667,0.1320499118047398,0.2899804107983237,34.98028187339342,-1.196867937075667
3049,4675421,r,13,-1.0918286004370052,0.08786488057465269,0.10743810375442209,14.657258376371916,-1.0918286004370052
3050,46757810,g,4,0.7565205916466669,0.42871030046142067,0.8670562309644738,2.4982324748084346,0.7565205916466669
3051,46757810,i,6,-0.41396231724510135,0.037411327156537055,0.10070428660189557,8.19323459590045,-0.41396231724510135
3052,46757810,r,8,-0.06681144918861409,0.0714875797034408,0.1301090705641637,0.7379499550308894,-0.06681144918861409
3053,46769732,g,2,-0.0544522180044788,0.06839630412815928,0.06839630412815928,0.041175921498963874,-0.0544522180044788
3054,46769732,i,5,-0.3987524343818418,0.0889978528861588,0.13111311216791677,5.484358136745543,-0.3987524343818418
3055,46769732,r,6,-0.4338690756616135,0.02321193868819127,0.03609337262025081,5.4116082716854805,-0.4338690756616135
3056,46771091,i,4,-1.7547804344838884,0.0679848813485382,0.11580438954996342,93.9792165206218,-1.7547804344838884
3057,46771091,r,8,-1.4280836781506958,0.032795420718074064,0.06461125505347098,20.774451889074403,-1.4280836781506958
3058,46778754,g,3,0.1288969652196732,0.07267797919326147,0.17087255357005604,0.09203330171459372,0.1288969652196732
3059,46778754,i,5,-1.113146860868055,0.05124476032258252,0.23532149268172387,39.56298362169706,-1.113146860868055
3060,46778754,r,4,-1.0529531337731268,0.1457641262612892,0.2660351167171109,19.152878263042044,-1.0529531337731268
3061,46812178,i,8,-1.7705120265417156,0.16397082858205692,0.3189837193300793,64.97993415948866,-1.7705120265417156
3062,46812178,r,3,-1.388633430084143,0.029654701707910514,0.16711501145556307,59.383986082671676,-1.388633430084143
3063,46844124,i,5,-1.1302186547594193,0.08211749208834385,0.09760754736284527,34.7893594321187,-1.1302186547594193
3064,46844124,r,7,-0.9923945149402371,0.07879955384932513,0.21780651086338465,21.20363061134722,-0.9923945149402371
3065,46857534,g,2,-0.42095012804139026,0.03748849200134502,0.037488492001345075,0.9485262891556334,-0.42095012804139026
3066,46857534,i,10,-1.5628747566826884,0.07795481688639994,0.23830850010814353,25.712711281751286,-1.5628747566826884
3067,46857534,r,8,-1.1744622130705027,0.11896102437703115,0.2618508503733159,23.098872804060246,-1.1744622130705027
3068,46928031,g,4,-0.04045342590149231,0.018413127921893757,0.23245924271001528,0.7697604981758595,-0.04045342590149231
3069,46928031,i,13,-0.4619576830704123,0.14570961753138556,0.4983037891365213,10.999757830696966,-0.4619576830704123
3070,46928031,r,15,-0.03713526027255887,0.10193353059703458,0.22909676972169243,2.2791059014078785,-0.03713526027255887
3071,46957173,i,9,-1.4941565920923086,0.04760563519031713,0.20608800202931077,90.83004971899075,-1.4941565920923086
3072,46957173,r,8,-1.135338637743473,0.0770116124125938,0.14936825377907392,28.798583443354413,-1.135338637743473
3073,46973790,g,3,-0.2737435180203367,0.17370114080354676,0.2755676699285089,0.45418518543575076,-0.2737435180203367
3074,46973790,i,5,-0.894773476446869,0.048855719325216485,0.06777585453444757,12.260427307712115,-0.894773476446869
3075,46973790,r,6,-0.661342414690977,0.11433111350962283,0.21094109949111484,8.679774837030134,-0.661342414690977
3076,46999626,i,8,-2.108100016723836,0.09117231919984725,0.5365418636470913,87.05420400229383,-2.108100016723836
3077,46999626,r,8,-1.6856157702506156,0.1673826381563439,0.39903756956331393,28.188998787035146,-1.6856157702506156
3078,47009135,i,7,-0.9414672589890588,0.08121209417788944,0.1797650095611938,20.138753875130046,-0.9414672589890588
3079,47009135,r,4,-0.8229339291030264,0.04925411785556266,0.05445423250401049,8.257071331634561,-0.8229339291030264
3080,47033600,g,2,-0.6650710852832975,0.10332446774643195,0.10332446774643189,1.5680103757617123,-0.6650710852832975
3081,47033600,i,4,-1.8963901777239691,0.016384097576108814,0.035530323174007616,148.08941177291138,-1.8963901777239691
3082,47033600,r,6,-1.5637840161624779,0.07190486274963293,0.13138386281060233,49.048577951118205,-1.5637840161624779
3083,47034715,g,3,-0.2977702455368274,0.04885805536247201,0.056293660823912295,0.34715307210638263,-0.2977702455368274
3084,47034715,i,13,-1.1891073988355936,0.1105499074277616,0.2201454137716965,36.54815548382075,-1.1891073988355936
3085,47034715,r,12,-0.992782920780224,0.11025435943223827,0.20050180981633237,10.879864237618795,-0.992782920780224
3086,47035917,i,7,-2.405148859173109,0.04241730398075294,0.07209348359638224,176.4007175970556,-2.405148859173109
3087,47035917,r,5,-1.811307046630782,0.19302350168410842,0.3045983451751433,38.65183040939412,-1.811307046630782
3088,47039375,g,2,-0.1851980242185292,0.1217737075771706,0.1217737075771706,0.23766631433139732,-0.1851980242185292
3089,47039375,i,9,-0.5696422056295409,0.11199008499200125,0.19396940402030383,8.58082201363565,-0.5696422056295409
3090,47039375,r,11,-0.6761345547235891,0.08333302013643418,0.21850326651110263,7.870804540121941,-0.6761345547235891
3091,47039649,g,4,0.0680266752901646,0.1734505843190315,0.32181098946366976,0.5748055553456666,0.0680266752901646
3092,47039649,i,7,-0.4603505025593748,0.20619868739719538,0.4069450050743568,14.618757512574874,-0.4603505025593748
3093,47039649,r,7,-0.45602564293501624,0.13502029025829265,0.21953010129993267,4.861090584657894,-0.45602564293501624
3094,47068337,g,2,0.7851065557336497,0.6225745617838581,0.6225745617838581,2.8284996439887564,0.7851065557336497
3095,47068337,i,8,-0.7065551038229168,0.16261111514251203,0.31940408672665965,17.209137842909435,-0.7065551038229168
3096,47068337,r,6,-0.41669525142133745,0.2906853751511958,0.554861803424151,9.332235520952205,-0.41669525142133745
3097,47117953,i,7,-1.2621900771888819,0.08453477074895499,0.27590833159497574,31.260207209996967,-1.2621900771888819
3098,47117953,r,6,-1.120874121889654,0.06743749580690328,0.12771574880064018,21.70066849426058,-1.120874121889654
3099,47181806,g,3,0.3263846198024003,0.35855976517377774,0.5192249181376276,1.1240364984985132,0.3263846198024003
3100,47181806,i,6,-0.397999069778717,0.1336437281702058,0.20539607830498774,7.6705223123460184,-0.397999069778717
3101,47181806,r,6,-0.2850542719762198,0.12245022638924802,0.19018436292438295,3.657118327538928,-0.2850542719762198
3102,47204157,g,2,-0.43224755118098,0.06596063662920737,0.06596063662920737,1.281120159848514,-0.43224755118098
3103,47204157,i,5,-0.8573323241167888,0.10400071641393505,0.15203574677865506,28.21430177285971,-0.8573323241167888
3104,47204157,r,4,-0.839469027928714,0.12235666863736355,0.22471604404849765,18.898296918451702,-0.839469027928714
3105,47213206,i,7,-0.5823100883398263,0.04560945910169456,0.07917117371504079,15.062440932373391,-0.5823100883398263
3106,47213206,r,4,-0.5699017655705811,0.06130050203825732,0.09017879053735489,7.3741564554624475,-0.5699017655705811
3107,47219425,i,3,-1.0044509024913117,0.09727030811737136,0.13213025593789451,31.722288201478293,-1.0044509024913117
3108,47219425,r,7,-0.9832759671518232,0.054374652239194576,0.11966861590259614,22.099214169609343,-0.9832759671518232
3109,47306950,i,8,-1.4111496670235408,0.052453972778144564,0.11235599668137919,54.52425058173776,-1.4111496670235408
3110,47306950,r,6,-1.2720900427513167,0.029572589368604074,0.12234143119364171,18.301753444076073,-1.2720900427513167
3111,47480916,i,5,-0.9918357643919993,0.06922219691311171,0.0901979692913959,21.428358561588443,-0.9918357643919993
3112,47480916,r,7,-0.7762603184604245,0.09412216217514158,0.22766552887947844,8.954179776049731,-0.7762603184604245
3113,47533768,g,2,1.2812725026508185,0.00833467729541626,0.00833467729541626,3.2823334287173287,1.2812725026508185
3114,47533768,i,9,-0.3198430602203527,0.15983124852285635,0.4305869954397115,7.579354030693478,-0.3198430602203527
3115,47533768,r,10,-0.17116988228877328,0.28643448522215814,0.6301495596423055,2.2748439699130887,-0.17116988228877328
3116,47580684,i,8,-1.7377302328762574,0.14544560125816708,0.2914667930206869,72.84376106706638,-1.7377302328762574
3117,47580684,r,6,-1.320346494686495,0.0461670261608349,0.07714883690500018,25.611074359774534,-1.320346494686495
3118,47588133,i,7,-0.6223734372411278,0.05295755863400087,0.11726325968938767,11.37174480780258,-0.6223734372411278
3119,47588133,r,6,-0.6390878353594402,0.0786232095104733,0.18141254772273752,6.175759708687404,-0.6390878353594402
3120,47598520,i,5,-1.0912360062308357,0.12500857668994025,0.42107800002036344,27.721494718972394,-1.0912360062308357
3121,47598520,r,6,-1.1212601728783715,0.13617781683089425,0.20805735100381573,25.40191624033236,-1.1212601728783715
3122,47601877,i,9,-0.4205668169840756,0.12889084707970888,0.19805133123790264,10.599480754266542,-0.4205668169840756
3123,47601877,r,5,-0.45626542062995445,0.10804573099656956,0.28460705661842856,3.983807634894485,-0.45626542062995445
3124,47636598,i,9,-1.1620305589196926,0.10332106347894121,0.15512929490872995,34.4404723975523,-1.1620305589196926
3125,47636598,r,13,-1.0627658108207518,0.1366569443594703,0.29302836304827784,14.867612355417505,-1.0627658108207518
3126,47729582,g,2,-0.47537556195052005,0.009605205099549707,0.009605205099549763,0.8546337357506635,-0.47537556195052005
3127,47729582,i,11,-1.6625742974024098,0.09428739882860704,0.201606675697648,68.32335191176823,-1.6625742974024098
3128,47729582,r,10,-1.2182281387454206,0.1526144224502597,0.2709762528833708,20.080764610992652,-1.2182281387454206
3129,47733815,i,5,0.2524218389436558,0.1655228006070052,0.2624934731110158,1.3223006979919731,0.2524218389436558
3130,47733815,r,6,0.4479462272369712,0.23795787042932245,0.4778815381257408,2.984161992983363,0.4479462272369712
3131,47738303,g,6,-0.27236610362191827,0.07313543937654354,0.12460190685991684,1.0835205323167998,-0.27236610362191827
3132,47738303,i,11,-0.3146034543838591,0.16934871221440972,0.3045296301237858,3.9740561510547865,-0.3146034543838591
3133,47738303,r,15,-0.22392522436565832,0.2198181267425553,0.41997897417559216,2.9774245302518323,-0.22392522436565832
3134,47738303,u,2,0.5663873999745337,0.008060509865768894,0.008060509865768894,0.6025461263866985,0.5663873999745337
3135,47748812,g,3,-0.3569589230072745,0.06845368190105172,0.10277897027966282,1.0068610995061273,-0.3569589230072745
3136,47748812,i,5,-0.9955239167316461,0.12193091415732615,0.29169402700701874,45.89865611075209,-0.9955239167316461
3137,47748812,r,5,-1.0088600658124594,0.09825554013489257,0.12729135501808186,19.39883213520023,-1.0088600658124594
3138,47764107,g,2,-0.26182498748405314,0.03204097505357817,0.03204097505357817,1.175704942801223,-0.26182498748405314
3139,47764107,i,10,0.21826197010644913,0.10710584427270248,0.19717189716456568,0.8781332271064294,0.21826197010644913
3140,47764107,r,13,0.3045525325745557,0.0970428398451132,0.438425471938639,0.6839171396139014,0.3045525325745557
3141,47773146,g,5,0.6026936048165004,0.11693393697583243,0.24725199366067363,1.8511239126137262,0.6026936048165004
3142,47773146,i,7,0.10886892045437646,0.1949050910288862,0.3142255678175673,1.674776305397658,0.10886892045437646
3143,47773146,r,10,0.09355070609461125,0.20819253064972953,0.37644835776326213,1.2316335806726308,0.09355070609461125
3144,47776917,i,6,-1.5409521411621214,0.18365960349495514,0.29236355687874016,72.49739964062002,-1.5409521411621214
3145,47776917,r,4,-1.3089478023383427,0.015120621039598547,0.26445682998578013,18.29150287378848,-1.3089478023383427
3146,47808573,g,6,-0.3583219903257636,0.03132925825935201,0.07653203268099878,1.5188736378342211,-0.3583219903257636
3147,47808573,i,9,-0.5935403445183172,0.13012749714571792,0.3366151835620439,12.083034936456965,-0.5935403445183172
3148,47808573,r,13,-0.5806631028904495,0.1847263444341979,0.3267675355055246,10.112451948671435,-0.5806631028904495
3149,47876069,g,2,0.3422500298510496,0.03647550563207447,0.03647550563207447,0.29442344133623377,0.3422500298510496
3150,47876069,i,7,-0.4969575507942629,0.13141937992533365,0.23380649280260102,5.569771010934457,-0.4969575507942629
3151,47876069,r,6,-0.4497541951544914,0.14076602141897782,0.21515232844525795,11.230693129099583,-0.4497541951544914
3152,47890256,i,6,-1.4964084414555798,0.15172009383802654,0.3256846876170387,120.67933566084518,-1.4964084414555798
3153,47890256,r,6,-1.0819837619175803,0.3855007125267006,0.6629837062823554,41.2567148949854,-1.0819837619175803
3154,4791513,g,4,-0.41464584717476805,0.008078345360676531,0.20111015999093157,2.008721052016962,-0.41464584717476805
3155,4791513,i,15,-0.17321628371290582,0.2860946613151284,0.35109752851439613,5.7736582697872665,-0.17321628371290582
3156,4791513,r,15,-0.011881820264714127,0.2273371406165344,0.33757578237939295,2.6920040557226117,-0.011881820264714127
3157,47920580,g,2,0.6517910528269237,0.045044961852179766,0.045044961852179766,1.4108996356210453,0.6517910528269237
3158,47920580,i,4,-0.15210564466069745,0.1286259993556867,0.23777741720958906,2.3556353420905842,-0.15210564466069745
3159,47920580,r,7,-0.08369483055505578,0.06466673689129732,0.12379885212462222,1.3270959126527384,-0.08369483055505578
3160,47953845,g,4,0.6689878362426658,0.16830884152277958,0.4494172352018932,3.6564696483207273,0.6689878362426658
3161,47953845,i,12,-0.45141665360631794,0.19011974436026574,0.3752591856358236,11.3313312325393,-0.45141665360631794
3162,47953845,r,10,-0.3229599684409727,0.07566669905870244,0.24346287183650134,2.3455301091465706,-0.3229599684409727
3163,47993294,i,8,-0.42097369326242284,0.12136746428065803,0.20549559695255248,13.958764535092673,-0.42097369326242284
3164,47993294,r,10,-0.039334018078738764,0.3550246508557641,0.8847715440891518,5.572707658620228,-0.039334018078738764
3165,48022137,i,8,-1.16601434698562,0.21270610292601588,0.482418450119948,30.401696109998003,-1.16601434698562
3166,48022137,r,5,-0.9357937357930926,0.28146959144668626,0.3768259425381141,26.836593644230597,-0.9357937357930926
3167,4805598,i,5,-0.1429804602732591,0.021057146540061578,0.02779423824242866,0.36525188078060467,-0.1429804602732591
3168,4805598,r,6,-0.1114392788379077,0.018265437256795095,0.16007900700308458,1.6149533262954006,-0.1114392788379077
3169,48140570,g,3,-0.33523400203930454,0.048540781711639835,0.1578969308100233,0.4811551812279004,-0.33523400203930454
3170,48140570,i,10,-1.0298903954903107,0.12049425674776593,0.642460867981213,33.09400570575993,-1.0298903954903107
3171,48140570,r,11,-0.48454958891180766,0.21193495747685298,0.48156794525373314,5.663073325321525,-0.48454958891180766
3172,48150983,i,8,-0.4511577982307096,0.09119550791265518,0.17662495039900794,7.49903768189512,-0.4511577982307096
3173,48150983,r,8,-0.345587733899014,0.0507962014492484,0.12397387124030751,2.2550302081271227,-0.345587733899014
3174,48204947,i,8,-0.05609956518335105,0.09162304513269741,0.2182104367266531,2.2822546213713033,-0.05609956518335105
3175,48204947,r,4,0.06441224987047867,0.12122921585940971,0.23108423673798278,0.31896154253059905,0.06441224987047867
3176,4824590,i,7,-0.9592843370531137,0.09819050106866123,0.1448916338371179,24.23902759112952,-0.9592843370531137
3177,4824590,r,5,-1.1248235700692801,0.026000552249278774,0.04634732167392963,15.764792879548963,-1.1248235700692801
3178,48248085,i,7,-1.3184135369223977,0.04738764943842577,0.08688789992364732,78.99761117696316,-1.3184135369223977
3179,48248085,r,4,-1.2592304793844005,0.016797063447999805,0.2526582198709175,25.89380747176047,-1.2592304793844005
3180,48255024,g,3,0.28806546513821374,0.7681986628580794,0.9324579369603938,2.0115160680796187,0.28806546513821374
3181,48255024,i,4,-1.7502591409484887,0.11363458600974097,0.2610468471628704,70.68874208990825,-1.7502591409484887
3182,48255024,r,5,-1.5884861003400441,0.050501608927714825,0.2062107355483196,28.36671170706502,-1.5884861003400441
3183,4825943,g,2,-0.1405869755326494,0.2978813114886323,0.2978813114886322,0.5140995567403588,-0.1405869755326494
3184,4825943,i,6,-0.6797603574861677,0.07642021008115474,0.11752629186657193,12.255212280876355,-0.6797603574861677
3185,4825943,r,4,-0.9050382496637817,0.02510149530572736,0.05329347925291894,14.662863818240446,-0.9050382496637817
3186,48265614,i,5,-1.5657576308324772,0.23761881939596008,0.47188357445671314,55.367321911309794,-1.5657576308324772
3187,48265614,r,9,-1.3156416903686097,0.11990318126951216,0.2488113374590748,20.39955474882735,-1.3156416903686097
3188,48305809,g,4,-0.19505287657612208,0.011661954179738449,0.03418166157841834,0.5765869996065388,-0.19505287657612208
3189,48305809,i,10,-0.3268576512733643,0.14206983231154707,0.19435542167555836,5.17638599785692,-0.3268576512733643
3190,48305809,r,9,-0.4118982645356363,0.1625608721419574,0.2788771056633206,4.558793946304808,-0.4118982645356363
3191,48335270,i,7,-0.41762913164231297,0.10525123045644447,0.2479042131167326,3.6693860475220856,-0.41762913164231297
3192,48335270,r,4,-0.41976619637652046,0.016501419708799314,0.04351547745527895,1.5023783785419873,-0.41976619637652046
3193,48338416,g,4,-0.4029723125518781,0.04990513467396479,0.07502445767391575,0.5965784852673022,-0.4029723125518781
3194,48338416,i,13,-1.6599082574621196,0.2528309791089154,0.46980701439686845,80.8014312402868,-1.6599082574621196
3195,48338416,r,11,-1.4221468123653187,0.33233137018689707,0.8755972092675743,20.180173754414486,-1.4221468123653187
3196,48348445,g,3,0.48077378331362897,0.08498791145584483,0.10782345653244974,1.3005415580910165,0.48077378331362897
3197,48348445,i,4,-0.03565855450072419,0.3314244842206523,0.5867709750585741,4.309647507910013,-0.03565855450072419
3198,48348445,r,5,-0.16530987285512788,0.09312036810800384,0.1779896775323463,0.8210149547479902,-0.16530987285512788
3199,48374537,i,7,-0.24733178227742847,0.15060780829738069,0.2145524848615175,4.599364266581737,-0.24733178227742847
3200,48374537,r,4,-0.346030008225845,0.2793074267463074,0.6725446726296078,4.4036984387535165,-0.346030008225845
3201,48403436,i,2,-0.7456324729111604,0.019315300836434623,0.019315300836434623,18.119417630323888,-0.7456324729111604
3202,48403436,r,8,-0.5582548211367448,0.07025458306477916,0.16928192430656064,5.854819025290107,-0.5582548211367448
3203,48438268,i,6,-1.992278022772509,0.1452053035926404,0.23834923983638956,95.37014468717136,-1.992278022772509
3204,48438268,r,8,-1.8770749038458892,0.045060344601929314,0.10895160222931022,52.44943419919689,-1.8770749038458892
3205,48496127,g,3,-0.030835032862640666,0.2502757288196361,0.404479866918828,0.5803623568183599,-0.030835032862640666
3206,48496127,i,10,-0.6358979541600471,0.17622308361052985,0.31616020846704856,16.313959631611212,-0.6358979541600471
3207,48496127,r,11,-0.37031610584688535,0.09483997586908832,0.1919081504181142,3.27138565383144,-0.37031610584688535
3208,48541577,g,5,0.0612052119273761,0.29610680441229953,0.4126932526778978,0.523454381871554,0.0612052119273761
3209,48541577,i,7,-0.7344390360507591,0.03653424029946639,0.05510625707579164,12.138060031537872,-0.7344390360507591
3210,48541577,r,8,-0.626120785432603,0.03649336740715564,0.15062833955243027,8.534209933292894,-0.626120785432603
3211,48568624,g,4,-0.27161977037008844,0.04166941619092798,0.08221539965852359,1.3124517761580168,-0.27161977037008844
3212,48568624,i,5,0.31584009020856324,0.27944056148153223,0.8226464956088145,5.850946716361381,0.31584009020856324
3213,48568624,r,7,0.38324735664857457,0.08586767148667973,0.33159291229636223,2.537859809532588,0.38324735664857457
3214,48568624,u,4,2.94713437108736,0.2890626122003035,0.7433781612398063,14.228010509814764,2.94713437108736
3215,48578626,g,2,-0.22966867263484822,0.05905653098510763,0.0590565309851076,1.1648547483284513,-0.22966867263484822
3216,48578626,i,9,0.006865483885165627,0.03920453144781565,0.22287085532833534,0.9356856098629195,0.006865483885165627
3217,48578626,r,5,-0.029815009363269515,0.018079814630992827,0.09136978871564116,0.5050989225695803,-0.029815009363269515
3218,48578626,u,2,0.468034001894541,0.09008858549472426,0.09008858549472432,0.5791087185524222,0.468034001894541
3219,48598606,g,4,0.22346433929380644,0.06603451315668679,0.09971898786333977,0.29686535381030826,0.22346433929380644
3220,48598606,i,4,-1.4016489167801132,0.08418553109181492,0.10215475415872155,73.29154989506631,-1.4016489167801132
3221,48598606,r,6,-0.906437233078738,0.05517505352605023,0.11194207493742869,12.954718409916772,-0.906437233078738
3222,48608120,g,3,-0.24593653940935334,0.1551482746353896,0.2739118627628534,0.5878331736873725,-0.24593653940935334
3223,48608120,i,12,-1.5461347441725868,0.04319325038983657,0.10309488217678364,58.1662109413428,-1.5461347441725868
3224,48608120,r,8,-1.2304460187064954,0.0510854978405747,0.09028083923179153,23.334939462386,-1.2304460187064954
3225,48663868,i,7,-0.8574970399055069,0.1141790064972279,0.16153587662510904,27.783927252537318,-0.8574970399055069
3226,48663868,r,6,-0.4261568018290449,0.1500566104388254,0.2725739983820065,6.987781191163774,-0.4261568018290449
3227,48701235,i,6,-0.505577000122494,0.1501130777367638,0.40043627097554835,3.556389295405655,-0.505577000122494
3228,48701235,r,5,-0.14022888888232332,0.13851517109803746,0.22852269826482408,0.3019804745829444,-0.14022888888232332
3229,48712867,i,6,-1.8313773298480442,0.3072401587887146,0.5074135978146495,86.80377628094942,-1.8313773298480442
3230,48712867,r,9,-1.4890982140664968,0.08642646784544827,0.16861887384494123,22.02817645737478,-1.4890982140664968
3231,48730782,g,4,0.22579738876169,0.07447412399607353,0.2315199499363157,0.3258463702371131,0.22579738876169
3232,48730782,i,6,-0.45095933781046776,0.04522860308660892,0.07713477518038203,3.0576696802340346,-0.45095933781046776
3233,48730782,r,7,-0.30888479647874956,0.12705236064006042,0.2748229725672644,1.1613445659667152,-0.30888479647874956
3234,48756456,g,5,-0.3111804500836879,0.05504968474024885,0.1693111720829344,0.5003348661858783,-0.3111804500836879
3235,48756456,i,7,-0.6902644937994993,0.21912861690595797,0.3020942780838404,24.100175054719898,-0.6902644937994993
3236,48756456,r,9,-0.5458961054986583,0.2107888946752231,0.4134380934936961,9.134184970319732,-0.5458961054986583
3237,4877884,i,10,-0.17642399406290865,0.224978580079962,0.4334640297265371,7.311403399324988,-0.17642399406290865
3238,4877884,r,12,0.027273568529309677,0.3297978159118007,0.6233663927837252,1.4496204306332938,0.027273568529309677
3239,48846430,g,2,-0.3484394200387099,0.14374201468061426,0.1437420146806142,0.8103656803909862,-0.3484394200387099
3240,48846430,i,12,-1.1730627835479606,0.2180971181678305,0.43245246258197234,33.03450158033815,-1.1730627835479606
3241,48846430,r,8,-1.2137247088762422,0.03555345863343706,0.1333300019868402,29.530153754091952,-1.2137247088762422
3242,48860283,g,8,-0.28069262751757296,0.0814462558519464,0.3641207454838034,1.5577966926756681,-0.28069262751757296
3243,48860283,i,10,-0.28792063563119635,0.42364806271551214,0.5729342953341063,14.25672797800311,-0.28792063563119635
3244,48860283,r,13,-0.1571489105969247,0.35016314031966644,0.5593398186734369,5.5755940463233555,-0.1571489105969247
3245,4886336,g,2,-0.23266887954908233,0.04240509796153691,0.04240509796153691,0.32614737022927043,-0.23266887954908233
3246,4886336,i,5,-0.922828936218946,0.03967106557379585,0.11354979400485199,33.53561032347844,-0.922828936218946
3247,4886336,r,5,-0.8578684380391401,0.07149093452514543,0.10772575087868852,12.513067478507002,-0.8578684380391401
3248,48869565,g,3,0.00026167337784505085,0.026609282993206307,0.044938698770889296,0.0061929476431591525,0.00026167337784505085
3249,48869565,i,8,-1.0489007440401772,0.08258986658220446,0.17931010163439953,37.537637416541614,-1.0489007440401772
3250,48869565,r,3,-0.7586417841732895,0.1121848211007972,0.11887205041163029,9.477111796412364,-0.7586417841732895
3251,48889346,g,4,-0.3843103856841538,0.03855220659999331,0.12425105308377765,0.4315718752012113,-0.3843103856841538
3252,48889346,i,7,-1.2433806932149993,0.056946730548312674,0.10193900231066921,46.382565704334716,-1.2433806932149993
3253,48889346,r,7,-1.1823767774238942,0.05099757349929579,0.11850121414988712,14.87232281245356,-1.1823767774238942
3254,48924220,i,13,-2.2045744976117208,0.13746309886627106,0.19596423635085936,142.00592701386785,-2.2045744976117208
3255,48924220,r,9,-1.6088755201535645,0.1769078837730036,0.3853827508600922,26.94642902844204,-1.6088755201535645
3256,48952660,g,2,-0.08157294590330175,0.07128299269803892,0.07128299269803892,0.23430925625855775,-0.08157294590330175
3257,48952660,i,4,-0.4581908146697606,0.13200163321863118,0.30678338221158286,3.162137461641241,-0.4581908146697606
3258,48952660,r,6,0.13743718487640633,0.3082773881931817,0.572178956517974,3.8042119649527066,0.13743718487640633
3259,48952730,i,7,0.3127407608258368,0.25672986211482995,0.5084788722378007,2.544087632112815,0.3127407608258368
3260,48952730,r,7,-0.22559931932795838,0.11714162336711478,0.8655868626196505,6.4154678057369905,-0.22559931932795838
3261,48952730,u,3,0.7694284190805623,0.09808338855781051,0.22159871564191003,3.2545593467386396,0.7694284190805623
3262,48988648,g,2,-0.30382203022404647,0.08609457599989773,0.08609457599989778,0.6421271785289636,-0.30382203022404647
3263,48988648,i,9,-0.5031098416253073,0.09480303857866856,0.20412560590739115,6.8053508526011,-0.5031098416253073
3264,48988648,r,8,-0.3205102752993429,0.16768428359657278,0.27561230608030907,2.873362108585519,-0.3205102752993429
3265,49146543,g,3,0.17824479663376525,0.12002778747215687,0.2752209586715638,0.563101701247655,0.17824479663376525
3266,49146543,i,3,-0.3725829912363887,0.12515657680871994,0.1361496979917844,4.531997992848516,-0.3725829912363887
3267,49146543,r,5,-0.5487577471334444,0.08134115390997976,0.11211386605104545,6.161495456425942,-0.5487577471334444
3268,49155441,i,11,-1.375889598574483,0.07816917088779829,0.17518340549152556,67.4889630715934,-1.375889598574483
3269,49155441,r,7,-1.0000553969687174,0.1350997472919273,0.43384879922863884,30.55614654318888,-1.0000553969687174
3270,49163639,g,2,-0.12673220099910826,0.05043713393072752,0.05043713393072752,0.2850860779156985,-0.12673220099910826
3271,49163639,i,7,-0.07099185315735604,0.07270040990958185,0.22130375757421283,1.2292482767515271,-0.07099185315735604
3272,49163639,r,8,0.04883203603723507,0.06690070959666825,0.22531994493948432,0.5018338990938562,0.04883203603723507
3273,49192119,g,2,0.2924490878612358,0.5567617637043425,0.5567617637043425,1.5204369496642305,0.2924490878612358
3274,49192119,i,7,0.0523089424430746,0.20743582669682825,0.36850454596229637,2.2606147505487977,0.0523089424430746
3275,49192119,r,6,0.4063532202003008,0.07963492911442488,0.19982945504497857,0.8496183828236292,0.4063532202003008
3276,49192119,u,2,1.259588625491043,0.8403713065497893,0.8403713065497893,4.404568570729682,1.259588625491043
3277,49195094,g,4,0.2049559828189144,0.14006750239894242,0.2927304748773798,0.6068313462847396,0.2049559828189144
3278,49195094,i,8,-0.09982710838918524,0.20746131774541893,0.33560198167928,3.0947448568808915,-0.09982710838918524
3279,49195094,r,10,0.1731553638971149,0.14254830982930822,0.2000325217628878,1.0504721809631277,0.1731553638971149
3280,49195094,u,3,0.7818178234594838,0.009593545754639332,0.8639209208360126,6.386315910976646,0.7818178234594838
3281,4921933,i,11,-0.4672176010886705,0.17961047215309944,0.4559233833477243,7.881032460970347,-0.4672176010886705
3282,4921933,r,15,-0.3829446943590563,0.2855587331322941,0.5883008898556897,3.3586746555801668,-0.3829446943590563
3283,49229826,i,8,-0.4500485773991015,0.1203278928308329,0.24657779604445662,5.114537406270866,-0.4500485773991015
3284,49229826,r,7,-0.5237954235357112,0.09800348460551822,0.3581258287493468,10.299002154592255,-0.5237954235357112
3285,49229826,u,2,1.2084288801757157,0.0239395964887128,0.023939596488712578,5.003217971179576,1.2084288801757157
3286,49237466,g,4,0.08819113434587536,0.021143429709448436,0.04087444151829092,0.09157628436264995,0.08819113434587536
3287,49237466,i,8,-1.044530043799977,0.08402829041936416,0.1838255981743011,35.55748172422174,-1.044530043799977
3288,49237466,r,7,-0.9022048981180375,0.04559006477936589,0.1319800642219936,15.62762668428125,-0.9022048981180375
3289,49250781,g,2,0.5799728576396275,0.30139430824758007,0.30139430824758007,1.407915403327519,0.5799728576396275
3290,49250781,i,5,-0.18603717896395594,0.08104725665336776,0.372269151203402,1.026611545738562,-0.18603717896395594
3291,49250781,r,7,-0.07254612658566517,0.14457640307880393,0.2530695772092283,0.3290403069663457,-0.07254612658566517
3292,49288612,i,7,-1.0276421411785164,0.09032106598407819,0.1372032005279702,43.05500189973113,-1.0276421411785164
3293,49288612,r,5,-1.0890455739415585,0.06016546054095162,0.07898775641967459,26.03639128099213,-1.0890455739415585
3294,49298914,g,2,0.6497558327268619,0.3071470456657076,0.30714704566570755,3.226769274270315,0.6497558327268619
3295,49298914,i,5,0.22568378250763954,0.1833487883739749,0.32536481769576847,2.2821924105774043,0.22568378250763954
3296,49298914,r,5,0.14181870665585483,0.11113261101932126,0.3154712213137854,0.570995728538885,0.14181870665585483
3297,49354958,g,8,1.0045653835658153,0.12802202526922346,0.22253361939107807,2.02771517185226,1.0045653835658153
3298,49354958,i,9,-0.5216686163669263,0.05145163445604051,0.30112469911097217,7.94132190543041,-0.5216686163669263
3299,49354958,r,10,-0.14218989011260608,0.3811492962395471,0.7450476451800193,2.315529504342425,-0.14218989011260608
3300,49392506,i,5,-1.4307377191078778,0.027561903904714358,0.028778996759443398,52.47680115129509,-1.4307377191078778
3301,49392506,r,8,-1.5757609975140203,0.0557386474134125,0.11251359765517699,40.23069526580856,-1.5757609975140203
3302,49445020,i,9,-1.339753808389664,0.14718253478180676,0.256677596802525,56.26748858465595,-1.339753808389664
3303,49445020,r,8,-0.3938524580205638,0.2154677262593735,0.5513385460201687,9.485196940848239,-0.3938524580205638
3304,49468232,i,10,-1.1108055074161975,0.14204921261880882,0.3064174628141566,28.897563385287157,-1.1108055074161975
3305,49468232,r,8,-1.052418470699789,0.08999812636501214,0.40234439094091623,11.623710436063105,-1.052418470699789
3306,49477161,i,14,-1.1906189381413923,0.23582670174929288,0.4151618216681232,29.604211788686985,-1.1906189381413923
3307,49477161,r,18,-0.6072332019247144,0.17273843724196836,0.700052045926342,10.135476109071037,-0.6072332019247144
3308,4948218,g,2,-0.3471555604416099,0.02518683176023448,0.02518683176023445,0.48478800481052076,-0.3471555604416099
3309,4948218,i,7,-1.7332548536047427,0.04552669280618993,0.08729640259539817,110.75083476426273,-1.7332548536047427
3310,4948218,r,2,-1.2024552880368728,0.24828240126731504,0.24828240126731504,14.446145197417376,-1.2024552880368728
3311,49515727,g,3,1.1703228023720322,0.023803453876515723,0.09043486939530809,3.0028546707041706,1.1703228023720322
3312,49515727,i,5,-0.4331406883515986,0.12393074865960696,0.8084807723909158,17.554491222014434,-0.4331406883515986
3313,49515727,r,9,-0.1525796695891668,0.0939494617574741,0.85988243477207,4.569675310795181,-0.1525796695891668
3314,49574917,i,5,-0.411408254578827,0.3296739466684425,0.4066872437930096,9.094654018973618,-0.411408254578827
3315,49574917,r,6,-0.706221052999807,0.13133890645968843,0.5014768928552105,8.078316144301949,-0.706221052999807
3316,49707604,g,4,-0.21764140908068735,0.11450345624767952,0.20461210390154838,0.4033074906404165,-0.21764140908068735
3317,49707604,i,4,-0.9104856189827715,0.0501008834003831,0.055063068161892326,33.50255140908578,-0.9104856189827715
3318,49707604,r,6,-0.8900883645545643,0.09341639391347384,0.1445080962873584,19.228730887159745,-0.8900883645545643
3319,49707889,i,8,-1.6054436779944208,0.14636861504789145,0.31909446631697125,44.40494642301175,-1.6054436779944208
3320,49707889,r,5,-1.006029004396943,0.07503836750704118,0.14925049026844928,10.492585037401422,-1.006029004396943
3321,49712846,i,6,-0.022038388292513617,0.21535268884284647,0.4765289729087895,1.1604108941007532,-0.022038388292513617
3322,49712846,r,7,-0.22148907439417542,0.0859838453314215,0.7045966228555548,1.155068447941692,-0.22148907439417542
3323,49743139,g,8,0.013658829884799467,0.11956431499312178,0.2424091541482456,0.3982567969049801,0.013658829884799467
3324,49743139,i,13,-0.009555573898440084,0.2102646002403621,0.43245456670637006,1.5502651618877068,-0.009555573898440084
3325,49743139,r,10,-0.1630803214056593,0.057189616824995515,0.13042238245515062,0.6135279813301737,-0.1630803214056593
3326,49743139,u,6,1.104246748887266,0.11094776246031035,0.17051176339592367,3.486791745686915,1.104246748887266
3327,49752280,g,5,-0.204039232156782,0.02415544949089532,0.041141424496521695,0.40548219135883334,-0.204039232156782
3328,49752280,i,10,-0.18644595167771874,0.10927387705971274,0.19570363260955748,1.3759891351208258,-0.18644595167771874
3329,49752280,r,11,-0.31246099085197465,0.09350663167269913,0.17612509690064593,2.9609928581388916,-0.31246099085197465
3330,4975724,i,11,-0.6745538130283896,0.08126813793593879,0.10403456902441277,8.78221318281237,-0.6745538130283896
3331,4975724,r,3,-0.7030653573375218,0.039870580067175476,0.06802846999045797,11.072858226154123,-0.7030653573375218
3332,49762652,g,3,0.9175788059288654,0.006075585521048366,0.04458635811773293,3.2362539086508044,0.9175788059288654
3333,49762652,i,6,-0.4976505471048841,0.11563666621278057,0.20132871762238325,10.149322072555332,-0.4976505471048841
3334,49762652,r,5,-0.3367090009345225,0.11629410546121838,0.1531193706572524,3.5979202501076544,-0.3367090009345225
3335,49762652,u,2,0.03149580312610356,0.03356988933546223,0.03356988933546223,0.0031917469386924936,0.03149580312610356
3336,4976611,i,12,-1.4226367744563688,0.06532221277413586,0.10013339066283011,57.83359578500742,-1.4226367744563688
3337,4976611,r,11,-1.1771456903139979,0.1204345184637754,0.2156657477273478,27.425173153722167,-1.1771456903139979
3338,49777661,i,5,-0.769188354099613,0.05124316812622709,0.1884377159113101,13.781268994866736,-0.769188354099613
3339,49777661,r,6,-0.6695140080142331,0.04511150588954288,0.08802366185760091,6.901527546920807,-0.6695140080142331
3340,49872269,g,3,-0.265594085624542,0.131365571172402,0.16398079268651178,0.9330313322425788,-0.265594085624542
3341,49872269,i,6,-0.7437289153849227,0.15677413892020364,0.2486635279424496,5.809095364065171,-0.7437289153849227
3342,49872269,r,9,-0.44138922729863006,0.15002385901097115,0.3610756427656344,8.019356122398245,-0.44138922729863006
3343,49931128,g,3,0.6239792601799607,0.025015034675607506,0.4705441558705924,1.3897370090208527,0.6239792601799607
3344,49931128,i,5,-0.9554852696322839,0.2980201092429954,0.31810625814461146,36.08402183914028,-0.9554852696322839
3345,49931128,r,7,-0.8794167580219169,0.26692665599924503,0.7288306564381819,8.955481679572689,-0.8794167580219169
3346,49986940,g,2,-0.3871291004876657,0.10180769239367293,0.10180769239367293,1.921345565249553,-0.3871291004876657
3347,49986940,i,7,-0.8189742229954682,0.10297240940916375,0.23441037801628706,25.93335962850229,-0.8189742229954682
3348,49986940,r,6,-0.8220812102338786,0.1217970693887867,0.22256409483365802,19.741454807442256,-0.8220812102338786
3349,50022353,i,7,-1.5868933932771978,0.06287939667977205,0.11298207163284402,75.80714692227632,-1.5868933932771978
3350,50022353,r,4,-1.3066879344060096,0.035109268990402676,0.06478061633790344,38.727758277281076,-1.3066879344060096
3351,50052565,i,10,-0.002881632207866809,0.22281817862766384,0.33928183452096716,2.996017255980207,-0.002881632207866809
3352,50052565,r,10,0.3328085886695815,0.18752980275964146,0.33776543202644,2.4362649305227606,0.3328085886695815
3353,50052565,u,2,1.6458405909752742,0.12259822364502093,0.12259822364502071,5.774654480125363,1.6458405909752742
3354,50109054,g,2,-0.335289903079392,0.016873220674159528,0.016873220674159528,0.5705478201841456,-0.335289903079392
3355,50109054,i,3,-0.6321617329194659,0.04881144106864621,0.12512716701667592,9.559011567934911,-0.6321617329194659
3356,50109054,r,6,-0.4825632853423202,0.08751935407161482,0.29501257396834446,2.864410053289895,-0.4825632853423202
3357,50177473,g,4,-0.355992332091664,0.29536166567247774,0.5763161237191695,1.1930909064432251,-0.355992332091664
3358,50177473,i,2,-0.8243951482207028,0.2155986324072106,0.21559863240721067,23.133084405413467,-0.8243951482207028
3359,50177473,r,7,-1.0553103263745647,0.08259235533342313,0.0977978667895425,27.488886229394492,-1.0553103263745647
3360,5017841,g,3,0.7740944452027589,0.14024023495825522,0.14967489631404385,5.100281035538465,0.7740944452027589
3361,5017841,i,15,0.26842659151230164,0.09704913324611242,0.2241555159414552,0.907581657646682,0.26842659151230164
3362,5017841,r,12,0.17012240311377425,0.09709427670903281,0.15855468275423323,1.1093413596927628,0.17012240311377425
3363,50192310,g,4,-0.3583664189307271,0.03926504174079701,0.5446631963507876,1.7450303693303815,-0.3583664189307271
3364,50192310,i,3,-0.4360155266216733,0.08830679801907049,0.10509974949242962,4.404588149432205,-0.4360155266216733
3365,50192310,r,5,-0.43212476584024295,0.07713564617383895,0.19988685995966043,5.691981575697494,-0.43212476584024295
3366,50269946,g,3,0.5873065460716247,0.07923323267765436,0.14237291954286257,1.3820922047084467,0.5873065460716247
3367,50269946,i,4,-0.26835210295496603,0.1643896938272433,0.32022482237291944,3.981262720136578,-0.26835210295496603
3368,50269946,r,10,-0.19396440357442207,0.1232883807637335,0.18665969755884618,2.4949406817636017,-0.19396440357442207
3369,50321191,g,2,0.6217896156018647,0.07481249295801834,0.0748124929580184,5.376089686919876,0.6217896156018647
3370,50321191,i,6,-0.4278989382675123,0.20949831332717245,0.36281199776284506,6.905831519399997,-0.4278989382675123
3371,50321191,r,9,-0.35563360506989716,0.26973636806882617,0.2884339188526711,3.9526184271194995,-0.35563360506989716
3372,50326379,i,5,-1.2171899171696672,0.04424667288505946,0.057716990468964724,54.993222078938956,-1.2171899171696672
3373,50326379,r,6,-1.0132400263346686,0.18438061139784206,0.2783540653087684,16.99622921386785,-1.0132400263346686
3374,50330337,g,5,0.021629687824262,0.2837293290988547,0.7750605676224251,1.3170537400223101,0.021629687824262
3375,50330337,i,10,-0.3104804447570618,0.22155730252572925,0.4215820918229089,6.315546203243931,-0.3104804447570618
3376,50330337,r,10,0.08749346573136768,0.07896631011985812,0.15890077693291774,0.9325430390117976,0.08749346573136768
3377,50330337,u,2,2.613754348896404,0.11621479407104651,0.11621479407104651,16.750774566135945,2.613754348896404
3378,5040329,i,9,-1.7317615228928223,0.053420243392999334,0.12124371129061351,83.13665230496537,-1.7317615228928223
3379,5040329,r,6,-1.292665765806317,0.14095312532438442,0.41165301367715634,22.242641963927984,-1.292665765806317
3380,50498301,i,6,-1.2915294782171851,0.11783170421333744,0.1941082536354235,60.90866413644685,-1.2915294782171851
3381,50498301,r,6,-0.7305910091474319,0.16277976094612195,0.2627051364207881,10.919325586869697,-0.7305910091474319
3382,50528442,g,3,-0.37277262938658956,0.002486838929371349,0.46066149535179024,0.982524101125145,-0.37277262938658956
3383,50528442,i,8,-1.3249163821864869,0.10383072323119857,0.2329546144159662,79.41736203205994,-1.3249163821864869
3384,50528442,r,6,-1.0248104764711736,0.058796446126012925,0.10198764917323999,33.30958576375853,-1.0248104764711736
3385,5055708,i,8,-0.5296781817907797,0.125600094677782,0.2513360274489994,11.091736650397952,-0.5296781817907797
3386,5055708,r,3,-0.5748566472376869,0.036290650595792395,0.15256570740418646,4.621842076259122,-0.5748566472376869
3387,50570763,i,15,-0.018971210922038906,0.13027216077708437,0.38054259260786194,1.3949687567014686,-0.018971210922038906
3388,50570763,r,15,0.07772656290633417,0.13502697366041339,0.35982178385421576,0.3547057685010033,0.07772656290633417
3389,50570763,u,2,2.199247194397647,0.004837401137434361,0.004837401137434139,14.08003134978021,2.199247194397647
3390,50704141,g,3,1.1287668089355547,0.056970481826625896,0.10549916606452814,4.671250409889375,1.1287668089355547
3391,50704141,i,8,0.23534241066714606,0.050910265271106286,0.09761855259845514,0.9036269301997095,0.23534241066714606
3392,50704141,r,6,0.15798041380112166,0.0731807759090653,0.13471427606631078,0.5430227748912311,0.15798041380112166
3393,50715863,g,2,-0.15682555453433272,0.08157915167220614,0.08157915167220614,0.1180249710555956,-0.15682555453433272
3394,50715863,i,9,-1.8883460114371584,0.2285547963221275,0.2719218719900487,115.2689507685943,-1.8883460114371584
3395,50715863,r,10,-1.5494350862152673,0.1736892039702067,0.3155035514338804,36.9114981519506,-1.5494350862152673
3396,50722179,i,5,-1.5938943813723983,0.057204217003854696,0.10739236234316252,53.63666338522883,-1.5938943813723983
3397,50722179,r,6,-1.6802266218748774,0.07412184104772634,0.12475295114071816,44.259394304592284,-1.6802266218748774
3398,50783924,g,3,-0.14415077511548502,0.035090016148543235,0.15866020515030838,0.16671542419974772,-0.14415077511548502
3399,50783924,i,9,-0.9845186073813122,0.05957679454148024,0.16509239148363208,30.34787389953222,-0.9845186073813122
3400,50783924,r,10,-0.8610425599352277,0.053431536366192245,0.06585531751876983,12.892691885898092,-0.8610425599352277
3401,5081732,g,5,0.5361512366751768,0.21706174715471255,0.22797972823855184,3.639561190097156,0.5361512366751768
3402,5081732,i,11,-0.4022999128646353,0.10479534040390115,0.4335474617442573,7.513091569935932,-0.4022999128646353
3403,5081732,r,12,0.0639090735582165,0.24077366306212405,0.4722714631681494,3.426926422087035,0.0639090735582165
3404,5081732,u,2,1.5172923234249658,0.10992166708484552,0.10992166708484552,5.418943712949606,1.5172923234249658
3405,50894480,i,5,-1.4641782383704838,0.012882725865469347,0.11869174305084496,35.010131917774615,-1.4641782383704838
3406,50894480,r,6,-1.2034084796563573,0.07864456723770097,0.13575806128122925,17.061857931137187,-1.2034084796563573
3407,50922074,i,10,-0.9851976588375866,0.16050123429533836,0.29663796047141955,30.326007722570456,-0.9851976588375866
3408,50922074,r,7,-0.5315050845999554,0.25454945767668335,0.5622367870730274,8.50095008391887,-0.5315050845999554
3409,5094187,g,6,0.023787862312439123,0.4067108129959794,0.6215324105247149,0.7739405053723744,0.023787862312439123
3410,5094187,i,14,-0.7331263711853441,0.12713853008315534,0.373377700511463,24.26073877333331,-0.7331263711853441
3411,5094187,r,10,-0.5880316876739002,0.2950553585189723,0.6486539419710546,12.700859241561036,-0.5880316876739002
3412,50964993,g,3,-0.09483921386970962,0.030823303249431833,0.055702580662711276,0.08370252634707313,-0.09483921386970962
3413,50964993,i,4,-0.4283224932063392,0.10935558817616592,0.12344694231421244,4.769648156297758,-0.4283224932063392
3414,50964993,r,5,-0.44056787730418445,0.04898278955686808,0.1618704161259561,4.873421399542917,-0.44056787730418445
3415,50973208,g,3,-0.4992091562425709,0.0034934307486794713,0.38115605781194806,0.6929544277387404,-0.4992091562425709
3416,50973208,i,4,-1.929841889650732,0.1709619378604419,0.1783911312940507,85.03934010067114,-1.929841889650732
3417,50973208,r,5,-1.8475963428767141,0.12255405324138136,0.4682634510816792,46.26682303502322,-1.8475963428767141
3418,51001989,g,4,0.404383961328758,0.034307952092231586,0.1881727197979541,0.6587490210339382,0.404383961328758
3419,51001989,i,10,-0.11800176141148727,0.1665445269311034,0.34721590023393045,1.5082708886894978,-0.11800176141148727
3420,51001989,r,7,-0.011571306210708343,0.04045530879875203,0.08386229152312638,0.6994475884644372,-0.011571306210708343
3421,51024488,g,4,0.28285621307984826,0.21452387531387446,0.48130536585166117,0.850360121696067,0.28285621307984826
3422,51024488,i,4,-0.37486073693038835,0.04158326709979765,0.2075743157542772,0.974845656348674,-0.37486073693038835
3423,51024488,r,2,-0.22513358887593637,0.5284957199832926,0.5284957199832926,4.694079894994075,-0.22513358887593637
3424,51057745,i,6,-1.621142150023105,0.15329802781957946,0.2515591690478787,59.71354066819173,-1.621142150023105
3425,51057745,r,5,-1.5891897811303888,0.03236511400113429,0.11947350506523113,29.04245776138281,-1.5891897811303888
3426,51074271,g,2,-0.25692440745494827,0.0616201648489878,0.0616201648489878,0.6804894232150083,-0.25692440745494827
3427,51074271,i,6,-1.0863166841163885,0.10689187920454957,0.18433711845941547,56.78415079439251,-1.0863166841163885
3428,51074271,r,6,-0.9010459671969238,0.019683913307143586,0.0375038747325539,20.885997719841118,-0.9010459671969238
3429,51089607,g,4,0.5396265292788087,0.06055654198508742,0.23348512043677017,2.6452044981251417,0.5396265292788087
3430,51089607,i,9,-0.1099647062921989,0.2395821921872831,0.5173844463019536,4.187710788924407,-0.1099647062921989
3431,51089607,r,9,-0.15669038987556216,0.09501288795519708,0.31516488650978164,2.9832772612939156,-0.15669038987556216
3432,51090017,g,3,0.693380876770087,0.021958677061712506,0.22991060347980663,1.7128114057441828,0.693380876770087
3433,51090017,i,10,-0.49193028926209653,0.16530154632232652,0.32368934951427686,12.019639021261124,-0.49193028926209653
3434,51090017,r,5,-0.3577799276117296,0.22714537455933204,0.43935068852975967,2.4817262383057055,-0.3577799276117296
3435,51096947,i,14,-1.330695803730591,0.16203528537883405,0.3967799573009301,38.256216531312575,-1.330695803730591
3436,51096947,r,10,-1.1039987978255623,0.1003753207504865,0.2660952562377005,17.61287164372688,-1.1039987978255623
3437,51128261,g,3,-0.43887100764818293,0.006145461893876825,0.15585305550200423,0.6068436669088315,-0.43887100764818293
3438,51128261,i,19,-1.789378628639851,0.15180699979454548,0.2798699797129409,87.30200317726954,-1.789378628639851
3439,51128261,r,14,-1.4560300907037782,0.11255979859973508,0.20219532177711175,35.090964532434924,-1.4560300907037782
3440,51164322,g,3,-0.3010511496760802,0.02961025009898327,0.0316617927057915,0.6680716345905289,-0.3010511496760802
3441,51164322,i,5,-1.2290026582133602,0.09564973985159475,0.2447739181137576,65.60990130327923,-1.2290026582133602
3442,51164322,r,3,-1.11510702718362,0.022668420007423418,0.10562427751084491,33.68284993319228,-1.11510702718362
3443,51187337,i,7,-0.9473237999920805,0.16860662506800494,0.3702423622936821,29.665138583826455,-0.9473237999920805
3444,51187337,r,10,-1.0103511561489378,0.11828689853643448,0.7700682984485234,12.017394169896445,-1.0103511561489378
3445,5119461,g,5,-0.02139538230556559,0.24622589506498682,0.40244492759167144,0.5245712967822254,-0.02139538230556559
3446,5119461,i,9,-0.21262667650612344,0.061775729491009956,0.21386457462050196,1.7566765980486672,-0.21262667650612344
3447,5119461,r,14,-0.31557884787176704,0.12396818368206478,0.25577380955185963,2.402243298255763,-0.31557884787176704
3448,51212196,g,2,0.46023625499548965,0.04523964322598445,0.045239643225984394,1.0778745814391106,0.46023625499548965
3449,51212196,i,11,-0.8377436658860664,0.07173335888386556,0.15068085148557275,33.24124087674798,-0.8377436658860664
3450,51212196,r,8,-0.42619201759814296,0.1658236814751048,0.3248412772115693,2.825277752866015,-0.42619201759814296
3451,5123709,g,2,-0.34426137207376983,0.025241820702018747,0.025241820702018747,1.1858819060090335,-0.34426137207376983
3452,5123709,i,6,-0.3541148061240049,0.057098068327943174,0.12389259868424246,10.656517474393441,-0.3541148061240049
3453,5123709,r,5,-0.5386571105733438,0.006986741377122185,0.09976844709849608,7.384049334616075,-0.5386571105733438
3454,51254155,g,2,-0.35426155865809067,0.034003338128646254,0.03400333812864631,1.5105470606286504,-0.35426155865809067
3455,51254155,i,5,-0.6714554312560418,0.11374563266242044,0.14718966631674524,14.77861627610827,-0.6714554312560418
3456,51254155,r,7,-0.536472646435419,0.03640217329005513,0.05917705447400534,11.723943299822958,-0.536472646435419
3457,51267329,g,2,0.07800238401748921,0.0901237675635555,0.0901237675635555,0.05964649249371961,0.07800238401748921
3458,51267329,i,8,-1.2888634881057677,0.1204395956159715,0.24280054034113996,38.48362001483466,-1.2888634881057677
3459,51267329,r,7,-0.8632511784141033,0.1889123471720322,0.43527863757792074,8.314984340186447,-0.8632511784141033
3460,5134307,i,7,-0.1430456015694921,0.08833851583304164,0.481743986470162,8.909039089563217,-0.1430456015694921
3461,5134307,r,4,0.09088580797955492,0.13045847122676424,0.3216044723595829,2.7298316442042077,0.09088580797955492
3462,51425943,g,2,0.064711404966732,0.15080759258818244,0.15080759258818244,0.20938374977954866,0.064711404966732
3463,51425943,i,10,-0.6418056420839668,0.1059626143692608,0.22728296897031797,16.163294442501467,-0.6418056420839668
3464,51425943,r,11,-0.4995144570217114,0.12627122374541122,0.2453464185379628,4.8894670432093355,-0.4995144570217114
3465,51465284,i,6,0.02770301975727986,0.3439151400589595,0.7809666136009179,8.866666393414567,0.02770301975727986
3466,51465284,r,5,-0.2970014470711032,0.294589933179798,0.6808539605533345,5.012005093248265,-0.2970014470711032
3467,51503564,g,2,-0.28175784019903344,0.055685534698628636,0.05568553469862858,0.6600985820659792,-0.28175784019903344
3468,51503564,i,11,-0.5124074295046884,0.05350601202623728,0.13743180675322042,13.384412886464462,-0.5124074295046884
3469,51503564,r,5,-0.6973058326622373,0.05142151127014072,0.1384029149116015,14.412575815560619,-0.6973058326622373
3470,51522930,g,4,-0.3379718720605185,0.008517436880690538,0.3346350214274614,2.0004155821985528,-0.3379718720605185
3471,51522930,i,8,-0.08662640161744192,0.22421357599758965,0.37026950298241906,3.357479675055843,-0.08662640161744192
3472,51522930,r,8,0.17981792277571246,0.10389433585055335,0.36222519184354063,3.2327844291397057,0.17981792277571246
3473,51522930,u,2,1.0467178126643306,0.8283473967913629,0.828347396791363,2.680926211684631,1.0467178126643306
3474,51589704,g,3,-0.15960553334728095,0.04177995432958803,0.17383554198238044,0.48679935155769205,-0.15960553334728095
3475,51589704,i,3,-0.8327733941686435,0.10604547179037005,0.2879673629624252,19.648377413565807,-0.8327733941686435
3476,51589704,r,6,-1.0442656941753303,0.06941636553866976,0.13561297049364796,34.94286118564667,-1.0442656941753303
3477,51598642,i,10,-0.9745791287465122,0.11534724401683782,0.21502049460230577,49.74474442674092,-0.9745791287465122
3478,51598642,r,6,-1.0463365978565247,0.04037450103100804,0.06318523114431751,36.77235159546583,-1.0463365978565247
3479,51601782,i,7,-0.6774563479752418,0.20243567936910578,0.30425716754286125,15.969135625693497,-0.6774563479752418
3480,51601782,r,7,-0.5211893263578979,0.15303826287073008,0.265011638470075,7.697693569225153,-0.5211893263578979
3481,5162523,i,12,-2.0155051841088563,0.3372936199205976,0.489679363734969,107.61863150601148,-2.0155051841088563
3482,5162523,r,6,-1.8612421101687229,0.08212823118880597,0.34606162645149285,40.2425641651779,-1.8612421101687229
3483,51699649,g,3,-0.30041050825395754,0.04019519981690889,0.07023901010884426,0.5926965250325992,-0.30041050825395754
3484,51699649,i,8,-0.6291508865440981,0.04550494512355757,0.08496596229772646,15.145731790976726,-0.6291508865440981
3485,51699649,r,7,-0.47770678462104965,0.03280510912152845,0.06754110817377917,7.516793373334406,-0.47770678462104965
3486,51736040,g,3,0.2293106661623029,0.04783770334461335,0.1875104683483279,0.5590588681641709,0.2293106661623029
3487,51736040,i,7,0.16275282615266173,0.1330208024801921,0.2529572232463575,1.4456228027112286,0.16275282615266173
3488,51736040,r,10,0.17104666176385241,0.21202209433095467,0.4433559541072477,1.0089979824571143,0.17104666176385241
3489,51765533,i,11,-0.36936631307148515,0.10527534346109907,0.18424219345643078,5.7845920576633665,-0.36936631307148515
3490,51765533,r,4,-0.48985723037391926,0.05210266673152708,0.09297749254360244,5.4290019173506385,-0.48985723037391926
3491,51778580,g,3,-0.031348989360768464,0.0033277091666713554,0.5173023306995752,1.4504000469008913,-0.031348989360768464
3492,51778580,i,12,-0.6755360784447962,0.15583455915514516,0.38735820221536665,28.39073916346059,-0.6755360784447962
3493,51778580,r,11,-0.6475715444546521,0.23013382621687195,0.3946793934002195,9.771988366765699,-0.6475715444546521
3494,51795536,i,8,-0.8917410512637041,0.1080662819547003,0.166964257945314,18.314205847141846,-0.8917410512637041
3495,51795536,r,5,-1.0052302573263798,0.1541803617629598,0.7406969705953466,13.057476476195527,-1.0052302573263798
3496,51844209,g,6,0.062391945061137294,0.042039871215820285,0.1447828462724038,0.12028634323371422,0.062391945061137294
3497,51844209,i,6,-0.6391548525483512,0.06772066224020518,0.1262826098440054,7.323130742739072,-0.6391548525483512
3498,51844209,r,7,-0.4978647157048961,0.04429332108178674,0.3033391949673582,1.9074351066466961,-0.4978647157048961
3499,51870830,g,4,0.03599730542198107,0.3109491113694131,0.7044093313935809,1.448337493797167,0.03599730542198107
3500,51870830,i,12,0.19875311310424193,0.1206594383147852,0.3544001641989352,1.45407596738264,0.19875311310424193
3501,51870830,r,12,0.1279171475637509,0.2804895982855711,0.5827976362812475,1.1261198308589015,0.1279171475637509
3502,51886576,g,2,-0.2924755590640699,0.19999131960366218,0.19999131960366215,0.5840663992728808,-0.2924755590640699
3503,51886576,i,9,-1.7335022921167158,0.0841308322202885,0.262047526377849,88.01664335840967,-1.7335022921167158
3504,51886576,r,7,-1.443942995470567,0.0377276608196937,0.06534215333997606,22.453682091404037,-1.443942995470567
3505,51888839,g,3,-0.024884633417387336,0.369983333604489,0.535631584376211,0.8820693301001764,-0.024884633417387336
3506,51888839,i,8,-0.8339377878911141,0.15715904702018513,0.3221070539754879,22.42896511545569,-0.8339377878911141
3507,51888839,r,8,-0.45922632043807676,0.21266949474290542,0.46458199733617184,7.73785858312086,-0.45922632043807676
3508,51939787,i,6,-1.5261109489316655,0.15748903665220426,0.24356138836723007,53.25375879235998,-1.5261109489316655
3509,51939787,r,7,-1.6367537024022825,0.05078723006711905,0.1940637210528342,35.709500816466736,-1.6367537024022825
3510,52001168,g,5,0.5384619763124834,0.1259242489743777,0.7331632945459667,0.7672413451722455,0.5384619763124834
3511,52001168,i,13,-0.20334704998732256,0.09379280798913153,0.14108627443838567,2.0579260972466966,-0.20334704998732256
3512,52001168,r,10,0.031020737992756446,0.15092147884626683,0.29105626142588614,0.9667029920151338,0.031020737992756446
3513,52001168,u,3,1.653927607617404,0.017065478804607848,0.24539963828228561,9.21411736260352,1.653927607617404
3514,52022055,g,3,-0.3582982361821417,0.0005805324210689244,0.06387909620292964,0.5951540221415722,-0.3582982361821417
3515,52022055,i,4,-1.2680168484710492,0.05096673195578694,0.08134085921767964,69.25958433245206,-1.2680168484710492
3516,52022055,r,6,-1.0500799960274176,0.05459264805910591,0.08743568107886679,18.832142882492395,-1.0500799960274176
3517,52068357,i,7,-1.0917287473022763,0.0628013849345197,0.18959443290991418,36.40079231929446,-1.0917287473022763
3518,52068357,r,4,-1.0183274602396644,0.01072212102797343,0.25871878940019233,31.986887752020024,-1.0183274602396644
3519,52175944,i,8,-0.8628222523719316,0.04367684021947538,0.18173080649351803,21.58592113608101,-0.8628222523719316
3520,52175944,r,5,-0.6449156431147032,0.01819711087751119,0.029587571605439678,7.27994980920333,-0.6449156431147032
3521,52179750,i,5,-0.490217967952049,0.08112757134626741,0.11131073143738213,4.499478832573601,-0.490217967952049
3522,52179750,r,9,-0.19827409004127472,0.18335087760672197,0.2961853587798613,1.856348687408428,-0.19827409004127472
3523,52273120,g,2,-0.5119246472085037,0.1555001617882465,0.15550016178824644,0.9797546667525004,-0.5119246472085037
3524,52273120,i,7,-2.088879865514935,0.08863532773599259,0.18385277839631264,82.69842611896695,-2.088879865514935
3525,52273120,r,10,-1.8002969442276133,0.08360401083357616,0.13991473287674294,56.72007176901769,-1.8002969442276133
3526,52360103,i,5,-1.330736658848525,0.16387050348681798,0.19801453763914711,61.59797770342833,-1.330736658848525
3527,52360103,r,5,-1.252561927507955,0.11269010388510892,0.21424513175990612,31.132312257360063,-1.252561927507955
3528,52436725,i,9,-1.4084394463063652,0.11786933467865368,0.13778034087172908,47.273849056534694,-1.4084394463063652
3529,52436725,r,7,-1.1664155406110224,0.1580457544109659,0.31878767418187093,17.256822452799035,-1.1664155406110224
3530,52466936,g,2,-0.5236821682746474,0.11216974466258434,0.11216974466258439,2.962757465958692,-0.5236821682746474
3531,52466936,i,3,-0.4000666570176747,0.02494623912960625,0.10157219396224215,3.5111266696826715,-0.4000666570176747
3532,52466936,r,6,-0.370604234654921,0.07526640773037127,0.13857088614511232,3.5363352600433835,-0.370604234654921
3533,52502703,g,2,-0.2946757839667741,0.07182592584876532,0.07182592584876529,0.9638333095515299,-0.2946757839667741
3534,52502703,i,6,-0.17160161848438388,0.08186047519767475,0.12759632898990858,1.562019459254701,-0.17160161848438388
3535,52502703,r,3,-0.09166259166589166,0.26554130531131515,0.35199626839732523,0.9176636486737898,-0.09166259166589166
3536,52537774,i,14,0.29754577456941794,0.4589842125258831,0.7821396060648191,4.214138022833745,0.29754577456941794
3537,52537774,r,10,0.5580897915013131,0.28207659275837765,0.7448622606831381,3.2802015866757253,0.5580897915013131
3538,52561923,i,8,-1.1589259509361498,0.06277878998679676,0.3087406375000603,32.083948151490716,-1.1589259509361498
3539,52561923,r,4,-1.051884189812129,0.10256166859871019,0.23319818323396568,20.18609201804624,-1.051884189812129
3540,5257781,g,2,-0.032255751770813246,0.2262918535196768,0.2262918535196768,1.2171860500888405,-0.032255751770813246
3541,5257781,i,9,0.530260047714969,0.6954819459460009,0.9854333318022357,18.089441687758423,0.530260047714969
3542,5257781,r,9,-0.26424573504860266,0.06130819143545724,0.10371415740831874,12.48814063546299,-0.26424573504860266
3543,5257781,u,2,0.4183785499197092,0.009979543487849074,0.009979543487849019,0.5004457027348789,0.4183785499197092
3544,52629746,g,6,-0.015877680983683917,0.29526222513595546,0.9459726615927783,1.2047529640871917,-0.015877680983683917
3545,52629746,i,13,-0.5324140678971131,0.13337513776136178,0.2343161385654463,12.081725800907227,-0.5324140678971131
3546,52629746,r,12,-0.2366405628805825,0.07019434035576577,0.1980998927383144,4.344113745876687,-0.2366405628805825
3547,52629746,u,2,1.3984808825552202,0.22571510079428947,0.22571510079428947,3.756746970505886,1.3984808825552202
3548,52635920,g,3,1.0512584334142128,0.0022288102487888484,0.14457975594303374,2.708682870307912,1.0512584334142128
3549,52635920,i,7,-1.223149927056546,0.05302925875758091,0.1916800263314522,82.49603466549198,-1.223149927056546
3550,52635920,r,7,0.0810367177773188,0.01953139228844253,0.5048497027797934,4.27180379807035,0.0810367177773188
3551,52653288,g,4,0.8500464058541645,0.23516877731671426,0.47749498162816495,19.016698918184918,0.8500464058541645
3552,52653288,i,4,-0.3176098440614851,0.06353464371796244,0.17005203534501231,2.2278542410844917,-0.3176098440614851
3553,52653288,r,7,0.0033374506515406743,0.14082571708003933,0.5533510779194146,8.018396387548835,0.0033374506515406743
3554,52653288,u,3,1.308111114513748,0.48470920317542987,0.5307366072240476,5.944770055611808,1.308111114513748
3555,52685742,i,8,-1.496444303327852,0.03675361638342489,0.07213135100825463,40.386250538912954,-1.496444303327852
3556,52685742,r,5,-0.7457214218437378,0.04174811163241665,0.06077965580029299,4.19061421494772,-0.7457214218437378
3557,52743269,g,6,0.5940571941894898,0.07208419837536151,0.1262807970759645,6.635300047319706,0.5940571941894898
3558,52743269,i,7,-0.21446072926482262,0.17608049590500763,0.40930516155391483,4.7849341198143245,-0.21446072926482262
3559,52743269,r,8,0.6018241265188071,0.1755802082058257,0.3817800712536116,6.44136311265481,0.6018241265188071
3560,52746194,g,3,0.10453277671873795,0.038255849097103334,0.1017453807580978,0.06417831708569395,0.10453277671873795
3561,52746194,i,7,-1.0253263876974257,0.07979868229482301,0.15207843819498557,27.728673965535823,-1.0253263876974257
3562,52746194,r,7,-0.9694898298170103,0.051757854737054076,0.10184640904640108,24.22483405870619,-0.9694898298170103
3563,52845284,i,8,-1.0736112397124824,0.16751323304091048,0.2909976115613222,23.630841342513516,-1.0736112397124824
3564,52845284,r,3,-1.0545484364128943,0.15771468183457094,0.26845832166951966,8.339985529963617,-1.0545484364128943
3565,52848705,g,3,0.6171620923823751,0.2698382220929325,0.45779287379587963,1.5283576238214416,0.6171620923823751
3566,52848705,i,11,-0.25872754223882083,0.264617554538271,0.7468167723591657,6.3872728876804725,-0.25872754223882083
3567,52848705,r,12,-0.018356508371505875,0.20172826000022243,0.32937206829200416,3.5808902775601754,-0.018356508371505875
3568,52864030,g,2,-0.29905964866510765,0.12016176587209487,0.1201617658720949,0.7095354851782453,-0.29905964866510765
3569,52864030,i,5,-1.1492985776340532,0.007071316367433633,0.0082646606535981,86.15625856289016,-1.1492985776340532
3570,52864030,r,4,-0.9065429870271251,0.07254636064976239,0.1535570486371508,22.79141476954538,-0.9065429870271251
3571,52868448,i,11,-0.876740259298184,0.10794335006118028,0.18872914607958358,15.31452568010947,-0.876740259298184
3572,52868448,r,14,-0.8483312375811056,0.22391395544734327,0.5689107290721447,8.107454157631299,-0.8483312375811056
3573,52870622,g,4,-0.3525365862969576,0.033053493031647896,0.13879931443065432,0.7308778664913107,-0.3525365862969576
3574,52870622,i,11,-1.0483256692908338,0.17381052529350094,0.43862615477227984,21.005530146105002,-1.0483256692908338
3575,52870622,r,14,-0.5315226556813005,0.22031671794339414,0.4154160662326968,12.823901833673245,-0.5315226556813005
3576,52881308,i,9,-0.8992829158157987,0.17750841705046883,0.31714050303275254,18.095548045347368,-0.8992829158157987
3577,52881308,r,8,-0.9869891591041193,0.07931807542043734,0.3625707306048894,15.566396503108637,-0.9869891591041193
3578,52915383,g,2,-0.3881800129882795,0.007830563194994367,0.007830563194994311,0.7241487775401161,-0.3881800129882795
3579,52915383,i,6,-1.585895786070628,0.0640280815442148,0.27537912768221084,98.80082903559021,-1.585895786070628
3580,52915383,r,9,-1.4602299006117303,0.09261973928349776,0.7697664219970779,28.824858297431383,-1.4602299006117303
3581,53142856,g,3,0.07181374746137031,0.005982683756804497,0.11726505233801937,0.24428429195514342,0.07181374746137031
3582,53142856,i,2,-0.35144763762584447,0.16846838065236786,0.1684683806523678,3.639135274385771,-0.35144763762584447
3583,53142856,r,8,0.25906701867124987,0.19455689489320283,0.3770785104006006,2.023620388990428,0.25906701867124987
3584,53150686,i,6,-1.0045930731324386,0.10409472530087005,0.18783071703916976,27.856450376041792,-1.0045930731324386
3585,53150686,r,8,-0.9826174509463799,0.05690891214013977,0.13970429609865653,23.121651859750443,-0.9826174509463799
3586,53167579,g,3,-0.21319051003576595,0.1095014671864657,0.1332865161425515,0.2213077032439843,-0.21319051003576595
3587,53167579,i,9,-1.520329685639365,0.08817439399725924,0.11794898798471243,72.0047894641893,-1.520329685639365
3588,53167579,r,7,-1.2666184874984996,0.05297025245584375,0.3140841285213124,15.99178408847841,-1.2666184874984996
3589,53218704,i,5,-1.293303906053817,0.02747599617777219,0.03866424799649382,65.2964744156075,-1.293303906053817
3590,53218704,r,6,-1.0010005687193855,0.013969153906719156,0.025636633155003308,23.239542789231,-1.0010005687193855
3591,53219759,g,2,-0.11696971636269438,0.1313497259646359,0.1313497259646359,0.21961161914407565,-0.11696971636269438
3592,53219759,i,8,-0.6066855967165616,0.07323394763377156,0.14106358149689657,10.881277258935146,-0.6066855967165616
3593,53219759,r,7,-0.5643753130782807,0.0985872388294089,0.14146050357155882,7.231799635522719,-0.5643753130782807
3594,53249259,g,4,-0.06142681182931703,0.26276872293181064,0.5001156094005956,1.06343875830018,-0.06142681182931703
3595,53249259,i,10,-0.7058662704545298,0.08512746010425942,0.13821598903416987,13.456854657887149,-0.7058662704545298
3596,53249259,r,12,-0.2184814522429161,0.19020519866330324,0.32786827569265753,4.428338872446204,-0.2184814522429161
3597,53296807,g,3,0.3510194474512047,0.3169504309683395,0.3832337470830184,1.1123732506923834,0.3510194474512047
3598,53296807,i,15,-1.0284647210257223,0.06440722765279205,0.26070281266130935,58.23483447508052,-1.0284647210257223
3599,53296807,r,14,-0.6091754023902312,0.3459453606890805,0.5640795651165882,17.260009353467193,-0.6091754023902312
3600,53296807,u,2,0.5069534712579674,0.03209205341149157,0.03209205341149152,0.42897736086529015,0.5069534712579674
3601,53434348,g,2,-0.4511786852766039,0.038705282233302246,0.03870528223330222,1.1565093775167867,-0.4511786852766039
3602,53434348,i,9,-1.0356752746797568,0.05631425788731881,0.11199670585041988,21.57886190395313,-1.0356752746797568
3603,53434348,r,6,-0.4425553214580409,0.4459729592739173,0.8259810224374715,9.902404939210731,-0.4425553214580409
3604,53448072,i,6,-0.6913727566821912,0.06587146102978625,0.11438257929680007,21.26345112083155,-0.6913727566821912
3605,53448072,r,5,-0.691967054500578,0.048748219591660646,0.1744843734396162,15.793480960956824,-0.691967054500578
3606,53476982,i,5,-1.2554013086195428,0.12135929006151192,0.317244785126213,20.938910701174343,-1.2554013086195428
3607,53476982,r,6,-1.088539409525036,0.02901898939973213,0.05684781570550146,22.167173762943055,-1.088539409525036
3608,53483061,i,6,-1.386360089951875,0.1427817516838915,0.5891919564059814,24.966658259082973,-1.386360089951875
3609,53483061,r,6,-1.1699805662593437,0.09642237243616003,0.1842655915261262,15.318514322984425,-1.1699805662593437
3610,5349239,g,2,0.21702400652392967,0.03503666785797693,0.03503666785797693,0.31591270267458416,0.21702400652392967
3611,5349239,i,6,-0.5449504628575566,0.090922799833688,0.3158426343300629,4.2094012756475605,-0.5449504628575566
3612,5349239,r,8,-0.2150869699088662,0.05621417723930741,0.13711461280752668,1.3967387442124872,-0.2150869699088662
3613,53533745,g,4,1.046116745431025,0.11652999042599388,0.4625791766964289,4.226740036521999,1.046116745431025
3614,53533745,i,15,-0.3982388571298505,0.13958034595507107,0.25397101758104434,8.317034802347317,-0.3982388571298505
3615,53533745,r,10,-0.18913797314305886,0.180310729088074,0.320811151026882,5.546338714647296,-0.18913797314305886
3616,53634247,g,2,-0.018605646216918098,0.04877354575170281,0.04877354575170281,0.037210891972524245,-0.018605646216918098
3617,53634247,i,6,-0.5595981211104555,0.19772781673628506,0.3686018684077752,9.531468940572838,-0.5595981211104555
3618,53634247,r,7,-0.4279268096890765,0.14422045882049817,0.30638352772092414,4.206332941091792,-0.4279268096890765
3619,53642470,i,6,-1.3081451693338682,0.1281373376121543,0.2566272436139676,32.69443608830017,-1.3081451693338682
3620,53642470,r,8,-1.048185607159085,0.16493001814970398,0.2826355338473129,13.575572897807849,-1.048185607159085
3621,53771760,i,8,-0.6090739780602296,0.22376331369389102,0.4081169759236632,8.767481463635782,-0.6090739780602296
3622,53771760,r,7,-0.5943408803672157,0.15026219364775462,0.5135649208391182,7.437928189049613,-0.5943408803672157
3623,53780037,g,4,0.3721265147991256,0.005628680573656286,0.011227840958404955,0.3122031786919222,0.3721265147991256
3624,53780037,i,5,-0.27461437842757297,0.0743574056489546,0.08616990543939501,2.875301545509334,-0.27461437842757297
3625,53780037,r,3,-0.2469228274288247,0.011627101937660977,0.178550594873677,1.9947547822049252,-0.2469228274288247
3626,53886376,i,7,-1.1681383104224163,0.12867174220851707,0.22816123137024924,51.992602203526886,-1.1681383104224163
3627,53886376,r,4,-0.9538116756397793,0.08413630265505212,0.18096552810321198,27.544456338544553,-0.9538116756397793
3628,53889916,i,7,-0.6445974083533907,0.06473114786047474,0.40286774469251396,8.677917673034594,-0.6445974083533907
3629,53889916,r,7,-0.360137346174095,0.36127153429921355,0.767684091651803,3.2901415900969337,-0.360137346174095
3630,54018458,g,2,-0.4072956347949349,0.02251544166121136,0.02251544166121139,1.2426232257330674,-0.4072956347949349
3631,54018458,i,7,-0.2031700247568521,0.06528985187254324,0.2842061578404752,4.1104441175172095,-0.2031700247568521
3632,54018458,r,8,-0.5327223749251411,0.05220800835029532,0.10057462797583572,5.991100515668904,-0.5327223749251411
3633,54097527,i,8,-1.62945207510917,0.17128062382607956,0.3275516958309028,53.133679342105374,-1.62945207510917
3634,54097527,r,9,-1.0743395842112446,0.21439985406280826,0.3259810932347156,9.559440743263043,-1.0743395842112446
3635,54119164,g,4,-0.40500160976854094,0.03455538202600844,0.054327954098907116,0.918409306959904,-0.40500160976854094
3636,54119164,i,7,-0.26985382383790474,0.06505633247998621,0.1502447219654561,2.3379243529677316,-0.26985382383790474
3637,54119164,r,8,-0.5654171424767985,0.048911709914661705,0.06865450933382511,6.325948129827236,-0.5654171424767985
3638,54126216,i,6,0.11633632655016263,0.05578918556806778,0.2402238729836844,1.8096410803447718,0.11633632655016263
3639,54126216,r,4,0.19091308787081662,0.10338322144691808,0.20571964210098231,1.1693837548380537,0.19091308787081662
3640,5414296,g,4,-0.2955071641991319,0.026165947460903338,0.2707056426710715,1.7496906219653199,-0.2955071641991319
3641,5414296,i,6,-0.36051385142537334,0.13462764499559882,0.4899047897442681,7.510204644908448,-0.36051385142537334
3642,5414296,r,9,-0.21990261151812862,0.21044439398465353,0.2828485339116329,4.720333281061972,-0.21990261151812862
3643,54185137,i,8,-0.09622080692492707,0.2953919603035466,0.5236304154481616,5.015709776290503,-0.09622080692492707
3644,54185137,r,5,0.4934003965480871,0.04582952040460209,0.07100606514376961,1.6996536786191303,0.4934003965480871
3645,5420268,i,6,-0.39525242211370193,0.1130320981584304,0.17164132712576746,5.8087062621437076,-0.39525242211370193
3646,5420268,r,6,-0.44268753074048645,0.15905966627986556,0.38728716994787715,8.56235014041384,-0.44268753074048645
3647,54263655,i,7,-0.8818135081258863,0.1380503639538283,0.3275782310261808,27.172981665900586,-0.8818135081258863
3648,54263655,r,5,-0.7363300699451448,0.10633723930446604,0.17938371268450215,10.687583180103882,-0.7363300699451448
3649,54294007,g,2,0.025974435985863353,0.36438843998473325,0.36438843998473325,1.1169877429293777,0.025974435985863353
3650,54294007,i,8,-0.46791018428772424,0.0486549893109508,0.08453069555440196,7.262686624313074,-0.46791018428772424
3651,54294007,r,10,-0.2082944804431099,0.19473669815591765,0.3556336981350477,3.9773692170427886,-0.2082944804431099
3652,54344728,i,11,-1.9738473823040006,0.11129035109849172,0.33841599407241274,110.55614703203595,-1.9738473823040006
3653,54344728,r,7,-1.7229074162687101,0.06742365362514957,0.16496995878062215,37.09413593712737,-1.7229074162687101
3654,54372141,g,2,0.596432354568363,0.800306361870674,0.8003063618706739,2.6786666702414426,0.596432354568363
3655,54372141,i,11,-0.6052662986650637,0.06182690671994873,0.11944214285762644,16.4164747237691,-0.6052662986650637
3656,54372141,r,11,0.030469350869073875,0.08573937407628285,0.5325471870778102,5.1438010381971555,0.030469350869073875
3657,54428802,g,5,0.2956153139085384,0.02740068590934469,0.03359476905456288,1.4003208685765869,0.2956153139085384
3658,54428802,i,5,-0.7423588548810032,0.12685648817548534,0.21635570522424985,7.90068073696481,-0.7423588548810032
3659,54428802,r,4,-0.10933768301384306,0.13435217062729832,0.2851545276863825,1.0686015568636391,-0.10933768301384306
3660,5449349,g,5,-0.20938090783297525,0.08464062962237406,0.13618515436248135,0.6362233695793121,-0.20938090783297525
3661,5449349,i,7,-0.9368332974989204,0.2100469876856208,0.2928118666034276,17.427219068171002,-0.9368332974989204
3662,5449349,r,6,-0.6630582602106578,0.1686155399385264,0.32653640396198913,19.019173949285474,-0.6630582602106578
3663,54530668,i,6,-1.234287187479524,0.06781678067916064,0.12968658687281232,33.203539025407345,-1.234287187479524
3664,54530668,r,4,-1.1056596819098865,0.03319731017293992,0.06702150398821649,31.410225267836022,-1.1056596819098865
3665,54734956,g,7,-0.25433383328601267,0.1389070179412838,0.30461835217974526,1.0294458706237364,-0.25433383328601267
3666,54734956,i,12,-0.654939656755883,0.28287972767599817,0.43462648682602645,23.731934530445788,-0.654939656755883
3667,54734956,r,14,-0.7675152045171365,0.10854775992433807,0.3893511197193486,15.651724860713589,-0.7675152045171365
3668,54747574,i,6,-1.0966304198786556,0.10166749466214026,0.2575184352231723,33.53220104042058,-1.0966304198786556
3669,54747574,r,6,-1.2403012333928305,0.09884672441553,0.16740076178316232,33.99783113943571,-1.2403012333928305
3670,54760329,g,5,0.4991701310338184,0.3669544625198255,0.6461416551919924,3.1055364062211526,0.4991701310338184
3671,54760329,i,4,0.016016872323915632,0.0037320185073564383,0.018615049228335567,0.011176777999544103,0.016016872323915632
3672,54760329,r,3,0.7179791395355918,0.03959853075524811,0.051026344876694774,12.371925706706778,0.7179791395355918
3673,54760613,g,4,-0.32034281088291067,0.14504020296856962,0.19021176239023652,0.5032299968211889,-0.32034281088291067
3674,54760613,i,7,-1.4329878397410651,0.05720331002580292,0.38749827259425995,45.70731451490945,-1.4329878397410651
3675,54760613,r,7,-1.3882656366117776,0.14280763243655592,0.22866269445412368,28.3761311030272,-1.3882656366117776
3676,54791488,g,4,-0.3725418847085239,0.019376552500481342,0.043729825796109456,0.6702898466145245,-0.3725418847085239
3677,54791488,i,6,-1.139523026029471,0.2746494512899852,0.42787416451764493,38.46887347636952,-1.139523026029471
3678,54791488,r,3,-1.2295845376415848,0.00434693203029779,0.1890938152980972,25.700498150829176,-1.2295845376415848
3679,54805788,g,2,-0.013498446869597586,0.029107069584648343,0.029107069584648343,0.004235715151517982,-0.013498446869597586
3680,54805788,i,4,-1.0479058506339776,0.1256757764592259,0.2759100833936612,26.475764975395844,-1.0479058506339776
3681,54805788,r,5,-0.9453040314841794,0.015169048984324696,0.029785634976521203,11.509964786081444,-0.9453040314841794
3682,54826549,g,4,0.8368502182473349,0.20766180903960418,0.4162349117213303,6.504865938079117,0.8368502182473349
3683,54826549,i,4,0.3109693726431698,0.17447341439063244,0.2681375602247932,2.919342560355933,0.3109693726431698
3684,54826549,r,6,0.48820040804463255,0.16271443295394972,0.24993981980267177,7.215514240455981,0.48820040804463255
3685,54826549,u,2,2.106646074062203,0.004856714325553346,0.004856714325553124,10.17888862036538,2.106646074062203
3686,54828743,i,8,-1.1687280861316962,0.07217289309815611,0.14063987678114054,38.21008577515195,-1.1687280861316962
3687,54828743,r,9,-1.153950719862659,0.08729772625219101,0.2787033288881804,19.74501227951789,-1.153950719862659
3688,54836986,g,2,0.9355177882136203,0.049991998903729185,0.049991998903729185,1.9725182181561942,0.9355177882136203
3689,54836986,i,9,-0.15252921862367036,0.2633467923648283,0.6699077155384934,3.1262533097941687,-0.15252921862367036
3690,54836986,r,10,0.4764482627041524,0.07575369765827605,0.6292873626353168,1.5393803553162577,0.4764482627041524
3691,54855660,g,5,0.30082974502889037,0.23816379365426532,0.2612150001055116,0.5058611453766496,0.30082974502889037
3692,54855660,i,3,-0.7520814674428862,0.02000350379643956,0.08541698097437278,16.760615711759133,-0.7520814674428862
3693,54855660,r,3,-0.4723105492325806,0.0020412649041415265,0.03322935411761496,8.519646280355735,-0.4723105492325806
3694,54885678,g,2,-0.41374911783192186,0.12375363532811995,0.12375363532812,2.2001301100546655,-0.41374911783192186
3695,54885678,i,7,-0.451476954431003,0.04540014810544335,0.21867226888336228,2.8338945252513694,-0.451476954431003
3696,54885678,r,6,-0.24394594516264978,0.21623341441592525,0.3508525705606689,2.398619776463723,-0.24394594516264978
3697,54910975,g,2,-0.08828126254851104,0.028879486177316116,0.028879486177316116,0.11615831620047651,-0.08828126254851104
3698,54910975,i,7,-0.4287490614047125,0.1617043931111739,0.3651872181242604,7.476043830089931,-0.4287490614047125
3699,54910975,r,6,-0.28475251025630127,0.06893969094493964,0.11035518675328962,2.8625682938728603,-0.28475251025630127
3700,54964145,g,3,-0.1899187605291751,0.09570012451899484,0.21977706649823273,0.5694604405927614,-0.1899187605291751
3701,54964145,i,5,-0.5579539223711076,0.10865198708897827,0.12281534779985248,10.757416925398147,-0.5579539223711076
3702,54964145,r,8,-0.5147900170317461,0.10846968616152125,0.19497375410531698,5.833106471841781,-0.5147900170317461
3703,55039671,g,4,0.848955420318434,0.04752317752534213,0.11003474219085252,7.031341686191249,0.848955420318434
3704,55039671,i,17,-0.1779960727956622,0.14961565403109578,0.48231563948586476,10.126317163362394,-0.1779960727956622
3705,55039671,r,13,0.13377144795844642,0.08609914598711299,0.13778916441658218,3.683099797665519,0.13377144795844642
3706,55165464,i,9,-1.0516204078679123,0.1761859540647499,0.25437629366710046,30.11202223889499,-1.0516204078679123
3707,55165464,r,6,-0.688889348810356,0.13388367808267554,0.20920147565752334,5.7767138301468774,-0.688889348810356
3708,55182093,i,6,-1.5891437425327153,0.13643366779567634,0.2171337175056971,106.67574610171374,-1.5891437425327153
3709,55182093,r,5,-1.5346630327378052,0.020917540219266728,0.026804678800274706,58.46066914822177,-1.5346630327378052
3710,55222697,g,2,-0.3369695190025565,0.09523555221151986,0.09523555221151991,1.341802568505242,-0.3369695190025565
3711,55222697,i,5,-0.4483106706984329,0.1686367754505559,0.34400088342585555,5.755059228140954,-0.4483106706984329
3712,55222697,r,6,-0.5185280567666678,0.09558443788563226,0.35032035885885193,8.404581077789716,-0.5185280567666678
3713,55234991,g,2,0.49078803553554895,0.4418795582730992,0.4418795582730992,3.6921412343513746,0.49078803553554895
3714,55234991,i,8,-0.30559388535205456,0.14601245096791454,0.4139945254720827,10.43119652679014,-0.30559388535205456
3715,55234991,r,9,-0.5263678218797012,0.0293002736198702,0.32036513355374785,3.938944434520589,-0.5263678218797012
3716,55412506,i,8,-1.018669781037855,0.07058724117720905,0.14332484426084247,27.253190283736554,-1.018669781037855
3717,55412506,r,3,-0.7527288634436207,0.006799721060331332,0.09698456795407462,24.072486669403002,-0.7527288634436207
3718,55421852,g,2,-0.4099196180695219,0.023471635855077555,0.02347163585507761,1.0241153848360929,-0.4099196180695219
3719,55421852,i,8,-1.1858362534752527,0.05439026182525952,0.09988563938446782,58.11943052054479,-1.1858362534752527
3720,55421852,r,8,-1.1027044757804958,0.0540788616243415,0.2866151233044354,30.344692274442828,-1.1027044757804958
3721,55452355,i,7,-1.0011316258634788,0.0768248232742732,0.21379947704449953,12.392916752958106,-1.0011316258634788
3722,55452355,r,5,-1.0574891949462035,0.1027894763155337,0.15131177276748398,6.497166995950673,-1.0574891949462035
3723,55452712,g,3,0.5072691965922207,0.13804139170641694,0.5374504550916128,1.2242707141740456,0.5072691965922207
3724,55452712,i,6,-1.1054871580857606,0.04720958273779463,0.0789715565880047,41.93741505600297,-1.1054871580857606
3725,55452712,r,8,-0.9782459221500499,0.16492281844600964,0.3499857239625521,15.661023644874218,-0.9782459221500499
3726,55512369,g,2,0.7370093503553494,0.39784939175844536,0.39784939175844536,1.906589545190172,0.7370093503553494
3727,55512369,i,7,-0.18645956582985412,0.21295668658685596,0.4721463193201677,10.58849070691262,-0.18645956582985412
3728,55512369,r,5,-0.4860742789922763,0.06577729661457887,0.10393651397008075,5.690671356669191,-0.4860742789922763
3729,55523400,i,5,-0.9816210937567222,0.04024402200707744,0.08045072560230515,30.481541287618718,-0.9816210937567222
3730,55523400,r,5,-0.995524001811727,0.02989836547193303,0.04674585153502231,38.97901136723393,-0.995524001811727
3731,55629335,g,2,0.28797337499634956,0.3199132050437594,0.3199132050437594,0.3348296645318546,0.28797337499634956
3732,55629335,i,6,-0.572620686586088,0.2215441562486381,0.5048809057503535,16.61770311991964,-0.572620686586088
3733,55629335,r,3,-0.24464999056618408,0.0701744680095655,0.2686042354569973,2.5933364798237792,-0.24464999056618408
3734,55640457,i,6,-1.7968354848971395,0.0968540343399299,0.18358131113191223,126.18852607070562,-1.7968354848971395
3735,55640457,r,8,-1.3106640698429382,0.342937647554977,0.6872269322168886,22.290280152439642,-1.3106640698429382
3736,55670531,i,7,-1.6497948539438096,0.1764999438177679,0.2921954536264255,113.96837124328428,-1.6497948539438096
3737,55670531,r,11,-0.9947977937472234,0.11121620924405051,0.6510927155090855,20.22439698354253,-0.9947977937472234
3738,55683476,i,8,-0.8707034607132877,0.1579858468845861,0.23299289010405655,24.6910314249171,-0.8707034607132877
3739,55683476,r,8,-0.5643213031816628,0.09949968376723578,0.16575617749187943,5.748622915446126,-0.5643213031816628
3740,55722641,g,4,-0.4042934124200027,0.022968374785115542,0.0366991161749623,2.118251975726529,-0.4042934124200027
3741,55722641,i,8,-0.2410160852404819,0.09299285672880019,0.1510531136851662,3.1625178048403857,-0.2410160852404819
3742,55722641,r,4,-0.39165349657157855,0.20351846240124433,0.41108493740026353,6.64796334540361,-0.39165349657157855
3743,55727542,g,3,-0.2691951623781208,0.10266870288924562,0.2822862995715309,0.753522581104182,-0.2691951623781208
3744,55727542,i,5,-0.4603211292648527,0.08808534239603794,0.13605991940596907,16.33190616336548,-0.4603211292648527
3745,55727542,r,7,-0.6690847448084953,0.058246298055069756,0.2530574863448016,7.942833905359369,-0.6690847448084953
3746,55799178,i,6,-1.295514923430198,0.13160353083661758,0.21042029075103708,51.552643573985755,-1.295514923430198
3747,55799178,r,9,-0.6068475653630659,0.08358774770368738,0.16976538157842336,8.389130818789887,-0.6068475653630659
3748,55834035,i,4,-0.9877123523431132,0.17726883241147973,0.3469589632619645,21.437519639053495,-0.9877123523431132
3749,55834035,r,6,-1.0511171978054112,0.07195128276612306,0.11285551640405833,13.921486110376124,-1.0511171978054112
3750,55835054,g,5,-0.37488212049645947,0.03267886700745215,0.03274889018367366,1.603491603135885,-0.37488212049645947
3751,55835054,i,6,-0.3741344787545248,0.03850818048937124,0.06123301031153294,4.015966395685525,-0.3741344787545248
3752,55835054,r,7,-0.28321438032533913,0.03328732902862991,0.07959960154947415,2.39441842099792,-0.28321438032533913
3753,55850482,i,6,-1.6875957230138237,0.045162863306361434,0.19011174297030298,79.40421527665876,-1.6875957230138237
3754,55850482,r,8,-1.4201324855806727,0.06006079150253185,0.12486696313422074,40.76343895812859,-1.4201324855806727
3755,55909417,i,8,-0.8153965293998549,0.11554934605716188,0.2642070874603175,19.081431718960005,-0.8153965293998549
3756,55909417,r,5,-0.550615544938057,0.23565053000761016,0.4445635118973489,8.011629837977775,-0.550615544938057
3757,55909417,u,2,-0.4174569045623474,0.06896047685594342,0.06896047685594342,0.2501728577427721,-0.4174569045623474
3758,55925752,i,4,-0.9359303919898097,0.10813934686784743,0.16768080434595545,30.762923821429556,-0.9359303919898097
3759,55925752,r,7,-0.5517551171430717,0.14105267225127194,0.23371394409955604,6.089266961739395,-0.5517551171430717
3760,55957603,g,5,0.7165980059397787,0.4081474475970368,0.6515616322230349,1.6034262151051308,0.7165980059397787
3761,55957603,i,9,-0.9141849621452094,0.1029232616629856,0.18134563522788638,31.98386355252081,-0.9141849621452094
3762,55957603,r,11,-0.6532610630058222,0.10328991326059977,0.42758139122491623,10.015328632248298,-0.6532610630058222
3763,55957603,u,2,0.6226090053408817,0.07183767447631717,0.07183767447631717,0.7432660044463069,0.6226090053408817
3764,560591,g,2,-0.23442415623488022,0.18582132328037304,0.18582132328037304,0.33301668349198693,-0.23442415623488022
3765,560591,i,4,-1.0373661347671053,0.11595058761609328,0.1989486800347321,15.40752592903187,-1.0373661347671053
3766,560591,r,6,-1.0886315004152594,0.1557085488030674,0.2604115879463724,17.007758754785243,-1.0886315004152594
3767,56063416,g,7,0.44688028815270675,0.07488114345048325,0.23929281631303206,1.063339675175729,0.44688028815270675
3768,56063416,i,10,-0.09167590572626821,0.2399861219377029,0.3973658380904804,5.709058890420207,-0.09167590572626821
3769,56063416,r,7,-0.0384654241350344,0.23321424237967775,0.4439935436713025,2.3202868021285608,-0.0384654241350344
3770,56083868,i,7,-0.5874207353991646,0.13231588540117944,0.24170863418443805,10.473873042698484,-0.5874207353991646
3771,56083868,r,4,-0.3905606618061721,0.14611872081756372,0.2873727152809273,2.411186160975394,-0.3905606618061721
3772,56115143,g,2,-0.3157069905762112,0.010456298950908938,0.010456298950908938,0.7214366243635517,-0.3157069905762112
3773,56115143,i,8,-0.6102207721907478,0.09025012627128182,0.16509961165265263,5.8955591149044775,-0.6102207721907478
3774,56115143,r,12,-0.42174081974139566,0.15137386651886475,0.31329088951281836,4.537247645054303,-0.42174081974139566
3775,56119521,g,2,0.08735010302500168,0.013425974526260931,0.013425974526260931,0.05906144477482838,0.08735010302500168
3776,56119521,i,6,-0.3878599476015466,0.10492218163899836,0.16108854029635783,4.780232876841933,-0.3878599476015466
3777,56119521,r,8,-0.2901648889448716,0.11525574429349639,0.18896693998640138,2.0057008793038777,-0.2901648889448716
3778,56142504,i,10,0.02946357384834347,0.17408938512940614,0.28293067648502557,0.6510950396457218,0.02946357384834347
3779,56142504,r,9,0.33253388703077724,0.07096506314116724,0.10149544009571121,0.37897983818518766,0.33253388703077724
3780,56143022,i,8,-1.0962105800203523,0.08025312324193534,0.18457358822015224,20.903343496620288,-1.0962105800203523
3781,56143022,r,7,-0.580761538799808,0.14342100492454057,0.23373287765827744,1.6456174688104586,-0.580761538799808
3782,56153665,g,2,0.31568190891795433,0.30250877543845567,0.30250877543845567,0.5906155209871226,0.31568190891795433
3783,56153665,i,6,0.03434289407823554,0.12993596041395852,0.20218455856360698,0.9296897456878034,0.03434289407823554
3784,56153665,r,4,0.18571862767044572,0.017265163227898506,0.09177008675796636,0.547382322911211,0.18571862767044572
3785,56157020,g,4,-0.467742301848875,0.04789386428904707,0.2038334074990661,0.730287651623808,-0.467742301848875
3786,56157020,i,11,-0.9044168671773265,0.08066609009087011,0.1411509030576681,26.56082580647544,-0.9044168671773265
3787,56157020,r,8,-1.0888474754682456,0.0652318190999609,0.17692525414856286,15.02306639206623,-1.0888474754682456
3788,56208868,g,2,-0.16827346961960554,0.07741531381236477,0.07741531381236477,0.4152374979466486,-0.16827346961960554
3789,56208868,i,6,-2.1007063439326705,0.04085299487182725,0.2960903028991071,132.8780466825408,-2.1007063439326705
3790,56208868,r,8,-1.4721575939807194,0.17358545786174173,0.5305941182250278,59.82066119371267,-1.4721575939807194
3791,56216910,g,4,-0.49865746663051697,0.020499607917738194,0.05779057116214503,0.9282085973105387,-0.49865746663051697
3792,56216910,r,6,-1.0623492318326921,0.12600632705065035,0.206280587493756,17.76674576295601,-1.0623492318326921
3793,56223172,g,2,0.005040393017205769,0.01130446470133678,0.01130446470133678,0.002565991961557969,0.005040393017205769
3794,56223172,i,5,-0.2950526537797094,0.11709840748976968,0.2316069512409531,3.8687705813511357,-0.2950526537797094
3795,56223172,r,5,0.17083886827669292,0.3363961996185614,0.49911442811818296,3.0512766638201354,0.17083886827669292
3796,56223172,u,3,1.0734505823229132,0.3640171383882638,0.4223010539604677,2.424219014237116,1.0734505823229132
3797,56242278,g,3,-0.3686473104832432,0.08631562593346565,0.11678958959758134,0.721415661484254,-0.3686473104832432
3798,56242278,r,7,-1.343972816187754,0.07193520568153855,0.5536439663555565,20.434108028917343,-1.343972816187754
3799,56260423,i,8,-1.2903604015554824,0.020920086667285065,0.07913882069979117,48.22962993754888,-1.2903604015554824
3800,56260423,r,2,-1.3294514295077513,0.036432243355613014,0.036432243355613014,14.17331647437725,-1.3294514295077513
3801,56303528,g,5,0.2987243326661906,0.17647979869037056,0.3181226816283918,0.5067837246596889,0.2987243326661906
3802,56303528,i,8,-0.16888071704122165,0.3015946827101222,0.5195224791274612,7.090617355175832,-0.16888071704122165
3803,56303528,r,8,-0.24644808778169375,0.18953157755425318,0.4351009447472688,5.230150562674652,-0.24644808778169375
3804,56303528,u,4,1.16395928422498,0.5868896989313829,1.1775903468346967,5.544246753817054,1.16395928422498
3805,56315523,g,2,-0.6572222583399434,0.3140213554223259,0.3140213554223259,1.5958701551272907,-0.6572222583399434
3806,56315523,i,7,-1.8062102931925739,0.04903522793626047,0.13361893187414609,102.62825231065851,-1.8062102931925739
3807,56315523,r,5,-1.4235150241311954,0.0218039028506658,0.21218129457377954,20.565390032319907,-1.4235150241311954
3808,56386937,i,9,-0.5710553580119215,0.08727839729924358,0.12461079579374423,9.439441608346563,-0.5710553580119215
3809,56386937,r,5,-0.48579977683354336,0.028440761168338158,0.03238350172774718,3.2506001704796397,-0.48579977683354336
3810,56392207,g,3,-0.373182632266047,0.06854633081269595,0.07914097642969176,0.9918422851785359,-0.373182632266047
3811,56392207,i,7,-0.5819626083370846,0.09004231460411782,0.2060737474267157,11.318007180319311,-0.5819626083370846
3812,56392207,r,5,-0.787235530499368,0.030910660814841284,0.15148618515908285,12.741518621436942,-0.787235530499368
3813,56466357,g,6,-0.05261416429393975,0.24257790014827124,0.3840030546459366,1.0725434124193842,-0.05261416429393975
3814,56466357,i,5,-0.3022552098852218,0.008637587172315886,0.013971969648099658,2.4946462647082965,-0.3022552098852218
3815,56466357,r,7,-0.03514916718134156,0.26973521672092227,0.45203399504575215,3.1826831030778373,-0.03514916718134156
3816,56541586,g,5,-0.05999805626523025,0.0853792777836479,0.211319176338075,0.09533724750914341,-0.05999805626523025
3817,56541586,i,5,-0.7046629112226312,0.2078471811346217,0.2483488733312716,11.170560566758137,-0.7046629112226312
3818,56541586,r,8,-0.582958468096856,0.15368692817032314,0.2958847574536304,5.956907070384829,-0.582958468096856
3819,56563055,g,2,-0.41361286422615484,0.022822085713682938,0.022822085713682938,0.9409102853269153,-0.41361286422615484
3820,56563055,i,11,-1.4961398037756073,0.12483859669918607,0.43572700151235844,85.92038696669395,-1.4961398037756073
3821,56563055,r,11,-1.280482830348011,0.07088000589763532,0.7274938165439117,27.686140108215536,-1.280482830348011
3822,56593968,g,2,-0.4678150168923109,0.06604435137169812,0.06604435137169806,1.0516904667645484,-0.4678150168923109
3823,56593968,i,6,-1.104165375967867,0.06996638365753172,0.10823625844840068,31.31444526214001,-1.104165375967867
3824,56593968,r,5,-1.3190553579896527,0.03553389130275075,0.06765694155758917,30.748315390521178,-1.3190553579896527
3825,56599177,i,7,-1.2809773707979164,0.055168656434327445,0.1010222383789583,75.71515361012733,-1.2809773707979164
3826,56599177,r,5,-0.9436377191198555,0.027590386541364254,0.11639481644691752,29.233355101993812,-0.9436377191198555
3827,56604325,i,9,-0.2866771427699991,0.09151790800524873,0.09966998249719983,1.1650346130439544,-0.2866771427699991
3828,56604325,r,5,-0.3001738049127983,0.04973977194377566,0.09271762792894767,0.6723797368085493,-0.3001738049127983
3829,5662248,i,13,-0.6450074486754097,0.2527852084768757,0.559065958714472,14.195622336581826,-0.6450074486754097
3830,5662248,r,9,-0.11858959004016079,0.2980404448073446,0.8693359544361011,4.135944475124462,-0.11858959004016079
3831,56684604,i,4,-0.557617069864947,0.022587629357091354,0.028796270796798806,11.056186921042993,-0.557617069864947
3832,56684604,r,6,-0.5563040513578248,0.06323064288274216,0.10908249943829751,5.493892109942288,-0.5563040513578248
3833,56695862,g,2,-0.3211843242566359,0.05209348565317706,0.05209348565317706,0.6849878598906167,-0.3211843242566359
3834,56695862,i,11,-0.9772329448691061,0.13845166640926576,0.25360177893419444,32.20896893169628,-0.9772329448691061
3835,56695862,r,8,-1.0224114733751843,0.007204353822241272,0.023025609708408723,18.43499160284285,-1.0224114733751843
3836,56735659,g,4,0.3811587638785028,0.057449543277522774,0.11401406748255005,0.6060910121133053,0.3811587638785028
3837,56735659,i,9,-0.8221772819009515,0.09678124844408909,0.18493524609456213,29.910509540701995,-0.8221772819009515
3838,56735659,r,8,-0.21225189070969852,0.41748480622670453,0.796704576399742,8.340516110815486,-0.21225189070969852
3839,56788558,g,2,-0.30760726146594874,0.06732961134822568,0.06732961134822568,0.6255148107575718,-0.30760726146594874
3840,56788558,i,4,-0.7367667882357085,0.12772952322681913,0.4124970526564293,18.675906377364097,-0.7367667882357085
3841,56788558,r,5,-0.7408446266567833,0.045490990344291715,0.21897081072029057,14.673761738743417,-0.7408446266567833
3842,56810165,g,2,0.40915276372162834,0.7057270136254705,0.7057270136254705,4.930514332356921,0.40915276372162834
3843,56810165,i,6,-0.9091873227355712,0.014941880637741767,0.022529207628938286,39.70456425809358,-0.9091873227355712
3844,56810165,r,6,-0.3890122667861638,0.12792246465024226,0.24976680442972246,4.040139185437966,-0.3890122667861638
3845,56825401,i,11,-0.6383493806273652,0.15065896536895174,0.24872022047595277,18.93605494837382,-0.6383493806273652
3846,56825401,r,10,-0.6334375714213945,0.07200905501722271,0.117185578702929,12.848080560528535,-0.6334375714213945
3847,56842040,i,6,-0.25790237340819083,0.016276691547883526,0.03140674705694052,0.7630114385911108,-0.25790237340819083
3848,56842040,r,5,-0.07157164984902997,0.001982696857066757,0.0027319758660682147,0.05601207877195115,-0.07157164984902997
3849,56910872,i,7,-0.7699304988203146,0.06049556070430706,0.20585329035087696,18.15888872017712,-0.7699304988203146
3850,56910872,r,6,-0.7167775632587792,0.11394009434596203,0.20453838128880486,9.263646683723637,-0.7167775632587792
3851,56915633,g,3,0.1596844046528757,0.006351001898278641,0.16224445676775906,0.44369121232967035,0.1596844046528757
3852,56915633,i,9,-0.34676173262720783,0.283524845863463,0.4940576394146369,9.349155592283104,-0.34676173262720783
3853,56915633,r,8,-0.1355875491138909,0.09676981882698557,0.1861437365693418,1.2113819999173712,-0.1355875491138909
3854,56915633,u,3,1.2206300987758136,0.2354371450807854,0.31850021284394114,4.0858379059002905,1.2206300987758136
3855,56960722,g,2,0.710762753150833,0.04357391327930149,0.0435739132793016,1.403214153131752,0.710762753150833
3856,56960722,i,7,-0.0066155264556905236,0.15360183916179704,0.25095844164650105,1.4006703685309152,-0.0066155264556905236
3857,56960722,r,5,-0.16397147199042234,0.13810393668634863,0.26644003732654364,2.100479599134195,-0.16397147199042234
3858,56971730,i,12,0.051452097047358925,0.1922218448221476,0.3046218752971405,0.9592328631557425,0.051452097047358925
3859,56971730,r,10,0.05758155052619639,0.16414508113257373,0.33929449293645164,2.06547177646009,0.05758155052619639
3860,57031740,g,6,-0.2797032249157172,0.10242027097559508,0.17770350160969142,0.464357012818865,-0.2797032249157172
3861,57031740,i,15,-1.144480245427265,0.17417512233389698,0.34176320380324143,38.40553789500778,-1.144480245427265
3862,57031740,r,13,-0.9944668380212995,0.12281755221614032,0.29662480762063836,13.821898344143282,-0.9944668380212995
3863,57095289,i,8,-0.8442268269468793,0.0776314759366723,0.1209290984014203,16.091165841568454,-0.8442268269468793
3864,57095289,r,9,-0.8386528846153622,0.19445153726250752,0.8791602876106246,10.076317943904654,-0.8386528846153622
3865,5711551,g,4,-0.09025703128518706,0.18019402065327889,0.29033824361004845,0.20746375668238648,-0.09025703128518706
3866,5711551,i,2,-0.5142255383165621,0.2626062610388913,0.2626062610388913,4.925745467032918,-0.5142255383165621
3867,5711551,r,10,-0.7927025761146099,0.08223840490450895,0.2172191840354566,8.539744018909389,-0.7927025761146099
3868,57118628,g,3,-0.01275952287615073,0.14469876197561826,0.22923113550259386,0.18280082377498638,-0.01275952287615073
3869,57118628,i,5,-1.1410451922226488,0.12837737918492498,0.16491443742926104,42.94033142661119,-1.1410451922226488
3870,57118628,r,8,-1.1567247435426418,0.14130833196253578,0.315579084063772,26.728202148784707,-1.1567247435426418
3871,57147576,g,2,-0.13003697566519573,0.17679710025912604,0.17679710025912604,0.21403724002199317,-0.13003697566519573
3872,57147576,i,5,-0.9306289518276417,0.03758595237329454,0.0489023712864034,20.874503920676073,-0.9306289518276417
3873,57147576,r,4,-1.1303224913065324,0.06033789535682921,0.10581847766843988,14.130353289509253,-1.1303224913065324
3874,57188841,g,7,-0.008417933014879142,0.28624723764671445,0.6569774257711987,0.7360648544664151,-0.008417933014879142
3875,57188841,i,12,-0.04617290579707817,0.12617433799653013,0.25705833823731183,0.9327251324497192,-0.04617290579707817
3876,57188841,r,13,-0.05283798134775225,0.22705072285927425,0.5185412278475059,0.9120165733398061,-0.05283798134775225
3877,5722798,g,2,-0.43940572463920136,0.0664278136351617,0.0664278136351617,0.7716053445314599,-0.43940572463920136
3878,5722798,i,5,-0.9249254917168946,0.0884229866723869,0.18303197250071734,37.51223462570649,-0.9249254917168946
3879,5722798,r,5,-1.0886061163214191,0.018607485208975927,0.33049757195095497,12.89968040314783,-1.0886061163214191
3880,5724518,i,8,-1.7579984966540074,0.13632291547811637,0.2215219947149456,87.84861338670011,-1.7579984966540074
3881,5724518,r,5,-1.5605295512626103,0.044912950742607594,0.12225079549600637,41.65484611573504,-1.5605295512626103
3882,57258873,g,2,0.16659900197781324,0.61804942204656,0.6180494220465599,2.3687994171575206,0.16659900197781324
3883,57258873,i,11,-0.5336923259390207,0.1525583311253783,0.7009918925165586,10.334331337878556,-0.5336923259390207
3884,57258873,r,9,-0.3773820000529434,0.01698592222422024,0.19941768613970068,4.569726585980062,-0.3773820000529434
3885,57317727,g,3,0.5766358452174771,0.019622641562381915,0.04356431024668217,1.0944505145445669,0.5766358452174771
3886,57317727,i,10,0.34314622225501457,0.06127794015667551,0.10397684291263304,3.930853585619675,0.34314622225501457
3887,57317727,r,8,0.21158152523737503,0.0559177064793169,0.10254049092736867,3.003589295619023,0.21158152523737503
3888,57325038,i,6,-0.9077302520721875,0.07929230236624035,0.1606235336407812,10.9942265270369,-0.9077302520721875
3889,57325038,r,5,-0.3514748326115926,0.03570153303860146,0.2965079617944646,1.653732723163073,-0.3514748326115926
3890,5736326,i,9,-1.293604478928854,0.1763448457128305,0.25682386250548594,45.231648006362455,-1.293604478928854
3891,5736326,r,6,-1.130935595856711,0.14257270536284367,0.23802176015522147,34.38153329552961,-1.130935595856711
3892,57373028,g,5,0.44242192210139153,0.0370484091396161,0.23283544828331576,1.696284129644201,0.44242192210139153
3893,57373028,i,5,-0.5124150841901226,0.2393997948316694,0.25753004985646677,8.03975017327095,-0.5124150841901226
3894,57373028,r,8,-0.056220949927706265,0.2760577849736538,0.44951539520045336,3.4226580324326306,-0.056220949927706265
3895,57377611,g,4,-0.35065069806392657,0.04027567865922635,0.09970454320961691,1.0220122943165486,-0.35065069806392657
3896,57377611,i,6,-0.37587422084592625,0.16330409389356465,0.24634892152648577,6.58479998965008,-0.37587422084592625
3897,57377611,r,8,-0.4042691909750541,0.0876292334349889,0.22249938541298664,5.001754036073571,-0.4042691909750541
3898,57405135,g,2,-0.48366334223086915,0.10607871614093667,0.10607871614093667,1.0017768443367898,-0.48366334223086915
3899,57405135,i,5,-1.2346781808422378,0.025996406379151793,0.08328759504562444,44.724039678907715,-1.2346781808422378
3900,57405135,r,7,-1.1678340716927302,0.037308213139089386,0.13633701424833577,16.23249524354109,-1.1678340716927302
3901,57423424,i,7,-1.1157494582791023,0.06422956935090829,0.09139343818342405,44.066899074255765,-1.1157494582791023
3902,57423424,r,8,-0.9894510774033284,0.08573654871113917,0.1435087242581805,31.461820811752045,-0.9894510774033284
3903,57448508,g,2,0.2183912007475804,0.4299626350580705,0.4299626350580704,0.8511766749510093,0.2183912007475804
3904,57448508,i,10,-0.793580767815305,0.26098245330795,0.44819324512426917,25.846213666619036,-0.793580767815305
3905,57448508,r,7,-0.5043730686318998,0.24887647784680322,0.3642087434676692,13.811164144646716,-0.5043730686318998
3906,57448508,u,3,0.7410155359190931,0.018039916506108034,0.05478486523855797,1.060677448003978,0.7410155359190931
3907,57495154,g,2,0.30893720207757613,0.6800995056779708,0.6800995056779707,2.444081518195367,0.30893720207757613
3908,57495154,i,5,-0.21219070898054737,0.03125755212072326,0.048594009747969485,6.582922309468077,-0.21219070898054737
3909,57495154,r,8,0.02248164063697633,0.225795015793966,0.774705010658703,5.024092357716065,0.02248164063697633
3910,57495154,u,2,0.31702448716346593,0.030971430435341507,0.030971430435341563,0.21217827494192987,0.31702448716346593
3911,57508677,i,7,-0.0015073091798091243,0.23755328914475393,0.30525696987412504,1.9254119676689654,-0.0015073091798091243
3912,57508677,r,5,-0.06782363918380652,0.08753941234631002,0.4353947368789074,0.43757912976757185,-0.06782363918380652
3913,57531947,g,3,-0.10253718498031122,0.02254683880109204,0.11748835199965907,0.3598049761571278,-0.10253718498031122
3914,57531947,i,4,-0.41865769036339273,0.011082292715026365,0.037081186610181616,4.019354537082007,-0.41865769036339273
3915,57531947,r,9,-0.08618288224881267,0.03418784521048855,0.19686654548257518,0.3815907874762884,-0.08618288224881267
3916,57531947,u,4,1.7642503923213897,0.2319464123742564,0.3877124671291905,10.861563761230453,1.7642503923213897
3917,57536714,i,5,-0.6287288893876328,0.09846094369797587,0.21989625651534728,4.815554838659777,-0.6287288893876328
3918,57536714,r,6,-0.4957659409608805,0.18472214527539654,0.28508827096178885,4.9622569447084475,-0.4957659409608805
3919,57538559,g,5,0.1269704995709512,0.005050576241496407,0.06310707041872099,0.1766243957772445,0.1269704995709512
3920,57538559,i,6,-1.0095151235967545,0.011213933416383992,0.04422475910673196,39.980688188919764,-1.0095151235967545
3921,57538559,r,7,-1.0538106876784887,0.024631842876051913,0.03399594457421218,18.415913331502956,-1.0538106876784887
3922,57616247,g,2,-0.22695661782223434,0.197152661692814,0.19715266169281404,1.0349644296329508,-0.22695661782223434
3923,57616247,i,14,-1.0473678168804756,0.17891482658550906,0.3577396175945857,37.8727217872535,-1.0473678168804756
3924,57616247,r,8,-0.7927017993554397,0.19482522565787108,0.568646573536605,13.985808590635228,-0.7927017993554397
3925,57647066,g,2,0.13587656648408797,0.44591505085343464,0.44591505085343464,1.5266016397945024,0.13587656648408797
3926,57647066,i,15,-0.039065945601768806,0.3245163435995108,0.5796576610558759,6.480553499960948,-0.039065945601768806
3927,57647066,r,13,0.1320528609976941,0.4046820885561999,0.9015143239410676,7.029410582564386,0.1320528609976941
3928,57668572,g,2,-0.10907711973824027,0.2671458340407331,0.26714583404073305,0.8218489138083067,-0.10907711973824027
3929,57668572,i,9,-0.22081656967773067,0.1930316317847396,0.38728569653298606,2.81936641971245,-0.22081656967773067
3930,57668572,r,9,-0.18443411239406982,0.23996129886178408,0.5423801355554986,4.988244091482225,-0.18443411239406982
3931,57668572,u,2,0.8850494005086422,0.6225700655184878,0.6225700655184879,2.1772781318658985,0.8850494005086422
3932,5767986,i,5,-1.1452744330968807,0.10652194217852595,0.14443789417445463,42.087948232239285,-1.1452744330968807
3933,5767986,r,6,-1.2180720695747458,0.20781272345177815,0.3549954515799547,31.889887279292854,-1.2180720695747458
3934,57690665,g,2,-0.3906648569402095,0.01640381277405284,0.016403812774052784,1.114763372004052,-0.3906648569402095
3935,57690665,i,6,-1.1141763465748507,0.07355378893674558,0.11884421885592311,60.01453188410673,-1.1141763465748507
3936,57690665,r,7,-1.054949109419843,0.02081414093376943,0.14960281589492386,28.283142993847573,-1.054949109419843
3937,57725101,i,6,-0.8400781018352517,0.26637747958841707,0.5153353681577031,24.195205710141483,-0.8400781018352517
3938,57725101,r,6,-0.7426163648877188,0.28252590229430175,0.43552577166671436,8.651802160717073,-0.7426163648877188
3939,57728096,g,2,-0.198342284520381,0.011558351292876134,0.011558351292876134,0.6950732524189052,-0.198342284520381
3940,57728096,i,8,0.4059955616057403,0.10172542084629721,0.23143446886957153,1.338129134734361,0.4059955616057403
3941,57728096,r,7,0.4877331758152874,0.0255912892177117,0.34203282049852624,0.7414945218389869,0.4877331758152874
3942,57728096,u,2,0.8054462129359607,0.01041668445668692,0.010416684456686975,1.6347799094938793,0.8054462129359607
3943,5775373,i,5,-0.8044147767683812,0.0033580219612373563,0.29184387089948327,21.81011925890175,-0.8044147767683812
3944,5775373,r,6,-0.3150000248511045,0.02972099516376492,0.050465740464838815,3.1794405150753247,-0.3150000248511045
3945,5775373,u,2,0.53511392329745,0.05538121346935626,0.055381213469356205,0.7404399435427131,0.53511392329745
3946,57759869,i,4,-1.8121446553805143,0.025592069274911977,0.13481600501606472,72.00334895920656,-1.8121446553805143
3947,57759869,r,8,-1.6171495248153036,0.08910673307571937,0.31288505190418436,28.593461251483674,-1.6171495248153036
3948,57820944,g,6,0.3170190638983233,0.6700917986501403,1.3296073477257955,2.250848903625226,0.3170190638983233
3949,57820944,i,11,-0.21386028022953646,0.10639910417452653,0.22866900926033257,6.073260062418811,-0.21386028022953646
3950,57820944,r,11,0.1807887939398145,0.06233850692444265,0.603251260532989,3.2878736438073393,0.1807887939398145
3951,57857401,i,9,-0.2553454735889734,0.060317013763162675,0.07708447121969964,3.7762343357289123,-0.2553454735889734
3952,57857401,r,7,-0.4287202442136907,0.556516964744875,1.051100082295341,7.123543404511088,-0.4287202442136907
3953,5787189,g,3,-0.08733101104052032,0.2377178326060727,0.23922141985738948,0.40405460473353644,-0.08733101104052032
3954,5787189,i,6,-0.5357382864949133,0.13104912933218862,0.24268320844534103,8.433108691287348,-0.5357382864949133
3955,5787189,r,9,-0.07980368065430943,0.116413893640124,0.3449699522046257,3.850745887941086,-0.07980368065430943
3956,5787189,u,2,0.2678212538778073,0.15650450380911907,0.15650450380911907,0.1520347655292714,0.2678212538778073
3957,57878719,g,3,-0.06095567312057648,0.2101672025939465,0.2497389696209419,0.6623314864808524,-0.06095567312057648
3958,57878719,i,9,-0.48345678140773735,0.14470595311736195,0.381125864687755,9.519167813983412,-0.48345678140773735
3959,57878719,r,8,-0.16648411629568344,0.11580845513985805,0.22551821134327116,1.2138800227755784,-0.16648411629568344
3960,57891794,i,5,-0.6182819865866983,0.038493227114500206,0.04451770520909892,7.43065097379136,-0.6182819865866983
3961,57891794,r,6,-0.2537202522757115,0.032620478195521496,0.05095344687943876,1.0483713808594082,-0.2537202522757115
3962,579120,g,3,-0.5889193823623453,0.03292888116921289,0.1423158789704581,0.8836847655233152,-0.5889193823623453
3963,579120,i,8,-1.4233398934107664,0.06833436785121605,0.20722385539025168,72.115327837194,-1.4233398934107664
3964,579120,r,7,-1.1937558427960475,0.05597356986309254,0.13511943103998592,19.96990420553608,-1.1937558427960475
3965,57938235,g,6,-0.08506904566448226,0.25180631834976264,0.5781617165279628,0.7289178539920714,-0.08506904566448226
3966,57938235,i,11,-0.45330295097123086,0.2736570524814469,0.4619886505145266,14.629379916240543,-0.45330295097123086
3967,57938235,r,12,-0.6811052752924309,0.03839093139116134,0.4548993994201152,13.70127437679907,-0.6811052752924309
3968,57938235,u,6,1.770347313845558,0.27644127258644247,0.622853755806416,8.836171163865393,1.770347313845558
3969,57951283,g,6,0.013988612657820587,0.26324320116495575,0.46149510758073187,0.9757773281118204,0.013988612657820587
3970,57951283,i,10,-0.8096859820946901,0.10769082219580167,0.33830386484566777,16.096593692774857,-0.8096859820946901
3971,57951283,r,10,-0.44900138193693373,0.061295174854556544,0.09868869357647009,4.790110456314806,-0.44900138193693373
3972,57977449,i,8,-0.6217395189177436,0.048022073328502224,0.08856969044191487,14.850857356022722,-0.6217395189177436
3973,57977449,r,7,-0.597270955663125,0.04024151169275059,0.1232241867981011,7.757295356127358,-0.597270955663125
3974,57978028,g,2,0.5758820571425628,0.008590588696973156,0.008590588696973045,0.6602677853514674,0.5758820571425628
3975,57978028,i,13,-0.5237009753869515,0.07554588796430739,0.10729950031025048,10.565911416674961,-0.5237009753869515
3976,57978028,r,12,-0.38336838047627664,0.1344912808770069,0.27097782513754404,2.4512236306677675,-0.38336838047627664
3977,58028863,i,9,-1.0976769416354157,0.3319642348475562,0.5152433031960941,50.007549746530884,-1.0976769416354157
3978,58028863,r,5,-1.253544171021718,0.05594439771881321,0.10288526676431164,22.07457887604694,-1.253544171021718
3979,58047862,g,2,0.5058779451696729,0.018914330080653574,0.018914330080653574,3.101118017111897,0.5058779451696729
3980,58047862,i,12,-0.710064774051693,0.18199332443840455,0.3621836987079158,16.528119715079246,-0.710064774051693
3981,58047862,r,7,-0.1482057668237169,0.38978686189317024,0.5913907062707962,3.5070946142541937,-0.1482057668237169
3982,58090679,g,3,0.22577094922337126,0.02871898386070515,0.13606319392008914,0.2814987213459346,0.22577094922337126
3983,58090679,i,13,-0.25389136153208014,0.11833697116813724,0.22345554746553914,1.8994936886092846,-0.25389136153208014
3984,58090679,r,10,-0.3495935618914342,0.1006234821060325,0.17463955424091465,2.776866232954312,-0.3495935618914342
3985,58090679,u,2,1.001310311195465,0.11756978124850725,0.11756978124850725,2.8793525700050355,1.001310311195465
3986,58119394,i,6,-0.21931508455000376,0.0456196839681908,0.07377356322731932,1.8423120480947226,-0.21931508455000376
3987,58119394,r,6,-0.3029735746143844,0.09731303689245518,0.1737340055658506,3.9464485502547486,-0.3029735746143844
3988,58145209,g,5,0.12505203743814475,0.370801558676691,0.4894816416757587,1.2356475659857504,0.12505203743814475
3989,58145209,i,10,-0.6807983851472832,0.18531259150762236,0.4189587803817772,25.46865539260923,-0.6807983851472832
3990,58145209,r,11,-0.32798605341968434,0.25774011281477627,0.48403015068617583,8.526821570582255,-0.32798605341968434
3991,58167202,g,2,-0.21263440820211477,0.0839353149363612,0.0839353149363612,0.8878899988155349,-0.21263440820211477
3992,58167202,i,4,-0.2910548861530984,0.07317752580123102,0.26202915796199167,4.323086323018196,-0.2910548861530984
3993,58167202,r,8,-0.20521214123663384,0.11429627746918308,0.2593780361650705,4.57451787633247,-0.20521214123663384
3994,58167202,u,4,0.25223527795839307,0.02038816125090337,0.4302095048654947,1.8783728619916285,0.25223527795839307
3995,58204528,g,5,-0.11058121138113769,0.2042377011813441,0.2924079595935863,0.7556884412765756,-0.11058121138113769
3996,58204528,i,2,-0.6789210866064378,0.015097551338005721,0.01509755133800561,14.555148990019145,-0.6789210866064378
3997,58204528,r,6,-0.5335760195406556,0.05613781642884008,0.08986429928830986,8.727694645281668,-0.5335760195406556
3998,58226404,i,5,-1.897453280082512,0.20305138792713118,0.49339988758855857,57.58714276090832,-1.897453280082512
3999,58226404,r,6,-1.6172925640375588,0.07289169439486098,0.1302980164950407,32.28239128023181,-1.6172925640375588
4000,58287215,i,8,-1.1833174274226872,0.0487534212388111,0.08751093522199849,59.83690275136051,-1.1833174274226872
4001,58287215,r,7,-1.0638783044472673,0.015356334299458041,0.030936623275461095,16.945277068142182,-1.0638783044472673
4002,58319276,g,4,-0.3621407182784692,0.07678672267722525,0.12489170029238073,0.6829906913126852,-0.3621407182784692
4003,58319276,i,3,-0.434998980916557,0.13466128780439524,0.25966500283831584,2.481497907045677,-0.434998980916557
4004,58319276,r,5,-0.6678474267773312,0.0741906302820039,0.13521074297411417,6.193442332865628,-0.6678474267773312
4005,58358602,i,6,-1.5751190143582052,0.08685637109079691,0.16189606914624188,58.34236639350079,-1.5751190143582052
4006,58358602,r,5,-1.2214281898848163,0.12116465064121096,0.2402279732408421,15.545420718675388,-1.2214281898848163
4007,58399054,i,9,-1.3665742874379618,0.09369605087796518,0.19389976739682346,71.58467454614254,-1.3665742874379618
4008,58399054,r,2,-1.5219658658085562,0.004818564501930411,0.004818564501930522,37.007910195909865,-1.5219658658085562
4009,58438443,g,2,-0.001023698598767664,0.22233893823553225,0.22233893823553225,0.5227033250259059,-0.001023698598767664
4010,58438443,i,10,-0.748669237072209,0.2087858455528192,0.31654278619786635,24.29532219937223,-0.748669237072209
4011,58438443,r,12,-0.47742630049273194,0.32284807538973304,0.5623158542623308,11.345515220995578,-0.47742630049273194
4012,58460063,g,5,0.32057810539204024,0.20865629335128166,0.4807803437073045,0.824640222681358,0.32057810539204024
4013,58460063,i,11,-1.1469594250748156,0.06309861080588752,0.11108783111985088,35.33847846393039,-1.1469594250748156
4014,58460063,r,14,-0.8899216925250539,0.17752785971815033,0.2578017106260757,20.15181935541181,-0.8899216925250539
4015,58467711,i,7,-2.3778370570058103,0.04324886443595988,0.07458115769398077,76.2629337611783,-2.3778370570058103
4016,58467711,r,4,-2.2161307899607436,0.08780392109139368,0.11504566798559335,42.08479493924903,-2.2161307899607436
4017,58471778,g,2,0.2351839028402447,0.08223055736151585,0.08223055736151585,0.22315494819360815,0.2351839028402447
4018,58471778,i,9,-1.5051294497916883,0.10870912128181609,0.30421628198664874,63.65340646136028,-1.5051294497916883
4019,58471778,r,8,-0.6185323941183654,0.07033945249464352,0.1852813278591221,6.636415154300213,-0.6185323941183654
4020,58486950,g,3,-0.004721984512571775,0.02292925275081903,0.1500260509060847,0.3893597664711996,-0.004721984512571775
4021,58486950,i,5,-0.46636936962585424,0.08023876902188376,0.10337354938064153,9.694315892487753,-0.46636936962585424
4022,58486950,r,7,0.03543334577091191,0.20552914999964117,0.36194157704709273,1.8690131135425034,0.03543334577091191
4023,58486950,u,2,0.9514442149133814,0.2988543337089863,0.2988543337089864,1.8803804196737068,0.9514442149133814
4024,58493207,g,2,0.8772119102408011,0.023424125895117998,0.023424125895117998,2.63718244801102,0.8772119102408011
4025,58493207,i,6,0.08267634079548387,0.2608933355435778,0.5536051688664168,1.9898614964552195,0.08267634079548387
4026,58493207,r,6,-0.10420274714229605,0.09839390166707446,0.4540877272564894,1.3477963798046122,-0.10420274714229605
4027,58509362,g,3,-0.049963685537927294,0.06733261618072772,0.3407200637325858,0.6025356791290807,-0.049963685537927294
4028,58509362,i,2,-0.2900431365783251,0.13278017508668288,0.1327801750866829,3.017758245619707,-0.2900431365783251
4029,58509362,r,7,-0.5053965727456904,0.05580051318610213,0.18790739989197847,3.5368579054521994,-0.5053965727456904
4030,58510688,g,4,0.7176468216856843,0.09031424464674759,0.36344880610675245,3.2080604075388957,0.7176468216856843
4031,58510688,i,9,-0.9152730693586721,0.12265426018778003,0.1803422747880845,24.82269485583019,-0.9152730693586721
4032,58510688,r,8,-0.3879284673315013,0.26133242007630914,0.6191380762544858,10.971327615159563,-0.3879284673315013
4033,58577130,g,2,0.0711090138408782,0.3971587068568424,0.3971587068568424,1.0234425536524536,0.0711090138408782
4034,58577130,i,14,-0.46236081812109175,0.09811925573473518,0.17070181925380978,8.511547276555872,-0.46236081812109175
4035,58577130,r,13,-0.5019475767474542,0.056417010462910255,0.16722174470551066,8.451027272478935,-0.5019475767474542
4036,58602488,g,6,-0.38940291024713986,0.07512434129986789,0.2615795582570568,0.5576063749636468,-0.38940291024713986
4037,58602488,i,6,-0.9979317292982622,0.10403899346861212,0.18506390663038141,26.67110516834066,-0.9979317292982622
4038,58602488,r,12,-1.0869810395140904,0.09023848510189758,0.1929117965177637,13.261524151075763,-1.0869810395140904
4039,58638286,g,6,-0.28189032786343,0.046454327925060906,0.11643559085616736,0.5685603879594877,-0.28189032786343
4040,58638286,i,9,-0.9012376814732517,0.03186500819721649,0.06138511887292353,40.300818020977175,-0.9012376814732517
4041,58638286,r,10,-0.942630223968107,0.1445167817738161,0.27016140213645123,18.640168833708955,-0.942630223968107
4042,58667534,g,4,-0.4271211740899727,0.022470956851000312,0.07830068319384526,1.2114854809049869,-0.4271211740899727
4043,58667534,i,2,-0.7324729757896431,0.06519936874622051,0.06519936874622057,13.43290107886955,-0.7324729757896431
4044,58667534,r,5,-0.8330016573597172,0.0849414956192025,0.1226485612419066,9.529051786023656,-0.8330016573597172
4045,58699940,g,2,-0.4347059365609631,0.22011443950060916,0.22011443950060916,0.9861981192618368,-0.4347059365609631
4046,58699940,i,4,-1.139538207056707,0.043265222303779716,0.08925444445043573,20.808837490699453,-1.139538207056707
4047,58699940,r,5,-1.2797717416207175,0.10842579398711116,0.2084532037582596,21.345977366519207,-1.2797717416207175
4048,58708050,i,8,-2.1628351918221194,0.054155531789279454,0.1121855006800585,83.23423721794582,-2.1628351918221194
4049,58708050,r,6,-1.7456006825935941,0.0771524309370365,0.15203622643965176,24.884322503533507,-1.7456006825935941
4050,58719173,i,7,-0.98004935532734,0.10923004354141586,0.3180483529524013,47.793550591272954,-0.98004935532734
4051,58719173,r,5,-0.3637497536420786,0.24465540678964748,0.28373914873645084,3.18851910430545,-0.3637497536420786
4052,5873402,g,4,-0.37159781063154107,0.1255507276470116,0.27273170953841497,0.5802872452347689,-0.37159781063154107
4053,5873402,i,13,-1.702115589026409,0.09401048389844102,0.23488529384638546,109.12390985970318,-1.702115589026409
4054,5873402,r,8,-1.2493684908622402,0.11294975130208074,0.2461630525234828,30.29095020080494,-1.2493684908622402
4055,58737315,g,4,-0.38218946978557256,0.09444845640595748,0.2924893903546881,0.7807227728984931,-0.38218946978557256
4056,58737315,i,8,-1.4845423347402265,0.2921986225946166,0.5926478444081276,66.53976834677796,-1.4845423347402265
4057,58737315,r,6,-1.3196599394082074,0.07593646304176938,0.135643137506271,32.082999999336955,-1.3196599394082074
4058,58747922,g,3,-0.5843945708748672,0.0035226347977010963,0.0725783351951429,1.1104108810102165,-0.5843945708748672
4059,58747922,i,6,-1.4005057779535206,0.2096422894170129,0.3808427385968962,36.56416447778691,-1.4005057779535206
4060,58747922,r,4,-1.6028709676638826,0.09382575734635012,0.1684943426646428,50.6347729668213,-1.6028709676638826
4061,58756545,g,4,-0.3274692095626511,0.027195666966120885,0.04875653558749932,0.7590972958865394,-0.3274692095626511
4062,58756545,i,9,-0.6271250882236139,0.1932314779152291,0.41713428793660945,8.76301577247221,-0.6271250882236139
4063,58756545,r,11,-0.621827501053496,0.10898247587812893,0.22399306050728351,9.90039212989103,-0.621827501053496
4064,58769074,g,3,-0.3462326884938686,0.043134474091860164,0.05668000224902925,1.0652510146601342,-0.3462326884938686
4065,58769074,i,3,-0.41376025255216153,0.11907022207262619,0.1571616549457297,4.621605161504748,-0.41376025255216153
4066,58769074,r,5,-0.2554292269612045,0.05366497726251368,0.10393950218271747,3.7816721345869944,-0.2554292269612045
4067,58788617,g,4,0.46197636911948703,0.21939885522326452,0.5515187945032431,1.1392451272748019,0.46197636911948703
4068,58788617,i,11,-0.35660771493292365,0.11322526210739453,0.20249930453554565,6.6608604572499415,-0.35660771493292365
4069,58788617,r,11,-0.4434200444745917,0.1363802007458227,0.2718125061688172,5.568152922586671,-0.4434200444745917
4070,58804622,g,3,-0.33158035266502384,0.06617217347018511,0.0942941461448113,1.303871696028826,-0.33158035266502384
4071,58804622,i,10,-0.6577529091221312,0.08242588970380987,0.14348920642972163,14.08816189125884,-0.6577529091221312
4072,58804622,r,11,-0.4967248367630762,0.08165627172570722,0.15471223661226352,7.362748664671272,-0.4967248367630762
4073,58835631,g,3,0.619129878694626,0.03376757865478064,0.11166268380866362,1.4597624348376161,0.619129878694626
4074,58835631,i,5,-0.7094893826049733,0.08368497385301743,0.153999367603174,14.889978742562935,-0.7094893826049733
4075,58835631,r,5,-0.3274595736542335,0.17435624866923816,0.24974022418197772,7.149050514577874,-0.3274595736542335
4076,58866393,g,5,-0.4534769624188846,0.08345565572864855,0.22699780472183873,1.4865007226702913,-0.4534769624188846
4077,58866393,i,8,-1.2707922886060434,0.0836489898427526,0.25499543669486124,59.32243349729281,-1.2707922886060434
4078,58866393,r,7,-1.130536121179109,0.035924572949671996,0.07407068113680149,31.95056445315418,-1.130536121179109
4079,58896847,i,7,0.08718352025526344,0.25722345583787465,0.5033040180757116,1.847548878805259,0.08718352025526344
4080,58896847,r,4,0.3896074813076358,0.07378364045704477,0.1264448480621862,3.8713200454496377,0.3896074813076358
4081,58911006,i,8,-1.6532502753297083,0.10491321516091279,0.2636042155569762,46.23390913015878,-1.6532502753297083
4082,58911006,r,5,-1.3847054372309675,0.14179801971318295,0.1570414596063856,34.847738168014345,-1.3847054372309675
4083,58948562,i,7,-0.5122211402990818,0.09891267310833607,0.3597902689249669,10.917654902523763,-0.5122211402990818
4084,58948562,r,4,-0.09789791092670985,0.020237235369448436,0.132092141084991,0.13655378474317975,-0.09789791092670985
4085,58954346,i,9,-0.28246141910546985,0.1127322615238261,0.21334961849360395,2.4568069586867383,-0.28246141910546985
4086,58954346,r,6,-0.13059541952874515,0.06856401421455015,0.11020100404568367,1.849545389726787,-0.13059541952874515
4087,58973907,i,7,-0.11869873084010696,0.061744825581176666,0.24032839285630514,2.6792125197111325,-0.11869873084010696
4088,58973907,r,8,0.180465833171555,0.035308558692233094,0.06654719156149799,0.16203344367641842,0.180465833171555
4089,58984538,g,3,-0.08889283739365827,0.16289372412668046,0.21003951852507236,0.5437244922910243,-0.08889283739365827
4090,58984538,i,11,0.09580960953387008,0.18599984357334165,0.31529015758677703,0.9298934389010273,0.09580960953387008
4091,58984538,r,7,-0.24758962615815,0.018113895566538363,0.10404158847908537,1.2661318868882827,-0.24758962615815
4092,58997923,g,3,-0.3210222517837015,0.06113756101060741,0.10350047268784573,0.4383713114461196,-0.3210222517837015
4093,58997923,i,6,-1.2635269480000526,0.19240151548037632,0.3481965251105055,36.72981300035115,-1.2635269480000526
4094,58997923,r,5,-1.2334136535875735,0.10027793357774972,0.11470428411430067,30.074040715808714,-1.2334136535875735
4095,59104763,g,4,0.014974884794349663,0.26049465218434464,0.49929925298771793,0.8946039004111617,0.014974884794349663
4096,59104763,i,13,-0.04352994713035299,0.12367416793052213,0.23866587545662551,0.6643331452652412,-0.04352994713035299
4097,59104763,r,8,0.30333637199269275,0.2757680918317433,0.4467412673374787,1.2442337921828686,0.30333637199269275
4098,59104763,u,2,0.43315295807966686,0.03301844763291978,0.03301844763291972,0.6619676821345681,0.43315295807966686
4099,59116925,g,2,0.19809939047458275,0.3362477090021308,0.33624770900213086,0.47353920449352965,0.19809939047458275
4100,59116925,i,5,-1.711962458284189,0.05245146519468902,0.16496917631050123,92.32892757176698,-1.711962458284189
4101,59116925,r,4,-1.2803282036661028,0.04687847201244699,0.10991305878486735,19.54159948641831,-1.2803282036661028
4102,59137794,g,4,0.41568994582045216,0.3864852489117393,0.8402543840345587,4.4219358905370365,0.41568994582045216
4103,59137794,i,6,-0.4563805022078851,0.07600878915798104,0.11873071933343554,3.1052746723849687,-0.4563805022078851
4104,59137794,r,8,-0.21356445339718777,0.09598772718738202,0.41201282252173466,4.852720481901213,-0.21356445339718777
4105,59194374,g,7,0.08114825653428914,0.08994312763262524,0.49197384362116414,0.7789568720459668,0.08114825653428914
4106,59194374,i,13,-0.19349159659180953,0.10604740896186932,0.20420790890011012,1.8556241764512156,-0.19349159659180953
4107,59194374,r,17,-0.15127207284928323,0.0850797033149222,0.1551074365257885,0.5757781928232446,-0.15127207284928323
4108,59220812,i,8,-0.08318183735614215,0.1272882789817873,0.1939703868834316,1.302320225133802,-0.08318183735614215
4109,59220812,r,6,0.13241669970386616,0.02419522199405305,0.0658321153411344,0.18542299505043658,0.13241669970386616
4110,59277340,g,2,0.4813453872483806,0.013267824853020471,0.013267824853020471,0.44541158335151954,0.4813453872483806
4111,59277340,i,5,0.003788857979004079,0.04314986864093251,0.1480965798580588,0.7775177608825097,0.003788857979004079
4112,59277340,r,5,0.07021467402837844,0.03667268964737125,0.08237511555375843,0.0252961169130272,0.07021467402837844
4113,59289923,i,7,-1.379608518298085,0.07082632062103489,0.10078818118944,58.55759128491506,-1.379608518298085
4114,59289923,r,6,-1.4120560813338159,0.11211596607754537,0.27197171467063774,49.413992402930326,-1.4120560813338159
4115,59299292,g,3,-0.44998533161861265,0.04162869512166745,0.07657802659543678,0.832204946747486,-0.44998533161861265
4116,59299292,i,7,-0.39456447928918503,0.23126344362226317,0.43483292338527374,8.198738285601772,-0.39456447928918503
4117,59299292,r,9,-0.7567679217851484,0.09590748259299575,0.15571351496419794,8.710841580403015,-0.7567679217851484
4118,59299292,u,2,-0.49812542294911,0.0019059679158769383,0.0019059679158769383,0.28986462827931714,-0.49812542294911
4119,59306370,g,6,-0.35669638409659565,0.04295538719602171,0.07293039346910962,0.70434577116323,-0.35669638409659565
4120,59306370,i,15,-0.48425670283024924,0.0641713521635714,0.2578957148868443,8.754685359111512,-0.48425670283024924
4121,59306370,r,12,-0.5653472170385911,0.07910948147320135,0.1402440505340664,7.68757574524415,-0.5653472170385911
4122,59344603,g,2,0.10385211949301926,0.30061719550325844,0.3006171955032585,0.5362145436185068,0.10385211949301926
4123,59344603,i,2,-0.3728800822926913,0.056898619843367415,0.056898619843367415,1.8541486436851213,-0.3728800822926913
4124,59344603,r,7,-0.10048966408034432,0.06594975627338606,0.12368848929781329,1.3812992821386707,-0.10048966408034432
4125,59372044,g,2,0.7056862167419756,0.02717708915627559,0.02717708915627548,1.859656177610051,0.7056862167419756
4126,59372044,i,6,0.13211618019660828,0.11565870877983139,0.20045854200228436,1.2663024008498522,0.13211618019660828
4127,59372044,r,6,0.27648227800445896,0.05390830928620184,0.09354804209983197,1.595069334039546,0.27648227800445896
4128,59402093,g,2,-0.3140473591325551,0.018825005008044182,0.018825005008044182,1.1900253610395937,-0.3140473591325551
4129,59402093,i,5,-0.6200726876195408,0.10048889329276944,0.1074450964220578,11.049291674067575,-0.6200726876195408
4130,59402093,r,4,-0.5478972255204695,0.08956029840045193,0.30596850542551846,11.526062883175298,-0.5478972255204695
4131,59402093,u,2,1.3849024659069173,0.05167295211299816,0.05167295211299816,4.707965617273386,1.3849024659069173
4132,59433559,g,3,-0.1730982889418604,0.18049659435010745,0.22315284578472042,0.5870617970147501,-0.1730982889418604
4133,59433559,i,4,-0.6550565614218194,0.19439942256278472,0.3799129498867804,13.089275221847917,-0.6550565614218194
4134,59433559,r,7,-0.6935945733575459,0.13338842420150765,0.21702024188891766,9.587341598202581,-0.6935945733575459
4135,59481359,g,4,-0.4942616051215387,0.02403664969669081,0.04219367848675487,1.121828198295317,-0.4942616051215387
4136,59481359,i,8,-1.2434929331944122,0.13207422838835947,0.22244694466408266,47.0828937789081,-1.2434929331944122
4137,59481359,r,6,-1.355355333224415,0.05015246204062451,0.08578947564607908,46.5347667478307,-1.355355333224415
4138,59505557,i,7,-1.2252504226610084,0.39567966868754123,0.6945439029705996,35.783722771574624,-1.2252504226610084
4139,59505557,r,4,-1.4390756235670712,0.1754280821510431,0.5470245902733308,24.66483330556795,-1.4390756235670712
4140,59527766,g,3,-0.4371311113207724,0.16743149148913028,0.2172989704020537,1.2005386088593244,-0.4371311113207724
4141,59527766,i,4,-0.4864997548324765,0.07147854272554366,0.16169634218639972,7.442888961019646,-0.4864997548324765
4142,59527766,r,4,-0.6139170942374635,0.031146988661282682,0.054673583463543673,8.657806299164836,-0.6139170942374635
4143,59598892,g,4,-0.08138081295174854,0.09533538205093312,0.2094639840302487,0.3110701654844489,-0.08138081295174854
4144,59598892,i,6,-0.42592886226660365,0.15312094684957808,0.29688381588608875,10.31412038102154,-0.42592886226660365
4145,59598892,r,9,-0.5359298511593498,0.07579956586040959,0.5284238466901443,4.749053346731461,-0.5359298511593498
4146,59612005,g,4,-0.35257618197958873,0.016950932489997683,0.21016479892539586,1.304638186065656,-0.35257618197958873
4147,59612005,i,11,-0.9977313073329673,0.030180088153520024,0.1756628988340896,57.648581267643365,-0.9977313073329673
4148,59612005,r,12,-0.6614916099066004,0.2395162160465345,0.44589238989304747,10.3418440824069,-0.6614916099066004
4149,59653856,g,2,-0.09124260529980827,0.03049040437003775,0.03049040437003775,0.20856846741426896,-0.09124260529980827
4150,59653856,i,7,-0.24045235514922847,0.15196788822466234,0.22392648190172676,1.7472430778769186,-0.24045235514922847
4151,59653856,r,7,-0.028462495090388895,0.1388354911972175,0.35357214558217914,4.211067382273455,-0.028462495090388895
4152,5966481,g,3,-0.04978594383827173,0.018781276093805532,0.08571708133696576,0.1681477543858102,-0.04978594383827173
4153,5966481,i,6,-0.30770024982982835,0.09028541899289097,0.15694440876792726,2.1057443431802825,-0.30770024982982835
4154,5966481,r,7,-0.2623041215047801,0.06953899405559355,0.08310027138180598,1.8584678206945189,-0.2623041215047801
4155,59689553,g,2,0.9893044279235423,0.2526809898993905,0.25268098989939036,2.9043012280905276,0.9893044279235423
4156,59689553,i,17,-0.6534594307758264,0.1578661018256835,0.31248827886565533,17.022273292017008,-0.6534594307758264
4157,59689553,r,12,-0.29996649496993705,0.31998706856800513,0.5261449777758878,3.5485747535073835,-0.29996649496993705
4158,59702334,i,10,-0.1295297216620683,0.12018757489933252,0.20657471131659544,1.4919948136206758,-0.1295297216620683
4159,59702334,r,9,-0.08149121594421421,0.10988409100555996,0.19384846456961569,1.2236030216732328,-0.08149121594421421
4160,59739864,g,3,-0.42504520038864435,0.022647274362238068,0.06520987831912256,1.099970954819282,-0.42504520038864435
4161,59739864,i,7,-0.8106974435314098,0.023434349660862885,0.2761993738028622,34.5508111335488,-0.8106974435314098
4162,59739864,r,7,-0.8053913836681723,0.04853915581872781,0.4832634392499634,13.35516548511456,-0.8053913836681723
4163,59755839,i,5,-0.8459863885422501,0.018433912822076848,0.03980707032419051,32.31016647854601,-0.8459863885422501
4164,59755839,r,4,-0.7586569391243072,0.026693680767148287,0.08692889413583493,13.595336991221059,-0.7586569391243072
4165,59862143,g,3,-0.16508824207760198,0.10201577526019967,0.21055090080539582,0.5427349926043123,-0.16508824207760198
4166,59862143,i,3,-0.4368391900188556,0.05897371031758819,0.14909247883842802,4.329522851376532,-0.4368391900188556
4167,59862143,r,5,-0.30731874496403144,0.024654024331234536,0.04559472980909324,1.6908646927586997,-0.30731874496403144
4168,59880692,g,2,-0.16031406292163644,0.1602210351755158,0.16022103517551584,0.7751254930398732,-0.16031406292163644
4169,59880692,i,16,0.14635435798570184,0.20242000827689444,0.3515648762362383,1.9808037488192332,0.14635435798570184
4170,59880692,r,15,0.30382000264459297,0.19587113503188702,0.6517985370875866,1.6105754743033,0.30382000264459297
4171,59946595,i,9,-0.7334550600812286,0.06896071485661537,0.1238780167955924,11.374526895394489,-0.7334550600812286
4172,59946595,r,5,-0.3461307005199443,0.07089827810021143,0.5425653714232976,5.574812054813594,-0.3461307005199443
4173,59947634,i,12,-0.9643793063053073,0.16976375947844746,0.32859583438173223,37.50757752857849,-0.9643793063053073
4174,59947634,r,13,-0.4451945544882614,0.280239180496648,0.6169977841762002,8.679584901604777,-0.4451945544882614
4175,59948594,g,2,-0.4066742315157226,0.23311250045069443,0.23311250045069443,2.4164929675401954,-0.4066742315157226
4176,59948594,i,3,-0.9082277499045006,0.03752879493899286,0.07059086371345691,15.029913331663792,-0.9082277499045006
4177,59948594,r,7,-0.9230845847579175,0.034198325644553496,0.3081539594754211,22.242973550154296,-0.9230845847579175
4178,59956027,g,3,0.2097908486304202,0.09522365911370201,0.09639004693765355,0.26569903584844634,0.2097908486304202
4179,59956027,i,8,-0.8342107624257158,0.06136484384288626,0.09489808852162684,23.49828506367116,-0.8342107624257158
4180,59956027,r,7,-0.34299962474975076,0.15702814326749504,0.28865002388346983,2.7496236172509034,-0.34299962474975076
4181,6014170,i,10,-0.4498753240292972,0.23007619526811995,0.5353694912299845,9.770668164121961,-0.4498753240292972
4182,6014170,r,7,-0.19018102224115052,0.3379393820855384,0.599386596938474,1.7271920482050167,-0.19018102224115052
4183,60181436,i,7,-0.28366993572120636,0.06033776087298892,0.1546576062889887,3.3989788910580176,-0.28366993572120636
4184,60181436,r,4,-0.09856808476996537,0.03324318260111611,0.09462635666758669,0.466630173908506,-0.09856808476996537
4185,60232851,g,2,-0.1595923004802588,0.14293546398453055,0.14293546398453055,0.6086711242855402,-0.1595923004802588
4186,60232851,i,7,-0.10638053685267695,0.08295012880623137,0.18273224741328875,3.043008799565515,-0.10638053685267695
4187,60232851,r,6,-0.18182633720342686,0.03745337317940142,0.06322210437692388,0.987033849770457,-0.18182633720342686
4188,60237148,g,6,0.28662545196414413,0.12940752025863356,0.2116738645302692,0.31518032371094223,0.28662545196414413
4189,60237148,i,12,-0.36331772037902904,0.11153819691496877,0.167271840341207,6.555949645097692,-0.36331772037902904
4190,60237148,r,10,-0.36063735622469645,0.03668091728340184,0.06513100433806185,2.5124820616942722,-0.36063735622469645
4191,60252858,g,2,-0.1255913691592374,0.017433250485132223,0.017433250485132223,0.07896247713994535,-0.1255913691592374
4192,60252858,i,6,-1.1243148264013008,0.158323220783693,0.3117347070131008,20.680673565722174,-1.1243148264013008
4193,60252858,r,4,-1.093166849604228,0.1522915544261132,0.2799087958224966,21.07163707557868,-1.093166849604228
4194,6029688,i,7,-1.0901544963922554,0.2668848623743748,0.41689153541566526,55.54793171156422,-1.0901544963922554
4195,6029688,r,4,-0.7777759446755498,0.08745016938155092,0.20290999515656438,11.728296697969032,-0.7777759446755498
4196,60302605,g,2,-0.2934401858561896,0.0490821529774329,0.0490821529774329,0.4826483959411852,-0.2934401858561896
4197,60302605,i,3,-0.48858150116437316,0.00013356708034650833,0.1023872547337506,7.215928952571652,-0.48858150116437316
4198,60302605,r,8,-0.44010181639287893,0.04339280795948369,0.07333852363296728,3.424170831517981,-0.44010181639287893
4199,60308146,g,4,-0.3675992674810539,0.20008106915970625,0.41591055928818366,0.6425097698004436,-0.3675992674810539
4200,60308146,i,10,-1.0938477297363156,0.10230121389886371,0.18167356302322357,33.78561856723469,-1.0938477297363156
4201,60308146,r,7,-0.5666291182500807,0.13707440460496212,0.3783186634665736,7.3841151766868895,-0.5666291182500807
4202,60324908,i,9,-0.8625375048759732,0.21106992860664053,0.4893261748239519,22.156102878171684,-0.8625375048759732
4203,60324908,r,3,-0.37810344799148116,0.10340559044003622,0.1403232863365329,2.5915092664997794,-0.37810344799148116
4204,60384637,i,9,-0.815625039027648,0.1703158857112066,0.32069067241148563,17.682050607239674,-0.815625039027648
4205,60384637,r,7,-0.4143298602606914,0.2748884764976298,0.54471735082106,5.665948669944151,-0.4143298602606914
4206,60416636,i,7,-1.6424694169418672,0.1367203905444636,0.23714317714903954,50.597780722163655,-1.6424694169418672
4207,60416636,r,7,-1.4992006085324834,0.05024285470646084,0.08344682208665133,28.52007916976957,-1.4992006085324834
4208,60437606,i,9,-1.437265388264599,0.07555194838943469,0.1049112906234444,74.16490356403253,-1.437265388264599
4209,60437606,r,6,-1.2271323211575758,0.10342967390526969,0.17742518143612185,54.82163741550911,-1.2271323211575758
4210,60542428,g,7,1.3465875717488265,0.24477587037048565,0.5894515770215111,5.010555520707781,1.3465875717488265
4211,60542428,i,12,-0.10892333177299778,0.1921675529020082,0.3827335341560629,3.683699543731635,-0.10892333177299778
4212,60542428,r,13,0.40615505932416385,0.15484680212562618,0.7414076109287527,1.3767867638032807,0.40615505932416385
4213,60560645,g,5,0.5785581923943592,0.09031050657825501,0.9383510092893118,1.061543166966786,0.5785581923943592
4214,60560645,i,6,-0.32150210174442345,0.14105319691803428,0.265447608676932,8.652480077932228,-0.32150210174442345
4215,60560645,r,10,-0.157396848456326,0.0641085119112565,0.3338286266091244,4.232022267599133,-0.157396848456326
4216,60561165,i,8,-0.9566255886003707,0.08988569114171585,0.15774956633803305,26.179149769562798,-0.9566255886003707
4217,60561165,r,5,-0.913829692158464,0.15517499332015572,0.30579132440915235,20.131250134470914,-0.913829692158464
4218,60574108,g,3,-0.4882363299594584,0.06425217113474979,0.15716275348617342,0.7627058926633642,-0.4882363299594584
4219,60574108,i,10,-0.97317374226082,0.11652649620172528,0.3150838412170365,25.303281275448843,-0.97317374226082
4220,60574108,r,10,-0.7493926713093295,0.22180141597217246,0.4360452572089535,10.30093820662734,-0.7493926713093295
4221,60619481,g,2,-0.5425122061017358,0.06667613854028326,0.06667613854028331,1.1679073874671877,-0.5425122061017358
4222,60619481,i,10,-2.0529230484623584,0.11120070110026004,0.31578126804746365,122.46711676920472,-2.0529230484623584
4223,60619481,r,11,-1.6677885876943312,0.11005921893102255,0.32210250909146465,39.9076279282086,-1.6677885876943312
4224,60639853,g,2,-0.20592088938285735,0.1511713851579345,0.1511713851579345,0.5431884715394811,-0.20592088938285735
4225,60639853,i,6,-0.16729368755016977,0.032419334432066974,0.05618996982448213,1.082363016361601,-0.16729368755016977
4226,60639853,r,6,-0.3524457453169977,0.17467177616187823,0.32810266162338325,3.157348287281072,-0.3524457453169977
4227,60661362,i,7,0.05912553526186959,0.32006331298189283,0.46211607866448323,2.698382145547383,0.05912553526186959
4228,60661362,r,5,0.210532438723398,0.14380718513776602,0.23968323785630974,0.9511926340428009,0.210532438723398
4229,6073209,g,6,-0.20442295123428722,0.06000926741065438,0.10689668192628621,0.28493673492204974,-0.20442295123428722
4230,6073209,i,11,-0.8103803983151572,0.15070613016166223,0.2792134575731551,23.934318594260493,-0.8103803983151572
4231,6073209,r,10,-0.6377128130682975,0.18777907869997612,0.32394109999301685,7.168074600131787,-0.6377128130682975
4232,60757636,g,8,-0.019290383499904473,0.26224207014947465,0.5103863450449143,0.7856892846861225,-0.019290383499904473
4233,60757636,i,12,-0.23922355286013558,0.044301468499917784,0.05710067420810239,1.3513349046758292,-0.23922355286013558
4234,60757636,r,14,-0.15053646339085536,0.015312980386242625,0.02768899558279489,1.1092536483883106,-0.15053646339085536
4235,60757636,u,2,0.838261655349736,0.010584585349877385,0.010584585349877385,2.420495106389076,0.838261655349736
4236,60857485,g,3,0.12173043200532474,0.11762496511008358,0.152266262525089,0.1309847016238017,0.12173043200532474
4237,60857485,i,15,-0.916783902090415,0.14740831314191627,0.3795819085391001,28.657146092444044,-0.916783902090415
4238,60857485,r,11,-0.9602200893752832,0.17757517253755206,0.23031257549193573,23.893083131851554,-0.9602200893752832
4239,60916658,i,7,-1.5185495087240768,0.09813051096361014,0.17194914708594555,41.57103748431183,-1.5185495087240768
4240,60916658,r,6,-0.9771899813446023,0.05680148428647652,0.169880327900507,18.583715333248556,-0.9771899813446023
4241,60926288,g,3,0.17657043435945674,0.0015744279150165519,0.052922226649646714,0.3558987253637455,0.17657043435945674
4242,60926288,i,11,0.128171877334616,0.2953808326602797,0.5536323727193135,3.657226462800674,0.128171877334616
4243,60926288,r,7,0.3047833440328061,0.2032890784412868,0.5036186501082468,2.6110217924067873,0.3047833440328061
4244,60942131,i,11,-2.318087049151412,0.09828005843721588,0.2768231352514583,127.4420632093511,-2.318087049151412
4245,60942131,r,9,-1.8234664922517094,0.0938028679083065,0.11532739321052121,37.93083287957316,-1.8234664922517094
4246,60983346,i,7,-0.5796523718640638,0.0867814088262262,0.15783504084168143,4.0501170902599934,-0.5796523718640638
4247,60983346,r,5,-0.18461614286956207,0.011547784886888568,0.04102909395641563,1.7735729162274523,-0.18461614286956207
4248,6098699,g,2,-0.17595506327809562,0.14337880232499522,0.14337880232499522,0.5027057036564779,-0.17595506327809562
4249,6098699,i,7,-0.9008055409641149,0.20071163178805118,0.31021796722382067,18.361063645002453,-0.9008055409641149
4250,6098699,r,4,-0.6993280961667221,0.22387190320660222,0.4897225412592218,10.897555046089217,-0.6993280961667221
4251,60987346,g,3,0.31160891198401397,0.026897393463113817,0.10032259694336887,1.3445188456362744,0.31160891198401397
4252,60987346,i,8,-0.6031942521466271,0.11993280092621689,0.21146523210867962,13.11231725043811,-0.6031942521466271
4253,60987346,r,6,-0.37635936849070567,0.14692667539901788,0.25114749162180006,2.9791301397875087,-0.37635936849070567
4254,60990422,i,6,-1.8397689669845376,0.0593731014434381,0.11365385624878654,111.01005876702523,-1.8397689669845376
4255,60990422,r,5,-1.3162688739846684,0.15743954038601582,0.26484459379677294,32.74117741776029,-1.3162688739846684
4256,61009776,g,3,0.06858528421381205,0.19942328360891276,0.33078656281837593,0.3738168671282989,0.06858528421381205
4257,61009776,r,7,-0.5874335824417986,0.12347045621503205,0.2374132210716507,7.646029266216457,-0.5874335824417986
4258,61033723,i,5,-0.8615346323098061,0.16362995759072785,0.3706381573260942,10.503139138407619,-0.8615346323098061
4259,61033723,r,7,-0.7141430008267347,0.17185198104797994,0.3238472253140372,8.57222285056237,-0.7141430008267347
4260,61181920,g,5,1.296364766353483,0.1386609456013097,0.20187152594030766,5.569003026696798,1.296364766353483
4261,61181920,i,11,0.15206110796467445,0.10135354633613139,0.16348745666545428,1.380107333522963,0.15206110796467445
4262,61181920,r,13,0.33108622548422906,0.07913523982897863,0.2725285123750074,1.0245192608791975,0.33108622548422906
4263,61202907,g,7,-0.05037832411953452,0.046505736126387365,0.1482164311511811,0.428549804617581,-0.05037832411953452
4264,61202907,i,7,-0.30426385374094234,0.04493414768524495,0.11075546551221996,2.1474813473515697,-0.30426385374094234
4265,61202907,r,14,-0.3487661997948996,0.09542949896948877,0.1688659300719097,3.0877473603882466,-0.3487661997948996
4266,61212596,i,5,-0.616405658608728,0.047660416529786365,0.06560313991873157,5.881036427936718,-0.616405658608728
4267,61212596,r,5,-0.4177482537885009,0.032917350533455236,0.03756016396120854,1.4388129289861333,-0.4177482537885009
4268,61228113,g,4,-0.13225857832719948,0.013578412378283167,0.04196680548214261,0.3027173943384046,-0.13225857832719948
4269,61228113,i,6,-0.7211558091588501,0.1511518275716488,0.24958462901912204,17.967065903441643,-0.7211558091588501
4270,61228113,r,7,-0.4558669479191796,0.14618460534557676,0.2963825863482045,7.045836440422398,-0.4558669479191796
4271,61312838,i,10,-1.2225683560952776,0.11500699021239691,0.19070014575715177,34.48911646257939,-1.2225683560952776
4272,61312838,r,7,-1.1331845238857365,0.07286779307719904,0.18039133842341437,10.260207216930484,-1.1331845238857365
4273,61329784,i,6,0.10154227588813464,0.1605209154621709,0.28657649360451887,1.1557250012742821,0.10154227588813464
4274,61329784,r,3,0.4444464357723547,0.015402269284561954,0.11658252853753776,5.304209813317825,0.4444464357723547
4275,61329784,u,2,1.537451657722959,0.04429888198042209,0.0442988819804222,9.682383552721618,1.537451657722959
4276,61372080,g,3,-0.022647289118119085,0.121355815087905,0.18999116994757018,0.24524321197841234,-0.022647289118119085
4277,61372080,i,5,-0.30413684065087077,0.3669432333689633,0.7159115036573257,15.899252127409406,-0.30413684065087077
4278,61372080,r,7,-0.11812594084626565,0.22616617384196563,0.4759944122198778,4.67942855187286,-0.11812594084626565
4279,61450658,i,7,-1.2411188042522414,0.25249662393012606,1.0531850138995595,27.306163796922515,-1.2411188042522414
4280,61450658,r,5,-0.7231128087813926,0.07449976848310824,0.3067310125355787,6.590127245664311,-0.7231128087813926
4281,61463224,g,3,0.023417985037808786,0.2598883887993011,0.5763953310515739,2.19594173595028,0.023417985037808786
4282,61463224,i,6,-0.39181971511691754,0.05005120446637934,0.08668330543627106,2.8742658434570934,-0.39181971511691754
4283,61463224,r,2,0.3337285856845733,0.05392520935906031,0.05392520935906031,2.6011033931660035,0.3337285856845733
4284,61483199,g,3,-0.18656109321944891,0.32243625740068216,0.46932606358630247,0.5481095363997349,-0.18656109321944891
4285,61483199,i,5,-1.4832048932094763,0.10993333607964506,0.19233761512044611,54.32891803253742,-1.4832048932094763
4286,61483199,r,7,-1.4950530339672654,0.05392914389694026,0.10713093554362008,25.266275631659287,-1.4950530339672654
4287,61509317,i,6,-0.10374222254252996,0.23518971294372917,0.3773902078862933,3.840384641586203,-0.10374222254252996
4288,61509317,r,4,0.3336953023286018,0.18890963155783944,0.4467730576992628,1.489374080377643,0.3336953023286018
4289,61536185,g,3,0.7857060094996777,0.5656659673408408,0.7498125992169022,1.879159538550691,0.7857060094996777
4290,61536185,i,11,-0.7565609792415092,0.13249767567855353,0.625328683914534,30.353234832346757,-0.7565609792415092
4291,61536185,r,12,-0.5929696515130094,0.04945583262409886,0.26899046384761577,15.150935747189619,-0.5929696515130094
4292,61536185,u,2,0.9691946561507604,0.1072749582318061,0.107274958231806,2.3300976756464418,0.9691946561507604
4293,61574531,i,6,-0.9121896619727103,0.03215454186745681,0.05159444067825747,32.67154019123901,-0.9121896619727103
4294,61574531,r,6,-0.7620995555377752,0.04861797379207666,0.1805477203775434,11.355341738139082,-0.7620995555377752
4295,61578684,i,6,-1.151670066021668,0.16057300522283313,0.4428244934851785,29.63953528998071,-1.151670066021668
4296,61578684,r,5,-1.1388338433177645,0.013641085395580177,0.018419038434872137,12.666752165237975,-1.1388338433177645
4297,61644955,g,4,0.07402561578202893,0.05294319120972826,0.11552787864338736,0.19208018435758234,0.07402561578202893
4298,61644955,i,6,-0.3544735585301343,0.11266464799554407,0.1716080154247045,8.516239885243367,-0.3544735585301343
4299,61644955,r,7,-0.23568161353655565,0.09342527074930496,0.11674126145991687,3.923755445007458,-0.23568161353655565
4300,61695968,i,9,-1.3801420983407138,0.07689280167090384,0.1381096842088978,65.59315643959934,-1.3801420983407138
4301,61695968,r,8,-1.1157052965452101,0.22021216295778429,0.4043720119551335,26.43761478609366,-1.1157052965452101
4302,61702255,g,3,0.13952224683667214,0.03991553034816753,0.43773973387752285,0.7281123310099514,0.13952224683667214
4303,61702255,i,14,-0.6204196398893541,0.14549161221557827,0.333386224036583,22.439563941340875,-0.6204196398893541
4304,61702255,r,16,-0.542118815256383,0.043268547256734624,0.4525419653629963,5.177685107265838,-0.542118815256383
4305,61715415,g,4,-0.3690098219933451,0.008034594545307416,0.0144071833488994,1.9087789401514783,-0.3690098219933451
4306,61715415,i,7,-0.2699160992597396,0.24442589342764504,0.5780419653402671,15.815958067579926,-0.2699160992597396
4307,61715415,r,7,-0.5459393845811746,0.13763526620274802,0.5479937768739906,14.777892873713691,-0.5459393845811746
4308,61725385,g,6,0.03808226935809311,0.19886101152185576,0.34297779573266934,0.42055317724227953,0.03808226935809311
4309,61725385,i,11,-0.5081690783755403,0.08800790887379806,0.1603642209300754,8.871763725445028,-0.5081690783755403
4310,61725385,r,14,-0.5195342881652102,0.11012403440114399,0.21815288649584363,4.248095156796645,-0.5195342881652102
4311,61739745,i,3,-0.6602418743264966,0.19782742550658305,0.21217176871326093,8.850437089714461,-0.6602418743264966
4312,61739745,r,7,-0.7013677258430373,0.1148560334465143,0.26838775082753563,9.053593864315536,-0.7013677258430373
4313,61745465,i,5,-0.31076062872871024,0.1351500456378708,0.2961317839431762,4.069671046767674,-0.31076062872871024
4314,61745465,r,5,-0.1257412863865326,0.09589438015388407,0.26912231911551754,2.5079317830541408,-0.1257412863865326
4315,61844855,i,12,-0.36831923551134105,0.11562755712513018,0.2167163610941666,5.625223986968226,-0.36831923551134105
4316,61844855,r,6,-0.2861813445902217,0.1279849277108844,0.21983338440669925,1.7669200128070726,-0.2861813445902217
4317,6189608,i,7,-1.0755828667135088,0.0931366627496315,0.14395442389680269,30.462657863320256,-1.0755828667135088
4318,6189608,r,5,-0.7994940820615989,0.35134956584629584,0.6610661731384369,12.438077012865993,-0.7994940820615989
4319,61955039,i,7,-1.0722744932640715,0.145349816350119,0.2592898342604617,33.807921500198525,-1.0722744932640715
4320,61955039,r,6,-1.0265299456762986,0.09857961847370778,0.20401542279806195,25.173522348286724,-1.0265299456762986
4321,62074016,i,6,-1.8029811760149528,0.07254567475130547,0.12570715877794525,93.71331969832356,-1.8029811760149528
4322,62074016,r,4,-1.1710282410442625,0.044735011410154235,0.06460798380154231,13.593199931541458,-1.1710282410442625
4323,62085839,g,2,-0.17281249526756703,0.18925082549511585,0.18925082549511585,0.23012113977066362,-0.17281249526756703
4324,62085839,i,4,-1.024143229352413,0.0896081817418406,0.21775571890046697,16.81667954061432,-1.024143229352413
4325,62085839,r,5,-0.9166823223820444,0.1015362688740662,0.14677426128529802,18.55163414955188,-0.9166823223820444
4326,62104333,g,6,-0.22314514033130417,0.0584775093605622,0.43459294873042476,0.7753432057081778,-0.22314514033130417
4327,62104333,i,9,-0.5477878058419019,0.0897471841490618,0.1630347131869619,14.043269604153387,-0.5477878058419019
4328,62104333,r,10,-0.39566475957451575,0.09177772734888354,0.3157910462994812,3.9674522516659763,-0.39566475957451575
4329,62120075,g,2,0.47724995614257526,0.017055472482253697,0.017055472482253697,1.185731291969311,0.47724995614257526
4330,62120075,i,13,-0.4876615954150986,0.3084273497433008,0.6292022106002041,17.467706892126582,-0.4876615954150986
4331,62120075,r,10,-0.38944329642089054,0.2530719415639262,0.4430642345544291,9.198018345407723,-0.38944329642089054
4332,62126365,g,3,-0.37357700330883836,0.13993351177626556,0.30297808003075993,0.5288621611903451,-0.37357700330883836
4333,62126365,i,15,-1.7073263687868467,0.1153312723932951,0.20337596253121282,98.03662983502798,-1.7073263687868467
4334,62126365,r,11,-1.591000879988424,0.08795513282330703,0.14035993196189556,32.46061740303967,-1.591000879988424
4335,62182266,g,2,-0.38255664175155135,0.016673649939330237,0.016673649939330293,1.7854138035053237,-0.38255664175155135
4336,62182266,i,4,-0.0013199455543395078,0.07845452902381506,0.13127067797210437,0.10842131209507737,-0.0013199455543395078
4337,62182266,r,4,-0.3570216493269742,0.09356829101422143,0.23019258939605136,6.17411517687962,-0.3570216493269742
4338,6219425,i,6,-1.375860069027639,0.05989092331861445,0.10329110078922388,40.88276918075363,-1.375860069027639
4339,6219425,r,6,-1.4369058672357968,0.13025284141962412,0.20606226807622874,34.79055960834167,-1.4369058672357968
4340,62225624,g,2,-0.197048648670038,0.006344333058363377,0.006344333058363405,0.5785114735057357,-0.197048648670038
4341,62225624,i,4,-0.6437012157250521,0.14243094146919427,0.23210085314275863,20.56975635425359,-0.6437012157250521
4342,62225624,r,5,-0.09221251567456441,0.17323965513754214,0.4435306523792349,3.6430073024694836,-0.09221251567456441
4343,62268987,i,4,-1.282522355722195,0.02551442083564004,0.07451089150017443,47.05607014086938,-1.282522355722195
4344,62268987,r,9,-0.9082940723492543,0.11469027080026373,0.4080855972261278,15.373010561283024,-0.9082940723492543
4345,62371419,g,2,0.12929420454780635,0.050286027943959116,0.05028602794395913,0.13337127344221159,0.12929420454780635
4346,62371419,i,10,-0.6269684666396442,0.14954298777107178,0.3388533920131709,22.147996273523503,-0.6269684666396442
4347,62371419,r,5,-0.6388626372352345,0.06869503910320107,0.39412688619342096,6.662028583696431,-0.6388626372352345
4348,62406518,g,5,-0.3645122072650063,0.023434964015136672,0.027186861327024026,1.0450294424663116,-0.3645122072650063
4349,62406518,i,9,-1.3052074542558278,0.08326472783167871,0.15295088070419682,58.71917392231113,-1.3052074542558278
4350,62406518,r,7,-1.1661075216832961,0.04973663009695306,0.17530989223160054,37.72049668028977,-1.1661075216832961
4351,62444196,g,3,0.6851173419684313,0.010888987025770236,0.13882547985235705,0.902050958719879,0.6851173419684313
4352,62444196,i,10,-0.33923750225616567,0.19744696007878876,0.4470986372564305,9.72989053575095,-0.33923750225616567
4353,62444196,r,9,-0.24902511637039804,0.029759024445286886,0.3349624137759245,6.031403348300378,-0.24902511637039804
4354,62444196,u,3,1.1104922926292624,0.045209226810568826,0.08145853121834024,1.857192782762865,1.1104922926292624
4355,62457232,i,6,-0.2357572129045472,0.04960368526906178,0.08178579419958551,0.6022093034603513,-0.2357572129045472
4356,62457232,r,7,0.19594834240700743,0.19570860178516347,0.3274732499109234,0.23593776184104578,0.19594834240700743
4357,62500892,i,13,-0.25728329452532883,0.19645651252276097,0.3839148654992853,6.154458047825899,-0.25728329452532883
4358,62500892,r,9,-0.1449758015501224,0.07458001607074924,0.1733199597514648,1.183540740973634,-0.1449758015501224
4359,62505149,g,4,-0.10072720084511652,0.08849085114494237,0.1878554426361458,0.17936848078067763,-0.10072720084511652
4360,62505149,i,2,-1.1050450525276683,0.0006559881142833568,0.0006559881142833568,36.018903814047874,-1.1050450525276683
4361,62505149,r,8,-0.682078517173621,0.19695477229216973,0.3247360418798625,8.203623940923729,-0.682078517173621
4362,62506751,i,8,-1.7367078912667115,0.14717628351178613,0.2735706835506728,76.59337476273245,-1.7367078912667115
4363,62506751,r,8,-1.2603650923053933,0.1086688203511662,0.24030403760713925,21.356048238004465,-1.2603650923053933
4364,6251617,i,7,-0.8812123618275587,0.24168612603153372,0.6652911948517766,16.905479818120774,-0.8812123618275587
4365,6251617,r,6,-0.655610757821105,0.09836778471298335,0.15081326065648393,7.65776314936857,-0.655610757821105
4366,62534277,i,8,-2.3480926917677944,0.08030732393624707,0.16290170615808997,171.88306801865764,-2.3480926917677944
4367,62534277,r,8,-1.8698671903536244,0.08124257136798407,0.20005673305201488,51.89585279409593,-1.8698671903536244
4368,62554236,g,4,0.7147458131046232,0.16874473613832675,0.3594186511936579,5.512844763945678,0.7147458131046232
4369,62554236,i,11,-0.268353593204021,0.17369533187849123,0.30681539355865733,3.870636197394374,-0.268353593204021
4370,62554236,r,14,0.02015395701954087,0.10814036033276864,0.2679951857984196,2.8880152038473375,0.02015395701954087
4371,62558199,g,4,-0.3790982815689004,0.11025247743506605,0.3151610493873819,0.6197220605187664,-0.3790982815689004
4372,62558199,i,3,-1.5696642021449128,0.0009518586137224894,0.0740439094270322,85.34542616420661,-1.5696642021449128
4373,62558199,r,6,-0.9817834889668636,0.17902231955526593,0.3726099415020464,13.014282990101195,-0.9817834889668636
4374,62562048,i,4,-0.3409946150011064,0.26797292697038017,0.5326999471576153,3.500347034875748,-0.3409946150011064
4375,62562048,r,7,-0.4855050503601811,0.08350056345056722,0.2769499207957242,2.3781659332346052,-0.4855050503601811
4376,62640814,g,3,0.08794248128353566,0.01037806866213209,0.0353287954038341,0.047585226629431925,0.08794248128353566
4377,62640814,i,5,-0.0025441290619595824,0.1138583311101096,0.26106811539129604,0.8054709607099151,-0.0025441290619595824
4378,62640814,r,6,0.03562553578342759,0.050347124991453704,0.36220302411819355,2.136963213611239,0.03562553578342759
4379,62640814,u,3,1.5820495800334582,0.12691925318498698,0.1494210853661282,11.140064153981603,1.5820495800334582
4380,62655768,i,7,-1.8121225266589038,0.11028530892966026,0.23979255273718847,92.41749749149274,-1.8121225266589038
4381,62655768,r,9,-1.718592972179174,0.034765813281080415,0.06411602288709672,56.6937893725062,-1.718592972179174
4382,62723170,i,12,-0.05645227821218701,0.07961607811001381,0.21813651148788588,1.3078264850368775,-0.05645227821218701
4383,62723170,r,11,0.043721285709156676,0.035496044962890716,0.19681314726072427,1.706180974387763,0.043721285709156676
4384,62780436,g,2,0.29505119219513176,0.4433599444011205,0.4433599444011205,1.128204502965174,0.29505119219513176
4385,62780436,i,6,-0.8623636162390569,0.0656782540574753,0.10529254063216853,23.009355343498026,-0.8623636162390569
4386,62780436,r,5,-0.6904850963295026,0.04611336933572496,0.1531133235886044,4.145901325540228,-0.6904850963295026
4387,62791725,i,10,-2.126149481311322,0.12366207896125037,0.20862476172708888,117.8879601170668,-2.126149481311322
4388,62791725,r,6,-1.918707358225513,0.032985087282311754,0.05624426096377677,59.37395382583955,-1.918707358225513
4389,62800653,g,3,-0.12243052140668187,0.014102891921206506,0.18708511011859902,0.3020811402692872,-0.12243052140668187
4390,62800653,i,10,-1.618017362936921,0.07602339167032679,0.1340113718611904,80.08599285977195,-1.618017362936921
4391,62800653,r,8,-1.663642353763256,0.061470708183215206,0.10698808171487295,41.39799021745438,-1.663642353763256
4392,62866361,i,10,-1.6564427777372086,0.06623590023056058,0.1674119333432409,16.672797272354945,-1.6564427777372086
4393,62866361,r,2,-1.2789653532724832,0.02351917388707525,0.02351917388707525,7.539820940014801,-1.2789653532724832
4394,62882510,i,6,-0.7049092697352124,0.1628470912470792,0.3292727085148973,19.922500374444375,-0.7049092697352124
4395,62882510,r,5,-0.4998451983128408,0.03166750532337237,0.05961420936491335,10.377584876853657,-0.4998451983128408
4396,62931201,g,3,-0.3532218489682256,0.03030679781148149,0.11584775139809328,0.5248426676533685,-0.3532218489682256
4397,62931201,i,2,-0.7130816907948684,0.015626801931829415,0.015626801931829304,10.748446104280461,-0.7130816907948684
4398,62931201,r,6,-0.5001572263835734,0.1014686491085407,0.19873579263059515,5.8023100133661885,-0.5001572263835734
4399,62949549,g,2,-0.3638493966677888,0.1326610768400615,0.13266107684006156,0.5781613802272503,-0.3638493966677888
4400,62949549,i,11,-1.2800012273588317,0.11491874252778977,0.21199196776784124,51.32674693727788,-1.2800012273588317
4401,62949549,r,9,-1.2383917333775751,0.20595927156267235,0.4014034274592204,30.841033261894577,-1.2383917333775751
4402,62971467,g,3,-0.14599944523935732,0.023046890008330545,0.09896130391929625,0.1236896112359323,-0.14599944523935732
4403,62971467,i,10,-0.429911607870786,0.08533772172090354,0.15504030231638394,10.013697503691112,-0.429911607870786
4404,62971467,r,7,-0.48376714776687646,0.059098053222625846,0.10742362075457701,8.250424421758169,-0.48376714776687646
4405,62971467,u,3,1.0216854909019368,0.023374676356716417,0.1727442226599556,2.1012960881222655,1.0216854909019368
4406,6299694,g,5,-0.4412972417803427,0.021588418763521022,0.0923999290657479,0.7698393164837618,-0.4412972417803427
4407,6299694,i,9,-0.7537157276874351,0.21158835764356354,0.33038799568490074,13.367493297341435,-0.7537157276874351
4408,6299694,r,11,-0.3866580727729498,0.2872413956045032,0.4519825391612758,8.116735115251158,-0.3866580727729498
4409,62998702,i,8,-0.1353621874562067,0.09917640910318687,0.21077578279387763,0.8648650788193325,-0.1353621874562067
4410,62998702,r,5,-0.20439572712704157,0.04403493148722093,0.06045450787783546,1.7377677481990959,-0.20439572712704157
4411,62999280,g,3,-0.15375091607542501,0.25627515038538173,0.28014841315112254,0.5382780219031121,-0.15375091607542501
4412,62999280,i,6,-1.038844510721701,0.09457824224473127,0.16211503657972548,28.671322441232633,-1.038844510721701
4413,62999280,r,7,-0.689814434475637,0.13169089163880832,0.28121685895978277,12.167036154044002,-0.689814434475637
4414,63033654,i,7,-0.6953682051204567,0.32053239556273005,0.3768187624729782,16.766822034352966,-0.6953682051204567
4415,63033654,r,4,-0.6499525253003064,0.19196727758937548,0.3799362560044645,9.216983625255832,-0.6499525253003064
4416,6308602,g,3,0.2029939787409556,0.09527643686183307,0.12026198253280473,0.32250520473499816,0.2029939787409556
4417,6308602,i,5,-0.6029750049203941,0.06197571250490741,0.11709852727933234,5.610161622993237,-0.6029750049203941
4418,6308602,r,5,-0.6148499975625921,0.07044457838374063,0.14906314983870717,6.84728971132932,-0.6148499975625921
4419,63135560,g,6,0.2627626488301593,0.07325164487360336,0.12480505862342861,0.44307534424727324,0.2627626488301593
4420,63135560,i,4,-0.4935593806852124,0.033889505119885144,0.1757231928292643,4.178182673469811,-0.4935593806852124
4421,63135560,r,7,-0.24623290186533886,0.15704317684570634,0.22611544839212594,0.44659767088781466,-0.24623290186533886
4422,6313639,g,2,-0.08182291171463418,0.00023061007445279724,0.00023061007445279724,0.07214621228727003,-0.08182291171463418
4423,6313639,i,4,-0.210330181139022,0.07931396559456386,0.1745887214433383,2.4762628177996087,-0.210330181139022
4424,6313639,r,6,-0.07714315165887031,0.18587368895067136,0.3366397611023897,1.7780603583151144,-0.07714315165887031
4425,63141211,i,5,-2.4713793529465784,0.0764990832267447,0.13931726683110357,129.95385128835449,-2.4713793529465784
4426,63141211,r,7,-1.6301274226817064,0.1449977769517914,0.23643368642526097,58.12560395822093,-1.6301274226817064
4427,63158690,i,6,-0.3784880053353433,0.09128886981806167,0.1469812216733976,7.442770156549,-0.3784880053353433
4428,63158690,r,4,-0.28155618015215944,0.25386411700283357,0.5684712739019911,4.505693952776361,-0.28155618015215944
4429,63171918,g,3,-0.264212568094443,0.09916635121071199,0.14184517684100098,0.48674259084413074,-0.264212568094443
4430,63171918,i,6,-0.5752326310735609,0.18600833034970748,0.29170500612794487,12.362492812769785,-0.5752326310735609
4431,63171918,r,6,-0.6560889934889846,0.08422499103064729,0.15105408455178737,14.698663181874101,-0.6560889934889846
4432,63292514,g,4,-0.29280161924684894,0.07950323931323286,0.26027546419298614,0.7933388239959667,-0.29280161924684894
4433,63292514,i,6,-1.016557392683009,0.07647063137787413,0.15245436969002046,28.733453708101948,-1.016557392683009
4434,63292514,r,4,-0.9237997098131443,0.07817899917917626,0.16038431644859885,18.568103870023922,-0.9237997098131443
4435,63510019,i,8,-1.5443785072515082,0.09468651435692421,0.1868368646297356,57.44055613297785,-1.5443785072515082
4436,63510019,r,9,-1.3984815603472989,0.12814809879842803,0.2422015883400539,34.43582914927754,-1.3984815603472989
4437,63515501,g,2,-0.1606736059623382,0.0729076493701501,0.0729076493701501,0.35323465187023134,-0.1606736059623382
4438,63515501,i,8,-0.620311266357756,0.09876065059701372,0.21384285834668543,16.335823347573964,-0.620311266357756
4439,63515501,r,9,-0.6314618231047238,0.06388598054361827,0.11889177378101357,13.865086163103534,-0.6314618231047238
4440,63533983,i,7,-1.3587046551118636,0.14970976467756336,0.4011886553624393,42.05616333963796,-1.3587046551118636
4441,63533983,r,5,-1.4364308396417764,0.03030281431559767,0.30354325991821884,29.706211091044576,-1.4364308396417764
4442,63574499,g,4,-0.450622817623052,0.03710339658452294,0.05343319496850063,1.083677622376363,-0.450622817623052
4443,63574499,i,7,-0.5333258176138722,0.0843987245261617,0.16540601435110736,11.553754433432104,-0.5333258176138722
4444,63574499,r,4,-0.719415793536955,0.008384655895329995,0.06576403816348964,12.608459472542794,-0.719415793536955
4445,63617281,g,3,0.2186736159608465,0.14473418778780295,0.2223519788944556,0.471001609745624,0.2186736159608465
4446,63617281,i,8,-1.0864143412690423,0.11782959232346313,0.2129986670736439,26.62551958492101,-1.0864143412690423
4447,63617281,r,8,-0.4962836327029392,0.13675137655035838,0.6028735027532837,11.921825660289507,-0.4962836327029392
4448,63635413,i,5,-1.1289850807980475,0.031138548468812033,0.03627684214122384,34.05220811728251,-1.1289850807980475
4449,63635413,r,6,-0.9516489027736617,0.15819035097441886,0.24490041806415241,12.467486940184955,-0.9516489027736617
4450,6363792,g,3,-0.02702664257205889,0.1381610418791469,0.24753873710394692,0.34162985188163303,-0.02702664257205889
4451,6363792,i,7,-0.9221269648047168,0.016946712584423818,0.04146195899445859,37.00558981495285,-0.9221269648047168
4452,6363792,r,8,-0.9587473219535232,0.07712684212326382,0.14747057717322765,13.473178802453145,-0.9587473219535232
4453,63639634,i,11,-0.5827369351585213,0.18911991759943908,0.4214629356802627,13.018691323845433,-0.5827369351585213
4454,63639634,r,8,-0.24375465304932295,0.33846802440560364,0.8370067982971681,6.296935821734893,-0.24375465304932295
4455,63642678,i,8,-1.578818031477064,0.07884051650949309,0.15905270426866758,49.92335991100895,-1.578818031477064
4456,63642678,r,6,-1.4321899402630165,0.11523056765204576,0.18961499168652862,25.962585186441874,-1.4321899402630165
4457,6367076,g,2,0.9814070321702089,0.4927343073351787,0.49273430733517876,5.789466650801254,0.9814070321702089
4458,6367076,i,5,-0.4789817699739288,0.036364806332195354,0.07125558248247316,16.456874700851703,-0.4789817699739288
4459,6367076,r,8,-0.1563710982792501,0.09001733032812209,0.29718773830952283,0.7900149736601322,-0.1563710982792501
4460,63684525,g,2,-0.25170940518071794,0.01741070807682324,0.017410708076823267,1.0256242443065542,-0.25170940518071794
4461,63684525,i,5,0.31222368443195725,0.5257706219015567,1.4214778907019048,15.708395436929703,0.31222368443195725
4462,63684525,r,3,-0.061910179546498134,0.06069744011637723,0.20703885162994268,0.6316641119943824,-0.061910179546498134
4463,63710617,g,2,-0.4189532614190301,0.1126497947776092,0.11264979477760922,0.8297880461545999,-0.4189532614190301
4464,63710617,i,10,-1.3897580555211537,0.16930184347544286,0.3205776035826504,67.7084583524559,-1.3897580555211537
4465,63710617,r,10,-1.1982166447228955,0.13750564900319806,0.5250757335893673,25.123820826836,-1.1982166447228955
4466,63737958,i,14,-1.4062781755406633,0.13885111084259671,0.38848773166455963,64.3240734195676,-1.4062781755406633
4467,63737958,r,6,-0.9879372444473417,0.0595156078466601,0.09150019659587572,17.5919874959239,-0.9879372444473417
4468,63750696,i,8,-2.0318617383493907,0.11284380973975039,0.30672399033065867,77.06965880903648,-2.0318617383493907
4469,63750696,r,12,-1.4152926562773804,0.20631690758770593,0.3868320878314053,30.306061771634273,-1.4152926562773804
4470,63761406,i,9,-1.433476778576843,0.26343171637759544,0.4257404142994412,55.95305811064202,-1.433476778576843
4471,63761406,r,6,-1.3577075736431778,0.15931528893166258,0.2702468279881993,22.203364626965968,-1.3577075736431778
4472,63839423,g,3,-0.07099751678733524,0.025615040239235942,0.08413256860494275,0.10380417171321761,-0.07099751678733524
4473,63839423,i,13,-0.65467889741929,0.11137620124204095,0.19450931253871784,17.585484365688618,-0.65467889741929
4474,63839423,r,14,-0.5474956623753946,0.10096534210073466,0.18778177454478717,11.601050268936303,-0.5474956623753946
4475,63851355,g,4,-0.1824759371451588,0.0028823960218082867,0.027059739171341385,0.28607871098772225,-0.1824759371451588
4476,63851355,i,7,-0.3393574465456042,0.07875765198002432,0.1130707764390364,4.2678303813020255,-0.3393574465456042
4477,63851355,r,5,-0.5650425945231299,0.02001937059366743,0.028639534559847246,4.907186351870377,-0.5650425945231299
4478,63868112,g,2,-0.28252991264994465,0.06489400586383856,0.06489400586383859,1.0675652037973207,-0.28252991264994465
4479,63868112,i,14,-0.7217247293302479,0.04589500723494361,0.10487663712123296,14.557539597870644,-0.7217247293302479
4480,63868112,r,12,-0.5825009043459431,0.06289611629072772,0.11792128911546185,11.84073564676993,-0.5825009043459431
4481,63885468,g,2,0.04301440305814572,0.37174584579954895,0.371745845799549,1.3587533252183026,0.04301440305814572
4482,63885468,i,7,-0.05306920142385897,0.3089240917444023,0.5336888384275267,2.3307056898505882,-0.05306920142385897
4483,63885468,r,5,-0.23581376899194784,0.05408264800023582,0.25608737680617116,1.177731249074574,-0.23581376899194784
4484,63885468,u,2,0.8848284588618713,0.2829774289755287,0.2829774289755287,2.3248057369824977,0.8848284588618713
4485,6389972,g,5,-0.34478389455475944,0.034643387004331117,0.06864788632463875,1.1422270704942754,-0.34478389455475944
4486,6389972,i,14,-0.8822773059419831,0.10992197029444811,0.1592661172277543,26.541861329720025,-0.8822773059419831
4487,6389972,r,12,-0.8235224650926651,0.15266806393329274,0.40065763558911704,16.785950214042227,-0.8235224650926651
4488,63948583,i,4,-0.8691180536866522,0.13102577382996994,0.23551648597579578,10.058700342303515,-0.8691180536866522
4489,63948583,r,9,-1.0846461874101911,0.13962777653411673,0.27445977402944877,10.208545841696399,-1.0846461874101911
4490,63971794,i,5,-0.33977764627623924,0.3155825990253213,0.3580134308597901,7.42325032648331,-0.33977764627623924
4491,63971794,r,5,-0.05908043423349123,0.09676736831042339,0.25783128366847924,0.3738225997245062,-0.05908043423349123
4492,63971794,u,2,1.082253166706732,0.011668221955597136,0.011668221955597025,3.7950539019961367,1.082253166706732
4493,63991007,i,5,-0.49348939159733285,0.07269875416587968,0.10451702780001815,8.479716136437421,-0.49348939159733285
4494,63991007,r,5,-0.48065431414924786,0.10637835702417642,0.11271334056012139,3.5356243527195432,-0.48065431414924786
4495,64010867,g,2,-0.3479504774219806,0.015554095341072771,0.015554095341072771,0.5542660817311845,-0.3479504774219806
4496,64010867,i,5,-0.9180770081124909,0.13117204007520578,0.2322630409388834,23.753818554060317,-0.9180770081124909
4497,64010867,r,8,-1.2790555841245461,0.09807342014398301,0.2151907482912594,31.83197839891895,-1.2790555841245461
4498,64016341,i,4,-1.290866422317832,0.13617697944458163,0.2717108219331208,24.304598494404352,-1.290866422317832
4499,64016341,r,6,-0.9009651182735084,0.22249140923287036,0.37894397856147277,5.78415180916624,-0.9009651182735084
4500,64064005,g,2,-0.3906448044947953,0.1469649563515973,0.14696495635159723,1.1042666030756525,-0.3906448044947953
4501,64064005,i,3,-0.5930295308345321,0.04650244805245607,0.07016412941106609,10.76866994879523,-0.5930295308345321
4502,64064005,r,13,-0.6060246561920118,0.08407293182666065,0.18131950535043412,6.872588733678759,-0.6060246561920118
4503,64064109,g,2,-0.4844503402657263,0.03868269273535921,0.038682692735359236,1.222816575673582,-0.4844503402657263
4504,64064109,i,12,-0.24495950965649,0.21217499550385227,0.5487415742156228,9.599868557609245,-0.24495950965649
4505,64064109,r,11,-0.7916321588122821,0.10704099032538461,0.5051381182088417,10.205104957224473,-0.7916321588122821
4506,64076973,g,3,-0.3951081314789925,0.21165455282488432,0.9159488461727393,2.248138686280367,-0.3951081314789925
4507,64076973,i,8,-0.9362967777969806,0.2553832066257189,0.5326569483734901,37.41755912149847,-0.9362967777969806
4508,64076973,r,8,-0.5659602232221582,0.16481303351713156,0.5058023908747993,11.516137494821699,-0.5659602232221582
4509,64086929,g,3,-0.010350715550397072,0.14493377563311166,0.15579726588806425,0.3275320927921547,-0.010350715550397072
4510,64086929,i,6,-0.5128420028859164,0.1701084950503831,0.2646843016279975,7.1757155305183185,-0.5128420028859164
4511,64086929,r,9,-0.46352635190586355,0.06518431363488508,0.10539634127906672,8.652645656025356,-0.46352635190586355
4512,64121424,i,7,-0.7549259407773635,0.1841977776838517,0.23373512393529983,15.385061543525493,-0.7549259407773635
4513,64121424,r,11,-0.7473058735304194,0.10383256398912522,0.20763658960625198,11.799254229635169,-0.7473058735304194
4514,64132665,g,2,-0.4061464722354889,0.011681416610419049,0.011681416610418993,1.257321429274056,-0.4061464722354889
4515,64132665,i,11,-0.5968027081073378,0.13457760984195477,0.2626510321400062,8.922966971606188,-0.5968027081073378
4516,64132665,r,13,-0.3601785058256799,0.17046691667440295,0.2956030010941607,6.460843237485675,-0.3601785058256799
4517,64165800,i,9,-0.8584367238753791,0.1127773374912664,0.28548855763493,13.860618370819834,-0.8584367238753791
4518,64165800,r,8,-1.1162868873782048,0.09495818152205704,0.8539990133276291,24.795115151416034,-1.1162868873782048
4519,64167502,i,16,-0.16260474443908557,0.21510431991686885,0.5313074488625643,3.243971286401499,-0.16260474443908557
4520,64167502,r,8,0.11612048189609786,0.09381463004775148,0.18401764446774854,0.39708702866356665,0.11612048189609786
4521,64310819,i,6,-0.37778921744852173,0.17337644712474481,0.2941543912683234,11.369261068781128,-0.37778921744852173
4522,64310819,r,5,-0.1829280998663101,0.24960129970629602,0.5397319225228079,15.834006184957605,-0.1829280998663101
4523,64398351,i,8,-1.3785671534153578,0.0846819756044005,0.31054891195291345,64.01696538758156,-1.3785671534153578
4524,64398351,r,4,-1.253024497622293,0.07258865715072382,0.26264750737895404,32.20693578296055,-1.253024497622293
4525,64474101,i,6,-2.2793410049097,0.1361294450365267,0.22889109743294167,193.18500139733814,-2.2793410049097
4526,64474101,r,5,-1.459727775617619,0.17548870165930408,0.30470027828637525,22.256927009345965,-1.459727775617619
4527,64563636,g,3,-0.4522088104993093,0.04486320298309343,0.09138044406148527,0.6012495318526665,-0.4522088104993093
4528,64563636,i,7,-1.8289229289406277,0.08216077853750758,0.21655962572111442,74.15408477779944,-1.8289229289406277
4529,64563636,r,7,-1.8391319190774171,0.14614374744284353,0.19440988175075113,63.68305046194282,-1.8391319190774171
4530,64584142,i,12,-0.024513807676967536,0.24982806998153795,0.4180216741036849,0.7636402303132178,-0.024513807676967536
4531,64584142,r,9,-0.022738272696140704,0.1466416959814698,0.3258062366228103,0.23123728730280135,-0.022738272696140704
4532,64612439,i,6,-0.9106744717643563,0.0535399608195361,0.21967174262548617,23.350088735027523,-0.9106744717643563
4533,64612439,r,7,-0.11671965337374135,0.2716317718043024,0.7170795503131444,11.04352634534313,-0.11671965337374135
4534,6462450,g,5,0.9450753538851977,0.018655926097470577,0.2953197853024959,3.268832591542305,0.9450753538851977
4535,6462450,i,16,0.33150144210918314,0.12688265263942955,0.2502699946719418,3.3518597375147707,0.33150144210918314
4536,6462450,r,12,0.33115027132749886,0.07053929513365853,0.127097720399582,2.5459388593192274,0.33115027132749886
4537,64652404,g,2,0.9290202357892817,0.299497860768669,0.29949786076866913,3.4998073346132506,0.9290202357892817
4538,64652404,i,4,-0.07808600368521579,0.0581381095709575,0.07253397896046788,0.1947299870953798,-0.07808600368521579
4539,64652404,r,5,0.16603653945196717,0.05032410182406988,0.06762595165175334,2.78409504029529,0.16603653945196717
4540,64671038,g,2,-0.6410138656786231,0.0545170111778886,0.05451701117788865,1.5115955611106453,-0.6410138656786231
4541,64671038,i,7,-1.6757540231531474,0.10064063572196136,0.2394971294049728,72.91537764797658,-1.6757540231531474
4542,64671038,r,7,-1.3954475570155571,0.18371782421651184,0.36387225708151805,35.60664637822323,-1.3954475570155571
4543,6469449,g,3,-0.010425881228725453,0.08773619159194568,0.1765477280343512,0.14224107109193423,-0.010425881228725453
4544,6469449,i,8,-0.6893622618464215,0.13438663166697634,0.2604182933302134,19.635889114995656,-0.6893622618464215
4545,6469449,r,8,-0.6376886846630283,0.08436321788810969,0.16494991765585543,8.90821775789079,-0.6376886846630283
4546,64734501,g,4,0.5728713191213394,0.3491600394383821,0.4168036824356993,4.20510121855144,0.5728713191213394
4547,64734501,i,9,-0.9393686848379078,0.10952345407367059,0.1917255805100757,37.417494653171815,-0.9393686848379078
4548,64734501,r,10,-0.5246758454962261,0.11722601116357817,0.34883259058718885,10.370140138663805,-0.5246758454962261
4549,64785201,g,2,0.19144999858141765,0.1707883800881277,0.1707883800881277,0.33353899218662153,0.19144999858141765
4550,64785201,i,5,-0.31742730995050794,0.2685812937889386,0.3033439053458664,6.904972211724082,-0.31742730995050794
4551,64785201,r,5,-0.18469825571180898,0.07723810496846845,0.16830734088069993,0.8297917249020985,-0.18469825571180898
4552,64819568,g,3,-0.041577395099465564,0.010757060552828768,0.46714334620174364,0.5860212233760881,-0.041577395099465564
4553,64819568,i,9,0.13696496948170306,0.20450342757057777,0.5468442878676998,2.444571726617113,0.13696496948170306
4554,64819568,r,7,-0.2431455214168592,0.13166630455270867,0.6409877536082149,2.96223797311423,-0.2431455214168592
4555,64864921,g,4,0.22327265174256983,0.2961942495671055,0.5786565226129167,0.5554798359765618,0.22327265174256983
4556,64864921,i,7,-0.1111121295643811,0.1368579788252779,0.2426024461640097,1.2540647722922575,-0.1111121295643811
4557,64864921,r,8,-0.12472296917899861,0.2632247048101561,0.4864927584074381,2.169738318059538,-0.12472296917899861
4558,64940727,g,3,-0.32312264246580447,0.1522502055228232,0.34602940915637875,0.7022852257422074,-0.32312264246580447
4559,64940727,i,3,-0.5457430382222718,0.0354849878280018,0.1615545655073503,3.3548321615231784,-0.5457430382222718
4560,64940727,r,8,-0.6310344165128358,0.13513980605922415,0.31125280142976136,3.772448901771541,-0.6310344165128358
4561,64946770,i,12,-1.935084802638241,0.064789054445609,0.13482681210637182,80.97619536120814,-1.935084802638241
4562,64946770,r,6,-1.9453858435089928,0.008420471448056133,0.014396788273941086,36.89754596700374,-1.9453858435089928
4563,64951186,g,3,0.243503432993447,0.05136594318552867,0.14128755129372766,0.6342303751632227,0.243503432993447
4564,64951186,i,10,-0.3442953451307658,0.2188290961925697,0.517494739506138,9.11260666117406,-0.3442953451307658
4565,64951186,r,6,-0.6275215646969047,0.10949210854066482,0.9065145153940214,7.181437376590266,-0.6275215646969047
4566,65012702,g,3,-0.3752216368354332,0.052339471610091726,0.06742198018649992,0.69465905236626,-0.3752216368354332
4567,65012702,i,3,-1.4208702340813348,0.17860790505166158,0.26649533428289707,36.308579337250485,-1.4208702340813348
4568,65012702,r,6,-1.084619913957569,0.10606782415695992,0.24208813258802453,21.97410026956962,-1.084619913957569
4569,65082760,g,4,-0.1343195001613651,0.00885201347654685,0.046119547755371526,0.4537946134284605,-0.1343195001613651
4570,65082760,i,10,-0.18735541677081405,0.135990536963518,0.23940683793326561,1.392641650993078,-0.18735541677081405
4571,65082760,r,13,-0.07766188273310204,0.09619333992743229,0.15057071158628474,0.5544222012967052,-0.07766188273310204
4572,65087673,g,5,0.9124680271736314,0.011618015188876729,1.2503159030803095,2.2276899058361725,0.9124680271736314
4573,65087673,i,3,-0.2749592249814525,0.1318546371752023,0.23194176932662383,6.118709545115142,-0.2749592249814525
4574,65087673,r,7,-0.2923208539822086,0.1317671011504889,0.35795676612289207,5.9494678844189535,-0.2923208539822086
4575,65095255,g,3,0.9148713212662757,0.14496931003684865,0.1582989605575129,6.721200202893823,0.9148713212662757
4576,65095255,i,4,-0.06919711650042651,0.38205851187476003,0.7529835163982115,8.981498682483728,-0.06919711650042651
4577,65095255,r,6,0.05979061493779969,0.2612721511054597,0.411607415451552,2.756038308228241,0.05979061493779969
4578,65107828,g,2,0.18744875050093862,0.25134829276595333,0.2513482927659533,0.36690692874029773,0.18744875050093862
4579,65107828,i,6,-0.5339985817747058,0.043353097248687106,0.07067755087704519,4.693385842140157,-0.5339985817747058
4580,65107828,r,6,-0.2191377608204109,0.013207177056955455,0.023641130050040093,0.7241389119773834,-0.2191377608204109
4581,65136375,g,3,0.16690464495901092,0.00785911849755394,0.21907856098411005,0.17409137251934736,0.16690464495901092
4582,65136375,i,4,-1.5323257571257884,0.007055144937676006,0.10345700144950754,68.82095651440981,-1.5323257571257884
4583,65136375,r,4,-1.1675465008269916,0.03654531919362014,0.11331038471805677,18.52676404779033,-1.1675465008269916
4584,65208285,g,5,0.6255326868570453,0.14291820624572316,0.15334104350716138,2.7740801999002334,0.6255326868570453
4585,65208285,i,6,-0.24815853073765654,0.23679000886443363,0.42927568790733506,7.26241560822337,-0.24815853073765654
4586,65208285,r,8,0.20157098750385655,0.3807146524104419,0.8030030251798298,5.647836761574244,0.20157098750385655
4587,65244461,g,3,-0.43740916271947333,0.169062471631725,0.23325299298186275,1.7466062672038962,-0.43740916271947333
4588,65244461,i,4,-1.1653968664332197,0.05318376682714809,0.10748971931519935,49.115870106388556,-1.1653968664332197
4589,65244461,r,9,-1.1867724838098324,0.07920263374361514,0.128706616112366,31.271652771928263,-1.1867724838098324
4590,6526381,g,2,0.273927949247387,0.179226534504286,0.17922653450428597,0.2825831702383146,0.273927949247387
4591,6526381,i,7,-0.6524118166133424,0.16322869305286913,0.2650873091362288,19.71734459406357,-0.6524118166133424
4592,6526381,r,7,-0.4665395761506843,0.20472876666236117,0.5383837754026656,10.59075711558982,-0.4665395761506843
4593,65322601,g,2,-0.4396457411007973,0.04197210639729304,0.041972106397292985,1.2092651826239917,-0.4396457411007973
4594,65322601,i,6,-0.8831506514245349,0.09413032765279034,0.17060901697787012,22.365789410636197,-0.8831506514245349
4595,65322601,r,4,-0.8905419952064202,0.10602220354940511,0.2660539968187924,13.805629021858797,-0.8905419952064202
4596,65396604,g,2,-0.5519909330763646,0.062465314238409564,0.06246531423840962,0.989613341283565,-0.5519909330763646
4597,65396604,i,10,-1.5086338900167786,0.11486626287376467,0.2227413910794238,65.49331735080878,-1.5086338900167786
4598,65396604,r,9,-1.13264602243406,0.02551960630067618,0.03874514101077153,16.831321920147396,-1.13264602243406
4599,65425986,i,10,-1.5797838185245947,0.14648455181235864,0.27030118524357083,51.74239341100137,-1.5797838185245947
4600,65425986,r,3,-1.200829416000115,0.0470596265559613,0.2133466098095107,24.897686315851743,-1.200829416000115
4601,65451345,g,4,-0.19808236324429518,0.09334680875791779,0.3896157761347221,0.7431349607835562,-0.19808236324429518
4602,65451345,i,14,-0.24437931384978948,0.15707670047618988,0.34858150969960117,2.7749874345674574,-0.24437931384978948
4603,65451345,r,9,-0.5489085230724369,0.05417381595207549,0.08012346218946254,3.5411919615087113,-0.5489085230724369
4604,65487184,i,6,-1.787317319650306,0.11344741851514639,0.19663995825888225,84.95205089598527,-1.787317319650306
4605,65487184,r,8,-1.3988722493640033,0.19171803195730952,0.36799290113650485,26.32831799524015,-1.3988722493640033
4606,65504861,i,7,-1.6629888873873044,0.027846454092005368,0.18933488108717977,72.41486227276815,-1.6629888873873044
4607,65504861,r,9,-1.1912088817225819,0.16876418639210078,0.2953673363074656,19.54323874378385,-1.1912088817225819
4608,65505650,i,6,-1.6373174190173256,0.03565810717347051,0.11696201763562408,112.01109828460271,-1.6373174190173256
4609,65505650,r,6,-1.4221169789189847,0.04638239425871382,0.07034330698332414,52.09025181221096,-1.4221169789189847
4610,65536900,i,7,-0.4789258197938487,0.1817683021147028,0.3059026449020429,13.98845902317122,-0.4789258197938487
4611,65536900,r,7,-0.007673103293591388,0.051526636954458305,0.09990611237013397,0.18758456392023876,-0.007673103293591388
4612,65565210,g,2,0.0037771936139087137,0.2836539692504657,0.2836539692504657,0.37199136764845037,0.0037771936139087137
4613,65565210,i,8,-1.3024236785411092,0.10431584979932074,0.20312685125584085,56.95349254506524,-1.3024236785411092
4614,65565210,r,10,-1.0127390655100514,0.15714215906273893,0.2673254141217528,19.419303749984113,-1.0127390655100514
4615,65584669,i,6,-1.0922663328333955,0.03324189888685125,0.17606070821592468,22.93238087385737,-1.0922663328333955
4616,65584669,r,7,-0.49855913655174977,0.10110103506507173,0.23774549102295583,2.0714288271729155,-0.49855913655174977
4617,6560216,i,5,-0.8164185915348295,0.010754945620427003,0.0157375906365379,34.15701972719112,-0.8164185915348295
4618,6560216,r,5,-0.6372404631011046,0.16169940727979148,0.7111768598436119,5.696126011286629,-0.6372404631011046
4619,6562654,i,9,-1.8768572626619342,0.11637330958313319,0.17153403772626863,53.89045216234708,-1.8768572626619342
4620,6562654,r,8,-1.6567276232084174,0.13958510031251048,0.330934643158308,47.44799529632206,-1.6567276232084174
4621,65676054,g,3,-0.5150732734467605,0.01575983360939104,0.13736801143013444,1.1763843678494699,-0.5150732734467605
4622,65676054,i,4,-1.3187862461212492,0.12092930077354325,0.20219205684676567,38.34940387196735,-1.3187862461212492
4623,65676054,r,5,-1.1923259613118895,0.07272849581646224,0.09976025050766579,21.102793621626525,-1.1923259613118895
4624,65683355,i,6,-1.415421677512974,0.05716617073574681,0.16534294847104292,52.48728563521968,-1.415421677512974
4625,65683355,r,8,-1.1659620799857007,0.02691068579203726,0.05613546460055607,21.020132594252683,-1.1659620799857007
4626,65688664,g,4,-0.38593347432101244,0.06716863910015353,0.14149609125702833,0.6157052837426822,-0.38593347432101244
4627,65688664,i,8,-0.3577590397210131,0.12912911635639968,0.2003872437978394,6.13527170379481,-0.3577590397210131
4628,65688664,r,6,-0.8150638626137137,0.05261925254691824,0.08256027458690007,14.20846913166306,-0.8150638626137137
4629,6575772,g,3,0.32281142056753187,0.06929342723054044,0.3151738607894132,0.6733472099891512,0.32281142056753187
4630,6575772,i,5,-0.3298491165151885,0.38977699122087467,0.5755544842333633,4.960120751907818,-0.3298491165151885
4631,6575772,r,9,-0.2737501144920168,0.21126753208639615,0.48517083065768385,2.4793855954445263,-0.2737501144920168
4632,65759310,g,2,-0.1751162217587007,0.017907928649298216,0.017907928649298188,0.38460838914789824,-0.1751162217587007
4633,65759310,i,3,-0.342005210248633,0.11579508187951443,0.25024673409744685,3.5333461656276515,-0.342005210248633
4634,65759310,r,6,-0.29955050619322654,0.0585843388913036,0.10766035473499025,2.2589166102201705,-0.29955050619322654
4635,65787457,g,2,0.6220974821965877,0.31891818758323304,0.3189181875832331,1.38638815726522,0.6220974821965877
4636,65787457,i,8,-1.204435018441692,0.1324377401570559,0.3120318945290469,51.9501334484688,-1.204435018441692
4637,65787457,r,6,-0.9386553354173617,0.1777919630788286,0.33468781455579166,16.63034399221073,-0.9386553354173617
4638,65842160,g,2,0.8683923854316433,0.5893790646045547,0.5893790646045547,8.115350217178456,0.8683923854316433
4639,65842160,i,9,0.39610163256051334,0.20024745993240423,1.2233640545158084,13.00860093639497,0.39610163256051334
4640,65842160,r,4,0.2353777070855663,0.2953983718300046,0.9493883172536994,10.786849315017898,0.2353777070855663
4641,65857284,g,4,1.2385325129675482,0.016807870739285025,0.04122228599324029,7.073573301722102,1.2385325129675482
4642,65857284,i,5,0.55246778551134,0.029495405948653408,0.5465739533170489,3.0252160538375152,0.55246778551134
4643,65857284,r,5,0.7559593223453156,0.04101343378895006,0.13389448114232416,2.167006953578041,0.7559593223453156
4644,65857754,i,8,-0.2081099338111892,0.17294319675700082,0.40386044655758546,7.649814016944172,-0.2081099338111892
4645,65857754,r,6,-0.15784157339814942,0.1971962209433721,0.36099026906871146,4.088630068015572,-0.15784157339814942
4646,65897860,i,7,-0.7713080644912887,0.18977779758293623,0.469690296277249,16.732635370108703,-0.7713080644912887
4647,65897860,r,7,-0.6860536833687485,0.25872861148682635,0.5490132768283676,3.799506386508226,-0.6860536833687485
4648,65906060,g,6,0.17015708980493938,0.1443632971166804,0.2261901480819697,0.259999285261365,0.17015708980493938
4649,65906060,i,10,-0.4161732451390746,0.14122364849247168,0.21324387832754504,7.806259801931499,-0.4161732451390746
4650,65906060,r,8,-0.5448081772680644,0.10752802175783871,0.21075508393033104,4.680736800945413,-0.5448081772680644
4651,65943521,i,5,-1.3957322548485922,0.19201670144370508,0.27508663179259574,34.11498757989322,-1.3957322548485922
4652,65943521,r,6,-0.7824350030832691,0.261914094497271,0.8304438689052258,13.849083574432894,-0.7824350030832691
4653,65947684,g,3,-0.27854939816700097,0.0658708945224552,0.11356246987136537,0.5148802386345577,-0.27854939816700097
4654,65947684,i,7,-0.6406223878608671,0.12464842010964916,0.46518721244621253,10.534320598051849,-0.6406223878608671
4655,65947684,r,5,-0.8425403746358853,0.0468521297661143,0.0734027938686016,16.81577399359257,-0.8425403746358853
4656,65970764,i,8,-2.228071716904946,0.11900333593011214,0.15609178532889123,109.5230601834579,-2.228071716904946
4657,65970764,r,8,-1.5220948710371656,0.13360976007401282,0.3416345550359139,27.79473496915141,-1.5220948710371656
4658,6599062,g,2,-0.41029417034456894,0.07398461137282533,0.07398461137282536,2.06141195429737,-0.41029417034456894
4659,6599062,i,2,-0.8382521393921656,0.09753570150009377,0.09753570150009383,38.07453574292042,-0.8382521393921656
4660,6599062,r,8,-0.6091571756269116,0.06701182580259069,0.19251828298142803,14.862626644131447,-0.6091571756269116
4661,66002722,g,3,-0.26048615297709465,0.07504326557104701,0.08981544758416518,0.7168314529290383,-0.26048615297709465
4662,66002722,i,8,-0.25656261432010075,0.09580295931700304,0.1655598466814462,6.424200728564732,-0.25656261432010075
4663,66002722,r,9,-0.18848738244922342,0.1220697870420398,0.3006205592318075,3.059118758738282,-0.18848738244922342
4664,6603326,g,5,0.9607683471232962,0.02591899289413635,0.04833411571361945,2.2428365713126985,0.9607683471232962
4665,6603326,i,10,0.18529091174376128,0.14798187415770075,0.2836699106249679,0.4639170592315277,0.18529091174376128
4666,6603326,r,13,0.24544318427917378,0.1196148556124016,0.3189175795399235,0.46766806313842113,0.24544318427917378
4667,6603326,u,2,0.5661187753767689,0.07460237921509322,0.07460237921509327,0.8508320379192322,0.5661187753767689
4668,66059553,i,6,-0.787301807414765,0.11678285243085945,0.3955001577088262,11.021843958209509,-0.787301807414765
4669,66059553,r,5,-1.0612927044913247,0.03318409171748948,0.08910865541503532,12.768427865353374,-1.0612927044913247
4670,66087932,g,2,0.7015826221454478,0.059293486458696254,0.059293486458696254,1.756159222481665,0.7015826221454478
4671,66087932,i,6,-0.1503910494279773,0.1308430666242944,0.35090755241025634,1.187255133738991,-0.1503910494279773
4672,66087932,r,4,0.07950367465168695,0.13867674128044277,0.31995900802803756,0.6535398616107698,0.07950367465168695
4673,66117154,g,4,-0.2639190337155066,0.02134538553484641,0.23528441657938856,1.1582608324559907,-0.2639190337155066
4674,66117154,i,11,0.1728985548604052,0.1649675905362937,0.3201583538898269,0.2723834686564326,0.1728985548604052
4675,66117154,r,8,0.2956421464668659,0.33776282664159873,0.6585248954654432,1.0440272593906108,0.2956421464668659
4676,66117154,u,4,0.45499616658838876,0.022713391411680106,0.07394189154406688,0.8068651867153716,0.45499616658838876
4677,6611925,i,6,-0.5416477583301946,0.0251970008331992,0.03949331293002267,14.499938402603611,-0.5416477583301946
4678,6611925,r,5,-0.702874918659701,0.11641103549594911,0.14415592630477148,11.800669247822116,-0.702874918659701
4679,66178011,g,4,0.4378093272060464,0.06942405984007738,0.15226341547309102,1.0640312924650952,0.4378093272060464
4680,66178011,i,13,-0.9731942796089085,0.060041633810680284,0.36782405109305827,40.25649463212471,-0.9731942796089085
4681,66178011,r,9,-0.21965956053533686,0.20425149248748237,0.3207540148017709,1.8572440137357242,-0.21965956053533686
4682,66224464,i,6,-0.6631081900847973,0.0458712702764455,0.13520379941968752,14.007162215334112,-0.6631081900847973
4683,66224464,r,6,-0.4049448911850289,0.23538645372395306,0.5102304788018097,8.687366491170605,-0.4049448911850289
4684,6628008,g,2,-0.29059902124152515,0.08942821528795081,0.08942821528795084,0.5235829159249733,-0.29059902124152515
4685,6628008,i,5,-1.0498020314678027,0.08747305926657933,0.27617895186209884,23.76834090455394,-1.0498020314678027
4686,6628008,r,4,-0.8071053137555154,0.10063682649963496,0.16924776197929903,16.97403670848768,-0.8071053137555154
4687,66313546,i,10,-0.7078492403681313,0.055719511293255086,0.16917223822678984,27.95053091905502,-0.7078492403681313
4688,66313546,r,9,-0.7719682789308335,0.2685882443405838,0.5560918945140523,11.497878045207083,-0.7719682789308335
4689,66371164,g,2,-0.17178964131982777,0.12568399157924948,0.12568399157924948,0.402883181625755,-0.17178964131982777
4690,66371164,i,4,-0.3403175928440242,0.10579015362481199,0.2747372340548583,5.698762337947763,-0.3403175928440242
4691,66371164,r,6,-0.38885334407985883,0.12193930322935556,0.2003502826871862,4.769556238921582,-0.38885334407985883
4692,66387950,i,10,-1.0110597688797935,0.1664914063862229,0.2997104230726849,28.63634395484692,-1.0110597688797935
4693,66387950,r,6,-1.0235516595731213,0.01222767843412187,0.07674071442439556,12.40672270765792,-1.0235516595731213
4694,66408818,g,5,-0.3404688803202888,0.03718693942045559,0.9020275787691527,1.2049408147591971,-0.3404688803202888
4695,66408818,i,5,-0.45264852031721947,0.05696250013644644,0.123144955340597,14.103368429512107,-0.45264852031721947
4696,66408818,r,9,-0.4770784899441392,0.12208294443575157,0.3420295495269443,8.51440050832965,-0.4770784899441392
4697,6641442,i,7,-0.9047279548528475,0.0660482933039861,0.10922444887542315,22.368409030999057,-0.9047279548528475
4698,6641442,r,9,-0.8423298588140611,0.11766853716639103,0.23224573789739966,9.328625224351601,-0.8423298588140611
4699,66444867,g,2,0.705145622664137,0.7798939609686482,0.779893960968648,2.085415544660352,0.705145622664137
4700,66444867,i,14,-0.7022129493723119,0.09636752975128754,0.4454397660227807,15.798354870738626,-0.7022129493723119
4701,66444867,r,11,-0.24536192796121425,0.19346606598631166,0.6167303823613605,3.9753323989352265,-0.24536192796121425
4702,66493467,g,3,-0.1995723842686945,0.062399944876223135,0.520426345070771,2.0248177929243205,-0.1995723842686945
4703,66493467,i,5,-0.36213170297317104,0.3409018317604871,0.41773081829230674,11.264795694129724,-0.36213170297317104
4704,66493467,r,9,-0.073841576426108,0.539355692452778,0.7656918533060527,5.666915588521515,-0.073841576426108
4705,66547527,g,5,-0.22346076428481076,0.12365283174777875,0.1523570644238318,1.0871109785769515,-0.22346076428481076
4706,66547527,i,2,-0.23989995266869207,0.20296930096548477,0.20296930096548482,1.8244699175467407,-0.23989995266869207
4707,66547527,r,9,0.013498558352712076,0.16890212848303565,0.37961165529920926,2.776452170354486,0.013498558352712076
4708,66563807,g,3,0.007950785411809047,0.01045198025805305,0.1050957971182902,0.13345054076469007,0.007950785411809047
4709,66563807,i,9,-0.49682627976467797,0.07308762042027106,0.33242632902999886,12.155458340453523,-0.49682627976467797
4710,66563807,r,7,-0.2585806225547579,0.11504007577925657,0.3075499914502653,5.769306326547998,-0.2585806225547579
4711,6659766,i,5,-1.234155422327604,0.10704932173261517,0.13948876740639404,53.311122851870586,-1.234155422327604
4712,6659766,r,8,-1.0419279368782233,0.1240772500717966,0.23669856334288086,23.969261600475544,-1.0419279368782233
4713,66598727,g,5,0.03880670799126962,0.22480849449389473,0.34414885744854773,0.28479463251789827,0.03880670799126962
4714,66598727,i,11,-0.5650878082962723,0.10738083812844695,0.19381828940514895,7.257222552977131,-0.5650878082962723
4715,66598727,r,8,-0.553514909347431,0.07447262149657541,0.21032828136555343,3.526025034455418,-0.553514909347431
4716,66739395,g,2,0.3900288794404141,0.03678007578398623,0.03678007578398623,0.6262883528253451,0.3900288794404141
4717,66739395,i,7,-0.837025385587298,0.23562081617742936,0.6099043725711601,15.951960085184767,-0.837025385587298
4718,66739395,r,7,-0.24422471623658504,0.2910476952566846,0.52507046249189,2.8176877067648745,-0.24422471623658504
4719,66761251,i,10,-0.5064357363839815,0.1438270538854824,0.28267999924396314,12.673050914255256,-0.5064357363839815
4720,66761251,r,11,-0.22535739718693248,0.14475193470810388,0.42913115424299353,4.910324858859027,-0.22535739718693248
4721,66822845,i,4,-0.47669868757004835,0.2214630581528209,0.5202929948862519,17.31905788335967,-0.47669868757004835
4722,66822845,r,7,-0.17760224271607616,0.4101737008255443,0.7502536482640854,6.408608755130465,-0.17760224271607616
4723,6686967,g,2,0.1441450425664492,0.2730736885825844,0.27307368858258435,1.50835884743683,0.1441450425664492
4724,6686967,i,8,-0.6818485879131653,0.09113934615653796,0.141743066159577,22.5770614399948,-0.6818485879131653
4725,6686967,r,7,-0.3914181892141436,0.20389204618499857,0.48930138150584734,8.001667015186063,-0.3914181892141436
4726,6686967,u,4,0.8496716694116238,0.17409221360885563,0.3963736962898057,1.403377614692098,0.8496716694116238
4727,66874288,g,2,-0.2968694394386949,0.07844483102567235,0.07844483102567235,0.940495866396648,-0.2968694394386949
4728,66874288,i,8,-0.3252628453498843,0.18147327719747233,0.5919517932574128,4.6944864008162535,-0.3252628453498843
4729,66874288,r,7,-0.1631999939582316,0.127835835249844,0.3022688888711174,2.4673551163541467,-0.1631999939582316
4730,66883459,i,11,-1.341036354099112,0.11583295324247267,0.31365897641556484,61.87707891377884,-1.341036354099112
4731,66883459,r,5,-0.9537738139214774,0.1892084880657926,0.3825243977018806,13.886569675289056,-0.9537738139214774
4732,66901468,g,2,-0.10111076397037566,0.12421028692846203,0.12421028692846203,0.1378899704394615,-0.10111076397037566
4733,66901468,i,11,-0.8197078676192356,0.16560326102286915,0.3233928402804199,27.599868189774234,-0.8197078676192356
4734,66901468,r,7,-0.7797904489676278,0.2394027391749476,0.3937742503342341,7.637781584080988,-0.7797904489676278
4735,66949071,g,3,-0.4327692865534212,0.06939925862694774,0.29633384181904693,0.533316312239438,-0.4327692865534212
4736,66949071,i,8,-1.7412489189982614,0.09896181422041317,0.3195673313563776,69.1067552754563,-1.7412489189982614
4737,66949071,r,8,-1.5369165244856546,0.1787366057287566,0.7763954446341628,26.742099252884586,-1.5369165244856546
4738,67001630,g,3,-0.5061901356589751,0.04634517171338759,0.3106214203884523,0.814615758771217,-0.5061901356589751
4739,67001630,i,8,-1.1711654509580374,0.14164891794867573,0.34064096388627985,29.52850244983123,-1.1711654509580374
4740,67001630,r,7,-1.2741486311747832,0.12057655839288994,0.35368532362119465,20.46639570713227,-1.2741486311747832
4741,67144126,g,2,-0.40311807896777624,0.075634921561686,0.07563492156168594,1.5712848960562176,-0.40311807896777624
4742,67144126,i,8,-0.5447110735168381,0.13538769199087894,0.26175981678749555,12.16030754746209,-0.5447110735168381
4743,67144126,r,6,-0.6565017210437032,0.021117034423962733,0.03630891248649715,15.040285803599607,-0.6565017210437032
4744,67165838,i,8,-0.8651049229642611,0.16255418810082917,0.26218537999239355,18.163839470493432,-0.8651049229642611
4745,67165838,r,6,-0.5653399077457798,0.08782723171929119,0.15431538211884704,5.134431190187693,-0.5653399077457798
4746,67183359,i,12,-1.9037889610546381,0.10901592569464325,0.24164975813872558,68.94357866637945,-1.9037889610546381
4747,67183359,r,13,-1.4891530768913728,0.11962966182437684,0.21781264281160695,25.303186566239795,-1.4891530768913728
4748,67203573,i,7,-1.1367308319742342,0.3071254575676634,0.5146537532323985,43.58793193958918,-1.1367308319742342
4749,67203573,r,5,-1.1198424898937671,0.016616217062750405,0.06455459681395648,25.721879883404767,-1.1198424898937671
4750,67235049,i,5,-0.6895593475823063,0.022453552004195743,0.21434425349054703,21.693892069746322,-0.6895593475823063
4751,67235049,r,5,0.6689380807601449,0.2816113963310084,0.8946617577630791,4.835823249189436,0.6689380807601449
4752,67302019,i,8,-1.603625857890056,0.12917395995008463,0.2568876407162828,61.512614301014004,-1.603625857890056
4753,67302019,r,5,-1.269166220066738,0.12686481631245927,0.15376789859802265,22.454114384138514,-1.269166220066738
4754,67347434,i,11,-0.8331822661539691,0.0931565678855647,0.21747794832187706,21.95257322279704,-0.8331822661539691
4755,67347434,r,8,-0.8952319697550877,0.03425849983841833,0.17735048528457198,15.928257949461827,-0.8952319697550877
4756,67365515,i,13,-0.2623930398116272,0.20202410889453093,0.3597592822943828,2.6974557558651595,-0.2623930398116272
4757,67365515,r,7,-0.20938734758047658,0.0060595332061436635,0.23425596520903322,1.5026834364199713,-0.20938734758047658
4758,6738020,g,3,-0.17276833904982047,0.01648948710928594,0.04486111571458934,0.10073280608299971,-0.17276833904982047
4759,6738020,i,10,-1.3447289015495825,0.060146074430989405,0.10976637909550035,35.83901846786345,-1.3447289015495825
4760,6738020,r,14,-1.3362473284924683,0.18776471444818688,0.4901376577737364,29.39930479665728,-1.3362473284924683
4761,67421612,g,4,0.07729515452280766,0.0887175381295991,0.2609612182323524,1.3601842587422208,0.07729515452280766
4762,67421612,i,8,-0.7372323286537783,0.15863905742901413,0.2586136535055805,28.170311577149562,-0.7372323286537783
4763,67421612,r,6,-0.8029107499367043,0.03191386713921196,0.10051902700503246,13.428762066220136,-0.8029107499367043
4764,67435822,i,19,-1.1531206461392247,0.22652955342605718,0.37750156925212064,39.18536190233705,-1.1531206461392247
4765,67435822,r,15,-0.815823691795801,0.3039258267504503,0.7858081870688668,10.77574254306236,-0.815823691795801
4766,67458963,i,7,-0.46155537568310434,0.057789443616302894,0.0893226299902451,1.858513050702728,-0.46155537568310434
4767,67458963,r,5,-0.15669239635548693,0.02094953411229028,0.06101277818426354,0.10327755135519742,-0.15669239635548693
4768,67481870,g,4,-0.006842396246979188,0.18388229880994972,0.2877706035996856,0.5129715005529859,-0.006842396246979188
4769,67481870,i,4,-0.1861663165998152,0.10104123279769378,0.14966577713907608,3.20958784879821,-0.1861663165998152
4770,67481870,r,7,-0.053641199110151305,0.19100249769524313,0.3236543702133938,1.2043575498230712,-0.053641199110151305
4771,67487144,i,8,-1.6574610397887244,0.08947090130815938,0.4381462155969109,52.106918435350224,-1.6574610397887244
4772,67487144,r,4,-1.5393799610181829,0.02798415743649385,0.0569882649380975,22.64152112838102,-1.5393799610181829
4773,67511966,i,5,-0.670755646863047,0.15145261586035608,0.29387551898420317,16.40790785716377,-0.670755646863047
4774,67511966,r,6,-0.42837810062129317,0.20483308507421588,0.3082595297353705,3.591305511434982,-0.42837810062129317
4775,67526898,g,2,-0.3387136832309492,0.036552275561544834,0.036552275561544834,0.41321173806379463,-0.3387136832309492
4776,67526898,i,6,-1.1585382661277888,0.05912952766478363,0.1584794311224056,28.886111195990964,-1.1585382661277888
4777,67526898,r,6,-0.9892106655110563,0.14875914355190017,0.24347238764792623,11.432344352945265,-0.9892106655110563
4778,67606719,i,6,-0.20674324659045773,0.19245444459784689,0.3555176965945762,4.526907620280109,-0.20674324659045773
4779,67606719,r,6,-0.23146304489176509,0.01243594063014554,0.14138151226054835,1.9691464425162495,-0.23146304489176509
4780,6765669,g,4,0.5990503983778808,0.3454591616952613,0.8183549852260765,3.251320702307672,0.5990503983778808
4781,6765669,i,8,0.10883620596889344,0.13511066247509185,0.22278583516739864,1.6096752759181618,0.10883620596889344
4782,6765669,r,9,0.38787720104336776,0.1298254426571004,0.19857030120369756,4.640337369538307,0.38787720104336776
4783,6765669,u,2,0.40375719839448315,0.00838486451759185,0.008384864517591795,0.44225692324216953,0.40375719839448315
4784,67734499,i,5,-1.6198269867924446,0.1461592433644492,0.24272332456112578,114.99744162590969,-1.6198269867924446
4785,67734499,r,5,-1.144837558533635,0.1568090135016973,0.3540708569858786,23.220439960227083,-1.144837558533635
4786,67776205,g,4,-0.06227317509140484,0.17452053620311997,0.22601785492315177,0.9460309279732126,-0.06227317509140484
4787,67776205,i,15,-1.0301399263277582,0.20455753716857195,0.42722654450250397,41.474442799676964,-1.0301399263277582
4788,67776205,r,9,-1.0268173190182677,0.02951884452753717,0.08233618126976827,30.546811996836198,-1.0268173190182677
4789,67816067,g,5,-0.1920168924404394,0.143820409749835,0.14893546359271226,0.692089397797728,-0.1920168924404394
4790,67816067,i,10,-0.5207386328140068,0.10128171896792576,0.1892563710759136,6.556211470048593,-0.5207386328140068
4791,67816067,r,13,-0.5173174127888926,0.152595512602556,0.30353183308060905,4.51654853370635,-0.5173174127888926
4792,678740,g,4,-0.002772546640453233,0.05567487816504513,0.08924857284771812,0.0757650416746051,-0.002772546640453233
4793,678740,i,2,-0.6942827842214463,0.007471871881109593,0.0074718718811096485,11.20807312323208,-0.6942827842214463
4794,678740,r,7,-0.3031840814492943,0.3172697459699022,0.5519069887222313,3.5921648453478356,-0.3031840814492943
4795,67916165,g,4,0.4326064336230658,0.15471031592517465,0.30602369629410914,2.752994023050155,0.4326064336230658
4796,67916165,i,17,0.2989471374641316,0.14453029505182907,0.2734484175823051,2.179366055972131,0.2989471374641316
4797,67916165,r,13,0.36953724629191864,0.11660638094111991,0.19636263581900515,2.954536897748715,0.36953724629191864
4798,67924239,g,4,-0.02295091502747873,0.2124903390782746,0.6144413460532454,1.1752332135749928,-0.02295091502747873
4799,67924239,i,6,-0.4500476596809362,0.127683195967067,0.20297793104840767,5.242347102351665,-0.4500476596809362
4800,67924239,r,6,-0.17563985588267997,0.11608891379387906,0.23001820683779603,3.122694045551771,-0.17563985588267997
4801,67939506,g,3,-0.2266197875230178,0.1370874012473018,0.17757051350961028,0.5557999247333398,-0.2266197875230178
4802,67939506,i,12,-0.7207536202910279,0.04218550225424206,0.08900619999849335,16.178377428559006,-0.7207536202910279
4803,67939506,r,13,-0.834372035694263,0.025768226780102932,0.05044630650071125,10.314348764673671,-0.834372035694263
4804,67954157,g,3,0.314821224515221,0.12824286689905373,0.14809534013153758,0.49025534654908975,0.314821224515221
4805,67954157,i,8,-1.366122390796927,0.09317827123927458,0.23090149412673489,33.497023765674456,-1.366122390796927
4806,67954157,r,9,-1.175039994197668,0.11196478798157661,0.2465809129295533,19.429403694758847,-1.175039994197668
4807,6795918,g,3,-0.09368516309923997,0.04304214585320476,0.1876044260269405,0.6489516472200362,-0.09368516309923997
4808,6795918,i,11,-0.41937942681413026,0.09937193150500773,0.18274100340005028,5.440609039420285,-0.41937942681413026
4809,6795918,r,12,-0.46073703192484616,0.11392159008136221,0.26920832982059617,9.725681331732966,-0.46073703192484616
4810,67975679,i,10,-0.28833057083386127,0.12840819981707374,0.3726289352903661,4.079749487532012,-0.28833057083386127
4811,67975679,r,4,-0.4181022571327711,0.025469757400092496,0.039344731154613455,4.134000374321527,-0.4181022571327711
4812,67977952,g,3,-0.14465013318692044,0.15230010049931575,0.33334994290261255,0.46931320433395224,-0.14465013318692044
4813,67977952,i,8,-0.645963226337049,0.26024331276330076,0.5934199181932627,12.65199852130048,-0.645963226337049
4814,67977952,r,9,-0.4029919729827025,0.3815025009603703,0.5139461948698991,5.322159522645329,-0.4029919729827025
4815,68000090,i,11,-0.20706089642225456,0.2766469691935707,0.48037877404893653,11.485858759973967,-0.20706089642225456
4816,68000090,r,9,-0.03556953902920479,0.3251740216270538,0.9956892600514438,7.612468617194854,-0.03556953902920479
4817,68115720,g,3,-0.6006484356663604,0.016379214232561168,0.26644667089613827,0.7764457289207111,-0.6006484356663604
4818,68115720,i,5,-1.4830906408979967,0.028077261026829614,0.03208469678794401,63.15151344384138,-1.4830906408979967
4819,68115720,r,7,-1.2303825558002055,0.0421598394457674,0.1257082174332571,20.009964055396107,-1.2303825558002055
4820,68201193,i,8,-0.5165711272303453,0.15429372533278624,0.3646546710497022,8.734071976477471,-0.5165711272303453
4821,68201193,r,4,-0.16853742089585377,0.12183551183430136,0.39399298588883025,2.8043149465425237,-0.16853742089585377
4822,68216980,g,3,-0.3481880689360568,0.06119247887702778,0.08824767139243328,0.6561504357380417,-0.3481880689360568
4823,68216980,i,11,-1.1186292918606853,0.15792742768576162,0.2324894713747936,37.456567097715016,-1.1186292918606853
4824,68216980,r,6,-1.176174851200882,0.04100443620172234,0.06357280058768788,26.834627654119444,-1.176174851200882
4825,68224138,i,9,-0.6933496458687722,0.1962565557585021,0.29614692632621953,19.134705249173777,-0.6933496458687722
4826,68224138,r,9,-0.5613207366469096,0.061711218280146585,0.20450753148046663,6.623481546654511,-0.5613207366469096
4827,68224138,u,2,0.2887764605458746,0.03356135016486428,0.03356135016486428,0.16734984674038456,0.2887764605458746
4828,68224332,i,13,-0.9850709311173542,0.09881036531689791,0.3139279331017726,27.779244531627906,-0.9850709311173542
4829,68224332,r,7,-0.6851573509467023,0.2579496610692591,0.6477518296898217,10.411755384553146,-0.6851573509467023
4830,68263220,g,3,-0.31136391852572043,0.08337369427822572,0.18823248840782664,0.390189017256742,-0.31136391852572043
4831,68263220,i,6,-1.1475815224726085,0.0349463172173371,0.05771578004914657,67.00877167230765,-1.1475815224726085
4832,68263220,r,4,-0.9610863058983679,0.05668554281338206,0.14257453045511448,12.16421029121865,-0.9610863058983679
4833,68296355,g,3,-0.3699438158991571,0.052146535831719354,0.059953470628171024,1.7063756336087526,-0.3699438158991571
4834,68296355,i,7,-0.9231843590879829,0.05105237665473672,0.09348471103379996,22.308840888836354,-0.9231843590879829
4835,68296355,r,5,-0.828560863212019,0.04433687828667365,0.20532230113361094,32.55378090797233,-0.828560863212019
4836,68296603,g,6,-0.5040626138487656,0.05536720603128331,0.13006460818758442,0.9893895462908623,-0.5040626138487656
4837,68296603,i,3,-1.369072761036225,0.012452744073879973,0.1324406185875151,29.737372646572165,-1.369072761036225
4838,68296603,r,6,-1.077488816764118,0.17025141573120006,0.6282250359712813,17.25869643357186,-1.077488816764118
4839,68312785,i,10,-1.0232253239587215,0.06795461254491636,0.12018591652548039,34.48098080083898,-1.0232253239587215
4840,68312785,r,9,-0.559291218500053,0.1974089154441332,0.36635790097238885,7.277056170429526,-0.559291218500053
4841,68345103,i,10,-2.5890204247032598,0.028762064869178428,0.03789127529926439,148.2775857163263,-2.5890204247032598
4842,68345103,r,8,-2.0343826655345563,0.10618642406496492,0.16653086775739823,35.90319528824057,-2.0343826655345563
4843,68348241,g,2,0.028734880997921458,0.0357987005760971,0.0357987005760971,0.009036314485893465,0.028734880997921458
4844,68348241,i,5,-1.0680592479136168,0.056350273892945335,0.1413652851613303,39.02895816398324,-1.0680592479136168
4845,68348241,r,4,-1.164477092780415,0.05225051452401408,0.08774184777024896,26.334369523540865,-1.164477092780415
4846,68361198,i,8,-0.5718758577025036,0.05655580755294842,0.09787466652167298,14.021175918334952,-0.5718758577025036
4847,68361198,r,7,-0.6716573502126958,0.012764348624737853,0.06267456503396629,20.478767661714574,-0.6716573502126958
4848,68361198,u,4,0.8471461934744295,0.07196554761492624,0.08685157312648983,1.2288559277127518,0.8471461934744295
4849,68364408,g,3,0.20482504603368534,0.41090003860210056,0.43961116075927315,0.6051073007715878,0.20482504603368534
4850,68364408,i,12,-1.4799268341729293,0.05067998045942379,0.18324262101780175,53.1027280302352,-1.4799268341729293
4851,68364408,r,8,-1.1611657621797369,0.08469900646797734,0.13313891153895963,20.784323802393274,-1.1611657621797369
4852,68370759,i,6,-1.0332595674046932,0.30936987068162114,0.46557432173650537,33.259526540166014,-1.0332595674046932
4853,68370759,r,5,-0.7869024263393736,0.05828567239595883,0.08561705300444444,9.788158210321544,-0.7869024263393736
4854,68408750,i,6,-0.3921320810370271,0.0606250285439808,0.1142106690316651,6.407496337789289,-0.3921320810370271
4855,68408750,r,4,-0.2338790057744351,0.20295629057621312,0.41455478310685656,5.279363750099581,-0.2338790057744351
4856,68449765,g,7,0.5737779823442388,0.14592077197442044,0.8923599035390293,1.2441269061808016,0.5737779823442388
4857,68449765,i,14,-0.6182382323229982,0.11762307011511591,0.22329738684911316,13.698357656754961,-0.6182382323229982
4858,68449765,r,15,-0.6462227763139802,0.07610118823496415,0.17786411846520644,14.253513291367605,-0.6462227763139802
4859,68451213,i,3,-1.497597291024414,0.07135585369468567,0.09335544460257994,75.68699634426433,-1.497597291024414
4860,68451213,r,9,-1.7282408328990975,0.06720776336882128,0.16295596533199896,46.76254599132529,-1.7282408328990975
4861,6848144,i,5,-0.7201159803962316,0.07674999474375876,0.10007818460394535,11.064827775462778,-0.7201159803962316
4862,6848144,r,5,-0.7956918563034515,0.004563369855259292,0.006495476138684841,13.937299335384404,-0.7956918563034515
4863,68504888,g,5,-0.21003491765717347,0.0418421596556911,0.06970888620113497,0.7957800155388857,-0.21003491765717347
4864,68504888,i,10,-0.46496066373376355,0.14642071941251955,0.22964471045113555,14.480970709643234,-0.46496066373376355
4865,68504888,r,7,-0.22513374076224263,0.0369562064317035,0.08826639374086492,3.05586402439032,-0.22513374076224263
4866,68524849,g,7,0.19785952254819206,0.24113787231415562,0.44267078639141033,0.37098679768671616,0.19785952254819206
4867,68524849,i,10,-0.27968617461067163,0.12796900111619575,0.26312860898770735,4.8448541746170255,-0.27968617461067163
4868,68524849,r,11,-0.25742143178907173,0.08073846822267361,0.30806148959861634,2.6741973184363235,-0.25742143178907173
4869,68524849,u,3,1.174713344869269,0.06181461030571067,0.16300256326998896,2.7664689377688916,1.174713344869269
4870,68578208,g,3,0.9413388216345049,0.09904842509218481,0.58389140836739,9.549809924790532,0.9413388216345049
4871,68578208,i,7,-0.2643907608313126,0.26779827779291526,0.46892960108096504,7.589987619415081,-0.2643907608313126
4872,68578208,r,4,0.36771325100801966,0.17878805987792187,0.34224262000779154,12.767644951401849,0.36771325100801966
4873,68588377,g,3,-0.5230476523671375,0.03577219009428889,0.050683200497937175,1.6424296490458643,-0.5230476523671375
4874,68588377,i,6,-1.402641240527962,0.13188551873244547,0.2052128167469811,46.79250418950221,-1.402641240527962
4875,68588377,r,5,-1.2471054655099185,0.08485871461798,0.14774040848001224,34.1571151413213,-1.2471054655099185
4876,68591558,g,3,-0.28089475478383813,0.014127342031019008,0.0410341768332263,0.9084590093220118,-0.28089475478383813
4877,68591558,i,7,-1.3516751632166515,0.1604562311964126,0.2628466190323051,52.15930673228503,-1.3516751632166515
4878,68591558,r,10,-1.0644388503235338,0.07581899242175177,0.1289828757448217,34.814279714672594,-1.0644388503235338
4879,68671828,g,2,0.34047647159189715,0.021833111386424686,0.02183311138642463,0.47361987517307236,0.34047647159189715
4880,68671828,i,6,-0.8679721332473231,0.08057549502743433,0.13074762136396778,24.498172992342564,-0.8679721332473231
4881,68671828,r,7,-0.9303154102077713,0.17331024511345205,0.653256601920217,13.769201983775734,-0.9303154102077713
4882,68703505,i,6,-1.2393824174844708,0.0481893333782909,0.16397910217938172,27.210944672118544,-1.2393824174844708
4883,68703505,r,6,-0.8495843446570699,0.09807684783360576,0.24626760817582372,5.361954622938207,-0.8495843446570699
4884,68713982,i,8,-1.3404603768476933,0.07206715576086187,0.15647755512789274,42.40128999143977,-1.3404603768476933
4885,68713982,r,7,-0.6630004489383643,0.10510796257890509,0.5042495411509343,4.957806440146924,-0.6630004489383643
4886,68738126,i,6,-2.0763331097012596,0.17947320770370956,0.34912616262605267,71.60703967896471,-2.0763331097012596
4887,68738126,r,5,-1.889854313251075,0.11891676565395892,0.7133849770320462,27.532113212911746,-1.889854313251075
4888,68746061,g,3,0.1409124834699217,0.13586052283915273,0.20044655288611948,0.22879574743493833,0.1409124834699217
4889,68746061,i,5,-0.7569642277617694,0.11731752237034843,0.12122296835090274,15.915845321454523,-0.7569642277617694
4890,68746061,r,4,-1.0133764505748046,0.027685315236773422,0.07453326349253664,17.567236913986882,-1.0133764505748046
4891,68782364,g,2,-0.16564285602641843,0.11742857293261438,0.11742857293261438,0.451236786091872,-0.16564285602641843
4892,68782364,i,7,-0.7550283939545142,0.04180852512374855,0.07491892765538899,19.81695532847619,-0.7550283939545142
4893,68782364,r,6,-0.5633720885048988,0.030392403586695926,0.09619060525338952,12.779820087500608,-0.5633720885048988
4894,68796261,g,2,-0.13569601114558538,0.14081726291622565,0.14081726291622565,0.4032743503361213,-0.13569601114558538
4895,68796261,i,3,-0.20691979540663963,0.1388855510715462,0.21701989904424834,4.571021709783111,-0.20691979540663963
4896,68796261,r,6,-0.08181619661949495,0.06910438176943666,0.3219173419165261,2.224772121192285,-0.08181619661949495
4897,68796261,u,3,1.4071374516678297,0.04716529768930089,0.19926532186216273,7.197932128274118,1.4071374516678297
4898,68864580,i,10,-0.4869377712586569,0.08946984293764632,0.31135496175737043,9.515356415992784,-0.4869377712586569
4899,68864580,r,5,-0.702684825190488,0.07198897897294798,0.2440065844260535,5.831340899549339,-0.702684825190488
4900,68893503,g,2,-0.09603544006829323,0.26773499771810605,0.26773499771810605,0.7054993130627323,-0.09603544006829323
4901,68893503,i,5,-0.6264020107933228,0.06180303819524913,0.08936234933687215,12.323275267058955,-0.6264020107933228
4902,68893503,r,6,-0.6521602604641883,0.0226130272625511,0.033958438444998795,9.997777150034986,-0.6521602604641883
4903,68923843,i,7,-0.86872264986356,0.15106530377835792,0.21885224618691346,13.256764364712579,-0.86872264986356
4904,68923843,r,4,-0.9670932950526357,0.06721671107911903,0.12375761844981326,25.282551113877975,-0.9670932950526357
4905,68969415,i,6,-2.1742809781828925,0.10399114572462587,0.3357728984176156,82.40248426291798,-2.1742809781828925
4906,68969415,r,5,-1.6152493766628473,0.23693471016527745,0.4222699977575972,25.021176053875386,-1.6152493766628473
4907,69134833,g,3,-0.3965670199757519,0.004643303552618272,0.04884984510066437,1.6022770665258468,-0.3965670199757519
4908,69134833,i,7,-0.4470895645753054,0.20526491203122557,0.3929230119921636,7.577127605299492,-0.4470895645753054
4909,69134833,r,8,-0.6665983187378907,0.09420256215319944,0.15972619262710308,11.344109247886765,-0.6665983187378907
4910,69137574,g,3,-0.25342859932388095,0.0028132190783878297,0.08967229232854673,0.5080725225698076,-0.25342859932388095
4911,69137574,i,5,-0.8783523539449789,0.015589580091836641,0.022560117036687588,13.558982117879458,-0.8783523539449789
4912,69137574,r,4,-1.008863500166779,0.031662063071637325,0.13731262715060366,12.34670447481793,-1.008863500166779
4913,69138937,i,7,-1.0114080494729598,0.12008337723727269,0.21707714437057835,29.421133606817047,-1.0114080494729598
4914,69138937,r,4,-0.8991876625627078,0.14802312950920032,0.23218303686957575,17.295452570306733,-0.8991876625627078
4915,69142595,g,2,-0.28735875422947926,0.04938162584289424,0.04938162584289418,1.097406546009287,-0.28735875422947926
4916,69142595,i,9,0.0836561531425042,0.23319472803312802,0.44062389469662866,2.0075978555628384,0.0836561531425042
4917,69142595,r,13,0.004402225813892033,0.209623179226473,0.5199046669378373,0.8344484401480229,0.004402225813892033
4918,69148764,g,3,-0.1904279733272809,0.10382538163321181,0.34797559890220164,0.9555218454829385,-0.1904279733272809
4919,69148764,i,6,-0.3675197180142561,0.3188495244488242,0.5700251882777222,17.36523506486234,-0.3675197180142561
4920,69148764,r,5,-0.45969786082049724,0.15600977727441823,0.2658187548242653,15.571217372876344,-0.45969786082049724
4921,69191055,g,2,-0.2202504090341949,0.02811538555351467,0.02811538555351467,0.47094278183397326,-0.2202504090341949
4922,69191055,i,11,-0.499349516950516,0.16483208231767033,0.33383477336052303,12.436213147053742,-0.499349516950516
4923,69191055,r,9,-0.4477799071699408,0.12649413971272022,0.6894840532974531,4.597381381039882,-0.4477799071699408
4924,69202440,g,7,0.183059776211427,0.09587703106634282,0.16082954316485243,0.31124545930683517,0.183059776211427
4925,69202440,i,10,-1.0550281800124062,0.09735547814033102,0.18468161906428382,34.39919619415459,-1.0550281800124062
4926,69202440,r,12,-0.8575109051015554,0.15659701863794018,0.28503610887909026,16.091570629330487,-0.8575109051015554
4927,69227247,g,4,-0.3669918476939325,0.026718311463330563,0.39489011609833286,1.854439327576299,-0.3669918476939325
4928,69227247,i,6,-0.705355265610809,0.05716434269037385,0.1673794503663435,13.97267684924941,-0.705355265610809
4929,69227247,r,7,-0.2411477597540349,0.28376603937789324,0.649237404025226,8.379025739530297,-0.2411477597540349
4930,69280084,i,4,-0.4367802375464405,0.17794405668525892,0.3416923070880249,6.958198484734567,-0.4367802375464405
4931,69280084,r,7,-0.35488140721958883,0.22384879865973883,0.3845559189161043,6.224630525317166,-0.35488140721958883
4932,69300088,i,8,-1.1415763846735132,0.10263729075033634,0.22098958255845425,56.48263947156258,-1.1415763846735132
4933,69300088,r,7,-0.5144852352748441,0.14578816344947565,0.6311907743575408,9.8899148212385,-0.5144852352748441
4934,69314106,g,5,-0.055018505498424686,0.030174869348760902,0.051151332471736366,0.3109665459986918,-0.055018505498424686
4935,69314106,i,6,-1.1521638104585734,0.01641554366875575,0.12838032355549656,41.575685198552904,-1.1521638104585734
4936,69314106,r,12,-0.758865359317732,0.2802231896303429,0.555069335593912,12.702025846527823,-0.758865359317732
4937,69314233,g,3,-0.2611762759380919,0.05172799946713641,0.17476617264004074,0.5723922786060756,-0.2611762759380919
4938,69314233,i,5,-0.7871676572739397,0.12384027114486384,0.25939232486364205,20.490162929457306,-0.7871676572739397
4939,69314233,r,5,-0.7725623201976386,0.057005790369352494,0.08730714622349534,20.897807834293538,-0.7725623201976386
4940,69332758,i,6,-1.4755870048650628,0.07139512759683297,0.1243083031113299,66.47105333946955,-1.4755870048650628
4941,69332758,r,7,-0.9717688815495231,0.23421257139215435,0.6948757551390252,24.018052613242048,-0.9717688815495231
4942,6933869,g,3,0.06478343516478158,0.022102683932386957,0.05313094622084322,0.09682174062671695,0.06478343516478158
4943,6933869,i,3,0.14790010517475738,0.04539888806102338,0.06270102233257976,0.4385880641215285,0.14790010517475738
4944,6933869,r,5,0.2133685535507488,0.05635615235874414,0.12080546266147854,1.210663152554862,0.2133685535507488
4945,69363338,i,7,-0.2661498412523201,0.055621847113555445,0.15714420838687226,2.396312847970478,-0.2661498412523201
4946,69363338,r,5,-0.21571983254797727,0.012154474038951146,0.022726106160083526,1.1837157516456989,-0.21571983254797727
4947,69380152,g,2,-0.16446434845582836,0.15645698336029312,0.15645698336029312,0.7677196016330836,-0.16446434845582836
4948,69380152,i,10,-0.42105439879742695,0.18898973332821173,0.3715649947171386,8.640500898837285,-0.42105439879742695
4949,69380152,r,9,-0.533797783520798,0.0507939546589814,0.40115852936936924,5.573678038765599,-0.533797783520798
4950,69437973,g,2,1.856918716722547,0.6048330614221724,0.6048330614221724,30.95251550505347,1.856918716722547
4951,69437973,i,3,-0.6087597178730801,0.0016217427605967893,0.024367753951132,17.352903928086715,-0.6087597178730801
4952,69437973,r,4,0.19887234861175518,0.6839743447938513,1.6017059393833106,13.858755573336206,0.19887234861175518
4953,69437973,u,2,1.6068036974705557,0.1410221422544311,0.14102214225443088,10.023440250506292,1.6068036974705557
4954,69605233,i,9,-0.11020030534437748,0.03294439888302557,0.13143312961637943,1.0377469947230862,-0.11020030534437748
4955,69605233,r,7,-0.014055283916144815,0.16250747211242328,0.3723119926547558,0.5013701187492731,-0.014055283916144815
4956,69605233,u,2,0.5329217865682692,0.11300635783905161,0.11300635783905155,0.7481696425598068,0.5329217865682692
4957,69608714,i,10,-0.6779957889938997,0.06696527788889994,0.09823326612293126,13.092096179211001,-0.6779957889938997
4958,69608714,r,9,-0.4108714764958147,0.13844961237826736,0.422125502219197,5.88612512536215,-0.4108714764958147
4959,6969631,g,6,-0.23815443534288158,0.0687997093130622,0.23600469170418933,0.7212070300813699,-0.23815443534288158
4960,6969631,i,9,-0.15349062156980395,0.08739712244429979,0.17370047489362078,0.9609542715875483,-0.15349062156980395
4961,6969631,r,9,-0.13146746016287555,0.07193362551378071,0.20151155777910768,0.6743152595705012,-0.13146746016287555
4962,6969631,u,4,0.4453455783212945,0.027953131687842192,0.08322878500544983,0.5017897865403308,0.4453455783212945
4963,6972499,g,3,0.3542329989694917,0.03478180431031119,0.3464497521034617,0.9993852488056215,0.3542329989694917
4964,6972499,i,7,-0.29671811440761364,0.21725730320329895,0.3383261755212518,7.289363823897597,-0.29671811440761364
4965,6972499,r,8,-0.3217565353742553,0.15521404275449935,0.2740485725855992,4.5094386880092285,-0.3217565353742553
4966,6980962,i,12,-0.781995827818122,0.13834202901677484,0.27467533246435283,18.910224760268992,-0.781995827818122
4967,6980962,r,7,-0.7167363229562564,0.12411256396173642,0.39715091498217825,15.440902046219245,-0.7167363229562564
4968,69838416,g,2,-0.002926327365596282,0.40208257949117543,0.40208257949117543,0.8245205277611575,-0.002926327365596282
4969,69838416,i,6,-0.9437752635373523,0.01889542301649577,0.03071188089721799,16.51235196155834,-0.9437752635373523
4970,69838416,r,7,-0.1936053155855566,0.10059195596645654,0.51151601191259,7.541432051976356,-0.1936053155855566
4971,69875020,g,2,-0.1354738915490421,0.003378991639052864,0.003378991639052864,0.14951223870678368,-0.1354738915490421
4972,69875020,i,9,-0.4248006369299999,0.3301549377645093,0.542263803116228,16.727257634173913,-0.4248006369299999
4973,69875020,r,15,0.1770838868759106,0.44032678699987304,0.8613707068005256,4.424537220486174,0.1770838868759106
4974,6989832,g,2,-0.014144410304198551,0.484566094519264,0.484566094519264,1.1426640475748666,-0.014144410304198551
4975,6989832,i,15,-1.2392889351138099,0.10618808178322725,0.2957547789814383,53.83624885478204,-1.2392889351138099
4976,6989832,r,14,-0.8407249391208813,0.20367379723937873,0.7490871455175789,14.28320142098495,-0.8407249391208813
4977,69929767,g,2,0.1310241774337318,0.13411268673820598,0.13411268673820598,0.2124153229588279,0.1310241774337318
4978,69929767,i,9,-0.6702156503751998,0.11097002224410868,0.22135764835530103,9.596238968202819,-0.6702156503751998
4979,69929767,r,9,-0.17301506873647654,0.1945462851621541,0.33885680089242715,3.049414840137217,-0.17301506873647654
4980,69937139,g,2,-0.04127645276390279,0.04484633551586198,0.04484633551586198,0.024320806098990472,-0.04127645276390279
4981,69937139,i,4,-0.6264212475825508,0.01506621057922286,0.11936188284578364,10.312943571468518,-0.6264212475825508
4982,69937139,r,7,-0.5171795519765975,0.09200957852301916,0.13179607623587586,8.35131834105788,-0.5171795519765975
4983,69964236,g,3,-0.06583922055353825,0.20447287997474783,0.26521017405793545,0.45276576721088596,-0.06583922055353825
4984,69964236,i,7,-0.8690107968838043,0.1321461427028049,0.3290008829538469,26.539646513355738,-0.8690107968838043
4985,69964236,r,9,-0.5936929964900689,0.10437789788992835,0.5144425064088418,7.465626896931967,-0.5936929964900689
4986,69979664,g,5,-0.0043631425302667615,0.1678675655068546,0.24784144867427516,1.1786618086387866,-0.0043631425302667615
4987,69979664,i,14,-0.3443092828136076,0.1156227915011287,0.25657824899837767,6.8374884679371375,-0.3443092828136076
4988,69979664,r,13,-0.2360379104619137,0.2875553539426017,0.4460325372812315,3.4772105553841786,-0.2360379104619137
4989,70018666,i,4,-1.751352504892088,0.01778877372966059,0.16146104128416372,44.922716984504966,-1.751352504892088
4990,70018666,r,7,-1.5662935640026656,0.09510005808608302,0.18336173244746568,20.20239957287267,-1.5662935640026656
4991,70027216,i,7,-1.6705714512779954,0.15283499881078777,0.24700490365493333,41.3429686805257,-1.6705714512779954
4992,70027216,r,4,-1.6234197240954884,0.08971319610981765,0.23075642626311965,42.451900573265654,-1.6234197240954884
4993,70046788,g,5,0.28244352449840215,0.07715716885437451,0.08375033499146067,1.2479991071519163,0.28244352449840215
4994,70046788,i,6,-0.8292100258538784,0.18920174898007025,0.3701801117470629,38.17997542876805,-0.8292100258538784
4995,70046788,r,8,-0.3148208749395386,0.17480982599833905,0.3853653642000504,2.898549258701262,-0.3148208749395386
4996,70050237,i,9,-0.3997017068025012,0.047521633933707674,0.13939311545023714,3.0623079339438886,-0.3997017068025012
4997,70050237,r,4,-0.10968529605268479,0.32062565664855824,0.6522452118214046,1.256467301969143,-0.10968529605268479
4998,70076071,g,2,0.14373900909753912,0.11885569771096238,0.11885569771096238,0.16014767872526342,0.14373900909753912
4999,70076071,i,5,-0.6929030565860508,0.06015823659995678,0.08243785525331171,15.635656626300024,-0.6929030565860508
5000,70076071,r,4,-0.5762637963557341,0.05164308535839507,0.26759898892975365,7.24997699838593,-0.5762637963557341
5001,70080704,i,9,-0.8129456094589661,0.1780460898086328,0.3493119045477511,20.017945947585083,-0.8129456094589661
5002,70080704,r,4,-0.30178350625611605,0.3879314194790623,0.7426111654619811,3.2048939568449213,-0.30178350625611605
5003,70118066,i,7,-1.486803367705926,0.05740747721547579,0.07607408298178964,57.07474134457889,-1.486803367705926
5004,70118066,r,7,-1.4840604664412385,0.08378794352687313,0.18424483513771617,44.272369519040105,-1.4840604664412385
5005,70185138,g,3,-0.355769574763089,0.03417351190198603,0.08516679032906638,0.8888553931073547,-0.355769574763089
5006,70185138,i,15,-0.3755736155995428,0.09307395575220562,0.18984596584525537,3.064975337464963,-0.3755736155995428
5007,70185138,r,17,-0.3559565632927937,0.09032782995877198,0.15598002703284708,3.3724878268765375,-0.3559565632927937
5008,70206734,g,2,-0.4312503833524762,0.03569104990346467,0.03569104990346472,0.8687923706949017,-0.4312503833524762
5009,70206734,i,7,-0.6645576806369348,0.3720255308182491,0.6297540233736618,35.981913951021525,-0.6645576806369348
5010,70206734,r,11,-1.4589775037650319,0.09788388135836845,0.2481264297938519,27.495735108475007,-1.4589775037650319
5011,70242583,i,11,-2.5653525544960885,0.06514455712892664,0.1279273947101034,154.7869457076307,-2.5653525544960885
5012,70242583,r,9,-2.1881791106919213,0.10189898328488578,0.18392635953602277,72.34199870252536,-2.1881791106919213
5013,70245771,g,4,0.5519180253811005,0.15520244766918484,0.3858135919744561,1.9687798099064822,0.5519180253811005
5014,70245771,i,6,0.056004941915909726,0.15777275579984865,0.27538245916945775,0.49607844786350186,0.056004941915909726
5015,70245771,r,10,0.17181244912576454,0.1857723040204195,0.3809276940521141,0.41738595473304424,0.17181244912576454
5016,70292859,i,8,-0.1445193987829305,0.19147572394534396,0.31580956587907394,1.5296893777126301,-0.1445193987829305
5017,70292859,r,4,-0.2746859569824516,0.10395714140482731,0.3621866491118772,3.0583116697620425,-0.2746859569824516
5018,70300287,g,7,1.0874252555429644,0.057325238814952995,0.11735628392291964,9.112171113742736,1.0874252555429644
5019,70300287,i,14,-0.200858766781702,0.3227852320482876,1.010992361195465,23.013655243515284,-0.200858766781702
5020,70300287,r,16,-0.05099206598027403,0.42044537835449713,1.207830790209584,18.728835847878152,-0.05099206598027403
5021,70320500,g,2,-0.13282210405250025,0.08559203775087013,0.08559203775087014,0.4406921372205544,-0.13282210405250025
5022,70320500,i,8,-0.5043234370853409,0.05820182523334322,0.10895350012155824,5.671251987587519,-0.5043234370853409
5023,70320500,r,9,-0.05750050327818257,0.1289587174931346,0.16377805232364473,0.5588631713827793,-0.05750050327818257
5024,70364002,g,4,-0.6219908634059252,0.0948031879836373,0.18603459987614812,1.2763908159619801,-0.6219908634059252
5025,70364002,i,14,-1.671549874279556,0.05384195281042681,0.2347538048554132,80.21928147032122,-1.671549874279556
5026,70364002,r,8,-1.6132806845923529,0.05111031875371763,0.2520840680369081,31.88737708377775,-1.6132806845923529
5027,70389540,g,2,0.5335155260181352,0.235878792662167,0.23587879266216694,1.5551303110200665,0.5335155260181352
5028,70389540,i,3,-0.5415850842686087,0.18872283155106534,0.19659373147144565,9.738523406920585,-0.5415850842686087
5029,70389540,r,6,-0.39122406595247206,0.14690412951093657,0.24633620520412758,3.469445068325607,-0.39122406595247206
5030,70398556,g,2,-0.16744503106590014,0.3506108845103373,0.3506108845103373,1.5062883183671771,-0.16744503106590014
5031,70398556,i,17,-1.5571492381401484,0.08507739850024998,0.18188591164583112,73.98262087926523,-1.5571492381401484
5032,70398556,r,14,-1.1928791144597237,0.09316204220619784,0.22713960600669125,28.140588090476804,-1.1928791144597237
5033,70456650,g,5,0.5770720000415084,0.38761791926894995,0.9879888053349449,2.005499848366917,0.5770720000415084
5034,70456650,i,6,-0.4579597811355649,0.19341066865777262,0.31651208207437664,8.588216588383608,-0.4579597811355649
5035,70456650,r,9,-0.2404717292231524,0.14202933410129048,0.1595553548412766,3.2987519971830777,-0.2404717292231524
5036,70522928,g,4,-0.31308214143293844,0.10051243772850948,0.21018800533715215,0.9405875540222459,-0.31308214143293844
5037,70522928,i,6,-1.0265728637623726,0.07009140014926646,0.1388086028707025,30.333212412097016,-1.0265728637623726
5038,70522928,r,7,-0.977370836039244,0.09317083758937761,0.17731466631696846,20.243298521592937,-0.977370836039244
5039,70531213,g,2,0.34943551094421255,0.5509608244650532,0.5509608244650532,1.7337416254069218,0.34943551094421255
5040,70531213,i,4,-0.49379184928564157,0.09920188449598508,0.36804498127114743,11.340125767002796,-0.49379184928564157
5041,70531213,r,5,-0.2242312779276985,0.14712946926200357,0.5003003268281188,5.632917811064955,-0.2242312779276985
5042,70550638,g,3,-0.1585172003996027,0.157339709492143,0.9181196181202991,3.3202793841191123,-0.1585172003996027
5043,70550638,i,8,-0.15680186179796787,0.2381163974529965,0.33686824564957396,8.363601910314006,-0.15680186179796787
5044,70550638,r,8,-0.18827126280915568,0.393554923480514,0.8304750232981972,5.091107188740338,-0.18827126280915568
5045,70585996,g,7,-0.2968471618735698,0.003600559253024105,0.5223872645002905,1.2913523602101316,-0.2968471618735698
5046,70585996,i,15,-0.0010636504692175253,0.1613783332596054,0.45597263215026274,0.55273080059696,-0.0010636504692175253
5047,70585996,r,21,0.5005123669328686,0.2064527244919987,0.6955419770104027,1.0044575243700014,0.5005123669328686
5048,70598823,i,5,-1.4535998367245755,0.14820395274809295,0.286099296484962,46.5705251732848,-1.4535998367245755
5049,70598823,r,8,-1.3845989434567207,0.14873538703158273,0.23329878408471827,31.02211849144749,-1.3845989434567207
5050,70600956,g,3,-0.331349965301345,0.04778378204034095,0.6930641198316745,2.0756792779394098,-0.331349965301345
5051,70600956,i,15,-0.3341340382671636,0.0650577938469954,0.273748105401172,6.476870326359399,-0.3341340382671636
5052,70600956,r,12,-0.31209313427417645,0.19658710957832531,0.43642890462832545,4.11469203785865,-0.31209313427417645
5053,70628533,g,6,-0.0657308239304571,0.012613139179443483,0.01925384196138029,0.20457941202609545,-0.0657308239304571
5054,70628533,i,6,-0.1949969100126765,0.05406350186159295,0.2953814566086468,2.765088995984977,-0.1949969100126765
5055,70628533,r,10,-0.3393339974559235,0.06470228010966567,0.2392634846046806,3.2651425058644095,-0.3393339974559235
5056,70628533,u,5,0.6091049330251477,0.2198509465419508,0.2743733073943273,0.9859105461455057,0.6091049330251477
5057,70642000,g,4,0.03181580828265529,0.14744911580589548,0.22986599154714193,0.18793751914964246,0.03181580828265529
5058,70642000,i,5,-0.6166327095575832,0.08184517335830177,0.10742583951997708,11.443248580804772,-0.6166327095575832
5059,70642000,r,6,-0.5986291504745753,0.17517299217461402,0.30745787659837276,5.316076842150372,-0.5986291504745753
5060,70643199,i,8,-1.692023226845678,0.10245085775971052,0.2233488566916053,92.11923407412414,-1.692023226845678
5061,70643199,r,4,-1.3194739055679503,0.14179467224784126,0.26406764421199225,33.72530051710777,-1.3194739055679503
5062,70753348,g,2,-0.3785526589180027,0.038361496458200306,0.038361496458200306,1.308051999540102,-0.3785526589180027
5063,70753348,i,4,-0.6463396829894883,0.0990481994305944,0.24704046728189633,11.734132850007539,-0.6463396829894883
5064,70753348,r,5,-0.716617635445183,0.030700840280572295,0.8174922402476676,9.715198517946051,-0.716617635445183
5065,70776774,g,3,-0.24601152555366956,0.25721456590040603,0.7450465313176027,1.1603108931658677,-0.24601152555366956
5066,70776774,i,10,-1.1470736782148778,0.14108683254809173,0.3598290636908601,52.321501522016035,-1.1470736782148778
5067,70776774,r,11,-0.5688589771411212,0.5621764716191966,0.6937158421955683,12.725866038727178,-0.5688589771411212
5068,70796762,g,6,-0.572836186749894,0.06680505942771214,0.1717150749972557,1.0415027307309686,-0.572836186749894
5069,70796762,i,9,-1.4647275446603552,0.20344253221967135,0.4806846550135895,71.47467379678689,-1.4647275446603552
5070,70796762,r,11,-1.2390942491993877,0.061515711337590595,0.10037838013946776,24.509435893449528,-1.2390942491993877
5071,7087227,g,4,-0.08662523146795575,0.04505344526573887,0.2292051692866175,0.4028278712484155,-0.08662523146795575
5072,7087227,i,4,-1.0530671325887853,0.09049113449260748,0.2848292097656324,29.195565059124547,-1.0530671325887853
5073,7087227,r,7,-0.7627092446969834,0.08345994493660136,0.14319139547935944,16.16854716361835,-0.7627092446969834
5074,70935781,g,4,0.1799933899012352,0.4168235647874282,0.7779941288187866,3.5509887872491426,0.1799933899012352
5075,70935781,i,7,-0.6991549663880561,0.05670873482588823,0.1309463759387215,26.02869476290445,-0.6991549663880561
5076,70935781,r,8,-0.8292436220036403,0.05542674196460873,0.6555434205139019,16.62350414821599,-0.8292436220036403
5077,70935781,u,4,0.6454261023310355,0.09328401401723208,0.17801652446154415,0.7112647853773612,0.6454261023310355
5078,70941650,i,7,-0.5619780159569866,0.351085045166313,0.6473944203033556,10.75198362400418,-0.5619780159569866
5079,70941650,r,8,-0.44596779182475593,0.2947677350052811,0.6096587904403239,8.909457162267877,-0.44596779182475593
5080,70941650,u,2,-0.024691140593829042,0.02018697473553921,0.02018697473553921,0.001760726879138187,-0.024691140593829042
5081,70945565,g,5,-0.38108628725332927,0.06916541716526736,0.11170444700050941,1.4784213754289,-0.38108628725332927
5082,70945565,i,3,-0.6232880219567882,0.20771559710502907,0.3973544518564509,7.764657405059495,-0.6232880219567882
5083,70945565,r,4,-0.6480818131521159,0.07266796288384414,0.13228132070884624,10.925419939214454,-0.6480818131521159
5084,70980460,g,2,0.1226397032987882,0.3413570788721629,0.3413570788721628,3.1323895071481256,0.1226397032987882
5085,70980460,i,7,-0.5513154357149161,0.07648192922164165,0.2191404915314319,11.24962734063997,-0.5513154357149161
5086,70980460,r,10,-0.2809889864080307,0.11812542745219473,0.638588405954894,3.672467378037067,-0.2809889864080307
5087,71032317,g,3,-0.2596513079368227,0.05375658795008048,0.2708344931167325,0.8758291512367483,-0.2596513079368227
5088,71032317,i,4,-2.2432591479656407,0.025503474424827255,0.1037540527319658,126.02977829364552,-2.2432591479656407
5089,71032317,r,5,-1.2319623993948454,0.2316092111057988,0.33119776679428226,25.795572567506916,-1.2319623993948454
5090,71074363,i,8,-1.3907132506117668,0.27797292250735894,0.5358089381581705,48.703773887744646,-1.3907132506117668
5091,71074363,r,6,-0.8843683033935099,0.04609706375275002,0.3299079836338986,15.139868432992301,-0.8843683033935099
5092,71150586,g,4,-0.33935111246491,0.027927449021206474,0.2523767542873674,1.0902543082152079,-0.33935111246491
5093,71150586,i,8,-0.5307765984190064,0.11453807256398121,0.30297551528699657,6.945704714994956,-0.5307765984190064
5094,71150586,r,6,-0.28991188970399906,0.16592991509933996,0.3075537329123238,4.945823126994464,-0.28991188970399906
5095,71160753,i,12,-0.9183705016280831,0.08346091072591277,0.16450152301118692,26.618050663050216,-0.9183705016280831
5096,71160753,r,7,-0.7592197026229515,0.08156212519933992,0.15509670727060454,14.499518633460923,-0.7592197026229515
5097,7116986,g,2,0.29690130495271905,0.5205738834210833,0.5205738834210833,1.4399828188321708,0.29690130495271905
5098,7116986,i,10,-0.35234062463788307,0.41404043556185377,0.8285626115074152,14.647066774866872,-0.35234062463788307
5099,7116986,r,9,-0.05791849698187812,0.32121884049116434,0.4998053813658143,6.059852055115853,-0.05791849698187812
5100,71235117,g,5,-0.3044395844375502,0.09405183661430055,0.3260519869176298,1.7040546136216848,-0.3044395844375502
5101,71235117,i,7,-0.41777476904191513,0.3153301969314093,0.5301817081785534,11.148711900197556,-0.41777476904191513
5102,71235117,r,9,-0.12678345775552025,0.11811683461922717,0.4572364120377982,4.421143952797286,-0.12678345775552025
5103,71261787,i,6,-2.0344665262032606,0.1510627881179074,0.37535293352617893,81.86760580642031,-2.0344665262032606
5104,71261787,r,10,-1.7454371931944401,0.10628224617071125,0.19586361554176013,33.815711111909074,-1.7454371931944401
5105,71299323,g,2,-0.011169241248817324,0.05463147131839771,0.05463147131839771,0.042451601609167236,-0.011169241248817324
5106,71299323,i,2,-0.023521365421123958,0.13566142225167846,0.13566142225167846,0.38488191689273427,-0.023521365421123958
5107,71299323,r,7,0.14333891694174783,0.19487526198993124,0.4346337297453442,1.4460510780887195,0.14333891694174783
5108,71300355,g,5,0.42449683170997066,0.3579777588007569,0.5096195709420075,1.759957599654777,0.42449683170997066
5109,71300355,i,5,0.16300204086221382,0.1165216423923473,0.22511627922263727,2.2168294510196587,0.16300204086221382
5110,71300355,r,3,0.24400490422865295,0.021856441393710957,0.035710197035474595,1.5897174938175131,0.24400490422865295
5111,71369090,i,12,-0.6378074524616346,0.17377878197370195,0.3343647143394194,6.936633306286718,-0.6378074524616346
5112,71369090,r,8,-0.545346108353788,0.18766967027062365,0.39207279718938126,4.96937072043664,-0.545346108353788
5113,71385315,g,2,-0.25827000589251886,0.03676347386822282,0.036763473868222846,0.3659234302113985,-0.25827000589251886
5114,71385315,i,4,-0.6914283888984998,0.04598817150721407,0.3128294008413106,20.66371749877176,-0.6914283888984998
5115,71385315,r,5,-0.5173066674293619,0.2320993281393896,0.36349904806439665,8.572661205821216,-0.5173066674293619
5116,7140216,i,5,-0.901943853843964,0.08627172795325411,0.14671310421749573,21.25867628049718,-0.901943853843964
5117,7140216,r,7,-0.6455822050701753,0.24546277931050697,0.37950813368832625,8.427001422610658,-0.6455822050701753
5118,71406717,i,6,-0.6680730576011883,0.19759137752546663,0.3743047502106205,12.24780134841199,-0.6680730576011883
5119,71406717,r,4,-0.42085459381755663,0.040779561699072514,0.055158252632143245,3.9313791798239857,-0.42085459381755663
5120,71415168,i,6,-1.4851316272312816,0.038029251543530984,0.31621770647059466,95.79894196451068,-1.4851316272312816
5121,71415168,r,6,-1.1308030061209904,0.05984878387960102,0.0992808541584056,27.38951413615837,-1.1308030061209904
5122,71419120,g,2,0.03057169120596917,0.003412540763506694,0.003412540763506694,0.013775304050155713,0.03057169120596917
5123,71419120,i,4,-0.22968891727375723,0.052412700758223935,0.09291644759325432,1.7079253665293814,-0.22968891727375723
5124,71419120,r,5,0.14980624992700597,0.11563800080521391,0.19606159433754694,1.0670358798561659,0.14980624992700597
5125,71427116,i,7,-1.0080888194644886,0.05077908586360258,0.45277099971481105,19.215223413791303,-1.0080888194644886
5126,71427116,r,5,-0.6890454200190117,0.1448633059577138,0.29497673307475514,6.5099455231378744,-0.6890454200190117
5127,71468824,i,7,-0.9454489298400452,0.007054263431123808,0.012866929480576217,45.86531612548363,-0.9454489298400452
5128,71468824,r,4,-0.8339966633251259,0.005513764816797828,0.03544246497332926,12.558081962925895,-0.8339966633251259
5129,71485766,g,6,0.6115699975501528,0.0883341700677891,0.4237057040757035,1.3948439573416618,0.6115699975501528
5130,71485766,i,3,-0.45601669177521226,0.13198280583994532,0.2107765278537792,4.706477808023796,-0.45601669177521226
5131,71485766,r,7,0.10210289912046522,0.06504252043280234,0.0878316482350207,0.2673013086782516,0.10210289912046522
5132,71507532,g,2,-0.08271571799552024,0.3903126698928492,0.3903126698928492,0.9740911572180031,-0.08271571799552024
5133,71507532,i,7,-0.7990065668675047,0.07793812686282442,0.1421454654993155,22.930608750282,-0.7990065668675047
5134,71507532,r,10,-0.6929763760798353,0.08701317025846622,0.15574594753601134,8.877591561580164,-0.6929763760798353
5135,7151095,i,7,-0.03375317612968842,0.06500093524280282,0.33870781248034754,2.7179028406717474,-0.03375317612968842
5136,7151095,r,7,0.16467381935122805,0.04807976761744581,0.0626603365069584,0.8255846466070791,0.16467381935122805
5137,71539987,g,4,0.07757928615380133,0.3300024708799606,0.6609439420067471,0.6598809738504587,0.07757928615380133
5138,71539987,i,7,-0.41175207912584605,0.1201751924224323,0.18098987351761636,8.688500394750431,-0.41175207912584605
5139,71539987,r,7,-0.28492451499679305,0.005453743443447734,0.04474594653123529,2.237251163656351,-0.28492451499679305
5140,71553556,i,13,-1.6094992592151682,0.15352090858790257,0.3204492792132332,83.76638093204681,-1.6094992592151682
5141,71553556,r,10,-1.39243556246518,0.18353692240227026,0.445807873965387,35.70125731079302,-1.39243556246518
5142,71562552,g,3,-0.09623571104282597,0.0190460128774248,0.3176655280910013,1.1969634608730524,-0.09623571104282597
5143,71562552,i,8,-0.3868281437879717,0.17412344589266987,0.3215970580743554,6.437557247888572,-0.3868281437879717
5144,71562552,r,8,-0.1519990856198749,0.15328471805754323,0.34708628840839756,5.0465019249473215,-0.1519990856198749
5145,71620152,g,3,-0.3362847988716381,0.054219204678579436,0.07186267491743825,0.8449681299790518,-0.3362847988716381
5146,71620152,i,4,-0.4407913000878008,0.0488220068305186,0.07114611173227803,5.741111143628596,-0.4407913000878008
5147,71620152,r,6,-0.4625541122641393,0.056010780875456856,0.08611007358148237,3.0853789496060764,-0.4625541122641393
5148,7175080,g,2,0.15328141281303953,0.020339566796348962,0.020339566796348962,0.16758042420590957,0.15328141281303953
5149,7175080,i,10,-0.5333977782065344,0.1411397112726669,0.25674795487443997,11.165664791262332,-0.5333977782065344
5150,7175080,r,11,-0.5340941035289785,0.03355980995892638,0.12143029004272854,6.997792430987309,-0.5340941035289785
5151,71789936,g,2,0.47953328594018857,0.94231433285375,0.9423143328537501,3.1336038064592304,0.47953328594018857
5152,71789936,i,6,-0.5976720517621672,0.10449217901587576,0.18960187213391455,12.016275737437587,-0.5976720517621672
5153,71789936,r,7,-0.059441779019315466,0.25071168757499585,0.5404592123049243,5.240404551774366,-0.059441779019315466
5154,71843556,g,4,0.49678782061159116,0.09238128891265335,0.19774885164845407,2.1176972521376385,0.49678782061159116
5155,71843556,i,13,-0.17255881946311347,0.3251566941635572,0.6300825531132511,6.989960752541503,-0.17255881946311347
5156,71843556,r,12,0.08640644933584751,0.09799518893770875,0.19149925398892365,0.800586138336397,0.08640644933584751
5157,71850700,g,4,-0.408658785265914,0.0930889674388729,0.18457597068324239,0.9957658257436097,-0.408658785265914
5158,71850700,i,5,-1.1756840930729626,0.11047725079116266,0.19853302468250744,32.21506247532236,-1.1756840930729626
5159,71850700,r,7,-1.1338009960894357,0.12715075978295198,0.2860555667162976,22.89858718041503,-1.1338009960894357
5160,71882460,i,7,-0.8791154136254324,0.22108301168050437,0.3059875310018063,21.814527218492817,-0.8791154136254324
5161,71882460,r,6,-0.7869947726723286,0.18233619739583695,0.33263424647956885,13.2348748200956,-0.7869947726723286
5162,71911660,i,5,-1.0772206414425207,0.035436420059092866,0.042383829446782206,33.40121130176126,-1.0772206414425207
5163,71911660,r,5,-1.0574305362687986,0.07973714859238545,0.08812644905369105,13.521726662121267,-1.0574305362687986
5164,71918842,g,5,-0.2261823408465422,0.09036031435381692,1.029860632617944,1.6124970512686407,-0.2261823408465422
5165,71918842,i,7,-0.2159011107470501,0.15002072514028375,0.33331859371953876,4.273108048209605,-0.2159011107470501
5166,71918842,r,11,0.21269578672548484,0.0770971570831116,0.31392272520077463,1.181140642667877,0.21269578672548484
5167,71918842,u,2,0.7709913554047614,0.2648996974019526,0.2648996974019526,1.5668259087228873,0.7709913554047614
5168,71924293,i,7,-1.3833775687947767,0.04349235664586537,0.0720637796507031,50.35155027236048,-1.3833775687947767
5169,71924293,r,8,-1.0537372692992713,0.14515116785117876,0.25017881575966316,17.00213848885722,-1.0537372692992713
5170,71925434,g,2,0.16419962493695045,0.5737035220190834,0.5737035220190833,1.2501537584715081,0.16419962493695045
5171,71925434,i,6,-1.0377275409467335,0.11291200796603929,0.26143915700655174,40.24087576103197,-1.0377275409467335
5172,71925434,r,6,-0.3138315223679172,0.18086907118662388,0.6461545204166531,9.00282937873026,-0.3138315223679172
5173,71957832,g,4,0.7095777443265036,0.24562768065958185,0.3945837279907797,4.9962919594282456,0.7095777443265036
5174,71957832,i,4,0.2873788609567056,0.037477395194129515,0.11935129127299032,2.197326741627774,0.2873788609567056
5175,71957832,r,5,0.5253439426038956,0.03739967478537731,0.07050519767959373,5.045320539778523,0.5253439426038956
5176,71962871,i,8,-2.3756410384148055,0.09404891846668129,0.17796137294557646,119.42634199747721,-2.3756410384148055
5177,71962871,r,6,-1.9514512250395577,0.08880287117190766,0.20153043704378293,39.05988796982424,-1.9514512250395577
5178,71967763,i,11,-0.5810449451399677,0.1029526841029792,0.2865842726497857,12.31485662202781,-0.5810449451399677
5179,71967763,r,7,-0.2954870537417952,0.16111518571655842,0.2964327258357212,4.674360569504034,-0.2954870537417952
5180,72017662,i,12,-1.2787467553933407,0.09005190338170388,0.17303261895391797,54.07639840798249,-1.2787467553933407
5181,72017662,r,9,-1.2589107557781842,0.08732285551245744,0.16819121569480378,29.90999976955114,-1.2589107557781842
5182,72100104,g,4,-0.12148001561781388,0.1944323682078532,0.40007421234431323,0.7778949140590183,-0.12148001561781388
5183,72100104,i,16,-0.7748620993752998,0.17182301622265533,0.3265098193899071,30.273842704442053,-0.7748620993752998
5184,72100104,r,14,-0.7164010230320672,0.12170692850955755,0.22878654837547496,15.88146184076541,-0.7164010230320672
5185,72149955,g,3,0.3126900404865802,0.2811436136355052,0.30109334344827465,1.1575648738609638,0.3126900404865802
5186,72149955,i,7,0.05810801267194651,0.23864262109202014,0.48629496230027414,0.8743525076009895,0.05810801267194651
5187,72149955,r,6,0.3635233958757704,0.03726418354103109,0.07396245561857356,6.54154343498097,0.3635233958757704
5188,72161577,g,5,0.7248738015701897,0.026815263134296607,0.9933894742716671,1.9085848213999035,0.7248738015701897
5189,72161577,i,8,-0.15881861996253388,0.21464315522397218,0.4480360485997604,3.6418013498646156,-0.15881861996253388
5190,72161577,r,7,-0.20908858150963727,0.12701772238974918,0.45510416433532275,4.357062629243266,-0.20908858150963727
5191,72161577,u,4,0.34719440862614614,0.048529665136381794,0.4445909234998607,2.2829709233935724,0.34719440862614614
5192,72172866,g,4,0.46428525551722954,0.4392062133945489,0.7779992206479098,0.9149172785384068,0.46428525551722954
5193,72172866,i,6,-0.7136523384953865,0.13474425768602383,0.33954868480994405,24.13781590918588,-0.7136523384953865
5194,72172866,r,9,-0.7112905282174308,0.08612923255903404,0.3020999459677731,10.45414936305668,-0.7112905282174308
5195,72176215,g,3,0.9433937152187757,0.2735695425842226,0.3001734141820035,3.6414463845086438,0.9433937152187757
5196,72176215,i,11,-0.3235984871973966,0.1526929101677904,0.22057575794858847,5.18000073111718,-0.3235984871973966
5197,72176215,r,8,-0.048057832855122606,0.06605245471773424,0.13732685314993684,1.1319335404143724,-0.048057832855122606
5198,72203805,i,7,-1.1850221989968202,0.10667511834112275,0.13678963482025308,46.93018752000395,-1.1850221989968202
5199,72203805,r,6,-0.723979715915626,0.042887255795675205,0.07034335474128883,11.535272334141558,-0.723979715915626
5200,72240819,i,7,-1.5391450697507978,0.06450649646678763,0.19695929162146553,43.61095601104495,-1.5391450697507978
5201,72240819,r,4,-1.2246851975606554,0.02825577299915849,0.20384390165390176,15.155859238441112,-1.2246851975606554
5202,72277847,i,6,-0.3769272122346784,0.33635504259800325,0.5045976166677848,9.693015081539032,-0.3769272122346784
5203,72277847,r,6,-0.0987110875939456,0.2322564146262404,0.3712638406557449,1.3043475412198384,-0.0987110875939456
5204,72287893,i,9,-0.48727511532658885,0.2144801856541224,0.40603870525268604,12.420747279292002,-0.48727511532658885
5205,72287893,r,10,-0.42039657402799857,0.23551860004790282,0.4216801763082171,5.351280805205415,-0.42039657402799857
5206,72315224,g,3,0.054243546916506014,0.04527905797668874,0.08525441725072014,0.07006121091602528,0.054243546916506014
5207,72315224,i,7,-1.297630983971282,0.049250939849474484,0.07368319403753265,54.61536987599533,-1.297630983971282
5208,72315224,r,12,-0.9836907332512335,0.1342562335798514,0.3527260081444845,11.73736596014347,-0.9836907332512335
5209,72322780,g,4,-0.0334004249491221,0.07746477721823217,0.09550776027323842,0.1080157071362947,-0.0334004249491221
5210,72322780,i,8,-0.86145663696707,0.14013020482473204,0.31651341976437,15.022015578528386,-0.86145663696707
5211,72322780,r,7,-0.6009016095896494,0.0671365824320952,0.08583152773825198,5.948383258802413,-0.6009016095896494
5212,72323305,i,9,-2.241098256343739,0.08818185541147905,0.13247127660787772,78.64205356870589,-2.241098256343739
5213,72323305,r,6,-1.7388746403483992,0.14359861261803597,0.22128085853850066,23.11797100320805,-1.7388746403483992
5214,72324737,g,2,-0.2763827765663177,0.045068227741490996,0.045068227741490996,0.33421753658537345,-0.2763827765663177
5215,72324737,i,5,-1.5095150207934145,0.06554383703061784,0.2245782711642903,52.263310355889494,-1.5095150207934145
5216,72324737,r,7,-1.3420701668929564,0.0945324679485895,0.12303206827620983,22.33559412343119,-1.3420701668929564
5217,72344755,g,2,-0.26042732622856984,0.10122265496254862,0.10122265496254865,0.6858586997342812,-0.26042732622856984
5218,72344755,i,6,-0.7505029674037593,0.11607928663869149,0.1803775740898209,13.200791979584395,-0.7505029674037593
5219,72344755,r,7,-0.6936631086737466,0.0503403860626952,0.20263363164037318,11.943631993070737,-0.6936631086737466
5220,72462821,i,9,-1.293800364044344,0.09056622316333907,0.15923374253865896,32.92386777079953,-1.293800364044344
5221,72462821,r,11,-0.4349136876577162,0.1623589759488916,0.29523604945347426,6.091462075165814,-0.4349136876577162
5222,72475209,i,8,-1.39510817181429,0.13272355827303095,0.27410829808496806,47.33569181778195,-1.39510817181429
5223,72475209,r,9,-1.2333879724183674,0.050949447889368615,0.14614915333578105,22.52357118640134,-1.2333879724183674
5224,72494848,g,4,0.06701223933848341,0.023253207383401753,0.07139905463470833,0.16354866067710677,0.06701223933848341
5225,72494848,i,7,-0.05129056302035384,0.05762668151324901,0.10981547679995951,0.2523638778175283,-0.05129056302035384
5226,72494848,r,5,0.38409461599887706,0.0835900356985026,0.10600238254286987,8.185822404106023,0.38409461599887706
5227,72526929,g,2,-0.08965105974713694,0.05205604714417833,0.05205604714417833,0.08630897214835212,-0.08965105974713694
5228,72526929,i,6,-0.802821999687573,0.09047658460818614,0.1844800215489404,31.844469482570783,-0.802821999687573
5229,72526929,r,7,-0.6735640118643577,0.0358871819930745,0.06381379027572032,14.313865005473355,-0.6735640118643577
5230,72557418,g,2,-0.4103121832751983,0.07257106007704112,0.07257106007704117,1.3234279392075108,-0.4103121832751983
5231,72557418,i,8,-0.7489697048174799,0.06134514447717676,0.10432078797479916,14.721275814162192,-0.7489697048174799
5232,72557418,r,6,-0.9585053992499788,0.039146387700379315,0.059428148840744766,18.24731127548181,-0.9585053992499788
5233,72575948,g,2,-0.3547713635611246,0.03579021632728818,0.03579021632728818,1.3459557096174453,-0.3547713635611246
5234,72575948,i,6,-0.4357223148774492,0.03547427859686603,0.13613162655740307,4.257353523111184,-0.4357223148774492
5235,72575948,r,9,-0.5130597128783136,0.07064719694947974,0.12366816818951898,5.479057997875832,-0.5130597128783136
5236,72592567,g,2,-0.4597132170102901,0.03114870905807607,0.03114870905807604,1.5826656502859557,-0.4597132170102901
5237,72592567,i,4,-0.8863449126171802,0.07979777528525195,0.15893051029453165,41.831320118735654,-0.8863449126171802
5238,72592567,r,5,-0.8360935210996246,0.0842415746380587,0.16144127996472957,15.917417981443899,-0.8360935210996246
5239,72597389,i,8,-1.0004314741170617,0.12988606511060707,0.339434477771949,32.621958168108904,-1.0004314741170617
5240,72597389,r,9,-0.4416698190522048,0.25172024180916563,0.3072827176723735,4.954444954918498,-0.4416698190522048
5241,72676080,g,2,0.15336872556836156,0.2277638440506511,0.2277638440506511,0.5578476052201995,0.15336872556836156
5242,72676080,i,13,0.0075121131657373,0.2127433850319539,0.4304209237621622,1.269775540458115,0.0075121131657373
5243,72676080,r,13,-0.12760790371888753,0.1087731691690744,0.40363202075258775,1.323291639633135,-0.12760790371888753
5244,72676080,u,3,0.9453821374932356,0.011652036821547584,0.08749715993125429,3.367786756861081,0.9453821374932356
5245,72678197,g,3,-0.009708633195487038,0.14040761413117703,0.2485553697753377,0.3605121015907519,-0.009708633195487038
5246,72678197,i,5,-0.20300776535817738,0.24542044296291088,0.28975666573468095,3.921968053708688,-0.20300776535817738
5247,72678197,r,5,0.0598004705332571,0.11148055673045132,0.15832982809148188,0.7871141914608644,0.0598004705332571
5248,7273585,g,2,0.5116533400621028,0.159810597529352,0.159810597529352,0.7349686704863435,0.5116533400621028
5249,7273585,i,7,-0.7199570020440743,0.11696342138748506,0.1410582007671628,5.417042237731707,-0.7199570020440743
5250,7273585,r,8,-0.48760579405943993,0.08326831958375736,0.12929499785521748,3.6285742308568896,-0.48760579405943993
5251,72743043,g,6,0.3705034550987357,0.2954554274289956,0.5699516209464941,0.8602821231887229,0.3705034550987357
5252,72743043,i,9,-0.3215586810645676,0.1080395054148569,0.20652496256305397,4.142885021563273,-0.3215586810645676
5253,72743043,r,8,0.012325544857168119,0.1925184269300414,0.3857414512605548,0.9445408532327477,0.012325544857168119
5254,72750705,g,2,-0.4197063988090417,0.019637699578505446,0.01963769957850542,0.8328709080507104,-0.4197063988090417
5255,72750705,i,9,-1.2656279620008248,0.07059668981835365,0.28075126878184853,43.459629588366596,-1.2656279620008248
5256,72750705,r,6,-0.9833200716680607,0.0357976492856128,0.06694793713875158,18.5242380483992,-0.9833200716680607
5257,7280764,i,6,-1.8622297909856984,0.06471593633746808,0.10608699276305456,98.42065697404895,-1.8622297909856984
5258,7280764,r,4,-1.3433004029138083,0.07109856135244541,0.12520550011806542,45.15777109455916,-1.3433004029138083
5259,72843921,i,4,-0.9676062576600524,0.09746639704252219,0.16372234326026536,22.608958452699188,-0.9676062576600524
5260,72843921,r,6,-1.3215121675406256,0.048815399319010466,0.1504367549911647,26.392355125873408,-1.3215121675406256
5261,72964843,g,2,-0.29877319681023384,0.16175401803099398,0.16175401803099398,0.6178829773287514,-0.29877319681023384
5262,72964843,i,10,-0.7598740868354017,0.06655825802448506,0.13162796391628928,16.57194175615829,-0.7598740868354017
5263,72964843,r,7,-0.7423626849047866,0.10711101285328595,0.1494128845741961,11.361978779059255,-0.7423626849047866
5264,72986672,g,11,0.4380494097881058,0.08010076997569082,0.13759570462228737,2.0292215672064695,0.4380494097881058
5265,72986672,i,12,-0.4689041317174213,0.2579769183701345,0.48563695774152926,12.477803760897329,-0.4689041317174213
5266,72986672,r,10,-0.10632410143814344,0.189550750603097,0.35533762671913444,2.518280394051857,-0.10632410143814344
5267,72986672,u,2,0.44952032416853505,0.005781887059226332,0.005781887059226332,0.6291915709247852,0.44952032416853505
5268,73086986,g,2,-0.2451278251719323,0.017427272351581063,0.01742727235158109,0.38522411124324485,-0.2451278251719323
5269,73086986,i,9,-0.9794451337960758,0.08278900652883159,0.19619672442627756,28.02858717747839,-0.9794451337960758
5270,73086986,r,7,-0.9120439494428909,0.06814607083081525,0.13219903739040006,18.008672911172876,-0.9120439494428909
5271,73137756,g,3,-0.5828121966447276,0.07891349750897747,0.16314146634040705,1.143468037165595,-0.5828121966447276
5272,73137756,i,10,-0.7952204176873443,0.13933414071272138,0.22690867655866442,14.774839517574758,-0.7952204176873443
5273,73137756,r,6,-1.054339653906007,0.05753625203765311,0.2091782694931117,11.658303823681974,-1.054339653906007
5274,73155539,i,7,-1.1506129993044973,0.14695701930388516,0.28990251014784096,37.0994456249304,-1.1506129993044973
5275,73155539,r,4,-0.678291827060674,0.009075919306957503,0.12447339549591108,9.538011512965824,-0.678291827060674
5276,73198659,i,7,-1.0995463269637784,0.09443093268624936,0.18019917536143315,64.46248066729827,-1.0995463269637784
5277,73198659,r,7,-0.9063523308650713,0.04196273873177714,0.08969996309024308,24.272092390564318,-0.9063523308650713
5278,73224467,i,8,-1.60838469715348,0.06827445701310364,0.24583999973366555,51.724245494318794,-1.60838469715348
5279,73224467,r,7,-1.370242887920162,0.052116408642805645,0.09223064041951279,33.02563902609459,-1.370242887920162
5280,73259182,i,10,-1.9122750003766618,0.12191207019141714,0.19693742923789181,105.11012058968166,-1.9122750003766618
5281,73259182,r,9,-1.7726843882801644,0.04775207403519488,0.07469729758258215,35.60507237483888,-1.7726843882801644
5282,73261763,g,2,0.6469456583581905,0.24210381474081522,0.24210381474081522,2.309750317795605,0.6469456583581905
5283,73261763,i,4,-0.35816947296822677,0.2144620411273072,0.42667902971401833,5.61895123972614,-0.35816947296822677
5284,73261763,r,7,-0.31817019540446523,0.13068598486869074,0.21053831751149102,5.923902029503843,-0.31817019540446523
5285,73267937,g,5,0.7367190956393397,0.054501254546676314,0.9328166183479044,1.3915487116831309,0.7367190956393397
5286,73267937,i,16,-0.0781934125371353,0.13263835459941534,0.33186673154740115,3.025423638776547,-0.0781934125371353
5287,73267937,r,14,0.02766952599207849,0.05534702040424545,0.33927370114734234,2.2740489788160425,0.02766952599207849
5288,73284935,g,2,1.1297340562380431,0.1355972519650952,0.1355972519650952,2.242578073266953,1.1297340562380431
5289,73284935,i,11,-0.07069359001761016,0.13371141865787678,0.43781719481266684,0.9536315619187096,-0.07069359001761016
5290,73284935,r,9,0.3896951135464083,0.39836537121565796,0.5721324175548058,1.1833864833026269,0.3896951135464083
5291,73297086,g,5,0.44448397734933676,0.08838918717412514,0.22810439169582342,2.435688948741576,0.44448397734933676
5292,73297086,i,3,-0.7024690250498107,0.16447821985652666,0.22872205087069997,10.092800285285541,-0.7024690250498107
5293,73297086,r,10,0.14887418299132843,0.13336034782259534,0.3857438540042632,3.3940202718589463,0.14887418299132843
5294,73303518,g,5,-0.32685721397469136,0.09422881359219343,0.2181513505236673,1.2442570320611381,-0.32685721397469136
5295,73303518,i,5,-0.11411755618098146,0.028046860190555495,0.041482831549915306,0.8258474260995582,-0.11411755618098146
5296,73303518,r,8,-0.23785680223867145,0.032951566163212265,0.1331379916948423,2.9322343063474348,-0.23785680223867145
5297,73337129,g,2,0.9036450011797839,0.0033853040163345227,0.0033853040163345227,3.098740977848703,0.9036450011797839
5298,73337129,i,5,-0.7150920766620932,0.0947665735204708,0.18127639286536645,19.59995626726008,-0.7150920766620932
5299,73337129,r,8,-0.4354015849953482,0.12343588754677731,0.2580019937650053,5.458585312894782,-0.4354015849953482
5300,7335585,g,3,0.6293759616016161,0.06118838440515306,0.10850396056649791,1.415937888281655,0.6293759616016161
5301,7335585,i,7,-0.5691363098085713,0.18426367577431002,0.36164067225231106,20.02503224623186,-0.5691363098085713
5302,7335585,r,5,-0.24452322541336435,0.05153230244810347,0.3731539261734119,8.94005241343703,-0.24452322541336435
5303,73360705,g,4,0.5251152042568105,0.053680659329194635,0.17544843523532572,0.8119724685812,0.5251152042568105
5304,73360705,i,9,-1.0455596763325379,0.26103469395435885,0.4520388046222168,19.95869484017652,-1.0455596763325379
5305,73360705,r,8,-0.9275304038327508,0.22990085675308702,0.6572730721122713,10.917015354999315,-0.9275304038327508
5306,7339809,g,2,-0.45623524539799953,0.026086280447343513,0.026086280447343513,1.176494220537706,-0.45623524539799953
5307,7339809,i,10,-1.1894451727461572,0.13227810621375313,0.2360153024539462,39.03838337765415,-1.1894451727461572
5308,7339809,r,8,-0.930821056314747,0.029419516438181414,0.04467793711724788,17.75813766585851,-0.930821056314747
5309,73568993,i,6,-0.11983841400162676,0.08753531410134761,0.15493609931471677,1.2503318870023703,-0.11983841400162676
5310,73568993,r,5,-0.19286911867796816,0.15501438734090053,0.4495824974838009,2.153162181005441,-0.19286911867796816
5311,73605090,g,3,0.6550043820683271,0.009674437602532837,0.18617254829617447,4.453031853892758,0.6550043820683271
5312,73605090,i,10,-0.5198674531618594,0.21167050654121655,0.35567955837296783,14.10414507091868,-0.5198674531618594
5313,73605090,r,10,-0.23486185764529793,0.17243688864563045,0.3138561577512906,1.1931075619748541,-0.23486185764529793
5314,73661139,g,3,0.09200471834120894,0.43838036045680856,0.48968512462186986,1.369328887914733,0.09200471834120894
5315,73661139,i,12,-0.48902023584345755,0.05846841509957451,0.14929138256644647,11.943356671289079,-0.48902023584345755
5316,73661139,r,14,-0.1673101566939027,0.1414701060343231,0.2561425031730212,1.3252195092147558,-0.1673101566939027
5317,73686071,g,3,-0.08194445310930176,0.06929373252764415,0.35851089290986876,0.26009325082566,-0.08194445310930176
5318,73686071,i,11,-0.4551891229166044,0.12032178263323001,0.28436934994538676,6.966132847108113,-0.4551891229166044
5319,73686071,r,13,-0.34244096659223566,0.14373304510200557,0.2784213783832918,3.0193708983779226,-0.34244096659223566
5320,73698892,g,3,-0.14580804738642156,0.04376151051548227,0.25569545020747686,0.28056733684924584,-0.14580804738642156
5321,73698892,i,6,-1.0298936320771168,0.08298974882212917,0.20633350483531832,50.067083917201956,-1.0298936320771168
5322,73698892,r,4,-0.8465920710101624,0.04219415795028775,0.08847859978489137,16.199658010694094,-0.8465920710101624
5323,73726376,g,2,-0.4339125472340506,0.06139107105513117,0.06139107105513114,2.3092277412046363,-0.4339125472340506
5324,73726376,i,9,-0.21751580321920982,0.1467114163052668,0.22593326313618783,3.688689527970938,-0.21751580321920982
5325,73726376,r,8,-0.3961449912534307,0.13026570511180696,0.28627305832873917,4.273346882937367,-0.3961449912534307
5326,73757301,g,4,0.3886886937488121,0.05347848095241209,0.11076265563207344,0.4169907278536165,0.3886886937488121
5327,73757301,i,5,-0.28351612918451563,0.12541182435548193,0.22212418919057325,5.999660921545844,-0.28351612918451563
5328,73757301,r,5,-0.07915477122903702,0.04810135516714631,0.18797227972011327,0.6314482397467955,-0.07915477122903702
5329,73782135,g,2,0.29711300254216455,0.09233492604284899,0.09233492604284899,0.4832445714090361,0.29711300254216455
5330,73782135,i,12,-1.188539981537323,0.06594718604122862,0.1254829352688689,37.23436485941926,-1.188539981537323
5331,73782135,r,4,-1.0958553512562745,0.0963622063370313,0.2877167799228616,16.643908920285956,-1.0958553512562745
5332,7390336,g,7,0.34998598776036316,0.04486994447662046,0.19087278515634665,1.2644827064229898,0.34998598776036316
5333,7390336,i,3,-0.9775585100080859,0.15355303344289184,0.33613091041739074,23.288630852745143,-0.9775585100080859
5334,73911552,i,8,-1.0017841912532601,0.10621209295198641,0.17825925625739203,21.415709316069254,-1.0017841912532601
5335,73911552,r,7,-0.5265163441791847,0.09480501129384367,0.14059567142904228,2.8717231970279467,-0.5265163441791847
5336,73956630,g,2,1.0825188506889747,0.00844339425329943,0.008443394253299319,5.838997727629733,1.0825188506889747
5337,73956630,i,7,0.1862745250591002,0.16815257485972507,0.3422177173305857,2.066359662265525,0.1862745250591002
5338,73956630,r,3,0.35639868628413696,0.03126663576253175,0.0913700657399123,3.050752471214244,0.35639868628413696
5339,73971010,i,6,0.2917667896096753,0.17582076734559268,0.42623354414732784,1.1933680929719237,0.2917667896096753
5340,73971010,r,7,0.3229318813925425,0.15551847735050284,0.28662788988190313,1.2951436289583214,0.3229318813925425
5341,73991691,g,2,0.05979725639370459,0.015646546053706745,0.015646546053706745,0.03232704084446142,0.05979725639370459
5342,73991691,i,5,-0.8175162130600077,0.05283769004812877,0.35806288475388215,23.774480369906207,-0.8175162130600077
5343,73991691,r,7,-0.7063121372949642,0.01766808143514298,0.027567982070874297,15.382397550523725,-0.7063121372949642
5344,74002055,i,9,-0.9199684447176114,0.08663063756915446,0.15078677095396154,34.09964073242845,-0.9199684447176114
5345,74002055,r,2,-0.4467768682835015,0.05520426852972993,0.05520426852972993,1.079232227893615,-0.4467768682835015
5346,74004498,g,2,0.5673552341430436,0.19207226059614924,0.1920722605961493,0.732877679816257,0.5673552341430436
5347,74004498,i,10,-0.5825359672712829,0.16210803018540731,0.35687604609047063,15.772334372122348,-0.5825359672712829
5348,74004498,r,10,-0.6411141939353491,0.1664685542291145,0.41711604671015445,11.944261351904194,-0.6411141939353491
5349,74025130,g,3,-0.4469609142352171,0.02061813904189347,0.9515401258331615,2.6326898756082655,-0.4469609142352171
5350,74025130,i,8,-0.9613941705188986,0.10902417630404676,0.2206399190143863,25.99314974797719,-0.9613941705188986
5351,74025130,r,11,-0.536998509645643,0.10210598769506529,0.5307957604998954,12.339943247453677,-0.536998509645643
5352,74045889,g,2,-0.3007487235982937,0.02381884439191212,0.023818844391912175,0.5436183416582814,-0.3007487235982937
5353,74045889,i,5,-0.7766659860701246,0.1719423505121932,0.24036722384192533,22.79433515258932,-0.7766659860701246
5354,74045889,r,7,-0.9003404851035651,0.1278240519440127,0.3741469084850302,9.356588725933813,-0.9003404851035651
5355,74142924,g,2,-0.17065614027190878,0.02126491948405207,0.02126491948405207,0.11145220848083057,-0.17065614027190878
5356,74142924,i,8,-1.3726274231695053,0.05500566086152392,0.0980830835835611,60.3624932428785,-1.3726274231695053
5357,74142924,r,7,-1.4351794087047707,0.04317650714425203,0.07405347894642067,36.30931251724979,-1.4351794087047707
5358,7437976,i,5,-1.5093875568684598,0.05500866385872194,0.12051411585422711,67.53113382765808,-1.5093875568684598
5359,7437976,r,5,-1.153018272030809,0.0197441333679802,0.0259628511463168,29.280534992386784,-1.153018272030809
5360,7453067,g,2,-0.6760447319668981,0.03916708519964712,0.03916708519964718,2.946801889916629,-0.6760447319668981
5361,7453067,i,3,-1.4100925084940763,0.047524739441789254,0.11916319137229792,59.82868964723172,-1.4100925084940763
5362,7453067,r,6,-1.008715857789966,0.12605866069820493,0.2220614879115933,19.440884969390194,-1.008715857789966
5363,7455731,i,14,-1.7530189097705904,0.08042269217979381,0.19313264276056397,76.27557180115102,-1.7530189097705904
5364,7455731,r,9,-1.4193274406333543,0.07198820841625397,0.13891480602272432,29.401810291314973,-1.4193274406333543
5365,7460930,g,4,-0.117053732320232,0.29658978576054906,0.614243405492574,1.0606258192818743,-0.117053732320232
5366,7460930,i,2,-0.30460933313650684,0.2400226502791477,0.2400226502791477,14.194712533571078,-0.30460933313650684
5367,7460930,r,4,-0.36328189390434407,0.2930741051870862,0.5053179558178357,8.57315890008389,-0.36328189390434407
5368,7460930,u,2,0.738956010119318,0.14876414423043288,0.14876414423043294,1.0442553795138563,0.738956010119318
5369,7477777,i,19,-0.9434839621239373,0.1167700525316282,0.38258600422508593,31.20885578361446,-0.9434839621239373
5370,7477777,r,20,-0.5789257220877075,0.19189326931003003,0.48078989908536685,6.39817358988224,-0.5789257220877075
5371,7530732,i,4,-0.939166420541969,0.11985444002330325,0.23484280531693458,48.7049888184093,-0.939166420541969
5372,7530732,r,7,-0.9215020352745436,0.08379412168323008,0.3186226626427531,15.8942666984061,-0.9215020352745436
5373,7537290,g,4,0.21417116961905003,0.154164564297527,0.40616713562616247,0.7592166851260612,0.21417116961905003
5374,7537290,i,14,-0.22559586097365975,0.11594100920767818,0.22299685655866308,5.626440128319041,-0.22559586097365975
5375,7537290,r,13,-0.10138551773174398,0.07511430958646692,0.2807422697190838,1.9627492831167714,-0.10138551773174398
5376,7537290,u,2,0.8686826816771335,0.0183162688110291,0.018316268811029213,1.6302632094995095,0.8686826816771335
5377,7587587,g,4,0.05241177494016491,0.012159135953734357,0.14488869011477487,0.9904969302429965,0.05241177494016491
5378,7587587,i,11,-0.34439824423660914,0.1665723442557996,0.43185753951598677,8.8049105614332,-0.34439824423660914
5379,7587587,r,11,-0.5214014508548004,0.08441584732810059,0.6155171602771136,6.414763401237471,-0.5214014508548004
5380,7617537,g,2,-0.3040000574461694,0.014891804359020488,0.014891804359020488,1.2991454023502789,-0.3040000574461694
5381,7617537,i,4,-0.8118055444610897,0.06171317127678522,0.12782594758728605,14.819918543494287,-0.8118055444610897
5382,7617537,r,5,-0.7024946201908353,0.02321876117871191,0.03789099488840264,20.696295390768753,-0.7024946201908353
5383,7649505,g,4,0.07702486598917244,0.13648025932305868,0.5284679287323027,2.70996945488955,0.07702486598917244
5384,7649505,i,2,-0.5069191772621678,0.12387896555840569,0.12387896555840572,7.323941742936715,-0.5069191772621678
5385,7649505,r,6,0.15946952221412936,0.12890378862664614,0.20627944828869593,1.2923800454608434,0.15946952221412936
5386,7652333,g,3,-0.02313477864006397,0.31673558158898485,0.6681361836031485,1.436790829389064,-0.02313477864006397
5387,7652333,i,5,0.6942289229071954,0.02250548710081912,0.8325687998771917,5.821870106012726,0.6942289229071954
5388,7652333,r,6,0.29143506245145173,0.10236222596569611,0.3856233418437002,1.8654629880467386,0.29143506245145173
5389,767131,g,6,0.22685719933774823,0.12695559997013928,0.22545068543840568,1.5569208867615913,0.22685719933774823
5390,767131,i,14,0.008819270591238992,0.26226639979899574,0.47519011247348963,2.2383950580239285,0.008819270591238992
5391,767131,r,13,-0.18372686229823343,0.23605923127496364,0.48966104230253693,3.9899203875591343,-0.18372686229823343
5392,7706598,i,3,-1.2124415770715349,0.09782473428082716,0.19954940831489898,30.52692173857807,-1.2124415770715349
5393,7706598,r,9,-1.346441829495432,0.08887134585115031,0.15788717110073125,24.19151292439708,-1.346441829495432
5394,7733457,g,4,0.21064095101036445,0.2846104085065555,0.3802753898675958,0.7957893792065212,0.21064095101036445
5395,7733457,i,12,-1.7954459794803168,0.04373728619232553,0.19777736862821027,69.00436976658706,-1.7954459794803168
5396,7733457,r,11,-1.5200457932459315,0.23293263936703634,0.4801472638785742,22.375875636640924,-1.5200457932459315
5397,7905641,i,11,-1.1931607878171469,0.0949939985913566,0.20767914631867912,52.92942052795262,-1.1931607878171469
5398,7905641,r,2,-0.6393281483800716,0.17801573594488077,0.17801573594488074,10.002107426516886,-0.6393281483800716
5399,7937690,i,16,-1.3560885857339984,0.07133639789286716,0.18416820349746899,46.88397387688387,-1.3560885857339984
5400,7937690,r,6,-1.458039467127426,0.06786154421787471,0.10921065604334501,31.72923821298802,-1.458039467127426
5401,7954435,g,7,0.3628592522484311,0.05847586628120327,0.4100848346668289,0.26610627898985645,0.3628592522484311
5402,7954435,i,11,-0.2028928244672954,0.16495038497037706,0.21296453820009686,3.1146897973052514,-0.2028928244672954
5403,7954435,r,9,0.03434881641155285,0.12733826791623615,0.3473555875635166,0.658357759086218,0.03434881641155285
5404,7961743,g,3,0.8654018739391084,0.003367472351844314,0.05282382129316532,4.510718464923311,0.8654018739391084
5405,7961743,i,4,0.48628569305451963,0.24350454583774495,0.46102005859743,5.072613513941347,0.48628569305451963
5406,7961743,r,5,0.16905713175614134,0.05804236964112475,0.18748477311701767,4.759296080953978,0.16905713175614134
5407,8034441,g,2,-0.23502192561015306,0.03202437633694005,0.032024376336940025,0.34078008001502297,-0.23502192561015306
5408,8034441,i,11,-0.7005189464947861,0.10937792130486657,0.39923754104048836,17.053203915755102,-0.7005189464947861
5409,8034441,r,6,-0.026300767405254222,0.07897169437376306,0.14412822299537775,2.4716928581319775,-0.026300767405254222
5410,808819,g,4,-0.38720693193875705,0.07757735616105116,0.1459956909094688,1.0505674819089805,-0.38720693193875705
5411,808819,i,8,-0.7646204645060273,0.038056078153574535,0.07109072980554543,11.962186086088302,-0.7646204645060273
5412,808819,r,10,-0.7776808083683119,0.11603530166904763,0.37157004724846543,9.10020111831347,-0.7776808083683119
5413,8101065,g,3,0.4371240725115415,0.6449115308226321,0.6610813691678148,1.7243614855407234,0.4371240725115415
5414,8101065,i,11,-1.0040852035586738,0.24435325500483795,0.40039520890131497,40.065751647405214,-1.0040852035586738
5415,8101065,r,9,-0.8849942929223746,0.25028683058427237,0.5268344638021247,12.223379100533826,-0.8849942929223746
5416,8114268,g,5,-0.2697774942226399,0.10180894282181607,0.10427685152273608,1.1994471888771194,-0.2697774942226399
5417,8114268,i,5,-0.588517269432165,0.1642043750328776,0.2528165894961737,13.53646565228507,-0.588517269432165
5418,8114268,r,8,-0.48821864123156233,0.08852514235344366,0.1685238123406167,9.885643982688572,-0.48821864123156233
5419,8120365,i,6,-1.0131462567048604,0.1115053559279282,0.4945181216682124,34.0938199883251,-1.0131462567048604
5420,8120365,r,7,-0.7148409930073036,0.041541679154636024,0.09574582519648989,11.467483122539903,-0.7148409930073036
5421,8133952,g,2,0.6525174722064151,0.40136506894771706,0.4013650689477171,1.3807288595471399,0.6525174722064151
5422,8133952,i,6,-0.4720673843098728,0.17364972373247184,0.3029657828996485,12.834799555654739,-0.4720673843098728
5423,8133952,r,8,0.005335669951022991,0.272699720620388,0.4259329725955866,1.5526324855038323,0.005335669951022991
5424,8136862,i,6,-1.7409399330473678,0.03363381125126785,0.06979637509935999,101.15948628994376,-1.7409399330473678
5425,8136862,r,6,-1.4006327144045174,0.07390749429987187,0.14799438193145997,19.878433040711283,-1.4006327144045174
5426,8174884,g,2,0.7822110025003935,0.12267630260639428,0.12267630260639417,1.993837083531869,0.7822110025003935
5427,8174884,i,7,-1.0262369412497723,0.06341717733031949,0.24669607011185146,36.70779933551042,-1.0262369412497723
5428,8174884,r,5,-0.4530510025807222,0.30278399578751103,0.4310262553631734,9.586034863573486,-0.4530510025807222
5429,8247042,i,9,-2.18084347783427,0.08715119782927738,0.1711700980192763,107.34884178030832,-2.18084347783427
5430,8247042,r,7,-1.8380454463960652,0.1007570345703579,0.1393929720016276,70.41450955926307,-1.8380454463960652
5431,82509,g,5,-0.32751252025997757,0.025459537286487643,0.1364511683051955,0.8193129017672316,-0.32751252025997757
5432,82509,i,7,-0.9435405198377205,0.055824876844563276,0.10436625985819559,19.741656018827303,-0.9435405198377205
5433,82509,r,9,-1.0680274042052267,0.06782054469407295,0.09403161018910056,19.327938969796218,-1.0680274042052267
5434,8294740,i,6,-0.8610247087016794,0.2596042290913189,0.4740820491152604,28.179606110342277,-0.8610247087016794
5435,8294740,r,6,-1.0474974292644066,0.21432774553477718,0.6333275944217458,14.9012358437046,-1.0474974292644066
5436,8295334,i,7,-1.0921282363193852,0.19533511033696016,0.2541506783486165,26.61070995046018,-1.0921282363193852
5437,8295334,r,4,-1.2531391776424985,0.06524452444534556,0.15556439614689377,16.49100608471081,-1.2531391776424985
5438,8385620,i,7,-1.1637102195754478,0.05523793949279665,0.09241737328415223,52.78715437841996,-1.1637102195754478
5439,8385620,r,4,-0.9068060935316984,0.06579471350894645,0.10223148362145007,16.439234857832314,-0.9068060935316984
5440,8398063,g,3,-0.1497850813349172,0.23357969536055034,0.38640803379791844,0.4607933305967489,-0.1497850813349172
5441,8398063,i,5,-1.129450704572383,0.07343913373885891,0.08357653781140861,34.971830575431255,-1.129450704572383
5442,8398063,r,2,-0.5615552254067001,0.4930798839093714,0.49307988390937146,11.939890352982765,-0.5615552254067001
5443,8412179,g,3,-0.4843334607477745,0.14609316723366494,0.15606397896614688,0.8220490069115168,-0.4843334607477745
5444,8412179,i,3,-1.540523400776868,0.128080624042473,0.14675238696413095,50.85449767716681,-1.540523400776868
5445,8412179,r,8,-1.575800850469423,0.08508039646473098,0.1788522332821536,34.1020194139616,-1.575800850469423
5446,841416,i,6,-0.9528965335656998,0.11781648781685183,0.25590933960896944,39.753377949831346,-0.9528965335656998
5447,841416,r,7,-0.7352300664378701,0.1531611285793535,0.30760139997604696,16.93752464344467,-0.7352300664378701
5448,8430277,g,3,-0.26166678348450445,0.09401573284552756,0.3028173853550598,0.8372372449317621,-0.26166678348450445
5449,8430277,i,6,-0.3447281995938022,0.09088103456048968,0.15075966833253085,6.932213973863406,-0.3447281995938022
5450,8430277,r,7,-0.4043311263387981,0.09186434834885748,0.17786908792479955,3.7651958083434693,-0.4043311263387981
5451,8496362,i,8,-0.5102558736201829,0.1617372126779856,0.3054902108039865,6.87926235065512,-0.5102558736201829
5452,8496362,r,11,-0.1247681693791686,0.23620525036011522,0.4238687944555048,1.0423292946377936,-0.1247681693791686
5453,8542308,g,2,-0.34440717245113506,0.20735251664605103,0.20735251664605103,1.5951765617812121,-0.34440717245113506
5454,8542308,i,8,-1.3367899485697996,0.1205768765336448,0.24861170332839633,73.69847564594306,-1.3367899485697996
5455,8542308,r,11,-1.1500950716788592,0.07164560306217105,0.15662783859127383,39.514004254704695,-1.1500950716788592
5456,8574662,i,9,-1.2222972561740637,0.042433254746200744,0.11452569684646163,34.893350207552714,-1.2222972561740637
5457,8574662,r,5,-1.1389335816013417,0.11640855912771264,0.22135182970705736,15.885648963069812,-1.1389335816013417
5458,865433,i,4,-1.02540551643462,0.1932698485114116,0.35964009267252617,24.374001076833427,-1.02540551643462
5459,865433,r,6,-1.2414298490009776,0.09918398256773309,0.18336308839833082,34.10591382065147,-1.2414298490009776
5460,8666711,g,5,-0.5227582838809931,0.07254144757639225,0.2312432763954237,0.6915416616456201,-0.5227582838809931
5461,8666711,i,8,-1.1479997500552332,0.13555525765051568,0.2301915371385732,36.55930775666779,-1.1479997500552332
5462,8666711,r,9,-0.897085182071655,0.14184494582870655,0.21681215916314,14.153239341824268,-0.897085182071655
5463,8677780,i,7,-0.13856028310594515,0.10692025044399356,0.20352207638712833,0.7242976194731799,-0.13856028310594515
5464,8677780,r,8,0.06656575626783301,0.15216752007620749,0.2762227724803367,0.16834471185035602,0.06656575626783301
5465,8779475,i,9,-1.0878441452730407,0.04623596723710621,0.0882534617090518,73.65023557081389,-1.0878441452730407
5466,8779475,r,7,-1.0473636575001914,0.01433888442273168,0.0185320842787009,35.93975121826146,-1.0473636575001914
5467,8781567,i,8,-0.49896085097014015,0.13494554543526532,0.2651470350280489,8.681922583266434,-0.49896085097014015
5468,8781567,r,3,-0.4256000816613267,0.11553797392089638,0.24475453693908028,2.110920440767889,-0.4256000816613267
5469,878615,i,9,-0.7771768173072922,0.236028821146261,0.3534636080355018,26.029574381065157,-0.7771768173072922
5470,878615,r,6,-0.5059216675166696,0.21507221525734607,0.5629788987469094,16.001519498776542,-0.5059216675166696
5471,8803307,g,2,-0.46320384778052526,0.029416727431187728,0.029416727431187728,0.8770639030576954,-0.46320384778052526
5472,8803307,i,6,-1.177058807895044,0.09055302868325954,0.15760890702307973,32.462487199217755,-1.177058807895044
5473,8803307,r,7,-0.9265371856088769,0.10566423254646717,0.22337125373490685,12.032376624602863,-0.9265371856088769
5474,8817098,g,2,-0.5534299904966591,0.019206065136089467,0.019206065136089467,1.3303539992206144,-0.5534299904966591
5475,8817098,i,6,-0.7615773973835047,0.23913398299477767,0.4407123897980336,13.251756267079172,-0.7615773973835047
5476,8817098,r,8,-0.9227284524805579,0.05663006736075227,0.11776806776857185,15.411541002141554,-0.9227284524805579
5477,8820167,g,2,0.5248228967104582,0.031172975683334325,0.031172975683334325,0.505192806366305,0.5248228967104582
5478,8820167,i,5,-0.28502416951713705,0.06331349805341868,0.10240510765366195,1.7361379755426996,-0.28502416951713705
5479,8820167,r,4,-0.18868832355175053,0.03642792251591426,0.049762119459934834,0.22145604913747982,-0.18868832355175053
5480,8886077,i,9,-1.634059304008575,0.06886950953059667,0.4072051679265034,32.85465277928458,-1.634059304008575
5481,8886077,r,4,-1.2995641780026042,0.11366685152811407,0.20703867216203387,13.582161804615328,-1.2995641780026042
5482,8924153,g,4,0.6597502227874872,0.34143317336531526,0.6440315899754804,1.9251810558663185,0.6597502227874872
5483,8924153,i,7,-0.3725185498085431,0.20786567623919233,0.34433686691316406,11.701815401541536,-0.3725185498085431
5484,8924153,r,5,-0.060096209692275915,0.5337614415885148,0.5967782076955597,4.97260144041799,-0.060096209692275915
5485,8964686,g,4,-0.41183839176067066,0.01771613308726505,0.02612148085097854,1.0109010003714853,-0.41183839176067066
5486,8964686,i,4,-0.8784977628161443,0.11852278308662129,0.23097118958389262,18.023750198033028,-0.8784977628161443
5487,8964686,r,6,-1.0425226804638852,0.014838564194574744,0.023956680547380316,27.86559418361129,-1.0425226804638852
5488,8968722,g,4,0.4715231374658212,0.1234890611282769,0.2928770054248809,0.8485342638863992,0.4715231374658212
5489,8968722,i,9,-1.3223220599814143,0.1116259166484681,0.30696126921928424,65.09610479723995,-1.3223220599814143
5490,8968722,r,7,-0.6116783114634842,0.1364755558939561,0.2045921602712324,4.037302813272332,-0.6116783114634842
5491,8980490,g,3,-0.19330721710546622,0.014661816901115066,0.20117163318606068,0.18561476285059894,-0.19330721710546622
5492,8980490,i,6,-0.5696248494289662,0.2270414532327209,0.390943789792801,8.169459425725439,-0.5696248494289662
5493,8980490,r,7,-0.5716896677220877,0.09270611869279077,0.22687413074366164,3.585482095889861,-0.5716896677220877
5494,8991964,g,5,-0.4617763025547087,0.020421462094225573,0.02679871707105763,0.8329178220851488,-0.4617763025547087
5495,8991964,i,6,-1.7306029133065122,0.04246614854015984,0.09228342501773512,133.58016023877397,-1.7306029133065122
5496,8991964,r,7,-1.698026636110475,0.054650818414143654,0.11285618739522874,59.15016049071308,-1.698026636110475
5497,8997061,i,12,-1.130503217606877,0.15345092280883688,0.27739728777889405,37.052011932256214,-1.130503217606877
5498,8997061,r,11,-0.9300422397891215,0.08950329014044711,0.2004757502913337,14.745057493428629,-0.9300422397891215
5499,8999605,g,3,0.5033581574463861,0.01366052099834425,0.021228084557590954,0.8850273819733186,0.5033581574463861
5500,8999605,i,3,-0.42796685349613584,0.05030347696688453,0.08650500434186709,5.871713859373159,-0.42796685349613584
5501,8999605,r,8,-0.23708857681584522,0.037654370574179113,0.10689980063485449,3.3282019070622972,-0.23708857681584522
5502,9002396,g,3,-0.2173506377915923,0.07184026162488316,0.08427410008693945,1.0949901600604388,-0.2173506377915923
5503,9002396,i,4,-0.8998788276801437,0.22194400807534087,0.364095817246484,13.550074714926932,-0.8998788276801437
5504,9002396,r,4,-0.8885660411966669,0.03446782535662052,0.07248214809382847,21.344467776817403,-0.8885660411966669
5505,9041875,i,7,-0.07356625764911151,0.2925155735751155,0.4254145538691122,8.610240083781166,-0.07356625764911151
5506,9041875,r,4,0.3812455109349524,0.10009448170819957,0.36070682484407574,1.1235937166267302,0.3812455109349524
5507,9071905,i,10,-1.8418887985130599,0.06416519984150582,0.20852026344476382,119.15961546407428,-1.8418887985130599
5508,9071905,r,6,-1.3168333034284765,0.08862227433023961,0.14854532093535155,43.966180818806556,-1.3168333034284765
5509,9102031,i,9,-1.549820809239559,0.18777993570510776,0.4371274537962786,48.75250531433588,-1.549820809239559
5510,9102031,r,9,-1.0277947807522307,0.05700828569512839,0.3694784045353716,13.80925073612896,-1.0277947807522307
5511,9117747,g,2,0.011039175591409878,0.006257189318561229,0.006257189318561229,0.0009657880651720888,0.011039175591409878
5512,9117747,i,7,-0.5310579130444193,0.15018742005322516,0.2250885290065126,8.631073800505352,-0.5310579130444193
5513,9117747,r,5,-0.5426058622891569,0.12026663438312235,0.24978746136972863,4.259715331077017,-0.5426058622891569
5514,9161712,i,12,0.047343747440656225,0.2913022032992114,0.4834636483514569,4.960045162878667,0.047343747440656225
5515,9161712,r,8,0.1702811822843982,0.11432959124841868,0.17031848398125518,1.5958764158586294,0.1702811822843982
5516,9184543,i,4,-1.831124077633726,0.11185365208163123,0.26928230000424636,79.21899180592757,-1.831124077633726
5517,9184543,r,7,-1.4942445051119184,0.17316084383464836,0.2523266795696162,37.86526496960109,-1.4942445051119184
5518,9231242,i,6,-1.481246337864511,0.05130284077113101,0.07837583183756269,67.13993937244241,-1.481246337864511
5519,9231242,r,11,-1.1713900896640976,0.033264992743803345,0.07773377532614556,20.183448416970506,-1.1713900896640976
5520,9238775,g,3,-0.3321394236058597,0.1839625424981911,0.20381646860957486,1.1829481636211625,-0.3321394236058597
5521,9238775,i,4,-0.8280619022576587,0.11200403238001583,0.20548565806196062,20.806892132796538,-0.8280619022576587
5522,9238775,r,6,-0.5109684634068383,0.1349121722931369,0.5394300478719832,9.702582026587605,-0.5109684634068383
5523,923909,i,9,-0.6900902657454928,0.08591493128970218,0.12813040618738403,16.697803818837507,-0.6900902657454928
5524,923909,r,8,-0.6816141087697876,0.16632676699175908,0.3563031138738215,8.26648434937067,-0.6816141087697876
5525,9315044,g,2,-0.09305425342458026,0.1447424319001017,0.14474243190010166,0.37927233654821846,-0.09305425342458026
5526,9315044,i,6,-0.31182999680336776,0.15428280671778588,0.2528601522359081,5.364763993374152,-0.31182999680336776
5527,9315044,r,5,-0.21627652632327465,0.16765848173137066,0.4150505718582029,1.7837550044736499,-0.21627652632327465
5528,9370489,g,2,-0.3160485296816329,0.01043619130368767,0.01043619130368767,0.42867180604154276,-0.3160485296816329
5529,9370489,i,8,-0.6283965395879765,0.13821529083076217,0.2399880340514451,8.071989228681911,-0.6283965395879765
5530,9370489,r,8,-0.5254362573900884,0.12245570448267973,0.23525341511849246,4.403717817184464,-0.5254362573900884
5531,93843,g,2,-0.3270404533905396,0.08419904194363159,0.08419904194363159,1.151650706854763,-0.3270404533905396
5532,93843,i,7,-0.7882485647488648,0.13484358346981407,0.28097623532261207,23.020263419388716,-0.7882485647488648
5533,93843,r,7,-0.6997968148299006,0.09307282234124115,0.3176973982734894,10.349280451759194,-0.6997968148299006
5534,9394558,g,2,-0.34313464586385023,0.006800627213204624,0.006800627213204624,0.6182015346729846,-0.34313464586385023
5535,9394558,i,4,-1.0244793215637937,0.0274122915627939,0.08733882751873934,29.063453576656954,-1.0244793215637937
5536,9394558,r,7,-0.8061220011942547,0.18583621516056414,0.4765282890789736,7.278175110041501,-0.8061220011942547
5537,9420426,g,5,-0.410150562100036,0.09764568105409477,0.6814275224414155,0.7737283873392656,-0.410150562100036
5538,9420426,i,17,-1.1231132372955417,0.1039975896446994,0.2091878472082378,27.010690913090748,-1.1231132372955417
5539,9420426,r,15,-0.8886359191004716,0.18190705330851387,0.5204190263985669,12.76257722245865,-0.8886359191004716
5540,9445333,g,6,-0.2651666487767923,0.037625076382500205,0.06195912180014396,0.4726879629530083,-0.2651666487767923
5541,9445333,i,16,-0.9556024803238727,0.14582172106752556,0.25463963976890525,26.221055690528523,-0.9556024803238727
5542,9445333,r,17,-0.8043212121291685,0.07315433127160498,0.3601561847614958,9.498854391717934,-0.8043212121291685
5543,9563550,g,3,-0.7243104730984381,0.060320251063965324,0.187938833100886,1.3271031645114355,-0.7243104730984381
5544,9563550,i,6,-1.5711957106890289,0.06968943934616756,0.15667086470329328,41.52446399151059,-1.5711957106890289
5545,9563550,r,5,-1.216408914897582,0.029895196652594214,0.05063465254153665,17.43636637982578,-1.216408914897582
5546,9563871,g,2,-0.0198600883736971,0.21269097933441664,0.21269097933441666,0.15371573482851414,-0.0198600883736971
5547,9563871,i,8,-1.0113857530947308,0.11284471292793552,0.1703169952209389,17.720880032229225,-1.0113857530947308
5548,9563871,r,8,-0.9310540008503139,0.2264045234106724,0.4227923431341999,9.398603181228468,-0.9310540008503139
5549,9575336,g,2,0.6132214072822935,0.2033491878900435,0.20334918789004353,4.378332517221631,0.6132214072822935
5550,9575336,i,9,-0.10349954017511433,0.043682976949430255,0.08028725579056561,0.8923915974592214,-0.10349954017511433
5551,9575336,r,5,0.4890208815578777,0.05264392262358103,0.12015832105454105,6.88025465508276,0.4890208815578777
5552,9575336,u,4,1.6048837887493173,0.04597601318021649,0.06179938707526311,7.25496667013987,1.6048837887493173
5553,9576581,g,3,-0.25585089973389,0.0622624612383203,0.18818993817900584,0.8533450936829031,-0.25585089973389
5554,9576581,r,7,-0.302794818179285,0.045449181462704935,0.20879992207861117,1.6435182709421758,-0.302794818179285
5555,9589651,i,4,-1.3551113043755807,0.2533980126317167,0.5088542737621966,51.86821721639373,-1.3551113043755807
5556,9589651,r,6,-1.1015942391584392,0.2947566550850187,0.7489547218463306,20.74123866986032,-1.1015942391584392
5557,9636103,g,4,-0.27095456322754286,0.06209178536260215,0.09595431883240571,0.4563153501994949,-0.27095456322754286
5558,9636103,i,5,-0.9977703617199617,0.006138537816256284,0.00821838284273868,23.01902676772526,-0.9977703617199617
5559,9636103,r,3,-0.7925489055643777,0.008016300858093905,0.02470086341334743,17.65089167974976,-0.7925489055643777
5560,9650093,g,3,-0.4376153761277187,0.041367281531883515,0.20592479625511162,0.5560054650530918,-0.4376153761277187
5561,9650093,i,7,-1.427557188119379,0.2310689081359949,0.3879669566086601,39.6262103667463,-1.427557188119379
5562,9650093,r,3,-0.8753621095382398,0.27983654762516497,0.2864644741486674,17.21883250440231,-0.8753621095382398
5563,9716620,g,3,-0.31665782287536975,0.020293604638153495,0.03734977670953277,1.2976842444500478,-0.31665782287536975
5564,9716620,i,7,-0.5190201347708161,0.08756195910484832,0.2772513925273869,10.83670394571682,-0.5190201347708161
5565,9716620,r,9,-0.4303754289540991,0.03175944626364985,0.1248671165540271,7.717668136945106,-0.4303754289540991
5566,9723046,i,6,-1.628987727800062,0.19224361088520847,0.3607823754338748,56.20047627669729,-1.628987727800062
5567,9723046,r,4,-1.425805980170663,0.1628477191422153,0.33863306212142597,30.760474444567837,-1.425805980170663
5568,9755825,g,4,-0.3522474956878866,0.039191443938086074,0.08040504434984386,0.6817552751996464,-0.3522474956878866
5569,9755825,i,9,-1.2533539770065252,0.1317310834541474,0.16591603690904022,55.796837363934664,-1.2533539770065252
5570,9755825,r,9,-1.2127306444459458,0.08906791946114301,0.1464467832035523,35.22493190595711,-1.2127306444459458
5571,9809613,g,5,0.00220356649329545,0.034584550430994176,0.08262280192362093,0.020873765317680214,0.00220356649329545
5572,9809613,i,6,-0.49828718806305183,0.14294438310990842,0.2720975026375572,7.24403744160017,-0.49828718806305183
5573,9809613,r,5,-0.37798014040146544,0.08594003981051246,0.21439098695751646,3.0273147238476357,-0.37798014040146544
5574,9826616,g,6,0.33602953304308447,0.364015432604738,0.7858453960497781,1.023191851041514,0.33602953304308447
5575,9826616,i,2,0.2964627096421909,0.005517085327790494,0.005517085327790494,0.6201294170200592,0.2964627096421909
5576,9826616,r,2,0.17715978332094356,0.1881803009309841,0.18818030093098403,1.3342513208780362,0.17715978332094356
5577,9826616,u,2,1.2659442449294427,0.17909634916326755,0.17909634916326755,6.831388768666034,1.2659442449294427
5578,983989,g,5,0.24572799335546602,0.17998647652463073,0.32463102249903275,0.6098117310763346,0.24572799335546602
5579,983989,i,7,-0.19521102137611712,0.2586455282613916,0.4361770088381502,8.887568200462793,-0.19521102137611712
5580,983989,r,8,-0.041738856663388835,0.28718201580418623,0.5628625037110423,3.6714027260967432,-0.041738856663388835
5581,985289,g,3,0.20169137644931634,0.11096982987531295,0.41080185135419367,0.8441529320994521,0.20169137644931634
5582,985289,i,17,-1.5186237903596438,0.13462679306392467,0.34521450103184415,70.4675219375204,-1.5186237903596438
5583,985289,r,11,-1.2659027856488305,0.05816005067344854,0.6097292577374666,21.415015010916946,-1.2659027856488305
5584,9899913,i,4,-0.3649259925706631,0.1521123088216599,0.24873648798198983,3.8252674215757256,-0.3649259925706631
5585,9899913,r,6,-0.5132157240761224,0.10735096712665532,0.16171308065637646,6.386328187721656,-0.5132157240761224
5586,9942150,g,4,-0.1403634678950718,0.08438040456886542,0.16634422361077983,0.2341696972436646,-0.1403634678950718
5587,9942150,i,5,-0.7806088105426783,0.06434491193991387,0.1121781206815381,13.51170929381741,-0.7806088105426783
5588,9942150,r,8,-0.8067680333114338,0.060449996842716736,0.11393166146092182,12.135292019293514,-0.8067680333114338
