,MJD,Phase,Filter,ShiftedFilter,Wavelength,ShiftedWavelength,Flux,ShiftedFlux,Fluxerr,ShiftedFluxerr,Mag,ShiftedMag,Magerr,Nondetection
0,54471.3245,-9.018543073209003,UVW2,UVW2,1660.8054235714283,1660.8054235714283,7.50943462026874e-17,-1.3903804928762806,7.50943462026874e-18,0.1,21.366370468196827,-5.620453554007847,0.1,True
1,54474.7044,-5.638643073209096,UVW2,UVW2,2035.975060585714,2035.975060585714,8.340791030015438e-17,-1.3447804928762803,8.340791030015439e-18,0.1,21.252370468196826,-5.506453554007846,0.1,True
2,54476.6166,-3.7264430732102483,UVW2,UVW2,2035.975060585714,2035.975060585714,6.899335122716974e-17,-1.4271804928762801,6.899335122716974e-18,0.1,21.458370468196826,-5.712453554007846,0.1,True
3,54477.5536,-2.789443073212169,UVW2,UVW2,2035.975060585714,2035.975060585714,7.372371991691879e-17,-1.3983804928762797,7.37237199169188e-18,0.1,21.386370468196827,-5.640453554007847,0.1,True
4,54478.523,-1.8200430732103996,UVW2,UVW2,1787.267509071428,1787.267509071428,7.277919381322544e-17,-1.403980492876281,3.900964788388884e-17,0.536,21.400370468196826,-5.654453554007846,0.536,False
5,54479.5236,-0.819443073211005,UVW2,UVW2,1660.8054235714283,1660.8054235714283,7.138504547675898e-17,-1.412380492876279,7.138504547675898e-18,0.1,21.421370468196827,-5.675453554007847,0.1,True
6,54480.5271,0.1840569267878891,UVW2,UVW2,2045.3873999999998,2045.3873999999998,7.399582907430498e-17,-1.39678049287628,7.399582907430499e-18,0.1,21.382370468196825,-5.636453554007845,0.1,True
7,54481.5011,1.1580569267898682,UVW2,UVW2,2045.3873999999998,2045.3873999999998,7.338499019260781e-17,-1.4003804928762786,7.33849901926078e-18,0.1,21.391370468196826,-5.645453554007846,0.1,True
8,54483.3393,2.9962569267881918,UVW2,UVW2,2045.3873999999998,2045.3873999999998,7.086099407139391e-17,-1.4155804928762787,7.086099407139392e-18,0.1,21.429370468196826,-5.683453554007846,0.1,True
9,54484.4732,4.1301569267889136,UVW2,UVW2,1787.267509071428,1787.267509071428,7.053541737758011e-17,-1.4175804928762776,7.05354173775801e-18,0.1,21.434370468196825,-5.688453554007845,0.1,True
10,54485.4046,5.061556926790217,UVW2,UVW2,1769.788545865714,1769.788545865714,7.11225371054408e-17,-1.413980492876279,7.11225371054408e-18,0.1,21.425370468196824,-5.679453554007845,0.1,True
11,57064.5084,2584.1653569267874,UVW2,UVW2,1660.8054235714283,1660.8054235714283,1.9697324538686553e-16,-0.9715804928762815,1.9697324538686554e-17,0.1,20.319370468196826,-4.5734535540078465,0.1,True
12,57071.8974,2591.55435692679,UVW2,UVW2,1660.8054235714283,1660.8054235714283,1.1814279484412875e-16,-1.193580492876281,1.1814279484412876e-17,0.1,20.874370468196826,-5.128453554007846,0.1,True
13,57158.728,2678.3849569267913,UVW2,UVW2,1660.8054235714283,1660.8054235714283,1.775036306535819e-16,-1.016780492876281,1.775036306535819e-17,0.1,20.432370468196826,-4.686453554007846,0.1,True
14,57159.9248,2679.5817569267892,UVW2,UVW2,1660.8054235714283,1660.8054235714283,1.7734021903340745e-16,-1.0171804928762818,1.7734021903340747e-17,0.1,20.433370468196827,-4.687453554007847,0.1,True
15,57160.1938,2679.8507569267895,UVW2,UVW2,1878.7716681599995,1878.7716681599995,1.2764600896877856e-16,-1.1599804928762811,1.2764600896877856e-17,0.1,20.790370468196826,-5.044453554007847,0.1,True
16,57161.6593,2681.316256926788,UVW2,UVW2,1660.8054235714283,1660.8054235714283,1.4441331607030432e-16,-1.10638049287628,1.4441331607030432e-17,0.1,20.656370468196826,-4.910453554007846,0.1,True
17,57162.2277,2681.8846569267916,UVW2,UVW2,1660.8054235714283,1660.8054235714283,1.9391314074093229e-16,-0.9783804928762798,1.939131407409323e-17,0.1,20.336370468196826,-4.590453554007846,0.1,True
18,57162.5044,2682.1613569267865,UVW2,UVW2,1660.8054235714283,1660.8054235714283,1.344024670381209e-16,-1.13758049287628,1.3440246703812091e-17,0.1,20.734370468196825,-4.988453554007846,0.1,True
19,57164.1856,2683.8425569267856,UVW2,UVW2,1660.8054235714283,1660.8054235714283,1.067596743849791e-16,-1.2375804928762797,1.067596743849791e-17,0.1,20.984370468196825,-5.238453554007846,0.1,True
20,57164.552,2684.208956926792,UVW2,UVW2,1660.8054235714283,1660.8054235714283,1.4125610945467703e-16,-1.1159804928762806,1.4125610945467704e-17,0.1,20.680370468196827,-4.934453554007847,0.1,True
21,57166.8167,2686.4736569267916,UVW2,UVW2,1660.8054235714283,1660.8054235714283,1.3765983368698336e-16,-1.1271804928762812,1.3765983368698336e-17,0.1,20.708370468196826,-4.962453554007846,0.1,True
22,57167.5848,2687.2417569267855,UVW2,UVW2,1660.8054235714283,1660.8054235714283,1.2870850342666364e-16,-1.1563804928762806,1.2870850342666364e-17,0.1,20.781370468196826,-5.035453554007846,0.1,True
23,57167.4791,2687.1360569267854,UVW2,UVW2,1660.8054235714283,1660.8054235714283,1.5094100612247468e-16,-1.0871804928762803,1.509410061224747e-17,0.1,20.608370468196824,-4.862453554007844,0.1,True
24,57168.3446,2688.0015569267853,UVW2,UVW2,1660.8054235714283,1660.8054235714283,1.4243189109211712e-16,-1.1123804928762802,1.4243189109211712e-17,0.1,20.671370468196827,-4.925453554007847,0.1,True
25,57169.4735,2689.1304569267886,UVW2,UVW2,1660.8054235714283,1660.8054235714283,1.5617346301794684e-16,-1.072380492876281,1.5617346301794686e-17,0.1,20.571370468196825,-4.825453554007845,0.1,True
26,57170.2447,2689.9016569267915,UVW2,UVW2,1660.8054235714283,1660.8054235714283,1.5080204832048262e-16,-1.0875804928762811,1.5080204832048262e-17,0.1,20.609370468196825,-4.863453554007846,0.1,True
27,57171.1377,2690.794656926788,UVW2,UVW2,1660.8054235714283,1660.8054235714283,1.5790912990092905e-16,-1.0675804928762798,1.5790912990092905e-17,0.1,20.559370468196825,-4.813453554007845,0.1,True
28,57171.8785,2691.5354569267874,UVW2,UVW2,1660.8054235714283,1660.8054235714283,1.1857885173860605e-16,-1.1919804928762794,1.1857885173860607e-17,0.1,20.870370468196825,-5.124453554007845,0.1,True
29,57173.0984,2692.755356926791,UVW2,UVW2,1660.8054235714283,1660.8054235714283,1.5732844149161638e-16,-1.0691804928762814,1.5732844149161638e-17,0.1,20.563370468196826,-4.817453554007846,0.1,True
30,57175.4336,2695.090556926785,UVW2,UVW2,1878.7716681599995,1878.7716681599995,1.6173620201221913e-16,-1.057180492876281,1.6173620201221913e-17,0.1,20.533370468196825,-4.787453554007845,0.1,True
31,57179.0818,2698.7387569267885,UVW2,UVW2,1660.8054235714283,1660.8054235714283,2.361604896102096e-16,-0.8927804928762804,2.3616048961020963e-17,0.1,20.122370468196827,-4.376453554007847,0.1,True
32,57181.7168,2701.3737569267905,UVW2,UVW2,1660.8054235714283,1660.8054235714283,1.5094100612247468e-16,-1.0871804928762803,1.509410061224747e-17,0.1,20.608370468196824,-4.862453554007844,0.1,True
33,57183.9061,2703.5630569267887,UVW2,UVW2,1825.7196406714281,1825.7196406714281,2.4233003248502553e-16,-0.8815804928762798,2.4233003248502553e-17,0.1,20.094370468196825,-4.348453554007845,0.1,True
34,57185.0442,2704.701156926785,UVW2,UVW2,1660.8054235714283,1660.8054235714283,1.4709816006954889e-16,-1.0983804928762808,1.470981600695489e-17,0.1,20.636370468196827,-4.890453554007847,0.1,True
35,57187.2045,2706.8614569267884,UVW2,UVW2,1660.8054235714283,1660.8054235714283,1.193458276298314e-16,-1.1891804928762806,1.1934582762983142e-17,0.1,20.863370468196827,-5.117453554007847,0.1,True
36,57189.2011,2708.858056926787,UVW2,UVW2,1660.8054235714283,1660.8054235714283,1.189069502903902e-16,-1.1907804928762804,1.1890695029039021e-17,0.1,20.867370468196825,-5.121453554007845,0.1,True
37,57290.6893,2810.3462569267867,UVW2,UVW2,1660.8054235714283,1660.8054235714283,1.3049901706542277e-16,-1.1503804928762804,1.3049901706542277e-17,0.1,20.766370468196826,-5.020453554007846,0.1,True
38,54471.3299,-9.01314307321445,UVM2,UVM2,2532.6704019257136,2532.6704019257136,6.9846206005506e-17,-1.4218449128693482,6.9846206005506e-18,0.1,21.24001385632637,-5.494096942137391,0.1,True
39,54474.7087,-5.6343430732085835,UVM2,UVM2,2035.975060585714,2035.975060585714,8.397360937338103e-17,-1.3418449128693464,8.397360937338104e-18,0.1,21.04001385632637,-5.294096942137392,0.1,True
40,54476.5899,-3.7531430732124136,UVM2,UVM2,2035.975060585714,2035.975060585714,5.874120084294749e-17,-1.497044912869347,5.874120084294749e-18,0.1,21.428013856326373,-5.6820969421373935,0.1,True
41,54477.5896,-2.753443073212111,UVM2,UVM2,2035.975060585714,2035.975060585714,6.800530935210933e-17,-1.433444912869346,6.800530935210933e-18,0.1,21.26901385632637,-5.523096942137391,0.1,True
42,54478.5292,-1.8138430732142297,UVM2,UVM2,2626.4896302857137,2626.4896302857137,6.300032945033202e-17,-1.4666449128693468,6.300032945033202e-18,0.1,21.352013856326373,-5.606096942137393,0.1,True
43,54479.5276,-0.81544307321019,UVM2,UVM2,2532.6704019257136,2532.6704019257136,6.259545787009103e-17,-1.4694449128693474,6.259545787009103e-18,0.1,21.35901385632637,-5.613096942137391,0.1,True
44,54480.5301,0.18705692679213826,UVM2,UVM2,2247.9109799999997,2247.9109799999997,6.876110077165264e-17,-1.4286449128693501,6.876110077165264e-18,0.1,21.257013856326374,-5.511096942137394,0.1,True
45,54481.504,1.1609569267893676,UVM2,UVM2,2247.9109799999997,2247.9109799999997,6.738183292838459e-17,-1.4374449128693474,6.738183292838459e-18,0.1,21.279013856326372,-5.533096942137393,0.1,True
46,54483.3461,3.0030569267910323,UVM2,UVM2,2247.9109799999997,2247.9109799999997,5.895801055742234e-17,-1.4954449128693472,5.8958010557422344e-18,0.1,21.424013856326372,-5.678096942137392,0.1,True
47,54484.483,4.139956926788727,UVM2,UVM2,2122.9563575571424,2122.9563575571424,5.868712310512687e-17,-1.4974449128693461,5.868712310512687e-18,0.1,21.42901385632637,-5.683096942137391,0.1,True
48,54485.4139,5.07085692678811,UVM2,UVM2,2096.737912748571,2096.737912748571,5.944876275540538e-17,-1.4918449128693485,5.944876275540538e-18,0.1,21.41501385632637,-5.669096942137392,0.1,True
49,56636.5652,2156.222156926786,UVM2,UVM2,2247.9109799999997,2247.9109799999997,7.975222725766689e-17,-1.3642449128693475,7.975222725766689e-18,0.1,21.096013856326373,-5.350096942137393,0.1,True
50,56643.2335,2162.8904569267906,UVM2,UVM2,2247.9109799999997,2247.9109799999997,7.989927168069929e-17,-1.3634449128693493,7.98992716806993e-18,0.1,21.094013856326374,-5.348096942137394,0.1,True
51,56650.1027,2169.7596569267916,UVM2,UVM2,2247.9109799999997,2247.9109799999997,7.931271569642737e-17,-1.366644912869349,7.931271569642737e-18,0.1,21.102013856326373,-5.356096942137393,0.1,True
52,56657.3083,2176.9652569267855,UVM2,UVM2,2247.9109799999997,2247.9109799999997,7.9825715610956e-17,-1.3638449128693484,7.9825715610956e-18,0.1,21.09501385632637,-5.3490969421373915,0.1,True
53,56664.2879,2183.9448569267915,UVM2,UVM2,2247.9109799999997,2247.9109799999997,7.997289552929531e-17,-1.3630449128693467,7.997289552929531e-18,0.1,21.093013856326372,-5.347096942137393,0.1,True
54,56673.401,2193.0579569267866,UVM2,UVM2,2247.9109799999997,2247.9109799999997,8.034203364301434e-17,-1.3610449128693478,8.034203364301434e-18,0.1,21.088013856326373,-5.342096942137394,0.1,True
55,56678.7314,2198.3883569267855,UVM2,UVM2,2247.9109799999997,2247.9109799999997,7.786509549029656e-17,-1.374644912869348,7.786509549029656e-18,0.1,21.122013856326372,-5.3760969421373925,0.1,True
56,56685.4422,2205.0991569267862,UVM2,UVM2,2247.9109799999997,2247.9109799999997,8.221344001248146e-17,-1.3510449128693462,8.221344001248147e-18,0.1,21.06301385632637,-5.3170969421373915,0.1,True
57,56692.3279,2211.984856926785,UVM2,UVM2,2247.9109799999997,2247.9109799999997,8.624676624806995e-17,-1.3302449128693485,8.624676624806996e-18,0.1,21.01101385632637,-5.265096942137392,0.1,True
58,56699.3391,2218.996056926786,UVM2,UVM2,2247.9109799999997,2247.9109799999997,7.953216787340972e-17,-1.3654449128693482,7.953216787340972e-18,0.1,21.099013856326373,-5.353096942137393,0.1,True
59,56706.3671,2226.0240569267917,UVM2,UVM2,2247.9109799999997,2247.9109799999997,8.034203364301434e-17,-1.3610449128693478,8.034203364301434e-18,0.1,21.088013856326373,-5.342096942137394,0.1,True
60,56713.3445,2233.001456926788,UVM2,UVM2,2247.9109799999997,2247.9109799999997,7.497954843211979e-17,-1.391044912869349,7.49795484321198e-18,0.1,21.163013856326373,-5.417096942137393,0.1,True
61,56720.6469,2240.3038569267883,UVM2,UVM2,2247.9109799999997,2247.9109799999997,8.274520200460526e-17,-1.3482449128693492,8.274520200460527e-18,0.1,21.056013856326373,-5.310096942137394,0.1,True
62,56727.1633,2246.8202569267887,UVM2,UVM2,2247.9109799999997,2247.9109799999997,7.800866048445923e-17,-1.37384491286935,7.800866048445923e-18,0.1,21.120013856326374,-5.374096942137394,0.1,True
63,56734.2125,2253.86945692679,UVM2,UVM2,2247.9109799999997,2247.9109799999997,8.35877856848243e-17,-1.3438449128693488,8.35877856848243e-18,0.1,21.04501385632637,-5.299096942137391,0.1,True
64,56741.5899,2261.2468569267876,UVM2,UVM2,2247.9109799999997,2247.9109799999997,7.560366003033934e-17,-1.3874449128693467,7.560366003033934e-18,0.1,21.154013856326372,-5.408096942137393,0.1,True
65,56748.6095,2268.266456926787,UVM2,UVM2,2247.9109799999997,2247.9109799999997,7.967880655849186e-17,-1.36464491286935,7.967880655849186e-18,0.1,21.097013856326374,-5.351096942137394,0.1,True
66,56754.6913,2274.348256926787,UVM2,UVM2,2247.9109799999997,2247.9109799999997,7.931271569642737e-17,-1.366644912869349,7.931271569642737e-18,0.1,21.102013856326373,-5.356096942137393,0.1,True
67,56762.0831,2281.740056926792,UVM2,UVM2,2247.9109799999997,2247.9109799999997,8.274520200460526e-17,-1.3482449128693492,8.274520200460527e-18,0.1,21.056013856326373,-5.310096942137394,0.1,True
68,56769.3885,2289.0454569267895,UVM2,UVM2,2247.9109799999997,2247.9109799999997,7.829658506147696e-17,-1.3722449128693466,7.829658506147697e-18,0.1,21.116013856326372,-5.370096942137392,0.1,True
69,56780.2928,2299.9497569267915,UVM2,UVM2,2247.9109799999997,2247.9109799999997,7.836873210115448e-17,-1.3718449128693475,7.836873210115448e-18,0.1,21.11501385632637,-5.369096942137391,0.1,True
70,56784.9474,2304.604356926786,UVM2,UVM2,2247.9109799999997,2247.9109799999997,8.259292000964429e-17,-1.3490449128693474,8.259292000964428e-18,0.1,21.058013856326372,-5.3120969421373925,0.1,True
71,56790.8859,2310.5428569267897,UVM2,UVM2,2247.9109799999997,2247.9109799999997,8.213775349619396e-17,-1.3514449128693489,8.213775349619397e-18,0.1,21.064013856326373,-5.318096942137393,0.1,True
72,56797.355,2317.0119569267918,UVM2,UVM2,2247.9109799999997,2247.9109799999997,7.894830686908549e-17,-1.3686449128693479,7.89483068690855e-18,0.1,21.107013856326372,-5.361096942137392,0.1,True
73,56804.5391,2324.1960569267903,UVM2,UVM2,2247.9109799999997,2247.9109799999997,8.228919627073871e-17,-1.3506449128693472,8.228919627073871e-18,0.1,21.062013856326374,-5.316096942137394,0.1,True
74,56812.1715,2331.8284569267853,UVM2,UVM2,2247.9109799999997,2247.9109799999997,7.967880655849186e-17,-1.36464491286935,7.967880655849186e-18,0.1,21.097013856326374,-5.351096942137394,0.1,True
75,57064.5129,2584.16985692679,UVM2,UVM2,1987.7547904542853,1987.7547904542853,1.452589232364129e-16,-1.1038449128693486,1.452589232364129e-17,0.1,20.445013856326373,-4.699096942137393,0.1,True
76,57071.9027,2591.5596569267873,UVM2,UVM2,2532.6704019257136,2532.6704019257136,9.056133594637331e-17,-1.3090449128693482,9.056133594637332e-18,0.1,20.95801385632637,-5.212096942137391,0.1,True
77,57158.738,2678.394956926786,UVM2,UVM2,2532.6704019257136,2532.6704019257136,9.544272282127658e-17,-1.286244912869348,9.544272282127659e-18,0.1,20.901013856326372,-5.1550969421373924,0.1,True
78,57159.9341,2679.591056926787,UVM2,UVM2,2423.6872796314283,2423.6872796314283,9.957328166575207e-17,-1.2678449128693483,9.957328166575207e-18,0.1,20.855013856326373,-5.109096942137393,0.1,True
79,57160.199,2679.855956926789,UVM2,UVM2,2205.721035042857,2205.721035042857,1.5971393892033717e-16,-1.0626449128693487,1.5971393892033718e-17,0.1,20.34201385632637,-4.596096942137391,0.1,True
80,57161.6638,2681.3207569267906,UVM2,UVM2,2423.6872796314283,2423.6872796314283,1.1223874979668323e-16,-1.2158449128693487,1.1223874979668323e-17,0.1,20.725013856326374,-4.979096942137394,0.1,True
81,57161.4875,2681.1444569267915,UVM2,UVM2,2423.6872796314283,2423.6872796314283,1.25009443121789e-16,-1.1690449128693494,1.25009443121789e-17,0.1,20.608013856326373,-4.862096942137393,0.1,True
82,57162.2302,2681.8871569267867,UVM2,UVM2,2423.6872796314283,2423.6872796314283,1.3770281566253216e-16,-1.1270449128693496,1.3770281566253217e-17,0.1,20.503013856326373,-4.757096942137393,0.1,True
83,57162.4894,2682.146356926787,UVM2,UVM2,2423.6872796314283,2423.6872796314283,1.0837842129635642e-16,-1.2310449128693488,1.0837842129635642e-17,0.1,20.76301385632637,-5.017096942137391,0.1,True
84,57164.189,2683.845956926787,UVM2,UVM2,2532.6704019257136,2532.6704019257136,8.123493186279448e-17,-1.3562449128693483,8.123493186279448e-18,0.1,21.076013856326373,-5.330096942137393,0.1,True
85,57164.5553,2684.2122569267885,UVM2,UVM2,2532.6704019257136,2532.6704019257136,1.1422017481854434e-16,-1.2082449128693487,1.1422017481854435e-17,0.1,20.706013856326372,-4.960096942137392,0.1,True
86,57166.8543,2686.5112569267876,UVM2,UVM2,2423.6872796314283,2423.6872796314283,1.2686529116345325e-16,-1.1626449128693483,1.2686529116345325e-17,0.1,20.59201385632637,-4.846096942137391,0.1,True
87,57167.4828,2687.1397569267865,UVM2,UVM2,1987.7547904542853,1987.7547904542853,1.1495895849786801e-16,-1.205444912869348,1.1495895849786802e-17,0.1,20.69901385632637,-4.953096942137391,0.1,True
88,57168.3489,2688.005856926786,UVM2,UVM2,1987.7547904542853,1987.7547904542853,1.0758279437460718e-16,-1.2342449128693485,1.0758279437460718e-17,0.1,20.771013856326373,-5.025096942137393,0.1,True
89,57169.4774,2689.134356926792,UVM2,UVM2,1987.7547904542853,1987.7547904542853,1.16880704468899e-16,-1.1982449128693489,1.1688070446889901e-17,0.1,20.681013856326373,-4.935096942137394,0.1,True
90,57170.2491,2689.9060569267895,UVM2,UVM2,1987.7547904542853,1987.7547904542853,1.1338166245597688e-16,-1.2114449128693483,1.1338166245597688e-17,0.1,20.71401385632637,-4.968096942137391,0.1,True
91,57171.1413,2690.7982569267915,UVM2,UVM2,2423.6872796314283,2423.6872796314283,1.2306734191443324e-16,-1.1758449128693496,1.2306734191443325e-17,0.1,20.625013856326373,-4.879096942137393,0.1,True
92,57173.1058,2692.762756926786,UVM2,UVM2,2423.6872796314283,2423.6872796314283,1.1850667703394076e-16,-1.1922449128693486,1.1850667703394077e-17,0.1,20.666013856326373,-4.920096942137393,0.1,True
93,57179.0844,2698.7413569267883,UVM2,UVM2,2423.6872796314283,2423.6872796314283,2.3149564246608037e-16,-0.9014449128693478,2.314956424660804e-17,0.1,19.939013856326373,-4.193096942137393,0.1,True
94,57181.7201,2701.377056926787,UVM2,UVM2,2423.6872796314283,2423.6872796314283,1.1400996714891786e-16,-1.2090449128693486,1.1400996714891786e-17,0.1,20.70801385632637,-4.962096942137391,0.1,True
95,57185.0484,2704.705356926788,UVM2,UVM2,2423.6872796314283,2423.6872796314283,1.132772821619413e-16,-1.2118449128693491,1.1327728216194132e-17,0.1,20.715013856326372,-4.9690969421373925,0.1,True
96,57187.209,2706.865956926791,UVM2,UVM2,2532.6704019257136,2532.6704019257136,9.173663813515832e-17,-1.303444912869347,9.173663813515833e-18,0.1,20.94401385632637,-5.198096942137392,0.1,True
97,57189.2071,2708.864056926788,UVM2,UVM2,1987.7547904542853,1987.7547904542853,8.899033067219666e-17,-1.3166449128693483,8.899033067219666e-18,0.1,20.977013856326373,-5.231096942137393,0.1,True
98,57290.6929,2810.3498569267904,UVM2,UVM2,1987.7547904542853,1987.7547904542853,9.614856802824567e-17,-1.2830449128693484,9.614856802824569e-18,0.1,20.893013856326373,-5.147096942137393,0.1,True
99,54471.3176,-9.025443073209317,UVW1,UVW1,2750.636646514285,2750.636646514285,2.127050912418033e-16,-0.9382098482411525,3.6372570602348364e-17,0.171,19.670345193046245,-3.924428278857265,0.171,False
100,54474.6995,-5.643543073209003,UVW1,UVW1,2956.060309071428,2956.060309071428,2.663041198081144e-16,-0.8406098482411526,4.207605092968208e-17,0.158,19.426345193046245,-3.6804282788572653,0.158,False
101,54476.6129,-3.730143073211366,UVW1,UVW1,2956.060309071428,2956.060309071428,2.243767665318274e-16,-0.9150098482411515,3.477839881243325e-17,0.155,19.612345193046245,-3.8664282788572653,0.155,False
102,54477.5493,-2.7937430732126813,UVW1,UVW1,2956.060309071428,2956.060309071428,2.1745924965547232e-16,-0.9286098482411536,3.609823544280841e-17,0.166,19.646345193046248,-3.9004282788572677,0.166,False
103,54478.5161,-1.826943073210714,UVW1,UVW1,2794.334054528571,2794.334054528571,2.2624442438375828e-16,-0.9114098482411528,3.5972863477017566e-17,0.159,19.603345193046245,-3.857428278857265,0.159,False
104,54479.5191,-0.8239430732137407,UVW1,UVW1,2750.636646514285,2750.636646514285,2.0940058236474973e-16,-0.9450098482411526,3.4969897254913204e-17,0.167,19.687345193046248,-3.941428278857268,0.167,False
105,54480.5238,0.18075692679121858,UVW1,UVW1,2653.9657199999997,2653.9657199999997,1.657211296983115e-16,-1.046609848241152,3.364138932875723e-17,0.203,19.941345193046246,-4.195428278857266,0.203,False
106,54481.498,1.1549569267881452,UVW1,UVW1,2653.9657199999997,2653.9657199999997,1.5523079624136532e-16,-1.0750098482411534,3.2908928803169444e-17,0.212,20.012345193046247,-4.266428278857267,0.212,False
107,54482.5321,2.1890569267852698,UVW1,UVW1,1728.2005991142855,1728.2005991142855,1.4222563621429193e-16,-1.1130098482411537,3.0436286149858476e-17,0.214,20.107345193046246,-4.361428278857266,0.214,False
108,54483.8367,3.4936569267883897,UVW1,UVW1,2653.9657199999997,2653.9657199999997,5.78332881574327e-17,-1.5038098482411524,5.7833288157432704e-18,0.1,21.084345193046246,-5.338428278857267,0.1,True
109,54486.208,5.864956926787272,UVW1,UVW1,2604.7951991142854,2604.7951991142854,7.975866665583845e-17,-1.3642098482411509,2.7436981329608425e-17,0.344,20.735345193046246,-4.989428278857266,0.344,False
110,54489.7593,9.416256926786446,UVW1,UVW1,2511.1822367742857,2511.1822367742857,5.615363634705973e-17,-1.516609848241151,5.615363634705973e-18,0.1,21.116345193046246,-5.370428278857267,0.1,True
111,54490.6258,10.28275692679017,UVW1,UVW1,2511.1822367742857,2511.1822367742857,5.533219326289322e-17,-1.5230098482411503,5.5332193262893224e-18,0.1,21.132345193046245,-5.386428278857265,0.1,True
112,54491.4984,11.155356926785316,UVW1,UVW1,1940.254960585714,1940.254960585714,5.533219326289322e-17,-1.5230098482411503,5.5332193262893224e-18,0.1,21.132345193046245,-5.386428278857265,0.1,True
113,54492.6334,12.290356926787354,UVW1,UVW1,2511.1822367742857,2511.1822367742857,5.5179515791708507e-17,-1.524209848241151,5.517951579170851e-18,0.1,21.135345193046245,-5.389428278857265,0.1,True
114,54493.5057,13.162656926790078,UVW1,UVW1,2511.1822367742857,2511.1822367742857,5.548529318088379e-17,-1.521809848241153,5.548529318088379e-18,0.1,21.129345193046245,-5.383428278857265,0.1,True
115,54494.5115,14.168456926789077,UVW1,UVW1,1728.2005991142855,1728.2005991142855,5.64648118271005e-17,-1.514209848241153,5.6464811827100495e-18,0.1,21.110345193046246,-5.364428278857266,0.1,True
116,54497.5529,17.209856926790962,UVW1,UVW1,1689.4394077714283,1689.4394077714283,5.815377143109816e-17,-1.5014098482411509,5.815377143109816e-18,0.1,21.078345193046246,-5.332428278857266,0.1,True
117,54499.5245,19.181456926788087,UVW1,UVW1,1689.4394077714283,1689.4394077714283,5.683002998142581e-17,-1.5114098482411524,5.683002998142581e-18,0.1,21.103345193046245,-5.357428278857265,0.1,True
118,54501.3296,20.986556926785852,UVW1,UVW1,2653.9657199999997,2653.9657199999997,1.273438234241513e-16,-1.1610098482411537,1.2734382342415131e-17,0.1,20.227345193046247,-4.481428278857267,0.1,True
119,54505.3799,25.03685692678846,UVW1,UVW1,1689.4394077714283,1689.4394077714283,5.630900913481026e-17,-1.5154098482411538,5.630900913481026e-18,0.1,21.113345193046246,-5.3674282788572665,0.1,True
120,57064.5051,2584.1620569267907,UVW1,UVW1,2641.6535242199993,2641.6535242199993,1.6420178924880438e-16,-1.0506098482411534,1.6420178924880438e-17,0.1,19.951345193046247,-4.205428278857267,0.1,True
121,57071.8931,2591.5500569267897,UVW1,UVW1,2532.6704019257136,2532.6704019257136,9.388103852152501e-17,-1.2934098482411525,9.388103852152501e-18,0.1,20.558345193046247,-4.812428278857267,0.1,True
122,57158.7045,2678.3614569267884,UVW1,UVW1,2641.6535242199993,2641.6535242199993,1.5840828246036165e-16,-1.0662098482411526,1.5840828246036165e-17,0.1,19.990345193046245,-4.244428278857265,0.1,True
123,57159.8871,2679.5440569267885,UVW1,UVW1,2641.6535242199993,2641.6535242199993,1.2353154841886323e-16,-1.1742098482411532,1.2353154841886324e-17,0.1,20.260345193046245,-4.514428278857265,0.1,True
124,57160.1895,2679.846456926789,UVW1,UVW1,2423.6872796314283,2423.6872796314283,9.875927319957329e-17,-1.271409848241154,9.875927319957329e-18,0.1,20.503345193046247,-4.757428278857267,0.1,True
125,57161.6555,2681.3124569267893,UVW1,UVW1,2532.6704019257136,2532.6704019257136,1.1818922508037486e-16,-1.1934098482411528,1.1818922508037487e-17,0.1,20.308345193046247,-4.562428278857267,0.1,True
126,57162.2257,2681.8826569267912,UVW1,UVW1,2641.6535242199993,2641.6535242199993,1.6194885624003514e-16,-1.0566098482411537,1.6194885624003514e-17,0.1,19.966345193046248,-4.220428278857268,0.1,True
127,57163.8879,2683.54485692679,UVW1,UVW1,1663.5815120999998,1663.5815120999998,8.229584051025652e-17,-1.3506098482411542,8.229584051025652e-18,0.1,20.701345193046247,-4.955428278857267,0.1,True
128,57164.5493,2684.2062569267873,UVW1,UVW1,2532.6704019257136,2532.6704019257136,1.1496824057728537e-16,-1.2054098482411533,1.1496824057728538e-17,0.1,20.338345193046248,-4.592428278857268,0.1,True
129,57166.8123,2686.4692569267863,UVW1,UVW1,2532.6704019257136,2532.6704019257136,1.125583932925167e-16,-1.2146098482411531,1.125583932925167e-17,0.1,20.361345193046247,-4.615428278857268,0.1,True
130,57167.238,2686.894956926786,UVW1,UVW1,2532.6704019257136,2532.6704019257136,1.0858701259916562e-16,-1.2302098482411523,3.290186481754718e-17,0.303,20.400345193046245,-4.6544282788572655,0.303,False
131,57167.476,2687.132956926791,UVW1,UVW1,2532.6704019257136,2532.6704019257136,1.2375931165367377e-16,-1.1734098482411532,1.2375931165367378e-17,0.1,20.258345193046246,-4.512428278857266,0.1,True
132,57168.341,2687.997956926789,UVW1,UVW1,2641.6535242199993,2641.6535242199993,1.168901417149859e-16,-1.198209848241154,1.1689014171498591e-17,0.1,20.320345193046247,-4.574428278857267,0.1,True
133,57169.4703,2689.1272569267894,UVW1,UVW1,2641.6535242199993,2641.6535242199993,1.2899648758634168e-16,-1.1554098482411543,1.2899648758634168e-17,0.1,20.213345193046248,-4.467428278857268,0.1,True
134,57170.2412,2689.8981569267853,UVW1,UVW1,2641.6535242199993,2641.6535242199993,1.2455979510381137e-16,-1.1706098482411527,1.2455979510381137e-17,0.1,20.251345193046244,-4.505428278857265,0.1,True
135,57171.1347,2690.791656926791,UVW1,UVW1,2532.6704019257136,2532.6704019257136,1.305503033093298e-16,-1.1502098482411522,1.305503033093298e-17,0.1,20.200345193046246,-4.454428278857266,0.1,True
136,57171.6959,2691.3528569267874,UVW1,UVW1,2532.6704019257136,2532.6704019257136,9.006952764492261e-17,-1.3114098482411531,9.006952764492262e-18,0.1,20.603345193046245,-4.857428278857265,0.1,True
137,57173.0924,2692.74935692679,UVW1,UVW1,2641.6535242199993,2641.6535242199993,1.3359121051656347e-16,-1.1402098482411542,1.3359121051656348e-17,0.1,20.175345193046248,-4.429428278857268,0.1,True
138,57175.428,2695.0849569267884,UVW1,UVW1,2423.6872796314283,2423.6872796314283,1.3334535292538209e-16,-1.1410098482411524,1.333453529253821e-17,0.1,20.177345193046246,-4.4314282788572665,0.1,True
139,57179.0792,2698.7361569267887,UVW1,UVW1,2532.6704019257136,2532.6704019257136,2.1192289846318859e-16,-0.9398098482411523,2.119228984631886e-17,0.1,19.674345193046246,-3.9284282788572664,0.1,True
140,57180.9788,2700.6357569267857,UVW1,UVW1,2532.6704019257136,2532.6704019257136,1.1742968209475486e-16,-1.1962098482411516,1.1742968209475487e-17,0.1,20.315345193046245,-4.569428278857265,0.1,True
141,57183.9095,2703.56645692679,UVW1,UVW1,2446.820740671428,2446.820740671428,1.2027569778532607e-16,-1.1858098482411528,1.2027569778532609e-17,0.1,20.289345193046245,-4.543428278857265,0.1,True
142,57185.0408,2704.697756926791,UVW1,UVW1,2641.6535242199993,2641.6535242199993,1.2341782403815416e-16,-1.1746098482411522,1.2341782403815416e-17,0.1,20.261345193046246,-4.515428278857266,0.1,True
143,57187.2007,2706.85765692679,UVW1,UVW1,2532.6704019257136,2532.6704019257136,9.7944010977998e-17,-1.2750098482411527,9.7944010977998e-18,0.1,20.512345193046247,-4.766428278857267,0.1,True
144,57189.1961,2708.8530569267896,UVW1,UVW1,2641.6535242199993,2641.6535242199993,9.830551555655496e-17,-1.2734098482411529,9.830551555655496e-18,0.1,20.508345193046246,-4.762428278857266,0.1,True
145,57290.6864,2810.3433569267872,UVW1,UVW1,2641.6535242199993,2641.6535242199993,1.0611527042430183e-16,-1.2402098482411539,1.0611527042430184e-17,0.1,20.425345193046248,-4.679428278857268,0.1,True
146,54471.3193,-9.023743073208607,U,U,3295.552257985714,3295.552257985714,7.06848321526249e-16,-0.41666150233850985,6.078895565125741e-17,0.086,17.688040677582027,-1.942123763393047,0.086,False
147,54474.701,-5.642043073210516,U,U,3416.102933314285,3416.102933314285,8.004352960487702e-16,-0.3626615023385078,6.803700016414546e-17,0.085,17.553040677582025,-1.8071237633930455,0.085,False
148,54476.6146,-3.7284430732106557,U,U,3416.102933314285,3416.102933314285,8.145659107147802e-16,-0.3550615023385095,6.435070694646764e-17,0.079,17.534040677582027,-1.7881237633930471,0.079,False
149,54477.5505,-2.792543073213892,U,U,3416.102933314285,3416.102933314285,7.996984072984358e-16,-0.36306150233850865,6.47755709911733e-17,0.081,17.554040677582027,-1.8081237633930467,0.081,False
150,54478.5181,-1.8249430732103065,U,U,3297.8673272571423,3297.8673272571423,7.960241268722513e-16,-0.3650615023385093,6.447795427665235e-17,0.081,17.559040677582026,-1.8131237633930457,0.081,False
151,54479.5205,-0.8225430732127279,U,U,3295.552257985714,3295.552257985714,7.246465536187215e-16,-0.4058615023385084,6.014566395035389e-17,0.083,17.661040677582026,-1.915123763393046,0.083,False
152,54480.5248,0.18175692678778432,U,U,3627.2879999999996,3627.2879999999996,6.602770937810738e-16,-0.44626150233850836,5.744410715895342e-17,0.087,17.762040677582025,-2.016123763393045,0.087,False
153,54481.499,1.155956926791987,U,U,3627.2879999999996,3627.2879999999996,6.139404257882844e-16,-0.4778615023385093,5.52546383209456e-17,0.09,17.841040677582026,-2.0951237633930457,0.09,False
154,54482.5361,2.1930569267860847,U,U,3713.956947171428,3713.956947171428,5.29329661841655e-16,-0.5422615023385084,4.8698328889432256e-17,0.092,18.002040677582027,-2.256123763393047,0.092,False
155,54483.8441,3.501056926790625,U,U,3627.2879999999996,3627.2879999999996,2.6045112103498745e-16,-0.8502615023385083,3.6202705823863257e-17,0.139,18.772040677582027,-3.0261237633930467,0.139,False
156,54486.2156,5.872556926791731,U,U,3520.150990457142,3520.150990457142,2.6972812353647363e-16,-0.8350615023385082,3.5873840430350997e-17,0.133,18.734040677582026,-2.9881237633930464,0.133,False
157,54489.7657,9.422656926792115,U,U,3790.6029614485715,3790.6029614485715,1.4012842189134242e-16,-1.119461502338508,3.026773912852996e-17,0.216,19.445040677582025,-3.699123763393045,0.216,False
158,54490.6316,10.28855692678917,U,U,3790.6029614485715,3790.6029614485715,1.1698393645092066e-16,-1.1978615023385082,2.9012016239828325e-17,0.248,19.641040677582026,-3.8951237633930464,0.248,False
159,54491.5039,11.160856926791894,U,U,3711.4885817999993,3711.4885817999993,1.0857409825001295e-16,-1.230261502338509,2.8772136036253436e-17,0.265,19.722040677582026,-3.976123763393046,0.265,False
160,54492.6395,12.29645692678605,U,U,3790.6029614485715,3790.6029614485715,8.474737031617423e-17,-1.3378615023385105,2.7712390093388974e-17,0.327,19.991040677582028,-4.245123763393048,0.327,False
161,54493.4386,13.095556926789868,U,U,3790.6029614485715,3790.6029614485715,8.274204130877163e-17,-1.3482615023385076,2.77185838384385e-17,0.335,20.017040677582028,-4.271123763393048,0.335,False
162,54494.544,14.20095692679024,U,U,3713.956947171428,3713.956947171428,7.567043508708176e-17,-1.3870615023385096,2.777104967695901e-17,0.367,20.114040677582025,-4.368123763393045,0.367,False
163,54495.516,15.172956926791812,U,U,3101.2350058285715,3101.2350058285715,6.548264768122378e-17,-1.4498615023385089,2.783012526452011e-17,0.425,20.271040677582025,-4.5251237633930455,0.425,False
164,54496.1141,15.771056926787423,U,U,3101.2350058285715,3101.2350058285715,6.731722906077156e-17,-1.4378615023385084,2.807128451834174e-17,0.417,20.241040677582028,-4.495123763393048,0.417,False
165,54497.5289,17.185856926786073,U,U,3520.150990457142,3520.150990457142,6.560338234253687e-17,-1.4490615023385072,2.7750230730893094e-17,0.423,20.269040677582026,-4.523123763393047,0.423,False
166,54498.3927,18.049656926785246,U,U,3101.2350058285715,3101.2350058285715,6.224811878707668e-17,-1.4718615023385073,6.224811878707668e-18,0.1,20.326040677582025,-4.580123763393045,0.1,True
167,54499.5304,19.187356926791836,U,U,3520.150990457142,3520.150990457142,6.2076358283797e-17,-1.473061502338508,6.2076358283797e-18,0.1,20.329040677582025,-4.583123763393045,0.1,True
168,54500.4659,20.122856926791428,U,U,3105.1413318,3105.1413318,6.259306685287042e-17,-1.4694615023385094,6.259306685287042e-18,0.1,20.320040677582025,-4.574123763393045,0.1,True
169,54504.347,24.003956926790124,U,U,3408.341112754286,3408.341112754286,6.542236369992435e-17,-1.450261502338508,6.542236369992435e-18,0.1,20.272040677582027,-4.526123763393047,0.1,True
170,54505.3867,25.0436569267913,U,U,3520.150990457142,3520.150990457142,6.542236369992435e-17,-1.450261502338508,6.542236369992435e-18,0.1,20.272040677582027,-4.526123763393047,0.1,True
171,54506.354,26.010956926787912,U,U,3408.341112754286,3408.341112754286,6.578490184979418e-17,-1.44786150233851,6.5784901849794185e-18,0.1,20.266040677582026,-4.5201237633930464,0.1,True
172,54507.3955,27.052456926787272,U,U,3408.341112754286,3408.341112754286,6.352230241811852e-17,-1.46306150233851,6.352230241811852e-18,0.1,20.304040677582027,-4.558123763393047,0.1,True
173,54508.6648,28.321756926787202,U,U,3839.1844592914285,3839.1844592914285,6.464370371388748e-17,-1.45546150233851,6.464370371388748e-18,0.1,20.285040677582028,-4.539123763393048,0.1,True
174,54509.3659,29.022856926785607,U,U,3408.341112754286,3408.341112754286,6.464370371388748e-17,-1.45546150233851,6.464370371388748e-18,0.1,20.285040677582028,-4.539123763393048,0.1,True
175,54511.4151,31.0720569267869,U,U,3105.1413318,3105.1413318,6.323044394963734e-17,-1.465061502338509,6.3230443949637344e-18,0.1,20.309040677582026,-4.563123763393046,0.1,True
176,54513.2857,32.94265692678891,U,U,3839.1844592914285,3839.1844592914285,6.06074805891145e-17,-1.4834615023385087,6.060748058911451e-18,0.1,20.355040677582025,-4.609123763393045,0.1,True
177,54519.2737,38.93065692678647,U,U,3105.1413318,3105.1413318,6.021798665067566e-17,-1.4862615023385093,6.021798665067566e-18,0.1,20.362040677582026,-4.6161237633930465,0.1,True
178,57064.5062,2584.163156926792,U,U,3295.552257985714,3295.552257985714,1.6862665730862982e-16,-1.0390615023385088,1.686266573086298e-17,0.1,19.244040677582028,-3.498123763393048,0.1,True
179,57071.8945,2591.5514569267907,U,U,3295.552257985714,3295.552257985714,9.570314968358872e-17,-1.2850615023385092,9.570314968358873e-18,0.1,19.859040677582026,-4.113123763393046,0.1,True
180,57158.7247,2678.3816569267874,U,U,3186.569135691428,3186.569135691428,1.5084337160687526e-16,-1.0874615023385097,1.5084337160687525e-17,0.1,19.365040677582027,-3.6191237633930466,0.1,True
181,57159.9215,2679.5784569267853,U,U,3295.552257985714,3295.552257985714,1.516792704306068e-16,-1.0850615023385082,1.516792704306068e-17,0.1,19.359040677582026,-3.6131237633930464,0.1,True
182,57160.1912,2679.8481569267897,U,U,3295.552257985714,3295.552257985714,1.0330616295165023e-16,-1.2518615023385102,1.0330616295165023e-17,0.1,19.776040677582028,-4.030123763393048,0.1,True
183,57161.6568,2681.3137569267856,U,U,3295.552257985714,3295.552257985714,1.2159794377486514e-16,-1.1810615023385083,1.2159794377486514e-17,0.1,19.599040677582025,-3.853123763393045,0.1,True
184,57162.2264,2681.883356926788,U,U,3186.569135691428,3186.569135691428,1.7160353542558503e-16,-1.0314615023385088,1.7160353542558504e-17,0.1,19.225040677582026,-3.479123763393046,0.1,True
185,57163.889,2683.5459569267914,U,U,3304.4975120999998,3304.4975120999998,8.553152807900846e-17,-1.3338615023385092,8.553152807900846e-18,0.1,19.981040677582026,-4.235123763393046,0.1,True
186,57164.55,2684.2069569267915,U,U,3295.552257985714,3295.552257985714,1.190491313970469e-16,-1.19026150233851,1.190491313970469e-17,0.1,19.622040677582028,-3.876123763393048,0.1,True
187,57166.8136,2686.47055692679,U,U,3295.552257985714,3295.552257985714,1.1580471205953684e-16,-1.2022615023385086,1.1580471205953685e-17,0.1,19.652040677582026,-3.9061237633930457,0.1,True
188,57167.4773,2687.134256926787,U,U,3295.552257985714,3295.552257985714,1.2862524975883455e-16,-1.1566615023385083,1.2862524975883455e-17,0.1,19.538040677582025,-3.792123763393045,0.1,True
189,57168.0369,2687.6938569267877,U,U,3295.552257985714,3295.552257985714,1.3271690066511558e-16,-1.143061502338508,1.3271690066511558e-17,0.1,19.504040677582026,-3.758123763393046,0.1,True
190,57168.3425,2687.9994569267874,U,U,3295.552257985714,3295.552257985714,1.2272307569577267e-16,-1.1770615023385087,1.2272307569577268e-17,0.1,19.589040677582027,-3.843123763393047,0.1,True
191,57169.4713,2689.128256926786,U,U,3295.552257985714,3295.552257985714,1.3605867304922622e-16,-1.1322615023385083,1.3605867304922623e-17,0.1,19.477040677582025,-3.731123763393045,0.1,True
192,57170.2422,2689.899156926789,U,U,3295.552257985714,3295.552257985714,1.3065505920273002e-16,-1.1498615023385081,1.3065505920273003e-17,0.1,19.521040677582025,-3.7751237633930455,0.1,True
193,57171.1357,2690.7926569267875,U,U,3295.552257985714,3295.552257985714,1.3543354023085947e-16,-1.134261502338509,1.3543354023085947e-17,0.1,19.482040677582027,-3.7361237633930475,0.1,True
194,57172.2959,2691.952856926786,U,U,3627.2879999999996,3627.2879999999996,1.290999966702743e-16,-1.1550615023385085,1.290999966702743e-17,0.1,19.534040677582027,-3.788123763393047,0.1,True
195,57173.0944,2692.7513569267903,U,U,3295.552257985714,3295.552257985714,1.4090494380133732e-16,-1.11706150233851,1.4090494380133733e-17,0.1,19.439040677582028,-3.6931237633930483,0.1,True
196,57175.4299,2695.0868569267914,U,U,3295.552257985714,3295.552257985714,1.3922788667029112e-16,-1.1222615023385085,1.3922788667029114e-17,0.1,19.452040677582026,-3.7061237633930464,0.1,True
197,57179.08,2698.7369569267903,U,U,3295.552257985714,3295.552257985714,2.302110846577034e-16,-0.9038615023385095,2.302110846577034e-17,0.1,18.906040677582027,-3.160123763393047,0.1,True
198,57181.7148,2701.37175692679,U,U,3295.552257985714,3295.552257985714,1.402575443914637e-16,-1.1190615023385089,1.4025754439146373e-17,0.1,19.444040677582027,-3.6981237633930473,0.1,True
199,57183.9051,2703.562056926792,U,U,3689.022940671428,3689.022940671428,1.4233976060319377e-16,-1.1126615023385078,1.4233976060319376e-17,0.1,19.428040677582025,-3.6821237633930455,0.1,True
200,57185.0422,2704.699156926792,U,U,3295.552257985714,3295.552257985714,1.3543354023085947e-16,-1.134261502338509,1.3543354023085947e-17,0.1,19.482040677582027,-3.7361237633930475,0.1,True
201,57187.2019,2706.8588569267886,U,U,3295.552257985714,3295.552257985714,1.0807524558211989e-16,-1.232261502338508,1.0807524558211989e-17,0.1,19.727040677582025,-3.981123763393045,0.1,True
202,57189.1978,2708.8547569267903,U,U,3295.552257985714,3295.552257985714,1.0767781420825002e-16,-1.2338615023385096,1.0767781420825003e-17,0.1,19.731040677582026,-3.9851237633930463,0.1,True
203,57290.6874,2810.344356926791,U,U,3295.552257985714,3295.552257985714,1.1192477527364047e-16,-1.2170615023385096,1.1192477527364048e-17,0.1,19.689040677582028,-3.9431237633930483,0.1,True
204,54471.3206,-9.022443073212344,B,B,4276.400358634284,4276.400358634284,1.101755179488996e-15,-0.22390263254420617,8.593690400014169e-17,0.078,16.78028545441221,-1.0343685402232285,0.078,False
205,54474.702,-5.64104307321395,B,B,4336.188181799999,4336.188181799999,1.3667374694029294e-15,-0.13030263254420582,1.025053102052197e-16,0.075,16.546285454412207,-0.8003685402232268,0.075,False
206,54476.6157,-3.72734307320934,B,B,4796.230806042857,4796.230806042857,1.3844749455841023e-15,-0.12470263254420644,9.829772113647125e-17,0.071,16.532285454412207,-0.7863685402232274,0.071,False
207,54477.5513,-2.791743073212274,B,B,4796.230806042857,4796.230806042857,1.4037349105948918e-15,-0.11870263254420621,9.966517865223731e-17,0.071,16.517285454412207,-0.7713685402232269,0.071,False
208,54478.5195,-1.8235430732092937,B,B,4640.622721199999,4640.622721199999,1.4483886098482099e-15,-0.10510263254420593,1.013872026893747e-16,0.07,16.483285454412208,-0.737368540223228,0.07,False
209,54479.5214,-0.8216430732136359,B,B,4385.383480928571,4385.383480928571,1.4337885268902214e-15,-0.10950263254420634,1.0036519688231551e-16,0.07,16.494285454412207,-0.7483685402232272,0.07,False
210,54480.5255,0.1824569267919287,B,B,4413.2004,4413.2004,1.4232628084082154e-15,-0.11270263254420776,1.0105165939698328e-16,0.071,16.50228545441221,-0.7563685402232299,0.071,False
211,54481.4996,1.1565569267913816,B,B,4413.2004,4413.2004,1.3743112476263458e-15,-0.12790263254420786,9.895040982909688e-17,0.072,16.54028545441221,-0.7943685402232301,0.072,False
212,54482.5377,2.194656926789321,B,B,4375.875729857143,4375.875729857143,1.2896893123632626e-15,-0.1555026325442075,9.28576304901549e-17,0.072,16.60928545441221,-0.8633685402232292,0.072,False
213,54483.8473,3.5042569267898216,B,B,4413.2004,4413.2004,7.778307369889963e-16,-0.3751026325442073,7.000476632900967e-17,0.09,17.15828545441221,-1.4123685402232287,0.09,False
214,54486.2189,5.875856926788401,B,B,4435.506781799999,4435.506781799999,9.394747255066148e-16,-0.29310263254420654,7.609745276603579e-17,0.081,16.953285454412207,-1.2073685402232268,0.081,False
215,54489.7685,9.425456926786865,B,B,4643.550111231429,4643.550111231429,6.505566204414954e-16,-0.45270263254420584,6.245343556238356e-17,0.096,17.352285454412208,-1.6063685402232277,0.096,False
216,54490.6341,10.291056926791498,B,B,4643.550111231429,4643.550111231429,5.702760080404288e-16,-0.5099026325442058,5.816815282012373e-17,0.102,17.49528545441221,-1.7493685402232284,0.102,False
217,54491.5063,11.163256926789472,B,B,4419.982030285713,4419.982030285713,5.317225769529786e-16,-0.540302632544206,5.636259315701573e-17,0.106,17.57128545441221,-1.825368540223229,0.106,False
218,54492.6421,12.299056926785852,B,B,4643.550111231429,4643.550111231429,4.880733568527641e-16,-0.5775026325442063,5.417614261065682e-17,0.111,17.66428545441221,-1.918368540223229,0.111,False
219,54493.4402,13.097156926785829,B,B,4643.550111231429,4643.550111231429,4.661064372289838e-16,-0.5975026325442077,5.360224028133314e-17,0.115,17.71428545441221,-1.9683685402232296,0.115,False
220,54494.5461,14.203056926788122,B,B,4706.8351212,4706.8351212,4.333962017314885e-16,-0.6291026325442068,5.2440940409510107e-17,0.121,17.79328545441221,-2.0473685402232302,0.121,False
221,54495.5206,15.177556926792022,B,B,4626.331617737143,4626.331617737143,3.6990065544145444e-16,-0.6979026325442064,4.9566687829154896e-17,0.134,17.965285454412207,-2.2193685402232273,0.134,False
222,54496.1181,15.775056926788238,B,B,4626.331617737143,4626.331617737143,3.757379839996182e-16,-0.6911026325442062,5.0348889855948844e-17,0.134,17.948285454412208,-2.202368540223228,0.134,False
223,54497.5314,17.1883569267884,B,B,4435.506781799999,4435.506781799999,3.385985553692716e-16,-0.7363026325442057,4.943538908391365e-17,0.146,18.061285454412207,-2.3153685402232274,0.146,False
224,54498.3993,18.056256926785863,B,B,4626.331617737143,4626.331617737143,3.339528090250759e-16,-0.7423026325442059,4.7421298881560776e-17,0.142,18.076285454412208,-2.330368540223228,0.142,False
225,54499.5329,19.189856926786888,B,B,4435.506781799999,4435.506781799999,2.8792879577093187e-16,-0.8067026325442068,4.635653611912003e-17,0.161,18.23728545441221,-2.4913685402232293,0.161,False
226,54500.4718,20.1287569267879,B,B,4621.034378982857,4621.034378982857,3.122375286496669e-16,-0.7715026325442071,4.652339176880037e-17,0.149,18.149285454412208,-2.4033685402232283,0.149,False
227,54504.3827,24.039656926790485,B,B,4700.871152365714,4700.871152365714,2.957229983354238e-16,-0.7951026325442072,4.938574072201578e-17,0.167,18.20828545441221,-2.4623685402232294,0.167,False
228,54505.4872,25.144156926791766,B,B,4435.506781799999,4435.506781799999,2.7069803352022493e-16,-0.8335026325442065,4.953774013420116e-17,0.183,18.30428545441221,-2.5583685402232295,0.183,False
229,54506.3569,26.013856926787412,B,B,4700.871152365714,4700.871152365714,2.346848749047551e-16,-0.8955026325442059,4.459012623190347e-17,0.19,18.459285454412207,-2.713368540223227,0.19,False
230,54507.3997,27.05665692679031,B,B,4700.871152365714,4700.871152365714,2.0877817687821076e-16,-0.9463026325442065,4.27995262600332e-17,0.205,18.58628545441221,-2.8403685402232295,0.205,False
231,54508.6674,28.324356926787004,B,B,4700.871152365714,4700.871152365714,2.475626374414983e-16,-0.8723026325442067,4.480883737691119e-17,0.181,18.401285454412207,-2.655368540223227,0.181,False
232,54509.3693,29.026256926787028,B,B,4700.871152365714,4700.871152365714,2.3729309500461966e-16,-0.8907026325442065,4.4373808765863874e-17,0.187,18.44728545441221,-2.70136854022323,0.187,False
233,54511.4178,31.07475692679145,B,B,4621.034378982857,4621.034378982857,2.251568171908595e-16,-0.9135026325442066,4.323010890064502e-17,0.192,18.50428545441221,-2.7583685402232287,0.192,False
234,54513.1172,32.774156926789146,B,B,4700.871152365714,4700.871152365714,2.446161355282134e-16,-0.877502632544207,4.403090439507841e-17,0.18,18.41428545441221,-2.668368540223229,0.18,False
235,54517.1685,36.82545692678832,B,B,3957.985708422857,3957.985708422857,2.0421380664439187e-16,-0.9559026325442055,4.186383036210033e-17,0.205,18.610285454412207,-2.864368540223227,0.205,False
236,54519.5127,39.169656926787866,B,B,4621.034378982857,4621.034378982857,2.3339153527882294e-16,-0.8979026325442057,4.6211523985206946e-17,0.198,18.465285454412207,-2.7193685402232273,0.198,False
237,54521.9011,41.55805692679132,B,B,4562.791402148571,4562.791402148571,2.8345563880026717e-16,-0.813502632544207,2.834556388002672e-17,0.1,18.25428545441221,-2.5083685402232287,0.1,True
238,57064.5067,2584.1636569267866,B,B,4385.383480928571,4385.383480928571,2.003019147437011e-16,-0.9643026325442055,2.0030191474370113e-17,0.1,18.631285454412208,-2.8853685402232276,0.1,True
239,57071.8952,2591.5521569267876,B,B,4385.383480928571,4385.383480928571,1.244185400254016e-16,-1.1711026325442067,1.2441854002540159e-17,0.1,19.148285454412207,-3.402368540223227,0.1,True
240,57158.7257,2678.3826569267912,B,B,4385.383480928571,4385.383480928571,1.879685108719156e-16,-0.9919026325442051,1.8796851087191563e-17,0.1,18.700285454412207,-2.9543685402232267,0.1,True
241,57159.9225,2679.579456926789,B,B,4385.383480928571,4385.383480928571,1.90232668858572e-16,-0.9867026325442065,1.9023266885857203e-17,0.1,18.68728545441221,-2.9413685402232286,0.1,True
242,57160.192,2679.8489569267913,B,B,4385.383480928571,4385.383480928571,1.3405564323575834e-16,-1.1387026325442058,1.3405564323575835e-17,0.1,19.067285454412207,-3.3213685402232276,0.1,True
243,57161.6574,2681.314356926785,B,B,4385.383480928571,4385.383480928571,1.550547591960538e-16,-1.0755026325442074,1.5505475919605383e-17,0.1,18.90928545441221,-3.16336854022323,0.1,True
244,57162.2267,2681.883656926788,B,B,4385.383480928571,4385.383480928571,2.1462736852393256e-16,-0.9343026325442061,2.1462736852393257e-17,0.1,18.55628545441221,-2.8103685402232284,0.1,True
245,57163.8896,2683.546556926791,B,B,4772.6855121,4772.6855121,1.145209918845358e-16,-1.2071026325442062,1.145209918845358e-17,0.1,19.238285454412207,-3.492368540223227,0.1,True
246,57164.5505,2684.207456926786,B,B,4385.383480928571,4385.383480928571,1.5320929031045516e-16,-1.080702632544206,1.5320929031045516e-17,0.1,18.922285454412208,-3.176368540223228,0.1,True
247,57166.8143,2686.4712569267867,B,B,4385.383480928571,4385.383480928571,1.499978730494613e-16,-1.0899026325442058,1.499978730494613e-17,0.1,18.945285454412208,-3.1993685402232277,0.1,True
248,57167.4779,2687.1348569267866,B,B,4385.383480928571,4385.383480928571,1.6553319625517938e-16,-1.047102632544206,1.6553319625517937e-17,0.1,18.83828545441221,-3.0923685402232284,0.1,True
249,57168.3431,2688.000056926787,B,B,4385.383480928571,4385.383480928571,1.5793744239390563e-16,-1.0675026325442065,1.5793744239390565e-17,0.1,18.889285454412207,-3.1433685402232268,0.1,True
250,57169.4718,2689.128756926788,B,B,4385.383480928571,4385.383480928571,1.7445567474025016e-16,-1.0243026325442077,1.744556747402502e-17,0.1,18.78128545441221,-3.0353685402232298,0.1,True
251,57170.2428,2689.8997569267885,B,B,4385.383480928571,4385.383480928571,1.6768148090493868e-16,-1.0415026325442067,1.6768148090493868e-17,0.1,18.82428545441221,-3.078368540223229,0.1,True
252,57171.1362,2690.7931569267894,B,B,4385.383480928571,4385.383480928571,1.731749619395375e-16,-1.0275026325442074,1.731749619395375e-17,0.1,18.78928545441221,-3.043368540223229,0.1,True
253,57173.0954,2692.752356926787,B,B,4385.383480928571,4385.383480928571,1.7835492279790936e-16,-1.014702632544207,1.7835492279790938e-17,0.1,18.75728545441221,-3.011368540223229,0.1,True
254,57175.4308,2695.0877569267905,B,B,4385.383480928571,4385.383480928571,1.7884841713535334e-16,-1.0135026325442063,1.7884841713535334e-17,0.1,18.75428545441221,-3.0083685402232287,0.1,True
255,57179.0805,2698.737456926785,B,B,4385.383480928571,4385.383480928571,2.8845966901553543e-16,-0.8059026325442051,2.8845966901553547e-17,0.1,18.235285454412207,-2.489368540223227,0.1,True
256,57181.7153,2701.372256926792,B,B,4385.383480928571,4385.383480928571,1.818381904383322e-16,-1.006302632544207,1.818381904383322e-17,0.1,18.736285454412208,-2.990368540223228,0.1,True
257,57183.9057,2703.5626569267915,B,B,4398.852769242856,4398.852769242856,1.8368982519167224e-16,-1.0019026325442066,1.8368982519167226e-17,0.1,18.72528545441221,-2.979368540223229,0.1,True
258,57185.0429,2704.699856926789,B,B,4385.383480928571,4385.383480928571,1.759078015169162e-16,-1.0207026325442072,1.759078015169162e-17,0.1,18.77228545441221,-3.0263685402232294,0.1,True
259,57187.2026,2706.8595569267854,B,B,4276.400358634284,4276.400358634284,1.4430623663406525e-16,-1.1067026325442075,1.4430623663406525e-17,0.1,18.98728545441221,-3.2413685402232293,0.1,True
260,57189.1986,2708.855556926792,B,B,4385.383480928571,4385.383480928571,1.4298322910428724e-16,-1.1107026325442053,1.4298322910428724e-17,0.1,18.997285454412207,-3.2513685402232273,0.1,True
261,57290.6879,2810.3448569267857,B,B,4385.383480928571,4385.383480928571,1.461790384649901e-16,-1.1011026325442064,1.461790384649901e-17,0.1,18.97328545441221,-3.22736854022323,0.1,True
262,54470.4849,-9.858143073208339,B,B,3440.367680502857,3440.367680502857,1.0178530933997195e-15,-0.25830263254420593,1.832135568119495e-17,0.018,16.866285454412207,-1.120368540223227,0.018,False
263,54474.44575,-5.897293073212495,B,B,4336.188181799999,4336.188181799999,1.287315803608575e-15,-0.15630263254420562,2.05970528577372e-17,0.016,16.611285454412208,-0.8653685402232281,0.016,False
264,54475.41519,-4.927853073211736,B,B,4147.678641325714,4147.678641325714,1.3246010679551472e-15,-0.1439026325442061,2.1193617087282357e-17,0.016,16.580285454412206,-0.8343685402232257,0.016,False
265,54476.44191,-3.901133073210076,B,B,4796.230806042857,4796.230806042857,1.3617114863736223e-15,-0.13190263254420564,2.1787383781977957e-17,0.016,16.550285454412208,-0.8043685402232281,0.016,False
266,54477.36835,-2.974693073214439,B,B,4796.230806042857,4796.230806042857,1.3755776181587756e-15,-0.12750263254420702,2.200924189054041e-17,0.016,16.53928545441221,-0.7933685402232289,0.016,False
267,54478.39779,-1.9452530732087325,B,B,4640.622721199999,4640.622721199999,1.362966246751222e-15,-0.13150263254420658,2.180745994801955e-17,0.016,16.549285454412207,-0.8033685402232269,0.016,False
268,54480.39863,0.05558692679187516,B,B,4413.2004,4413.2004,1.3028220516741164e-15,-0.1511026325442053,2.0845152826785864e-17,0.016,16.598285454412206,-0.8523685402232264,0.016,False
269,54481.51614,1.1730969267882756,B,B,4413.2004,4413.2004,1.2896893123632626e-15,-0.1555026325442075,2.06350289978122e-17,0.016,16.60928545441221,-0.8633685402232292,0.016,False
270,54482.44583,2.102786926785484,B,B,4375.875729857143,4375.875729857143,1.2125093628583584e-15,-0.18230263254420542,1.9400149805733735e-17,0.016,16.676285454412206,-0.9303685402232258,0.016,False
271,54483.28662,2.9435769267875003,B,B,4413.2004,4413.2004,1.1697285791841524e-15,-0.19790263254420637,1.9885385846130592e-17,0.017,16.715285454412207,-0.9693685402232273,0.017,False
272,54484.37214,4.029096926788043,B,B,4640.622721199999,4640.622721199999,1.0926601411582906e-15,-0.22750263254420666,1.8575222399690942e-17,0.017,16.78928545441221,-1.043368540223229,0.017,False
273,54485.41593,5.072886926791398,B,B,4603.349725517142,4603.349725517142,9.8375080525026e-16,-0.2731026325442052,1.7707514494504677e-17,0.018,16.903285454412206,-1.157368540223226,0.018,False
274,54494.47464,14.131596926788916,B,B,4706.8351212,4706.8351212,3.487266203266437e-16,-0.7235026325442053,1.3949064813065748e-17,0.04,18.029285454412207,-2.2833685402232273,0.04,False
275,54495.37244,15.02939692678774,B,B,4626.331617737143,4626.331617737143,3.4267711416538916e-16,-0.7311026325442072,9.937636310796286e-18,0.029,18.04828545441221,-2.3023685402232292,0.029,False
276,54496.34629,16.00324692678987,B,B,4626.331617737143,4626.331617737143,3.260506729169806e-16,-0.7527026325442066,9.781520187509417e-18,0.03,18.102285454412208,-2.3563685402232277,0.03,False
277,54497.40503,17.06198692679027,B,B,4435.506781799999,4435.506781799999,2.871343172254926e-16,-0.8079026325442058,1.234677564069618e-17,0.043,18.240285454412206,-2.494368540223226,0.043,False
278,54498.31737,17.97432692678558,B,B,4626.331617737143,4626.331617737143,2.979100132779514e-16,-0.7919026325442058,1.0128940451450349e-17,0.034,18.200285454412207,-2.4543685402232267,0.034,False
279,54499.35969,19.016646926786052,B,B,4435.506781799999,4435.506781799999,2.674761730572213e-16,-0.8387026325442068,9.629142230059965e-18,0.036,18.317285454412207,-2.5713685402232276,0.036,False
280,54502.44801,22.10496692678862,B,B,3932.0259237942855,3932.0259237942855,2.318916447143178e-16,-0.9007026325442062,8.811882499144075e-18,0.038,18.47228545441221,-2.7263685402232287,0.038,False
281,54503.35462,23.011576926786802,B,B,3932.0259237942855,3932.0259237942855,2.047788505222168e-16,-0.9547026325442065,9.010269422977539e-18,0.044,18.607285454412207,-2.8613685402232267,0.044,False
282,54504.38009,24.037046926787298,B,B,4700.871152365714,4700.871152365714,2.109041380259485e-16,-0.9419026325442061,9.068877935115785e-18,0.043,18.575285454412207,-2.8293685402232267,0.043,False
283,54505.42428,25.081236926787824,B,B,4435.506781799999,4435.506781799999,2.1861758921919497e-16,-0.926302632544207,9.619173925644579e-18,0.044,18.53628545441221,-2.7903685402232288,0.044,False
284,54507.22459,26.88154692678654,B,B,4700.871152365714,4700.871152365714,1.950226713086091e-16,-0.9759026325442068,9.361088222813237e-18,0.048,18.660285454412207,-2.9143685402232276,0.048,False
285,54509.285,28.941956926792045,B,B,4700.871152365714,4700.871152365714,1.9682719386859853e-16,-0.9719026325442055,9.054050917955532e-18,0.046,18.650285454412206,-2.904368540223226,0.046,False
286,54510.17176,29.828716926786,B,B,4147.678641325714,4147.678641325714,2.0327552943180502e-16,-0.9579026325442062,1.097687858931747e-17,0.054,18.615285454412206,-2.869368540223226,0.054,False
287,54520.26501,39.921966926791356,B,B,4147.678641325714,4147.678641325714,1.681454426505566e-16,-1.040302632544206,9.752435673732283e-18,0.058,18.82128545441221,-3.075368540223229,0.058,False
288,54523.25317,42.910126926792145,B,B,4147.678641325714,4147.678641325714,1.66911054482303e-16,-1.0435026325442056,9.347019051008968e-18,0.056,18.829285454412208,-3.083368540223228,0.056,False
289,54524.28575,43.94270692679129,B,B,4147.678641325714,4147.678641325714,1.5434234728988853e-16,-1.0775026325442063,8.797513795523647e-18,0.057,18.91428545441221,-3.168368540223229,0.057,False
290,54531.14281,50.799766926786106,B,B,4147.678641325714,4147.678641325714,1.4780363019233567e-16,-1.0963026325442051,8.720414181347803e-18,0.059,18.961285454412206,-3.215368540223226,0.059,False
291,54536.16857,55.82552692679019,B,B,3932.0259237942855,3932.0259237942855,1.5534064384640687e-16,-1.0747026325442057,8.543735411552378e-18,0.055,18.907285454412207,-3.1613685402232274,0.055,False
292,54537.162,56.81895692678518,B,B,4147.678641325714,4147.678641325714,1.3209461117812077e-16,-1.145102632544205,8.45405511539973e-18,0.064,19.083285454412206,-3.337368540223226,0.064,False
293,54539.12879,58.785746926791035,B,B,4147.678641325714,4147.678641325714,1.5069023177366288e-16,-1.087902632544207,9.342794369967099e-18,0.062,18.94028545441221,-3.1943685402232287,0.062,False
294,54547.11476,66.7717169267853,B,B,3440.367680502857,3440.367680502857,1.7429506909881718e-16,-1.0247026325442068,1.0109114007731397e-17,0.058,18.782285454412207,-3.0363685402232274,0.058,False
295,54553.13621,72.79316692678549,B,B,3932.0259237942855,3932.0259237942855,1.2814011247542104e-16,-1.1583026325442063,8.969807873279474e-18,0.07,19.116285454412207,-3.370368540223227,0.07,False
296,54558.11259,77.76954692678555,B,B,3440.367680502857,3440.367680502857,1.3160885199692663e-16,-1.1467026325442067,9.212619639784865e-18,0.07,19.087285454412207,-3.341368540223227,0.07,False
297,54569.14075,88.79770692678721,B,B,3957.985708422857,3957.985708422857,1.1431023059945105e-16,-1.2079026325442062,1.0402230984550045e-17,0.091,19.240285454412206,-3.494368540223226,0.091,False
298,54572.17755,91.83450692678889,B,B,3932.0259237942855,3932.0259237942855,1.5278654171461602e-16,-1.0819026325442067,1.1458990628596202e-17,0.075,18.925285454412208,-3.179368540223228,0.075,False
299,54579.13353,98.79048692678771,B,B,4147.678641325714,4147.678641325714,1.0687720820778029e-16,-1.2371026325442056,8.657053864830204e-18,0.081,19.313285454412206,-3.5673685402232262,0.081,False
300,54583.14883,102.80578692678682,B,B,3932.0259237942855,3932.0259237942855,1.0856381614023614e-16,-1.2303026325442055,9.227924371920073e-18,0.085,19.296285454412207,-3.550368540223227,0.085,False
301,54585.17736,104.83431692679005,B,B,3440.367680502857,3440.367680502857,9.334371917344707e-17,-1.2959026325442071,8.027559848916447e-18,0.086,19.460285454412208,-3.7143685402232283,0.086,False
302,54590.17338,109.83033692678873,B,B,3932.0259237942855,3932.0259237942855,9.774287312776264e-17,-1.2759026325442075,7.819429850221012e-18,0.08,19.410285454412207,-3.6643685402232276,0.08,False
303,54593.1657,112.8226569267863,B,B,3440.367680502857,3440.367680502857,8.205123095819871e-17,-1.351902632544208,8.041020633903474e-18,0.098,19.60028545441221,-3.854368540223229,0.098,False
304,54594.16508,113.8220369267874,B,B,3932.0259237942855,3932.0259237942855,8.152392877059737e-17,-1.354702632544205,7.09258180304197e-18,0.087,19.607285454412207,-3.8613685402232267,0.087,False
305,54597.17349,116.83044692678959,B,B,3867.7526834742857,3867.7526834742857,5.5473440360793906e-17,-1.5219026325442062,9.153117659530995e-18,0.165,20.025285454412206,-4.279368540223226,0.165,False
306,54611.16118,130.81813692679134,B,B,4413.2004,4413.2004,5.4160803771824754e-17,-1.5323026325442068,8.611567799720135e-18,0.159,20.051285454412206,-4.305368540223226,0.159,False
307,54615.1524,134.8093569267876,B,B,3932.0259237942855,3932.0259237942855,7.483161201637255e-17,-1.3919026325442072,9.503614726079313e-18,0.127,19.700285454412207,-3.9543685402232267,0.127,False
308,54471.327,-9.01604307321395,V,V,5693.180948459999,5693.180948459999,1.1594105892008967e-15,-0.2017504708254414,8.811520477926814e-17,0.076,16.25029309125258,-0.5043761770635999,0.076,False
309,54474.7069,-5.636143073214043,V,V,5256.273430285713,5256.273430285713,1.6437556649991156e-15,-0.05015047082543944,1.1670665221493719e-16,0.071,15.871293091252578,-0.1253761770635986,0.071,False
310,54476.5877,-3.7553430732150446,V,V,5256.273430285713,5256.273430285713,1.7710762636250922e-15,-0.017750470825442122,1.15119957135631e-16,0.065,15.790293091252583,-0.04437617706360264,0.065,False
311,54477.5879,-2.755143073212821,V,V,5256.273430285713,5256.273430285713,1.8959953268550992e-15,0.011849529174558171,1.2323969624558145e-16,0.065,15.716293091252581,0.02962382293639898,0.065,False
312,54478.5263,-1.816743073213729,V,V,5312.000418171428,5312.000418171428,2.048506104970781e-15,0.04544952917455802,1.290558846131592e-16,0.063,15.632293091252581,0.11362382293639861,0.063,False
313,54479.526,-0.8170430732134264,V,V,5693.180948459999,5693.180948459999,2.0923641126278972e-15,0.0546495291745579,1.3181893909555752e-16,0.063,15.609293091252582,0.1366238229363983,0.063,False
314,54480.5288,0.18575692678859923,V,V,5491.311,5491.311,2.0846697406240383e-15,0.053049529174558074,1.3341886339993845e-16,0.064,15.613293091252581,0.13262382293639874,0.064,False
315,54481.5028,1.1597569267905783,V,V,5491.311,5491.311,2.119518748716342e-15,0.06024952917455906,1.3352968116912954e-16,0.063,15.595293091252582,0.15062382293639764,0.063,False
316,54482.5392,2.1961569267878076,V,V,5203.274208214285,5203.274208214285,2.1970364521356217e-15,0.07584952917455823,1.3621626003240856e-16,0.062,15.556293091252583,0.18962382293639735,0.062,False
317,54483.8491,3.5060569267880055,V,V,5491.311,5491.311,1.3584299952300785e-15,-0.1329504708254401,9.916538965179572e-17,0.073,16.07829309125258,-0.33237617706359934,0.073,False
318,54486.2208,5.877756926791335,V,V,5350.8625731428565,5350.8625731428565,1.8803438005508807e-15,0.008249529174559456,1.2222234703580724e-16,0.065,15.725293091252581,0.02062382293639864,0.065,False
319,54489.7702,9.427156926787575,V,V,5496.497261014286,5496.497261014286,1.5368704579594511e-15,-0.07935047082544067,1.0604406159920214e-16,0.069,15.944293091252579,-0.198376177063599,0.069,False
320,54490.6358,10.292756926784932,V,V,5496.497261014286,5496.497261014286,1.4198329891348532e-15,-0.11375047082544043,9.938830923943973e-17,0.07,16.03029309125258,-0.2843761770636011,0.07,False
321,54491.5079,11.164856926785433,V,V,5482.722203014285,5482.722203014285,1.3521885763448298e-15,-0.13495047082544076,9.600538892048291e-17,0.071,16.083293091252578,-0.33737617706359835,0.071,False
322,54492.6438,12.300756926786562,V,V,5496.497261014286,5496.497261014286,1.204029873857115e-15,-0.18535047082544054,8.90982106654265e-17,0.074,16.20929309125258,-0.46337617706359957,0.074,False
323,54493.4413,13.098256926787144,V,V,5496.497261014286,5496.497261014286,1.1722959445267455e-15,-0.19695047082544015,8.79221958395059e-17,0.075,16.23829309125258,-0.4923761770635995,0.075,False
324,54494.5473,14.204256926786911,V,V,5368.753903885714,5368.753903885714,1.1082487817698075e-15,-0.22135047082544013,8.75516537598148e-17,0.079,16.29929309125258,-0.5533761770635994,0.079,False
325,54495.5109,15.167856926789682,V,V,5596.847643497142,5596.847643497142,1.0135315273199494e-15,-0.2601504708254403,8.006899065827601e-17,0.079,16.39629309125258,-0.6503761770636007,0.079,False
326,54496.1097,15.766656926789437,V,V,5458.202496959999,5458.202496959999,1.0172724021726275e-15,-0.25855047082544047,8.036451977163758e-17,0.079,16.39229309125258,-0.6463761770635994,0.079,False
327,54497.533,17.189956926791638,V,V,5350.8625731428565,5350.8625731428565,8.523878734697109e-16,-0.3353504708254409,7.586252073880427e-17,0.089,16.58429309125258,-0.8383761770635996,0.089,False
328,54498.386,18.042956926787156,V,V,5458.202496959999,5458.202496959999,8.322183021679711e-16,-0.34575047082543975,7.073855568427754e-17,0.085,16.61029309125258,-0.8643761770635994,0.085,False
329,54499.5343,19.1912569267879,V,V,5350.8625731428565,5350.8625731428565,7.947623085217587e-16,-0.3657504708254411,7.152860776695828e-17,0.09,16.66029309125258,-0.9143761770636001,0.09,False
330,54500.4599,20.116856926790206,V,V,5658.224358634285,5658.224358634285,7.947623085217587e-16,-0.3657504708254411,6.9144320841393e-17,0.087,16.66029309125258,-0.9143761770636001,0.087,False
331,54504.3421,23.999056926790217,V,V,5562.557845439999,5562.557845439999,6.255143287304058e-16,-0.4697504708254421,6.317694720177099e-17,0.101,16.92029309125258,-1.1743761770636016,0.101,False
332,54505.4881,25.145056926790858,V,V,5350.8625731428565,5350.8625731428565,5.762849296834452e-16,-0.5053504708254408,9.047673396030089e-17,0.157,17.00929309125258,-1.2633761770636003,0.157,False
333,54506.3509,26.00785692678619,V,V,5562.557845439999,5562.557845439999,6.040004505472059e-16,-0.4849504708254404,6.281604685690941e-17,0.104,16.958293091252578,-1.2123761770635983,0.104,False
334,54507.3906,27.047556926787365,V,V,5562.557845439999,5562.557845439999,5.453022160015498e-16,-0.52935047082544,5.889263932816739e-17,0.108,17.06929309125258,-1.323376177063599,0.108,False
335,54508.662,28.318956926785177,V,V,5562.557845439999,5562.557845439999,5.294650073023989e-16,-0.5421504708254403,5.930008081786868e-17,0.112,17.10129309125258,-1.355376177063599,0.112,False
336,54509.3625,29.019456926791463,V,V,5562.557845439999,5562.557845439999,5.333806577219921e-16,-0.5389504708254407,5.920525300714113e-17,0.111,17.09329309125258,-1.3473761770636,0.111,False
337,54511.4123,31.06925692679215,V,V,5658.224358634285,5658.224358634285,5.126692422361141e-16,-0.5561504708254397,5.741895513044479e-17,0.112,17.13629309125258,-1.3903761770635992,0.112,False
338,54513.1117,32.768656926789845,V,V,5562.557845439999,5562.557845439999,5.319089067358555e-16,-0.5401504708254414,5.85099797409441e-17,0.11,17.09629309125258,-1.3503761770636,0.11,False
339,54517.1628,36.819756926786795,V,V,5687.423698028571,5687.423698028571,4.355492423194309e-16,-0.6269504708254399,5.3572556805290004e-17,0.123,17.31329309125258,-1.5673761770635988,0.123,False
340,54519.5098,39.166756926788366,V,V,5259.3051356914275,5259.3051356914275,4.3755964627789113e-16,-0.624950470825441,5.907055224751531e-17,0.135,17.30829309125258,-1.5623761770635998,0.135,False
341,54521.79,41.446956926789426,V,V,5393.0169237942855,5393.0169237942855,4.076028974926404e-16,-0.655750470825442,5.258077377655061e-17,0.129,17.38529309125258,-1.6393761770636015,0.129,False
342,54537.5993,57.25625692679023,V,V,5393.0169237942855,5393.0169237942855,3.0383462361706427e-16,-0.7833504708254413,4.830970515511322e-17,0.159,17.70429309125258,-1.9583761770636006,0.159,False
343,57064.5101,2584.167056926788,V,V,5693.180948459999,5693.180948459999,2.7279553806588457e-16,-0.8301504708254406,2.727955380658846e-17,0.1,17.82129309125258,-2.0753761770636014,0.1,True
344,57071.8995,2591.556456926788,V,V,5693.180948459999,5693.180948459999,1.6256882342353414e-16,-1.0549504708254407,1.6256882342353416e-17,0.1,18.38329309125258,-2.637376177063599,0.1,True
345,57158.7304,2678.387356926789,V,V,5693.180948459999,5693.180948459999,2.2731979858957385e-16,-0.9093504708254407,2.2731979858957386e-17,0.1,18.019293091252578,-2.2733761770635983,0.1,True
346,57159.9272,2679.584156926787,V,V,5693.180948459999,5693.180948459999,2.277389230426057e-16,-0.9085504708254408,2.2773892304260572e-17,0.1,18.01729309125258,-2.2713761770635994,0.1,True
347,57160.1965,2679.8534569267867,V,V,5475.214703871427,5475.214703871427,1.8890230731855068e-16,-0.9897504708254399,1.889023073185507e-17,0.1,18.22029309125258,-2.474376177063599,0.1,True
348,57161.6611,2681.318056926786,V,V,5693.180948459999,5693.180948459999,2.0353413816893464e-16,-0.9573504708254408,2.0353413816893465e-17,0.1,18.13929309125258,-2.3933761770635993,0.1,True
349,57162.2286,2681.8855569267907,V,V,5693.180948459999,5693.180948459999,2.83293925677039e-16,-0.8137504708254415,2.83293925677039e-17,0.1,17.78029309125258,-2.034376177063601,0.1,True
350,57164.1866,2683.8435569267895,V,V,5802.164070754285,5802.164070754285,1.510209724988257e-16,-1.0869504708254407,1.510209724988257e-17,0.1,18.46329309125258,-2.717376177063601,0.1,True
351,57164.553,2684.2099569267884,V,V,5802.164070754285,5802.164070754285,2.0185395474641412e-16,-0.9609504708254413,2.0185395474641415e-17,0.1,18.14829309125258,-2.4023761770635996,0.1,True
352,57166.8185,2686.47545692679,V,V,5693.180948459999,5693.180948459999,2.0885133832377188e-16,-0.9461504708254402,2.0885133832377188e-17,0.1,18.11129309125258,-2.3653761770636006,0.1,True
353,57167.4811,2687.138056926786,V,V,5693.180948459999,5693.180948459999,2.1929930866494411e-16,-0.9249504708254399,2.1929930866494414e-17,0.1,18.05829309125258,-2.3123761770635998,0.1,True
354,57168.347,2688.00395692679,V,V,5693.180948459999,5693.180948459999,2.069365777448005e-16,-0.9501504708254398,2.069365777448005e-17,0.1,18.12129309125258,-2.3753761770635986,0.1,True
355,57169.4748,2689.131756926792,V,V,5693.180948459999,5693.180948459999,2.2669255773841233e-16,-0.9105504708254397,2.2669255773841233e-17,0.1,18.02229309125258,-2.2763761770635984,0.1,True
356,57170.2461,2689.903056926785,V,V,5693.180948459999,5693.180948459999,2.1950138383732926e-16,-0.9245504708254408,2.1950138383732927e-17,0.1,18.05729309125258,-2.3113761770635985,0.1,True
357,57171.1392,2690.7961569267864,V,V,5693.180948459999,5693.180948459999,2.2815882026293775e-16,-0.9077504708254409,2.2815882026293777e-17,0.1,18.01529309125258,-2.2693761770636005,0.1,True
358,57173.1013,2692.7582569267906,V,V,5693.180948459999,5693.180948459999,2.292119535274374e-16,-0.905750470825442,2.2921195352743744e-17,0.1,18.01029309125258,-2.2643761770636015,0.1,True
359,57175.4364,2695.0933569267872,V,V,5475.214703871427,5475.214703871427,2.391317612814058e-16,-0.8873504708254405,2.3913176128140583e-17,0.1,17.96429309125258,-2.2183761770635986,0.1,True
360,57179.0831,2698.740056926792,V,V,5693.180948459999,5693.180948459999,3.669756619891521e-16,-0.7013504708254406,3.6697566198915215e-17,0.1,17.49929309125258,-1.7533761770635987,0.1,True
361,57181.718,2701.3749569267893,V,V,5693.180948459999,5693.180948459999,2.3585075051471023e-16,-0.8933504708254407,2.3585075051471024e-17,0.1,17.97929309125258,-2.233376177063599,0.1,True
362,57185.0465,2704.7034569267853,V,V,5693.180948459999,5693.180948459999,2.264838622993099e-16,-0.9109504708254406,2.2648386229930993e-17,0.1,18.02329309125258,-2.2773761770635996,0.1,True
363,57187.2063,2706.8632569267866,V,V,5693.180948459999,5693.180948459999,1.8223729590296643e-16,-1.0053504708254408,1.8223729590296643e-17,0.1,18.25929309125258,-2.5133761770636003,0.1,True
364,57189.2036,2708.8605569267893,V,V,5693.180948459999,5693.180948459999,1.8290992117320985e-16,-1.003750470825441,1.8290992117320987e-17,0.1,18.25529309125258,-2.509376177063599,0.1,True
365,57290.6909,2810.34785692679,V,V,5693.180948459999,5693.180948459999,1.9671490278703303e-16,-0.97215047082544,1.9671490278703304e-17,0.1,18.176293091252578,-2.4303761770635983,0.1,True
366,54470.48004,-9.863003073209256,V,V,5775.744336137142,5775.744336137142,9.850023408094403e-16,-0.2725504708254416,1.6745039793760486e-17,0.017,16.427293091252583,-0.6813761770636031,0.017,False
367,54474.44089,-5.902153073213412,V,V,5256.273430285713,5256.273430285713,1.5582504557274267e-15,-0.07335047082544222,2.33737568359114e-17,0.015,15.929293091252582,-0.18337617706360199,0.015,False
368,54475.41034,-4.932703073209268,V,V,5393.0169237942855,5393.0169237942855,1.6820436530153782e-15,-0.04015047082544143,2.523065479523067e-17,0.015,15.846293091252582,-0.1003761770636018,0.015,False
369,54476.43704,-3.9060030732143787,V,V,5256.273430285713,5256.273430285713,1.7808906860271635e-15,-0.015350470825442386,2.671336029040745e-17,0.015,15.784293091252582,-0.03837617706360241,0.015,False
370,54477.36349,-2.9795530732080806,V,V,5256.273430285713,5256.273430285713,1.869981295729825e-15,0.005849529174557944,2.804971943594738e-17,0.015,15.731293091252581,0.014623822936398412,0.015,False
371,54478.39292,-1.9501230732130352,V,V,5312.000418171428,5312.000418171428,1.9981922148169604e-15,0.034649529174558324,2.9972883222254404e-17,0.015,15.659293091252582,0.08662382293639759,0.015,False
372,54480.39379,0.05074692679045256,V,V,5491.311,5491.311,2.103958952241546e-15,0.05704952917455941,2.9455425331381644e-17,0.014,15.603293091252581,0.14262382293639853,0.014,False
373,54481.51127,1.1682269267912488,V,V,5491.311,5491.311,2.06746069858747e-15,0.04944952917455936,3.101191047881205e-17,0.015,15.622293091252581,0.1236238229363984,0.015,False
374,54482.4373,2.094256926786329,V,V,5203.274208214285,5203.274208214285,2.1371611093517212e-15,0.06384952917455777,3.419457774962754e-17,0.016,15.586293091252582,0.15962382293639799,0.016,False
375,54483.28077,2.9377269267861266,V,V,5491.311,5491.311,2.0560669994936243e-15,0.04704952917455785,3.0841004992404363e-17,0.015,15.628293091252582,0.11762382293639817,0.015,False
376,54484.36659,4.023546926786366,V,V,5312.000418171428,5312.000418171428,1.9065019884779187e-15,0.014249529174559683,3.4317035792602534e-17,0.018,15.71029309125258,0.03562382293639921,0.018,False
377,54485.41038,5.0673369267897215,V,V,5693.180948459999,5693.180948459999,1.883810713999717e-15,0.009049529174557591,2.825716070999575e-17,0.015,15.723293091252582,0.02262382293639753,0.015,False
378,54494.46909,14.12604692678724,V,V,5368.753903885714,5368.753903885714,1.1435028795524384e-15,-0.20775047082544162,1.9439548952391454e-17,0.017,16.26529309125258,-0.5193761770636005,0.017,False
379,54495.36689,15.023846926786064,V,V,5596.847643497142,5596.847643497142,1.100112913427887e-15,-0.22455047082544155,1.760180661484619e-17,0.016,16.307293091252582,-0.5613761770636021,0.016,False
380,54496.34073,15.997686926792085,V,V,5458.202496959999,5458.202496959999,1.0033149015616445e-15,-0.2645504708254407,1.605303842498631e-17,0.016,16.40729309125258,-0.6613761770636,0.016,False
381,54497.40059,17.057546926786017,V,V,5350.8625731428565,5350.8625731428565,9.696997029641494e-16,-0.27935047082544173,1.939399405928299e-17,0.02,16.444293091252582,-0.6983761770636026,0.02,False
382,54498.31182,17.96877692679118,V,V,5458.202496959999,5458.202496959999,8.900968468876865e-16,-0.3165504708254421,1.5131646397090673e-17,0.017,16.537293091252582,-0.7913761770636025,0.017,False
383,54499.35413,19.011086926788266,V,V,5350.8625731428565,5350.8625731428565,8.45351373414017e-16,-0.3389504708254414,1.5216324721452305e-17,0.018,16.59329309125258,-0.8473761770635999,0.018,False
384,54502.44247,22.09942692679033,V,V,5407.000653668571,5407.000653668571,7.116021680372369e-16,-0.41375047082544114,1.2808839024670263e-17,0.018,16.78029309125258,-1.034376177063601,0.018,False
385,54503.34968,23.006636926787905,V,V,5407.000653668571,5407.000653668571,6.628835817501637e-16,-0.4445504708254422,1.259478805325311e-17,0.019,16.857293091252583,-1.1113761770636028,0.019,False
386,54504.37427,24.031226926788804,V,V,5562.557845439999,5562.557845439999,6.377306095355983e-16,-0.46135047082544034,1.2754612190711965e-17,0.02,16.89929309125258,-1.1533761770636008,0.02,False
387,54505.41873,25.075686926786148,V,V,5350.8625731428565,5350.8625731428565,6.034444016830402e-16,-0.48535047082544125,1.2672332435343843e-17,0.021,16.959293091252583,-1.2133761770636031,0.021,False
388,54507.21905,26.87600692678825,V,V,5562.557845439999,5562.557845439999,5.673319767722887e-16,-0.5121504708254427,1.1346639535445774e-17,0.02,17.026293091252583,-1.2803761770636033,0.02,False
389,54509.27942,28.93637692678749,V,V,5562.557845439999,5562.557845439999,5.28004060724488e-16,-0.5433504708254411,9.504073093040785e-18,0.018,17.104293091252583,-1.3583761770636027,0.018,False
390,54510.1662,29.823156926788215,V,V,5393.0169237942855,5393.0169237942855,5.089056383175749e-16,-0.5593504708254411,1.1704829681304222e-17,0.023,17.14429309125258,-1.3983761770636018,0.023,False
391,54520.25946,39.91641692678968,V,V,5393.0169237942855,5393.0169237942855,3.968599401751043e-16,-0.6673504708254416,9.524638564202503e-18,0.024,17.41429309125258,-1.6683761770636014,0.024,False
392,54523.2476,42.904556926790974,V,V,5393.0169237942855,5393.0169237942855,3.8215299060200417e-16,-0.6837504708254407,8.407365793244091e-18,0.022,17.45529309125258,-1.7093761770636018,0.022,False
393,54524.28017,43.93712692678673,V,V,5393.0169237942855,5393.0169237942855,3.762160008362014e-16,-0.6905504708254409,8.652968019232633e-18,0.023,17.47229309125258,-1.7263761770636012,0.023,False
394,54531.13726,50.794216926791705,V,V,5393.0169237942855,5393.0169237942855,3.3376228696671495e-16,-0.7425504708254405,7.676532600234444e-18,0.023,17.60229309125258,-1.8563761770636003,0.023,False
395,54536.16327,55.820226926785836,V,V,5407.000653668571,5407.000653668571,3.140778161889858e-16,-0.7689504708254411,8.480101037102616e-18,0.027,17.668293091252583,-1.9223761770636028,0.027,False
396,54537.15609,56.81304692678532,V,V,5393.0169237942855,5393.0169237942855,3.0664597077554434e-16,-0.7793504708254417,7.972795240164152e-18,0.026,17.694293091252582,-1.9483761770636026,0.026,False
397,54539.12262,58.77957692679047,V,V,5393.0169237942855,5393.0169237942855,3.1234694501346383e-16,-0.7713504708254426,8.745714460376988e-18,0.028,17.674293091252583,-1.928376177063603,0.028,False
398,54545.11038,64.76733692678681,V,V,5491.311,5491.311,2.631705345329022e-16,-0.8457504708254415,9.73730977771738e-18,0.037,17.860293091252583,-2.114376177063603,0.037,False
399,54547.10923,66.7661869267904,V,V,5775.744336137142,5775.744336137142,2.60757772569705e-16,-0.8497504708254411,1.0169553130218496e-17,0.039,17.87029309125258,-2.124376177063601,0.039,False
400,54549.22815,68.8851069267912,V,V,5491.311,5491.311,2.763358700367985e-16,-0.8245504708254412,1.5751144592097517e-17,0.057,17.807293091252582,-2.061376177063602,0.057,False
401,54553.13066,72.78761692679109,V,V,5407.000653668571,5407.000653668571,2.5202130877640664e-16,-0.8645504708254403,9.324788424727045e-18,0.037,17.90729309125258,-2.1613761770636,0.037,False
402,54558.10642,77.76337692678499,V,V,5775.744336137142,5775.744336137142,2.168888682569109e-16,-0.9297504708254412,9.109332466790258e-18,0.042,18.07029309125258,-2.3243761770636002,0.042,False
403,54569.1346,88.79155692678614,V,V,5687.423698028571,5687.423698028571,1.7629389073551188e-16,-1.019750470825441,9.696163990453154e-18,0.055,18.29529309125258,-2.5493761770636016,0.055,False
404,54572.17016,91.82711692679004,V,V,5284.086092845714,5284.086092845714,1.7371497676402027e-16,-1.0261504708254403,7.817173954380913e-18,0.045,18.31129309125258,-2.5653761770636,0.045,False
405,54575.2464,94.90335692679218,V,V,5491.311,5491.311,1.5813837165793032e-16,-1.0669504708254411,9.17202555615996e-18,0.058,18.41329309125258,-2.6673761770636,0.058,False
406,54579.12771,98.78466692678921,V,V,5393.0169237942855,5393.0169237942855,1.5945467715641699e-16,-1.0633504708254407,8.4510978892901e-18,0.053,18.40429309125258,-2.6583761770636,0.053,False
407,54583.14354,102.80049692678585,V,V,5284.086092845714,5284.086092845714,1.448896163875235e-16,-1.1049504708254414,6.520032737438557e-18,0.045,18.508293091252582,-2.7623761770636026,0.045,False
408,54585.17182,104.82877692679176,V,V,5775.744336137142,5775.744336137142,1.4133094491192454e-16,-1.115750470825441,8.055863859979699e-18,0.057,18.53529309125258,-2.7893761770636,0.057,False
409,54590.16892,109.82587692678499,V,V,5284.086092845714,5284.086092845714,1.028578074630049e-16,-1.253750470825441,6.2743262552432985e-18,0.061,18.880293091252582,-3.1343761770636025,0.061,False
410,54593.16014,112.81709692678851,V,V,5775.744336137142,5775.744336137142,1.1508991321497997e-16,-1.204950470825441,7.135574619328758e-18,0.062,18.758293091252582,-3.0123761770636026,0.062,False
411,54594.15926,113.81621692678891,V,V,5284.086092845714,5284.086092845714,1.1551470213425637e-16,-1.2033504708254412,7.277426234458152e-18,0.063,18.75429309125258,-3.0083761770636013,0.063,False
412,54597.16854,116.82549692678731,V,V,5243.5015929599995,5243.5015929599995,1.0467362449384458e-16,-1.246150470825441,8.269216335013722e-18,0.079,18.86129309125258,-3.1153761770636006,0.079,False
413,54615.14867,134.80562692679086,V,V,5284.086092845714,5284.086092845714,7.781033096398847e-17,-1.374950470825441,7.781033096398847e-18,0.1,19.183293091252583,-3.4373761770636033,0.1,False
414,54474.366,-5.977043073209643,H,H,15377.21116362857,15377.21116362857,8.547999013724479e-17,-1.3341232700209158,5.385239378646422e-18,0.063,16.702269578604692,-0.9563526644157125,0.063,False
415,54475.28,-5.0630430732126115,H,H,15355.723183542857,15355.723183542857,9.661942829063047e-17,-1.2809232700209154,5.410687984275306e-18,0.056,16.569269578604693,-0.8233526644157134,0.056,False
416,54476.283,-4.060043073208362,H,H,15377.21116362857,15377.21116362857,1.0043023140850407e-16,-1.2641232700209155,4.3184999505656745e-18,0.043,16.52726957860469,-0.7813526644157118,0.043,False
417,54477.317,-3.0260430732087116,H,H,15377.21116362857,15377.21116362857,1.1052600265816019e-16,-1.2225232700209165,4.531566108984568e-18,0.041,16.423269578604692,-0.6773526644157126,0.041,False
418,54480.386,0.04295692678715568,H,H,16423.554,16423.554,1.5341381272062577e-16,-1.0801232700209162,1.5801622710224455e-17,0.103,16.067269578604694,-0.32135266441571453,0.103,False
419,54481.389,1.0459569267914048,H,H,16423.554,16423.554,1.4556751339358734e-16,-1.1029232700209164,4.94929545538197e-18,0.034,16.124269578604693,-0.37835266441571314,0.034,False
420,54483.32,2.9769569267882616,H,H,16423.554,16423.554,1.507524793116493e-16,-1.0877232700209163,4.9748318172844274e-18,0.033,16.086269578604693,-0.3403526644157129,0.033,False
421,54486.291,5.9479569267859915,H,H,14962.098382242853,14962.098382242853,1.6064398296510167e-16,-1.0601232700209167,5.4618954208134575e-18,0.034,16.017269578604694,-0.2713526644157138,0.034,False
422,54491.215,10.87195692678506,H,H,17527.110827271423,17527.110827271423,1.7533332281589898e-16,-1.0221232700209164,7.01333291263596e-18,0.04,15.922269578604693,-0.17635266441571318,0.04,False
423,54497.204,16.860956926786457,H,H,14962.098382242853,14962.098382242853,1.4173087338727942e-16,-1.114523270020916,4.251926201618382e-18,0.03,16.153269578604693,-0.40735266441571305,0.03,False
424,54499.269,18.925956926788785,H,H,14962.098382242853,14962.098382242853,1.3837717603256901e-16,-1.1249232700209166,4.428069633042209e-18,0.032,16.179269578604693,-0.43335266441571285,0.032,False
425,54504.252,23.90895692678896,H,H,15041.111469257141,15041.111469257141,1.4030219430551053e-16,-1.1189232700209164,6.453900938053484e-18,0.046,16.164269578604692,-0.4183526644157123,0.046,False
426,54505.242,24.898956926786923,H,H,15419.776277914283,15419.776277914283,1.202996775831715e-16,-1.185723270020917,4.81198710332686e-18,0.04,16.331269578604694,-0.5853526644157139,0.04,False
427,54506.18,25.836956926788844,H,H,15041.111469257141,15041.111469257141,1.1196040566783658e-16,-1.2169232700209172,4.366455821045626e-18,0.039,16.409269578604693,-0.6633526644157133,0.039,False
428,54507.288,26.94495692678902,H,H,15041.111469257141,15041.111469257141,1.139369168963546e-16,-1.209323270020917,3.987792091372412e-18,0.035,16.390269578604695,-0.6443526644157149,0.035,False
429,54508.202,27.85895692678605,H,H,15041.111469257141,15041.111469257141,1.1072978671347488e-16,-1.2217232700209166,4.8721106153928945e-18,0.044,16.421269578604694,-0.6753526644157137,0.044,False
430,54509.273,28.9299569267896,H,H,15041.111469257141,15041.111469257141,1.0613642700688661e-16,-1.2401232700209164,4.2454570802754645e-18,0.04,16.467269578604693,-0.7213526644157131,0.04,False
431,54510.209,29.865956926791114,H,H,15355.723183542857,15355.723183542857,1.0623422730053243e-16,-1.2397232700209155,5.630414046928219e-18,0.053,16.46626957860469,-0.7203526644157119,0.053,False
432,54513.237,32.89395692678954,H,H,15041.111469257141,15041.111469257141,1.0107982081767063e-16,-1.2613232700209167,4.4475121159775075e-18,0.044,16.520269578604694,-0.7743526644157139,0.044,False
433,54514.188,33.84495692679047,H,H,14981.686457142854,14981.686457142854,9.295322526178946e-17,-1.2977232700209154,5.0194741641366304e-18,0.054,16.61126957860469,-0.8653526644157115,0.054,False
434,54515.268,34.924956926784944,H,H,16423.554,16423.554,9.778324902430423e-17,-1.275723270020917,4.595812704142299e-18,0.047,16.55626957860469,-0.8103526644157117,0.047,False
435,54516.203,35.85995692678989,H,H,14981.686457142854,14981.686457142854,9.295322526178946e-17,-1.2977232700209154,4.368801587304104e-18,0.047,16.61126957860469,-0.8653526644157115,0.047,False
436,54518.268,37.924956926784944,H,H,14981.686457142854,14981.686457142854,8.755167583732351e-17,-1.3237232700209152,3.677170385167588e-18,0.042,16.676269578604693,-0.9303526644157127,0.042,False
437,54520.251,39.90795692678512,H,H,15355.723183542857,15355.723183542857,8.361120131839614e-17,-1.3437232700209147,4.4313936698749955e-18,0.053,16.726269578604693,-0.9803526644157134,0.053,False
438,54521.186,40.842956926790066,H,H,15355.723183542857,15355.723183542857,7.695989444728583e-17,-1.379723270020916,5.3871926113100085e-18,0.07,16.816269578604693,-1.0703526644157133,0.07,False
439,54522.244,41.90095692678733,H,H,14981.686457142854,14981.686457142854,8.095887477200429e-17,-1.3577232700209176,5.262326860180279e-18,0.065,16.761269578604693,-1.0153526644157136,0.065,False
440,54523.244,42.90095692678733,H,H,15355.723183542857,15355.723183542857,8.066116000250005e-17,-1.3593232700209175,5.888264680182503e-18,0.073,16.765269578604695,-1.019352664415715,0.073,False
441,54524.179,43.835956926785,H,H,15355.723183542857,15355.723183542857,6.42487175676035e-17,-1.4581232700209181,3.919171771623813e-18,0.061,17.012269578604695,-1.2663526644157148,0.061,False
442,54525.239,44.89595692678995,H,H,14981.686457142854,14981.686457142854,7.417617992333149e-17,-1.3957232700209143,3.931337535936569e-18,0.053,16.856269578604692,-1.1103526644157125,0.053,False
443,54526.182,45.83895692678925,H,H,14981.686457142854,14981.686457142854,6.980145304998028e-17,-1.4221232700209168,5.444513337898462e-18,0.078,16.922269578604695,-1.176352664415715,0.078,False
444,54527.246,46.90295692678774,H,H,14981.686457142854,14981.686457142854,7.336086836357678e-17,-1.4005232700209174,4.768456443632491e-18,0.065,16.868269578604693,-1.122352664415713,0.065,False
445,54528.273,47.9299569267896,H,H,14981.686457142854,14981.686457142854,7.295657934373283e-17,-1.4029232700209153,5.909482926842359e-18,0.081,16.874269578604693,-1.1283526644157131,0.081,False
446,54529.194,48.850956926791696,H,H,14981.686457142854,14981.686457142854,7.527737447960751e-17,-1.389323270020915,1.5431861768319538e-17,0.205,16.840269578604694,-1.0943526644157142,0.205,False
447,54530.168,49.8249569267864,H,H,14981.686457142854,14981.686457142854,6.746281569592883e-17,-1.4369232700209178,4.047768941755729e-18,0.06,16.959269578604694,-1.213352664415714,0.06,False
448,54531.117,50.77395692678692,H,H,15355.723183542857,15355.723183542857,7.288941478608959e-17,-1.403323270020918,4.8835907906680024e-18,0.067,16.875269578604694,-1.1293526644157144,0.067,False
449,54535.099,54.75595692679053,H,H,14981.686457142854,14981.686457142854,6.360107604373811e-17,-1.462523270020915,6.741714060636239e-18,0.106,17.023269578604694,-1.277352664415714,0.106,False
450,54537.221,56.87795692678628,H,H,15355.723183542857,15355.723183542857,5.524137289110843e-17,-1.5237232700209145,4.3640684583975656e-18,0.079,17.176269578604693,-1.4303526644157127,0.079,False
451,54539.288,58.94495692678902,H,H,15355.723183542857,15355.723183542857,5.275510155265404e-17,-1.5437232700209176,3.6928571086857835e-18,0.07,17.226269578604693,-1.4803526644157134,0.07,False
452,54544.195,63.85195692678826,H,H,14981.686457142854,14981.686457142854,4.6415652857381087e-17,-1.599323270020916,3.991746145734773e-18,0.086,17.365269578604693,-1.6193526644157128,0.086,False
453,54549.224,68.88095692679053,H,H,16423.554,16423.554,4.96437366817845e-17,-1.5701232700209165,9.233735022811916e-18,0.186,17.292269578604692,-1.5463526644157124,0.186,False
454,54559.211,78.86795692679152,H,H,14981.686457142854,14981.686457142854,3.3687164972541555e-17,-1.7385232700209148,4.008772631732445e-18,0.119,17.71326957860469,-1.9673526644157118,0.119,False
455,54563.182,82.83895692678925,H,H,17679.327685714285,17679.327685714285,3.038536540339072e-17,-1.783323270020917,3.463931655986542e-18,0.114,17.825269578604694,-2.0793526644157136,0.114,False
456,54566.105,85.76195692679175,H,H,14981.686457142854,14981.686457142854,2.3914673909085822e-17,-1.8873232700209162,5.4764603251806536e-18,0.229,18.08526957860469,-2.3393526644157117,0.229,False
457,54579.136,98.79295692678716,H,H,15355.723183542857,15355.723183542857,2.1235596437138784e-17,-1.9389232700209167,4.247119287427757e-18,0.2,18.214269578604693,-2.468352664415713,0.2,False
458,54470.4754,-9.867643073208455,i,i,6672.194759999999,6672.194759999999,4.4086202165063964e-16,-0.6216850455503042,7.935516389711513e-18,0.018,16.558135219703043,-0.8122183055140635,0.018,False
459,54474.43624,-5.906803073208721,i,i,7556.486551499998,7556.486551499998,7.289583043727848e-16,-0.4032850455503034,1.385020778308291e-17,0.019,16.012135219703044,-0.2662183055140641,0.019,False
460,54475.40567,-4.937373073211347,i,i,7468.580727908571,7468.580727908571,7.978159010298628e-16,-0.3640850455503042,1.1967238515447942e-17,0.015,15.914135219703047,-0.1682183055140669,0.015,False
461,54476.43241,-3.9106330732101924,i,i,7556.486551499998,7556.486551499998,8.462578062900275e-16,-0.33848504555030523,1.607889831951052e-17,0.019,15.850135219703047,-0.10421830551406686,0.019,False
462,54477.35887,-2.984173073215061,i,i,7556.486551499998,7556.486551499998,9.042795048903665e-16,-0.30968504555030485,1.5372751583136233e-17,0.017,15.778135219703048,-0.03221830551406768,0.017,False
463,54478.3883,-1.9547430732127395,i,i,8668.88890302857,8668.88890302857,9.636130831320497e-16,-0.2820850455503052,1.7345035496376893e-17,0.018,15.709135219703047,0.03678169448593316,0.018,False
464,54480.38913,0.04608692679175874,i,i,7728.138599999999,7728.138599999999,1.0673397600190312e-15,-0.2376850455503039,1.6010096400285467e-17,0.015,15.598135219703046,0.1477816944859338,0.015,False
465,54481.50664,1.1635969267881592,i,i,7728.138599999999,7728.138599999999,1.1207343623526039e-15,-0.21648504555030534,2.1293952884699474e-17,0.019,15.545135219703047,0.20078169448593286,0.019,False
466,54482.42545,2.082406926791009,i,i,8512.868121642856,8512.868121642856,1.1135319636306422e-15,-0.21928504555030415,2.004357534535156e-17,0.018,15.552135219703047,0.1937816944859332,0.018,False
467,54483.27476,2.931716926788795,i,i,7728.138599999999,7728.138599999999,1.1176419331857225e-15,-0.21768504555030432,2.235283866371445e-17,0.02,15.548135219703047,0.19778169448593275,0.02,False
468,54484.36057,4.017526926785649,i,i,8668.88890302857,8668.88890302857,1.1012925158315942e-15,-0.2240850455503054,1.9823265284968694e-17,0.018,15.564135219703047,0.18178169448593273,0.018,False
469,54494.46304,14.119996926790918,i,i,8678.347817314285,8678.347817314285,9.034470161213187e-16,-0.3100850455503057,1.355170524181978e-17,0.015,15.779135219703047,-0.033218305514067126,0.015,False
470,54495.36085,15.017806926785852,i,i,8647.040867314285,8647.040867314285,8.104060748366133e-16,-0.3572850455503058,1.3776903272222427e-17,0.017,15.897135219703047,-0.15121830551406745,0.017,False
471,54496.33469,15.991646926791873,i,i,8647.040867314285,8647.040867314285,8.007605844075187e-16,-0.36248504555030436,1.201140876611278e-17,0.015,15.910135219703047,-0.16421830551406735,0.015,False
472,54497.39456,17.05151692678919,i,i,7639.2520515,7639.2520515,7.739317931356993e-16,-0.3772850455503054,1.6252567655849686e-17,0.021,15.947135219703048,-0.20121830551406816,0.021,False
473,54498.30576,17.962716926791472,i,i,8647.040867314285,8647.040867314285,7.222751744674197e-16,-0.40728504555030476,1.4445503489348396e-17,0.02,16.022135219703046,-0.2762183055140657,0.02,False
474,54499.34811,19.00506692678755,i,i,7639.2520515,7639.2520515,6.935897842143462e-16,-0.4248850455503046,1.109743654742954e-17,0.016,16.066135219703046,-0.32021830551406616,0.016,False
475,54502.43644,22.093396926786227,i,i,8602.779235062855,8602.779235062855,5.936120220514015e-16,-0.49248504555030514,9.497792352822423e-18,0.016,16.235135219703047,-0.48921830551406664,0.016,False
476,54503.34363,23.000586926791584,i,i,8602.779235062855,8602.779235062855,5.795657171038673e-16,-0.502885045550304,9.273051473661877e-18,0.016,16.261135219703046,-0.5152183055140664,0.016,False
477,54505.4127,25.06965692678932,i,i,7639.2520515,7639.2520515,5.16062958572523e-16,-0.5532850455503038,9.805196212877936e-18,0.019,16.387135219703044,-0.6412183055140641,0.019,False
478,54509.27339,28.930346926790662,i,i,7285.931231588571,7285.931231588571,4.523792621041157e-16,-0.6104850455503037,8.595205979978198e-18,0.019,16.530135219703045,-0.7842183055140648,0.019,False
479,54510.16017,29.81712692679139,i,i,7468.580727908571,7468.580727908571,4.416748679351838e-16,-0.6208850455503043,7.950147622833308e-18,0.018,16.556135219703044,-0.8102183055140646,0.018,False
480,54520.25344,39.91039692678896,i,i,7468.580727908571,7468.580727908571,3.5245419811206127e-16,-0.7188850455503051,6.344175566017102e-18,0.018,16.801135219703045,-1.0552183055140656,0.018,False
481,54523.24159,42.898546926786366,i,i,7468.580727908571,7468.580727908571,3.325850227851498e-16,-0.7440850455503032,5.653945387347547e-18,0.017,16.864135219703044,-1.1182183055140644,0.017,False
482,54524.27413,43.93108692678652,i,i,7468.580727908571,7468.580727908571,3.167398362447474e-16,-0.7652850455503035,6.651536561139696e-18,0.021,16.917135219703045,-1.1712183055140652,0.021,False
483,54531.13123,50.7881869267876,i,i,7468.580727908571,7468.580727908571,2.720838021336429e-16,-0.8312850455503042,5.713759844806502e-18,0.021,17.082135219703044,-1.3362183055140644,0.021,False
484,54536.15722,55.814176926789514,i,i,8602.779235062855,8602.779235062855,2.5020886211732637e-16,-0.8676850455503047,5.254386104463854e-18,0.021,17.173135219703045,-1.4272183055140655,0.021,False
485,54537.15007,56.80702692679188,i,i,7468.580727908571,7468.580727908571,2.380689123691297e-16,-0.8892850455503041,4.999447159751724e-18,0.021,17.227135219703044,-1.481218305514064,0.021,False
486,54539.11659,58.773546926786366,i,i,7468.580727908571,7468.580727908571,2.3200785445170917e-16,-0.9004850455503046,5.800196361292729e-18,0.025,17.255135219703046,-1.5092183055140662,0.025,False
487,54545.10436,64.7613169267861,i,i,7728.138599999999,7728.138599999999,1.9404510329876709e-16,-0.978085045550305,6.597533512158082e-18,0.034,17.449135219703045,-1.7032183055140653,0.034,False
488,54547.10321,66.76016692678968,i,i,6672.194759999999,6672.194759999999,1.9315354703412993e-16,-0.9800850455503038,5.6014528639897685e-18,0.029,17.454135219703044,-1.7082183055140643,0.029,False
489,54549.22212,68.87907692678709,i,i,7728.138599999999,7728.138599999999,1.9262058071972024e-16,-0.9812850455503046,5.971238002311327e-18,0.031,17.457135219703044,-1.7112183055140644,0.031,False
490,54553.12463,72.78158692678699,i,i,8602.779235062855,8602.779235062855,1.7119957722309309e-16,-1.0324850455503043,4.6223885850235135e-18,0.027,17.585135219703044,-1.8392183055140645,0.027,False
491,54558.10038,77.75733692679205,i,i,6672.194759999999,6672.194759999999,1.442456376439545e-16,-1.1068850455503032,4.904351679894453e-18,0.034,17.771135219703044,-2.0252183055140645,0.034,False
492,54572.16413,91.82108692678594,i,i,8602.779235062855,8602.779235062855,1.1311043897296816e-16,-1.212485045550304,3.958865364053886e-18,0.035,18.035135219703044,-2.289218305514064,0.035,False
493,54575.24037,94.89732692678808,i,i,7728.138599999999,7728.138599999999,1.0497906196980655e-16,-1.2448850455503049,3.8842252928828425e-18,0.037,18.116135219703047,-2.370218305514067,0.037,False
494,54579.12168,98.77863692678511,i,i,7468.580727908571,7468.580727908571,9.64501012424086e-17,-1.2816850455503026,3.858004049696344e-18,0.04,18.208135219703045,-2.4622183055140656,0.04,False
495,54583.13749,102.79444692678953,i,i,8602.779235062855,8602.779235062855,9.34765527178298e-17,-1.2952850455503029,3.4586324505597025e-18,0.037,18.242135219703044,-2.4962183055140645,0.037,False
496,54585.16579,104.82274692678766,i,i,6672.194759999999,6672.194759999999,9.495168757545085e-17,-1.2884850455503045,5.0324394414988944e-18,0.053,18.225135219703045,-2.479218305514065,0.053,False
497,54590.16289,109.81984692678816,i,i,8602.779235062855,8602.779235062855,7.289583043727849e-17,-1.4032850455503034,3.936374843613039e-18,0.054,18.512135219703044,-2.766218305514064,0.054,False
498,54593.15411,112.81106692679168,i,i,9217.352039177142,9217.352039177142,7.926887376100888e-17,-1.366885045550303,4.2805191830944794e-18,0.054,18.421135219703046,-2.6752183055140666,0.054,False
499,54594.15325,113.81020692679158,i,i,7373.633626834285,7373.633626834285,6.490866663239996e-17,-1.4536850455503032,3.505067998149598e-18,0.054,18.638135219703045,-2.8922183055140653,0.054,False
500,54595.17017,114.82712692678615,i,i,7728.138599999999,7728.138599999999,6.526835812901679e-17,-1.4512850455503052,7.048982677933814e-18,0.108,18.632135219703045,-2.886218305514065,0.108,False
501,54603.14478,122.80173692679091,i,i,8574.908832,8574.908832,5.0992075347031326e-17,-1.558485045550304,4.742263007273913e-18,0.093,18.900135219703046,-3.154218305514066,0.093,False
502,54615.14264,134.79959692678676,i,i,8602.779235062855,8602.779235062855,4.26483946050747e-17,-1.6360850455503044,4.819268590373441e-18,0.113,19.094135219703045,-3.348218305514065,0.113,False
503,54474.366,-5.977043073209643,Ks,Ks,22737.89315151428,22737.89315151428,3.24676221122766e-17,-1.754537250793474,2.7597478795435114e-18,0.085,17.11202197835528,-1.3661050641663,0.085,False
504,54475.28,-5.0630430732126115,Ks,Ks,22827.752878354288,22827.752878354288,4.307749915746738e-17,-1.6317372507934724,2.4554174519756407e-18,0.057,16.805021978355278,-1.0591050641662978,0.057,False
505,54476.283,-4.060043073208362,Ks,Ks,22737.89315151428,22737.89315151428,4.603100771478086e-17,-1.602937250793472,2.3015503857390434e-18,0.05,16.73302197835528,-0.9871050641662986,0.05,False
506,54477.317,-3.0260430732087116,Ks,Ks,22737.89315151428,22737.89315151428,4.878097569319539e-17,-1.577737250793474,2.243924881886988e-18,0.046,16.67002197835528,-0.9241050641662998,0.046,False
507,54480.386,0.04295692678715568,Ks,Ks,22066.001999999997,22066.001999999997,6.708887087097064e-17,-1.4393372507934732,7.379775795806771e-18,0.11,16.32402197835528,-0.5781050641662997,0.11,False
508,54481.389,1.0459569267914048,Ks,Ks,22066.001999999997,22066.001999999997,6.107317281178631e-17,-1.480137250793474,2.565073258095025e-18,0.042,16.42602197835528,-0.6801050641663,0.042,False
509,54483.32,2.9769569267882616,Ks,Ks,22066.001999999997,22066.001999999997,7.005683009124641e-17,-1.4205372507934708,2.4519890531936247e-18,0.035,16.27702197835528,-0.5311050641662991,0.035,False
510,54486.291,5.9479569267859915,Ks,Ks,22742.62260865714,22742.62260865714,7.012138454015748e-17,-1.4201372507934718,2.804855381606299e-18,0.04,16.276021978355278,-0.5301050641662979,0.04,False
511,54497.204,16.860956926786457,Ks,Ks,22742.62260865714,22742.62260865714,7.215235033083472e-17,-1.4077372507934722,2.4531799112483806e-18,0.034,16.24502197835528,-0.4991050641662991,0.034,False
512,54499.269,18.925956926788785,Ks,Ks,22742.62260865714,22742.62260865714,6.79595481412848e-17,-1.433737250793472,2.3785841849449682e-18,0.035,16.310021978355277,-0.5641050641662968,0.035,False
513,54504.252,23.90895692678896,Ks,Ks,22796.29170692571,22796.29170692571,6.186577854061814e-17,-1.4745372507934729,2.4127653630841075e-18,0.039,16.412021978355277,-0.6661050641662971,0.039,False
514,54505.242,24.898956926786923,Ks,Ks,22742.62260865714,22742.62260865714,5.226975718358543e-17,-1.5477372507934728,2.352139073261344e-18,0.045,16.595021978355277,-0.8491050641662969,0.045,False
515,54506.18,25.836956926788844,Ks,Ks,22796.29170692571,22796.29170692571,5.358589424077152e-17,-1.536937250793473,2.0362639811493177e-18,0.038,16.56802197835528,-0.8221050641662995,0.038,False
516,54507.288,26.94495692678902,Ks,Ks,22796.29170692571,22796.29170692571,4.869120052660278e-17,-1.578537250793472,2.239795224223728e-18,0.046,16.67202197835528,-0.9261050641662987,0.046,False
517,54508.202,27.85895692678605,Ks,Ks,22796.29170692571,22796.29170692571,4.991723058346472e-17,-1.5677372507934724,2.0466064539220535e-18,0.041,16.645021978355278,-0.8991050641662977,0.041,False
518,54509.273,28.9299569267896,Ks,Ks,22796.29170692571,22796.29170692571,5.033272951896905e-17,-1.56413725079347,2.6676346645053593e-18,0.053,16.636021978355277,-0.8901050641662973,0.053,False
519,54510.209,29.865956926791114,Ks,Ks,22827.752878354288,22827.752878354288,5.24143835767627e-17,-1.546537250793472,2.620719178838135e-18,0.05,16.592021978355277,-0.8461050641662968,0.05,False
520,54513.237,32.89395692678954,Ks,Ks,22796.29170692571,22796.29170692571,4.851214554859724e-17,-1.580137250793472,2.4741194229784588e-18,0.051,16.67602197835528,-0.9301050641663,0.051,False
521,54514.188,33.84495692679047,Ks,Ks,22637.23817142857,22637.23817142857,4.4611875611112634e-17,-1.6165372507934723,2.453653158611195e-18,0.055,16.767021978355277,-1.0211050641662975,0.055,False
522,54516.203,35.85995692678989,Ks,Ks,22637.23817142857,22637.23817142857,4.031349791774675e-17,-1.6605372507934728,2.741317858406779e-18,0.068,16.877021978355277,-1.131105064166297,0.068,False
523,54518.268,37.924956926784944,Ks,Ks,22637.23817142857,22637.23817142857,3.892695944291832e-17,-1.675737250793473,2.6859602015613642e-18,0.069,16.915021978355277,-1.1691050641662972,0.069,False
524,54520.251,39.90795692678512,Ks,Ks,22827.752878354288,22827.752878354288,3.616183686201688e-17,-1.707737250793473,2.386681232893114e-18,0.066,16.99502197835528,-1.249105064166299,0.066,False
525,54521.186,40.842956926790066,Ks,Ks,22827.752878354288,22827.752878354288,3.659742105302605e-17,-1.7025372507934708,2.5618194737118238e-18,0.07,16.982021978355277,-1.2361050641662974,0.07,False
526,54522.244,41.90095692678733,Ks,Ks,22637.23817142857,22637.23817142857,3.659742105302605e-17,-1.7025372507934708,2.5252220526587976e-18,0.069,16.982021978355277,-1.2361050641662974,0.069,False
527,54523.244,42.90095692678733,Ks,Ks,22827.752878354288,22827.752878354288,3.669868329895344e-17,-1.70133725079347,3.009292030514182e-18,0.082,16.979021978355277,-1.2331050641662973,0.082,False
528,54524.179,43.835956926785,Ks,Ks,22827.752878354288,22827.752878354288,3.0609094530379525e-17,-1.7801372507934712,2.5405548460215005e-18,0.083,17.17602197835528,-1.4301050641663,0.083,False
529,54525.239,44.89595692678995,Ks,Ks,22637.23817142857,22637.23817142857,3.4186172728821893e-17,-1.732137250793473,2.0169841910004917e-18,0.059,17.05602197835528,-1.310105064166299,0.059,False
530,54526.182,45.83895692678925,Ks,Ks,22637.23817142857,22637.23817142857,3.103490945144214e-17,-1.774137250793471,3.47590985856152e-18,0.112,17.16102197835528,-1.4151050641662994,0.112,False
531,54527.246,46.90295692678774,Ks,Ks,22637.23817142857,22637.23817142857,2.853977090464751e-17,-1.8105372507934714,2.0263237342299727e-18,0.071,17.252021978355277,-1.506105064166297,0.071,False
532,54528.273,47.9299569267896,Ks,Ks,22637.23817142857,22637.23817142857,3.120688945976942e-17,-1.771737250793473,2.9334476092183255e-18,0.094,17.15502197835528,-1.4091050641662992,0.094,False
533,54529.194,48.850956926791696,Ks,Ks,22637.23817142857,22637.23817142857,3.222927102791202e-17,-1.7577372507934736,6.768146915861524e-18,0.21,17.12002197835528,-1.374105064166299,0.21,False
534,54530.168,49.8249569267864,Ks,Ks,22637.23817142857,22637.23817142857,2.6366378521304564e-17,-1.844937250793473,1.872012875012624e-18,0.071,17.33802197835528,-1.592105064166299,0.071,False
535,54531.117,50.77395692678692,Ks,Ks,22412.64011753143,22412.64011753143,2.796729623770248e-17,-1.8193372507934722,2.796729623770248e-18,0.1,17.27402197835528,-1.528105064166299,0.1,False
536,54535.099,54.75595692679053,Ks,Ks,22637.23817142857,22637.23817142857,2.5087101250380092e-17,-1.8665372507934723,3.462019972552453e-18,0.138,17.392021978355277,-1.6461050641662975,0.138,False
537,54537.221,56.87795692678628,Ks,Ks,22412.64011753143,22412.64011753143,2.5342559954757808e-17,-1.862137250793472,1.5458961572402263e-18,0.061,17.381021978355278,-1.6351050641662983,0.061,False
538,54539.288,58.94495692678902,Ks,Ks,22827.752878354288,22827.752878354288,1.9890719024599928e-17,-1.9673372507934719,1.9095090263615933e-18,0.096,17.64402197835528,-1.8981050641663,0.096,False
539,54544.195,63.85195692678826,Ks,Ks,22637.23817142857,22637.23817142857,1.7292209265736435e-17,-2.0281372507934723,2.0058962748254266e-18,0.116,17.796021978355277,-2.0501050641662975,0.116,False
540,54549.224,68.88095692679053,Ks,Ks,22066.001999999997,22066.001999999997,1.787518242196943e-17,-2.013737250793474,4.343669328538571e-18,0.243,17.76002197835528,-2.0141050641662996,0.243,False
541,54559.211,78.86795692679152,Ks,Ks,22637.23817142857,22637.23817142857,1.1820898345545352e-17,-2.193337250793471,1.7376720567951666e-18,0.147,18.209021978355278,-2.4631050641662977,0.147,False
542,54566.105,85.76195692679175,Ks,Ks,22637.23817142857,22637.23817142857,5.891833733224905e-18,-2.495737250793473,2.1210601439609658e-18,0.36,18.965021978355278,-3.219105064166298,0.36,False
543,54579.136,98.79295692678716,Ks,Ks,22827.752878354288,22827.752878354288,7.03154050115943e-18,-2.418937250793471,1.6946012607794224e-18,0.241,18.773021978355278,-3.0271050641662978,0.241,False
544,54474.366,-5.977043073209643,J,J,11696.870169685713,11696.870169685713,2.28309824529163e-16,-0.9074631331399026,9.817322454754008e-18,0.043,16.264758105048205,-0.5188411908592254,0.043,False
545,54475.28,-5.0630430732126115,J,J,12034.82109696,12034.82109696,2.5758739096114506e-16,-0.8550631331399021,7.985209119795497e-18,0.031,16.133758105048205,-0.3878411908592252,0.031,False
546,54476.283,-4.060043073208362,J,J,11696.870169685713,11696.870169685713,2.665168061985648e-16,-0.8402631331399011,7.995504185956944e-18,0.03,16.096758105048202,-0.3508411908592226,0.03,False
547,54477.317,-3.0260430732087116,J,J,11696.870169685713,11696.870169685713,2.884859058288682e-16,-0.8058631331399013,8.654577174866046e-18,0.03,16.010758105048204,-0.2648411908592241,0.03,False
548,54481.389,1.0459569267914048,J,J,12292.475999999999,12292.475999999999,3.578694289178028e-16,-0.7122631331399027,8.94673572294507e-18,0.025,15.776758105048204,-0.0308411908592241,0.025,False
549,54483.32,2.9769569267882616,J,J,12292.475999999999,12292.475999999999,3.8417101962277323e-16,-0.6814631331399017,8.067591412078239e-18,0.021,15.699758105048204,0.04615880914077586,0.021,False
550,54486.291,5.9479569267859915,J,J,11758.353112542854,11758.353112542854,3.942072436360968e-16,-0.6702631331399029,8.278352116358034e-18,0.021,15.671758105048205,0.07415880914077455,0.021,False
551,54491.215,10.87195692678506,J,J,11859.163239385713,11859.163239385713,3.678956055287144e-16,-0.7002631331399023,1.7658989065378292e-17,0.048,15.746758105048205,-0.0008411908592247386,0.048,False
552,54497.204,16.860956926786457,J,J,12673.708903885712,12673.708903885712,3.4113368079227106e-16,-0.7330631331399022,9.55174306218359e-18,0.028,15.828758105048205,-0.08284119085922548,0.028,False
553,54499.269,18.925956926788785,J,J,11758.353112542854,11758.353112542854,3.3153134860821703e-16,-0.7454631331399018,7.625221017988992e-18,0.023,15.859758105048204,-0.11384119085922428,0.023,False
554,54504.252,23.90895692678896,J,J,12025.208043497143,12025.208043497143,2.81659627290346e-16,-0.816263133139902,9.858086955162111e-18,0.035,16.036758105048204,-0.2908411908592239,0.035,False
555,54505.242,24.898956926786923,J,J,11758.353112542854,11758.353112542854,2.594923745985688e-16,-0.8518631331399007,1.089867973313989e-17,0.042,16.125758105048202,-0.3798411908592225,0.042,False
556,54506.18,25.836956926788844,J,J,12025.208043497143,12025.208043497143,2.4644760401565964e-16,-0.8742631331399018,8.379218536532428e-18,0.034,16.181758105048203,-0.43584119085922346,0.034,False
557,54507.288,26.94495692678902,J,J,12025.208043497143,12025.208043497143,2.3557250508526876e-16,-0.8938631331399023,8.245037677984407e-18,0.035,16.230758105048203,-0.48484119085922295,0.035,False
558,54508.202,27.85895692678605,J,J,12025.208043497143,12025.208043497143,2.4061605399477183e-16,-0.8846631331399024,6.977865565848384e-18,0.029,16.207758105048203,-0.46184119085922326,0.029,False
559,54509.273,28.9299569267896,J,J,12025.208043497143,12025.208043497143,2.347062206383751e-16,-0.8954631331399021,1.0796486149365255e-17,0.046,16.234758105048204,-0.4888411908592243,0.046,False
560,54510.209,29.865956926791114,J,J,12034.82109696,12034.82109696,2.3775223063762164e-16,-0.8898631331399027,8.796832533592e-18,0.037,16.220758105048205,-0.47484119085922494,0.037,False
561,54513.237,32.89395692678954,J,J,12025.208043497143,12025.208043497143,2.1743257056151267e-16,-0.9286631331399011,6.957842257968406e-18,0.032,16.317758105048203,-0.5718411908592227,0.032,False
562,54514.188,33.84495692679047,J,J,11664.280714285713,11664.280714285713,2.072643459489542e-16,-0.9494631331399006,6.6324590703665344e-18,0.032,16.369758105048202,-0.6238411908592223,0.032,False
563,54516.203,35.85995692678989,J,J,11664.280714285713,11664.280714285713,1.8643377791848838e-16,-0.9954631331399018,8.389520006331976e-18,0.045,16.484758105048204,-0.7388411908592243,0.045,False
564,54518.268,37.924956926784944,J,J,11664.280714285713,11664.280714285713,1.790295006222487e-16,-1.0130631331399016,6.087003021156456e-18,0.034,16.528758105048205,-0.7828411908592248,0.034,False
565,54520.251,39.90795692678512,J,J,12034.82109696,12034.82109696,1.7112938920302058e-16,-1.032663133139902,6.502916789714782e-18,0.038,16.577758105048204,-0.8318411908592243,0.038,False
566,54521.186,40.842956926790066,J,J,12034.82109696,12034.82109696,1.629763549149472e-16,-1.0538631331399024,1.1245368489131357e-17,0.069,16.630758105048205,-0.8848411908592251,0.069,False
567,54522.244,41.90095692678733,J,J,11664.280714285713,11664.280714285713,1.620781982783636e-16,-1.0562631331399022,8.752222707031634e-18,0.054,16.636758105048205,-0.8908411908592253,0.054,False
568,54523.244,42.90095692678733,J,J,12034.82109696,12034.82109696,1.5722608493996715e-16,-1.0694631331399016,1.0062469436157897e-17,0.064,16.669758105048203,-0.923841190859223,0.064,False
569,54524.179,43.835956926785,J,J,12034.82109696,12034.82109696,1.5209838415259153e-16,-1.0838631331399018,7.757017591782168e-18,0.051,16.705758105048204,-0.9598411908592244,0.051,False
570,54525.239,44.89595692678995,J,J,11664.280714285713,11664.280714285713,1.5209838415259153e-16,-1.0838631331399018,6.083935366103661e-18,0.04,16.705758105048204,-0.9598411908592244,0.04,False
571,54526.182,45.83895692678925,J,J,11664.280714285713,11664.280714285713,1.4686712731605776e-16,-1.099063133139902,9.252629020911639e-18,0.063,16.743758105048204,-0.9978411908592246,0.063,False
572,54527.246,46.90295692678774,J,J,11664.280714285713,11664.280714285713,1.3858767223215244e-16,-1.1242631331399018,7.760909645000536e-18,0.056,16.806758105048203,-1.0608411908592235,0.056,False
573,54528.273,47.9299569267896,J,J,11664.280714285713,11664.280714285713,1.4064509808485546e-16,-1.1178631331399025,9.845156865939882e-18,0.07,16.790758105048205,-1.0448411908592252,0.07,False
574,54529.194,48.850956926791696,J,J,11664.280714285713,11664.280714285713,1.4659683709257588e-16,-1.0998631331399018,2.521465597992305e-17,0.172,16.745758105048203,-0.9998411908592235,0.172,False
575,54530.168,49.8249569267864,J,J,11664.280714285713,11664.280714285713,1.2238398779401001e-16,-1.1782631331399003,5.874431414112481e-18,0.048,16.9417581050482,-1.1958411908592215,0.048,False
576,54531.117,50.77395692678692,J,J,12034.82109696,12034.82109696,1.3149965101628465e-16,-1.147063133139902,7.889979060977079e-18,0.06,16.863758105048202,-1.117841190859222,0.06,False
577,54535.099,54.75595692679053,J,J,11664.280714285713,11664.280714285713,1.3456267137232878e-16,-1.1370631331399021,8.342885625084385e-18,0.062,16.838758105048203,-1.0928411908592235,0.062,False
578,54537.221,56.87795692678628,J,J,12034.82109696,12034.82109696,1.082741044391286e-16,-1.2314631331399024,6.496446266347716e-18,0.06,17.074758105048204,-1.3288411908592241,0.06,False
579,54539.288,58.94495692678902,J,J,12034.82109696,12034.82109696,9.694481813623281e-17,-1.2794631331399007,5.719744270037736e-18,0.059,17.1947581050482,-1.4488411908592216,0.059,False
580,54544.195,63.85195692678826,J,J,11664.280714285713,11664.280714285713,8.412490760892852e-17,-1.3410631331399028,5.972868440233924e-18,0.071,17.3487581050482,-1.6028411908592215,0.071,False
581,54549.224,68.88095692679053,J,J,12292.475999999999,12292.475999999999,8.251342232235929e-17,-1.349463133139901,1.4439848906412875e-17,0.175,17.369758105048202,-1.6238411908592223,0.175,False
582,54559.211,78.86795692679152,J,J,11664.280714285713,11664.280714285713,5.640590872031186e-17,-1.5146631331399032,6.204649959234304e-18,0.11,17.782758105048202,-2.0368411908592226,0.11,False
583,54563.182,82.83895692678925,J,J,11760.92614285714,11760.92614285714,5.0830525579782736e-17,-1.5598631331399009,7.014612530010018e-18,0.138,17.895758105048202,-2.149841190859222,0.138,False
584,54566.105,85.76195692679175,J,J,11664.280714285713,11664.280714285713,6.663840601927291e-17,-1.4422631331399014,8.596354376486207e-18,0.129,17.6017581050482,-1.8558411908592216,0.129,False
585,54579.136,98.79295692678716,J,J,12034.82109696,12034.82109696,3.678956055287145e-17,-1.700263133139904,5.2609071590606165e-18,0.143,18.246758105048205,-2.5008411908592247,0.143,False
586,54470.47772,-9.865323073208856,r,r,5898.65889696,5898.65889696,7.45421903734617e-16,-0.39358558333933935,1.2672172363488489e-17,0.017,16.428991717868392,-0.6830748036794123,0.017,False
587,54474.43855,-5.904493073212507,r,r,5716.31605452857,5716.31605452857,1.2122777941527035e-15,-0.18238558333933952,2.0608722500595962e-17,0.017,15.900991717868393,-0.15507480367941362,0.017,False
588,54475.408,-4.935043073208362,r,r,7053.467967085714,7053.467967085714,1.3146257965259155e-15,-0.14718558333933984,1.8404761151362817e-17,0.014,15.812991717868393,-0.06707480367941265,0.014,False
589,54476.43472,-3.908323073213978,r,r,5716.31605452857,5716.31605452857,1.426928295864488e-15,-0.11158558333933932,2.2830852733831808e-17,0.016,15.723991717868392,0.02192519632058776,0.016,False
590,54477.36118,-2.9818630732115707,r,r,5716.31605452857,5716.31605452857,1.4928017999836696e-15,-0.09198558333934059,2.3884828799738714e-17,0.016,15.674991717868393,0.07092519632058725,0.016,False
591,54478.39062,-1.95242307321314,r,r,5815.533690899999,5815.533690899999,1.6069492085264228e-15,-0.059985583339340565,2.5711187336422766e-17,0.016,15.594991717868393,0.15092519632058732,0.016,False
592,54480.39146,0.04841692678746767,r,r,6307.4508,6307.4508,1.7108114573030678e-15,-0.03278558333934001,2.395136040224295e-17,0.014,15.526991717868393,0.21892519632058693,0.014,False
593,54481.50896,1.1659169267877587,r,r,6307.4508,6307.4508,1.836547435532419e-15,-0.001985583339340735,2.7548211532986286e-17,0.015,15.449991717868393,0.2959251963205869,0.015,False
594,54482.42596,2.0829169267890393,r,r,5699.713295228571,5699.713295228571,1.846724666555136e-15,0.00041441666066077687,3.1394319331437316e-17,0.017,15.443991717868393,0.3019251963205871,0.017,False
595,54483.27777,2.9347269267891534,r,r,6307.4508,6307.4508,1.8180346243070776e-15,-0.006385583339339362,3.0906588613220323e-17,0.017,15.460991717868392,0.28492519632058766,0.017,False
596,54484.36358,4.020536926786008,r,r,5815.533690899999,5815.533690899999,1.8382397374456717e-15,-0.001585583339339891,2.941183579913075e-17,0.016,15.448991717868394,0.29692519632058634,0.016,False
597,54494.46605,14.123006926791277,r,r,5699.713295228571,5699.713295228571,1.2835185511468806e-15,-0.15758558333934047,1.7969259716056327e-17,0.014,15.838991717868392,-0.09307480367941245,0.014,False
598,54495.36388,15.020836926785705,r,r,5735.4927900342855,5735.4927900342855,1.2280106974937809e-15,-0.17678558333934014,2.0876181857394276e-17,0.017,15.886991717868394,-0.14107480367941427,0.017,False
599,54496.33771,15.99466692678834,r,r,5735.4927900342855,5735.4927900342855,1.1566505003881532e-15,-0.20278558333933994,1.6193107005434144e-17,0.014,15.951991717868392,-0.206074803679412,0.014,False
600,54497.39757,17.05452692678955,r,r,5808.540468814284,5808.540468814284,1.079449054006235e-15,-0.2327855833393393,1.8350633918105996e-17,0.017,16.02699171786839,-0.2810748036794113,0.017,False
601,54498.30879,17.965746926791326,r,r,5735.4927900342855,5735.4927900342855,1.0018487255703377e-15,-0.26518558333934017,1.6029579609125403e-17,0.016,16.107991717868394,-0.36207480367941436,0.016,False
602,54499.35113,19.008086926791293,r,r,7181.57415582857,7181.57415582857,9.629464802247615e-16,-0.28238558333934094,1.5407143683596185e-17,0.016,16.150991717868393,-0.4050748036794136,0.016,False
603,54502.43944,22.096396926790476,r,r,5775.744336137142,5775.744336137142,8.165864140279218e-16,-0.35398558333933927,1.388196903847467e-17,0.017,16.329991717868392,-0.5840748036794121,0.017,False
604,54503.34666,23.003616926791437,r,r,5775.744336137142,5775.744336137142,7.719730694125703e-16,-0.37838558333933925,1.1579596041188554e-17,0.015,16.390991717868392,-0.6450748036794121,0.015,False
605,54505.41571,25.07266692678968,r,r,5808.540468814284,5808.540468814284,7.001678256895151e-16,-0.4207855833393399,1.1202685211032241e-17,0.016,16.496991717868394,-0.7510748036794137,0.016,False
606,54507.21603,26.872986926791782,r,r,5993.401191977143,5993.401191977143,6.546394149865925e-16,-0.44998558333934113,1.1128870054772072e-17,0.017,16.569991717868394,-0.8240748036794141,0.017,False
607,54509.2764,28.93335692679102,r,r,6855.087885051428,6855.087885051428,6.031178054694206e-16,-0.4855855833393399,1.0253002692980151e-17,0.017,16.658991717868393,-0.9130748036794127,0.017,False
608,54510.16319,29.820146926787857,r,r,5808.129684617143,5808.129684617143,5.883044725042099e-16,-0.4963855833393396,9.412871560067359e-18,0.016,16.685991717868394,-0.9400748036794138,0.016,False
609,54520.25644,39.913396926785936,r,r,5808.129684617143,5808.129684617143,4.677374569121446e-16,-0.5959855833393402,8.887011681330748e-18,0.019,16.934991717868392,-1.1890748036794125,0.019,False
610,54523.24459,42.901546926790616,r,r,5808.129684617143,5808.129684617143,4.321177937531979e-16,-0.6303855833393399,7.346002493804365e-18,0.017,17.020991717868394,-1.2750748036794146,0.017,False
611,54524.27715,43.934106926790264,r,r,5808.129684617143,5808.129684617143,4.222815918929315e-16,-0.6403855833393397,7.601068654072767e-18,0.018,17.045991717868393,-1.3000748036794132,0.018,False
612,54531.13424,50.79119692678796,r,r,5808.129684617143,5808.129684617143,3.6307985226728825e-16,-0.7059855833393414,6.535437340811188e-18,0.018,17.209991717868395,-1.4640748036794147,0.018,False
613,54536.16027,55.81722692678886,r,r,5775.744336137142,5775.744336137142,3.235952589506825e-16,-0.7559855833393403,6.47190517901365e-18,0.02,17.334991717868395,-1.5890748036794147,0.02,False
614,54537.15307,56.81002692678885,r,r,5808.129684617143,5808.129684617143,3.2419189279759364e-16,-0.7551855833393404,6.159645963154279e-18,0.019,17.332991717868392,-1.5870748036794122,0.019,False
615,54539.11959,58.776546926790616,r,r,5808.129684617143,5808.129684617143,3.19743813274219e-16,-0.7611855833393406,6.714620078758599e-18,0.021,17.347991717868393,-1.6020748036794128,0.021,False
616,54547.1062,66.76315692679054,r,r,5898.65889696,5898.65889696,2.8287993924898577e-16,-0.8143855833393392,7.071998481224644e-18,0.025,17.480991717868392,-1.735074803679412,0.025,False
617,54549.22514,68.88209692679084,r,r,6307.4508,6307.4508,2.5374772081377417e-16,-0.8615855833393411,9.13491794929587e-18,0.036,17.598991717868394,-1.853074803679414,0.036,False
618,54553.12764,72.78459692678734,r,r,5775.744336137142,5775.744336137142,2.441193191654985e-16,-0.8783855833393392,5.6147443408064654e-18,0.023,17.640991717868392,-1.895074803679412,0.023,False
619,54558.1034,77.76035692678852,r,r,5898.65889696,5898.65889696,2.1998960000608268e-16,-0.9235855833393387,5.9397192001642326e-18,0.027,17.75399171786839,-2.0080748036794116,0.027,False
620,54572.16715,91.82410692678968,r,r,5775.744336137142,5775.744336137142,1.5431287052155656e-16,-1.0775855833393404,5.246637597732923e-18,0.034,18.138991717868393,-2.393074803679413,0.034,False
621,54575.24338,94.90033692678844,r,r,6307.4508,6307.4508,1.638332890513189e-16,-1.0515855833393388,5.242665249642205e-18,0.032,18.07399171786839,-2.328074803679412,0.032,False
622,54579.12469,98.78164692678547,r,r,7053.467967085714,7053.467967085714,1.477754022079724e-16,-1.096385583339341,5.024363675071062e-18,0.034,18.185991717868394,-2.4400748036794138,0.034,False
623,54583.1405,102.79745692678989,r,r,5775.744336137142,5775.744336137142,1.4008839193019699e-16,-1.1195855833393402,4.062563365975713e-18,0.029,18.243991717868393,-2.4980748036794136,0.029,False
624,54585.16881,104.8257669267914,r,r,5898.65889696,5898.65889696,1.3049748746612948e-16,-1.1503855833393395,5.611391961043567e-18,0.043,18.32099171786839,-2.5750748036794118,0.043,False
625,54590.1659,109.82285692678852,r,r,5775.744336137142,5775.744336137142,1.2325432001473725e-16,-1.1751855833393403,5.053427120604227e-18,0.041,18.382991717868393,-2.637074803679413,0.041,False
626,54593.15713,112.81408692678815,r,r,5898.65889696,5898.65889696,1.0874321030896564e-16,-1.2295855833393396,4.023498781431729e-18,0.037,18.518991717868392,-2.773074803679412,0.037,False
627,54594.15625,113.81320692678855,r,r,5775.744336137142,5775.744336137142,1.0934581101072502e-16,-1.22718558333934,4.920561495482626e-18,0.045,18.512991717868392,-2.767074803679412,0.045,False
628,54597.16552,116.82247692679084,r,r,7169.550066239999,7169.550066239999,1.056822741219491e-16,-1.241985583339341,4.6500200613657596e-18,0.044,18.549991717868394,-2.8040748036794145,0.044,False
629,54603.14835,122.80530692679167,r,r,5683.557263999999,5683.557263999999,9.871931883596319e-17,-1.2715855833393395,7.996264825713019e-18,0.081,18.623991717868392,-2.8780748036794126,0.081,False
630,54615.14566,134.8026169267905,r,r,5775.744336137142,5775.744336137142,7.297971282165954e-17,-1.4027855833393392,4.597721907764552e-18,0.063,18.951991717868392,-3.206074803679412,0.063,False
631,54470.4754,-9.867643073208455,i',i',6672.194759999999,6672.194759999999,4.4086202165063964e-16,-0.6216850455503042,7.935516389711513e-18,0.018,16.558135219703043,-0.8122183055140635,0.018,False
632,54474.43624,-5.906803073208721,i',i',7556.486551499998,7556.486551499998,7.289583043727848e-16,-0.4032850455503034,1.385020778308291e-17,0.019,16.012135219703044,-0.2662183055140641,0.019,False
633,54475.40567,-4.937373073211347,i',i',7468.580727908571,7468.580727908571,7.978159010298628e-16,-0.3640850455503042,1.1967238515447942e-17,0.015,15.914135219703047,-0.1682183055140669,0.015,False
634,54476.43241,-3.9106330732101924,i',i',7556.486551499998,7556.486551499998,8.462578062900275e-16,-0.33848504555030523,1.607889831951052e-17,0.019,15.850135219703047,-0.10421830551406686,0.019,False
635,54477.35887,-2.984173073215061,i',i',7556.486551499998,7556.486551499998,9.042795048903665e-16,-0.30968504555030485,1.5372751583136233e-17,0.017,15.778135219703048,-0.03221830551406768,0.017,False
636,54478.3883,-1.9547430732127395,i',i',8668.88890302857,8668.88890302857,9.636130831320497e-16,-0.2820850455503052,1.7345035496376893e-17,0.018,15.709135219703047,0.03678169448593316,0.018,False
637,54480.38913,0.04608692679175874,i',i',7728.138599999999,7728.138599999999,1.0673397600190312e-15,-0.2376850455503039,1.6010096400285467e-17,0.015,15.598135219703046,0.1477816944859338,0.015,False
638,54481.50664,1.1635969267881592,i',i',7728.138599999999,7728.138599999999,1.1207343623526039e-15,-0.21648504555030534,2.1293952884699474e-17,0.019,15.545135219703047,0.20078169448593286,0.019,False
639,54482.42545,2.082406926791009,i',i',8512.868121642856,8512.868121642856,1.1135319636306422e-15,-0.21928504555030415,2.004357534535156e-17,0.018,15.552135219703047,0.1937816944859332,0.018,False
640,54483.27476,2.931716926788795,i',i',7728.138599999999,7728.138599999999,1.1176419331857225e-15,-0.21768504555030432,2.235283866371445e-17,0.02,15.548135219703047,0.19778169448593275,0.02,False
641,54484.36057,4.017526926785649,i',i',8668.88890302857,8668.88890302857,1.1012925158315942e-15,-0.2240850455503054,1.9823265284968694e-17,0.018,15.564135219703047,0.18178169448593273,0.018,False
642,54494.46304,14.119996926790918,i',i',8678.347817314285,8678.347817314285,9.034470161213187e-16,-0.3100850455503057,1.355170524181978e-17,0.015,15.779135219703047,-0.033218305514067126,0.015,False
643,54495.36085,15.017806926785852,i',i',8647.040867314285,8647.040867314285,8.104060748366133e-16,-0.3572850455503058,1.3776903272222427e-17,0.017,15.897135219703047,-0.15121830551406745,0.017,False
644,54496.33469,15.991646926791873,i',i',8647.040867314285,8647.040867314285,8.007605844075187e-16,-0.36248504555030436,1.201140876611278e-17,0.015,15.910135219703047,-0.16421830551406735,0.015,False
645,54497.39456,17.05151692678919,i',i',7639.2520515,7639.2520515,7.739317931356993e-16,-0.3772850455503054,1.6252567655849686e-17,0.021,15.947135219703048,-0.20121830551406816,0.021,False
646,54498.30576,17.962716926791472,i',i',8647.040867314285,8647.040867314285,7.222751744674197e-16,-0.40728504555030476,1.4445503489348396e-17,0.02,16.022135219703046,-0.2762183055140657,0.02,False
647,54499.34811,19.00506692678755,i',i',7639.2520515,7639.2520515,6.935897842143462e-16,-0.4248850455503046,1.109743654742954e-17,0.016,16.066135219703046,-0.32021830551406616,0.016,False
648,54502.43644,22.093396926786227,i',i',8602.779235062855,8602.779235062855,5.936120220514015e-16,-0.49248504555030514,9.497792352822423e-18,0.016,16.235135219703047,-0.48921830551406664,0.016,False
649,54503.34363,23.000586926791584,i',i',8602.779235062855,8602.779235062855,5.795657171038673e-16,-0.502885045550304,9.273051473661877e-18,0.016,16.261135219703046,-0.5152183055140664,0.016,False
650,54505.4127,25.06965692678932,i',i',7639.2520515,7639.2520515,5.16062958572523e-16,-0.5532850455503038,9.805196212877936e-18,0.019,16.387135219703044,-0.6412183055140641,0.019,False
651,54509.27339,28.930346926790662,i',i',7285.931231588571,7285.931231588571,4.523792621041157e-16,-0.6104850455503037,8.595205979978198e-18,0.019,16.530135219703045,-0.7842183055140648,0.019,False
652,54510.16017,29.81712692679139,i',i',7468.580727908571,7468.580727908571,4.416748679351838e-16,-0.6208850455503043,7.950147622833308e-18,0.018,16.556135219703044,-0.8102183055140646,0.018,False
653,54520.25344,39.91039692678896,i',i',7468.580727908571,7468.580727908571,3.5245419811206127e-16,-0.7188850455503051,6.344175566017102e-18,0.018,16.801135219703045,-1.0552183055140656,0.018,False
654,54523.24159,42.898546926786366,i',i',7468.580727908571,7468.580727908571,3.325850227851498e-16,-0.7440850455503032,5.653945387347547e-18,0.017,16.864135219703044,-1.1182183055140644,0.017,False
655,54524.27413,43.93108692678652,i',i',7468.580727908571,7468.580727908571,3.167398362447474e-16,-0.7652850455503035,6.651536561139696e-18,0.021,16.917135219703045,-1.1712183055140652,0.021,False
656,54531.13123,50.7881869267876,i',i',7468.580727908571,7468.580727908571,2.720838021336429e-16,-0.8312850455503042,5.713759844806502e-18,0.021,17.082135219703044,-1.3362183055140644,0.021,False
657,54536.15722,55.814176926789514,i',i',8602.779235062855,8602.779235062855,2.5020886211732637e-16,-0.8676850455503047,5.254386104463854e-18,0.021,17.173135219703045,-1.4272183055140655,0.021,False
658,54537.15007,56.80702692679188,i',i',7468.580727908571,7468.580727908571,2.380689123691297e-16,-0.8892850455503041,4.999447159751724e-18,0.021,17.227135219703044,-1.481218305514064,0.021,False
659,54539.11659,58.773546926786366,i',i',7468.580727908571,7468.580727908571,2.3200785445170917e-16,-0.9004850455503046,5.800196361292729e-18,0.025,17.255135219703046,-1.5092183055140662,0.025,False
660,54545.10436,64.7613169267861,i',i',7728.138599999999,7728.138599999999,1.9404510329876709e-16,-0.978085045550305,6.597533512158082e-18,0.034,17.449135219703045,-1.7032183055140653,0.034,False
661,54547.10321,66.76016692678968,i',i',6672.194759999999,6672.194759999999,1.9315354703412993e-16,-0.9800850455503038,5.6014528639897685e-18,0.029,17.454135219703044,-1.7082183055140643,0.029,False
662,54549.22212,68.87907692678709,i',i',7728.138599999999,7728.138599999999,1.9262058071972024e-16,-0.9812850455503046,5.971238002311327e-18,0.031,17.457135219703044,-1.7112183055140644,0.031,False
663,54553.12463,72.78158692678699,i',i',8602.779235062855,8602.779235062855,1.7119957722309309e-16,-1.0324850455503043,4.6223885850235135e-18,0.027,17.585135219703044,-1.8392183055140645,0.027,False
664,54558.10038,77.75733692679205,i',i',6672.194759999999,6672.194759999999,1.442456376439545e-16,-1.1068850455503032,4.904351679894453e-18,0.034,17.771135219703044,-2.0252183055140645,0.034,False
665,54572.16413,91.82108692678594,i',i',8602.779235062855,8602.779235062855,1.1311043897296816e-16,-1.212485045550304,3.958865364053886e-18,0.035,18.035135219703044,-2.289218305514064,0.035,False
666,54575.24037,94.89732692678808,i',i',7728.138599999999,7728.138599999999,1.0497906196980655e-16,-1.2448850455503049,3.8842252928828425e-18,0.037,18.116135219703047,-2.370218305514067,0.037,False
667,54579.12168,98.77863692678511,i',i',7468.580727908571,7468.580727908571,9.64501012424086e-17,-1.2816850455503026,3.858004049696344e-18,0.04,18.208135219703045,-2.4622183055140656,0.04,False
668,54583.13749,102.79444692678953,i',i',8602.779235062855,8602.779235062855,9.34765527178298e-17,-1.2952850455503029,3.4586324505597025e-18,0.037,18.242135219703044,-2.4962183055140645,0.037,False
669,54585.16579,104.82274692678766,i',i',6672.194759999999,6672.194759999999,9.495168757545085e-17,-1.2884850455503045,5.0324394414988944e-18,0.053,18.225135219703045,-2.479218305514065,0.053,False
670,54590.16289,109.81984692678816,i',i',8602.779235062855,8602.779235062855,7.289583043727849e-17,-1.4032850455503034,3.936374843613039e-18,0.054,18.512135219703044,-2.766218305514064,0.054,False
671,54593.15411,112.81106692679168,i',i',9217.352039177142,9217.352039177142,7.926887376100888e-17,-1.366885045550303,4.2805191830944794e-18,0.054,18.421135219703046,-2.6752183055140666,0.054,False
672,54594.15325,113.81020692679158,i',i',7373.633626834285,7373.633626834285,6.490866663239996e-17,-1.4536850455503032,3.505067998149598e-18,0.054,18.638135219703045,-2.8922183055140653,0.054,False
673,54595.17017,114.82712692678615,i',i',7728.138599999999,7728.138599999999,6.526835812901679e-17,-1.4512850455503052,7.048982677933814e-18,0.108,18.632135219703045,-2.886218305514065,0.108,False
674,54603.14478,122.80173692679091,i',i',8574.908832,8574.908832,5.0992075347031326e-17,-1.558485045550304,4.742263007273913e-18,0.093,18.900135219703046,-3.154218305514066,0.093,False
675,54615.14264,134.79959692678676,i',i',8602.779235062855,8602.779235062855,4.26483946050747e-17,-1.6360850455503044,4.819268590373441e-18,0.113,19.094135219703045,-3.348218305514065,0.113,False
676,54470.47772,-9.865323073208856,r',r',5898.65889696,5898.65889696,7.45421903734617e-16,-0.39358558333933935,1.2672172363488489e-17,0.017,16.428991717868392,-0.6830748036794123,0.017,False
677,54474.43855,-5.904493073212507,r',r',5716.31605452857,5716.31605452857,1.2122777941527035e-15,-0.18238558333933952,2.0608722500595962e-17,0.017,15.900991717868393,-0.15507480367941362,0.017,False
678,54475.408,-4.935043073208362,r',r',7053.467967085714,7053.467967085714,1.3146257965259155e-15,-0.14718558333933984,1.8404761151362817e-17,0.014,15.812991717868393,-0.06707480367941265,0.014,False
679,54476.43472,-3.908323073213978,r',r',5716.31605452857,5716.31605452857,1.426928295864488e-15,-0.11158558333933932,2.2830852733831808e-17,0.016,15.723991717868392,0.02192519632058776,0.016,False
680,54477.36118,-2.9818630732115707,r',r',5716.31605452857,5716.31605452857,1.4928017999836696e-15,-0.09198558333934059,2.3884828799738714e-17,0.016,15.674991717868393,0.07092519632058725,0.016,False
681,54478.39062,-1.95242307321314,r',r',5815.533690899999,5815.533690899999,1.6069492085264228e-15,-0.059985583339340565,2.5711187336422766e-17,0.016,15.594991717868393,0.15092519632058732,0.016,False
682,54480.39146,0.04841692678746767,r',r',6307.4508,6307.4508,1.7108114573030678e-15,-0.03278558333934001,2.395136040224295e-17,0.014,15.526991717868393,0.21892519632058693,0.014,False
683,54481.50896,1.1659169267877587,r',r',6307.4508,6307.4508,1.836547435532419e-15,-0.001985583339340735,2.7548211532986286e-17,0.015,15.449991717868393,0.2959251963205869,0.015,False
684,54482.42596,2.0829169267890393,r',r',5699.713295228571,5699.713295228571,1.846724666555136e-15,0.00041441666066077687,3.1394319331437316e-17,0.017,15.443991717868393,0.3019251963205871,0.017,False
685,54483.27777,2.9347269267891534,r',r',6307.4508,6307.4508,1.8180346243070776e-15,-0.006385583339339362,3.0906588613220323e-17,0.017,15.460991717868392,0.28492519632058766,0.017,False
686,54484.36358,4.020536926786008,r',r',5815.533690899999,5815.533690899999,1.8382397374456717e-15,-0.001585583339339891,2.941183579913075e-17,0.016,15.448991717868394,0.29692519632058634,0.016,False
687,54494.46605,14.123006926791277,r',r',5699.713295228571,5699.713295228571,1.2835185511468806e-15,-0.15758558333934047,1.7969259716056327e-17,0.014,15.838991717868392,-0.09307480367941245,0.014,False
688,54495.36388,15.020836926785705,r',r',5735.4927900342855,5735.4927900342855,1.2280106974937809e-15,-0.17678558333934014,2.0876181857394276e-17,0.017,15.886991717868394,-0.14107480367941427,0.017,False
689,54496.33771,15.99466692678834,r',r',5735.4927900342855,5735.4927900342855,1.1566505003881532e-15,-0.20278558333933994,1.6193107005434144e-17,0.014,15.951991717868392,-0.206074803679412,0.014,False
690,54497.39757,17.05452692678955,r',r',5808.540468814284,5808.540468814284,1.079449054006235e-15,-0.2327855833393393,1.8350633918105996e-17,0.017,16.02699171786839,-0.2810748036794113,0.017,False
691,54498.30879,17.965746926791326,r',r',5735.4927900342855,5735.4927900342855,1.0018487255703377e-15,-0.26518558333934017,1.6029579609125403e-17,0.016,16.107991717868394,-0.36207480367941436,0.016,False
692,54499.35113,19.008086926791293,r',r',7181.57415582857,7181.57415582857,9.629464802247615e-16,-0.28238558333934094,1.5407143683596185e-17,0.016,16.150991717868393,-0.4050748036794136,0.016,False
693,54502.43944,22.096396926790476,r',r',5775.744336137142,5775.744336137142,8.165864140279218e-16,-0.35398558333933927,1.388196903847467e-17,0.017,16.329991717868392,-0.5840748036794121,0.017,False
694,54503.34666,23.003616926791437,r',r',5775.744336137142,5775.744336137142,7.719730694125703e-16,-0.37838558333933925,1.1579596041188554e-17,0.015,16.390991717868392,-0.6450748036794121,0.015,False
695,54505.41571,25.07266692678968,r',r',5808.540468814284,5808.540468814284,7.001678256895151e-16,-0.4207855833393399,1.1202685211032241e-17,0.016,16.496991717868394,-0.7510748036794137,0.016,False
696,54507.21603,26.872986926791782,r',r',5993.401191977143,5993.401191977143,6.546394149865925e-16,-0.44998558333934113,1.1128870054772072e-17,0.017,16.569991717868394,-0.8240748036794141,0.017,False
697,54509.2764,28.93335692679102,r',r',6855.087885051428,6855.087885051428,6.031178054694206e-16,-0.4855855833393399,1.0253002692980151e-17,0.017,16.658991717868393,-0.9130748036794127,0.017,False
698,54510.16319,29.820146926787857,r',r',5808.129684617143,5808.129684617143,5.883044725042099e-16,-0.4963855833393396,9.412871560067359e-18,0.016,16.685991717868394,-0.9400748036794138,0.016,False
699,54520.25644,39.913396926785936,r',r',5808.129684617143,5808.129684617143,4.677374569121446e-16,-0.5959855833393402,8.887011681330748e-18,0.019,16.934991717868392,-1.1890748036794125,0.019,False
700,54523.24459,42.901546926790616,r',r',5808.129684617143,5808.129684617143,4.321177937531979e-16,-0.6303855833393399,7.346002493804365e-18,0.017,17.020991717868394,-1.2750748036794146,0.017,False
701,54524.27715,43.934106926790264,r',r',5808.129684617143,5808.129684617143,4.222815918929315e-16,-0.6403855833393397,7.601068654072767e-18,0.018,17.045991717868393,-1.3000748036794132,0.018,False
702,54531.13424,50.79119692678796,r',r',5808.129684617143,5808.129684617143,3.6307985226728825e-16,-0.7059855833393414,6.535437340811188e-18,0.018,17.209991717868395,-1.4640748036794147,0.018,False
703,54536.16027,55.81722692678886,r',r',5775.744336137142,5775.744336137142,3.235952589506825e-16,-0.7559855833393403,6.47190517901365e-18,0.02,17.334991717868395,-1.5890748036794147,0.02,False
704,54537.15307,56.81002692678885,r',r',5808.129684617143,5808.129684617143,3.2419189279759364e-16,-0.7551855833393404,6.159645963154279e-18,0.019,17.332991717868392,-1.5870748036794122,0.019,False
705,54539.11959,58.776546926790616,r',r',5808.129684617143,5808.129684617143,3.19743813274219e-16,-0.7611855833393406,6.714620078758599e-18,0.021,17.347991717868393,-1.6020748036794128,0.021,False
706,54547.1062,66.76315692679054,r',r',5898.65889696,5898.65889696,2.8287993924898577e-16,-0.8143855833393392,7.071998481224644e-18,0.025,17.480991717868392,-1.735074803679412,0.025,False
707,54549.22514,68.88209692679084,r',r',6307.4508,6307.4508,2.5374772081377417e-16,-0.8615855833393411,9.13491794929587e-18,0.036,17.598991717868394,-1.853074803679414,0.036,False
708,54553.12764,72.78459692678734,r',r',5775.744336137142,5775.744336137142,2.441193191654985e-16,-0.8783855833393392,5.6147443408064654e-18,0.023,17.640991717868392,-1.895074803679412,0.023,False
709,54558.1034,77.76035692678852,r',r',5898.65889696,5898.65889696,2.1998960000608268e-16,-0.9235855833393387,5.9397192001642326e-18,0.027,17.75399171786839,-2.0080748036794116,0.027,False
710,54572.16715,91.82410692678968,r',r',5775.744336137142,5775.744336137142,1.5431287052155656e-16,-1.0775855833393404,5.246637597732923e-18,0.034,18.138991717868393,-2.393074803679413,0.034,False
711,54575.24338,94.90033692678844,r',r',6307.4508,6307.4508,1.638332890513189e-16,-1.0515855833393388,5.242665249642205e-18,0.032,18.07399171786839,-2.328074803679412,0.032,False
712,54579.12469,98.78164692678547,r',r',7053.467967085714,7053.467967085714,1.477754022079724e-16,-1.096385583339341,5.024363675071062e-18,0.034,18.185991717868394,-2.4400748036794138,0.034,False
713,54583.1405,102.79745692678989,r',r',5775.744336137142,5775.744336137142,1.4008839193019699e-16,-1.1195855833393402,4.062563365975713e-18,0.029,18.243991717868393,-2.4980748036794136,0.029,False
714,54585.16881,104.8257669267914,r',r',5898.65889696,5898.65889696,1.3049748746612948e-16,-1.1503855833393395,5.611391961043567e-18,0.043,18.32099171786839,-2.5750748036794118,0.043,False
715,54590.1659,109.82285692678852,r',r',5775.744336137142,5775.744336137142,1.2325432001473725e-16,-1.1751855833393403,5.053427120604227e-18,0.041,18.382991717868393,-2.637074803679413,0.041,False
716,54593.15713,112.81408692678815,r',r',5898.65889696,5898.65889696,1.0874321030896564e-16,-1.2295855833393396,4.023498781431729e-18,0.037,18.518991717868392,-2.773074803679412,0.037,False
717,54594.15625,113.81320692678855,r',r',5775.744336137142,5775.744336137142,1.0934581101072502e-16,-1.22718558333934,4.920561495482626e-18,0.045,18.512991717868392,-2.767074803679412,0.045,False
718,54597.16552,116.82247692679084,r',r',7169.550066239999,7169.550066239999,1.056822741219491e-16,-1.241985583339341,4.6500200613657596e-18,0.044,18.549991717868394,-2.8040748036794145,0.044,False
719,54603.14835,122.80530692679167,r',r',5683.557263999999,5683.557263999999,9.871931883596319e-17,-1.2715855833393395,7.996264825713019e-18,0.081,18.623991717868392,-2.8780748036794126,0.081,False
720,54615.14566,134.8026169267905,r',r',5775.744336137142,5775.744336137142,7.297971282165954e-17,-1.4027855833393392,4.597721907764552e-18,0.063,18.951991717868392,-3.206074803679412,0.063,False
