,SNID,Filter,n_points,GOPREAUX_bias,GOPREAUX_mad,GOPREAUX_iqr,GOPREAUX_chi2,median_residuals
0,10018194,g,2,-0.3630426598888492,0.20350874266020758,0.20350874266020758,0.20872277678056017,-0.3630426598888492
1,10018194,i,6,0.4045799991638735,0.11891882216467636,0.20811462801374359,0.9850182375926485,0.4045799991638735
2,10018194,r,4,0.09407824577231358,0.009577041818330911,0.017328142778145275,0.08905714470267706,0.09407824577231358
3,10099918,g,5,-0.18878235620776762,0.09727978200952761,0.1079573487316409,0.12173454264941079,-0.18878235620776762
4,10099918,i,4,0.19099973506749127,0.15005215218016882,0.28020350716921855,0.3259902886460995,0.19099973506749127
5,10099918,r,6,0.018505827518005544,0.08043614876569732,0.1525556484845566,0.22975600370043514,0.018505827518005544
6,10207073,i,4,0.825743557736193,0.3218220227948809,0.6170066140537565,2.183640767787451,0.825743557736193
7,10207073,r,4,0.7798760628061194,0.28077621438805506,0.5181239459112302,3.221137027384207,0.7798760628061194
8,10207073,u,2,-0.6434124065771799,0.2987280173409913,0.2987280173409913,1.3861128024341052,
9,10210387,i,5,0.4973636236493879,0.05542846220984998,0.12466786315550488,1.066696233030457,0.4973636236493879
10,10210387,r,7,0.3065594968164298,0.05943680723636424,0.19363180963800397,2.4440143840360866,0.3065594968164298
11,10210387,u,2,-0.10964330136055632,0.03230381011962892,0.032303810119628934,0.1727951027659823,-0.10964330136055632
12,10379731,i,7,0.44789885544036295,0.18672238741952346,0.3321129272381321,1.0537524643973752,0.44789885544036295
13,10379731,r,9,0.7102652791360832,0.12332612408814403,0.18532138101392492,2.063038651472921,0.7102652791360832
14,1041731,g,7,-1.0372583159881454,0.4276181428002498,0.5698586098002396,1.4021661995946413,-1.0372583159881454
15,1041731,r,6,-0.11574325714613531,0.1451414387607008,0.2642479974950193,0.15578608546579922,-0.11574325714613531
16,1041731,u,7,-0.8407407023502123,0.23951826472392512,0.6379476963470972,1.1804989979143066,-0.8407407023502123
17,10434650,i,10,0.1947761191594105,0.029227190784918977,0.053536276050931725,0.20588044005769052,0.1947761191594105
18,10434650,r,5,0.32745173024175034,0.008356360318707234,0.009561406800727035,0.23871162514086547,0.32745173024175034
19,10496284,g,2,0.037410466535545694,0.022527127747364734,0.022527127747364734,0.036112702613571274,0.037410466535545694
20,10496284,i,2,0.676126755393363,0.13431368442240066,0.13431368442240066,1.849004721360198,0.676126755393363
21,10496284,r,5,0.5035877299917968,0.06233305821660673,0.1143728697447895,4.219270617977211,0.5035877299917968
22,10496284,u,2,0.9846899567605136,0.04095352801167679,0.04095352801167684,8.486813554249505,0.9846899567605136
23,10649545,g,2,0.5073449730233908,0.18859444321568072,0.1885944432156807,0.7108314909221789,0.5073449730233908
24,10649545,i,5,0.5942063409255086,0.25118546941559594,0.2671533923233219,1.1620390304732287,0.5942063409255086
25,10649545,r,5,0.7641988182679114,0.1482779822049638,0.23956367473051654,2.016925875615894,0.7641988182679114
26,10718157,g,6,-0.17429581799091326,0.04797214274183281,0.07621371583585804,0.3833435799546987,-0.17429581799091326
27,10718157,r,6,0.07425191548890489,0.1221791289983952,0.3674217329407414,0.2710139750819079,0.07425191548890489
28,10718157,u,3,0.05772957122967301,0.09332746098470623,0.11888705272828493,0.07759239613837103,0.05772957122967301
29,10847460,g,4,0.2993452350311777,0.3170454301300367,0.6113026183171628,0.196460113305917,0.2993452350311777
30,10847460,i,6,-0.3644513956921631,0.07949002933878269,0.18320369987046364,2.450391557893985,-0.3644513956921631
31,10847460,r,11,0.19919496246961266,0.13973601730693652,0.2590448346369842,0.21747392938674726,0.19919496246961266
32,10847460,u,4,-0.3277343430678178,0.014528222062992868,0.07601875187670731,0.13373742248950357,-0.3277343430678178
33,11018451,i,6,0.3351748579031618,0.012795162627634832,0.02169553284250081,0.8089588271021407,
34,11018451,r,8,0.42213582366219743,0.019657694535116482,0.040254008233980454,0.5319021320542561,
35,11018451,u,5,-0.17998366126733112,0.022029581564606437,0.03846974176127177,0.1879479314041448,-0.17998366126733112
36,11093432,i,3,0.2992314163250128,0.02928526141165999,0.05372436747225218,1.7995989977315616,0.2992314163250128
37,11093432,r,4,0.7155772605455903,0.13545348143819907,0.21338582084255642,1.7708768178419545,0.7155772605455903
38,11093432,u,3,-0.3219876694379512,0.08031683468094342,0.13200993690676657,0.2072268087643503,-0.3219876694379512
39,11251210,i,9,0.7887179245388036,0.08401497012914816,0.2919159089594533,5.332997993818263,0.7887179245388036
40,11251210,r,10,0.5619589727115912,0.07528191250022342,0.1655493375389976,4.951050191239017,0.5619589727115912
41,11251210,u,3,-0.033755532864555196,0.01906155587361026,0.02029366920039044,0.014913267178166635,-0.033755532864555196
42,11261121,g,3,-0.06553557129127341,0.01119205318060909,0.06631313773812574,0.05375924960445919,-0.06553557129127341
43,11261121,i,3,1.3898198525023682,0.1394637438384445,0.2658478970979328,4.440953133832497,1.3898198525023682
44,11261121,r,5,1.1023967869585047,0.3356539043744391,0.4771023612444478,3.6725957597736754,1.1023967869585047
45,11281194,g,2,-0.23300601998067627,0.04052194554250321,0.04052194554250321,0.04836196216944208,
46,11281194,i,5,0.6165258739302485,0.029270271350283483,0.09975691111137919,1.0078361238890428,0.6165258739302485
47,11281194,r,9,0.5126780710814262,0.025122664783575444,0.046231355116233996,0.8882286153378375,
48,11281194,u,4,-0.27697896732853694,0.012579308364383618,0.446131126912135,1.7338580243386343,-0.27697896732853694
49,11306770,g,3,0.004584010510855996,0.00810252208884299,0.025553895183520692,0.0025877157814563332,0.004584010510855996
50,11306770,i,2,0.6228067347082262,0.02093268120178854,0.020932681201788594,1.7902818742946434,0.6228067347082262
51,11306770,r,3,0.6599401687859507,0.018318839065632142,0.05480845134554657,5.578982803956016,0.6599401687859507
52,11306770,u,3,0.40910480127650517,0.030670860191101768,0.03816130091401343,1.0737526414221283,0.40910480127650517
53,11345520,i,5,0.398872090861834,0.08827866257628963,0.4113767840075771,2.7979477789684957,0.398872090861834
54,11345520,r,5,0.8561399330921132,0.1406510264754216,0.20754416709711287,2.5112329372633972,0.8561399330921132
55,11349357,g,2,-0.2907949971361852,0.11767752643663057,0.1176775264366306,0.49702267652558996,-0.2907949971361852
56,11349357,i,5,0.3891817379416346,0.10402987614444947,0.13682773813625604,2.054376534930693,0.3891817379416346
57,11349357,r,4,0.37527288814534787,0.017656206120881146,0.12307261091299865,2.0033595252841874,0.37527288814534787
58,11448092,g,5,-0.011126345432082574,0.06274337729922363,0.11841758635817345,0.011344051361868543,-0.011126345432082574
59,11448092,r,5,0.6521429985201007,0.044949845477513684,0.11162169996633375,3.2055400144543595,0.6521429985201007
60,11448092,u,4,-0.19294939544389816,0.1219526458940497,0.2343665838949191,0.1399499960662542,-0.19294939544389816
61,1157973,g,3,-0.007320688240849388,0.011678384934568298,0.019370983370738754,0.0022747505849109594,-0.007320688240849388
62,1157973,i,5,0.5247316111138108,0.11183437301161203,0.15261197651587444,0.8843844405345406,
63,1157973,r,3,0.38981086928520264,0.012733115834470288,0.013557898267975044,1.502973626314532,
64,11627647,i,4,0.6996091237134813,0.0789962899068169,0.16769275933444694,0.9936370769303869,0.6996091237134813
65,11627647,r,6,0.6356420540759357,0.13259405970413168,0.21600091621025141,1.4156020018705135,0.6356420540759357
66,11684694,g,4,0.3249123042381171,0.08391533669288634,0.2752158240525224,0.3459001833210462,0.3249123042381171
67,11684694,i,2,1.2518374986712768,0.5474457098890988,0.5474457098890988,2.9285017765026304,1.2518374986712768
68,11684694,r,3,1.550683161908963,0.02556111610587042,0.44674681315507403,2.832685668831316,1.550683161908963
69,11684694,u,2,-0.21104622319542238,0.03743765446806807,0.03743765446806807,0.10686069895456501,-0.21104622319542238
70,11735831,g,3,-0.176948161527969,0.05374756939584968,0.05751076254985721,0.07141231826850052,-0.176948161527969
71,11735831,r,4,0.3124389717766287,0.030951774134520882,0.05853115556135097,0.1806786491530725,0.3124389717766287
72,11735831,u,3,-0.44617712032169043,0.009569001245717024,0.09287566475878373,0.4049671403100752,-0.44617712032169043
73,1174053,g,6,-0.10610143738327231,0.018486349200703467,0.22448391194916717,0.1749808603504374,-0.10610143738327231
74,1174053,i,6,0.7745496034345911,0.10683284545486138,0.16053044997447852,4.325405584880623,0.7745496034345911
75,1174053,r,8,0.2918658577408868,0.12868747448245438,0.9286796271422655,1.4984603491091697,0.2918658577408868
76,1174053,u,3,0.033940541062596585,0.00943529133126797,0.033833213366049955,0.007435360812286716,0.033940541062596585
77,11833002,g,4,-0.03634767507291098,0.08041709658775303,0.16347495184313976,0.1496622841451753,-0.03634767507291098
78,11833002,i,6,0.7547716299046289,0.13226396823100034,0.22215096380050559,3.081614329049246,0.7547716299046289
79,11833002,r,12,0.5826453376837482,0.05589147875607359,0.09790410498987534,2.825084103876325,0.5826453376837482
80,11833002,u,5,0.1200892306080738,0.03946189086479837,0.048378333536403334,0.06130768849894751,0.1200892306080738
81,12046334,g,4,-0.19995382190789726,0.02815061596818072,0.08553463334586431,0.5287277232981322,-0.19995382190789726
82,12046334,i,4,0.7141780514513975,0.11621111668339273,0.2084535329526448,4.290596835058334,0.7141780514513975
83,12046334,r,6,0.29973194058121566,0.08678137816471435,0.15640282202628142,1.0291395438752433,0.29973194058121566
84,12046334,u,3,-0.08002144978210804,0.006465942683705414,0.04212570296220876,0.03824092090534905,-0.08002144978210804
85,12145004,i,7,0.27576603922805515,0.09462196797361128,0.1648391195644962,1.0187755009778547,0.27576603922805515
86,12145004,r,6,0.2760478899767506,0.05195316989436069,0.19697813317859542,1.0917764510978258,0.2760478899767506
87,12172580,g,4,0.05758046004719719,0.027986538627656557,0.5680478335826227,1.0735127134538611,0.05758046004719719
88,12172580,r,4,0.25635914628816936,0.05105420749437167,0.07270710261027585,0.804658458129139,0.25635914628816936
89,12172580,u,4,-0.08796916811618348,0.02801746910407514,0.06430671824531943,0.13786410916180944,-0.08796916811618348
90,12371353,g,2,-0.9010190838316112,0.8098642654247148,0.8098642654247148,1.849447530902407,-0.9010190838316112
91,12371353,i,9,0.3044337630242819,0.10335317651444392,0.16708973993308107,0.9144330104863209,0.3044337630242819
92,12371353,r,11,0.014730996641154487,0.04381356426183744,0.06732474284689036,0.07633755709292346,0.014730996641154487
93,12371353,u,4,-1.0079509139694902,0.11837965394816807,0.32271596467276764,1.6318802898759952,-1.0079509139694902
94,12459122,g,4,0.552888287938742,0.04056192013716975,0.4842563063221681,1.6059312391928313,0.552888287938742
95,12459122,i,2,1.3455584229806727,0.44185996965167573,0.4418599696516756,3.2845070716239544,1.3455584229806727
96,12459122,r,2,1.2347789993571463,0.3833017298919347,0.38330172989193456,2.9231626196676097,1.2347789993571463
97,12459122,u,3,0.07587548179933346,0.009671846717520527,0.02596806728883788,0.01985819866374538,0.07587548179933346
98,12562281,g,4,-0.07890570050941785,0.03515294261648323,0.060831094791394355,0.19250996416946348,-0.07890570050941785
99,12562281,i,5,0.6538723232000953,0.07058345967287771,0.11440062792548844,4.665874670894163,0.6538723232000953
100,12562281,r,9,0.41842759056208445,0.10024934999683033,0.1910345759556829,4.330853405741455,0.41842759056208445
101,12607918,g,6,-0.1182510356876818,0.006250367799394196,0.009859643845102656,0.19637749998553974,-0.1182510356876818
102,12607918,i,8,0.8022937124431234,0.15041445787638696,0.3005763694991548,2.5319340327862587,0.8022937124431234
103,12607918,r,8,0.3404041951817167,0.049608279016530143,0.08790717529150244,1.3287229607670779,0.3404041951817167
104,12607918,u,2,0.12124000221483068,0.039598847875285656,0.03959884787528564,0.11755517239150579,0.12124000221483068
105,12625362,g,2,-0.06000119389553152,0.0013950634352254687,0.0013950634352254687,0.05247115962476487,-0.06000119389553152
106,12625362,i,6,0.8074929574899381,0.055197387256066155,0.08887029051450057,14.035853592047983,0.8074929574899381
107,12625362,r,10,0.32445211829756176,0.011139975050668965,0.0183014974372811,1.9231840758861822,0.32445211829756176
108,12625362,u,3,-1.4878869352217516,0.03791319518688985,0.7708106408480491,2.493975445998618,-1.4878869352217516
109,12636480,g,3,-0.03291911279353402,0.012510217245263133,0.048762545048483916,0.034249381881923405,
110,12636480,i,3,0.2010422097776694,0.01827986328771586,0.08903369797316321,0.19599126393633473,0.2010422097776694
111,12636480,r,7,0.22066017605018612,0.08095107762068615,0.14931449414483522,0.9109468374643124,
112,12642341,i,4,0.35742182095472025,0.07682001752788856,0.22625220395393625,0.4397523690381523,0.35742182095472025
113,12642341,r,7,0.39900877282403746,0.06397283132014664,0.16440647774275674,0.8069982057392165,0.39900877282403746
114,12642341,u,2,0.024170669498984915,0.05202016932357098,0.05202016932357098,0.01670622113202404,0.024170669498984915
115,12658695,g,6,0.21864815675872995,0.03387435436486136,0.06417535361674723,0.746677663538212,0.21864815675872995
116,12658695,r,5,0.6816646246959248,0.10722087607657338,0.19704946369001008,10.884631840861628,0.6816646246959248
117,12829315,g,4,-0.25636800623766254,0.0491570942117025,0.1995534681022077,0.3562840997758427,-0.25636800623766254
118,12829315,i,3,0.1082748950026573,0.016387538910378807,0.09317027545031487,0.07287693409921063,0.1082748950026573
119,12829315,r,7,-0.12821427506192307,0.2041943989214895,0.36101704389266437,0.2464267922686278,-0.12821427506192307
120,12829315,u,6,-1.1784462236956394,1.0126156785127107,2.375176659117775,5.009705389905249,-1.1784462236956394
121,12885749,g,3,-0.38918743788079413,0.18177892519382555,0.2548457886955847,0.39893158136193546,-0.38918743788079413
122,12885749,i,9,0.34439042060633146,0.13796579785196406,0.2188720921092937,1.2173431314894136,0.34439042060633146
123,12885749,r,8,0.24429433426678884,0.04220031141667045,0.06130910357459646,0.43945895144308483,0.24429433426678884
124,12929184,g,2,-0.060466677689764006,0.020520892534756016,0.02052089253475601,0.06135387410505432,-0.060466677689764006
125,12929184,i,6,0.816056796724389,0.22737712584075997,0.4035316369255397,3.188554347907189,0.816056796724389
126,12929184,r,6,0.5873190051164074,0.0654709397929909,0.306013665193407,3.0398323036130184,0.5873190051164074
127,13008061,i,8,0.6017347437961365,0.07996841986491132,0.1314443865257945,1.7678156405546184,0.6017347437961365
128,13008061,r,8,0.4394252322049367,0.08683132951354608,0.18468798680144194,1.0416734229355842,0.4394252322049367
129,13070206,g,2,0.07390706733873145,0.01086913225346195,0.01086913225346195,0.025475093060354583,0.07390706733873145
130,13070206,i,7,0.5610266378217514,0.26144865701756254,0.42107001568483604,1.9119462376405623,0.5610266378217514
131,13070206,r,6,0.6995424455054575,0.14598461497265836,0.25639626221862266,2.195727178773683,0.6995424455054575
132,1333255,g,3,-0.09691858512742518,0.013576066178482171,0.015831408815248083,0.20475415657871757,-0.09691858512742518
133,1333255,i,4,0.3094727144221576,0.08045951809756713,0.16040413118086672,0.29897292816066223,
134,1333255,r,2,0.5078936463388266,0.025673486015244495,0.02567348601524444,0.9807851297677128,
135,1333255,u,2,0.26948905110698873,0.02240187047111193,0.022401870471111918,0.6008313186089096,0.26948905110698873
136,13369517,g,4,0.16545471470934386,0.06068830270350009,0.10741518781536509,0.061689637043790733,0.16545471470934386
137,13369517,i,4,1.1093497548231843,0.12482359866881443,0.25026585992758477,1.9063093660706465,1.1093497548231843
138,13369517,r,7,0.9463743465206893,0.06530918650389705,0.13662372460055205,1.9142932424920998,0.9463743465206893
139,13381067,i,8,0.8689029543577145,0.21013943088559933,0.4214758181990128,3.078791593790686,0.8689029543577145
140,13381067,r,10,0.768915735788412,0.23425666874076267,0.4022224327548727,2.039963498426304,0.768915735788412
141,13436930,i,9,0.5619630551197106,0.03812902824651654,0.1719595332526429,6.64430044939209,0.5619630551197106
142,13436930,r,4,0.2872068905967988,0.01750013476221285,0.07942597029597359,1.3913084012357242,0.2872068905967988
143,13443498,g,4,0.9751427569504578,0.36136301414262345,0.7987612419882548,1.4354943851219857,0.9751427569504578
144,13443498,i,2,0.6144345061449277,0.035241078902977674,0.03524107890297756,3.419321657047012,0.6144345061449277
145,13443498,r,5,1.266940257888485,0.5279548656241201,0.9917165219416231,10.671821782355014,1.266940257888485
146,13479887,g,3,-0.16876824758285083,0.0176662343567299,0.019661689836288382,0.5644260216491369,-0.16876824758285083
147,13479887,i,10,0.49246073496073633,0.051365388513683025,0.10035946040895244,1.38523800813199,0.49246073496073633
148,13479887,r,8,0.4301572394819584,0.03723680845329588,0.07266818355560162,1.7765125111842976,0.4301572394819584
149,13494480,g,4,0.043872421791561644,0.022261889676051527,0.02373277030780544,0.021371915072336472,0.043872421791561644
150,13494480,i,3,0.2710440582068021,0.12402661742351478,0.3071512751353118,0.6390312366082993,0.2710440582068021
151,13494480,r,4,0.5547696035574561,0.09459047081871047,0.15666660140626082,3.1832437684488073,0.5547696035574561
152,13494480,u,3,0.28675252892813563,0.05745398388828879,0.0955145865250775,1.1673871254847137,0.28675252892813563
153,13572556,g,4,0.0545280758646684,0.008273498106803827,0.0822676122969766,0.09319213724424412,
154,13572556,i,6,0.5409918756480476,0.049195155076662334,0.09382444318550848,2.2236836916841214,0.5409918756480476
155,13572556,r,9,0.49909674206736926,0.032794932372255,0.053836052451430194,3.8596856763330405,
156,13578861,g,6,-0.11183938568152603,0.04570851105374332,0.07356607349929647,0.14957712482238528,-0.11183938568152603
157,13578861,i,10,0.5000161885344553,0.10716026617982985,0.20084422487767017,0.975131939474777,0.5000161885344553
158,13578861,r,11,0.17205891422966813,0.026690795108979815,0.05490467862418413,0.12415876736420368,0.17205891422966813
159,13639175,g,3,-0.1597376109728164,0.0014710875915198707,0.20858293750224627,0.09709532369989342,-0.1597376109728164
160,13639175,r,7,0.531136546478379,0.09294090219514023,0.1106409585853163,1.797295866842226,0.531136546478379
161,13639175,u,3,-0.16064865593584698,0.027458462224718844,1.6293603922878837,5.279147890025511,-0.16064865593584698
162,13738903,g,6,-0.31044083309033543,0.26133523433813255,0.5172658611652391,0.34976741900661185,-0.31044083309033543
163,13738903,r,8,0.21192855592287757,0.033220733849622486,0.06538308146036495,0.4611823437768051,0.21192855592287757
164,13738903,u,2,0.04243276911186411,0.25218393953743123,0.25218393953743123,0.3990198088544624,0.04243276911186411
165,13919604,g,3,-0.16594448723073363,0.004872430672816064,0.08976334413185733,0.07831310045383767,-0.16594448723073363
166,13919604,i,2,0.5406623953290495,0.08626831438812793,0.08626831438812788,3.250305680158151,0.5406623953290495
167,13919604,r,4,0.5023736898818243,0.03244467210425528,0.07467494955411369,0.39762119925040795,0.5023736898818243
168,13919604,u,3,-0.6322518086695368,0.1407071518490769,0.14806010726348395,0.8541808785810417,-0.6322518086695368
169,13961711,g,2,-0.01977007051608079,0.009266810738173065,0.009266810738173065,0.0028167026106881484,-0.01977007051608079
170,13961711,i,4,0.6599614781701246,0.12050386315914122,0.2880047987769314,5.464335864113586,0.6599614781701246
171,13961711,r,8,0.3992959061906066,0.10203763884380707,0.19245522363451967,1.8482356371194792,0.3992959061906066
172,13961711,u,4,0.18885661355891364,0.03434746590662699,0.06210539754518127,0.18901932121168005,0.18885661355891364
173,13986368,g,4,-0.09055443295172938,0.0069976011931132676,0.015936915361570936,0.18462481343874618,-0.09055443295172938
174,13986368,i,5,0.5358711057202741,0.11565137805473286,0.3133889776251034,3.9204990244955553,0.5358711057202741
175,13986368,r,8,0.3477837839633965,0.02663355943310597,0.046762213481172044,2.159240111052373,0.3477837839633965
176,14002221,g,6,-0.15516817422458473,0.008592781690496834,0.015079137896578998,0.29345741861897756,-0.15516817422458473
177,14002221,i,3,0.19027288079590043,0.0448387045029533,0.07489654748182892,0.15845457856844627,0.19027288079590043
178,14002221,r,7,0.14746747482081649,0.049233828561231235,0.07354536933506728,0.3911331766939409,0.14746747482081649
179,14002221,u,6,0.392138645525973,0.047981872957967936,0.0745478373014058,1.4511198401456562,0.392138645525973
180,14046534,i,6,0.9154524054701048,0.11036137290725212,0.4107156049209637,3.4977049051162274,0.9154524054701048
181,14046534,r,9,0.6291611362699723,0.04747947983764189,0.0813978104969929,1.207541253864847,0.6291611362699723
182,14046534,u,3,0.2503946456655949,0.010204449875617194,0.031009407532283373,0.16407086293264128,0.2503946456655949
183,14101880,i,5,0.7040476209707438,0.09400334599462679,0.2040704228664777,6.723841588365029,0.7040476209707438
184,14101880,r,8,0.3918970104897874,0.04813666267638572,0.08448030436615006,2.983406768273185,0.3918970104897874
185,1416357,g,2,-0.5645347865711087,0.009023854912071028,0.009023854912071139,0.3330685805460019,-0.5645347865711087
186,1416357,i,5,0.35572129947833886,0.03310772192399708,0.059638093116601565,2.5551070096271458,0.35572129947833886
187,1416357,r,9,0.2914608296593222,0.03303925603010088,0.06586200274405979,1.8664733543023364,0.2914608296593222
188,14215382,g,4,-0.12009156751621247,0.1171560544696396,0.17627707705546194,0.26569670996072425,-0.12009156751621247
189,14215382,r,9,0.34262642655506137,0.08644531024261015,0.13446580569854888,1.4054544429304177,0.34262642655506137
190,14215382,u,3,0.014641408686975,0.22824652048397195,0.6401459576682673,0.8159754322653924,0.014641408686975
191,14229851,g,5,0.08731748772046366,0.03635967949368424,0.04860686409576842,0.031787302456928436,0.08731748772046366
192,14229851,i,4,0.6407301195946999,0.06776546928795257,0.11431045683648045,2.470930108003526,0.6407301195946999
193,14229851,r,5,0.9278664039329767,0.1055979787968715,0.36892296436035543,2.4470394800445043,0.9278664039329767
194,14393170,g,2,-0.12729167589278417,0.021930289823288054,0.02193028982328807,0.2688212864894718,-0.12729167589278417
195,14393170,i,6,0.8829016129214144,0.12117766602467783,0.22265464024445736,3.342932614991718,0.8829016129214144
196,14393170,r,5,0.4608294189694464,0.08574996441244653,0.14780171433630246,2.6357836334306937,0.4608294189694464
197,14393170,u,3,-0.06354553873141108,0.02219688745755874,0.025651124119121654,0.04796092980927031,-0.06354553873141108
198,14411274,g,3,0.12045929270497227,0.03194158881077834,0.04507522909834569,0.19199767743383703,0.12045929270497227
199,14411274,i,5,0.49996566978363693,0.0912203348858383,0.2399727356715577,1.0992102953392837,0.49996566978363693
200,14411274,r,8,0.42946582136829736,0.08128819902347315,0.13714233118357294,3.559176297254939,0.42946582136829736
201,14485439,i,6,0.4503372707225637,0.09426489689015208,0.9228971403011155,1.6557698925198194,0.4503372707225637
202,14485439,r,5,0.40492635032375035,0.049271913874981865,0.09335296444803332,2.55832328783715,0.40492635032375035
203,14513617,g,4,-0.14561384361445345,0.01842971278285202,0.043567720580941355,0.17065968092008793,-0.14561384361445345
204,14513617,i,6,0.5866356516353888,0.026436908398296766,0.13978114584719586,2.983699989701337,0.5866356516353888
205,14513617,r,7,0.5347146854318523,0.08152825715027112,0.20466067496136375,2.1345274764608577,0.5347146854318523
206,14513617,u,3,-0.29009962980506543,0.009500055864180568,0.014802891941322616,0.5564918504648638,-0.29009962980506543
207,14535712,g,4,0.2789799522033951,0.03717229034583561,0.08253531103796721,1.3104867202356405,0.2789799522033951
208,14535712,i,5,0.3118872650810489,0.04189698830273608,0.04753376918861668,0.7583270567271952,0.3118872650810489
209,14535712,r,8,0.6730811300844635,0.08138493745817194,0.13613202333675034,7.428161231504931,0.6730811300844635
210,14535712,u,3,1.0223864944126424,0.026045279062870907,0.036395256908926865,16.794909449093318,1.0223864944126424
211,14590522,i,3,0.6574442317162077,0.010243932282344659,0.058589806945167244,3.0085286296794203,0.6574442317162077
212,14590522,r,6,0.2697823777678189,0.029093804739753537,0.39352366915269,0.7787188587423298,0.2697823777678189
213,14598470,g,4,-0.4976055100893678,0.2181152769456453,0.4019600635449618,0.33400060223042494,-0.4976055100893678
214,14598470,r,4,0.4641110518959294,0.05688789305254055,0.10769931077633998,5.34000899979583,0.4641110518959294
215,14598470,u,3,0.014072973344019024,0.06336532317867179,0.16425037384033203,0.231579550548449,0.014072973344019024
216,14798459,g,2,-0.751889244661087,0.03224508188525843,0.03224508188525843,0.7214975892930312,-0.751889244661087
217,14798459,i,5,0.7050681505847073,0.14204801632554132,0.16032385292311513,1.3644743201209173,0.7050681505847073
218,14798459,r,4,0.24918842157755794,0.09741113358620426,0.11870463931055159,0.10710601032759244,0.24918842157755794
219,14830964,g,2,-0.08618593350976977,0.006472102722791362,0.006472102722791362,0.05419923102282442,-0.08618593350976977
220,14830964,i,3,0.48696023542814304,0.04533643148311811,0.1520754955331679,5.064664674806973,0.48696023542814304
221,14830964,r,3,0.4376711475013874,0.015909386353684274,0.017500143390627887,1.1514730090953798,0.4376711475013874
222,14830964,u,4,0.2362631999266212,0.008785899268793931,0.01767255492994599,0.36447413686721775,0.2362631999266212
223,14904788,i,5,0.7241100589369884,0.031488733541517155,0.061920374736259,4.04038964809827,0.7241100589369884
224,14904788,r,5,0.6853856459101656,0.034407733351490166,0.06069490105977837,3.116082935931686,0.6853856459101656
225,14920422,g,4,-0.1075206309233169,0.025675989397623666,0.055407700895642384,0.038687167630073516,-0.1075206309233169
226,14920422,i,3,0.8338763023455261,0.059936304669117146,0.0689408811864407,2.2379325180954006,0.8338763023455261
227,14920422,r,6,0.5918093053092025,0.04669041034936444,0.07423041293119326,1.0558646176804218,0.5918093053092025
228,14920422,u,2,-0.10434232203116449,0.006930108561558498,0.0069301085615584845,0.04080319901284557,-0.10434232203116449
229,14972284,g,2,-0.8725697197713062,0.8204819056381306,0.8204819056381305,1.97950352365046,-0.8725697197713062
230,14972284,i,5,0.49624580047407285,0.00938195231502148,0.04216148810292736,4.782819456245861,
231,14972284,r,8,0.2954550526934914,0.05423589774230533,0.10655028164122782,0.5919682700801262,
232,14978056,g,2,-0.025693704201281975,0.030490061287137493,0.030490061287137493,0.02239749707848075,-0.025693704201281975
233,14978056,i,2,0.30990220188214135,0.03363380621810061,0.03363380621810058,1.25926988797584,0.30990220188214135
234,14978056,r,9,0.33577665689246844,0.12229032124366457,0.18955867745620414,1.4237905375650093,0.33577665689246844
235,14978056,u,5,0.09377605651779292,0.08189904292913186,0.11361934088731676,0.09918886438211982,0.09377605651779292
236,15085304,i,9,0.621036414088662,0.08479875014016425,0.16216479357656144,2.3203327057707455,0.621036414088662
237,15085304,r,2,0.155298316521553,0.0025338807334410185,0.0025338807334410185,0.79182040742065,0.155298316521553
238,15128974,i,4,0.47217381286705146,0.07995911073797962,0.1739033131987917,0.3596899414963832,0.47217381286705146
239,15128974,r,4,0.3263681987362598,0.017724256161778917,0.041149519986862726,1.1317887466912846,0.3263681987362598
240,15128974,u,4,-0.3553954753681624,0.006907007960431311,0.011629117073908013,1.2884664833700983,-0.3553954753681624
241,15153654,g,3,-0.045339707332325646,0.01137511942602179,0.02088874539998206,0.06545006445512268,-0.045339707332325646
242,15153654,i,10,0.16491316459950905,0.09074220532562421,0.17479645813074166,1.054495173633423,0.16491316459950905
243,15153654,r,11,0.3381603175066784,0.09562276848957524,0.307471223359891,1.2075186001752831,
244,15153654,u,3,-0.15417992445922976,0.0005981443564157529,0.0045052858968887,0.3762087636608551,-0.15417992445922976
245,15177814,g,7,-0.11273803536751664,0.051928503255575575,0.1279815334464681,0.048017189936590536,-0.11273803536751664
246,15177814,r,4,0.3753066387932933,0.00992030851646114,0.011539819904839654,0.2822257670652289,0.3753066387932933
247,15197682,g,4,-0.2002783534550104,0.13372802026643385,0.26634388454846103,0.22888986492313396,
248,15197682,r,5,0.2801802304559606,0.04610681865546812,0.0688814106629565,0.9233330543876569,
249,15375208,g,2,-0.2184218030986772,0.009223948636322477,0.009223948636322477,0.05860008223182593,-0.2184218030986772
250,15375208,i,7,0.5485586637298062,0.035346519723177594,0.15151947447021452,2.915134463020741,
251,15375208,r,7,0.5390922716473215,0.050879541139264295,0.07567572118419619,1.5649308920337857,0.5390922716473215
252,15375208,u,2,-1.1918343667784326,0.43436604910763954,0.43436604910763954,2.494626122581297,-1.1918343667784326
253,15428822,i,8,0.7086037560188692,0.28583291866854776,0.918896324943452,1.953239580902451,0.7086037560188692
254,15428822,r,5,1.1668589105026208,0.42099408214789436,0.9776213017608267,2.5715300865695507,1.1668589105026208
255,15428822,u,2,-0.5548145798415578,0.35820314065486564,0.3582031406548657,0.8224935847998552,-0.5548145798415578
256,15623066,g,5,0.010552987491454613,0.006111569749120527,0.007584995784154752,0.01642849798490218,0.010552987491454613
257,15623066,r,5,0.21153376747481342,0.07742082752178583,0.12184718430104069,0.39139718481083347,0.21153376747481342
258,15623066,u,3,-0.9746329836908671,0.03514573187775705,0.1580167091120107,1.0299745359437398,-0.9746329836908671
259,15704307,g,3,-0.1272384283801498,0.03423268523754244,0.03916661792517169,0.28265943522481646,-0.1272384283801498
260,15704307,i,3,0.5624445106634695,0.06563952848786325,0.12158063087138049,5.802515264161907,0.5624445106634695
261,15704307,r,7,0.23994789037531739,0.03405425065385495,0.051646315650698826,1.2723234695929324,0.23994789037531739
262,15706781,g,3,-0.3574376473025075,0.09410595189277626,0.1502360761839699,0.28473583704920036,-0.3574376473025075
263,15706781,i,2,0.44674623858245655,0.15327978773210701,0.153279787732107,0.874937493994945,0.44674623858245655
264,15706781,r,4,0.42236996799020154,0.03450462350539513,0.07244027565034755,3.352518869712151,0.42236996799020154
265,15706781,u,2,-0.43410638501656945,0.3295380111791443,0.3295380111791443,0.7049082726639919,-0.43410638501656945
266,15802212,g,2,0.21737471301486738,0.3643332077967382,0.36433320779673817,0.19371522699066485,0.21737471301486738
267,15802212,i,6,0.9268538029063547,0.10309266098483616,0.16130533545753112,2.4722505632839464,0.9268538029063547
268,15802212,r,4,0.49476820562982793,0.02489329435720916,0.23186040437745098,3.9944126093706007,0.49476820562982793
269,15805176,g,2,0.5990359290783744,0.3483826078238361,0.34838260782383607,1.031537296429131,0.5990359290783744
270,15805176,i,3,0.36296523162980104,0.043013223656564736,0.12656742333457427,1.307491963415762,0.36296523162980104
271,15805176,r,5,0.7456740881882472,0.19997102579053705,0.22894285915662838,2.653850943499301,0.7456740881882472
272,15805267,g,3,-0.08436962971886944,0.027408322827045223,0.08868862799164423,0.11721322094145316,-0.08436962971886944
273,15805267,i,4,0.5358562692046118,0.043179055741831285,0.08176578024309844,5.634552288979563,0.5358562692046118
274,15805267,r,7,0.5344112241659559,0.12221666684832522,0.23903327715812234,1.3885142503801602,0.5344112241659559
275,15805267,u,4,0.09932038246886554,0.05563889504625389,0.1724875561733467,0.17114696637310495,0.09932038246886554
276,1598416,g,2,0.9517497349613291,0.14282144162458477,0.14282144162458466,2.0049473149376387,0.9517497349613291
277,1598416,i,2,0.5866535228262182,0.16364292252509002,0.16364292252509005,2.1615685702088503,0.5866535228262182
278,1598416,r,7,0.8372214443901472,0.0989769458948565,0.2442315835301423,3.7125263488108153,0.8372214443901472
279,1598416,u,4,0.1384840906794151,0.12183938712046485,0.28902597645664285,0.19120766067219402,0.1384840906794151
280,16103046,i,5,0.6204792293838897,0.15789624377576006,0.27744289379775144,1.3851452348871813,0.6204792293838897
281,16103046,r,6,0.6999234759407009,0.12736277532570422,0.20378212004288776,2.9237276643351535,0.6999234759407009
282,16115266,g,3,-0.1488724645103016,0.013509573260590019,0.05215425261763068,0.3427891565199774,-0.1488724645103016
283,16115266,i,2,0.5870302954036342,0.28570590133162294,0.2857059013316229,4.692754963093175,0.5870302954036342
284,16115266,r,6,0.37988393466188364,0.08652570530257855,0.15085077497919402,3.0557208179551907,0.37988393466188364
285,16115266,u,4,0.166519332475359,0.07874527450729504,0.1559494659216076,0.34788790042687806,0.166519332475359
286,16154419,i,8,0.6180709103474646,0.03533970489145177,0.08259670746659076,0.777349867396499,0.6180709103474646
287,16154419,r,7,0.62919879874743,0.0963477545956325,0.44618303824557404,1.2544702128783871,0.62919879874743
288,16248314,g,6,-0.5346116648177038,0.07244973627846052,0.16874177474427576,0.3412126975535165,-0.5346116648177038
289,16248314,i,2,0.6003008113986348,0.03191801907198438,0.03191801907198444,3.8030708061003295,0.6003008113986348
290,16248314,r,4,0.2676652716730824,0.008690497088222615,0.010936273989858691,0.902100387282335,0.2676652716730824
291,16248314,u,3,-0.7834501886397129,0.4093388044090822,0.42805126724700926,1.4344992383535546,-0.7834501886397129
292,16263266,g,4,0.0057797199455879855,0.1541373231627474,0.37984429280232634,0.11562788513455466,0.0057797199455879855
293,16263266,i,3,0.5566385777419192,0.0018361100724413326,0.005729957611837699,0.7530176788065795,0.5566385777419192
294,16263266,r,4,0.456999872838322,0.021837021594539652,0.041849824770273936,0.6486820260303923,0.456999872838322
295,16324039,g,2,0.13542554375432342,0.15438529472053825,0.15438529472053825,0.08178355838421848,0.13542554375432342
296,16324039,r,4,0.2944877804273594,0.05610915228542293,0.10453428485773694,2.519745810480911,0.2944877804273594
297,16324039,u,5,0.39908256112764456,0.0789476886635288,0.15197337019389612,0.9417609299607805,0.39908256112764456
298,16473538,g,2,-0.0003358482907455801,0.02476388400818945,0.02476388400818945,0.005978657811085253,-0.0003358482907455801
299,16473538,i,6,0.5171571744215707,0.08673021014275459,0.15160440465044822,1.4460136603350362,0.5171571744215707
300,16473538,r,5,0.5143283998820656,0.06985869766762909,0.18857330183019505,2.5402633277369815,0.5143283998820656
301,16516162,g,3,0.5749121604988976,0.27871759119341016,0.9645869867411117,2.1728915239971025,0.5749121604988976
302,16516162,i,2,0.3699825355266104,0.09236158395539709,0.09236158395539712,1.148598404324098,0.3699825355266104
303,16516162,r,4,1.223740136683293,0.39874279380445454,0.7205088122141399,4.146725461833235,1.223740136683293
304,16516162,u,2,0.023426890380906618,0.22481483947243353,0.22481483947243353,0.10283607763397165,0.023426890380906618
305,16516492,i,6,0.373404369440155,0.13424928405462688,0.2185121015152405,0.8759786068010942,0.373404369440155
306,16516492,r,3,0.6176430260892039,0.0007015689243070611,0.17915572552165226,1.2241027585047008,0.6176430260892039
307,16565229,g,3,0.15486471529621068,0.11747440002490264,0.1931098824287919,0.34496377030571773,0.15486471529621068
308,16565229,i,4,0.40226529666677535,0.04800687460425465,0.13065252264001936,2.113512086762233,0.40226529666677535
309,16565229,r,7,0.5971282314241434,0.11588013536610198,0.14406307843524196,8.81636861246419,0.5971282314241434
310,16565229,u,4,0.4254657522522235,0.032906173833422314,0.05330085754394531,2.0396894175186624,0.4254657522522235
311,16654839,g,4,-0.06030663566961153,0.051713720247681116,0.05827963357124366,0.043745107746688036,-0.06030663566961153
312,16654839,i,3,0.6202392752587941,0.24864032001420344,0.26282066278388627,2.3844451935136806,0.6202392752587941
313,16654839,r,4,0.34600703211340067,0.05002586788976926,0.07613598858938436,0.5789633997925266,0.34600703211340067
314,16710299,i,8,0.5752149308066619,0.18068308883087641,0.31958188204368143,1.2378654902963826,0.5752149308066619
315,16710299,r,5,0.37980764340591633,0.020770552760804084,0.038127744282065945,5.124268960935169,0.37980764340591633
316,16710299,u,3,0.04324790718366392,0.018582559262104226,0.09398828497726464,0.032714295588731124,0.04324790718366392
317,1673157,g,4,-0.1543093237757288,0.04500543098261661,0.08813117294819882,0.04712163264484838,-0.1543093237757288
318,1673157,r,4,0.5882510990530334,0.015349347216203069,0.04066924378196379,0.681308160992544,0.5882510990530334
319,1673157,u,2,0.21819846827818443,0.12012199679430782,0.12012199679430785,0.2029035009593038,0.21819846827818443
320,16742651,g,3,-0.1598558287473807,0.004592705929285734,0.019084624496319286,0.12440872556751977,-0.1598558287473807
321,16742651,i,2,0.6535809265120026,0.17373941933128598,0.173739419331286,3.1115524802693573,0.6535809265120026
322,16742651,r,9,0.3560399469484546,0.04799255001428393,0.10618225210920001,2.372781155148438,0.3560399469484546
323,16742651,u,5,0.0029152320574423463,0.020089730058423044,0.06227732480100072,0.009117245067514934,0.0029152320574423463
324,16809200,i,7,0.49977476587153996,0.03921451165092166,0.07877558075735414,1.5441926426999006,
325,16809200,r,5,0.44457465271007396,0.025326034154715182,0.05825317012794162,0.42390676719885734,
326,16928964,g,5,0.314694283427557,0.10748125144377138,0.23427179292491174,0.6280461651450007,0.314694283427557
327,16928964,i,2,0.7429512295884647,0.04967668815557291,0.04967668815557302,1.6512500970377402,0.7429512295884647
328,16928964,r,5,1.165008108135903,0.06619649102545133,0.27775613431964497,3.9524771132366157,1.165008108135903
329,16928964,u,2,0.49959448577233845,0.0010136217686733673,0.0010136217686733673,2.1748616313068214,0.49959448577233845
330,17032799,g,3,0.06465593872839959,0.04564315022285248,0.12115837103551486,0.014937363324782751,0.06465593872839959
331,17032799,i,6,0.557011957601699,0.12007928508374749,0.2306271439645154,0.43426894144553696,0.557011957601699
332,17032799,r,13,0.599226786950114,0.08634970615425375,0.20560429972080696,0.5574003691808118,0.599226786950114
333,17032799,u,6,-0.4744470372019267,0.05978202819824219,0.379443013977968,0.2970640926287626,-0.4744470372019267
334,17165241,g,3,0.10377583657219236,0.02222217065289847,0.03462567170484965,0.032120183634527955,0.10377583657219236
335,17165241,i,8,0.1491909635070277,0.06978428061265068,0.23898448000352188,0.3032377013072338,0.1491909635070277
336,17165241,r,8,0.5104814354672701,0.07695619476062887,0.1438583873732046,1.9022440437771542,0.5104814354672701
337,17165241,u,5,0.5771492779781315,0.10336683571831484,0.1427075292433435,1.5166053243892712,0.5771492779781315
338,17216500,g,3,-0.17139274358662226,0.02324616023743392,0.10113433878868042,0.23478194729791477,-0.17139274358662226
339,17216500,i,6,0.707222693313249,0.03410013626721092,0.12723459627599876,5.6182897767424125,0.707222693313249
340,17216500,r,7,0.48506477340761894,0.06277050165651837,0.146039295451303,1.2244541394446036,0.48506477340761894
341,17247728,g,3,-0.13394128350432313,0.003200728743720155,0.05124557604695808,0.3036450665343655,-0.13394128350432313
342,17247728,i,3,0.06513244436614318,0.05092698926073913,0.16633413423874416,0.06148486352708404,0.06513244436614318
343,17247728,r,6,0.27097351634285327,0.12771094431269367,0.22089368189971328,0.547881871508692,0.27097351634285327
344,1728404,g,5,-0.08313853753942452,0.010515337288022564,0.019560351129631698,0.22227051880910897,-0.08313853753942452
345,1728404,i,4,0.9329039827748173,0.3584557156461973,0.7492003661833015,4.081774088536565,0.9329039827748173
346,1728404,r,5,0.43657960986147754,0.06551746349737941,0.09236365642734823,5.894244712806914,0.43657960986147754
347,1728404,u,2,-0.3498902557648308,0.02044234424499261,0.02044234424499264,1.7849313786770362,-0.3498902557648308
348,17309967,g,3,0.036108825462374455,0.05276690256960412,0.05408185831425158,0.01410079534691499,0.036108825462374455
349,17309967,i,5,0.19099608233053206,0.0615257087331586,0.11805939080374023,0.4554967686866031,0.19099608233053206
350,17309967,r,9,0.34849526376917966,0.13290545190783504,0.26754368122737504,1.4207595247711753,0.34849526376917966
351,17309967,u,2,-0.10105336575010787,0.0413854478950349,0.0413854478950349,0.1719884498104212,-0.10105336575010787
352,17356910,i,9,0.5752355522728341,0.09465336303515748,0.1476339220592523,6.987554011458753,0.5752355522728341
353,17356910,r,5,0.18491045809598883,0.027547263310871484,0.10300184156970801,1.138023865778885,0.18491045809598883
354,17401145,g,4,-0.1425683185045852,0.036267701819629156,0.06809931678895785,0.08282776320611317,-0.1425683185045852
355,17401145,i,7,0.4766393009271687,0.06812062138674058,0.14703779717986432,3.616532543842574,0.4766393009271687
356,17401145,r,6,0.3703916657384777,0.07674744303121692,0.13901991730274033,0.5740127105794051,0.3703916657384777
357,17446911,g,3,-0.04980193215851535,0.03178157310941729,0.037725172004922224,0.011326981880110644,
358,17446911,i,3,-0.08531451977046156,0.06761793541614086,0.12607496456960382,0.2842405334352373,-0.08531451977046156
359,17446911,r,4,-0.022773197804001853,0.10761752490074146,0.21014577879486615,0.06493413983868339,
360,17446911,u,4,-0.1478563582078233,0.01075447557744133,0.04731364671447587,0.07699222231406891,-0.1478563582078233
361,17507318,g,4,-0.02509888272052943,0.006449252119864163,0.01737685984709643,0.015736128640929423,-0.02509888272052943
362,17507318,r,4,0.6711730908443359,0.07121473680916057,0.11045969834665992,2.57566160045328,0.6711730908443359
363,17507318,u,4,0.07513281153409088,0.04802997789064219,0.09705489919550302,0.0845997567075054,0.07513281153409088
364,1753135,g,2,-0.1946412694237556,0.06341483646689106,0.06341483646689106,0.07819823737354276,-0.1946412694237556
365,1753135,i,4,0.3143961390107579,0.09174594023767715,0.12432960778686897,0.27372245070452994,0.3143961390107579
366,1753135,r,5,0.32748380418181444,0.10370307135827511,0.11730976957261202,0.25615718179031516,0.32748380418181444
367,17610806,g,4,-0.5653434876037771,0.09177499191376026,0.17891972770096687,0.5287190645004067,-0.5653434876037771
368,17610806,i,6,0.24353920599063625,0.05545950131764579,0.11670877007123612,0.2587273834532483,0.24353920599063625
369,17610806,r,12,0.17803672637503984,0.024578860662397256,0.037616344162786225,0.3128016785089716,0.17803672637503984
370,17610806,u,3,0.17332458750094706,0.02064659067580507,0.11558517415530035,0.17312144659385606,0.17332458750094706
371,17624287,g,4,0.0018538652666191258,0.06963878930858836,0.14157559817376894,0.03650419413076163,0.0018538652666191258
372,17624287,i,3,0.6565127809413973,0.01801837348156221,0.035056360454447266,4.25597400004312,0.6565127809413973
373,17624287,r,4,0.6748937013280463,0.004545691665623519,0.02197293896791852,1.3751872834562322,0.6748937013280463
374,17624287,u,6,-0.16244203771495277,0.10121370957525794,0.16601812322650417,0.12503763238210672,-0.16244203771495277
375,17642276,i,8,0.6530344401553949,0.01733377382066492,0.039490921880925844,1.8755898600529732,0.6530344401553949
376,17642276,r,4,0.5373552245883231,0.007208162337278667,0.01412473201582165,1.0469459781051844,0.5373552245883231
377,17647376,g,2,0.21417397634421342,0.28916579862383496,0.28916579862383496,0.1944115724667619,0.21417397634421342
378,17647376,i,5,0.6660014478209177,0.07720959946303141,0.17366099617479847,2.0817795062645694,0.6660014478209177
379,17647376,r,5,0.4538795725201855,0.07830044520141721,0.14333581972810405,1.9858336809902752,0.4538795725201855
380,17747040,g,5,-0.19307320108783588,0.13987594586483965,0.3022417766765459,0.15895186016661073,-0.19307320108783588
381,17747040,i,3,0.8788304026645086,0.02409474809203571,0.04340553388281476,1.727188012362922,0.8788304026645086
382,17747040,r,8,0.38878136736086244,0.08715800212263636,0.1347266376853769,1.4682807050931321,0.38878136736086244
383,17747040,u,3,0.16219680916649262,0.08689671307088151,0.16880487421195947,0.19799038388244874,0.16219680916649262
384,17802207,g,4,0.08595023941526345,0.03625996944984597,0.05879657649183341,0.014082162284461013,0.08595023941526345
385,17802207,i,12,0.6073689434462112,0.12191878995026853,0.24079961387942156,1.2771520603749746,0.6073689434462112
386,17802207,r,8,0.6891810909858311,0.06013173585115067,0.08869841345168694,0.9387447754939566,0.6891810909858311
387,17820957,i,6,0.284397522857609,0.2274649271853108,0.4207151438356529,1.251556984792258,0.284397522857609
388,17820957,r,4,0.041206588834723445,0.020187476469248525,0.061700780614654775,0.13271442021104843,0.041206588834723445
389,17844317,g,4,-0.052759480834468894,0.012012019704334173,0.025144848558742924,0.03911860547048554,-0.052759480834468894
390,17844317,i,3,0.6323008337250019,0.022734516007635763,0.1321638864026644,2.5254702071923454,0.6323008337250019
391,17844317,r,3,0.2958845960409966,0.09071985969370905,0.10192469807415239,0.4286281857119731,0.2958845960409966
392,17844317,u,5,0.2774904683576486,0.02385203392401658,0.024604668914237904,0.36872795182422835,0.2774904683576486
393,17904109,g,3,-0.17029047113985424,0.06768230932275343,0.07385613115613529,0.6846930242121703,-0.17029047113985424
394,17904109,i,3,0.6350773027897579,0.04521748463131969,0.24688892572305288,1.7287418317386554,0.6350773027897579
395,17904109,r,6,0.7539688117724002,0.33787080307343476,0.6419377465893664,2.5924585747767606,0.7539688117724002
396,17904109,u,2,-0.3145068931264149,0.15939433677041348,0.15939433677041348,0.3443703113538041,-0.3145068931264149
397,17970055,i,9,0.6688444371553368,0.13590022489817588,0.5954748250699498,2.55894880717395,0.6688444371553368
398,17970055,r,6,0.5803786449522154,0.06761671273271086,0.11482397125502564,1.4983854041513684,0.5803786449522154
399,17970684,i,5,0.4051092539656688,0.09434080174771037,0.6927550496351971,2.1216150770441464,0.4051092539656688
400,17970684,r,5,0.46410453638912486,0.10032620256515057,1.0506181626957947,3.818787365218762,0.46410453638912486
401,17970684,u,3,0.09574191305029527,0.037453508023152685,0.12746251931027236,0.11427775827100412,0.09574191305029527
402,17987201,g,3,-0.2819988548494915,0.2013965405071372,0.28366007721355496,0.2921631815203821,-0.2819988548494915
403,17987201,i,5,0.48409400999984087,0.09956788151317136,0.29308942314652586,2.3484105085078903,0.48409400999984087
404,17987201,r,7,0.13640739875060792,0.04824923873401932,0.08424328571659136,0.43924537982766243,0.13640739875060792
405,1814622,i,2,-0.02018121231587458,0.021061717820373388,0.021061717820373388,0.013779457674945091,-0.02018121231587458
406,1814622,r,5,0.2018900400446976,0.04242083209875108,0.09834161989383702,0.5019291801642336,
407,1814622,u,3,0.007999892128230102,0.003586044049101289,0.03232459944602459,0.010458435169932945,
408,18381509,g,6,-0.040459863004877084,0.04307262430940126,0.08793177110459356,0.010547489657593887,-0.040459863004877084
409,18381509,i,2,0.9302498367021731,0.5037799787815308,0.5037799787815309,2.0156752677599026,0.9302498367021731
410,18381509,r,6,0.5538283086562077,0.08416499244628584,0.14000720078071505,0.858103622218764,0.5538283086562077
411,18381509,u,2,0.03501549319613345,0.030097803306650073,0.030097803306650073,0.0067753645924946496,0.03501549319613345
412,18411338,i,8,0.9263843356221397,0.14311854853948813,0.3036386482104202,1.3491192592477803,0.9263843356221397
413,18411338,r,5,0.7797444720528357,0.09447439547316328,0.13099991845650272,0.9291017699885546,0.7797444720528357
414,18512473,g,3,0.018249575202229584,0.006567221442424276,0.012056139254775722,0.0006787750227144062,0.018249575202229584
415,18512473,r,4,0.6016100866940153,0.08986244349796979,0.17674390926470007,1.2427839110335892,0.6016100866940153
416,18512473,u,5,0.20224671149024215,0.01802500293567777,0.032816993171335046,0.13419596153187632,0.20224671149024215
417,18556419,g,3,-0.35850380050324027,0.27458064446673036,0.3375168196528285,0.28235452164439284,
418,18556419,i,4,0.19146318074693397,0.03682079640756197,0.08743935058808566,0.45158510755893266,0.19146318074693397
419,18556419,r,7,0.2678051904077291,0.057205772511538744,0.2140898932344904,1.3478590455816222,
420,18556419,u,2,-0.2986902712182399,0.0030064325426238936,0.0030064325426238936,1.4535585835497677,
421,18577063,g,5,1.110604953135942,0.35436175510945,1.316496269069434,3.004156339155021,1.110604953135942
422,18577063,i,5,0.5587326584531218,0.20354499930718123,0.22348378165582244,0.9920503273339552,0.5587326584531218
423,18577063,r,5,1.6507218901588137,0.36089870501186616,1.3414679274342607,5.415512419799116,1.6507218901588137
424,18622121,g,8,0.15822677138262115,0.07236427688538499,0.14585032685182825,0.0701174261366278,0.15822677138262115
425,18622121,i,2,0.9504542357731579,0.4099071876365078,0.4099071876365079,5.656625418337457,0.9504542357731579
426,18622121,r,8,0.797241359330777,0.08925096033702029,0.18663228068401516,3.0659471992649707,0.797241359330777
427,18622121,u,4,0.1762193460605131,0.010359220838675368,0.021447325950953833,0.2047925815318995,0.1762193460605131
428,18689748,g,2,0.022751984190148927,0.008245925875452281,0.008245925875452281,0.0020247715056858446,
429,18689748,i,2,0.25877581999108473,0.032268540443021354,0.032268540443021326,0.30217923841061056,0.25877581999108473
430,18689748,r,5,0.39735211628838585,0.03152263678663747,0.05435405871484994,0.7476180306866618,0.39735211628838585
431,18728582,i,5,1.0043535355783118,0.25707017412285116,0.4902722209688266,4.385576661099405,1.0043535355783118
432,18728582,r,5,1.2913519729032699,0.26630518364554767,0.3730267004472618,4.306858686541605,1.2913519729032699
433,18728582,u,2,0.4930111754399685,0.4634336146328558,0.4634336146328558,1.0188157370196051,0.4930111754399685
434,1879059,g,2,0.17214629964170738,0.06915226376969366,0.06915226376969369,0.08198700508074679,0.17214629964170738
435,1879059,i,5,0.5181407319635235,0.15268211331826265,0.19665190307494668,2.6013508240048773,0.5181407319635235
436,1879059,r,4,0.7554233173944174,0.0912791913233566,0.20646659975273585,2.1604909970942976,0.7554233173944174
437,18802764,i,6,0.3460287747581693,0.016010151324150762,0.033159342774776,0.5214291840479822,0.3460287747581693
438,18802764,r,4,0.4344221262380927,0.007436496244587781,0.12356923505773587,0.6109287684388323,0.4344221262380927
439,18866136,g,2,0.16725694857951015,0.017597158624779147,0.01759715862477912,0.07306084673865834,0.16725694857951015
440,18866136,i,5,0.6854920537692832,0.22224303806297807,0.36683662182538035,1.3975362510269542,0.6854920537692832
441,18866136,r,5,0.6158656413137653,0.08720221330028088,0.20301306504123462,1.8046073337774455,0.6158656413137653
442,18992612,i,9,0.5392147929803515,0.15378555346287737,0.1890129839227399,2.3623829645121237,0.5392147929803515
443,18992612,r,6,0.28516027540560684,0.013543902946707542,0.02036601672781163,0.8351191264338774,0.28516027540560684
444,19062070,g,3,0.05348439930982879,0.019743182428802575,0.058155228820127663,0.02095314696480557,0.05348439930982879
445,19062070,i,3,0.8056571641407483,0.06743347283809298,0.715534848670251,4.506478808398622,0.8056571641407483
446,19062070,r,6,0.670305850347255,0.027690050649880726,0.09448438897160283,3.337249677368728,0.670305850347255
447,19220421,i,7,0.7108578569805434,0.06311003071387733,0.20740375567640257,2.447022832719877,0.7108578569805434
448,19220421,r,4,0.6818171646455723,0.06573239436417894,0.14333402537513618,3.173592074215052,0.6818171646455723
449,19346435,g,6,0.6590199068931789,0.5473616837035882,0.9214724358419162,0.6676484493345369,0.6590199068931789
450,19346435,i,3,0.5956333295486652,0.18618212173401338,0.1898348811306162,4.88009441067451,0.5956333295486652
451,19346435,r,4,0.5796080970563573,0.315387567080722,0.624465222483052,1.8834476372502418,0.5796080970563573
452,19346435,u,4,-0.12869360661536428,0.07831884423373447,0.10629443316668916,0.06231444787465796,-0.12869360661536428
453,19381768,g,7,-0.13926611450317564,0.03734639010298321,0.06965048422459981,0.40561414589205524,
454,19381768,r,8,0.4548248526878299,0.06335697194493795,0.08780637723837964,2.9593663030616826,
455,19381768,u,7,-1.274377700464994,0.9177148071673178,2.636509218242845,9.853020911415507,-1.274377700464994
456,19385423,g,5,0.024554814032102024,0.1270030887046396,0.16505280079489126,0.13947791679717453,0.024554814032102024
457,19385423,i,5,1.0125900631102895,0.0713510923794749,0.13516269990128105,5.213521241190209,1.0125900631102895
458,19385423,r,8,0.6810829032044132,0.24826980120714998,0.40663864995377913,1.834616372014878,0.6810829032044132
459,19446411,i,6,0.6089248559779337,0.04073311223607906,0.09215445615882267,1.0416258223474553,
460,19446411,r,3,0.5121981690852297,0.010704730138381136,0.024625577630090545,0.6016732345737199,
461,19467281,g,7,-0.02877714409846288,0.03931039112161122,0.0904150014113092,0.030996259748285442,-0.02877714409846288
462,19467281,u,4,0.12810810992567223,0.14400745382067837,0.22507068475518766,0.14999045016232207,0.12810810992567223
463,19504396,g,3,-0.14665219316751693,0.044611172808161875,0.057138558652076385,0.35781367173043566,-0.14665219316751693
464,19504396,i,3,0.46310541613075185,0.05271041392989895,0.06427026560029653,1.983871362859997,0.46310541613075185
465,19504396,r,10,0.41522121370367227,0.10201715068667705,0.24652460563722922,3.2297814946104966,0.41522121370367227
466,19504396,u,5,-1.3945674492022755,1.0921523547174223,2.20478278134868,8.660242104829472,-1.3945674492022755
467,19505376,g,4,-0.17553553218581508,0.014950320045653678,0.0157767814273658,0.5630062378354668,-0.17553553218581508
468,19505376,r,5,0.45984308643020677,0.14984864083952742,0.18810322330147583,3.103329082128533,0.45984308643020677
469,19518050,g,3,0.0013044568629102804,0.021180122542071994,0.093453932438746,0.2604121597786299,0.0013044568629102804
470,19518050,r,5,-0.008460811063027865,0.05672489513220539,0.07885899406940117,0.0556002204182654,-0.008460811063027865
471,19518050,u,2,0.4688262015833072,0.04076221034878541,0.040762210348785355,2.2025928453939723,0.4688262015833072
472,19651622,g,3,-0.12209592818185377,0.0013246724359905482,0.01989881477523736,0.16135722245382267,
473,19651622,i,8,0.39399983485951706,0.08157052174536106,0.17334898631189466,1.162220697378915,0.39399983485951706
474,19651622,r,4,0.5273480630673851,0.07367320266803631,0.14178982448078825,1.2271945095328034,
475,19678092,g,2,-0.07408000333249376,0.040750877694993415,0.040750877694993415,0.15984774316551142,-0.07408000333249376
476,19678092,i,2,0.606674648285163,0.11545438099972119,0.11545438099972116,3.614311436715475,0.606674648285163
477,19678092,r,8,0.7268936835553875,0.3433064684463625,0.6042588479042372,1.6204863799741638,0.7268936835553875
478,19762713,g,6,0.051650020885446624,0.08449125905511667,0.15364750395850335,0.021287911113868786,0.051650020885446624
479,19762713,i,5,0.6760708472657565,0.11830008929723135,0.24042888157063413,2.073743057191513,0.6760708472657565
480,19762713,r,8,0.7562550311379885,0.11701585319396779,0.20424094481295074,1.47469056477617,0.7562550311379885
481,19762713,u,2,-0.0771094896150728,0.027592149139489597,0.027592149139489597,0.019117126808944673,-0.0771094896150728
482,19785053,i,3,0.7455957986755928,0.02224620497833585,0.10160324421657851,0.8175821395101703,
483,19785053,r,3,0.590789617529894,0.021248716153048908,0.04658595603897109,0.35221391004188757,
484,19801376,g,2,0.008067104645769096,0.06255926903878861,0.06255926903878861,0.05874916854715463,0.008067104645769096
485,19801376,i,5,0.17377708331878455,0.027554807509596824,0.052241400954327444,0.20358919628609962,0.17377708331878455
486,19801376,r,3,0.336394647604643,0.012735389549010712,0.12960550665606163,1.3721161717192902,0.336394647604643
487,19903589,g,5,-0.11981004409886492,0.01029073893840965,0.13613635027378768,0.4842025629593703,-0.11981004409886492
488,19903589,i,4,0.5475525401998564,0.19574525004244175,0.34731943729074355,0.6894357800272075,0.5475525401998564
489,19903589,r,5,0.19459486495933537,0.0693576354248317,0.10363389370789777,0.1826655628307165,
490,19903589,u,3,0.13480878458217915,0.05787589844749058,0.12250273062839309,0.10747222559765207,0.13480878458217915
491,19948052,g,7,-0.03217100735325468,0.0311094994627297,0.06418858934389926,0.117042552733394,-0.03217100735325468
492,19948052,r,2,0.2792260063080938,0.03999975262365153,0.03999975262365152,3.058989933229676,0.2792260063080938
493,19948052,u,5,0.056119395629683586,0.09437804951254204,0.12883184201585973,0.8674483760602255,0.056119395629683586
494,19998907,g,4,-0.09945240120135235,0.021500384587398336,0.04705220923093728,0.21619253446360498,-0.09945240120135235
495,19998907,i,3,0.8225305800565909,0.1677559145627031,0.3230786965967769,4.304588737974508,0.8225305800565909
496,19998907,r,3,0.4333910462663342,0.07600740246572768,0.3821702372180194,4.337784700584265,0.4333910462663342
497,19998907,u,2,-0.0034166847040218162,0.16597846943984781,0.16597846943984781,0.18103088968044898,-0.0034166847040218162
498,20032874,g,4,-0.028336675712471948,0.029077482867331722,0.07441886294715074,0.09294631320288353,-0.028336675712471948
499,20032874,i,3,0.7323340356256202,0.17345624086839717,0.19482535590950223,4.5391046142729445,0.7323340356256202
500,20032874,r,4,0.5026176275296051,0.04697137559175851,0.09108816282363297,4.564163538797332,0.5026176275296051
501,20032874,u,4,-0.1554436168092448,0.01004877550115403,0.025537626881743436,0.1507552133846737,-0.1554436168092448
502,20047880,g,4,0.1587088333833682,0.0059183674687966065,0.041256527614283445,0.23862631684802793,0.1587088333833682
503,20047880,i,2,0.7572769756748944,0.013965548933334015,0.013965548933333904,3.5904232841971484,0.7572769756748944
504,20047880,r,3,0.5652467058426728,0.008062560954791742,0.018814740075406955,2.4223771424047107,0.5652467058426728
505,20047880,u,2,0.5533621523082264,0.026898278821765043,0.026898278821764987,1.0190002468344979,0.5533621523082264
506,20120833,g,3,0.06467765824730137,0.0009531955615446064,0.0012262433558837549,0.01705720241459526,0.06467765824730137
507,20120833,i,4,0.40948907747328267,0.052793732823431694,0.13797600675024457,1.5074143182415445,0.40948907747328267
508,20120833,r,4,0.5846443059504107,0.04372014999957591,0.07038387315801731,1.1256226032490613,0.5846443059504107
509,20120833,u,2,0.8701602954137808,0.10471152633902392,0.10471152633902392,2.7615248659888936,0.8701602954137808
510,20183175,g,2,-0.009773407741579865,0.09224819007724783,0.09224819007724783,0.022731241898878995,-0.009773407741579865
511,20183175,i,5,0.7317522432069156,0.0346243580882466,0.0626373749320176,4.322405288236071,0.7317522432069156
512,20183175,r,6,0.4859785672584702,0.057765508646324765,0.09149882633219403,0.8913561950537899,0.4859785672584702
513,20183175,u,3,-0.1247940835437018,0.030430852714338943,0.04313650729611945,0.0650356922282332,-0.1247940835437018
514,20230645,g,3,-0.09946459297797941,0.016223789243099446,0.0462214209625804,0.2953598478172101,-0.09946459297797941
515,20230645,r,7,0.3595346681172575,0.1379620378798519,0.2076326252742284,2.778455979718616,0.3595346681172575
516,20230645,u,3,0.12984137138226284,0.02350791607178694,0.02939815798572723,0.1548626344715037,0.12984137138226284
517,20305244,i,8,0.7818759453118229,0.2526570832296917,0.4218211860109955,2.8529178579782846,0.7818759453118229
518,20305244,r,3,1.953928197944077,0.7190011418206175,1.1652107326625547,6.55963693921981,1.953928197944077
519,2031412,g,4,-0.26039673877904945,0.038203853803955024,0.07688135015308711,0.5325342070221675,-0.26039673877904945
520,2031412,r,7,0.15137948638919935,0.09850435727672219,0.11477914912691214,0.262272183587311,0.15137948638919935
521,20340924,r,6,-0.204124502053584,0.27913688355472366,0.64942580438933,0.4115899468974076,-0.204124502053584
522,20340924,u,4,-2.0888753472890027,1.9865394358950907,4.193669085417143,15.11583256145687,-2.0888753472890027
523,20357998,g,3,-0.15027297527820405,0.005709354471845063,0.04228293311657688,0.18982936867657174,-0.15027297527820405
524,20357998,i,4,0.8392688132534407,0.02381034028676332,0.06253766582800291,1.1170197101740513,0.8392688132534407
525,20357998,r,6,0.5679429574006825,0.04731211403839053,0.07300752581125103,0.4797673199249039,0.5679429574006825
526,20357998,u,5,-0.15847204291576256,0.3156111136376598,0.6774515631471103,0.5999366134486498,-0.15847204291576256
527,20359345,i,6,0.33175946643975074,0.020622139690950475,0.03145567556684714,0.7760333198597529,0.33175946643975074
528,20359345,r,7,0.5880959972342165,0.04871468302778181,0.1853998201699304,1.0517393744624877,0.5880959972342165
529,20359345,u,2,-0.0632434383478565,0.011488992585299673,0.011488992585299673,0.009820625551346936,-0.0632434383478565
530,20433001,i,4,1.0049996918797142,0.02354643667748557,0.12903026845274668,3.4970666360459592,1.0049996918797142
531,20433001,r,5,0.6330693109148124,0.180816003499021,0.19148849284277625,2.1716785073034357,0.6330693109148124
532,20436000,g,3,-0.803617714587177,0.020298092652711652,0.34174975914558553,0.6234852556644301,-0.803617714587177
533,20436000,i,6,0.6066896125685055,0.03603728484768842,0.05629821707641536,4.455509729279859,0.6066896125685055
534,20436000,r,13,0.4106580749489879,0.06462414710410297,0.2589819066429256,1.8291276637084906,0.4106580749489879
535,20436000,u,4,-1.7361801915546882,0.08551918294011562,0.16408738806332268,4.955277169382251,-1.7361801915546882
536,20459830,i,5,0.38066869782441004,0.07531025281757031,0.10520560804688889,2.3261635964713636,0.38066869782441004
537,20459830,r,5,0.22177108628787126,0.07549446458367595,0.11508929686772557,1.1000503100217784,0.22177108628787126
538,20459830,u,3,0.17560372136938118,0.01764004474406794,0.10931955328979515,0.2078189613565029,0.17560372136938118
539,20569127,g,2,-0.03332145964807459,0.03761320897698722,0.03761320897698722,0.006957625001713745,-0.03332145964807459
540,20569127,i,2,0.6520044782223775,0.17105747199122184,0.1710574719912218,1.1959812825978364,0.6520044782223775
541,20569127,r,6,0.6459004373013286,0.03870378529663604,0.12079631497138443,1.5216785542953881,0.6459004373013286
542,20569127,u,2,-0.24874558958956516,0.031041021022652146,0.031041021022652132,0.4000565131403496,-0.24874558958956516
543,2058719,g,5,-0.14019324278894774,0.022532140183458393,0.04539879613105163,0.32965007975166977,-0.14019324278894774
544,2058719,i,2,0.2614095883923841,0.08221077380664177,0.08221077380664177,0.33462625664112544,0.2614095883923841
545,2058719,r,3,0.3837174854359092,0.12936074556332056,0.1311863433606535,1.0463778550842153,0.3837174854359092
546,2058719,u,2,-0.25509173577775063,0.123093654098467,0.12309365409846701,0.8419682291137381,-0.25509173577775063
547,20606078,g,3,-0.21551125749410222,0.013938474586350585,1.0223395373654265,2.6977708663997753,-0.21551125749410222
548,20606078,r,5,-0.01280851565021765,0.21081126374171405,0.33005088586767084,0.32431744595861284,-0.01280851565021765
549,20606078,u,2,0.27813967132264394,0.021442138214204376,0.021442138214204376,0.5165465732314778,0.27813967132264394
550,20684790,g,3,0.2569936941705522,0.006436188937323228,0.1313783431234444,0.10603710067630932,0.2569936941705522
551,20684790,i,5,0.9602839323407133,0.161761102381482,0.4708482646075174,2.860525272075712,0.9602839323407133
552,20684790,r,8,0.9826353399700486,0.2278202800783392,0.32311606892711775,2.7623949712578124,0.9826353399700486
553,20685070,g,4,0.21501859148840877,0.039745640545105126,0.08282333261977806,0.1358223491166764,0.21501859148840877
554,20685070,i,4,0.8560431927339216,0.16371929130846746,0.3119170661668176,4.311692174854874,0.8560431927339216
555,20685070,r,4,0.8214722070276694,0.05251697061633481,0.10391360396110116,2.356660134220106,0.8214722070276694
556,20789406,g,3,0.020787083647867244,0.058100785464682114,0.6314079232633439,0.3966035936361247,0.020787083647867244
557,20789406,i,4,0.6807835776047588,0.13050456670781033,0.22497428809116993,2.417414060476509,0.6807835776047588
558,20789406,r,5,0.5505180526655274,0.05072745760467229,0.05767659936705921,5.455666383811131,0.5505180526655274
559,20815089,g,3,-0.053906290758024666,0.020426840088182407,0.04055972350561514,0.00965842723393752,-0.053906290758024666
560,20815089,i,3,0.4139287612050677,0.006355804327277892,0.027208460527727074,0.3459336570543036,0.4139287612050677
561,20815089,r,6,0.49282237776940474,0.04009759061063439,0.06945449017939676,0.7288347775214534,0.49282237776940474
562,20815568,i,2,0.17308552828539372,0.04607469481590906,0.046074694815909034,0.10141034213981555,0.17308552828539372
563,20815568,r,2,0.2298226952096189,0.04620157169146229,0.04620157169146227,0.20336793279615156,
564,20815568,u,2,-0.07756105358036963,0.006669619463660903,0.006669619463660903,0.03698064156775249,-0.07756105358036963
565,2083564,g,3,-0.0706748867911596,0.007070241128363325,0.023454967313316685,0.009367211125927435,-0.0706748867911596
566,2083564,i,2,0.26103130282908665,0.014361150969304959,0.014361150969305014,0.4552400042501761,0.26103130282908665
567,2083564,r,7,0.2525247983697512,0.05102309278570444,0.10746847934988049,0.16080027511880673,0.2525247983697512
568,2083564,u,3,-0.5387346554680016,0.05504564902460218,0.18744780351621093,0.5629800584394912,-0.5387346554680016
569,20843724,g,2,-0.05347825352478938,0.09007294265573959,0.09007294265573959,0.2433778959428336,-0.05347825352478938
570,20843724,i,5,0.4824246674936714,0.08168107612963516,0.08300369596089407,4.294240789879893,0.4824246674936714
571,20843724,r,6,0.44921483511165383,0.09619970832588479,0.40858325599566725,5.200066984534053,0.44921483511165383
572,20990154,g,3,-0.04268689118021063,0.028692596516570412,0.0426838652081139,0.00490491697153959,-0.04268689118021063
573,20990154,i,7,0.3761970136563209,0.06446006376263674,0.16615541927518862,0.884794648258962,0.3761970136563209
574,20990154,r,6,0.5375529717647285,0.04652714962006094,0.07395585296775187,0.6059134795145561,0.5375529717647285
575,20990154,u,2,-0.006635288791676214,0.2113876496927742,0.2113876496927742,0.11149267265064883,-0.006635288791676214
576,20991291,i,7,0.7270461731691102,0.19684517991090467,0.24624191761287295,4.352172248096557,0.7270461731691102
577,20991291,r,4,0.4199749708776581,0.08993302807451463,0.10804756294567797,0.9095093438056532,0.4199749708776581
578,21103079,g,5,-0.11966198510954029,0.022529697190130205,0.04661891111570027,0.13196934103330027,-0.11966198510954029
579,21103079,r,5,0.3908119245087121,0.047632559783476414,0.05584182875563587,0.9790463562336431,0.3908119245087121
580,21103079,u,2,-0.13027377729556613,0.02749681444748911,0.027496814447489124,0.06627272876132355,-0.13027377729556613
581,21327769,g,4,0.23757224471254637,0.2809099499746726,0.6929407535814994,0.3017499698992191,0.23757224471254637
582,21327769,i,3,0.5396931134099887,0.1999708118142972,0.8084895490068078,2.5889838217786587,0.5396931134099887
583,21327769,r,8,0.4997185372853674,0.21684047251203398,1.0167602524845885,2.6076774739117,0.4997185372853674
584,21530929,i,7,0.5514364253566453,0.053497030579478244,0.5580989639924583,1.1974062366888976,0.5514364253566453
585,21530929,r,4,0.32458546342338324,0.018913285050438627,0.041207287565260986,0.433019584836288,0.32458546342338324
586,21531300,g,7,0.34545922355282754,0.08276590941554973,0.23481404456411678,0.13713218464704954,0.34545922355282754
587,21531300,i,6,-0.009801249986898006,0.08640497991025319,0.15056419109804886,0.2625331754304739,-0.009801249986898006
588,21531300,r,10,0.4714599658734129,0.2311041791914736,0.39763783514065165,0.7479627331049741,0.4714599658734129
589,21676294,g,2,-0.14541885430824525,0.0020137267251639918,0.0020137267251640056,0.560005474583337,-0.14541885430824525
590,21676294,i,8,0.6970288511945759,0.15584469200385387,0.28132553007693395,4.036643198168359,0.6970288511945759
591,21676294,r,6,0.47799141610507295,0.030078339338802718,0.056063579650692086,6.864425792768041,0.47799141610507295
592,2177932,g,3,0.002741506370193894,0.019910576418197254,0.8686646484429505,0.9781051787395475,0.002741506370193894
593,2177932,i,4,0.9020179408181186,0.2853726699048678,0.4380700312145335,2.3739557561044062,0.9020179408181186
594,2177932,r,5,0.327943915797203,0.026406432890514087,0.028327815557132485,3.685128686812129,0.327943915797203
595,2177932,u,2,0.13790416986283877,0.419680949701183,0.41968094970118297,0.8348974346894131,0.13790416986283877
596,2183689,g,2,-0.20153738964127554,0.11013874941690616,0.11013874941690616,0.148950761843263,-0.20153738964127554
597,2183689,i,3,0.8252696175313929,0.04804647482027069,0.11388975694865078,1.0259854967610786,0.8252696175313929
598,2183689,r,9,0.425567535854642,0.14195433971687565,0.349771688561428,0.5617055937421637,0.425567535854642
599,2183689,u,5,-0.312946567564945,0.15843772204334483,0.4320865563529369,0.21492489734332984,-0.312946567564945
600,21869172,i,5,0.5631129878447498,0.18309558461875908,0.3608400445106171,1.552334639322843,0.5631129878447498
601,21869172,r,6,0.8873374840586639,0.19304911411350206,0.30918068540320354,2.0070753590114445,0.8873374840586639
602,21869172,u,5,-0.2911077867352937,0.0469142599946073,0.053962567467605416,0.198265058765764,-0.2911077867352937
603,21916765,i,7,-0.18875325684437144,0.012129287938798361,0.02366735338635534,0.1033481424058503,-0.18875325684437144
604,21916765,r,5,0.07211838121371916,0.04398131041726938,0.3056852562872506,0.052482703586336686,0.07211838121371916
605,21916765,u,3,-0.9474175901927899,0.2878313095612277,0.4050344855787432,1.5194050619198736,-0.9474175901927899
606,2193628,g,5,-0.12901082768613936,0.006114867608723595,0.00770670943011742,0.06661815405221135,-0.12901082768613936
607,2193628,i,8,0.876013055275795,0.08948886459892391,0.15605147688381305,3.5280463320192803,0.876013055275795
608,2193628,r,11,0.553773262333898,0.044172844549687396,0.12639034355337314,1.468537138012068,0.553773262333898
609,2193628,u,4,-0.03472904134515403,0.02592714625093935,0.05025500859285997,0.011391040381009826,-0.03472904134515403
610,21940318,g,3,-0.04913648860266395,0.006800827260063369,0.025187247741324803,0.009424349350347612,-0.04913648860266395
611,21940318,i,3,0.5381510070803386,0.012119992409493907,0.02223434077657238,3.2799103329965917,0.5381510070803386
612,21940318,r,4,0.5354708097062051,0.12057615531065524,0.24713620865831515,1.4035106709338336,0.5354708097062051
613,21940318,u,4,-0.07103444277346851,0.030256319748793267,0.05898048987242601,0.033226763476573905,-0.07103444277346851
614,21955595,g,2,1.0061511180185891,0.0019743855246313613,0.0019743855246312503,1.09279177442804,1.0061511180185891
615,21955595,i,8,0.4045691532356861,0.08970090404522832,0.2727889138437422,1.967454981757085,0.4045691532356861
616,21955595,r,5,0.39646179085373207,0.05270131422535235,0.46742128501535346,3.580363368240017,0.39646179085373207
617,21955950,g,3,-0.1929318498355408,0.024520348390705105,0.06999099407382256,0.26137945530082646,-0.1929318498355408
618,21955950,r,5,0.25965038726192213,0.06644536045851912,0.11861902738936644,0.6408179795298772,0.25965038726192213
619,21955950,u,2,0.15059634630950192,0.05583446706179433,0.05583446706179432,0.12643816652947507,0.15059634630950192
620,21956465,g,2,0.022978402037313786,0.09079190334935104,0.09079190334935103,0.0405105985707221,0.022978402037313786
621,21956465,r,5,0.5706607019901239,0.030089304527191718,0.0596204971648171,1.0977146129423714,0.5706607019901239
622,21956465,u,3,0.04949111829086417,0.015835079980052402,0.0353030366277432,0.009241357382330158,0.04949111829086417
623,22033046,g,5,0.25171973324056207,0.028435581785703823,0.04826692632227947,0.1287030853196667,0.25171973324056207
624,22033046,i,6,0.4123282598319957,0.0458849571743484,0.07742055445574586,2.560344308673286,0.4123282598319957
625,22033046,r,9,0.9691638378425316,0.2179075242148859,0.2591743614819214,2.963515412008572,0.9691638378425316
626,22102018,g,4,0.06243001219160939,0.07783391225356626,0.1613963792948928,0.16987604389165692,0.06243001219160939
627,22102018,r,4,0.042159111768508686,0.0727508219013357,0.10296282811783633,0.29899922881634045,0.042159111768508686
628,22102018,u,3,0.4292876404840308,0.15170327770939385,0.16643701143990186,1.0947151743833243,0.4292876404840308
629,22133899,i,6,0.5261114483993996,0.023667338442231067,0.1189364393195298,3.6453298051392835,0.5261114483993996
630,22133899,r,4,0.5518121237998816,0.028893940780322258,0.03876362092052654,1.6561740133963205,0.5518121237998816
631,22188433,g,4,-0.0036760224186697388,0.021119646302223377,0.18957559371884036,0.15731234766118715,-0.0036760224186697388
632,22188433,i,2,0.5570431849796171,0.0023817132727027013,0.002381713272702757,1.3566622267149544,0.5570431849796171
633,22188433,r,2,0.9320195852270923,0.3019546582699519,0.30195465826995194,1.9486997162576296,0.9320195852270923
634,22188433,u,3,0.5296063877118828,0.015077915460347646,0.04263840257596385,2.415954162567221,0.5296063877118828
635,2231682,g,2,-0.045117745241510854,0.05526605017671332,0.05526605017671332,0.005820672076073443,
636,2231682,r,2,0.3395794746435804,0.03648452430012594,0.03648452430012594,0.14259509936386605,
637,22409680,g,2,-0.18158600108544481,0.0077648162841796875,0.0077648162841796875,0.9023718800763447,-0.18158600108544481
638,22409680,i,5,0.43695124338050717,0.010148789106864509,0.048391241686658204,5.704381289353472,0.43695124338050717
639,22409680,r,5,0.3525502047709572,0.014189038424302802,0.015876083806534713,5.8249270573392256,0.3525502047709572
640,22417152,i,9,0.5122567927311175,0.030879534495710237,0.05489651889561481,2.5210529568605744,0.5122567927311175
641,22417152,r,4,0.34836708687992624,0.024639576750365405,0.075862240013088,3.330349414074384,0.34836708687992624
642,22451309,i,2,0.30311040857785143,0.12533199390331187,0.1253319939033119,0.3183614882402559,0.30311040857785143
643,22451309,r,6,0.510225819910388,0.028765744059862486,0.046360499507028474,1.0621083869919798,0.510225819910388
644,22451309,u,2,0.07804011678272521,0.014574333009330476,0.014574333009330476,0.024402317531182563,0.07804011678272521
645,22480561,i,5,0.6394583203539761,0.1337957575259494,0.19946624916420286,3.71425653219791,0.6394583203539761
646,22480561,r,7,0.2633508624399821,0.13440344060373666,0.3480640876083184,1.704965370026558,0.2633508624399821
647,22480561,u,2,-0.08927363992721782,0.09855146498968614,0.09855146498968614,0.045186496983258016,-0.08927363992721782
648,22481908,i,3,0.5435084640234219,0.13358764387977368,0.14909651451577632,1.735515455706194,0.5435084640234219
649,22481908,r,6,0.6056411824069493,0.04998353669423272,0.07990996227794744,1.8314750836969083,0.6056411824069493
650,22481908,u,2,-0.21997303628141576,0.039412755604185806,0.039412755604185834,0.2059217541720103,-0.21997303628141576
651,22506678,g,4,0.6883294559838148,0.1714056572546916,0.2598884017425688,0.49562289967298595,
652,22506678,i,7,0.4734077360396306,0.08968779624269485,0.873200686867406,2.3133916214260917,0.4734077360396306
653,22506678,r,7,1.0775945625557777,0.3983300931267728,0.7072657953026,2.816115185150322,
654,22587012,g,3,-0.10132791191237522,0.008089100139728467,0.03172128793137427,0.36807183586418296,-0.10132791191237522
655,22587012,i,2,0.6796326883424006,0.2343738466102892,0.23437384661028926,3.3262990015784015,0.6796326883424006
656,22587012,r,4,0.5541360357085374,0.1322567641447682,0.294616380714571,4.456844452618924,0.5541360357085374
657,22587012,u,2,-0.16623629444091828,0.02384484978444759,0.02384484978444762,0.29942450740723736,-0.16623629444091828
658,22612941,g,2,0.09217385505636475,0.042686418066623155,0.042686418066623155,0.08635441719176846,0.09217385505636475
659,22612941,i,5,0.5906121632982892,0.08157338591445407,0.08906422174322537,1.3778284017387743,0.5906121632982892
660,22612941,r,5,0.6120358577364846,0.05683230004670525,0.07074451534345061,4.587566689986501,0.6120358577364846
661,22612941,u,2,0.31495179521837985,0.01657219314444086,0.016572193144440805,0.9680425910134289,0.31495179521837985
662,22699472,g,6,0.17422582633385175,0.207350185051623,0.3808258750676551,0.2691131737392873,0.17422582633385175
663,22699472,i,5,0.3008612259658103,0.01810320861119402,0.04119051170160887,1.6173095058021942,0.3008612259658103
664,22699472,r,7,0.7570732276754732,0.3222533888347763,0.5394040966447158,2.7617777715031537,0.7570732276754732
665,22793404,g,7,-0.1872916251333825,0.023083045379298228,0.05088341398197335,0.05831792532121299,-0.1872916251333825
666,22793404,i,7,0.518067828822538,0.03749613357919124,0.05416721151851611,1.6127427065222883,0.518067828822538
667,22793404,r,8,0.5117808540249373,0.021980778140323315,0.042226625246466365,0.4860514663118053,0.5117808540249373
668,22793404,u,3,-0.6552951264602618,0.04944521959206338,0.20944097779817372,1.211791575986194,-0.6552951264602618
669,22834550,i,4,0.4971765300293685,0.04836902713136576,0.09606595900837483,2.1390151474153587,0.4971765300293685
670,22834550,r,4,0.4700772286740349,0.02563812750553346,0.04811824632408468,3.5803101822802725,0.4700772286740349
671,22834550,u,2,-0.1323888543363103,0.04705124600608584,0.04705124600608583,0.2496852121243469,-0.1323888543363103
672,22899342,g,4,0.023988344861517824,0.015037441135604818,0.03083979115420199,0.005419626880234763,0.023988344861517824
673,22899342,i,6,0.32535565861048255,0.03003740555488904,0.2840919029033181,0.5215206863999068,0.32535565861048255
674,22899342,r,6,0.3043204685937469,0.072999071592662,0.16399860068520755,0.5224221244798799,0.3043204685937469
675,22899342,u,4,-0.19729524163797926,0.01047456044496764,0.024513422581416977,0.23253360111639432,-0.19729524163797926
676,22906453,g,3,0.9237290369240846,0.015611885897532818,0.26938048837211914,1.3585440133065838,0.9237290369240846
677,22906453,i,7,0.6068822533486515,0.18922757904143328,0.6347027144397647,2.2562012819187913,0.6068822533486515
678,22906453,r,6,1.589375731700867,0.025746124972906292,0.5255329318543263,2.90462781455197,1.589375731700867
679,2293278,g,5,0.1571861891607384,0.08720961360196744,0.15035193620412102,0.0943492321637884,0.1571861891607384
680,2293278,r,4,0.7437114060865879,0.13143452282003243,0.2343885205753763,2.308229951063396,0.7437114060865879
681,2293278,u,2,0.14096366711532277,0.07139951182198113,0.07139951182198115,0.07589448318191708,0.14096366711532277
682,2296480,g,4,0.17038850212341378,0.07446491917814016,0.17445442218499008,0.2894555358927615,0.17038850212341378
683,2296480,r,5,0.7386734938173056,0.20041443037016116,0.326000557260153,5.80547326800337,0.7386734938173056
684,2296480,u,3,0.30030574154076195,0.008261613032857495,0.025885290871841105,0.7812022286963286,0.30030574154076195
685,23018529,g,4,-0.03929988819836769,0.07138618218241952,0.4083649929944886,0.5283000241744662,-0.03929988819836769
686,23018529,i,3,0.3359907124377408,0.013479367067305792,0.014849495425089787,1.4716779360096073,0.3359907124377408
687,23018529,r,6,0.2327026286462487,0.0571423152594009,0.08767164672604172,1.8226802022492399,0.2327026286462487
688,23018529,u,2,-0.06137832136925488,0.001166803846799687,0.0011668038467996938,0.043047301758780056,-0.06137832136925488
689,23052631,g,3,-0.8251976822842042,0.023751778927713962,0.06118003731568655,0.6822549136620304,-0.8251976822842042
690,23052631,r,7,0.18479187716509185,0.1616786413257784,0.29191270903375255,0.22884684198504948,0.18479187716509185
691,23052631,u,5,-0.9343957824627412,0.353617131646904,0.5573946019716012,1.8165015617234548,-0.9343957824627412
692,23097266,g,3,-0.02182219193296231,0.01847359595200876,0.203499299610188,0.0681488252826795,-0.02182219193296231
693,23097266,i,6,0.24066678443977552,0.03470527098367898,0.05266783105546424,0.9100188459879414,0.24066678443977552
694,23097266,r,6,0.3178657347724382,0.03130032867693974,0.055159219820848426,2.1943260285891997,0.3178657347724382
695,2314734,g,4,-0.09574538245437561,0.10968933735783092,0.2285573826379213,0.029067691465523224,-0.09574538245437561
696,2314734,i,10,0.22738332540550182,0.04005115956707475,0.07156407721720268,0.44908266292746946,0.22738332540550182
697,2314734,r,4,0.06481646456087664,0.03585641580843213,0.08468972582142524,0.034532696495531784,0.06481646456087664
698,2314734,u,3,-0.4461389284070891,0.014735842537473343,0.19674242825652088,0.8628181312391661,-0.4461389284070891
699,23183271,g,5,-0.1204065654167076,0.037845458250777536,0.1241755026967642,0.10278148934439094,-0.1204065654167076
700,23183271,r,3,0.2424360117916746,0.07882746524153877,0.25463162929002087,0.9327603733550732,0.2424360117916746
701,23183271,u,4,-0.13201828080136346,0.04212024023096328,0.11070503308782077,0.10725401018681993,-0.13201828080136346
702,23234046,i,4,0.24551294336785717,0.1327875943258548,0.2975244770745116,0.29814406997855647,0.24551294336785717
703,23234046,r,6,0.11010219876998129,0.20199068661479858,0.6630935754777618,0.4442636983807689,
704,23276415,g,2,0.23006588971569802,0.03147451653362654,0.03147451653362654,0.21031886017228213,0.23006588971569802
705,23276415,i,7,0.7969470325828505,0.25089519839677843,0.6529981652112297,1.794639407699446,0.7969470325828505
706,23276415,r,6,1.02198078563955,0.1437076605610511,0.2618222109976127,2.627562266243722,1.02198078563955
707,23276415,u,2,0.33083717987711075,0.09844708579872646,0.09844708579872641,0.3274644837192032,0.33083717987711075
708,23304115,g,3,-0.22219677598792997,0.04260186712923886,0.056629637848748915,0.12154030748404576,-0.22219677598792997
709,23304115,i,3,0.6624507424154921,0.01370945526704681,0.021415752424958745,1.7781043922172124,0.6624507424154921
710,23304115,r,6,0.3809744350886679,0.04021422766593036,0.07231183033058947,0.4582030335727827,0.3809744350886679
711,23304115,u,3,-0.15126553200908965,0.06510317627184897,0.07314039119901082,0.07056007438008116,-0.15126553200908965
712,23393977,g,4,-0.009753972819607881,0.028080095802731908,0.06224602192817054,0.00637162655779988,-0.009753972819607881
713,23393977,i,6,0.8346420511387926,0.14726795314446384,0.26487777403794066,3.8059343421401013,0.8346420511387926
714,23393977,r,9,0.7614870129631893,0.13722973424556473,0.1621331949142889,1.544812400825497,0.7614870129631893
715,23393977,u,3,-0.029905888542373193,0.04908206353869293,0.06705691013478418,0.010528918019025668,-0.029905888542373193
716,2344170,i,3,0.5788959128601003,0.1269637607784977,0.15734358771127888,3.728307195985247,0.5788959128601003
717,2344170,r,5,0.5052429185455037,0.14474321791744088,0.37329886281997504,1.0271312155041792,0.5052429185455037
718,2344170,u,3,-1.9735724989561607,1.7558533919771087,1.8305784712847228,8.033299372603103,
719,23833102,g,2,-0.1375403323261146,0.04454612731933594,0.04454612731933594,0.6064523268911715,-0.1375403323261146
720,23833102,i,3,0.5426722163559772,0.08022176317417662,0.19620804981000928,2.5402363301449387,0.5426722163559772
721,23833102,r,6,0.33274239138343964,0.04089155547229101,0.06684971306722692,2.4951437534841947,0.33274239138343964
722,23852460,g,6,0.4920389198584685,0.018134384644280743,0.028335571476583388,0.9479665504832449,0.4920389198584685
723,23852460,r,5,0.9489308658947029,0.06368469104141394,0.12673864753628483,3.694585393587326,0.9489308658947029
724,24014157,g,2,1.0912153178233766,1.043506832274975,1.043506832274975,2.761161254129876,
725,24014157,i,6,0.5634664320780012,0.17583554079717797,0.29794503606452233,1.1929783154806233,0.5634664320780012
726,24014157,r,5,0.3706888685111407,0.11402891137512228,0.8310312657604751,3.026781178275661,0.3706888685111407
727,24066129,g,5,-0.16413496992829768,0.017277358680309662,0.03454382684479776,0.4401697334510531,-0.16413496992829768
728,24066129,r,3,0.38458845178005746,0.019409970789620146,0.046664506480352586,2.982335350623517,0.38458845178005746
729,24066129,u,3,-0.06963557547799246,0.07013877845616215,0.32746392345035724,0.28595846479109793,-0.06963557547799246
730,24082540,g,5,-0.15114154203774666,0.01603460502869028,0.023324984919308595,0.29488250036213903,-0.15114154203774666
731,24082540,i,5,0.40355413080643265,0.07807530904730703,0.0954281746943515,0.7472922969096697,0.40355413080643265
732,24082540,r,8,0.39425236022778004,0.053783897896922256,0.16064380906436593,1.542587869142548,0.39425236022778004
733,24093997,i,4,0.2973606293204868,0.10383767817235721,0.19725484446328534,1.6227847698064077,0.2973606293204868
734,24093997,r,7,0.24540690132829068,0.07757679711199436,0.32845290055770726,1.4461730294363178,0.24540690132829068
735,24093997,u,3,0.2720020596922902,0.08088644989238125,0.12060357747886147,0.5624729453495182,0.2720020596922902
736,24130653,g,6,-0.10121066762005113,0.03396563751302602,0.05296869122839791,0.08751644479506056,-0.10121066762005113
737,24130653,i,3,0.7858816205470393,0.21509555582834938,0.3734155385560348,5.043443206828032,0.7858816205470393
738,24130653,r,10,0.318640136171319,0.17465921322124184,0.2639374973867052,0.7431700050212462,0.318640136171319
739,24130653,u,4,-0.12034212945718908,0.050277850931144674,0.07448007637416275,0.08228615057606634,-0.12034212945718908
740,2416707,g,3,-0.13428898640995746,0.0365209988034122,0.04846905354291431,0.047817594635675385,-0.13428898640995746
741,2416707,i,2,0.7046838253900876,0.20449651119914053,0.20449651119914047,1.3608822511909935,0.7046838253900876
742,2416707,r,8,0.618889975912821,0.10762986092369078,0.21181434487542494,0.9534677445664085,0.618889975912821
743,24168563,g,3,-0.07977939715140209,0.02217514890912889,0.5146981356003653,0.5003159697935837,-0.07977939715140209
744,24168563,i,2,0.7632391066105416,0.032916720356578,0.03291672035657789,2.177511477370286,0.7632391066105416
745,24168563,r,4,0.974647203300607,0.48891752125226945,0.9558586623262076,5.643695954506194,0.974647203300607
746,24168563,u,4,-0.4692707998592603,0.6223018993290763,1.3579537183210777,1.3681656731786922,-0.4692707998592603
747,24317957,i,4,0.23042831384910545,0.05179662703475142,0.09278919644147623,1.1634218432087169,0.23042831384910545
748,24317957,r,7,0.056316513104404886,0.042727524738592676,0.07853076775003473,0.20434612682761302,0.056316513104404886
749,24321142,g,2,-0.0662701820898719,0.02718858329933138,0.02718858329933138,0.010986415853984233,-0.0662701820898719
750,24321142,i,5,0.7112584037222769,0.1461159705424,0.15891995599239006,2.3128097674885333,0.7112584037222769
751,24321142,r,6,0.5611471185511198,0.052563012573521306,0.08824072285545748,0.8236024701644614,0.5611471185511198
752,24321142,u,3,0.023776870200715283,0.04817093919181159,0.11590753697905129,0.044850740984550025,0.023776870200715283
753,24421064,g,6,-0.23381094014054404,0.016270945993020203,0.03113991994243462,0.04836637960569559,-0.23381094014054404
754,24421064,i,2,0.4331087215607158,0.08117183036754486,0.08117183036754488,1.9219306578565032,0.4331087215607158
755,24421064,r,8,0.5069439669318923,0.20799173473034244,0.3027996078765162,0.7309857828941138,0.5069439669318923
756,24421064,u,3,-1.169508581572856,0.38065344597756656,0.7794739116916373,1.7352074070004804,-1.169508581572856
757,24454439,i,5,0.4707524516925976,0.10940740506474178,0.11073161265013448,1.0203002017658338,0.4707524516925976
758,24454439,r,6,0.513128538326051,0.012103444461816715,0.02053208968135467,0.5818160503764274,0.513128538326051
759,24491492,g,2,-0.06844773870594882,0.072169104786393,0.07216910478639302,0.02176244103706539,-0.06844773870594882
760,24491492,i,5,0.9052952741949237,0.1429703274189077,0.2918556263826565,4.340801971512232,0.9052952741949237
761,24491492,r,7,0.49552822650293316,0.055480354479161664,0.1599070661139843,0.8219055137476438,0.49552822650293316
762,24550093,g,2,0.9486428935399681,0.14335492107990777,0.14335492107990766,1.1262392658012543,0.9486428935399681
763,24550093,i,4,0.5803720123232797,0.11488362156990445,0.22920054358373548,3.74425748293993,0.5803720123232797
764,24550093,r,4,0.773722186216153,0.030601516491515046,0.279999871367411,2.731275075591461,0.773722186216153
765,24550093,u,2,-0.275037441031321,0.025453749067364334,0.025453749067364362,0.2920833907718636,-0.275037441031321
766,24651664,g,3,-0.13065828913932864,0.03874149612136524,0.11382196202677164,0.11885864731896861,-0.13065828913932864
767,24651664,i,2,0.7469526000014239,0.02798856240676234,0.027988562406762285,3.784646988363628,0.7469526000014239
768,24651664,r,4,0.4896364009138133,0.10951662824569486,0.23348660831555124,1.5676519772865602,0.4896364009138133
769,24651664,u,3,-0.6018602074259068,0.3082493524592139,0.43950085789880344,0.7906771534573478,-0.6018602074259068
770,24652713,g,3,-0.45874402717074747,0.008736807799727186,0.19392237517983224,0.42476087527084627,
771,24652713,i,3,0.5649165124439884,0.06107092056973895,0.1044150402307289,0.6460996143311947,0.5649165124439884
772,24652713,r,3,0.4770762934819528,0.10256844323904168,0.10845208219628555,0.234878908100233,
773,24652713,u,2,-0.6417476115971074,0.0048137990218587445,0.0048137990218586335,0.7854084979590648,-0.6417476115971074
774,24833622,g,2,0.30688767816829293,0.01251917111677886,0.012519171116778804,0.42352249083206683,0.30688767816829293
775,24833622,i,4,0.780196354588663,0.24093390141406237,0.4891493738940421,3.15258428541544,0.780196354588663
776,24833622,r,7,0.799921603859077,0.14708939733598003,0.2352683073579268,6.364403355472873,0.799921603859077
777,24833622,u,2,0.9376064526459859,0.047301795858737505,0.047301795858737394,10.104996609233176,0.9376064526459859
778,24847611,g,2,-0.09657593111787391,0.009034882599770172,0.009034882599770172,0.021569286006971226,-0.09657593111787391
779,24847611,i,4,0.6377421586274217,0.03055151748986601,0.062313949980832284,1.1170276768190857,0.6377421586274217
780,24847611,r,8,0.5900942493920396,0.07228582600171352,0.1406541558070955,0.8302734371134766,0.5900942493920396
781,24847611,u,3,-0.08263972342876791,0.0479252361824386,0.06510214090287453,0.030473145760177973,-0.08263972342876791
782,24983219,i,7,0.31811080552444326,0.025859283338312833,0.061045713194316176,0.6108012612005231,0.31811080552444326
783,24983219,r,5,0.4327727367364992,0.005272754491943088,0.007433265417693624,1.0281920851288513,0.4327727367364992
784,25077307,i,8,0.37599718063013393,0.01123793695037037,0.045749584906970564,2.3700853215399453,0.37599718063013393
785,25077307,r,7,0.49875195237382075,0.010068955345379327,0.017849289782915334,9.628219533677179,0.49875195237382075
786,25108879,g,2,-0.10552754605107792,0.0017181675455818224,0.0017181675455818224,0.11931012966100642,-0.10552754605107792
787,25108879,i,5,0.5638126731386102,0.027646490815860902,0.06012519521845161,8.735053485256596,0.5638126731386102
788,25108879,r,7,0.22393443190244988,0.06822067223531461,0.10076737757944176,0.6522133899837325,0.22393443190244988
789,25108879,u,2,-0.0018289191006863464,0.038666708370074035,0.038666708370074035,0.011037581038753911,-0.0018289191006863464
790,25122112,g,2,0.1898410395039096,0.16125808394499488,0.1612580839449949,0.12926022935017298,0.1898410395039096
791,25122112,i,5,0.3713354497572393,0.0320248860060387,0.10799782022063709,3.036431212283765,0.3713354497572393
792,25122112,r,7,0.6946935403225571,0.2900223234613425,0.7074477041777056,3.984150407020104,0.6946935403225571
793,25370467,g,4,0.09787486067900347,0.07623996938045693,0.09349672097200197,0.08298896315875141,0.09787486067900347
794,25370467,i,3,0.6713764254252997,0.03600007786574688,0.04908291417474997,3.2070983872961865,0.6713764254252997
795,25370467,r,4,0.6212329970629018,0.04839430559331237,0.1736286022353014,4.181966661241642,0.6212329970629018
796,25378705,g,4,0.0032991982102137385,0.1326213496571254,0.4903076838958699,0.583057651700599,0.0032991982102137385
797,25378705,i,7,0.6106775336353782,0.21624187795211414,0.4331605101544706,0.8647004474761143,0.6106775336353782
798,25378705,r,8,0.6445828161717873,0.5139603977637467,0.844669284749747,1.443223104165758,0.6445828161717873
799,25384174,i,3,0.5971742878285649,0.04523759985919573,0.05950494732074174,3.064837699146823,0.5971742878285649
800,25384174,r,6,0.5858867620806081,0.03170105745634788,0.05281735457246006,1.686217927909766,0.5858867620806081
801,25384174,u,3,-0.8511947583543802,0.053512347543086536,0.3625122280879606,1.0717896379045653,-0.8511947583543802
802,25405799,g,3,-0.08416477698775746,0.013765447676446912,0.04375423368635473,0.1383394357215335,-0.08416477698775746
803,25405799,i,3,0.7112261611258868,0.02222357673549502,0.21374442914298475,1.7923349463757645,0.7112261611258868
804,25405799,r,5,0.45220658366465194,0.05690904379377604,0.08164227850743044,5.074480478257312,0.45220658366465194
805,25420839,i,5,0.6614271719194028,0.0708505988674848,0.17263361976266667,1.2102985515694122,0.6614271719194028
806,25420839,r,9,0.5632321220316868,0.038089093970213206,0.068975319730331,1.0064782369038658,0.5632321220316868
807,25715730,g,3,0.6655137283426613,0.029598236083984375,0.38010488928184993,0.8282448210232357,0.6655137283426613
808,25715730,i,3,0.5037224951219927,0.09673010760564127,0.18545179520411492,0.6617665422098774,0.5037224951219927
809,25715730,r,4,0.682907349697307,0.06594056765581618,0.3243958647790295,1.2801746373794263,0.682907349697307
810,25749905,i,5,0.872330150709365,0.3277946503842477,0.40122858768727077,2.619616814521696,0.872330150709365
811,25749905,r,5,1.2896939065646094,0.3441410030488632,0.3501151210245992,4.039839908821155,1.2896939065646094
812,25749905,u,2,0.680817518122985,0.16902061991247103,0.16902061991247097,1.0009486502203617,0.680817518122985
813,25774908,g,3,0.08333588659619828,0.014296656024761545,0.024797070121584358,0.04385945740437416,0.08333588659619828
814,25774908,i,7,0.7880774947471105,0.21627081554312233,0.40529319905534744,4.971057607581314,0.7880774947471105
815,25774908,r,7,0.8873882466447152,0.3504689072775091,0.5756440724278455,2.890049898888563,0.8873882466447152
816,25774908,u,2,0.3510634558169352,0.1384235357857395,0.13842353578573946,0.5018863900290138,0.3510634558169352
817,25775641,g,5,0.15465078042761987,0.08035412788356117,0.33153283772172876,0.2236151511126343,0.15465078042761987
818,25775641,i,6,0.8554579262667285,0.18527945380707583,0.28735330614413634,3.2668221706877163,0.8554579262667285
819,25775641,r,8,0.840562941548146,0.06686293815200617,0.17693103261602028,2.507565381643354,0.840562941548146
820,25811320,g,2,-0.2409243954567956,0.1702251918103432,0.17022519181034318,0.21441897265537743,-0.2409243954567956
821,25811320,i,8,0.6707300898021932,0.024825953243256926,0.052034398023611206,1.6381550756813068,0.6707300898021932
822,25811320,r,9,0.303028201927279,0.059659213464580585,0.09767782181078905,1.2266515626227763,0.303028201927279
823,25811320,u,4,0.18736535606363303,0.0167608662042283,0.14466733535715523,0.2493685459046831,0.18736535606363303
824,25816751,g,4,-0.0710404188835222,0.03791216848893775,0.04301262555412691,0.009107734692004954,-0.0710404188835222
825,25816751,i,4,0.12226510275516735,0.06219428225477579,0.09740479505958102,0.074452659429394,0.12226510275516735
826,25816751,r,6,0.32746231229196354,0.11897915679653587,0.2373846362461417,0.3919362395286791,0.32746231229196354
827,25816751,u,2,0.20671220732554207,0.3737928161737549,0.3737928161737549,1.646704331479894,0.20671220732554207
828,2587461,i,4,0.7038930235681846,0.03501037273069907,0.04436619129838704,4.560591548778749,0.7038930235681846
829,2587461,r,7,0.5359681994605958,0.10824205447426494,0.20613667386231227,1.8481067431666773,0.5359681994605958
830,2587461,u,2,-0.1273967356630618,0.04073407408199792,0.04073407408199792,0.0546983598735665,-0.1273967356630618
831,25887552,g,5,-0.43582495025364043,0.1381042297179449,0.1892773508072687,0.2268565294856825,-0.43582495025364043
832,25887552,i,3,0.8506709449794262,0.044082102981270244,0.1254987361788139,2.7276350020513753,0.8506709449794262
833,25887552,r,7,0.3035864369650435,0.17840944094998334,0.27030275304321644,0.3890916274885007,0.3035864369650435
834,25887552,u,2,-0.1661638436032268,0.23303556890253416,0.23303556890253413,0.17504669891749075,-0.1661638436032268
835,25929951,i,6,0.9272319977180178,0.01896165947657058,0.028656898836284084,1.881932988791015,0.9272319977180178
836,25929951,r,6,0.7550485758256389,0.11613905682109987,0.23384491244054517,2.3891348638756225,0.7550485758256389
837,26050511,i,7,0.4345368476711918,0.0736214582198293,0.1628993014510568,1.7245196183239955,0.4345368476711918
838,26050511,r,4,0.3258454765405295,0.029617287876952753,0.03337829569619344,2.7045517988972225,0.3258454765405295
839,26055077,i,5,0.608840944605501,0.10120011804767493,0.23147184666626353,7.810089728142342,0.608840944605501
840,26055077,r,8,0.5079850093900937,0.06715747273846312,0.118003596428777,5.694366108686313,0.5079850093900937
841,26078429,i,6,0.4632139460641651,0.048072466145374915,0.07217537717992895,0.4411024119007627,0.4632139460641651
842,26078429,r,3,1.3349249821572262,0.4868910615931179,0.6851319845171274,3.911825281211397,1.3349249821572262
843,26119644,i,4,0.45869033636079903,0.008743818300868678,0.09182231568123689,0.9777250133595172,0.45869033636079903
844,26119644,r,6,0.5592755997551463,0.020057519050058203,0.034700163874607615,1.9383380495042737,0.5592755997551463
845,26119644,u,2,-0.06217494416903546,0.023559709676323842,0.023559709676323842,0.05781145016711948,-0.06217494416903546
846,26122930,g,2,-0.556525381151028,0.4290829850269751,0.42908298502697517,0.5025597649335006,-0.556525381151028
847,26122930,i,3,0.21384324143713204,0.017437812204318143,0.16282360860842193,0.4760235595647713,0.21384324143713204
848,26122930,r,6,0.1375903430798613,0.030536099219005797,0.05699014916881101,0.12148846026233322,0.1375903430798613
849,26297486,i,5,0.3138690299472451,0.31940100826264395,0.36322843758872714,0.4219551707887101,0.3138690299472451
850,26297486,r,5,0.5945093973964384,0.6486487562061622,0.6936237741555011,0.8627338236303883,0.5945093973964384
851,26297486,u,2,0.2722081950614281,0.16558217192614633,0.16558217192614635,0.20945387101205265,0.2722081950614281
852,26299269,g,3,0.02697259168963806,0.011908189256377488,0.039612144732452004,0.0029310953297185843,0.02697259168963806
853,26299269,i,6,0.854890248047528,0.21673636633865845,0.410800551849564,4.899354795693721,0.854890248047528
854,26299269,r,7,0.7648317499125932,0.15149595102534974,0.31176778458782495,1.3365756203834671,0.7648317499125932
855,26299269,u,3,-0.029238809662715082,0.06027320481577281,0.12915186041170304,0.03126901533129026,-0.029238809662715082
856,26334051,g,3,0.12443602950905358,0.03373094357076778,0.16284307595251382,0.3473171197043008,0.12443602950905358
857,26334051,i,4,0.8670605733248147,0.4766894404870542,1.0222734491612349,0.8700259381445576,0.8670605733248147
858,26334051,r,3,0.4939494170681305,0.3931148614287846,0.557374020396074,0.7873956369099155,0.4939494170681305
859,26334051,u,2,-0.14936437042955175,0.027240141081026126,0.027240141081026126,0.055063022249008026,-0.14936437042955175
860,26410112,g,4,-0.17332597312654638,0.017132276577225367,0.03451439760830058,0.14790176147221196,-0.17332597312654638
861,26410112,i,5,0.6138684467923446,0.07440413939416457,0.2010328175938263,2.1278631346485595,0.6138684467923446
862,26410112,r,7,0.5073607466352338,0.08546619376929587,0.15554196564683598,1.4168925540109514,
863,26410112,u,3,-3.708533490455113,0.40076768408751473,0.7906195624226506,16.91991840207923,-3.708533490455113
864,26475566,i,6,0.043396158553980296,0.14813906128378182,0.2682086065275692,0.1735564176028971,0.043396158553980296
865,26475566,r,5,0.3410280745406163,0.006000449530708607,0.04076845656205319,0.45000822252378364,0.3410280745406163
866,26480503,g,4,-0.13975985241402036,0.01055859942795638,0.015357395339164914,0.3779662334428983,-0.13975985241402036
867,26480503,i,4,0.5985598277714208,0.011107908379181408,0.057941579490963346,11.303079882449493,0.5985598277714208
868,26480503,r,6,0.3036244896030965,0.018730225064920863,0.0319397916733703,3.6351482479212973,0.3036244896030965
869,26543489,g,3,-0.1102039393772635,0.03056122348569909,0.5542757126912755,0.5939913436705831,-0.1102039393772635
870,26543489,i,6,0.8749214689755513,0.1669830467342172,0.2589397764203226,1.4263067348879723,0.8749214689755513
871,26543489,r,10,0.4234472983607219,0.08113579052548736,0.20863482850306625,4.409010542590066,0.4234472983607219
872,26543489,u,3,-0.15732018156757088,0.013415019916825976,0.014969858618151949,0.3462990439517579,-0.15732018156757088
873,26599693,g,4,0.33155085650170185,0.05311611978652636,0.07631640541708395,0.15491706610260264,0.33155085650170185
874,26599693,i,2,0.5146071738996614,0.10066969464928216,0.1006696946492821,4.763871052088915,0.5146071738996614
875,26599693,r,5,0.5254448196254563,0.29068933094776195,0.5602361259267907,1.1633815258038482,0.5254448196254563
876,26639142,g,3,-0.0392496453543727,0.014051259931238264,0.030000031472318736,0.010258188665037112,-0.0392496453543727
877,26639142,i,4,0.2068618237678649,0.03538091635516463,0.04890133588556639,0.1000966697332092,0.2068618237678649
878,26639142,r,7,0.3482090351796959,0.029754181862143736,0.0631096215067184,0.6320050547598901,0.3482090351796959
879,26645310,g,3,-0.1933008743063801,0.030280254687159947,0.09190772329222571,0.17407562290148837,-0.1933008743063801
880,26645310,r,6,0.24950014078253122,0.02517031345037926,0.04358447077992439,0.2019014740857222,0.24950014078253122
881,26684625,g,3,0.012425417348046808,0.001372671657729474,0.031320448463055914,0.004454641955879857,0.012425417348046808
882,26684625,i,7,0.6557370695052624,0.10280831522381284,0.2785913863305055,1.5929186021582926,
883,26684625,r,5,0.6421747548366998,0.03515605936774158,0.10193495493140747,1.1151403331460972,0.6421747548366998
884,26754525,g,5,-0.10089005929728301,0.07336474753314204,0.1414997833471211,0.04212329033528499,-0.10089005929728301
885,26754525,i,2,0.22699358725697305,0.11261767030053615,0.11261767030053615,0.1714900076092928,0.22699358725697305
886,26754525,r,6,0.5654324748717212,0.12452895824944474,0.1899993885347362,0.8388126513622095,0.5654324748717212
887,26754525,u,2,0.1269118663656083,0.009498242703151083,0.009498242703151083,0.039180122963202384,0.1269118663656083
888,2685867,i,3,0.5262302322548451,0.049403836982887805,0.077446977983045,1.4911929770337071,0.5262302322548451
889,2685867,r,6,0.37519417922505277,0.029074022074020767,0.11011989095005964,2.772016936543409,0.37519417922505277
890,2685867,u,4,-0.40402280106530597,0.5329648796104904,1.7083798131659114,4.647374390372201,-0.40402280106530597
891,26917695,i,4,0.313669986134949,0.10118997297186269,0.16830493497353272,1.5924699471953874,0.313669986134949
892,26917695,r,7,0.303495775795102,0.0819977588476764,0.2023455147069539,1.068843715274236,0.303495775795102
893,27006611,g,2,-0.16865768647271218,0.0027145120905213427,0.002714512090521315,0.6132564433780563,-0.16865768647271218
894,27006611,i,6,0.62516757890409,0.061906880126407604,0.09813436663987474,1.6980150680351738,0.62516757890409
895,27006611,r,5,0.4484299649523853,0.15544317969109572,0.20872983945644258,1.6058398646296546,0.4484299649523853
896,27016136,g,5,-0.10325920866302199,0.1563470341823239,0.9919543880702549,0.6033246973425792,-0.10325920866302199
897,27016136,r,6,0.16535531557903332,0.11295288632668671,0.31579545026891404,0.6668264204944636,0.16535531557903332
898,27127241,g,4,0.2932157123303111,0.0604194907122618,0.10173999981006326,0.19269957768863166,0.2932157123303111
899,27127241,i,2,0.48945132650724005,0.07743085233494856,0.07743085233494862,1.0134443247295786,0.48945132650724005
900,27127241,r,4,0.6527046218047396,0.12768952940892359,0.24551653406089413,1.6691768436352707,0.6527046218047396
901,27127241,u,3,0.02470311947908682,0.0019119027814382128,0.03756015860730727,0.0033158555878031065,0.02470311947908682
902,27165133,g,3,-0.005765036750701336,0.0013893833900989194,0.0717908968407805,0.009146999421443517,
903,27165133,r,5,0.42579466228078006,0.032212119525874106,0.05477426487405501,0.6728878197858725,0.42579466228078006
904,27165133,u,4,0.1397194919844389,0.10850240941751024,0.1703813772344308,0.1834868533092795,0.1397194919844389
905,27167650,g,2,-0.21285791424368,0.01059473825145249,0.010594738251452518,1.2002081792748855,-0.21285791424368
906,27167650,i,4,0.2599612851995081,0.0619344376521718,0.10525286686773896,0.8288794163876534,0.2599612851995081
907,27167650,r,5,0.22418799460493039,0.021771284944741204,0.02833125702156411,1.3246723766920538,0.22418799460493039
908,27248833,i,2,0.6953227323539968,0.009999034050461042,0.009999034050461098,8.568138022539715,0.6953227323539968
909,27248833,r,5,0.30189425238787543,0.02766157463451563,0.05507291036198714,3.5228016458159437,0.30189425238787543
910,27248833,u,3,-0.20589162328635022,0.05037496539479486,0.05448724181989667,0.3743477000380899,-0.20589162328635022
911,27264651,i,8,0.5498869264400934,0.08051784943928345,0.14267138167745408,4.109643097335778,0.5498869264400934
912,27264651,r,2,0.4479420849257183,0.05357096667683248,0.05357096667683248,1.3636341557678906,0.4479420849257183
913,27312259,g,2,-0.8916088491492729,0.3066636072999276,0.3066636072999276,1.1972780461932069,-0.8916088491492729
914,27312259,i,3,0.26517181585786676,0.13420740567722977,0.1607457251475724,0.45462924557578194,0.26517181585786676
915,27312259,r,6,0.2819415465926718,0.13670427284927728,0.23513977165241987,0.22516736584780547,0.2819415465926718
916,27312259,u,3,-0.21407274636726625,0.44073787709088136,0.8202912459270857,1.2690994508917697,-0.21407274636726625
917,27387783,g,2,-0.14011341049183218,0.01065808498608091,0.010658084986080923,0.39629812315353236,-0.14011341049183218
918,27387783,i,4,0.7862192061778521,0.10807222378448988,0.25770760591062336,11.023834493846598,0.7862192061778521
919,27387783,r,6,1.0041664616048487,0.2251304955950627,0.6616295069575803,3.5001854613432983,1.0041664616048487
920,2745499,i,6,0.3157034303405992,0.0672720374909096,0.10858823876212781,0.5746506427228623,0.3157034303405992
921,2745499,r,6,0.5300827966557136,0.024479019491212506,0.04834936539983292,0.7458710524491513,0.5300827966557136
922,27576909,g,6,-0.09113559205592028,0.019022935900220195,0.19636451568052815,0.054367953173180245,-0.09113559205592028
923,27576909,i,5,0.9037225566804457,0.0968179725508107,0.15250529429490745,2.2436707883278344,0.9037225566804457
924,27576909,r,7,0.8899771836429151,0.2795431279223771,0.5093972045450714,1.358611528714457,0.8899771836429151
925,27576909,u,4,-0.20551068741699097,0.032983888650436,0.054045235672458336,0.15650930191015672,-0.20551068741699097
926,27632339,i,8,0.7418599002785271,0.06705691943347825,0.1140024862581307,2.0586343896518686,0.7418599002785271
927,27632339,r,8,0.23342645506837725,0.021154051298583235,0.038175145657111775,0.1702344339536519,0.23342645506837725
928,27632339,u,2,-0.2989146080949872,0.06948987186822192,0.06948987186822186,0.24630400637769229,-0.2989146080949872
929,27634113,g,2,-0.04226157687912524,0.09585670161925464,0.09585670161925464,0.013615129984417863,-0.04226157687912524
930,27634113,i,2,0.8467405873664566,0.32923105373347683,0.32923105373347683,5.23979835585012,0.8467405873664566
931,27634113,r,6,0.7956103817037696,0.05742652891145983,0.2267103322888916,1.7664823606112565,0.7956103817037696
932,27634113,u,3,-0.3993833784453382,0.1144548469770923,0.21725508279969197,0.5178254120280341,-0.3993833784453382
933,27835683,g,3,-0.07371007885485081,0.019493302069163915,0.03969904352606354,0.23118983009767882,-0.07371007885485081
934,27835683,i,3,0.5254639223643223,0.04319882281511178,0.1555174068655072,1.9365004891512383,0.5254639223643223
935,27835683,r,10,0.49349657720064966,0.06023785463523895,0.16698868344859813,3.1515410604038676,0.49349657720064966
936,27835683,u,6,-1.2141535620643922,1.0502179156460731,2.6426556389338436,6.809565619623842,-1.2141535620643922
937,27928742,g,2,0.08535756781949819,0.03716273699091979,0.03716273699091979,0.023056329934515323,0.08535756781949819
938,27928742,i,4,0.6084484603211884,0.06366610918332855,0.16310858948247026,0.9527839578845217,0.6084484603211884
939,27928742,r,5,0.665920149695479,0.09691057606557585,0.16977195461305306,1.1244122643789463,0.665920149695479
940,2800069,g,3,-0.05501636885262648,0.006295701650637919,0.01758887720357373,0.10775704396145547,-0.05501636885262648
941,2800069,i,5,0.6456573849699532,0.038033245222409695,0.038476499980330536,2.413650763458561,0.6456573849699532
942,2800069,r,7,0.5224486222866427,0.05077283989739134,0.11706098806976661,5.785529109806039,0.5224486222866427
943,2800069,u,2,-0.11077486049791627,0.010288316316153623,0.010288316316153623,0.10090907662526703,-0.11077486049791627
944,28004135,g,3,-0.0876585480960666,0.0250163482747863,0.025059078317418812,0.04240229343656384,
945,28004135,i,8,0.515921340793456,0.06912352201775412,0.08862709749908637,2.1362639828082672,0.515921340793456
946,28004135,r,7,0.5126671390082478,0.026978929203018365,0.048384008890897445,4.199716069711973,
947,28004135,u,2,-1.207886775299073,0.8747886537465116,0.8747886537465115,3.094742969273916,-1.207886775299073
948,28284725,g,5,0.4500237409018365,0.007807106185061752,0.009043347599296703,3.9738528314995207,0.4500237409018365
949,28284725,i,2,0.5756139669117569,0.021162469484872992,0.02116246948487288,1.4213663913498915,0.5756139669117569
950,28284725,r,5,1.0944888296143533,0.07765338726605031,0.13080706642259532,19.96136837689985,1.0944888296143533
951,28379517,g,3,-0.1396630653832996,0.013634676268874324,0.014187632183933374,0.2460112664666847,-0.1396630653832996
952,28379517,i,6,0.6271041444866384,0.05094887966425693,0.08581259556766563,1.9830388201693625,0.6271041444866384
953,28379517,r,8,0.3988122287899891,0.06290670105470975,0.10743422703122163,1.7088192005435527,0.3988122287899891
954,28379517,u,7,0.024284624084047794,0.036326854365890296,0.05657660294396234,0.01174289110151767,0.024284624084047794
955,28434204,g,4,-0.2142526039339947,0.005461431891416305,0.10534910736420883,0.44565996413196446,-0.2142526039339947
956,28434204,r,4,0.3106984772925938,0.05300090848917441,0.1229450100635473,1.223610394333745,0.3106984772925938
957,28434204,u,3,-0.09831908399405917,0.01593328601412189,0.037745954805844986,0.028620119925964405,-0.09831908399405917
958,28436321,g,4,0.126823070974763,0.019167224084691292,0.03211335131036276,0.05521447875128955,0.126823070974763
959,28436321,i,3,0.4818425239516923,0.04325669749699157,0.08429993684461268,1.9075269297060116,0.4818425239516923
960,28436321,r,7,0.5817892624652323,0.16793464883029519,0.3036214711321776,3.028569920601139,0.5817892624652323
961,28436321,u,4,-0.1159811064219244,0.019760218823049847,0.05706068600235156,0.14594031051800488,-0.1159811064219244
962,2859973,i,6,0.20328167221986032,0.08405805600508226,0.5578066421734721,0.30739044736352944,
963,2859973,r,5,0.3688728304934191,0.020475613913909285,0.033060389538979384,0.34467376054171756,0.3688728304934191
964,2859973,u,2,-0.2058132845377737,0.03369430754298741,0.03369430754298741,0.10387392210572086,-0.2058132845377737
965,28682363,g,4,0.13647141339969776,0.053827143309186976,0.08671025928574694,0.06965781471975813,0.13647141339969776
966,28682363,i,4,0.6654787667124443,0.07507664575682427,0.22153742859760361,1.5856228435177409,0.6654787667124443
967,28682363,r,6,0.7690185523591042,0.03300869123721023,0.05141875174028587,1.7476865216024569,0.7690185523591042
968,28682363,u,2,0.28337493200501135,0.036426000192964436,0.03642600019296449,0.20547706065637317,0.28337493200501135
969,2873529,g,3,-0.1829490485412466,0.025481526668437282,0.05032952113726852,0.12237118852946076,-0.1829490485412466
970,2873529,i,3,0.5187539233619649,0.13792855938946624,0.19320504779640535,1.0394994582284218,0.5187539233619649
971,2873529,r,4,0.16020468958778128,0.06170700885380263,0.0987155171973832,0.11522410744270684,0.16020468958778128
972,2873529,u,2,0.11134426927881678,0.005269281556129837,0.005269281556129851,0.039123780913875035,0.11134426927881678
973,28746872,i,8,0.393802080172446,0.0477553601205733,0.1049972641789006,2.150070236314489,0.393802080172446
974,28746872,r,6,0.11424654519376781,0.022756359439315317,0.03794237633674495,0.5235419561733159,0.11424654519376781
975,28790209,g,5,0.5254946108317646,0.23952129068268957,0.2928233119694923,0.27368275607508974,0.5254946108317646
976,28790209,i,2,0.5469774632832043,0.10911933546391478,0.10911933546391472,1.5665883318630511,0.5469774632832043
977,28790209,r,3,1.1285971602428824,0.0521157554095264,0.20014139214645144,1.9574655102321732,1.1285971602428824
978,28790209,u,3,-0.023806518374615226,0.021697008927411,0.07415502159077048,0.018209791888781763,-0.023806518374615226
979,28835727,g,4,0.16604433561458348,0.09501745644258225,0.2458075795861927,0.09511104825287565,0.16604433561458348
980,28835727,i,5,0.6433151956726869,0.2041513926554016,0.3685142441293781,1.4248946724030476,0.6433151956726869
981,28835727,r,6,0.7688348610859848,0.11312580636889147,0.24468349118348975,1.2216322892030793,0.7688348610859848
982,28835727,u,5,-0.1258760862554653,0.08807305345962968,0.28310125529918995,0.0839450215002693,-0.1258760862554653
983,29005991,g,4,-0.009857623210630675,0.06728168018774978,0.13626167514612414,0.0548230282209014,-0.009857623210630675
984,29005991,r,3,0.3314681725285571,0.14570818501842775,0.36024483027317983,2.105853240685231,0.3314681725285571
985,29005991,u,4,0.15862200966872197,0.04999679967243348,0.06984339375224174,0.19023889184779005,0.15862200966872197
986,29103949,g,2,0.023273606450254475,0.10970385697579463,0.10970385697579463,0.058077758465607796,0.023273606450254475
987,29103949,i,2,0.6068909180670489,0.09690402774396845,0.09690402774396856,1.0747531479233694,0.6068909180670489
988,29103949,r,5,0.4891196732174026,0.1029658184139105,0.1676940436396745,2.3801466329949816,0.4891196732174026
989,29103949,u,2,-0.010464312844192324,0.01705441275014321,0.01705441275014321,0.005618654959792366,-0.010464312844192324
990,29232133,g,5,0.25487818946104246,0.07468998991004647,0.16659665299544169,0.6546687800174287,0.25487818946104246
991,29232133,i,4,0.4693087316890346,0.04756556379312388,0.1534187880537553,3.818608840500539,0.4693087316890346
992,29232133,r,8,0.8310856610165773,0.13970724175979587,0.3075591616007415,12.264759328870841,0.8310856610165773
993,29232133,u,3,1.0712971693589322,0.05354053899237199,0.08357966467507105,10.808527993630596,1.0712971693589322
994,29280924,g,5,-0.10725327285671082,0.02863830029247541,0.13625331776813487,0.13899742261482712,-0.10725327285671082
995,29280924,i,3,0.6381409704909236,0.0840466373074431,0.17640903514894157,2.3882109862077705,0.6381409704909236
996,29280924,r,5,0.17606011789667728,0.07982128984965627,0.4037052804923691,0.6394571171611324,0.17606011789667728
997,29280924,u,3,0.045759118252602655,0.02508977189710542,0.25663964623159174,0.17217143039952584,0.045759118252602655
998,2937023,i,4,0.7634752154711554,0.01817586008788269,0.023634759829808005,2.823941708152727,0.7634752154711554
999,2937023,r,7,0.3729634308164356,0.04970849032626995,0.06841766022086082,0.48373898873426324,0.3729634308164356
1000,2937023,u,2,-0.07924025118548322,0.3147649733804548,0.3147649733804548,0.3129899897983057,-0.07924025118548322
1001,29372300,g,2,-0.24600325245581606,0.01234749550162434,0.012347495501624367,0.07028329467430781,-0.24600325245581606
1002,29372300,i,3,0.37797055525426804,0.001448669933897917,0.13263494025056505,2.042366187056148,
1003,29372300,r,5,0.40268067302215105,0.027888382994624983,0.051514012586218794,0.1909401479188438,0.40268067302215105
1004,29372300,u,2,-2.4341859762588647,0.019978295387524714,0.019978295387525158,8.060681753984777,-2.4341859762588647
1005,29510048,g,3,0.7741967172565798,0.23902922513497815,0.5697398970117664,0.8426940846158097,0.7741967172565798
1006,29510048,i,8,0.8122490071975217,0.0928238836370105,0.1272997866545409,1.4177880252410322,0.8122490071975217
1007,29510048,r,4,0.9007953989259176,0.2511809385021488,0.2956052164809564,1.8218989113159094,0.9007953989259176
1008,2956284,g,2,1.5118776420103726,0.16385710264090292,0.1638571026409028,2.358928583672298,1.5118776420103726
1009,2956284,i,5,0.7786828330657414,0.10045709952564308,0.1269223223542284,2.1170794006383717,0.7786828330657414
1010,2956284,r,8,1.081547950366047,0.18235243082822472,0.32162464827484993,2.9031470232635814,1.081547950366047
1011,29602755,g,4,0.1043775978115411,0.11772998724569066,0.1454270281248236,0.16542974388094836,0.1043775978115411
1012,29602755,r,6,0.706253655042575,0.18024495043483074,0.33139831204029857,2.7709128248952095,0.706253655042575
1013,29664775,g,3,-0.2660815893169528,0.02337427907728612,0.10752023261580834,0.21560965005907598,-0.2660815893169528
1014,29664775,i,4,0.7100514446750257,0.04673132721411477,0.0884878903189501,3.2434884937174426,0.7100514446750257
1015,29664775,r,3,0.6159810583421682,0.07475303965754809,0.07705524457954771,1.3311391798832688,0.6159810583421682
1016,29664775,u,2,-0.4112568509231278,0.0449312136687576,0.044931213668757575,0.4583654337618357,-0.4112568509231278
1017,2971724,g,2,0.053100515349802924,0.02370493114904043,0.02370493114904043,0.009296516705972967,0.053100515349802924
1018,2971724,i,5,0.6181897074095543,0.35398766061027276,0.5359337957614334,1.6321209989669772,0.6181897074095543
1019,2971724,r,6,0.5438330609299694,0.03364437274634491,0.05214785736553729,1.082163828160988,0.5438330609299694
1020,2971724,u,2,0.14112383833914494,0.00968071866239982,0.009680718662399806,0.15701980847418942,0.14112383833914494
1021,29884282,g,2,-0.10513151934088297,0.023892287311286425,0.023892287311286425,0.34327213576042165,-0.10513151934088297
1022,29884282,i,7,0.05042851252827624,0.040971305050064744,0.10675542898062632,0.057589734077491454,0.05042851252827624
1023,29884282,r,6,0.19041493387235023,0.0420681132003832,0.16523452842249461,0.8095039218560643,0.19041493387235023
1024,29909438,g,5,-0.16506218911959658,0.008465595674059412,0.016458793492253376,0.18806600186519468,
1025,29909438,i,10,0.44166704482701524,0.06433364697286109,0.16749412368790345,1.2463108012708326,0.44166704482701524
1026,29909438,r,13,0.42510957224242557,0.09421339419296743,0.15517327906536527,1.2486622938152148,
1027,29909438,u,2,-0.05969070075431938,0.05515381889672193,0.055153818896721926,0.06195692114538429,-0.05969070075431938
1028,2992509,g,5,-0.0023943116715627877,0.009371042424863585,0.054574869514729785,0.07328964415113086,-0.0023943116715627877
1029,2992509,i,3,0.1617532827375153,0.18975457481045754,0.2534748540804467,0.4267392667965866,0.1617532827375153
1030,2992509,r,4,0.25588862314644467,0.03629531763603912,0.10836487867528685,1.536617881002942,0.25588862314644467
1031,2992509,u,4,0.3367384451376413,0.07801478839742831,0.14590688614961167,1.1329583743885605,0.3367384451376413
1032,29934041,i,6,0.5673464746909153,0.03892323403704723,0.13244354785664414,7.11955889326754,0.5673464746909153
1033,29934041,r,6,0.3655331502581681,0.06368258711349692,0.13873372808333673,3.5133200006600447,0.3655331502581681
1034,29963211,g,2,-0.13292104700662416,0.01851149483000214,0.01851149483000214,0.4427570573727815,-0.13292104700662416
1035,29963211,i,9,0.7040468692495687,0.1049149332324193,0.2343092537117476,3.2641773992895846,0.7040468692495687
1036,29963211,r,6,0.47014402514455633,0.03668716133406358,0.12366334768628706,4.101918777102085,0.47014402514455633
1037,30120663,g,4,-0.1537988732476443,0.015103283374693882,0.031082534562933473,0.5725683059145927,-0.1537988732476443
1038,30120663,i,3,0.6240566011635256,0.1676296238628608,0.21325195742499403,6.795883976151868,0.6240566011635256
1039,30120663,r,9,0.5363992291097783,0.14346909309940675,0.7950934688908606,5.20864352038604,0.5363992291097783
1040,30120663,u,5,0.045133568186106005,0.012235893881424015,0.021696631450313086,0.016620882549139456,0.045133568186106005
1041,30169484,g,6,0.09660946988536495,0.02421595624550199,0.04377781794835017,0.13570032768041845,0.09660946988536495
1042,30169484,i,4,0.6047597974147257,0.07111108610542516,0.11734139221659279,3.0937597281697835,0.6047597974147257
1043,30169484,r,9,0.3658393825046539,0.03671387563707912,0.08062302181419428,2.257963601852678,0.3658393825046539
1044,30252946,g,2,-0.37480072754633187,0.0937928065289104,0.09379280652891037,0.32088843801384126,-0.37480072754633187
1045,30252946,i,2,0.5214170185149263,0.17945375688269521,0.17945375688269516,0.7455623683418483,0.5214170185149263
1046,30252946,r,3,0.34058262757086766,0.0007844608439844802,0.12446770638715748,3.0958739627474654,0.34058262757086766
1047,30252946,u,4,-0.26212715584825125,0.28788020675872383,0.7053065947140501,0.7211806504768888,-0.26212715584825125
1048,30255994,g,4,-0.08694836591224114,0.039657643445436985,0.44545547441057187,1.0023607048897376,-0.08694836591224114
1049,30255994,i,3,0.12616672442587595,0.15183180840435104,0.1887135012901751,0.2927186499906998,0.12616672442587595
1050,30255994,r,6,0.14195203682531166,0.11191245558651396,0.19868077957283892,0.3268154462932054,0.14195203682531166
1051,30280039,g,3,-0.05071039342535988,0.030442446042607707,0.09064248904475353,0.034119934162286446,-0.05071039342535988
1052,30280039,i,5,0.6209940864191575,0.150833227956356,0.40831176298719596,4.245138511984395,0.6209940864191575
1053,30280039,r,8,0.6129724148658472,0.15989301165809414,0.29551226565737343,2.6602311063861483,0.6129724148658472
1054,30326978,i,7,0.4911282016832628,0.05739528699481883,0.0997460186919148,2.988778223090805,0.4911282016832628
1055,30326978,r,6,0.49225332560517876,0.026788037454783697,0.05017575185605205,3.1678109030848165,0.49225332560517876
1056,30432175,g,4,0.7057134883047563,0.6883987904489406,1.3701440598239054,0.8021185674497956,0.7057134883047563
1057,30432175,i,9,0.6873788715205292,0.18804954034810495,0.2518789249178407,1.3883843337894026,0.6873788715205292
1058,30432175,r,7,0.6546527202707635,0.19060750733372223,1.1105946440116794,5.116799441230123,0.6546527202707635
1059,30432175,u,2,0.021460825503145542,0.24581940033532212,0.24581940033532212,0.47625575088166194,0.021460825503145542
1060,30495776,g,4,-0.1843877460818474,0.002809601666297762,0.028628407615624935,0.07780746037243483,-0.1843877460818474
1061,30495776,i,5,0.7393780648245609,0.1908585520893875,0.2088611020949176,2.7752975000605153,0.7393780648245609
1062,30495776,r,6,0.6728277113853027,0.17483879511636152,0.2645265081279845,0.9346229609512138,0.6728277113853027
1063,30495776,u,3,-0.1678936901599063,0.042537105197750225,0.10705875909117432,0.07105775282292176,-0.1678936901599063
1064,30540256,g,2,0.04404971479109501,0.10407120106198106,0.10407120106198106,0.03106196718132344,0.04404971479109501
1065,30540256,i,3,0.614555732616608,0.3077298014653673,0.41582643891427573,1.029326869838536,0.614555732616608
1066,30540256,r,5,0.561891878265988,0.13372304228784726,0.2281947484360083,1.3166944918580354,0.561891878265988
1067,30540256,u,2,0.012210827702521063,0.010786021432785273,0.010786021432785273,0.002740941700284422,0.012210827702521063
1068,30637474,g,4,-0.22600202269626662,0.03143416274972077,0.04548539450247016,0.06993189516364773,-0.22600202269626662
1069,30637474,i,2,0.6949842472488079,0.07988507151595586,0.07988507151595592,1.0435884768303896,0.6949842472488079
1070,30637474,r,5,0.4533540604279248,0.012422460215750886,0.019166721567460354,0.4276354489178919,0.4533540604279248
1071,30637474,u,3,-0.14067194721580434,0.23045255689382782,0.2597648578026993,0.1591392915671701,-0.14067194721580434
1072,30678987,i,5,0.5750456255426186,0.04847779243151262,0.20283156717841133,1.064275745627096,0.5750456255426186
1073,30678987,r,8,0.6653962823983199,0.04058034803167038,0.24230447990018927,1.1017317663634163,0.6653962823983199
1074,30691977,g,6,-0.1625123983983026,0.11824737372188665,0.17979643618650096,0.21751103539716007,-0.1625123983983026
1075,30691977,r,3,0.5238853653180329,0.21549507785872501,0.32981534206638696,0.996691922483107,0.5238853653180329
1076,30691977,u,4,0.06319693823119743,0.10297454746638182,0.1964886342128346,0.0907208642360999,0.06319693823119743
1077,30709940,g,3,0.17559366472849464,0.08855548148859649,0.13603466056668662,0.07976634428707886,0.17559366472849464
1078,30709940,i,5,0.44780918033740136,0.05876825338272551,0.06876630127062933,0.6253455701389429,0.44780918033740136
1079,30709940,r,4,0.6008353979559055,0.058411665729286355,0.15313704479027623,1.011658977942412,0.6008353979559055
1080,30709940,u,2,0.019164756261717292,0.036857772309217135,0.036857772309217135,0.006787320945418491,0.019164756261717292
1081,30714571,i,5,0.5174032610570412,0.10023178737167049,0.23927857794357565,2.671415765532219,0.5174032610570412
1082,30714571,r,7,0.6710129900565378,0.13525683211923556,0.33312090893325463,3.347009783228305,0.6710129900565378
1083,30714571,u,3,0.12320273130777754,0.004765578545878779,0.015129236346020425,0.07152007566646006,0.12320273130777754
1084,3075707,g,4,-0.3527405005644953,0.06179681367459808,0.5090335999379045,1.7820666607740918,-0.3527405005644953
1085,3075707,i,3,0.6797943515512971,0.09531227052385938,0.19165606267414736,1.6093779251482945,0.6797943515512971
1086,3075707,r,7,0.1678213785276087,0.03714832910860527,0.11400931584661536,0.16615163503744218,0.1678213785276087
1087,3075707,u,2,-0.04066600795069812,0.03633344623292793,0.03633344623292793,0.009865347593044022,-0.04066600795069812
1088,30759711,i,11,0.06839968661007273,0.050815012454987596,0.10632477393283754,0.05122219870685741,
1089,30759711,r,5,0.19517039620429638,0.12790476794548528,0.41568393888889443,0.7342798800434871,
1090,30803111,g,3,-0.02263118280768045,0.03711942040960586,0.03744975317730563,0.019064338448177894,-0.02263118280768045
1091,30803111,i,4,0.7909352476029552,0.046371431297319854,0.1455745094297236,4.800278826928285,0.7909352476029552
1092,30803111,r,6,0.5298361467527539,0.03636355394914903,0.06891755799147226,3.1949315706476384,0.5298361467527539
1093,30932965,g,3,-0.03393324875667114,0.004514591413711966,0.023183431176782676,0.008332872017393557,-0.03393324875667114
1094,30932965,i,6,0.5890183102003197,0.03226597331378278,0.05537792270818309,2.432980550242632,0.5890183102003197
1095,30932965,r,7,0.6962839844581143,0.0661961725143464,0.08287221982166826,1.4156336994883019,0.6962839844581143
1096,30934652,g,2,0.6161470468157488,0.7926625008387485,0.7926625008387482,1.2513073451933538,0.6161470468157488
1097,30934652,i,3,0.3959626501920407,0.019297228689672208,0.03976055031069281,0.5930538373237573,0.3959626501920407
1098,30934652,r,4,0.3274183693713447,0.041184162102319566,0.09917148925382363,1.0579909861407697,0.3274183693713447
1099,30934652,u,3,0.10678040093775773,0.005987278147076391,0.04106722935328999,0.05888229662904396,0.10678040093775773
1100,30964546,g,2,-0.09988943764269054,0.0024168327097442432,0.0024168327097442432,0.02135934549875431,-0.09988943764269054
1101,30964546,i,2,0.49840687249035615,0.01167659800041515,0.011676598000415095,5.915503270480885,0.49840687249035615
1102,30964546,r,6,0.31288113782559457,0.15895451715639852,0.3155511314396108,0.5407635360404331,0.31288113782559457
1103,31078713,g,4,-0.025175623839282263,0.09264120697873218,0.15527935245071528,0.025565087281798446,-0.025175623839282263
1104,31078713,r,4,0.6789472350348578,0.13265410469880778,0.2654590198511074,1.0773132004878905,0.6789472350348578
1105,31078713,u,3,0.01914480262518939,0.35449585406744777,0.366874325405284,0.20428685255907464,0.01914480262518939
1106,3107954,g,7,-0.04584374029760363,0.02809918955345103,0.049516519199630404,0.0156358352023399,-0.04584374029760363
1107,3107954,r,3,0.6069543215537231,0.02614046388877589,0.031233149574026342,1.0029618963902582,0.6069543215537231
1108,3107954,u,6,-0.09041497341887164,0.019065561957276128,0.09050134928428893,0.018922927493572203,-0.09041497341887164
1109,3111033,g,2,-0.07165812163306239,0.0063180038439770575,0.006318003843977044,0.08847098034298981,-0.07165812163306239
1110,3111033,i,3,0.6047637689546034,0.018062804192899296,0.09681585984347907,0.9547445085611753,0.6047637689546034
1111,3111033,r,4,0.38253649038416226,0.045900742312580456,0.05210081642236897,2.6244114595729577,0.38253649038416226
1112,3111033,u,3,0.20435724989978815,0.0023565933688747265,0.019301130689617557,0.34890557477116363,0.20435724989978815
1113,31112792,i,4,-0.22233152078220014,0.0035475953568813723,0.12319097343017382,0.1759617381323997,-0.22233152078220014
1114,31112792,r,4,0.5845721916289599,0.18965508210041154,0.40684772327433183,1.68165821875041,0.5845721916289599
1115,31112792,u,2,0.7702131337488987,0.09486322193202062,0.09486322193202057,1.3847405871414011,0.7702131337488987
1116,31220343,i,4,0.48120086342089735,0.09056402844425415,0.16012444523907576,2.146142037742117,0.48120086342089735
1117,31220343,r,6,0.35548340028434766,0.018294336274193135,0.12956012248348936,4.550187270228485,0.35548340028434766
1118,31349485,g,2,0.1713558068015022,0.03291605649074092,0.03291605649074092,0.04346412765402986,0.1713558068015022
1119,31349485,i,6,0.6785296366616989,0.15943572078630563,0.6920739821915953,1.2137470695245762,0.6785296366616989
1120,31349485,r,8,0.7448920424151193,0.08051670803353239,0.20342174507117883,1.1706005538031103,0.7448920424151193
1121,31379373,i,3,0.4726757679044433,0.18464200679202813,0.21789791393205094,2.767694176397606,0.4726757679044433
1122,31379373,r,3,0.5226623509454118,0.03484699761874438,0.046909016577202145,6.039117572277488,0.5226623509454118
1123,31379373,u,4,0.04492878960482146,0.020238889899256065,0.033706578497887274,0.03572532867922151,0.04492878960482146
1124,31434339,g,2,-0.46696455718431357,0.21341264054011283,0.21341264054011277,0.3276930759521807,-0.46696455718431357
1125,31434339,i,2,0.7263658650302742,0.054614886718212075,0.05461488671821202,7.7047670381373825,0.7263658650302742
1126,31434339,r,7,0.34677439230197993,0.04201632716640946,0.08572176747585747,1.260501622640733,0.34677439230197993
1127,31434339,u,5,0.0006876977126633946,0.048348187223049184,0.09541231991633976,0.7448394408539769,0.0006876977126633946
1128,31503672,i,6,0.9016828519817883,0.1525663205397404,0.3187008215787115,2.5351569814807076,0.9016828519817883
1129,31503672,r,5,0.6656529755825539,0.12435772024581637,0.16065725612609894,3.3285683043255765,0.6656529755825539
1130,31503672,u,2,-0.18575553110946819,0.02778245007360207,0.027782450073602055,0.37833402348155354,-0.18575553110946819
1131,31512647,g,4,-0.18396648542943891,0.0626282025446405,0.12908100917265203,0.219008177950622,-0.18396648542943891
1132,31512647,i,5,0.6344357320576731,0.01739789873868236,0.0833137792673978,2.982861526151659,
1133,31512647,r,5,0.20284339773967502,0.025703186338004058,0.051077910394341064,0.3706389182771121,
1134,31513628,g,3,-0.16728478053739615,0.003712639583454469,0.09628432152365957,0.09181379301376204,-0.16728478053739615
1135,31513628,i,7,0.5259441706907375,0.04634451021623098,0.09226641828603965,1.6211498115382368,0.5259441706907375
1136,31513628,r,5,0.5553960221952023,0.028680064345274037,0.03880876111901965,2.3918516353495884,0.5553960221952023
1137,31539180,g,6,0.1479718419095752,0.16429773704598893,0.5335974747207095,0.47226530095328023,0.1479718419095752
1138,31539180,r,6,1.1751317353653188,0.35349447783486654,0.6717322052040207,2.885250510114615,1.1751317353653188
1139,31662152,g,2,-0.13237466857448302,0.0001763872930745647,0.0001763872930745647,0.3781029505551605,-0.13237466857448302
1140,31662152,i,2,0.09199520326533836,0.15351844442684925,0.15351844442684928,0.7180212135443761,0.09199520326533836
1141,31662152,r,10,0.18672809545361763,0.12190510617236103,0.3152828831149488,0.9746534215345564,0.18672809545361763
1142,31662152,u,4,0.07383569334017129,0.1299820927810031,0.26846042383907365,0.1883332607641236,0.07383569334017129
1143,31727496,g,2,0.0580805204764645,0.03927984946463092,0.03927984946463092,0.02363676317489366,0.0580805204764645
1144,31727496,i,7,0.5712789755761358,0.035348679428168994,0.06737404819160553,4.489122988143682,0.5712789755761358
1145,31727496,r,10,0.6576346586457118,0.05148006926602888,0.09397584604257092,4.279050451532527,0.6576346586457118
1146,31733790,g,6,-0.1116829278725084,0.03598178516853767,0.06951763879073608,0.2695798942220889,-0.1116829278725084
1147,31733790,i,2,0.45634642512268114,0.010838549366481098,0.010838549366481098,0.7496296128968226,0.45634642512268114
1148,31733790,r,4,0.3824588728234873,0.04874760068342904,0.1506500388134306,1.966017089736956,0.3824588728234873
1149,31733790,u,3,0.109126005890549,0.027393120772125856,0.032648549135977756,0.11227066955542149,0.109126005890549
1150,3175993,g,4,0.8629426226432024,0.4169672388656146,0.6060694902028257,1.3760703745203184,0.8629426226432024
1151,3175993,i,5,0.4211838907671709,0.25835785648180254,0.4030774923992911,0.6574983282938118,0.4211838907671709
1152,3175993,r,5,1.1752672378885043,0.01764308621568511,0.028491462058442663,1.899822042244661,1.1752672378885043
1153,31824528,g,3,-0.17392163637965297,0.01828101158208742,0.022142472411600833,0.5034344100270278,
1154,31824528,i,6,0.6144368964097848,0.014370592905649737,0.027921919847687326,0.9259793446223487,0.6144368964097848
1155,31824528,r,8,0.39538840716315937,0.04533478406560182,0.06188603397689574,1.53155768436911,
1156,31824528,u,4,-1.0399482983387225,0.2736735283745563,0.9525223683440627,5.457030899893147,-1.0399482983387225
1157,31881108,g,4,-0.17510408527276314,0.011467737085396404,0.01485026890465313,0.5922991755294154,-0.17510408527276314
1158,31881108,i,10,0.6462090206087319,0.016756147819633027,0.043859505801332244,2.075546646368442,0.6462090206087319
1159,31881108,r,11,0.3460477159004321,0.023203005793746012,0.05365553220756608,0.8987445501672277,0.3460477159004321
1160,31887244,g,2,-0.19188639544380648,0.025999189069553674,0.025999189069553674,0.11805849155956394,-0.19188639544380648
1161,31887244,i,10,0.27275211211373346,0.20027477546912875,0.36968633438257825,1.0096946966319964,
1162,31887244,r,7,0.48670059355983897,0.04715063109575934,0.13638093393207118,0.6617856998509037,
1163,31887244,u,2,-0.8068177849148529,0.0381560596345476,0.0381560596345476,1.5109664308042545,
1164,32114518,g,2,-0.1726552592693198,0.02262494988338326,0.02262494988338326,0.05061288446770953,-0.1726552592693198
1165,32114518,i,5,0.6392501682800201,0.11896551553805401,0.5505650228704594,2.301693320630715,0.6392501682800201
1166,32114518,r,2,0.5232329494796746,0.17238485283527055,0.1723848528352706,1.8445727251827049,0.5232329494796746
1167,32114518,u,2,-0.3257362910257747,0.05731501270862971,0.05731501270862971,0.28243970007629915,-0.3257362910257747
1168,32138006,g,2,-0.21230418481382873,0.1941252406765166,0.1941252406765166,0.09891313240818282,-0.21230418481382873
1169,32138006,i,4,0.3751617765028222,0.017624561293292124,0.0537260770290694,3.794037852871431,0.3751617765028222
1170,32138006,r,9,0.28948152729696863,0.0443460853279698,0.1929458340324467,1.8584115826412493,0.28948152729696863
1171,32138006,u,3,-1.795486257162917,0.6300498171635445,1.312685506760362,4.048481265932686,-1.795486257162917
1172,32145146,g,8,-0.5299946788406553,0.22674869117076113,0.4101932852524585,0.4059189384711189,-0.5299946788406553
1173,32145146,r,5,-0.46186766944304636,0.3712847128421808,0.6616973212396395,0.3926892206984545,-0.46186766944304636
1174,32145146,u,6,-1.4634099051693406,0.1681233818973309,0.5807238843044067,2.262784999640562,-1.4634099051693406
1175,32146408,g,4,-0.23998372827808168,0.030843525033993915,0.1275974524578205,0.7578516059551617,-0.23998372827808168
1176,32146408,r,5,0.25722410258421524,0.17519015159765816,0.19935595512686138,1.259591382932598,0.25722410258421524
1177,32146408,u,2,0.03287344205795578,0.16201186303411708,0.16201186303411708,0.2750916438387674,0.03287344205795578
1178,32330158,g,5,0.4151646521094321,0.17437772926240436,0.22641165422085108,0.4094137774147417,0.4151646521094321
1179,32330158,i,4,0.3063368743101673,0.047079499722653656,0.28324588750523383,1.1070790129601724,0.3063368743101673
1180,32330158,r,7,0.4667275994557882,0.023603869483282525,0.15606684769804546,1.7438804244719974,0.4667275994557882
1181,32330158,u,5,0.1685403779998591,0.008475156277246265,0.012819182187109479,0.17406149654510766,0.1685403779998591
1182,32345855,g,2,-0.7819658413267687,0.05201366300574062,0.05201366300574062,0.6012510195525618,-0.7819658413267687
1183,32345855,i,3,0.10017230528472088,0.02273935540476968,0.03906717002303767,0.022746626208819926,0.10017230528472088
1184,32345855,r,7,0.028985314503654713,0.04059290378965441,0.1495821490356139,0.06677878829386459,0.028985314503654713
1185,32453456,i,5,0.12749591166458585,0.03820266215830176,0.05792245250586947,0.06453765847432118,0.12749591166458585
1186,32453456,r,5,0.24263970241462796,0.002138150049930343,0.025188815418997368,0.4531561835248761,0.24263970241462796
1187,32465899,i,5,0.6911399973734356,0.041366616629266106,0.09264954217749166,1.0460526539127941,0.6911399973734356
1188,32465899,r,7,0.638564017266229,0.015293118673452288,0.03810364874320671,0.8607112300789977,0.638564017266229
1189,32521546,g,4,0.007397776167602843,0.029304600474183484,0.05660299225747906,0.00215841963269262,0.007397776167602843
1190,32521546,i,4,0.8056964261394955,0.037217853642879106,0.08189180924306705,1.8380491981408498,0.8056964261394955
1191,32521546,r,5,0.8851819437301156,0.2674186084147576,0.3327255552029198,1.2686428186076097,0.8851819437301156
1192,32526950,g,3,-0.16688360134766617,0.011935919280959495,0.022632311889279833,0.11811911864848183,-0.16688360134766617
1193,32526950,i,4,0.4080923397799835,0.06870116491137349,0.08933252765893279,0.45490692857959725,0.4080923397799835
1194,32526950,r,8,0.3978487971198222,0.0701669297742008,0.11313116942233559,0.48620154360328804,0.3978487971198222
1195,32635885,r,5,0.29238727334863446,0.019360749746432704,0.032078623035962095,1.5146431064021268,
1196,32635885,u,3,-0.21523615188704695,0.020642244554998912,0.06037399992188858,0.3739318725598147,-0.21523615188704695
1197,32678379,g,3,-0.18935424997428185,0.05642427771758313,0.10769846866288604,0.14683130102401565,-0.18935424997428185
1198,32678379,i,2,0.6599308177060142,0.0466931516091148,0.04669315160911469,1.1641749718606471,0.6599308177060142
1199,32678379,r,7,0.22679219374190404,0.10346137629807658,0.20110598131962545,0.2773435025606283,0.22679219374190404
1200,32729249,g,6,-0.2029682992326784,0.015648712280595112,0.02941741248196672,0.10385395549048186,-0.2029682992326784
1201,32729249,i,4,-0.004957083914338523,0.12468447910265701,0.40053088524049607,0.22626992640813334,-0.004957083914338523
1202,32729249,r,6,0.21370211466795344,0.03403695231485203,0.082546269021161,0.09950769734696581,0.21370211466795344
1203,32729249,u,3,0.03182080608616411,0.041756237548671526,0.15917200666865133,0.07516728703477416,0.03182080608616411
1204,3285807,g,2,0.07406964772034672,0.05452042681350047,0.05452042681350047,0.013598039225582552,0.07406964772034672
1205,3285807,i,5,0.7280562971007875,0.16717389012740813,0.23174985917455615,3.8165428195316764,0.7280562971007875
1206,3285807,r,4,0.7137108039463096,0.019912209452377205,0.09346116901582191,1.7101143850901979,0.7137108039463096
1207,3290111,g,3,-0.20485289319864025,0.014266474185897937,0.050621405597873204,0.5868533510856057,-0.20485289319864025
1208,3290111,i,2,0.342605172173512,0.007594875460486816,0.007594875460486761,2.1167201482763387,0.342605172173512
1209,3290111,r,7,0.4485470821873794,0.1028272352328316,0.18800448043486118,5.853839120484002,0.4485470821873794
1210,3290111,u,2,-0.12956836447344816,0.08801171661111805,0.08801171661111803,0.2522245010873959,-0.12956836447344816
1211,32925309,i,6,0.7293893681629491,0.1398932097770078,0.3341352253249814,5.336499538504232,0.7293893681629491
1212,32925309,r,8,0.3448033972602207,0.22922393600962954,0.4481845636836965,0.5160541854324818,0.3448033972602207
1213,32963445,g,2,0.7840644967459238,0.8606890618080063,0.8606890618080065,1.8845894581719742,0.7840644967459238
1214,32963445,i,7,0.930879389072231,0.25058548248030055,0.46700425426208003,3.1753566841053344,0.930879389072231
1215,32963445,r,2,0.4294507959176096,0.028359939988477384,0.028359939988477356,6.307362127224805,0.4294507959176096
1216,33097388,g,2,-0.12642261458436635,0.012864875960532568,0.012864875960532582,0.308909102304025,
1217,33097388,i,9,0.32962337344047876,0.08239389204667463,0.17821600100995527,0.3053812946115207,
1218,33097388,r,10,0.3935150575235184,0.11657175409723983,0.4576811749868584,2.9236876773414187,
1219,33183326,g,4,-0.1666326824625443,0.0016133094391379138,0.00898739284630945,0.5550723050004378,-0.1666326824625443
1220,33183326,i,5,0.5800246984262438,0.021629429554104074,0.0333547042694623,1.9350596317264468,0.5800246984262438
1221,33183326,r,8,0.44959571294673395,0.06035505790428908,0.11045777154415681,3.0024961155348016,0.44959571294673395
1222,33183326,u,3,-0.3268378944289562,0.010685044657528453,0.04858877797015604,0.3306106421044908,-0.3268378944289562
1223,33186270,g,5,1.2879028543558277,0.5673210678602993,1.2529256168634748,1.2384017351180767,1.2879028543558277
1224,33186270,i,6,0.5763312183819203,0.11553097668928647,0.27896934971999465,3.6529180144236775,0.5763312183819203
1225,33186270,r,6,0.9511246524110417,0.33766281595461556,0.5646698463232055,3.884111741251264,0.9511246524110417
1226,33186270,u,6,-0.4651821856491888,0.1010735372830277,0.32784016320841836,0.3045280671690836,-0.4651821856491888
1227,33296649,g,2,0.007732552311628366,0.07344350455265633,0.07344350455265633,0.01886527026932768,0.007732552311628366
1228,33296649,i,8,0.7040772545912519,0.0797663735605385,0.1213201469841203,4.417272161317034,0.7040772545912519
1229,33296649,r,9,0.6916794429292419,0.042521917208247606,0.08141782526909325,1.9930106892193824,0.6916794429292419
1230,33296649,u,2,-0.12262095899373737,0.017362579755805574,0.017362579755805574,0.04618968691365435,-0.12262095899373737
1231,33398012,g,3,-0.018413020423997783,0.043345213680380856,0.07160770945595282,0.030974288201322114,-0.018413020423997783
1232,33398012,r,8,0.4982295635759016,0.17669504859522733,0.42440948000201695,3.1095119138275638,0.4982295635759016
1233,33703783,g,3,-0.0683545831575858,0.010451477503620743,0.02689854861907809,0.011909622503367454,-0.0683545831575858
1234,33703783,i,2,0.6095121197236313,0.19633040307566302,0.19633040307566307,1.1317548797747734,0.6095121197236313
1235,33703783,r,5,0.8656690412430559,0.20361905761388133,0.26847953127149304,1.3343435593870492,0.8656690412430559
1236,33703783,u,3,-0.4588194232888131,0.053036729104042,0.09380441693078495,0.48333723183244076,-0.4588194232888131
1237,33941842,g,10,0.007933494146999898,0.030087357798103134,0.06708387788990886,0.1325516277749211,0.007933494146999898
1238,33941842,i,2,0.8754842257560594,0.05561207350107489,0.05561207350107478,1.6635146264699558,0.8754842257560594
1239,33941842,r,7,0.6614903359753769,0.10442381641762444,0.15248024918834213,2.0186638342041476,0.6614903359753769
1240,33941842,u,5,0.5144113887801586,0.03897786088135591,0.0658737232663768,1.9231141346239888,0.5144113887801586
1241,33989802,i,4,0.6501925166700662,0.03517230230549534,0.08062315954716137,3.323236934026883,0.6501925166700662
1242,33989802,r,6,0.9911751716202396,0.1342687980360301,0.4450131234422613,2.6106793984127905,0.9911751716202396
1243,34001575,g,4,-0.35657238891201704,0.12347016050259091,0.24474588611993126,0.3875917126074911,-0.35657238891201704
1244,34001575,i,2,0.6893416925511303,0.014192602250240882,0.014192602250240993,1.9476577931773056,0.6893416925511303
1245,34001575,r,8,0.2172424894718586,0.09698275386016218,0.15791267997197586,0.18313722008755312,0.2172424894718586
1246,34039840,g,2,0.15113570141334173,0.22930465293641236,0.2293046529364124,0.13693395149778478,0.15113570141334173
1247,34039840,i,4,0.6648326997362117,0.06284224900589941,0.10781953622465712,1.3735606126480442,0.6648326997362117
1248,34039840,r,6,0.7711328796322017,0.142257750780155,0.27366389623236653,1.191730817446598,0.7711328796322017
1249,34039840,u,5,-1.0057296263609432,1.1364354430726658,2.6408693441405062,4.163185203176218,-1.0057296263609432
1250,34133121,i,4,0.43694613235820545,0.042753802310461414,0.08403250222079817,1.564812259767903,0.43694613235820545
1251,34133121,r,8,0.34830254789638637,0.08570293575388366,0.18026146836702717,2.0958248485269326,0.34830254789638637
1252,34360580,g,4,-0.34544796380188403,0.227161810325684,0.8585335938073148,2.022827657779097,-0.34544796380188403
1253,34360580,i,8,0.15216410498746405,0.08801342746509969,0.19510233185889136,0.28905800275433313,0.15216410498746405
1254,34360580,r,10,-0.08912595771403899,0.04039663984771891,0.07280323130179633,0.08411134324156014,-0.08912595771403899
1255,34360580,u,5,0.06555280209197334,0.24491265981646504,4.278722193132595,10.036024222378813,0.06555280209197334
1256,34385538,g,2,-0.1278240879588311,0.008278207964147605,0.00827820796414759,0.3355504195699161,-0.1278240879588311
1257,34385538,i,4,0.3200916335442861,0.04136579479504904,0.07506769140641162,1.2894487166306985,0.3200916335442861
1258,34385538,r,6,0.30137735951044337,0.04827118762935248,0.07425219694927226,1.7802983156251544,0.30137735951044337
1259,34385538,u,2,-0.5607557182490189,0.34632348607940294,0.346323486079403,1.056695532663818,-0.5607557182490189
1260,34407317,g,2,-0.11655924010726212,0.0013213421641897483,0.0013213421641897483,0.06327574055070076,-0.11655924010726212
1261,34407317,i,8,0.6187672254642356,0.07436971589656716,0.12900810386780048,1.878297113817531,0.6187672254642356
1262,34407317,r,9,0.5706178988110879,0.07487837771735895,0.10072304603231719,0.9406444172546483,0.5706178988110879
1263,34408182,g,2,0.0713558380293719,0.004436973886335682,0.004436973886335682,0.01424061771366849,0.0713558380293719
1264,34408182,i,2,1.065181743523076,0.18648946969897995,0.18648946969897984,2.923605471104521,1.065181743523076
1265,34408182,r,4,0.6447057605522687,0.038007083058041014,0.048780520239034675,1.8082577269695455,0.6447057605522687
1266,34408182,u,5,-0.16685042520301024,0.026351536431524714,0.042669655291192515,0.09875707093742837,-0.16685042520301024
1267,34414404,i,7,0.598421739912488,0.09348646052946452,0.5162872284155167,1.5338913989290341,0.598421739912488
1268,34414404,r,5,0.8631031312521027,0.05999240384134319,0.12030607954950168,1.1059266990292282,0.8631031312521027
1269,34414404,u,3,-1.6165096287359404,0.072819404182213,0.6198616735054561,6.012533894167118,-1.6165096287359404
1270,34419294,g,4,-0.08285428919919322,0.002340908524354035,0.2041919565850325,0.3099892833202095,-0.08285428919919322
1271,34419294,i,6,0.3543158888085445,0.05858439663662293,0.3704381166804575,0.989061200447242,
1272,34419294,r,8,0.40632175027139705,0.024686660550191225,0.28794006140518763,2.090319031005576,
1273,34419294,u,3,-0.3929430138642983,0.0017675025112137144,0.030789375335905977,2.303251841193634,
1274,34433621,g,3,-0.08697150722412073,0.012309977822823781,0.021646404603176933,0.03014557656709599,-0.08697150722412073
1275,34433621,i,2,0.7981200475532848,0.06530194582459242,0.06530194582459237,1.4798676199441805,0.7981200475532848
1276,34433621,r,4,0.6873939925150967,0.06378761842712716,0.12429279586536057,1.3198731458725856,0.6873939925150967
1277,34433621,u,2,-0.1762112151758643,0.0008658628796079509,0.0008658628796079648,0.12470481490111585,-0.1762112151758643
1278,34467911,g,2,-0.2153461688719318,0.07500994123773407,0.07500994123773405,0.3130923647063807,-0.2153461688719318
1279,34467911,i,3,0.5712355919404051,0.043094841662213446,0.11965065177218404,1.2944438697699516,0.5712355919404051
1280,34467911,r,7,0.31277212483369615,0.052212041514080154,0.13260089984606088,1.5284451725583212,0.31277212483369615
1281,34475752,g,2,0.7706489474227973,0.631001435767464,0.631001435767464,1.1045821677113272,0.7706489474227973
1282,34475752,i,4,0.7013881353658669,0.07902733980065868,0.18788064928304749,1.4527003000911396,0.7013881353658669
1283,34475752,r,5,0.9225459165134193,0.08369244473410453,0.11194923343819552,2.325086075540895,0.9225459165134193
1284,34475752,u,3,0.2786761215447302,0.028551756752537072,0.03742264926067834,0.21702527466619403,0.2786761215447302
1285,34506154,g,6,-0.019202894450148278,0.05964028151619988,0.09960978805306897,0.18843494594592758,-0.019202894450148278
1286,34506154,i,2,0.25994564410726373,0.07494310523190575,0.07494310523190578,1.1048035206195426,0.25994564410726373
1287,34506154,u,3,-0.4943262201342423,0.05465866494473881,0.3609289204151554,0.3933091595931831,-0.4943262201342423
1288,34529144,g,3,-0.22292894285590603,0.06409791227909722,0.0931069032048027,0.09633194879009725,-0.22292894285590603
1289,34529144,i,3,0.332159551173013,0.09879238177588026,0.12493714221866581,0.8562360330846516,0.332159551173013
1290,34529144,r,5,0.20178025449542245,0.09566384984837614,0.12762025708041663,0.42497707402113,0.20178025449542245
1291,34529144,u,3,0.2838579555518149,0.12897042881459042,0.3221036078672508,0.8007555600076423,0.2838579555518149
1292,34557102,g,2,-0.10686347332161385,0.0014793984733740967,0.0014793984733741106,0.2965986217783078,-0.10686347332161385
1293,34557102,i,2,0.6011630641523964,0.027475656902371248,0.027475656902371193,7.808203466192031,0.6011630641523964
1294,34557102,r,8,0.5160975014531883,0.030185214560135287,0.06122978625142855,6.989719816286137,0.5160975014531883
1295,34557102,u,3,-0.16654399221119265,0.015961257419141867,0.018876770119546776,0.36358899709370557,-0.16654399221119265
1296,34569317,g,2,0.47187742819531187,0.10413352960685895,0.10413352960685901,0.5231425579744307,0.47187742819531187
1297,34569317,i,2,0.5823290607611833,0.04789081995204675,0.047890819952046804,0.675712845181247,0.5823290607611833
1298,34569317,r,5,0.8942271802285664,0.031734206648104224,0.11331341997959987,2.334492385407752,0.8942271802285664
1299,34569317,u,2,0.49603124172888347,0.01016047273122242,0.010160472731222447,2.2731856180077585,0.49603124172888347
1300,34606162,i,4,0.3824511670275671,0.017067783368842127,0.16953245539610773,3.2001668007300847,0.3824511670275671
1301,34606162,r,8,0.4184374222556154,0.11365260464125365,0.17673762221778577,2.474260163145839,0.4184374222556154
1302,34606162,u,4,-0.041504928601005936,0.017118902574528666,0.03148674815113142,0.013734314751865694,-0.041504928601005936
1303,34653886,g,5,-0.13120236403578173,0.03522514316445968,0.050659269892413955,0.15146405213867817,-0.13120236403578173
1304,34653886,r,6,0.4459670475726521,0.04842286552704067,0.08870477803851468,1.016840629073826,0.4459670475726521
1305,34725106,g,4,0.07355540554480577,0.05003215504867048,0.09346349608992777,0.02932034203848351,0.07355540554480577
1306,34725106,i,6,0.788025104503588,0.10788386400922906,0.22815085306338068,2.153995149171172,0.788025104503588
1307,34725106,r,8,0.7814907749228871,0.029549649406873935,0.08144024646896675,2.8791204568152597,0.7814907749228871
1308,34725106,u,3,0.17486069145980476,0.017236883604404285,0.025992355828758,0.13619350387972542,0.17486069145980476
1309,34749031,i,8,-0.03501897552042016,0.01576903224846468,0.04133826306383717,0.10942543665131244,-0.03501897552042016
1310,34749031,r,5,0.2527668345248481,0.0576843567590703,0.06276983684623155,0.6734931648956994,0.2527668345248481
1311,34749031,u,3,0.17833523516987604,0.012192261321644526,0.02151098254732725,0.21454429601012545,0.17833523516987604
1312,34772557,g,2,0.08675018813809332,0.08456751625618464,0.08456751625618464,0.015132617458345498,0.08675018813809332
1313,34772557,i,3,0.4983866473198744,0.08724376976258552,0.3271082224896329,0.9269108226456259,0.4983866473198744
1314,34772557,r,4,0.9208902365564549,0.047439600889420674,0.12826865264517107,0.9364227089816581,0.9208902365564549
1315,34772557,u,2,0.05157038108275436,0.24345025132613052,0.24345025132613052,0.12260881904973782,0.05157038108275436
1316,34791833,g,2,0.108783951339432,0.2075077824330158,0.20750778243301576,0.17933008668940195,0.108783951339432
1317,34791833,i,7,0.48555719685285037,0.1061193485636337,0.19246859233872193,1.9897045635888897,0.48555719685285037
1318,34791833,r,5,0.4393598647797262,0.06775367192729331,0.10583441692953532,3.346865875816448,0.4393598647797262
1319,34791833,u,2,-0.30244677149002674,0.5383555961569377,0.5383555961569377,0.8618722893495149,-0.30244677149002674
1320,34855656,g,4,0.3858228370311772,0.26944021012865593,0.3529842868027042,0.5377823474642975,0.3858228370311772
1321,34855656,i,3,0.7379442262628894,0.004611244612045429,0.3165868605898442,7.1908816484747815,0.7379442262628894
1322,34855656,r,3,1.0062416564304377,0.25571016953853865,0.500313913140316,1.9538179743113833,1.0062416564304377
1323,34899911,g,4,0.1938220436858667,0.2541671678183589,0.5086202970329533,0.17437963340590626,0.1938220436858667
1324,34899911,i,5,0.8098694400680951,0.07869989856014159,0.3116141450829,5.929845652458039,0.8098694400680951
1325,34899911,r,5,0.29672268802320767,0.05574004266150512,0.747159693828825,1.9421325318342177,0.29672268802320767
1326,34899911,u,2,-0.00029155547067838405,0.01044509992922582,0.01044509992922582,0.0005640113595203261,-0.00029155547067838405
1327,3492914,g,5,0.09630250985584876,0.05338770759304157,0.07415929517437247,0.0211358240786471,0.09630250985584876
1328,3492914,i,6,0.530811989541681,0.16010638261068705,0.2497161555980536,1.598739280510518,0.530811989541681
1329,3492914,r,7,0.7814529320508262,0.14878409012195748,0.20684380256150847,1.1719222353432361,0.7814529320508262
1330,34950191,g,4,-0.48856986844567996,0.3843080109762159,0.8014830270779625,0.5406393075756036,-0.48856986844567996
1331,34950191,i,2,0.2444846076201752,0.12817277345074496,0.12817277345074496,0.30400639352557146,0.2444846076201752
1332,34950191,r,5,0.28948101430101986,0.005173278006201931,0.008250201198871376,0.3492316444866626,0.28948101430101986
1333,3501219,g,3,-0.08519320721546803,0.013227746154600956,0.03346504223953299,0.17272157920874873,-0.08519320721546803
1334,3501219,i,3,0.4550127042307153,0.0223116896699459,0.023683281316258076,6.315095278377002,0.4550127042307153
1335,3501219,r,8,0.38533822233970005,0.059155977010712596,0.3418481036618923,3.460242682595579,0.38533822233970005
1336,35075372,g,2,-0.07938470059433995,0.014606113371814458,0.014606113371814472,0.2056477403954409,-0.07938470059433995
1337,35075372,i,3,0.507664640017284,0.0038998530777023532,0.15137805769052537,3.6897700702480307,0.507664640017284
1338,35075372,r,5,0.5137666201262311,0.0278811421877021,0.045370714842665305,6.5318747691898675,0.5137666201262311
1339,35075372,u,2,-0.1330717594856962,0.02859552898026719,0.028595528980267196,0.26535005458403893,-0.1330717594856962
1340,35130596,g,2,-0.5559248175473006,0.020960208633699073,0.020960208633699073,0.3354634900956853,-0.5559248175473006
1341,35130596,i,5,0.37630577765395734,0.02133514284160737,0.053064182369836344,0.890140512817369,0.37630577765395734
1342,35130596,r,6,0.31850844852882365,0.07587485866418048,0.12018100633203693,0.6178443034310129,0.31850844852882365
1343,35176931,i,7,-0.16321216204398842,0.07899141289973699,0.1755531733540946,0.5096023772703892,
1344,35176931,r,6,0.11159467367906686,0.03293549317904591,0.05100295668469906,0.06815082120601797,
1345,35186409,g,6,-0.6756587585464018,0.35934146548885,0.5558001426405434,0.7555620918899363,-0.6756587585464018
1346,35186409,i,2,-0.3420145632199208,0.09775588423045019,0.09775588423045017,0.16061135712244354,-0.3420145632199208
1347,35186409,r,7,0.005180129403551503,0.12558746633282555,0.31937716209017164,0.1333321056075254,0.005180129403551503
1348,35232810,g,5,-0.03040380929044534,0.02022895076172554,0.031388363534053026,0.021191469302773047,-0.03040380929044534
1349,35232810,i,4,0.7280178315070538,0.07677619835793476,0.1768092114478521,1.7898306014487286,0.7280178315070538
1350,35232810,r,2,0.21240575511225102,0.04951999510549611,0.04951999510549612,0.1885831982220335,0.21240575511225102
1351,35232810,u,2,0.16970930099612613,0.005622857669674894,0.00562285766967488,0.1965469301580886,0.16970930099612613
1352,35448791,i,4,1.0435760743504112,0.28477727902944494,0.4792393451093595,5.342232901627031,1.0435760743504112
1353,35448791,r,7,0.9054866088135245,0.18493469162897624,0.40953424608960565,5.489515940940493,0.9054866088135245
1354,35472294,g,3,-0.14330910936374225,0.010402666286844886,0.012920517700024586,0.4440032314425142,-0.14330910936374225
1355,35472294,i,3,0.6987762211348688,0.14798772563888696,0.19044472426070158,4.620129099863251,0.6987762211348688
1356,35472294,r,6,0.5977333479141015,0.03433343918332343,0.05636784139901674,4.034441599889877,0.5977333479141015
1357,35472294,u,3,-0.22745886943057947,0.0034572503086550133,0.006985211788577916,0.19672602543384307,-0.22745886943057947
1358,35595461,i,5,0.2346686710588434,0.10393213923038239,0.1925300196077696,0.3432189153835683,0.2346686710588434
1359,35595461,r,5,0.3611372827927467,0.13837931022909922,0.2135602126636798,0.5819516687314454,0.3611372827927467
1360,35623162,g,2,0.1377284256157959,0.016650488876485903,0.016650488876485903,0.018492868162457404,0.1377284256157959
1361,35623162,i,8,0.3451372044238799,0.08271684853903705,0.16790561938163961,1.6172443481786263,0.3451372044238799
1362,35623162,r,8,0.5545425277807757,0.21738189248249226,0.39934896242584855,1.4959400516330876,0.5545425277807757
1363,35623162,u,3,-0.34523924836372744,0.08038584169644847,0.09312473323264192,0.2261690034238458,-0.34523924836372744
1364,35632483,g,2,-0.07004394892880823,0.027694455564240925,0.027694455564240918,0.15473351624200005,-0.07004394892880823
1365,35632483,i,4,0.5689628093048698,0.05578982683179301,0.09963291589983703,4.257020513678996,0.5689628093048698
1366,35632483,r,6,0.5278835750877358,0.041884329920371416,0.06334889865818744,6.452927487917646,0.5278835750877358
1367,35653901,g,4,0.24181235323718067,0.007650273937343521,0.017075906662583712,0.11851359267420646,0.24181235323718067
1368,35653901,i,6,0.6421342987502808,0.04028768829398799,0.20417132459028176,1.9892211582936639,0.6421342987502808
1369,35653901,r,6,0.8131664707538064,0.06667394662998744,0.13115636200934688,1.6664944812340456,0.8131664707538064
1370,35656615,i,4,0.5881515115924917,0.022328187003402666,0.0398678282731334,2.090906473509432,0.5881515115924917
1371,35656615,r,5,0.23859665315672735,0.015652405822639104,0.07648007600972562,0.6705845156749428,0.23859665315672735
1372,35656615,u,3,-1.3718429690947913,0.21930977157023235,0.781184204596095,2.7465352530937626,-1.3718429690947913
1373,35681007,g,3,0.21167815019806213,0.37900877997415383,0.5007332836834724,0.5295333367379126,0.21167815019806213
1374,35681007,i,4,0.9932119570648981,0.10987088173114073,0.3244282048002751,3.6047145911145924,0.9932119570648981
1375,35681007,r,5,0.872632854513147,0.5230109996064052,0.5799074475012044,3.6692772934022044,0.872632854513147
1376,35681007,u,2,0.04549993174363348,0.1159056931952131,0.1159056931952131,0.040906056934123636,0.04549993174363348
1377,35687278,g,4,0.11710680176212178,0.05029786432077875,0.06320842018637753,0.09491315742492362,0.11710680176212178
1378,35687278,i,4,0.6130154337889798,0.20620937846557794,0.46309005361172784,3.412218384137811,0.6130154337889798
1379,35687278,r,7,0.7361028863677652,0.1190303722290319,0.26587316805590744,5.606498409550994,0.7361028863677652
1380,35802861,i,4,0.18554529031919975,0.16158296728444216,0.3036198692880969,0.1766479394306656,0.18554529031919975
1381,35802861,r,11,0.25113591803767965,0.02783783473015608,0.045892568379127724,0.17216084481698732,0.25113591803767965
1382,35868622,g,2,-0.2879028178824951,0.05797660431408319,0.057976604314083136,0.22977168672033915,-0.2879028178824951
1383,35868622,i,4,0.5034074706736757,0.03438125628266828,0.06370911179664418,3.369271185301743,0.5034074706736757
1384,35868622,r,5,0.26690191910412064,0.043773869373754604,0.08486925244917637,0.1398694126952012,0.26690191910412064
1385,35910698,g,3,-0.2749818467851004,0.07468207865787058,0.08176569927766858,0.11775019889017506,-0.2749818467851004
1386,35910698,i,4,0.26516126469025014,0.033863463509010566,0.06611946194970753,0.4437705367337167,0.26516126469025014
1387,35910698,r,6,0.3139058785655329,0.048482948007636195,0.07593261363500625,0.1847892815589279,0.3139058785655329
1388,35910698,u,3,-0.42234542840162526,0.07943860707312245,0.1132649373704997,0.4977926975450709,-0.42234542840162526
1389,35912116,g,2,-0.031058951173945887,0.05068676661728508,0.05068676661728508,0.10311035018337016,-0.031058951173945887
1390,35912116,i,4,0.3312433738896018,0.028840723290909337,0.2852551064651663,1.843381745546648,0.3312433738896018
1391,35912116,r,4,0.3030423404660557,0.043090800803918,0.09529856054306796,2.28630491787206,0.3030423404660557
1392,35912116,u,3,0.05458803978021669,0.06965225195427464,0.07500354191857664,0.08738554056295138,0.05458803978021669
1393,3594756,g,3,-0.06323524759754151,0.0024079506117284377,0.006371435240318107,0.041965621936566756,-0.06323524759754151
1394,3594756,i,8,0.6717879164678524,0.14806295291250415,0.3375274834583212,1.5533035219940479,0.6717879164678524
1395,3594756,r,7,0.5539072063002434,0.05268553348960081,0.06454955525545303,1.7463188148420759,0.5539072063002434
1396,35967131,g,4,-0.006286651802800622,0.01894834080999512,0.06120455495879618,0.02382115590008935,-0.006286651802800622
1397,35967131,r,6,0.3675207596264196,0.061972472180690824,0.28326116076941527,2.422725445562486,0.3675207596264196
1398,35967131,u,6,0.2085716823401597,0.045704528363632924,0.08177013329495864,0.5241022942459422,0.2085716823401597
1399,36037397,g,2,-0.09706200703470014,0.014907975890745107,0.014907975890745107,0.1321436302815382,-0.09706200703470014
1400,36037397,i,2,0.6212064199225359,0.20750888164912218,0.20750888164912218,3.7329637065182597,0.6212064199225359
1401,36037397,r,6,0.3782856466942498,0.16138240407682297,0.2982990594672097,2.0820486674861924,0.3782856466942498
1402,36037397,u,2,0.002611520516878324,0.037464961500800475,0.037464961500800475,0.01075605828439772,0.002611520516878324
1403,36205856,r,5,0.4377555836683385,0.06947174547534513,0.23161877006144055,0.9065087785166718,0.4377555836683385
1404,36205856,u,3,-0.29262945856492695,0.15929595890747544,0.16520837345448752,0.3011719911754141,-0.29262945856492695
1405,36244646,g,2,0.21963049678442925,0.04993287406566915,0.04993287406566915,0.09043371701489859,0.21963049678442925
1406,36244646,i,5,0.9501323536995252,0.28458002466179977,0.4279226098666622,4.400922656568625,0.9501323536995252
1407,36244646,r,5,0.9521863958884693,0.12344995870741116,0.573119986683889,5.071490006239236,0.9521863958884693
1408,36244646,u,2,-0.1736809515145908,0.019627393032596377,0.01962739303259639,0.16741210146063817,-0.1736809515145908
1409,36262040,i,4,0.27313244809669573,0.08726368841486391,0.16377880857976368,0.9408980231322639,0.27313244809669573
1410,36262040,r,9,0.3702970877755107,0.11268525986669747,0.19514455114584056,3.2423650211847623,0.3702970877755107
1411,36347026,g,4,0.10018670751458514,0.06263630797616221,0.1274804103490615,0.02226127401301729,0.10018670751458514
1412,36347026,i,5,0.8903139406928537,0.1893500760022475,0.5675675580984039,2.616292537874437,0.8903139406928537
1413,36347026,r,3,0.9445284760433381,0.05725393924250022,0.11926745690042828,1.3808732453589514,0.9445284760433381
1414,36415411,g,7,0.09335161433023337,0.018487887398051073,0.03518043670488702,0.04765765993561607,0.09335161433023337
1415,36415411,r,5,0.6040915386888923,0.08018901701050285,0.14104222069223726,1.4335632093031865,0.6040915386888923
1416,36415411,u,3,0.2792781486180045,0.010821495554700133,0.021382721164333818,0.3568031453329654,0.2792781486180045
1417,3641868,g,7,-0.04854113029403756,0.07813749901420924,0.14862063827383168,0.12973435792354465,-0.04854113029403756
1418,3641868,i,5,0.6254001251493545,0.09152951442449964,0.10600072289488749,0.7530744786104024,0.6254001251493545
1419,3641868,r,11,0.6919566308613136,0.0938437720781975,0.19846915182322356,2.5763168738639264,0.6919566308613136
1420,36539230,i,7,0.7514116239158888,0.2605129218762344,0.31542335744288463,1.4401836641975159,0.7514116239158888
1421,36539230,r,4,0.6276998892333412,0.11847099288544594,0.22506198244646436,1.8907181389910959,0.6276998892333412
1422,36544885,r,6,0.24034254144975942,0.02995746378481076,0.05253641423017816,0.9640177942042013,0.24034254144975942
1423,36544885,u,4,0.29649801704627937,0.024454130779894695,0.07036692943852813,0.5585503413794712,0.29649801704627937
1424,36588820,g,2,-0.15259266824357315,0.021925940069530095,0.02192594006953011,0.5031044366864744,-0.15259266824357315
1425,36588820,i,6,0.8003785802783301,0.0376014334426949,0.1285227069421102,1.985738719987519,0.8003785802783301
1426,36588820,r,5,0.595152607572357,0.027023332569792835,0.03496557472943751,1.8542766404422557,0.595152607572357
1427,36588820,u,3,0.042896316643086824,0.011745940569485344,0.023762658793255488,0.026690435745475374,0.042896316643086824
1428,3669742,g,2,-0.01811494873315625,0.007096691925475157,0.007096691925475157,0.005911319222227786,-0.01811494873315625
1429,3669742,i,5,0.6347976079741859,0.07911713491077943,0.21194297321635525,7.663107767982156,0.6347976079741859
1430,3669742,r,5,0.21162425725262188,0.020188959596319,0.0358023930176328,1.2285264123418058,0.21162425725262188
1431,36737658,g,4,0.058222353254686096,0.05811621426001439,0.5827909389017834,1.1330405823324525,0.058222353254686096
1432,36737658,i,2,0.5137221046008669,0.008660623708089954,0.008660623708089954,0.9021522631806553,0.5137221046008669
1433,36737658,r,5,0.5264859562892353,0.21079195972602516,2.007166416477009,4.413781417382912,0.5264859562892353
1434,36737658,u,2,-0.35186373526218107,0.025850274048522276,0.025850274048522304,2.008339095399548,-0.35186373526218107
1435,36799880,i,12,0.8107282964993039,0.2802937226564036,0.5054255299627264,3.4437061537715157,0.8107282964993039
1436,36799880,r,9,1.6380043707603358,0.5623617981726436,0.8249619187885096,7.755247884336021,1.6380043707603358
1437,36799880,u,3,1.5808479755101605,0.16028662362650414,0.4821281135428155,3.6042156710295425,1.5808479755101605
1438,36825756,g,2,-0.058237207709500305,0.02470889926106043,0.02470889926106043,0.06927920947333396,-0.058237207709500305
1439,36825756,i,3,0.5485886543872766,0.006851755709321061,0.08722117773313254,6.050076999171332,0.5485886543872766
1440,36825756,r,6,0.22886459471877463,0.09008775548465578,0.36545022061643506,1.0622471617584754,0.22886459471877463
1441,36974362,i,6,0.5813062706114343,0.06962554504546381,0.13174383320030914,1.8100426450282434,0.5813062706114343
1442,36974362,r,4,0.44108581598720514,0.042330521184791164,0.08965984773003471,0.6210777105129668,0.44108581598720514
1443,36994021,g,3,0.10265733666176724,0.03363127517258163,0.09829178579441815,0.04394490241284992,0.10265733666176724
1444,36994021,i,5,0.39206168803948666,0.16355246377616933,0.3379512665877099,0.9861999095508163,0.39206168803948666
1445,36994021,r,7,0.4010699071573558,0.11231262003507791,0.30289595330931063,1.7813303890285266,0.4010699071573558
1446,36994021,u,2,-0.35615064680104525,0.147640838832967,0.14764083883296703,0.5490688474938399,-0.35615064680104525
1447,37033013,g,5,-0.36503754230484964,0.18493977351814117,0.28521703589185,0.39884201059860447,-0.36503754230484964
1448,37033013,i,3,0.6373709513509586,0.06383403246770114,0.09072399765504358,3.760291656525073,0.6373709513509586
1449,37033013,r,10,0.061364115224301574,0.05460831752094143,0.09511553542385605,0.21266501528828025,0.061364115224301574
1450,37033013,u,6,-0.2118666700202976,0.2947079899851006,0.5279120524600697,0.4302857850020008,-0.2118666700202976
1451,3707018,i,4,0.44635319368977855,0.15914536337536786,0.2974633847996509,1.0957545905629484,0.44635319368977855
1452,3707018,r,7,0.34285882067374646,0.06389701203200743,0.18920971448925356,0.7095915127503759,0.34285882067374646
1453,37076836,i,4,0.2890909246107799,0.08676984353490816,0.17230548984575622,0.7716962598440631,
1454,37076836,r,4,0.11971252555584042,0.14049645951174158,0.2762146817920999,1.3407562954104062,
1455,37120888,g,5,0.37870139710163525,0.18918128649014027,0.4251028003872627,0.319503492618973,0.37870139710163525
1456,37120888,r,6,0.7061519169843715,0.16467873066894534,0.3853323031081489,2.4052378191927417,0.7061519169843715
1457,37186510,i,2,0.1351237092363066,0.13172564030835962,0.1317256403083596,0.3436805850451548,0.1351237092363066
1458,37186510,r,6,0.2960986592529383,0.04153036237370636,0.06393789460468763,0.8978366583515243,0.2960986592529383
1459,37360327,g,3,-0.09537181932048983,0.021232461175778344,0.4382848846966129,0.4509317806937636,-0.09537181932048983
1460,37360327,i,2,0.5618247299510631,0.00023838961745858978,0.00023838961745847875,7.654197832252096,0.5618247299510631
1461,37360327,r,6,0.26808574667872365,0.0623466641636258,0.33740622804740494,0.8853553819817964,0.26808574667872365
1462,37360327,u,4,-0.7538061612709183,0.8061861267350046,1.6016989912948159,2.138684958433477,-0.7538061612709183
1463,37389754,i,6,0.7755279850235774,0.09971542730064226,0.18425638221645846,2.4237792696236125,0.7755279850235774
1464,37389754,r,6,1.0116165122751841,0.127849337135018,0.20227140140594302,1.628489315906733,1.0116165122751841
1465,37389754,u,2,-0.21283020356594912,0.017572507394474968,0.017572507394474968,0.09918811803501364,-0.21283020356594912
1466,37390495,g,2,-0.576419037964827,0.04372930381774831,0.04372930381774842,0.4134041066262091,-0.576419037964827
1467,37390495,i,6,0.7054382152178296,0.04162969485466034,0.07319954968321696,8.336002028741616,0.7054382152178296
1468,37390495,r,7,0.4450046631567322,0.11615333309849679,0.21339020042307527,1.6678186588707178,0.4450046631567322
1469,37390495,u,3,-1.0038201944454148,0.038487411758096224,0.24168132553316513,1.5940372912127756,-1.0038201944454148
1470,37558176,g,5,0.10729080662506435,0.04992757910176904,0.08974441684926554,0.276611970522121,0.10729080662506435
1471,37558176,r,4,0.4438198330483972,0.053788484093203776,0.10741355032359257,3.3112349711011793,0.4438198330483972
1472,37558176,u,2,0.40634648622504027,0.06573226385130898,0.06573226385130904,1.592776396186583,0.40634648622504027
1473,37594353,g,4,-0.07484884937322915,0.03600538239962088,0.07737454690853024,0.019043750883555685,-0.07484884937322915
1474,37594353,r,8,0.35883771217677307,0.03176507159675018,0.07837272026629943,0.751308659345026,0.35883771217677307
1475,3763844,i,5,0.8285867111840711,0.25049233935093584,0.28004187607669606,3.447626428394647,0.8285867111840711
1476,3763844,r,4,1.195489456109967,0.09729861481349944,0.20475667980690115,2.4975431885810426,1.195489456109967
1477,3763844,u,3,0.11107802549306944,0.016389826394872742,0.0850719883617761,0.05698779618395917,0.11107802549306944
1478,37642162,g,5,-0.048530188832841936,0.04335750845587805,0.051362703426700546,0.03034913053618963,-0.048530188832841936
1479,37642162,i,2,-0.09696295167790658,0.09753400525498668,0.09753400525498668,0.2849958991943392,-0.09696295167790658
1480,37642162,r,3,0.07316494280461339,0.01524987092958946,0.09160750428751926,0.011532860014302196,0.07316494280461339
1481,37642162,u,2,-0.29348574822261925,0.06610017457980838,0.06610017457980832,0.19436376675510283,-0.29348574822261925
1482,37697997,g,3,-0.07972437915744313,0.016971692340118416,0.022054544242159482,0.03968424149847898,-0.07972437915744313
1483,37697997,i,3,0.6367668576793264,0.019228236835792112,0.058523728863885016,2.3548315183545143,0.6367668576793264
1484,37697997,r,4,0.2203798238503078,0.018778915487064757,0.03334583306318137,0.41142700594519244,0.2203798238503078
1485,37718206,g,3,-0.15242211675855183,0.014466007864622654,0.19640408534897122,0.5137639872416937,
1486,37718206,r,5,-0.18549216847342387,0.0822413121862906,0.09531149830520791,0.10308489951637634,-0.18549216847342387
1487,37718206,u,2,-1.0127562715309582,0.0044486902771495584,0.004448690277149447,1.1664957301208034,-1.0127562715309582
1488,3779642,g,4,-0.05837383601238477,0.017043521519446922,0.05136061417546954,0.05711595355490187,-0.05837383601238477
1489,3779642,i,5,0.6796382204232335,0.20730797885564306,0.418989044318298,4.257504375220988,0.6796382204232335
1490,3779642,r,9,0.5130106356878295,0.045999903136965004,0.07624994591191792,2.958475207234011,0.5130106356878295
1491,3779642,u,4,0.23180246996115117,0.024954329401087258,0.036046876502183134,0.4579455912705167,0.23180246996115117
1492,37798246,g,4,-0.14531020145761397,0.019934349660221548,0.06293446237368033,0.23916005091411857,-0.14531020145761397
1493,37798246,i,2,0.723882608279535,0.06008890574942072,0.06008890574942072,2.3871473989124152,0.723882608279535
1494,37798246,r,6,0.46234964679392276,0.09115813085287872,0.357793930681691,2.7764558404218644,0.46234964679392276
1495,37798246,u,2,-0.13778781370978388,0.040018806167070056,0.04001880616707007,0.1914394424322733,-0.13778781370978388
1496,37833666,g,6,-0.13183530037017055,0.042885965524580294,0.07818102612136632,0.05120905296317011,-0.13183530037017055
1497,37833666,i,7,-0.6301409964813535,0.042874744095452555,0.08020437873715058,2.8906353953983737,
1498,37833666,r,9,-0.24918412542192625,0.03722598636386787,0.06885998355234335,1.593806974654589,-0.24918412542192625
1499,37833666,u,4,-0.08546744653577126,0.6906747076874756,1.5538663235416137,3.2226090934540252,-0.08546744653577126
1500,37925056,i,7,0.34999514736496407,0.11957514469759112,0.22333035519209743,0.6560646705336683,
1501,37925056,r,5,0.3421551639232808,0.03755870153255203,0.05531115800322339,0.32262356978041157,
1502,37925056,u,2,-0.562145436093495,0.18472250973088372,0.18472250973088367,0.9868983937954835,-0.562145436093495
1503,37933432,i,6,0.36775789554501287,0.07241984252386727,0.12815336460630433,1.4253495098936544,0.36775789554501287
1504,37933432,r,8,0.3255025802885776,0.06746178453346466,0.10773748873121991,2.650871227315726,0.3255025802885776
1505,37933432,u,2,0.4851443616374658,0.010843066397400847,0.010843066397400847,2.0324161278068993,0.4851443616374658
1506,38027446,i,2,0.5743806496922713,0.014841317169895896,0.014841317169896007,5.324426302434408,0.5743806496922713
1507,38027446,r,5,0.42036941135402056,0.015009681089984295,0.015161659107002012,2.4447134339600955,0.42036941135402056
1508,38027446,u,3,0.10523727097624791,0.0008418275078266868,0.03553123174957462,0.14106495375124783,0.10523727097624791
1509,38052259,g,3,-0.15498031638375775,0.02944196677869057,0.03803546543141545,0.2817503989516302,-0.15498031638375775
1510,38052259,i,3,0.5633181858309312,0.0799705077580769,0.12713364716164943,1.9645920353559418,0.5633181858309312
1511,38052259,r,4,0.5358026428572865,0.01673476207987412,0.030034309249771796,0.9981938494404485,0.5358026428572865
1512,38052259,u,2,-0.12655824384255,0.036723245434999566,0.03672324543499958,0.07246395060379995,-0.12655824384255
1513,38087879,g,3,0.21343045497762553,0.09753120354837624,0.342473543657836,0.6253467455888321,0.21343045497762553
1514,38087879,i,5,1.5961661609450346,1.092262240096025,2.0268102026723054,5.477726206913622,1.5961661609450346
1515,38087879,r,6,0.5256948753066337,0.05299793756656487,0.3185605700198643,3.155945506273259,0.5256948753066337
1516,38142504,g,2,0.4735340926714219,0.03147985175000445,0.03147985175000445,0.447627417039163,0.4735340926714219
1517,38142504,i,6,0.7939199386951137,0.2798186215374342,0.42626171786350164,2.4071908635690282,0.7939199386951137
1518,38142504,r,5,0.829031974003768,0.09326408785390816,0.11259460091804863,2.3570933119646478,0.829031974003768
1519,38146539,g,5,-0.3353367008660323,0.05113406774129248,0.08945735195712612,0.10462025483171807,-0.3353367008660323
1520,38146539,i,2,0.1528769792045151,0.045105366542029623,0.045105366542029623,0.05453683298771986,0.1528769792045151
1521,38146539,r,8,0.2388866792524489,0.04573455388943931,0.1005187654695551,0.10725306023906608,0.2388866792524489
1522,38146539,u,2,-0.7181338969143523,0.11601574874315351,0.11601574874315357,1.0444383939013293,-0.7181338969143523
1523,38280927,g,4,0.02345152627940339,0.01435262943971366,0.018349528611425803,0.001285637477074051,0.02345152627940339
1524,38280927,i,5,0.9480442993438072,0.09248634921812937,0.14895619692045714,1.6754664825439085,0.9480442993438072
1525,38280927,r,6,0.8073351827167599,0.07117253001909951,0.12479986311405145,1.4315467115773182,0.8073351827167599
1526,38280927,u,3,-0.28411652334858517,0.02609587240328426,0.0927290980746183,0.16108608364466687,-0.28411652334858517
1527,3831176,g,3,-0.09955204941938506,0.03202470031471144,0.07843495946290621,0.16316129349637562,-0.09955204941938506
1528,3831176,r,4,0.31369118719728806,0.010363232807236,0.05104408380445041,0.2612230742407832,0.31369118719728806
1529,3831176,u,4,0.08911904292953464,0.162899260937445,0.32902057416640684,0.19601920792462713,0.08911904292953464
1530,38315240,i,5,0.007572949674255591,0.012248436648921057,0.022937288552215995,0.00029418257689318745,0.007572949674255591
1531,38315240,r,2,0.4982517374234032,0.0065726700367914614,0.006572670036791517,0.8916632295633553,
1532,38315240,u,2,0.06348759097593668,0.018174616712177266,0.018174616712177266,0.01627890020203312,
1533,3844127,g,6,0.32666660389436536,0.05026382072083557,0.226326078801421,0.23537986154129187,0.32666660389436536
1534,3844127,i,5,0.43912618658545494,0.03276757568812738,0.2491485998644904,4.359418170597426,0.43912618658545494
1535,3844127,r,7,0.6956233573016093,0.34383418947648303,0.9354920709652448,4.001480246629828,0.6956233573016093
1536,3844127,u,3,-0.2285593427606123,0.005603128770510946,0.08775326598321126,0.06663273484716271,-0.2285593427606123
1537,38673538,g,2,0.014866524506327472,0.05256215295301209,0.05256215295301209,0.021734899815724865,
1538,38673538,r,2,0.2911718207095334,0.05246227717826292,0.052462277178262906,0.7520289216400833,
1539,38673538,u,2,0.09401077820814814,0.015904039724160587,0.015904039724160574,0.14833882426392891,
1540,38728757,g,2,-0.10716499007449967,0.020129286954157527,0.020129286954157527,0.04915113515361753,-0.10716499007449967
1541,38728757,i,2,0.6726664507362075,0.16912244292776912,0.16912244292776912,4.450609129044575,0.6726664507362075
1542,38728757,r,4,0.39960613162328534,0.18659961692425622,0.3173361169477591,0.7159202501721658,0.39960613162328534
1543,38728757,u,3,0.044248790534207466,0.02568470970118046,0.04362052435634999,0.009797012521324608,0.044248790534207466
1544,38748718,g,2,1.2130517256399451,0.8031308433715297,0.8031308433715297,4.004379716784637,1.2130517256399451
1545,38748718,i,3,0.9289366653220139,0.08032700843206952,0.20491357189428494,2.004046037349891,0.9289366653220139
1546,38748718,r,8,1.2710674309109877,0.37317734254109786,0.7560976689304585,5.967111052848545,1.2710674309109877
1547,38748718,u,2,0.7145144564687527,0.017039106198442677,0.017039106198442622,1.1691683710546346,0.7145144564687527
1548,38873555,g,4,0.03397067671518711,0.03784944716406259,0.08091113631025762,0.08416284141162117,0.03397067671518711
1549,38873555,i,2,0.3854831730553713,0.29956930554155503,0.29956930554155503,3.690316841582267,0.3854831730553713
1550,38873555,r,5,0.276968505739133,0.004711102711524862,0.0055881767694921924,1.2258451856226162,0.276968505739133
1551,38873555,u,2,0.4635792329469509,0.019063684926221874,0.019063684926221847,1.3465006197465528,0.4635792329469509
1552,39091941,g,5,-0.1151289072713915,0.06402427498391422,0.10250962646071188,0.18570474613953109,-0.1151289072713915
1553,39091941,r,2,0.19760430515128297,0.01767855553339208,0.017678555533392065,0.7506610204328094,0.19760430515128297
1554,39091941,u,4,0.22995212447261437,0.02430367598410413,0.09596947746992168,0.24844045137772175,0.22995212447261437
1555,39123150,g,7,-0.6013884433906738,0.26000360974700176,0.5792892901073958,0.5050734362029113,-0.6013884433906738
1556,39123150,i,4,0.4198147498152561,0.10031236614359879,0.22708608144857723,2.0222022203489844,0.4198147498152561
1557,39123150,r,10,0.21994592873743454,0.07453048346570626,0.11791766055050087,1.225750990363689,0.21994592873743454
1558,39123150,u,2,-0.8938054342267032,0.1911148836207756,0.19111488362077556,1.6688327527139994,-0.8938054342267032
1559,39345480,g,5,-0.07499860446492912,0.0319787545688926,0.04290950188301998,0.06637963394951558,-0.07499860446492912
1560,39345480,r,6,0.36476950567453686,0.08562315336931792,0.2259013772051954,1.2679284815415464,0.36476950567453686
1561,39393479,g,3,-0.1849045562580154,0.015642838743474385,0.016500134522794863,0.6774481927485517,-0.1849045562580154
1562,39393479,i,9,0.675870295328316,0.10729673196790368,0.18463730009942592,6.122089723992093,0.675870295328316
1563,39393479,r,13,0.3320607765223771,0.041746623890990375,0.08245772365754844,2.5962808433511495,0.3320607765223771
1564,39433149,g,3,-0.1616441190876735,0.011150642868366034,0.16209973587644802,0.31234811788035877,-0.1616441190876735
1565,39433149,i,4,0.5189678050370097,0.059648970511202215,0.16359841893576632,2.9367674462050157,0.5189678050370097
1566,39433149,r,6,0.4524743228271653,0.12626554765217698,0.37907097363688896,2.3619376506665564,0.4524743228271653
1567,39433149,u,3,-1.2263665532911323,0.17800081676889845,0.6694780264807159,1.7622216863097657,-1.2263665532911323
1568,39444070,i,7,0.5276466729391528,0.038681453818888434,0.22193094042493833,0.9193405661029266,0.5276466729391528
1569,39444070,r,6,0.6473475255438971,0.08239188356208427,0.2568491993543317,1.0529307370708252,0.6473475255438971
1570,39473122,g,2,0.9777097725470228,1.0266190608481294,1.0266190608481292,1.8463796183078247,0.9777097725470228
1571,39473122,i,7,0.5568169712853633,0.1313173192556919,0.23921449644271486,2.368461483829107,0.5568169712853633
1572,39473122,r,6,0.37511849878739173,0.054963925717849194,1.555733262475651,4.8314764904186935,0.37511849878739173
1573,39473122,u,2,0.5348883326441439,0.7682843853179215,0.7682843853179214,1.487358142235856,0.5348883326441439
1574,39528095,g,4,0.04031707677986829,0.003469278752100957,0.008656410623114133,0.016798162941531677,0.04031707677986829
1575,39528095,i,4,0.5806315821085286,0.0128050892289861,0.03476118876659995,2.3655265445274294,0.5806315821085286
1576,39528095,r,7,0.6767851645354666,0.04943036373086718,0.11064907452182171,3.5570601966928783,0.6767851645354666
1577,39528095,u,2,0.4565288135454397,0.01708505088055548,0.017085050880555508,2.1605325337618266,0.4565288135454397
1578,39542385,g,3,0.1888067318654265,0.2869468223756122,0.30099807989602145,0.23939292980101023,0.1888067318654265
1579,39542385,i,6,0.1869976259966022,0.03492453449669487,0.05657379367200571,0.23499594334964435,0.1869976259966022
1580,39542385,r,9,0.5178818944635757,0.2137336515411059,0.3517519488444117,0.7384602155086372,0.5178818944635757
1581,39542385,u,2,-0.5497880858490863,0.5917807872271902,0.5917807872271903,1.0029516544507826,-0.5497880858490863
1582,39591288,g,9,-0.23418568318355393,0.09643070006289,0.1668129907820345,0.13916092056340407,-0.23418568318355393
1583,39591288,r,5,0.4541237815221223,0.047379802986469266,0.10347793275532868,0.4697055005396322,0.4541237815221223
1584,39591288,u,2,0.005836971707023915,0.031342676701620296,0.031342676701620296,0.0059951191432629555,0.005836971707023915
1585,39605758,g,3,-0.047916664953100374,0.032232151750100746,0.04419835431089193,0.12074520230385481,-0.047916664953100374
1586,39605758,i,3,0.5337274725515653,0.003097035511468671,0.08365308257888199,3.71452211983309,0.5337274725515653
1587,39605758,r,3,0.5451317769863241,0.005640148682376389,0.10183021770328793,5.274890130998163,0.5451317769863241
1588,39605758,u,2,0.07423945087482976,0.011491544360626327,0.011491544360626327,0.07144258240363494,0.07423945087482976
1589,39780253,i,4,0.5386927884093113,0.0315888338892405,0.07527307810351791,1.217627024662559,
1590,39780253,r,6,0.678573559488302,0.04718955010193138,0.07188308908123431,0.819298734008436,
1591,39780253,u,3,-1.745433144707079,0.8137279930754624,0.9970443430847886,5.848476545901607,-1.745433144707079
1592,39780982,g,3,0.17512818115912326,0.10239035995669388,0.10816400064404208,0.16308196524022855,0.17512818115912326
1593,39780982,i,2,0.4114638752872688,0.06975584971652857,0.06975584971652854,0.8227789146738826,0.4114638752872688
1594,39780982,r,6,0.28372700205704543,0.09671402592693013,0.16284157914664069,0.7082475811764611,0.28372700205704543
1595,39780982,u,2,0.5656601472857701,0.14750999216240843,0.14750999216240845,1.457580693414401,0.5656601472857701
1596,39798338,g,3,-0.28747125545900865,0.03641700858922625,0.11478470944167268,0.17277585396141373,-0.28747125545900865
1597,39798338,i,2,0.45326275316585485,0.03990139713563509,0.039901397135635064,5.154762130942567,0.45326275316585485
1598,39798338,r,8,0.47323090099685206,0.06370070852631171,0.09574528134860388,0.7905516638904159,0.47323090099685206
1599,39817144,g,3,-0.11956063771113251,0.008978765503456498,0.012104543392097628,0.04940676901597585,-0.11956063771113251
1600,39817144,i,7,0.7486620557199908,0.1535907088661721,0.24374142119320186,1.8591116837795263,0.7486620557199908
1601,39817144,r,5,0.6380060763082296,0.32352853999643355,0.8352017828189653,2.5139705670177586,0.6380060763082296
1602,39832478,g,7,-0.07321021088047919,0.030794337836417496,0.04026616648629601,0.14040096153978068,-0.07321021088047919
1603,39832478,r,10,0.22828226671618063,0.0494374309185347,0.18856169874859435,0.933270809311809,0.22828226671618063
1604,40021731,g,2,0.1091894108413284,0.11261263972419565,0.11261263972419563,0.08601582839562398,0.1091894108413284
1605,40021731,i,5,0.6086848828431305,0.2854624641733716,0.36152945166652306,0.817932968187065,0.6086848828431305
1606,40021731,r,7,0.5515330874913202,0.22200211667124692,0.40363536821941004,1.5288141530019295,0.5515330874913202
1607,40021731,u,2,0.03433558593528033,0.040541277981826634,0.040541277981826634,0.011983149956878153,0.03433558593528033
1608,40085026,g,2,1.4951650546913215,1.456715646346616,1.4567156463466158,3.794562567987916,1.4951650546913215
1609,40085026,i,6,0.31284321020906025,0.026798526152944563,0.040233765872336236,0.9990297492076711,0.31284321020906025
1610,40085026,r,8,0.3111340733748146,0.06616752766411171,0.13288039016933517,2.9516343718234763,0.3111340733748146
1611,40085026,u,4,-0.25783723607453785,0.0006082267701422173,1.028239775780476,4.846586570142717,-0.25783723607453785
1612,40094,i,6,0.6766371410422383,0.09671444518575939,0.30446158961102443,4.881304809992673,0.6766371410422383
1613,40094,r,5,0.5374603999911644,0.06740147744982672,0.08126009618564889,0.5093948783812301,0.5374603999911644
1614,4019479,g,2,0.952891316506302,0.005034388096243347,0.005034388096243347,0.7343060252310145,0.952891316506302
1615,4019479,i,6,0.44301671235190243,0.06142977812278014,0.11973879699634032,2.2136633124197784,0.44301671235190243
1616,4019479,r,4,0.5528772334674538,0.03871533793688464,0.08324731071215585,10.510036556488316,0.5528772334674538
1617,4034497,g,7,0.0799014827498048,0.024970751815418857,0.2176506225773206,0.11666723286445853,0.0799014827498048
1618,4034497,i,3,0.794280299778377,0.08884450332107308,0.1119595455643998,3.096058404640876,0.794280299778377
1619,4034497,r,8,0.7767213267364725,0.12045120506107737,0.22742420642272831,1.9227937632055467,0.7767213267364725
1620,4034497,u,6,0.18315171258356566,0.12433085775117295,0.21750272541702576,0.10860144221065259,0.18315171258356566
1621,40416527,i,7,0.5774416812687231,0.3922536625394696,0.6289093036889262,0.9193583506660586,0.5774416812687231
1622,40416527,r,7,0.6876919640353547,0.4634904313493577,0.6881869538884562,1.3521108120076442,0.6876919640353547
1623,40505700,g,3,-0.29130606600590925,0.0005242874110082951,0.1088314655482926,0.20090972304476362,-0.29130606600590925
1624,40505700,i,4,0.33233360394610145,0.0043167602103562075,0.05720052234178852,0.37657130273440886,0.33233360394610145
1625,40505700,r,5,0.3122837904712792,0.055101771857024806,0.10421659168613312,0.3403170033220136,0.3122837904712792
1626,40645914,g,4,-0.19485451466834644,0.049927064584760594,0.0630905167039923,0.05699439178278917,
1627,40645914,r,5,0.274807798119799,0.11775400992452201,0.19946576474328276,0.1619491782157656,0.274807798119799
1628,40645914,u,5,-1.0149841149935173,0.05948725623259954,0.10266455247587192,1.7815063452425755,-1.0149841149935173
1629,40726898,i,8,0.42041262438631677,0.011789520083650917,0.023012756329759188,0.9695383303709357,0.42041262438631677
1630,40726898,r,4,0.19988514771367885,0.017329932798936576,0.0369124874967488,0.05812098136838555,0.19988514771367885
1631,40761862,i,9,0.673775969022429,0.1618393725585736,0.19005162172514534,6.811305941551239,0.673775969022429
1632,40761862,r,9,0.25335155183652547,0.04129118303958551,0.0648936503401828,0.6937509010615966,0.25335155183652547
1633,40761862,u,4,0.08321895596015955,0.05003267288580938,0.08355259916128202,0.05571094380084134,0.08321895596015955
1634,40843739,i,6,0.22052530118472702,0.07973726425780639,0.12902313998583526,0.13656198726079857,
1635,40843739,r,6,0.3367501335270421,0.017927401370069707,0.054885300495810585,0.4117820800337196,
1636,40843739,u,2,-0.3559898759010841,0.0765891447323972,0.0765891447323972,0.4019394335560401,
1637,40892967,g,2,-0.23888880012103111,0.023090218772418375,0.023090218772418403,0.21009684018141195,-0.23888880012103111
1638,40892967,i,3,0.5702131359680266,0.010802682690992715,0.05003428952800837,0.9430997820360112,
1639,40892967,r,5,0.362547729603234,0.0047169793288013295,0.005884533700899919,0.3977725536069956,
1640,40987106,g,2,0.25125983184734535,0.2977140610787061,0.2977140610787062,0.18496438054173114,0.25125983184734535
1641,40987106,i,6,0.643796278162095,0.07333487554743223,0.16014905494229437,4.206678110877459,0.643796278162095
1642,40987106,r,5,0.41138861134714827,0.017800910000748016,0.061346844326222394,0.8978628354044398,0.41138861134714827
1643,40992527,g,3,-0.06255354658085932,0.03816048005963696,0.08097023349082402,0.08883485299121356,-0.06255354658085932
1644,40992527,i,6,0.42639570175273755,0.1617700218989472,0.24391145787804713,1.2268890350458233,0.42639570175273755
1645,40992527,r,8,0.4952984008614958,0.08184597487267298,0.14963739156149297,0.8170186280178572,0.4952984008614958
1646,40992527,u,4,-0.21790990961619755,0.06297269211559703,0.08513039685062229,0.128566037526204,-0.21790990961619755
1647,41048470,g,2,-0.7303801461761802,0.4579602350505728,0.45796023505057293,1.041842782006136,
1648,41048470,r,4,0.40431183813012,0.04522327057602907,0.11234206176716227,0.49530233884974445,
1649,41048470,u,2,-0.2274464809338121,0.006086686499792604,0.006086686499792604,0.20851034351044218,-0.2274464809338121
1650,41060185,g,5,-0.10929584717509477,0.019914480570819126,0.020118812130024172,0.30747090880639555,-0.10929584717509477
1651,41060185,i,4,0.26502810480522376,0.08837370106101007,0.16837353828540486,1.2910309750689624,0.26502810480522376
1652,41060185,r,9,0.3514280387971905,0.07024137589101537,0.18553211847542944,3.291799767536409,0.3514280387971905
1653,41104175,g,6,0.3285513301524914,0.026947208679733714,0.0909861976686569,0.2761553145744462,0.3285513301524914
1654,41104175,i,3,0.6281626266196507,0.16692543614582328,0.20047288768627436,1.1476704369797932,0.6281626266196507
1655,41104175,r,5,0.817014274342553,0.17459163994878146,0.31513389608759734,1.4378537048520335,0.817014274342553
1656,41104175,u,4,-0.5132538502245773,0.0027916983468324608,0.009097123153714803,0.4330228470800564,-0.5132538502245773
1657,41107919,g,3,-0.054148887524859635,0.053012203537099956,0.17006660970434828,0.10407073240972049,-0.054148887524859635
1658,41107919,i,7,0.6013671089539929,0.05055910433113009,0.09407890190634438,3.0415720920576796,0.6013671089539929
1659,41107919,r,12,0.4102186766395416,0.09220104043970867,0.3256178135011937,2.573622601154654,0.4102186766395416
1660,41107919,u,5,0.0521201546385633,0.005621340590371317,0.061006490269011726,0.08742288147234857,0.0521201546385633
1661,41277434,i,4,0.6523095291022245,0.22580544744433773,0.45245921506813624,1.5915022187218493,0.6523095291022245
1662,41277434,r,5,0.9563288169164215,0.0506714761348539,0.1585788824476807,1.8555424901862074,0.9563288169164215
1663,41277434,u,2,0.5536358198363498,0.09478496341635839,0.09478496341635834,0.7449643121537628,0.5536358198363498
1664,41290627,g,2,-0.19227827167187422,0.12572643437677483,0.1257264343767749,0.08996569000393415,
1665,41290627,i,6,0.337566111728546,0.00507781541642191,0.008181485570722236,0.4759289677230895,0.337566111728546
1666,41290627,r,7,0.42034936374324766,0.03868833463873117,0.18942749365663047,0.722605193781849,0.42034936374324766
1667,41290627,u,2,-1.2583003311455119,1.3355630718887108,1.3355630718887108,4.700070680910689,-1.2583003311455119
1668,41358151,g,4,-0.03458425631813895,0.023013685665493222,0.03867851540766877,0.05767726620059921,-0.03458425631813895
1669,41358151,i,5,0.721934938933536,0.24486636079240792,0.4100436793177081,2.6636115968230225,0.721934938933536
1670,41358151,r,9,0.3762552623058788,0.06627234117561548,0.12899944069702923,1.3166585273902218,0.3762552623058788
1671,41358151,u,2,0.5117162474290301,0.012096851545458143,0.012096851545458032,2.005116384851653,0.5117162474290301
1672,41366092,g,2,-0.0616758971337088,0.005738912412394659,0.005738912412394659,0.011495374697569985,
1673,41366092,i,2,0.5105318311048878,0.024999050418054836,0.024999050418054836,0.6564748790078041,
1674,41366092,r,2,0.5230651458467299,0.011381793126235162,0.011381793126235107,0.7834035083854576,
1675,41366092,u,2,-0.05161145674213713,0.043829962090265406,0.043829962090265406,0.01185781809928636,
1676,41372964,g,3,-0.6908527498661814,0.009163370865636011,0.25415518016855176,0.6156726483272472,-0.6908527498661814
1677,41372964,i,7,0.6183383791040121,0.02342020777588749,0.052311586486725514,1.3913444110255277,0.6183383791040121
1678,41372964,r,11,0.35078560274978654,0.06591237327815253,0.11936645731138057,0.8498351228710149,
1679,41468685,g,3,-0.2886852663052052,0.4453877300727548,0.49527899657631835,0.3468167284227477,
1680,41468685,r,3,0.18226341595433915,0.129285636602618,0.1747936225998262,0.3455468521864011,0.18226341595433915
1681,41468685,u,2,-0.268220681635824,0.08788856391320102,0.08788856391320105,0.7223994107491395,
1682,41526630,g,5,0.09433328171576044,0.025866560227708058,0.034888779034701,0.1730333371737921,0.09433328171576044
1683,41526630,r,5,0.28578127219974114,0.04356270295977449,0.054992820561199474,0.5182846772756141,0.28578127219974114
1684,41594061,g,5,-0.16012803192162717,0.029188622214009446,0.45735294217132744,0.32779614469869633,-0.16012803192162717
1685,41594061,i,7,0.47234028445248444,0.02176372929308834,0.10815700020323082,1.2345367777444507,0.47234028445248444
1686,41594061,r,10,0.40032328656597627,0.06639859137253992,0.18626865768094658,3.1220667435444236,
1687,41594061,u,4,-0.05284657839361717,0.05504117019441014,0.5369508563186914,1.3527470910881234,-0.05284657839361717
1688,41665833,g,3,-0.042278764657902645,0.03090708714711657,0.19230907343784004,0.111468599170039,-0.042278764657902645
1689,41665833,i,2,0.7263080977262508,0.18878334806118618,0.18878334806118613,7.570517381287295,0.7263080977262508
1690,41665833,r,6,0.2549193026521474,0.016357035004427672,0.5144237586385582,1.7962301802574225,0.2549193026521474
1691,41692137,g,5,-0.3466180511733594,0.032638096943946815,0.23872010304078412,0.12497620293284088,-0.3466180511733594
1692,41692137,i,4,0.5494124178439862,0.0369138717416963,0.22281920837971048,1.1504402993178895,0.5494124178439862
1693,41692137,r,8,0.3167517904645799,0.04700340029723071,0.08957382148333792,0.27437303131691626,0.3167517904645799
1694,41798707,g,4,0.021337277066523996,0.0016193551701492379,0.003813772440521151,0.0011732676977866386,0.021337277066523996
1695,41798707,i,2,0.4692575245143359,0.031138732950746012,0.03113873295074604,1.558392188776106,
1696,41798707,r,5,0.4760736400177668,0.010477928365139833,0.02450771185401912,0.5873667510361393,0.4760736400177668
1697,4191843,g,4,-0.1398410760153197,0.03147145904721323,0.07414220495429155,0.37180962548517904,-0.1398410760153197
1698,4191843,i,4,0.49250387669599666,0.154867124809849,0.30011171143449844,2.9034816636042837,0.49250387669599666
1699,4191843,r,7,0.4025072833969329,0.037998041958319295,0.10778381973285661,2.6826857949364653,0.4025072833969329
1700,42065590,g,4,0.17582384869001483,0.03358806020988844,0.0436001814287065,0.21778115462231742,0.17582384869001483
1701,42065590,i,5,0.49342147945335224,0.14699190372306392,0.2102155243305014,2.73036311009212,0.49342147945335224
1702,42065590,r,8,0.6127391321306668,0.08643187195543861,0.1480541988197014,4.377453858027988,0.6127391321306668
1703,4207726,g,6,-0.12864043249218593,0.0603412238730187,0.10113333029646905,0.576603305869004,-0.12864043249218593
1704,4207726,r,4,0.3359632873833356,0.1071257229401531,0.16964411519482325,1.1140332475366552,0.3359632873833356
1705,4207726,u,3,0.293021999265385,0.010217064661336706,0.10046498459566233,0.931762845984438,0.293021999265385
1706,42202940,i,6,0.3135729279785992,0.11172755611362653,0.19544986447410823,0.7663867244174858,0.3135729279785992
1707,42202940,r,6,0.20698046030299022,0.06885415911133291,0.1509166980565441,0.33380028442689413,0.20698046030299022
1708,42241016,g,5,-0.18076378573717855,0.06100799660060974,0.1869028391232978,1.0111410016344329,
1709,42241016,i,3,0.6754250242851066,0.006840483573884559,0.07911230584738349,2.165189541231367,0.6754250242851066
1710,42241016,r,9,0.396255897963826,0.08325773675688336,0.16412123518218757,1.4559126022145576,0.396255897963826
1711,42298351,i,11,0.5944208977400287,0.059743560109559835,0.10494535079057421,3.156243364220033,0.5944208977400287
1712,42298351,r,11,0.22361472322213627,0.04195813276967614,0.08639276502081711,0.6598944286647929,0.22361472322213627
1713,42298351,u,3,0.07662320017328011,0.01255085411533545,0.7451665449411274,1.2793262022960168,0.07662320017328011
1714,42325184,i,7,0.487378286569607,0.14910234842520032,0.22428932123238898,0.9129705145317052,0.487378286569607
1715,42325184,r,5,0.1632283754603855,0.005742747891970712,0.009381504780757666,0.081028109061639,0.1632283754603855
1716,42325184,u,3,-0.0017691298222966,0.05563148174857688,0.08863556061173362,0.018124560458307182,-0.0017691298222966
1717,42392751,g,2,-0.05959772858384979,0.024596286765064507,0.024596286765064507,0.018892839120351203,-0.05959772858384979
1718,42392751,i,2,0.5321695593826514,0.1245546874200274,0.1245546874200274,3.53194512941421,0.5321695593826514
1719,42392751,r,6,0.5357101612551467,0.0908609860621698,0.14331281478443597,2.9525377265097723,0.5357101612551467
1720,42392751,u,3,-0.09442577543315611,0.012498043249837165,0.027053476931463136,0.03753390280584847,-0.09442577543315611
1721,42452477,g,5,-0.9032505800646957,0.7353821324079655,1.0543570157970925,1.2506598695752846,-0.9032505800646957
1722,42452477,r,5,0.10639907185927411,0.0497106271213372,0.1372063177893165,0.3015854770624904,0.10639907185927411
1723,42452477,u,4,-0.09901742043473981,0.04804014003925364,0.532800495146395,1.581398456454599,-0.09901742043473981
1724,42507685,g,3,-0.1755612814513243,0.016392386689799726,0.04775519224698005,0.5942271042040138,-0.1755612814513243
1725,42507685,i,5,0.4754613874468343,0.04108465292485575,0.05859718410454817,1.9433016522058004,0.4754613874468343
1726,42507685,r,6,0.4429469431015266,0.08894762576805945,0.14431765895971038,2.385827878069233,0.4429469431015266
1727,42548758,g,3,0.10849035480485902,0.012504597136314632,0.06147148842765415,0.028105506368088933,0.10849035480485902
1728,42548758,i,5,0.5300546987150879,0.05318023527292792,0.23321785165810027,3.6712085001644397,0.5300546987150879
1729,42548758,r,3,0.9685904697340771,0.007087856220667654,0.11650796880198788,1.9732456366103266,0.9685904697340771
1730,42548758,u,3,-0.2429078838682593,0.008850765545273032,0.01866949484108313,0.23704468975862977,-0.2429078838682593
1731,42595419,g,2,-0.057258448212532675,0.004413903649068296,0.004413903649068296,0.021193949091075193,-0.057258448212532675
1732,42595419,i,6,0.5303101633638957,0.09814418270596292,0.1594332292942588,0.8795162841579406,0.5303101633638957
1733,42595419,r,6,0.5446048565521734,0.05823316386758556,0.10443985909047415,1.289772144247909,0.5446048565521734
1734,42630965,g,2,-0.14462826199053785,0.03886651062333167,0.03886651062333166,0.2513138992229458,-0.14462826199053785
1735,42630965,r,7,0.3363437073012128,0.06421630125601968,0.09399936519510466,0.6217626520936431,0.3363437073012128
1736,42630965,u,2,-0.1441750823171697,0.006907025786558593,0.006907025786558579,0.19077179386064091,
1737,42719768,g,4,0.18340123705731926,0.07105690648006224,0.18850107050136042,0.2263434934040848,0.18340123705731926
1738,42719768,i,2,0.6547229690229597,0.02599690713983549,0.02599690713983538,6.468647628998031,0.6547229690229597
1739,42719768,r,4,0.7197676706164904,0.043852747398004044,0.13753263881014655,1.8688277982946373,0.7197676706164904
1740,42719768,u,3,0.29248632078175996,0.11123564502738337,0.14079357008024956,0.2945456120595649,0.29248632078175996
1741,42736260,g,3,-0.03354649666609125,0.013801599808052567,0.028155087048660002,0.01275233473781752,-0.03354649666609125
1742,42736260,i,4,0.9046172477250799,0.043922021875274664,0.061819605465523564,3.958418836010478,0.9046172477250799
1743,42736260,r,5,0.5435785733441796,0.06499303519332833,0.08973619831880542,2.144553280784811,0.5435785733441796
1744,42760953,g,3,0.21533568365494088,0.04930755179677976,0.07550877015037608,0.20022386335092013,0.21533568365494088
1745,42760953,i,2,0.8402247056155228,0.006531130150190523,0.006531130150190578,2.842293692109158,0.8402247056155228
1746,42760953,r,8,0.5970152136410886,0.07618020398925146,0.17888812664463383,1.3408878123450143,0.5970152136410886
1747,42760953,u,2,0.23465672800957288,0.01788290287202597,0.017882902872025958,0.16085824698869422,0.23465672800957288
1748,42791562,g,6,-0.38027475073708195,0.16089545865055835,0.24405180050692515,0.3380695058783733,-0.38027475073708195
1749,42791562,i,4,0.4350826123829401,0.07433678436813049,0.11335567371427202,0.5402732585743417,0.4350826123829401
1750,42791562,r,11,0.3471908929565475,0.08667359879359343,0.26977132869915543,0.9003783578978258,0.3471908929565475
1751,42791562,u,6,0.22380571249506917,0.12492326284688607,0.7175665451122373,0.9235022505724384,0.22380571249506917
1752,42956802,i,6,0.4187683044350034,0.11028556928595074,0.21187230415422426,3.277294573474444,0.4187683044350034
1753,42956802,r,5,0.8854873784126928,0.12734380628281639,0.24600161355980477,2.7209197840538173,0.8854873784126928
1754,42956802,u,3,0.043575659582228976,0.1126659358261542,0.15556845412070305,0.057945273310741084,0.043575659582228976
1755,42972426,g,5,0.05711473188262428,0.05926135332783358,0.1363537338462798,0.13805014700773396,0.05711473188262428
1756,42972426,i,5,0.7545449794042167,0.03001970235264806,0.046843130724772086,1.56126006744965,0.7545449794042167
1757,42972426,r,5,0.4783525793313607,0.17717438522730888,0.2056482290000719,3.333667829469358,0.4783525793313607
1758,42977373,i,7,0.5662737116979555,0.018621657113875867,0.03854835337510565,3.5687283796821205,0.5662737116979555
1759,42977373,r,6,0.405701527935044,0.01162992512781777,0.01985304549803457,2.3487364556483983,0.405701527935044
1760,43042719,i,5,0.48791210190544304,0.1027250523575361,0.16706816806083047,1.3937241229726736,0.48791210190544304
1761,43042719,r,4,0.38485521242015064,0.02672074171576813,0.06034199116794631,3.431404882001707,0.38485521242015064
1762,4309944,g,3,-0.011278695959457685,2.7015573125011016e-05,0.01919126104610952,0.004416373289828018,-0.011278695959457685
1763,4309944,i,2,0.15667947487156458,0.0510444691606175,0.0510444691606175,0.3357642798762923,0.15667947487156458
1764,4309944,r,7,0.3866004398352801,0.08995734011267803,0.16188824138002444,2.988776298285616,0.3866004398352801
1765,4309944,u,4,0.24419394516390378,0.06491271545007468,0.12892671040716194,0.5545359415146731,0.24419394516390378
1766,43158166,g,2,-0.09232557161328853,0.009164811779372894,0.009164811779372894,0.204742051281253,-0.09232557161328853
1767,43158166,i,4,0.5167038995034599,0.07588902839706663,0.1010305610256983,4.489113526646981,0.5167038995034599
1768,43158166,r,6,0.5018672857894853,0.05748131475666177,0.09242426332222886,6.125936724985475,0.5018672857894853
1769,43158166,u,2,0.23604420845709337,0.0019727177016559683,0.0019727177016559683,0.639860761609351,0.23604420845709337
1770,43217954,g,3,-0.06550402321385376,0.04564157064677657,0.08722835267215724,0.17758026985018463,-0.06550402321385376
1771,43217954,i,4,0.5881311737960507,0.02967879974509685,0.06833165189025847,3.2244604860122648,0.5881311737960507
1772,43217954,r,4,0.4273243269634255,0.037594399798975275,0.0959616948231502,4.912535808440398,0.4273243269634255
1773,43217954,u,2,0.10370862645929178,0.14063622328341613,0.1406362232834161,0.3188572674844107,0.10370862645929178
1774,43247419,g,4,-0.1597291747353184,0.04050344169026271,0.06787297382974544,0.46031856748798045,-0.1597291747353184
1775,43247419,i,5,0.2082119127329966,0.16735444813024059,0.1701160496528228,0.4563216983715407,0.2082119127329966
1776,43247419,r,10,0.45442842614916235,0.12236466671626015,0.2149817178855311,0.8552290884743055,0.45442842614916235
1777,43290827,g,3,1.658613064889064,0.04879654103692488,0.345929810023051,3.821585924324813,1.658613064889064
1778,43290827,r,6,2.364619100223035,0.5254503450587162,1.295071960034273,9.183297642171032,2.364619100223035
1779,43290827,u,2,0.9120234149066941,0.2593633496186752,0.25936334961867513,2.6858183209645095,0.9120234149066941
1780,43348660,g,6,0.16489557089464166,0.025104875480335548,0.06650923164882103,0.3059921779732983,0.16489557089464166
1781,43348660,i,3,0.5703838152704102,0.11411664005111455,0.24414340120198608,2.322190068723737,0.5703838152704102
1782,43348660,r,6,0.6317232921741741,0.06628274322901728,0.10441545172670685,6.680022742712264,0.6317232921741741
1783,43526770,g,2,-0.5244387026279838,0.3960102220653714,0.3960102220653714,0.7861236699951843,-0.5244387026279838
1784,43526770,r,5,0.0854599181232194,0.296719957908908,1.0026113675494437,2.0503164622800734,0.0854599181232194
1785,43526770,u,6,-1.188015935791139,0.9240830917697929,2.0052957946232848,3.8901752834942216,-1.188015935791139
1786,43549277,g,5,-0.6659029194764439,0.24053484468819675,0.6261982730757097,0.4199240815309513,-0.6659029194764439
1787,43549277,r,3,0.43186481473216476,0.0620094623207188,0.15362906513456537,4.066918203110855,0.43186481473216476
1788,43549277,u,3,-0.02265811653734763,0.11756338301823209,1.1603579832291662,2.5967657529299597,-0.02265811653734763
1789,43549895,i,3,0.4983659803293982,0.05268199694356829,0.08474405474564478,1.419820130529586,0.4983659803293982
1790,43549895,r,5,0.6210022224745393,0.019338109802955583,0.036791238160164164,0.9431420278326097,0.6210022224745393
1791,43549895,u,2,-0.5089317922820025,0.010854980759786248,0.010854980759786304,0.5894176377647136,-0.5089317922820025
1792,43568677,i,4,0.4281419238038325,0.0717337545622592,0.5834527426768307,3.9336679096175446,0.4281419238038325
1793,43568677,r,6,0.7883728920776218,0.27188694814657294,1.6659145652220277,5.157205712147696,0.7883728920776218
1794,43568677,u,2,-0.0961859016272682,0.017843694030193202,0.017843694030193202,0.05586033509142889,-0.0961859016272682
1795,43572116,g,3,0.5608643226633421,0.7209761042480393,0.8952787394051331,1.0824675192705513,0.5608643226633421
1796,43572116,i,3,0.7321564412387198,0.0782925839280687,0.09576276772729564,1.4509360966100509,0.7321564412387198
1797,43572116,r,6,0.6905963860900262,0.08896031886471989,0.13494973436119784,1.9410661288322129,0.6905963860900262
1798,43572116,u,2,-0.04035485837901803,0.02078584631070718,0.02078584631070718,0.003551319172850789,-0.04035485837901803
1799,43622543,g,3,-0.19929427042955455,0.015346959595035126,0.10133380711438841,0.20303753918147427,-0.19929427042955455
1800,43622543,i,5,0.5323987979405673,0.035815855887535664,0.03708548137916923,2.2110674901768483,0.5323987979405673
1801,43622543,r,6,0.38349896953748597,0.027944774756000157,0.07162377068237297,0.6495726767550982,0.38349896953748597
1802,43654602,i,4,0.7953534561467271,0.15226398273406883,0.3684393560577133,5.7410131641660715,0.7953534561467271
1803,43654602,r,8,0.363371506966111,0.04901847312585661,0.09875027491125243,1.9633615695176978,0.363371506966111
1804,43654602,u,3,0.1783869598357727,0.03216039643772525,0.07997006866719453,0.33580455312513147,0.1783869598357727
1805,43673196,g,5,-0.5320361313979347,0.13458489016599395,0.26020562771675226,0.3985611242320931,-0.5320361313979347
1806,43673196,i,2,0.4926327425304734,0.06309541170428848,0.06309541170428845,2.137695964839805,0.4926327425304734
1807,43673196,r,5,0.2797132084339708,0.08722941102825801,0.09535874022502064,2.3076162745308126,0.2797132084339708
1808,43673196,u,6,-0.7808680972050492,0.5782828531450144,0.9537528917665582,1.8818582045311905,-0.7808680972050492
1809,4370086,g,6,0.19132627224777876,0.21316807421461492,0.3624961262438184,0.515195087333964,0.19132627224777876
1810,4370086,i,2,0.8103666453787117,0.4995415661715678,0.49954156617156786,2.7018812894789894,0.8103666453787117
1811,4370086,r,5,0.8747044670034931,0.2775387428454361,0.4237513481502513,3.1971787977493262,0.8747044670034931
1812,43710544,g,5,-0.2976847190516644,0.05257234306896852,0.09917380915795249,0.21512152895347572,-0.2976847190516644
1813,43710544,i,5,0.5065964476631172,0.0080997669635261,0.1485003742845753,2.6990780466366635,0.5065964476631172
1814,43710544,r,6,0.5446976673191493,0.027203873837039372,0.04303070788212682,0.8889049067868638,0.5446976673191493
1815,43710544,u,2,-0.6648194516151695,0.007486794754618331,0.00748679475461822,1.1398611751486074,-0.6648194516151695
1816,43726617,g,2,1.401606929433032,0.0002967226920309596,0.0002967226920311816,2.443486979785514,1.401606929433032
1817,43726617,i,7,0.6456798793552911,0.28805664841242085,0.7014458788863793,4.312963508062287,0.6456798793552911
1818,43726617,r,7,0.7093581683415272,0.2151180987225319,0.44990250651288344,2.050083657562475,0.7093581683415272
1819,43726617,u,3,0.13607893205440194,0.02480556707955553,0.07526690034646215,0.10758065870333329,0.13607893205440194
1820,4375810,g,2,-0.03251613023373798,0.05779211522774677,0.05779211522774677,0.12022334128220066,-0.03251613023373798
1821,4375810,i,4,0.29705541038242816,0.08656708955499297,0.2429859149621717,1.763333888396041,0.29705541038242816
1822,4375810,r,5,0.3818455391524291,0.05292260744974531,0.09642880793220254,3.324974141570691,0.3818455391524291
1823,43801816,g,2,-0.5264141027253804,0.08394005192018139,0.08394005192018139,0.41457191932733284,-0.5264141027253804
1824,43801816,i,2,0.5076682411176778,0.0039745510743504076,0.003974551074350519,2.6983981213427466,0.5076682411176778
1825,43801816,r,4,0.26816247010746563,0.040934117852537866,0.09984704733387922,0.11417540449221726,0.26816247010746563
1826,43801816,u,3,-0.7400056534822042,0.004575969107077471,0.0468579279813901,1.116845229522239,-0.7400056534822042
1827,43821687,g,3,-0.12964272018836687,0.010270771250977806,0.015344111074600597,0.10728794976559942,-0.12964272018836687
1828,43821687,i,4,0.3946402372005287,0.019610240975806603,0.05250619415375807,0.6055013937553266,0.3946402372005287
1829,43821687,r,8,0.4230440480742831,0.07689782506737486,0.15367859070478196,0.7634759695118917,0.4230440480742831
1830,43973129,g,3,-3.2560839106049455e-05,0.03691875165169575,0.06718831034636938,0.07790084207476282,-3.2560839106049455e-05
1831,43973129,i,4,0.7772426447926355,0.1683643272848488,0.28927601293373284,3.252592535654056,0.7772426447926355
1832,43973129,r,6,0.7206121174643776,0.10060801362449645,0.29159599799878044,3.3421921034258393,0.7206121174643776
1833,43973129,u,2,0.019778769413265535,0.02531204143104479,0.02531204143104479,0.009351109401231402,0.019778769413265535
1834,44090564,g,5,-0.4190836715539167,0.16136288214286598,0.30914510946322515,0.43415203789044526,-0.4190836715539167
1835,44090564,i,7,-0.22406224671502828,0.05993286420497218,0.16309460018468971,0.2348463722089802,
1836,44090564,r,6,-0.17438615744013744,0.11329115355120498,0.22800343205614282,0.34412518441816137,
1837,44090564,u,2,-1.0222437479671616,0.43989217434700734,0.4398921743470072,1.7915345225959898,-1.0222437479671616
1838,44133801,g,2,-0.20108939766746356,0.005093825618311981,0.005093825618312009,0.14652221830333712,-0.20108939766746356
1839,44133801,i,6,0.525043384458086,0.07829642699957695,0.15151703420520363,2.9421783382996534,0.525043384458086
1840,44133801,r,7,0.24058530140092044,0.020220368800902555,0.05286575377314412,0.315114387162405,0.24058530140092044
1841,44230116,g,4,0.5282099939976455,0.06200139644881808,0.16493650333848076,0.4790510579613208,0.5282099939976455
1842,44230116,i,3,0.4208954797990312,0.04342893542470205,0.12000764252430801,2.081525286226857,0.4208954797990312
1843,44230116,r,3,1.0483437848933292,0.01330049276055445,0.05536808989354025,2.0767156835456646,1.0483437848933292
1844,44230116,u,2,0.9767443026763799,0.13855235946731936,0.13855235946731947,1.863157157698865,0.9767443026763799
1845,44250792,i,3,0.43829016325877157,0.005924282848354334,0.11093396178244308,0.28986654180315813,
1846,44250792,r,8,0.6121188353989551,0.02449297386303978,0.04392023930417255,0.48408485844799665,
1847,44250792,u,4,-1.426023854109519,0.3830957981708334,0.9260769373610271,2.5450157746895776,-1.426023854109519
1848,44286807,i,6,0.2818493187624346,0.11511366252745771,0.24015907447538953,0.6016736715030672,0.2818493187624346
1849,44286807,r,6,0.3054024055221266,0.040746489799026064,0.2883889262943557,2.248268180377623,0.3054024055221266
1850,44302494,i,5,0.6583422735353199,0.06470614455565238,0.16344289426951286,3.245996994881557,0.6583422735353199
1851,44302494,r,6,0.6259718338675921,0.08415997716270057,0.2877246853105157,0.9632537642015726,0.6259718338675921
1852,4431556,g,4,-0.15987407702672823,0.04265806701462874,0.18971978282564905,0.5285593661924247,-0.15987407702672823
1853,4431556,i,5,0.6604892803782492,0.012600721357354905,0.08832275699690906,3.451122271364367,0.6604892803782492
1854,4431556,r,6,0.3782400699998467,0.06348051213904732,0.10306766414260649,3.9221174131612835,0.3782400699998467
1855,4431556,u,5,-0.119102488301182,0.023397741628187446,0.028595817019721706,0.15212148777336254,-0.119102488301182
1856,44360353,i,4,0.8304363559023524,0.04691898489494306,0.0996591951898913,5.320436634783528,0.8304363559023524
1857,44360353,r,4,0.2884495615057692,0.07497210996369008,0.2788125807389151,2.1948180542857094,0.2884495615057692
1858,44360353,u,3,0.019201410837047933,0.05630865335732002,0.06115846083083606,0.02173562511577475,0.019201410837047933
1859,4449064,g,2,-0.23955238750259994,0.03886092616976328,0.038860926169763305,0.09479051234864086,-0.23955238750259994
1860,4449064,i,6,0.4730304226995403,0.22471978567927467,0.42066498739302144,0.7650828825739145,0.4730304226995403
1861,4449064,r,5,0.41956505889761897,0.026756833799536528,0.04068836025262318,0.4640213975972487,0.41956505889761897
1862,4449064,u,2,-0.10535591726193433,0.08693716400484647,0.08693716400484647,0.04628960722935996,-0.10535591726193433
1863,44582744,g,2,0.158981931913458,0.1284508447671876,0.1284508447671876,0.25405930125560966,0.158981931913458
1864,44582744,i,6,0.092562912836086,0.14355842157491014,0.25692297059845526,0.4044423976824036,0.092562912836086
1865,44582744,r,10,0.3688360554718928,0.08692678576970489,0.1508175085542221,2.0595674358326437,0.3688360554718928
1866,44702573,g,3,-0.23384507905787455,0.08694390561592824,0.34879516098545915,0.12760946914508764,-0.23384507905787455
1867,44702573,i,6,0.6803683071791893,0.16341763529844933,0.2575313215487639,5.993407687502672,0.6803683071791893
1868,44702573,r,10,0.49786522176822356,0.14963735482971677,0.272066774501034,1.9583914334510202,0.49786522176822356
1869,44702573,u,2,-0.2343587330964888,0.12515858731882412,0.12515858731882412,0.21565883173699088,-0.2343587330964888
1870,44706166,i,7,0.9864451898515241,0.311254482744581,0.531683808930224,3.9385694160992126,0.9864451898515241
1871,44706166,r,6,0.8264577759198142,0.2063763586984444,0.331961364308055,2.3702339658044083,0.8264577759198142
1872,44706166,u,2,-0.0908171924006696,0.03930736600671597,0.03930736600671597,0.04897057111560401,-0.0908171924006696
1873,44709615,g,5,-0.06076728191360806,0.026131673857142268,0.02747369679652667,0.10758720949761388,-0.06076728191360806
1874,44709615,i,3,0.2995336305432014,0.024914274775435008,0.05815223238608547,0.9659832603224802,0.2995336305432014
1875,44709615,r,5,0.36559335587000674,0.020383337213691177,0.038634624644849014,3.481150215794263,0.36559335587000674
1876,44709615,u,2,0.0019638627791281754,0.02678985196693702,0.02678985196693702,0.010970937163882533,0.0019638627791281754
1877,44737428,g,2,-0.0007515246524341379,0.006627363574617767,0.006627363574617767,0.00014653988620344762,-0.0007515246524341379
1878,44737428,i,3,0.5672744432843676,0.012600802292585533,0.07690905919703361,2.157106148951021,0.5672744432843676
1879,44737428,r,5,0.7740159355971674,0.11700352504099765,0.12020969220905042,1.6958150572642647,0.7740159355971674
1880,44737428,u,2,-0.0005474399811794123,0.119925996750524,0.119925996750524,0.04649013510068177,-0.0005474399811794123
1881,44768740,g,3,-0.023070733746070174,0.1927462510154141,0.22824662118017144,0.36099750960418936,-0.023070733746070174
1882,44768740,r,6,0.12902230469786777,0.06460474219620291,0.15584468507343133,0.3122758796447297,0.12902230469786777
1883,44822454,g,5,-0.10364062211798503,0.08875213378026284,0.1227197351041435,0.4137026345116329,-0.10364062211798503
1884,44822454,r,5,0.6360433897310126,0.07412366732835096,0.1118345470457055,1.454664274211651,0.6360433897310126
1885,44884757,g,6,-0.08085791486517624,0.07709647049164964,0.13097726573017268,0.024789217267615297,-0.08085791486517624
1886,44884757,r,8,0.5919245103700814,0.018131825477962438,0.09053657205447618,0.7717404453091958,0.5919245103700814
1887,44884757,u,2,0.1909427147121164,0.023888647403562085,0.023888647403562058,0.08901914949754686,0.1909427147121164
1888,4508810,i,2,0.5370201624289467,0.021613185152529746,0.021613185152529857,0.48027056270866025,0.5370201624289467
1889,4508810,r,6,0.590396341996726,0.008305262396786361,0.013975184602282309,0.7478064531083036,0.590396341996726
1890,4508810,u,3,-0.350472679156417,0.06177222828905077,0.06749674911467451,0.3866096023636006,-0.350472679156417
1891,45262126,g,4,-0.11269921859591316,0.018576846162499966,0.04062031989148543,0.07703401386718678,
1892,45262126,i,6,0.5239836684291806,0.017897908332514312,0.03258061596462669,1.5504056985678945,0.5239836684291806
1893,45262126,r,5,0.5199383260670811,0.0033268289034916743,0.0035283236834035003,0.820136232370699,
1894,4527502,g,5,0.4351145742460596,0.5710090805479097,2.238201960103347,1.7486695372486865,0.4351145742460596
1895,4527502,i,7,0.7601167053506839,0.11763361288472973,0.24603293652837255,3.9091677378762273,0.7601167053506839
1896,4527502,r,7,0.5341828400771976,0.04779841634866733,0.27926003694666074,4.8590309743519535,0.5341828400771976
1897,45303921,i,6,0.5738391577603047,0.024571060014912938,0.038647697632378075,2.96238411434542,0.5738391577603047
1898,45303921,r,3,0.5104921089953862,0.010823022030925,0.013652862457071757,0.9081137429671369,0.5104921089953862
1899,45366178,g,3,-0.028800726989956615,0.00032068644424121384,0.010613315423673816,0.03236380434205561,-0.028800726989956615
1900,45366178,i,6,0.4256462388472849,0.3840012382909449,0.7482156773535573,0.8722821151433583,0.4256462388472849
1901,45366178,r,6,0.26316971507585885,0.07406753640338004,0.14768623598452033,1.78397349813197,0.26316971507585885
1902,45419970,g,2,-0.2890062631570903,0.016213807036394856,0.016213807036394856,0.16682062840402073,-0.2890062631570903
1903,45419970,i,2,0.5311799904190821,0.0976198859945217,0.09761988599452176,2.5713995125731355,0.5311799904190821
1904,45419970,r,6,0.6459486951724985,0.1400161605185607,0.24963544264399617,0.9769304127249702,0.6459486951724985
1905,45419970,u,3,-0.2201004830955978,0.0017792919433736454,0.04432813478892306,0.17535668161245313,-0.2201004830955978
1906,45428979,g,2,0.2040575699037106,0.14066709458867932,0.14066709458867932,0.23228297829513975,0.2040575699037106
1907,45428979,i,7,0.45287514610972546,0.12720295029279338,0.24839720418722178,2.502267701396089,0.45287514610972546
1908,45428979,r,8,0.6099655661420087,0.13856369186682294,0.2762708158208883,6.596911579660421,0.6099655661420087
1909,45428979,u,2,0.6217612683631276,0.028596027363040566,0.028596027363040566,5.042568835468649,0.6217612683631276
1910,45567871,g,5,0.05600712730149332,0.04886081908868478,0.1132815995639126,0.04518324125201352,0.05600712730149332
1911,45567871,r,6,0.6436746669781772,0.08094531063259625,0.1299270911490401,1.3698008255255392,0.6436746669781772
1912,45591498,g,2,-0.0699653984894804,0.055230751048802026,0.05523075104880202,0.16021865051475212,-0.0699653984894804
1913,45591498,i,4,0.5433029886245597,0.051571787550717146,0.10520129267815731,4.760097696124527,0.5433029886245597
1914,45591498,r,8,0.362102507956652,0.06456254405732642,0.21042788227588655,3.3353545944836833,0.362102507956652
1915,45591498,u,2,0.30537686818134635,0.030941800065721364,0.030941800065721392,0.8325563781643264,0.30537686818134635
1916,45749378,g,2,-0.14440680925672733,0.006770295523795933,0.006770295523795933,0.03319383187034247,-0.14440680925672733
1917,45749378,i,4,0.7261711366768251,0.09167945759182161,0.19598769984498077,1.8627598761939876,0.7261711366768251
1918,45749378,r,6,0.6273650920042285,0.04289191724475816,0.06800688355199191,0.7297539187940267,0.6273650920042285
1919,45749555,i,7,0.7640660350320856,0.05848415613570357,0.18440497190701854,2.2336495913782457,0.7640660350320856
1920,45749555,r,8,0.8533035751980973,0.19465223419547972,0.731634035347276,4.228405151400433,0.8533035751980973
1921,45796801,g,3,-0.05508508427501274,0.0029308761912379966,0.007363095460576369,0.0817251989453479,-0.05508508427501274
1922,45796801,i,4,0.4761382890125705,0.04304613363821738,0.08904179263234374,2.131655291076952,0.4761382890125705
1923,45796801,r,7,0.5061964206442858,0.08865008240191902,0.15527136151213483,5.4629117418593,0.5061964206442858
1924,45809803,g,7,-0.08415485286965413,0.04790546404921542,0.101562752081119,0.19747380898005432,-0.08415485286965413
1925,45809803,r,2,0.21710473844928235,0.019463656979298194,0.019463656979298194,0.7503361533658213,0.21710473844928235
1926,45809803,u,3,-0.14347389804277158,0.12111091562612072,0.1249579732322139,0.19451236999401714,-0.14347389804277158
1927,45814126,g,2,-0.29667953329310237,0.031439816790653,0.031439816790653,0.09299366390350239,-0.29667953329310237
1928,45814126,i,7,0.38382473033125153,0.06013510890346929,0.14878257302644338,2.1797612828135606,0.38382473033125153
1929,45814126,r,6,0.3883351653509317,0.05977729775439378,0.09659252812667024,4.26118624733028,0.3883351653509317
1930,45814126,u,4,-1.012934609537833,0.04707791081849122,0.0634104284235173,1.6181223154576574,-1.012934609537833
1931,45816364,g,2,-0.07169937966100032,0.02289317452249323,0.02289317452249323,0.008319572238078402,-0.07169937966100032
1932,45816364,i,6,0.5136944773846135,0.10547829754851973,0.19036437344933033,1.4175069009239254,0.5136944773846135
1933,45816364,r,6,0.6860741447650662,0.030771571387838703,0.046977757658888675,2.1354761142879006,0.6860741447650662
1934,45866702,g,5,-0.02720240708477853,0.12899463670796663,0.20090538003922317,0.2750360196587417,-0.02720240708477853
1935,45866702,i,3,1.098625639706948,0.06818676986682015,0.29109133324567327,4.546124993892622,1.098625639706948
1936,45866702,r,9,0.341671569025222,0.23221693418404005,0.25856710850946074,0.9847234768825675,0.341671569025222
1937,45866702,u,5,0.00931832640136069,0.02499372113804215,0.03297440712033192,0.005009057099460782,0.00931832640136069
1938,45916737,g,4,-0.010687669444462311,0.004211711601632556,0.008335814895258961,0.00038555262386897807,-0.010687669444462311
1939,45916737,i,7,0.37152018806235987,0.013910158178721987,0.03762908110991542,1.2676346581646654,0.37152018806235987
1940,45916737,r,7,0.4849172437161596,0.02238999563909916,0.06452843242949857,1.4444842507269615,0.4849172437161596
1941,45916737,u,2,-0.16742826908083516,0.052330975280586084,0.05233097528058611,0.08274191702917094,-0.16742826908083516
1942,45973518,g,3,-0.031293543036189975,0.0008979617015650865,0.04363620935320997,0.022023910881530506,-0.031293543036189975
1943,45973518,i,4,0.5911143696289917,0.006077619084027985,0.08974715666658273,4.9450730451324585,0.5911143696289917
1944,45973518,r,5,0.3239211507345,0.03950046805051732,0.06357869225106622,0.45875919304963036,0.3239211507345
1945,46015937,g,2,-0.18749707037804747,0.003325656095009899,0.003325656095009899,0.17513484128999157,-0.18749707037804747
1946,46015937,i,2,0.2856649077942025,0.1997809250394148,0.1997809250394148,0.29975129514421145,0.2856649077942025
1947,46015937,r,7,0.29056424522226804,0.03460530997287348,0.20960979219070208,0.5374447651345743,0.29056424522226804
1948,46086023,g,2,-0.09693299391298797,0.05347040585996661,0.053470405859966624,0.04488978954438786,-0.09693299391298797
1949,46086023,i,7,0.6493829474216269,0.15199858217755424,0.2371023006988614,3.3150408667337965,0.6493829474216269
1950,46086023,r,6,0.2671567907736268,0.050462666766872236,0.12470652843474522,0.7819624504727903,0.2671567907736268
1951,46107722,g,3,-0.16538474256340477,0.007448606960086618,0.018393953043461697,0.2750170264912193,-0.16538474256340477
1952,46107722,i,3,0.705349032353219,0.016859571554312947,0.11702986351116262,3.8907383541057405,0.705349032353219
1953,46107722,r,8,0.9225063012215264,0.5345607140917804,1.1096901921451015,2.1660229169330445,0.9225063012215264
1954,46107722,u,4,-0.36611308372792917,0.13336383485886238,0.27580845113980834,0.2843024674066104,-0.36611308372792917
1955,46203280,i,10,0.18157942380423847,0.09746268286504906,0.20804227670997144,0.1320998537642037,0.18157942380423847
1956,46203280,r,4,0.3243494765658912,0.018616462048152482,0.04342865499390547,0.8951408412388964,0.3243494765658912
1957,46205096,g,2,-0.11372454163213513,0.008443233992568633,0.008443233992568633,0.2033168786181783,
1958,46205096,i,5,0.45911805155775065,0.050256976451506175,0.05755569247738307,0.7508983158211249,0.45911805155775065
1959,46205096,r,4,0.44947718118052515,0.01894036383064579,0.04467590272299149,2.563857993888883,0.44947718118052515
1960,4627828,g,6,-0.12294207211767239,0.010944594494779344,0.021493436200010207,0.08999311956312506,
1961,4627828,i,3,0.9481513490602695,0.11646313426714783,0.19617779294025894,3.0594125835199506,0.9481513490602695
1962,4627828,r,8,0.6305345733014229,0.024927899319788338,0.0518456146765881,0.9376983436577535,
1963,4627828,u,2,0.10236499276787417,0.04494166712880712,0.04494166712880712,0.1228284883711252,0.10236499276787417
1964,46305509,g,3,0.17075712298735635,0.07246440958867209,0.1367461262104182,0.17388630004262903,0.17075712298735635
1965,46305509,i,3,0.2393852239929415,0.01699182752285905,0.04722090284420602,0.3445686345262537,0.2393852239929415
1966,46305509,r,4,0.4406896039392122,0.1204600957243614,0.23117806101684923,0.9954325263870161,0.4406896039392122
1967,46305509,u,2,0.21334065510387687,0.09814764311553817,0.0981476431155382,0.2245497995689188,0.21334065510387687
1968,46307623,i,7,0.6413036124194087,0.11029807759743049,0.18076507661217478,3.7726620146545473,0.6413036124194087
1969,46307623,r,4,0.704540285359204,0.021723927785480546,0.057373747466195835,2.5591596065196414,0.704540285359204
1970,46307623,u,2,-0.7168032028847502,0.5629422404979636,0.5629422404979637,1.083611113565019,-0.7168032028847502
1971,46340154,i,4,0.6907434141559797,0.08208976835675402,0.15543255879301687,4.1667879457625245,0.6907434141559797
1972,46340154,r,6,0.28609999995959384,0.0963964580117401,0.18508167977707873,0.7439404950666096,0.28609999995959384
1973,4634727,g,2,-0.13370715966021457,0.02453203270718178,0.024532032707181767,0.3681909787766392,-0.13370715966021457
1974,4634727,i,4,0.4512881070498099,0.11794060411668286,0.1986004040319504,1.453637474777267,0.4512881070498099
1975,4634727,r,7,0.481052820308149,0.2075417244764433,0.3244174076672142,0.9708678364895488,0.481052820308149
1976,4634727,u,4,-0.1347964574507165,0.24266114710036618,0.48312399566059977,0.1962869483627842,-0.1347964574507165
1977,46401189,g,2,0.06301687350672944,0.08244445362015021,0.08244445362015021,0.02983806478356974,0.06301687350672944
1978,46401189,i,6,0.6445010558921969,0.03481399060266982,0.06638379659926474,1.2506270600423643,0.6445010558921969
1979,46401189,r,4,0.648022490540733,0.02455504608482234,0.07688987005466041,2.486277001860727,0.648022490540733
1980,46401189,u,2,-0.3482298243548944,0.010761930490616411,0.010761930490616467,0.2822723159960827,-0.3482298243548944
1981,46474746,g,5,-0.10199513279530717,0.02435469944345503,0.03783822384447619,0.18800671672731795,-0.10199513279530717
1982,46474746,i,5,0.6849884812978015,0.04081197751363197,0.37925852662884785,9.849680651233196,0.6849884812978015
1983,46474746,r,9,0.20396536610629284,0.02356872317253439,0.04604901854832105,1.1357147613624747,0.20396536610629284
1984,46528903,g,2,-0.050471303718323896,0.02520487064373858,0.02520487064373858,0.02677063094786107,-0.050471303718323896
1985,46528903,i,2,0.6126915066193703,0.055108290255412806,0.05510829025541286,0.8433801328473173,0.6126915066193703
1986,46528903,r,7,0.603457450208751,0.10151835253551877,0.1561735293807035,4.892818612996288,0.603457450208751
1987,46528903,u,4,-0.11298040148422174,0.004416341037274944,0.014371765920238824,0.17022683750258172,-0.11298040148422174
1988,46543825,i,5,0.0041869834945229,0.05428083323301314,0.12926902686890812,0.08076688532068776,0.0041869834945229
1989,46543825,r,7,0.27792193131924114,0.05039051304968464,0.21491352677754688,0.41487073592182394,0.27792193131924114
1990,46571257,g,2,0.3830828331926115,0.09664231458735886,0.09664231458735889,0.369529518882068,0.3830828331926115
1991,46571257,i,5,0.9195154673014205,0.10411828713284188,1.2894601144558373,1.5842428414435488,0.9195154673014205
1992,46571257,r,4,0.956876742769554,0.3517791080570428,0.7299847363397851,1.558595359058538,0.956876742769554
1993,46625559,g,3,0.04987843526491045,0.008527659936764104,0.027427453700996016,0.018790809494917977,0.04987843526491045
1994,46625559,i,7,0.5504193831421996,0.04124876711263126,0.06309607113932858,2.5521574583719655,0.5504193831421996
1995,46625559,r,8,0.6089575109876766,0.015122498565451226,0.028478860935783445,2.563801585046271,0.6089575109876766
1996,46639930,g,4,-0.03746937244366513,0.0038884002815722934,0.008157668910618816,0.008645305343113713,-0.03746937244366513
1997,46639930,i,7,0.21260521258383103,0.03376884034909533,0.07629420132675405,0.21743660068048648,0.21260521258383103
1998,46639930,r,7,0.2774739237602688,0.03713490910356282,0.06365271930405503,0.30953178949191784,0.2774739237602688
1999,46655522,g,2,0.022550700197862816,0.03135716657001947,0.03135716657001947,0.0016840413097658211,0.022550700197862816
2000,46655522,i,10,0.38857259914970754,0.05617958222663119,0.09872660779030279,0.6401067251312644,0.38857259914970754
2001,46655522,r,7,0.5201554531727832,0.039471316232644604,0.09202856328718867,0.7857065295226603,0.5201554531727832
2002,46655522,u,2,-0.5773957890163162,0.21115253822615504,0.2111525382261551,0.6713786038221716,-0.5773957890163162
2003,46698707,g,4,-0.011256681246322564,0.04030212627251532,0.06450232296794015,0.17598155629699616,-0.011256681246322564
2004,46698707,r,2,0.34380975128942237,0.02287777390711901,0.022877773907119037,2.613192490126393,
2005,46698707,u,4,0.08077327593387336,0.05303204695026444,0.09898738294971005,0.14477250171840472,0.08077327593387336
2006,467019,g,4,-0.16515848131021793,0.03414929225877339,0.16469539305163672,0.2746492214340972,-0.16515848131021793
2007,467019,i,7,0.734061546355744,0.031517274390905015,0.06817753696179851,1.4701349087081337,0.734061546355744
2008,467019,r,8,0.32405924265130026,0.07064533997879316,0.10768237421614496,0.8282086275706777,0.32405924265130026
2009,46729084,g,2,-0.05067588553142864,0.0020272143223830225,0.0020272143223830225,0.04500444035286007,-0.05067588553142864
2010,46729084,i,4,1.0743127183429046,0.20764560637551965,0.32342099952728287,7.238368052169994,1.0743127183429046
2011,46729084,r,6,0.5585333726394489,0.11996286956590274,0.18499979424466534,2.2733010128341555,0.5585333726394489
2012,46729084,u,3,0.22960240984203387,0.01257276989366779,0.07477838493234784,0.3531228132788316,0.22960240984203387
2013,46744966,g,2,0.11761018922603333,0.012656020252744815,0.012656020252744815,0.03602963024897071,0.11761018922603333
2014,46744966,i,11,0.3294126339818449,0.03699629966995899,0.10610791188284185,1.4807796522422796,0.3294126339818449
2015,46744966,r,6,0.6409777289991603,0.172888266446528,0.3836095436326923,1.5372837961987218,0.6409777289991603
2016,46747266,i,3,0.2956842699663079,0.06807934714861485,0.08348984085873995,0.32907768634327944,0.2956842699663079
2017,46747266,r,5,0.24992641752610137,0.05682127140934426,0.0661610900779169,1.026926595894777,
2018,46760716,i,7,0.6161942253618394,0.22759127263663115,0.4173935276985269,3.7170484795785272,0.6161942253618394
2019,46760716,r,5,0.8320379043957465,0.2688567725954135,0.5160593807473766,4.289584368484604,0.8320379043957465
2020,4690592,g,2,-0.13612545276401772,0.14496036339767643,0.14496036339767646,0.04529206304890736,
2021,4690592,i,4,0.4328233535290188,0.039552223199386144,0.11315524131617494,0.39708329594627956,0.4328233535290188
2022,4690592,r,7,0.5412040877496596,0.03029367284714224,0.03993304703324285,0.9392397450057519,
2023,4690592,u,3,-0.521627899054788,0.059785153860681506,0.18845966393088526,0.5602800171754486,-0.521627899054788
2024,46983321,g,5,-0.09199317955761088,0.0036983445477983268,0.00458526611328125,0.2904894909174533,-0.09199317955761088
2025,46983321,i,6,0.9669650790186777,0.17860633326697017,0.33462568521896974,2.707215012268133,0.9669650790186777
2026,46983321,r,5,0.3775818501184133,0.020186191342736748,0.02564337585126869,5.218232641212478,0.3775818501184133
2027,46993359,g,5,0.27995077833870036,0.04510688421225145,0.15347097975977375,0.7476915200794113,0.27995077833870036
2028,46993359,i,4,0.24243691962875807,0.12325767581832286,0.18213558447948633,0.8365089148299113,0.24243691962875807
2029,46993359,r,8,0.3415328756084888,0.028922454143695542,0.05086919770250736,0.9600974441973563,0.3415328756084888
2030,47023986,g,5,0.05319148874078361,0.10283153208393514,0.13840575644229136,0.014450035675787804,0.05319148874078361
2031,47023986,i,6,0.6442304100083364,0.22902828610616202,0.37547768436667295,1.867425410340842,0.6442304100083364
2032,47023986,r,8,0.7579685412031696,0.15926585631695117,0.3275799306424565,1.0123419013671933,0.7579685412031696
2033,47023986,u,4,-0.3247038727542415,0.11347028920010438,0.15633790135291545,0.24992253416988366,-0.3247038727542415
2034,47036390,g,5,-0.19159045591659793,0.039492975605530056,0.05456575570366387,0.44000226148432375,-0.19159045591659793
2035,47036390,r,4,0.21095321725983143,0.012677106193280427,0.027747837302214168,1.7345759141227075,0.21095321725983143
2036,47036390,u,3,0.16831299228866148,0.04751348715148743,0.7732881146043955,1.1309190175456714,0.16831299228866148
2037,47126884,g,4,0.07635052813592902,0.07355120876748783,0.16332549546720126,0.08564345665188511,0.07635052813592902
2038,47126884,i,6,0.7373882560852497,0.15869507475321487,0.2982199897831267,2.769098749426062,0.7373882560852497
2039,47126884,r,8,0.6878577949276656,0.12199759084402151,0.1823948258913417,2.4761403088419325,0.6878577949276656
2040,47173371,g,6,0.17923034103933994,0.12519901456204555,0.1976935634663219,0.09267421218302539,0.17923034103933994
2041,47173371,i,4,0.42167322695294385,0.0550947704028549,0.10687236586384724,0.9239675769040365,0.42167322695294385
2042,47173371,r,11,0.7400695120992623,0.12250898093857265,0.21717454709663964,1.8823558067064132,0.7400695120992623
2043,47173371,u,6,-0.023089833712694338,0.06056513267067118,0.11221460243716727,0.022957227093444364,-0.023089833712694338
2044,47239361,g,3,-0.007328569594876183,0.01600460906299518,0.021322263737971178,0.01162178850996695,-0.007328569594876183
2045,47239361,i,4,1.2832452557160348,0.6421711401972217,1.0768173337700104,2.3412344792016606,1.2832452557160348
2046,47239361,r,8,0.34880062101438725,0.027141870450934164,0.3220946684583016,2.7793995747408147,0.34880062101438725
2047,47339283,g,2,-0.12006819796921628,0.0067196043761750535,0.0067196043761750535,0.19545890018577627,-0.12006819796921628
2048,47339283,i,5,0.4866114545795147,0.13436700826321923,0.2122783676185911,1.2916458965779534,0.4866114545795147
2049,47339283,r,7,0.4486269670736086,0.07583795008562133,0.13068526783928536,1.643570139303677,0.4486269670736086
2050,47339283,u,2,-0.12732875373912778,0.025238064009319924,0.02523806400931991,0.1581814669206517,-0.12732875373912778
2051,47357337,i,3,0.08777363371827118,0.13382003385470564,0.1403349074934228,0.08798786049937087,0.08777363371827118
2052,47357337,r,6,0.35723660277394176,0.07779305234885242,0.13592059618185132,0.8056526411584422,0.35723660277394176
2053,47357337,u,3,-0.14987828386792618,0.018965460463859163,0.05209839360956697,0.07045663330866442,-0.14987828386792618
2054,47417887,i,5,0.5636826388651377,0.021785189056649834,0.04483647167526994,1.7490767456540048,0.5636826388651377
2055,47417887,r,5,0.5376094382864175,0.04644865735490711,0.15427413836890042,3.464161373262743,0.5376094382864175
2056,47485748,i,4,0.6403643733943791,0.02753081193515311,0.0481167658977274,8.022340158920287,0.6403643733943791
2057,47605600,g,2,-0.6093683530592833,0.037280815976714454,0.03728081597671451,0.4427682723295484,
2058,47605600,i,2,0.5171568434025646,0.14408684198068913,0.14408684198068916,1.1143705408546374,0.5171568434025646
2059,47605600,r,6,0.21574222027674717,0.07125151726583655,0.13643764277491982,0.47083784985972543,0.21574222027674717
2060,47605600,u,5,-1.649232774655593,1.1015834371942332,1.4747779120460354,6.385861926172833,-1.649232774655593
2061,4768011,g,3,-0.005782300698984666,0.018781718859169905,0.04707555051972753,0.008816621037760196,-0.005782300698984666
2062,4768011,i,7,0.2760818564947276,0.04847813211267582,0.28837009886663445,0.40149028323808483,0.2760818564947276
2063,4768011,r,8,0.44736162001268287,0.04950792054907019,0.07984195475363787,0.6212057910180407,0.44736162001268287
2064,47758774,g,5,-0.280873523172265,0.10811006428509073,0.16864404017393886,0.14462089695181043,-0.280873523172265
2065,47758774,i,9,0.5310382472454676,0.04502614377951725,0.09697418242448369,2.4070657034273317,0.5310382472454676
2066,47758774,r,8,0.279875407805238,0.06792890045556016,0.128941301728073,0.13868063694939292,0.279875407805238
2067,47758774,u,2,0.12423933076945903,0.15276141256081444,0.15276141256081444,0.11240342480519783,0.12423933076945903
2068,47834273,i,8,0.5650778273511716,0.10331511124377396,0.19760782788332154,0.7970004823259027,0.5650778273511716
2069,47834273,r,7,0.5119926399471991,0.08263737795020754,0.18842505281536936,1.419214022197955,0.5119926399471991
2070,47902319,g,4,0.8965601524073363,0.4371764449680664,0.9585413535123297,0.9613929120628129,0.8965601524073363
2071,47902319,i,4,0.36676716826336886,0.0014311514442300888,0.0018975286447944217,3.33213191425454,0.36676716826336886
2072,47902319,r,6,0.495264594188856,0.03536664221317842,0.05821460432334402,3.3206990228044817,0.495264594188856
2073,47902319,u,3,0.14032623406710665,0.002902437816064196,0.03171421555829308,0.0910373663254737,0.14032623406710665
2074,47923612,g,2,-0.17738931310776762,0.022364562240547323,0.02236456224054731,0.5765040099106536,-0.17738931310776762
2075,47923612,i,7,0.444103219362055,0.15928852509152303,0.23167695973826774,1.4459713699436418,0.444103219362055
2076,47923612,r,7,0.271393322955763,0.1820690622697176,0.5737186491284321,0.9509579496880718,0.271393322955763
2077,47923612,u,3,0.1597471508461138,0.024829434282409635,0.11863932221938847,0.19391546478033073,0.1597471508461138
2078,47928431,g,5,-0.7852468101818089,0.033507302251934545,0.04398725145394011,0.574132322431132,-0.7852468101818089
2079,47928431,r,8,0.21872136271908701,0.05608576478552749,0.09538767037764914,0.29083219936712523,0.21872136271908701
2080,47928431,u,4,-1.0462295993706956,0.40925302127613716,0.9296149684544317,2.332857409957912,-1.0462295993706956
2081,47998776,g,3,-0.11134050822057184,0.05264330130120648,0.16940981485793563,0.05794412550459355,-0.11134050822057184
2082,47998776,i,4,0.5705638516337759,0.09635799611790735,0.1498591343351522,5.324165608070514,0.5705638516337759
2083,47998776,r,3,0.5910653767630538,0.09820516069726626,0.312967605331531,1.0460229578844087,0.5910653767630538
2084,481166,i,4,1.2598554747049748,0.3505053358137381,0.6609271625193982,4.229766179779338,1.2598554747049748
2085,481166,r,5,0.1962733759976983,0.039176541758898537,0.16883157423159784,1.8179326642512277,0.1962733759976983
2086,481166,u,4,-0.0786104958136172,0.013473232033823689,0.028964476031770728,0.0402843871202626,-0.0786104958136172
2087,48172873,g,3,0.06983596485880868,0.0026917820735603143,0.004105675413214022,0.04287716081706074,0.06983596485880868
2088,48172873,i,2,0.33629005331301903,0.17686055170288545,0.17686055170288548,1.2673567647649686,0.33629005331301903
2089,48172873,r,9,0.4330999526963212,0.09338014891432878,0.14757082294799978,1.9841102326200897,0.4330999526963212
2090,48172873,u,2,-0.2036031530078745,0.02613706319314782,0.026137063193147847,0.6633265619063026,-0.2036031530078745
2091,48200270,g,2,-0.07697275138398321,0.005437616583138599,0.005437616583138599,0.02087546968772763,-0.07697275138398321
2092,48200270,i,6,0.7520927934583259,0.1255251923570671,0.19657484715794615,2.2494126245046813,0.7520927934583259
2093,48200270,r,7,0.5886060817778909,0.06565445275343351,0.0975216727514322,0.8909586029265519,0.5886060817778909
2094,48303203,g,5,-0.11363603989424076,0.036436857866365024,0.05352059159904071,0.05108260396236373,-0.11363603989424076
2095,48303203,r,6,0.45719836989438584,0.17582987689268395,0.3163863769554461,1.155396844568896,0.45719836989438584
2096,48303203,u,3,-0.3153613199034669,0.01053039122449445,0.032689780051411266,0.4563665589497119,-0.3153613199034669
2097,48423886,i,6,0.15472769957246288,0.07031358393592244,0.15075896165980304,0.11165990069037207,0.15472769957246288
2098,48423886,r,4,0.9456176163960391,0.12946520127455763,0.20739026291161378,7.378830918971162,0.9456176163960391
2099,4851369,g,3,-0.10996265587306817,0.0031266068157094484,0.020556423603443535,0.24387569580360724,-0.10996265587306817
2100,4851369,i,6,0.6360751025310304,0.13066067763432204,0.2538388446041219,2.4760073337043416,0.6360751025310304
2101,4851369,r,6,0.4505728044513213,0.038355866111414755,0.06068605706463487,2.6738860888258116,0.4505728044513213
2102,4851369,u,2,0.2566968966230895,0.024541164297661525,0.02454116429766154,0.7835935890091681,0.2566968966230895
2103,4851907,g,4,-0.10830573038987672,0.10141743944699326,0.24950803615109823,0.2636824376903113,-0.10830573038987672
2104,4851907,i,2,0.42004913528695137,0.18064646433154102,0.18064646433154097,1.1043834443715337,0.42004913528695137
2105,4851907,r,4,0.3067307966905478,0.042242506328296736,0.1271852451114219,0.3062993712856214,0.3067307966905478
2106,48731025,g,4,-0.12567433648266463,0.006683598834199042,0.023693745063798732,0.5252483563555841,-0.12567433648266463
2107,48731025,i,2,0.41934293470942374,0.07680088116780348,0.07680088116780348,1.1035031893962368,0.41934293470942374
2108,48731025,r,6,0.31866587291190884,0.022774159344925632,0.04792482152680261,3.222681858390605,0.31866587291190884
2109,48759708,g,3,0.3047024180793375,0.04319763919431108,0.22969208380417133,0.27934702895477653,0.3047024180793375
2110,48759708,i,6,0.6401179306428245,0.2579125185532338,0.42654796438888365,0.9277200792564191,0.6401179306428245
2111,48759708,r,9,0.85638343821027,0.05559901955222757,0.13682504217531832,1.3729714100005748,0.85638343821027
2112,48759708,u,4,0.005789020038048931,0.0948414384925945,0.17472176915183701,0.025616188437941445,0.005789020038048931
2113,48760640,g,4,-0.18301829191031088,0.019235917117274112,0.06829090226689899,0.5281898126039273,-0.18301829191031088
2114,48760640,i,4,0.36436818103045776,0.04297934221112126,0.09596270759811593,1.9248902321601267,0.36436818103045776
2115,48760640,r,5,0.23049824327659751,0.04682331128479214,0.10065833662278581,1.1493819789295414,0.23049824327659751
2116,48898150,g,2,0.05375898441175381,0.01988078367851759,0.01988078367851759,0.005098299156203835,0.05375898441175381
2117,48898150,i,8,0.6231198583984774,0.10829531585224506,0.2350768773889998,2.7198402653052236,0.6231198583984774
2118,48898150,r,7,0.7258643593311876,0.11829740455759441,0.17541911076633943,1.2561535492490195,0.7258643593311876
2119,48901518,g,3,-0.18034728096179703,0.0014571092648398842,0.001874293897263013,0.7501369427383691,-0.18034728096179703
2120,48901518,i,2,0.4879995282039689,0.11340630106269939,0.11340630106269944,5.337757293438918,0.4879995282039689
2121,48901518,r,6,0.3845290146565271,0.04297935963938923,0.08269355606156498,4.2418086614615795,0.3845290146565271
2122,48972315,g,6,-0.5097688506049862,0.07933063765879445,0.22110111301961455,0.30123640945844987,-0.5097688506049862
2123,48972315,r,3,0.22432617399885263,0.060831308317359445,0.14260906331134465,0.9716157318164701,0.22432617399885263
2124,48972315,u,2,-1.40098807245224,0.2963543059043904,0.2963543059043905,2.8915535208560486,-1.40098807245224
2125,48977462,i,7,0.12553714921551729,0.017977364738063217,0.11881899982648364,0.3191252345085919,0.12553714921551729
2126,48977462,r,6,0.3506016442348445,0.036205027896437036,0.19917263605430524,0.9702346861528808,0.3506016442348445
2127,49007544,i,7,0.7607021953369691,0.1257560349620731,0.17711557912105835,5.95481176900252,0.7607021953369691
2128,49007544,r,7,0.6314666207443504,0.12066755527536588,0.21274381995213953,5.030914159108524,0.6314666207443504
2129,49100292,g,3,0.2078070644395355,0.06990939754155184,0.09162655051604743,0.07898265924272149,0.2078070644395355
2130,49100292,i,5,0.3341455763776603,0.17633998028147452,0.7257221237575067,0.6080592372534361,0.3341455763776603
2131,49100292,r,3,0.571076077056281,0.0251115298028336,0.04080596663855762,0.694273538566669,0.571076077056281
2132,49120302,g,3,-0.09103732216263116,0.0663019625761338,0.2795375575022284,0.15851037985746172,-0.09103732216263116
2133,49120302,i,3,0.22782087794602018,0.12227819012139765,0.27209474837304487,0.5707618981006441,0.22782087794602018
2134,49120302,r,7,0.44198564842549415,0.08863916306639186,0.14278475676714486,0.6480515861752627,0.44198564842549415
2135,491498,g,3,-0.056592850756755575,0.023540580080320672,0.03191868824642109,0.02205385503324984,-0.056592850756755575
2136,491498,i,7,0.5908537874414537,0.0332357385352724,0.07843835462420778,6.382488870787725,0.5908537874414537
2137,491498,r,6,0.27498539924193843,0.028959269656591874,0.05223876169466485,1.4530752348667288,0.27498539924193843
2138,49210181,g,2,0.18817186809260056,0.09598324986085494,0.09598324986085494,0.0812605204510005,0.18817186809260056
2139,49210181,i,2,0.09029688363164365,0.1597351007778944,0.15973510077789438,0.10358553079492035,0.09029688363164365
2140,49210181,r,6,0.3844677488459179,0.13035367280138788,0.20957162741982244,0.4003001910819237,0.3844677488459179
2141,49329904,g,2,0.12591788725941594,0.19918977536171983,0.19918977536171983,0.05049492470852627,0.12591788725941594
2142,49329904,i,4,0.7085791155178853,0.04679426752200627,0.14437544804480096,1.826468727947878,0.7085791155178853
2143,49329904,r,4,0.9595562802875682,0.15850167162227224,0.31465389698624147,1.14798479910087,0.9595562802875682
2144,49329904,u,2,-0.8132138166945277,0.13202092947784028,0.13202092947784028,1.134116027009597,-0.8132138166945277
2145,49364280,i,4,-0.0891867989326613,0.03736544247387548,0.10140960868232504,0.43752552850974696,-0.0891867989326613
2146,49364280,r,6,0.19349691196251004,0.1234308435642711,0.2286859563378375,0.3785450757833806,0.19349691196251004
2147,49510287,g,5,-0.09688231190199659,0.0047307753624036,0.007969397193715061,0.18875105422698893,-0.09688231190199659
2148,49510287,i,3,0.6033996526717916,0.1362760973545264,0.1517587804399645,5.828207009035892,0.6033996526717916
2149,49510287,r,2,0.42775109231017866,0.03265980473593011,0.03265980473593011,6.686592716443574,0.42775109231017866
2150,49510287,u,6,0.14157548705418452,0.0035647777055227148,0.0064287320179145235,0.299170793456288,0.14157548705418452
2151,49731025,g,5,-0.12232431893660983,0.018567876195565935,0.035752460743718295,0.056484692012343386,-0.12232431893660983
2152,49731025,i,3,0.8601422602041644,0.08266220030125004,0.26640092827154893,2.2130709996945357,0.8601422602041644
2153,49731025,r,8,0.6097573379345443,0.0806361791881916,0.11465937341073595,0.9691031380618969,0.6097573379345443
2154,4974097,g,3,-0.07889926994418595,0.001157783932552503,0.0032865098888712613,0.17928706586270704,-0.07889926994418595
2155,4974097,i,3,0.3784709608263384,0.0011546512375997242,0.029675716876561398,2.9276269361680165,0.3784709608263384
2156,4974097,r,3,0.3795196037922521,0.031042244550294862,0.03256831723550285,5.374786321081285,0.3795196037922521
2157,4974097,u,3,0.09303160778035663,0.003929989531367514,0.015853009294353515,0.09440323909101463,0.09303160778035663
2158,49767053,i,5,0.2913050737559066,0.0318427896460764,0.06259797882262824,1.1049174288204842,0.2913050737559066
2159,49767053,r,4,0.27285801070001625,0.02028459439937491,0.042299246920127875,2.9746303299374595,0.27285801070001625
2160,49767053,u,2,-0.1303337368101672,0.061544547029078474,0.06154454702907848,0.2983057906542019,-0.1303337368101672
2161,49815889,g,2,-0.33392103862656763,0.16349071645632818,0.16349071645632818,0.537575262869469,-0.33392103862656763
2162,49815889,i,3,0.6507308507339983,0.047248436566117324,0.11687879214258678,5.156421899253877,0.6507308507339983
2163,49815889,r,7,0.40496954637752425,0.06648917119198738,0.12176832674176491,1.9026613332035491,0.40496954637752425
2164,49815889,u,3,-2.246404889368105,0.09026682675086395,0.3536397574587997,7.313040053703541,-2.246404889368105
2165,49816399,g,4,-0.13935521609609208,0.02193030402032886,0.03679608461342239,0.3917834394107903,-0.13935521609609208
2166,49816399,i,7,0.47097678018165656,0.029068663832771513,0.047365437981847947,3.7919023364351667,0.47097678018165656
2167,49816399,r,10,0.33104775891104693,0.09144860889587181,0.5625420091908582,2.720709278340067,0.33104775891104693
2168,49914199,g,4,-0.1659751980844359,0.02178511448874995,0.2826304345042889,0.5828992229017157,-0.1659751980844359
2169,49914199,i,4,0.6075152660397944,0.009520042286224828,0.034344818845235214,3.5121207314843224,0.6075152660397944
2170,49914199,r,11,0.31196022711605376,0.04273259364762266,0.08821637199004001,0.6123408672966149,0.31196022711605376
2171,49925122,g,2,-0.19054450643858295,0.00557836843161702,0.00557836843161702,0.073993433029392,-0.19054450643858295
2172,49925122,r,4,0.5055954538467216,0.04816736387168977,0.06095229980842087,0.9480288005534232,0.5055954538467216
2173,49925122,u,5,-0.022737058410554956,0.05865664197450621,0.09728923738624612,0.05119744947103708,-0.022737058410554956
2174,4996,i,10,0.386034043902014,0.05069179904458568,0.09050766066337562,2.7219151905921213,0.386034043902014
2175,4996,r,13,0.3557740864254433,0.03544793472022978,0.07336772934899904,2.1116238266988905,0.3557740864254433
2176,5006501,g,2,0.12302495879307174,0.030886542615727264,0.030886542615727264,0.041244692893218485,0.12302495879307174
2177,5006501,i,9,0.33147169466801296,0.1254600786466793,0.2414542502788219,0.3209570105636482,0.33147169466801296
2178,5006501,r,7,0.5153213332409244,0.06665143065404988,0.14977682883082,0.7431362268703244,0.5153213332409244
2179,5006501,u,2,0.052326799368025784,0.03970111277474722,0.03970111277474722,0.018618975139969633,0.052326799368025784
2180,50139234,i,4,0.7287097817023798,0.1166157355241334,0.22632369719335577,2.5474219482808653,0.7287097817023798
2181,50139234,r,7,0.466455372618312,0.08312912952458157,0.12259707498148142,3.3345844414154193,0.466455372618312
2182,50163538,g,2,-0.5678978865252229,0.12411547817176638,0.12411547817176638,0.3538904799924212,-0.5678978865252229
2183,50163538,r,7,0.5044258433455875,0.09163103177082593,0.19176120425767995,0.499508024929883,0.5044258433455875
2184,50163538,u,6,-0.2751970496509243,0.18610696176899913,0.3305947192076426,0.35307921786956536,-0.2751970496509243
2185,50180074,g,3,0.12186853057938557,0.06354015009623903,0.06365475997811214,0.056740278843066455,0.12186853057938557
2186,50180074,i,8,0.5796220532826524,0.2385340256394735,0.5310458024217634,1.46802238272293,0.5796220532826524
2187,50180074,r,6,0.5751239606419446,0.07199758430611261,0.10988060776127817,1.234555445589597,0.5751239606419446
2188,50180074,u,3,-0.25440602143485486,0.0012617026793363961,0.007765874856931976,0.2552558916599325,-0.25440602143485486
2189,50207586,g,2,-0.0026358563118661915,0.00857156080300131,0.00857156080300131,0.0001974381296340597,-0.0026358563118661915
2190,50207586,i,6,0.26349962806056515,0.027715994594928545,0.04896536344733832,0.4035246523991494,0.26349962806056515
2191,50207586,r,5,0.3491354088900669,0.023273772602004195,0.0242037350129527,0.4277289672815933,0.3491354088900669
2192,50234685,g,3,-0.023031230384131712,0.008721510614492028,0.01949560886419735,0.004963229579794288,-0.023031230384131712
2193,50234685,i,9,0.6822475452408301,0.1734129248721049,0.5500550823696939,2.8279482227969885,0.6822475452408301
2194,50234685,r,8,0.6164091597689014,0.06780460531242632,0.1633868620596931,3.533797534755253,0.6164091597689014
2195,50300372,g,3,-0.3406888693105174,0.13780439330270527,0.1386398434745001,0.36169340809583533,-0.3406888693105174
2196,50300372,i,8,0.6138249106467129,0.1340074379780964,0.17984724204317504,3.8204208661839063,0.6138249106467129
2197,50300372,r,11,0.2964290970494361,0.12235781382664718,0.27842476663381793,0.6368057098580131,0.2964290970494361
2198,50340138,g,2,0.03251095469159805,0.024176329896531276,0.024176329896531276,0.0037660272903837755,0.03251095469159805
2199,50340138,i,5,0.5331193901807325,0.15745258933805184,0.6637425714691807,1.541065622715734,0.5331193901807325
2200,50340138,r,4,0.5768614114214763,0.02328149091903925,0.15361777056195947,1.0262461064418071,0.5768614114214763
2201,50341442,g,5,-0.10509535369144879,0.028414001612801443,0.05474056324282958,0.15490513248574933,-0.10509535369144879
2202,50341442,i,5,0.6374852618412692,0.11987377274910638,0.2427651839419015,4.703571494493865,0.6374852618412692
2203,50341442,r,6,0.4589125389686213,0.0211682568543832,0.07903155399072892,8.471841855944104,0.4589125389686213
2204,50341442,u,5,-0.20807203677096686,0.021760067411004808,0.030442098105634696,0.48515297202379815,-0.20807203677096686
2205,50376688,g,3,0.09571430517043078,0.0013147067054284367,0.009275221513575571,0.021294764504911867,0.09571430517043078
2206,50376688,i,6,0.6325521540828236,0.13102110325380545,0.2582144587047941,0.8718367527208112,0.6325521540828236
2207,50376688,r,5,0.5323475858793716,0.017335825459138476,0.0246087531274366,0.7258402523562184,0.5323475858793716
2208,50376688,u,5,-0.47371333408846095,0.022180934031885258,0.0313023655806155,0.5763719590537839,-0.47371333408846095
2209,50736614,g,4,-0.11487914331614965,0.03965755559325604,0.06344539932144827,0.03595747834549755,-0.11487914331614965
2210,50736614,r,5,0.5094308183348182,0.09280055559791167,0.18055360437807683,1.0351237826401873,0.5094308183348182
2211,50736614,u,2,0.3286113389466303,0.1125431646033288,0.1125431646033288,0.6512242985286303,0.3286113389466303
2212,50825402,g,4,-0.07000748721312026,0.0576737566647606,0.07575761548871693,0.17624133692117397,-0.07000748721312026
2213,50825402,i,2,0.5254949182830925,0.018381704855117476,0.018381704855117365,9.051433388586943,0.5254949182830925
2214,50825402,r,7,0.3255253507443915,0.058227757369465394,0.11171038530786881,1.9816378899844005,0.3255253507443915
2215,50825402,u,2,-0.07606626383899837,0.028402435754705024,0.028402435754705024,0.05068574888324848,-0.07606626383899837
2216,5084854,g,3,0.3321792172411364,0.08146423162323302,0.15109868321085623,0.16968351134246484,0.3321792172411364
2217,5084854,i,4,0.5630753641405006,0.19200843882105056,0.3907290629555488,0.9843855637371884,0.5630753641405006
2218,5084854,r,5,0.7459076586993618,0.09052586883557767,0.16573952495054756,1.1459969074318934,0.7459076586993618
2219,5084854,u,2,-0.2010681766324418,0.004480340416327722,0.004480340416327722,0.13242917407878355,-0.2010681766324418
2220,50851352,i,7,0.4468326833472982,0.08341832698184404,0.1257801055851122,0.6024225951312371,0.4468326833472982
2221,50851352,r,4,0.46642957369167826,0.02369618201804316,0.17876931530565204,1.1244163098450182,
2222,50863156,i,5,0.48423194014057863,0.02095563745462342,0.12892008135628796,4.203313245888486,0.48423194014057863
2223,50863156,r,5,0.8583678034686405,0.2149511852599325,0.4091302164754186,3.6934217816098687,0.8583678034686405
2224,50960091,i,7,0.4409153510532492,0.16331251479303127,0.43467161132965415,1.9381679149103415,0.4409153510532492
2225,50960091,r,4,0.3638460107798204,0.015429446391242052,0.03549625915744037,3.9148192433861064,0.3638460107798204
2226,50978681,i,8,0.48159251100741796,0.06320323801831274,0.1391790579658651,3.7230041024789706,0.48159251100741796
2227,50978681,r,4,0.45919039458026023,0.008284119500233528,0.38135752668276135,6.5399971598595865,0.45919039458026023
2228,51085231,g,3,0.12956904832530908,0.006980650939051342,0.05478717420111967,0.04659051215953564,0.12956904832530908
2229,51085231,i,3,0.3556716693982148,0.05301795740158893,0.5013033218630418,0.7594107021627982,0.3556716693982148
2230,51085231,r,7,0.46969856770300566,0.021847460068322333,0.03977138880793668,1.5653439349803688,0.46969856770300566
2231,51085231,u,2,-0.0962586194977346,0.0022662361736499326,0.0022662361736499326,0.04024040643484676,-0.0962586194977346
2232,51141425,g,4,-0.14723704063965792,0.19344363554444444,0.3963442055936316,0.49321497826987826,-0.14723704063965792
2233,51141425,i,2,0.10666518359126201,0.041480426456098535,0.04148042645609855,0.12868538493442802,
2234,51141425,r,5,0.10378880562987039,0.045598857491475825,0.08285097611002573,0.22294648677713863,
2235,51141425,u,3,-0.3171342755825901,0.3274042383572794,1.3001006191237479,3.6843077839381255,
2236,5117651,g,2,-0.0787534293740212,0.049549215813157924,0.04954921581315793,0.14044887284834112,-0.0787534293740212
2237,5117651,r,9,0.33759434680240125,0.09585892562250622,0.13678905994562282,2.0713050594845828,0.33759434680240125
2238,5117651,u,3,0.20553457708241013,0.015265980945057794,0.05762120581319655,0.23084511214647177,0.20553457708241013
2239,51314383,g,2,-0.14960021720434918,0.014165164119066834,0.014165164119066848,0.2870918965163121,-0.14960021720434918
2240,51314383,i,3,0.7051333712810623,0.07915435715844832,0.13979121509909553,1.5582479045193374,0.7051333712810623
2241,51314383,r,6,0.4274415901280223,0.15103222412763964,0.37483458152452026,1.3738991551901307,0.4274415901280223
2242,51314383,u,3,-0.0965721754579798,0.007033180191204386,0.536022692897467,0.8377188103566366,-0.0965721754579798
2243,51364640,g,2,-0.01603176135275375,0.03253662968287807,0.03253662968287807,0.001604854733358706,-0.01603176135275375
2244,51364640,i,5,0.3010365705760305,0.021744731483987867,0.03770377941491582,0.9628072843615681,0.3010365705760305
2245,51364640,r,7,0.45962293742551646,0.14170331182098356,0.26345442700250493,1.0342648873357425,0.45962293742551646
2246,51486109,g,4,-1.1819467390107514,0.11634642742469714,0.387373209065509,1.6223421623613008,-1.1819467390107514
2247,51486109,r,6,-0.11873511279165656,0.09728910329182157,0.18365414604128721,0.08618914173753882,-0.11873511279165656
2248,51486109,u,5,-0.9213364091873448,0.33059570386270554,0.5669939741945397,1.6853665807875378,-0.9213364091873448
2249,51512182,g,3,-0.10712746606975698,0.017564160997719597,0.03996557663890869,0.17788486493243053,-0.10712746606975698
2250,51512182,r,3,0.6033413303451706,0.26115132945603964,0.5107951740354747,2.2767068253464253,0.6033413303451706
2251,51512182,u,4,0.13049701100917305,0.05564746587908946,0.12079455867484377,0.23294410116518388,0.13049701100917305
2252,51516534,i,2,0.12760727497126712,0.648370457740538,0.648370457740538,2.8125594500718973,0.12760727497126712
2253,51516534,r,3,-0.49598819541806627,0.19455920957139594,0.6029473683517766,1.8503568368848438,
2254,51539929,g,3,-0.17115114352301558,0.05923559850316179,0.07951020050526975,0.37458803636933924,-0.17115114352301558
2255,51539929,i,3,0.5300898810136041,0.019226996071380675,0.11261774914532863,4.118958736630486,0.5300898810136041
2256,51539929,r,4,0.4392329882543827,0.08167465584999803,0.15360233604723594,3.2628892305796153,0.4392329882543827
2257,51572758,g,4,-0.5727606773458795,0.16844973691499696,0.2509939246962493,0.6898511133929999,
2258,51572758,i,4,0.282968456236289,0.12734248706981668,0.2507888541665949,0.43306944508099104,0.282968456236289
2259,51572758,r,5,0.30439581651885556,0.07256982499257561,0.0967860014434094,0.7067039891023867,0.30439581651885556
2260,51572758,u,2,-0.06330413932940386,0.03890663270104551,0.03890663270104552,0.05110978194559804,-0.06330413932940386
2261,51714336,g,4,1.3530170393652567,0.7283280274240698,1.4628195684414012,3.7101970592612767,1.3530170393652567
2262,51714336,r,6,1.4268141848032014,0.41073230529537164,1.4347543203906652,7.035420833042482,1.4268141848032014
2263,51714336,u,3,0.1516352380900674,0.06740281222920691,0.08520743214900653,0.0768998823194836,0.1516352380900674
2264,5177321,g,6,-0.18264015991569554,0.047852185782232964,0.5847752688373353,1.0912373270363436,-0.18264015991569554
2265,5177321,r,6,0.13615245900406558,0.14923101007295653,0.23381002604093334,0.13912030880193296,0.13615245900406558
2266,5177321,u,3,-1.4755586847837163,0.11958947491924699,0.9192308206402332,2.8112700527058663,-1.4755586847837163
2267,51798204,g,2,-0.16627673534564452,0.06162646124333909,0.06162646124333909,0.09185055176598558,-0.16627673534564452
2268,51798204,i,5,0.5485487636308787,0.05149530946150227,0.07119149163853788,2.680838213736685,0.5485487636308787
2269,51798204,r,7,0.30239574474421954,0.030493231706754165,0.05947702746656902,0.7741772064605348,0.30239574474421954
2270,51798204,u,2,0.2929996653128946,0.030831890844327636,0.03083189084432758,0.372129721283155,0.2929996653128946
2271,51855198,i,5,0.5772298012687996,0.28783119389343553,0.5300701269148073,2.544217797114598,0.5772298012687996
2272,51855198,r,5,0.6460189434363897,0.20582923548789833,0.3547919026200609,0.8111232328713406,0.6460189434363897
2273,51855198,u,2,-0.24650745049701095,0.08868008131802084,0.08868008131802083,0.19680458138633025,-0.24650745049701095
2274,51902124,i,3,0.5459848278748439,0.08576692086507898,0.163084382869785,2.6071391952370813,0.5459848278748439
2275,51902124,r,5,0.4502395478077126,0.05161393445519441,0.45796454033271294,4.283102537410484,0.4502395478077126
2276,51902124,u,3,-0.21304503542754516,0.012559755231374953,0.20118330881097574,0.5521500442673931,-0.21304503542754516
2277,519144,g,2,-0.03946201496046603,0.024231445540303265,0.024231445540303265,0.03235757996251379,-0.03946201496046603
2278,519144,i,4,0.5671795298615289,0.06039175771953198,0.17134545200454443,1.4098807534685975,0.5671795298615289
2279,519144,r,4,0.5991967136497685,0.02398568318858818,0.06407071716556434,3.390562207267126,0.5991967136497685
2280,51972232,g,2,-0.0964428846876203,0.010541836819018102,0.010541836819018102,0.10777873259843943,-0.0964428846876203
2281,51972232,i,4,0.384206520298816,0.06854972944451498,0.16820718641532412,1.212800192249357,0.384206520298816
2282,51972232,r,3,0.2731790385907131,0.0836979354029872,0.2046569949116251,1.218614319267853,0.2731790385907131
2283,51972232,u,2,-0.12842021010143287,0.24734149936045802,0.24734149936045804,0.23965062563931275,-0.12842021010143287
2284,51972621,r,5,0.5778404509995566,0.05552041098039995,0.06476234867156028,1.354514208627635,0.5778404509995566
2285,51972621,u,4,0.549000801960585,0.07273113706699463,0.17705237359871567,0.7752749317101871,0.549000801960585
2286,52025230,g,3,0.18639613163506397,0.2351789630524852,0.30457403749053863,0.07093118206606112,0.18639613163506397
2287,52025230,i,7,0.455902360416893,0.055172307255647646,0.0888113491275212,2.065318439278165,0.455902360416893
2288,52025230,r,8,0.4596795579995555,0.027440794255171902,0.05499168915076191,4.6842176165725045,0.4596795579995555
2289,52025230,u,2,-0.12391038153197263,0.018836021423339858,0.01883602142333987,0.18828255331210064,-0.12391038153197263
2290,52065492,g,3,-0.06971011602365079,0.030017639180179245,0.05493309586075107,0.06745131104863811,-0.06971011602365079
2291,52065492,r,4,0.4420942993981455,0.05925646063867901,0.13263405456625055,1.355942181979732,0.4420942993981455
2292,52065492,u,3,0.07258918106800091,0.020789221755075388,0.027840844120028158,0.038752943154678206,0.07258918106800091
2293,52078294,i,6,0.37133933691600335,0.12742255431785227,0.22863793695703094,1.9896702529277037,0.37133933691600335
2294,52078294,r,7,0.3521673609258414,0.04905426406132879,0.0743114021318323,2.230514630148555,0.3521673609258414
2295,52082526,g,6,-0.2894924650453813,0.1365967629877371,0.21390840058653948,0.393090527507852,-0.2894924650453813
2296,52082526,i,8,0.2859697535143568,0.07243453217465157,0.27036508625126077,0.8964111537978584,
2297,52082526,r,8,0.3074865097310923,0.047130908336289246,0.09906235695698704,1.128153302402879,
2298,52084209,g,4,0.2807587569521001,0.11223258454621798,0.42751415542738525,0.7306349367701118,0.2807587569521001
2299,52084209,i,2,0.8223502122608313,0.04827105326929382,0.04827105326929382,3.5334443447705195,0.8223502122608313
2300,52084209,r,5,0.8376626842593581,0.052895754371483084,0.09727574897316327,1.9690109457705334,0.8376626842593581
2301,52089912,g,2,-0.19022169889643678,0.03530116601318481,0.03530116601318484,0.12911936649717232,-0.19022169889643678
2302,52089912,i,2,0.4892359463455181,0.12255807829647752,0.12255807829647758,1.2669579943068672,0.4892359463455181
2303,52089912,r,9,0.4705374251542406,0.10206132874414348,0.19592729638250966,3.093985113756457,0.4705374251542406
2304,52089912,u,3,-0.07189592705217732,0.03967532396037321,0.1181733726070143,0.20938122983520221,
2305,52101740,g,2,0.12503601106684045,0.16498894225689778,0.1649889422568978,0.14766564984041108,0.12503601106684045
2306,52101740,i,7,0.6599493006911273,0.1085540719239888,0.3240736873438601,4.9176932491657555,0.6599493006911273
2307,52101740,r,3,0.5227681709611215,0.08533610240642753,0.2550684881860586,7.762192073027786,0.5227681709611215
2308,52255147,g,2,-0.14555248997362755,0.02759588686204087,0.027595886862040897,0.15813199956009164,-0.14555248997362755
2309,52255147,r,7,0.22382447099948954,0.06442067374315358,0.1759151824475926,0.432477108332115,0.22382447099948954
2310,52255147,u,2,0.04226408635404992,0.018029328973234213,0.018029328973234213,0.010033790742001388,0.04226408635404992
2311,52368292,g,7,-0.11223446554934649,0.05887110639841517,0.10257579635759062,0.17606073380785206,-0.11223446554934649
2312,52368292,r,7,0.29829427436424405,0.03489453923314001,0.13520708347714464,1.167330610202305,0.29829427436424405
2313,52483025,i,5,0.5000354528207731,0.07775101894402225,0.22720029488005034,1.4895755227204845,0.5000354528207731
2314,52483025,r,5,0.3795881754868598,0.017700346833113778,0.15507105321145037,2.892330753685054,0.3795881754868598
2315,52557676,g,4,0.006573938474145585,0.02283004399550327,0.4154566888218433,0.646337768080287,0.006573938474145585
2316,52557676,i,3,0.7789967425179611,0.08126684121109617,0.19559262256327759,1.8590261279572313,0.7789967425179611
2317,52557676,r,6,0.5172942003785382,0.048085737137401774,0.09068664282075495,5.96069030168411,0.5172942003785382
2318,52615348,g,4,-0.3013954158203389,0.038771498304972396,0.050260420158539654,0.1452776146380644,-0.3013954158203389
2319,52615348,i,3,0.4847417340996024,0.042166392919591345,0.07577727621672381,2.0272458076846536,0.4847417340996024
2320,52615348,r,4,0.44111547125955597,0.04241760502224484,0.10161710792719508,0.5102644134207063,0.44111547125955597
2321,52671234,g,8,-0.0824544065914445,0.10022699317358687,0.3280022618099174,0.366207601012622,-0.0824544065914445
2322,52671234,i,6,0.6797610923130417,0.17851298584278708,0.3136660276274372,1.1111429415134182,0.6797610923130417
2323,52671234,r,10,0.31854180746188565,0.021025998235323307,0.040097579072046474,2.184897794202502,0.31854180746188565
2324,52671234,u,3,0.29416060250744325,0.08268283503190452,0.12635671445198743,0.7714051610579405,0.29416060250744325
2325,52894492,g,6,-0.09585897510535789,0.02681208321449273,0.05163991570555948,0.21448161823332304,-0.09585897510535789
2326,52894492,i,5,0.8209787786522326,0.0330331702851574,0.08218367031817186,2.99178705330695,0.8209787786522326
2327,52894492,r,11,0.6515707496692582,0.2234842211062329,0.5401224897793451,4.370541137456932,0.6515707496692582
2328,52894492,u,2,-0.17711721146859855,0.23880930368577463,0.23880930368577466,0.1578787861529064,-0.17711721146859855
2329,52907152,g,3,-0.0373610775699138,0.00912071671089082,0.028246854057605714,0.05787261400776206,-0.0373610775699138
2330,52907152,i,3,0.7507773827248586,0.007763179902896322,0.048492451345343635,9.047394347792398,0.7507773827248586
2331,52907152,r,6,0.42250841522645777,0.042955398844401776,0.07331947205992334,2.5162115639479543,0.42250841522645777
2332,52907152,u,2,0.16791989520445977,0.028412450606950634,0.028412450606950634,0.2529963904563226,0.16791989520445977
2333,52950459,i,6,0.36594013539391634,0.04194896998844316,0.07496564699058705,2.149125236267928,0.36594013539391634
2334,52950459,r,4,0.5340835463576393,0.08277912682954502,0.15426235719547,2.309176927114904,0.5340835463576393
2335,5313173,g,3,-0.11968225912118996,0.0017364535473676779,0.00648345692484556,0.37939519552414147,-0.11968225912118996
2336,5313173,i,10,0.7944370803074122,0.3331501482666904,0.6904266699739949,1.861061570917839,0.7944370803074122
2337,5313173,r,7,0.725185449052127,0.36683064497397116,1.158938847311743,3.8333976296833905,0.725185449052127
2338,5326800,i,5,0.5237256776405916,0.015073493488372502,0.028151029564212005,2.2486133730905293,0.5237256776405916
2339,5326800,r,6,0.6339186822628248,0.04981349531769064,0.0996352197991508,1.5905106495364454,0.6339186822628248
2340,53295324,g,5,-0.07208455293338345,0.04550541069737202,0.0660493872318576,0.031605680512800896,-0.07208455293338345
2341,53295324,r,3,0.5066020948253049,0.13682596457860408,0.19582107997308923,0.9151742949043157,0.5066020948253049
2342,53295324,u,2,-0.03137545710754264,0.0008987181848021386,0.0008987181848021386,0.0023493117549708595,-0.03137545710754264
2343,53473542,g,3,-0.06693583792184529,0.005263713543154219,0.03212759600856263,0.025515619727392243,-0.06693583792184529
2344,53473542,r,8,0.06200389132398004,0.07079335056298708,0.12057596090528924,0.19030261969464823,0.06200389132398004
2345,53473542,u,2,0.5775542376880145,0.010529708652746106,0.010529708652746161,1.7934331255753293,0.5775542376880145
2346,53536398,i,4,0.5025731807577007,0.2069085600263274,0.39664517344328737,1.4102564567904619,0.5025731807577007
2347,53536398,r,9,0.34720998577760337,0.07841888565377564,0.30114185513936675,2.7451111909879398,0.34720998577760337
2348,53536398,u,4,-0.12388559278124661,0.010431359651658659,0.018524012080372063,0.20924319486272,-0.12388559278124661
2349,53553024,g,4,-0.17573344977974123,0.047540690811592345,0.0738881373325708,0.06487552752966337,
2350,53553024,r,5,0.49278291765002047,0.05924537285308451,0.09451848597271961,0.8460935868120731,
2351,53580234,g,4,-0.23416174115157662,0.037943732361461924,0.060074883029234694,0.16755168669817694,-0.23416174115157662
2352,53580234,i,2,0.6544522476998964,0.014529774175690735,0.01452977417569079,1.4382414626214786,0.6544522476998964
2353,53580234,u,5,-0.19728792753267077,0.10564662084140708,0.20643520663601078,0.12619772786740804,-0.19728792753267077
2354,5358972,g,4,0.07612311447410186,0.02489826422743724,0.07827239152674977,0.03980320063751943,0.07612311447410186
2355,5358972,r,8,0.45668098000245083,0.06160128012510396,0.11425279351018847,0.5446899529491671,0.45668098000245083
2356,5358972,u,5,0.0022227021391366675,0.1160294179497876,0.18299478777510475,0.02404362477288941,0.0022227021391366675
2357,5375348,i,3,0.4596331666364094,0.05731568326637693,0.08099134882003617,0.5470261858666121,0.4596331666364094
2358,5375348,r,5,0.5696026938915093,0.02834072613580574,0.03976470670425902,0.8945240413258512,
2359,5375348,u,4,-0.55715312162894,0.01287198565583636,0.024535854061237705,0.7751123961903497,
2360,53799115,g,2,-0.6533027665447314,0.25802579608994736,0.25802579608994747,0.6132873470965662,-0.6533027665447314
2361,53799115,i,6,0.39761467541658724,0.061234373878098464,0.09896739785764025,0.9420701404742756,0.39761467541658724
2362,53799115,r,4,0.400512655518675,0.05846721875268976,0.2775256687740761,1.5801566298494223,
2363,53799115,u,3,-4.240628048081862,0.06606682577730627,1.2328757886886867,18.4929111863386,
2364,53833028,g,3,0.11316526650454037,0.04014363724803982,0.16623216950319503,0.05044170165555301,0.11316526650454037
2365,53833028,r,4,0.18600546186302339,0.06881237292309868,0.12263839560372955,0.20701378343136062,
2366,53833028,u,3,0.14911128795653034,0.3291325664803339,0.3443576594377501,0.27981589495836495,0.14911128795653034
2367,54063950,g,3,-0.04501094719911375,0.028613104171522352,0.029475652775855787,0.05144100186614479,-0.04501094719911375
2368,54063950,i,6,0.5668434917923861,0.0463285559662622,0.0720218839684591,2.3991646833230598,0.5668434917923861
2369,54063950,r,6,0.5141694135771167,0.06601244250057725,0.12252570040788202,4.6005116863878515,0.5141694135771167
2370,54063950,u,2,-0.20500040878805595,0.006561961793698806,0.006561961793698778,0.593506063406088,-0.20500040878805595
2371,5407513,g,6,-0.23585150070263958,0.13915834884454747,0.2940382225766872,0.23504554986892215,
2372,5407513,i,6,0.5279341369341555,0.05956269685324206,0.09122806976209852,1.6318219806925047,0.5279341369341555
2373,5407513,r,6,0.3825911831895172,0.06502019760517583,0.1246186342032708,2.246448277761728,
2374,54119246,g,3,0.0345954354249256,0.1344454272534169,0.14177141123276835,0.10022814807784326,0.0345954354249256
2375,54119246,i,3,1.1455223626037798,0.020933481513244034,0.17430418854556795,3.3595197188463573,1.1455223626037798
2376,54119246,r,4,0.6533623491740158,0.026709507362925045,0.09096660270892332,1.60100990002013,0.6533623491740158
2377,54119246,u,2,0.028421655433143733,0.0318025461261956,0.0318025461261956,0.00639601465403691,0.028421655433143733
2378,54155725,g,2,-0.172859042583827,0.004746984599141413,0.004746984599141413,0.36267082722391586,-0.172859042583827
2379,54155725,i,3,0.4150564882713878,0.09551023299440292,0.18872853859422,1.1370286250074175,0.4150564882713878
2380,54155725,r,8,0.6468135197937281,0.22271187695552802,0.3821914116012841,0.5563853695363294,0.6468135197937281
2381,54155725,u,2,-0.9292886676205315,0.13581252069845806,0.13581252069845795,1.6215031606600245,-0.9292886676205315
2382,54157837,g,6,-0.00583562086191514,0.051785714764856376,0.11682915593274425,0.048685271814901086,-0.00583562086191514
2383,54157837,r,4,0.19154006591780492,0.042971715310540184,0.09917823532200878,0.5483484085680367,0.19154006591780492
2384,54157837,u,4,-0.13386127836554704,0.08937162568972361,0.3657715462613493,0.5191521851264398,-0.13386127836554704
2385,54160904,g,5,-0.02749033751015245,0.029350040508313385,0.05021153651730306,0.010018908450252304,-0.02749033751015245
2386,54160904,r,4,0.4691486927140383,0.09159054716091974,0.12126166891280066,0.7723815570858353,0.4691486927140383
2387,54160904,u,2,0.028229790278765696,0.06889868587349564,0.06889868587349565,0.017890447295822013,0.028229790278765696
2388,541789,g,4,-0.16982824607658303,0.03516063761451545,0.15433583707326587,0.41193779753394266,-0.16982824607658303
2389,541789,r,7,0.23370139829324627,0.06379315455818241,0.11686392074322977,0.9079788166315605,0.23370139829324627
2390,54236719,g,2,-0.0018513724810804433,0.021300821947728504,0.021300821947728504,0.00271604513490954,-0.0018513724810804433
2391,54236719,i,6,0.5674156897219158,0.15142346092745954,0.3684768568261199,5.009742149126802,0.5674156897219158
2392,54236719,r,9,0.4532375834925441,0.100378223231405,0.16409298123469368,2.2367194270943807,0.4532375834925441
2393,54272674,g,2,-0.06451277085820278,0.018949291414975755,0.018949291414975755,0.01923046918900981,-0.06451277085820278
2394,54272674,i,7,0.5840400694224419,0.22475287137384758,0.433000269736547,2.079496503019333,0.5840400694224419
2395,54272674,r,3,0.5963762665666102,0.04778594724238194,0.13028037827612926,1.0162860353575713,0.5963762665666102
2396,54280197,g,2,0.7345349393997391,0.011718024136393446,0.011718024136393446,1.161198552573739,0.7345349393997391
2397,54280197,i,2,1.0315344946108862,0.3193822573827212,0.3193822573827213,4.310121790473065,1.0315344946108862
2398,54280197,r,5,0.6060012598066428,0.11034099336325898,0.11814760400877522,1.7733691445261102,0.6060012598066428
2399,54280197,u,2,0.41093998027607526,0.14071607590914004,0.14071607590914004,0.5798864925077544,0.41093998027607526
2400,54343727,g,4,1.1552599443506253,0.21384982690993082,0.40356471912823655,1.446907150923659,1.1552599443506253
2401,54343727,i,5,0.4322073767637843,0.024250125188411742,0.0705771438601015,0.2931739667603554,0.4322073767637843
2402,54343727,r,3,1.2496400976533404,0.16259353451499736,0.3921811254794776,1.267454786198331,1.2496400976533404
2403,54368109,g,4,-0.3392303480043818,0.13978077534672184,0.6085567449036768,1.6191684474552315,
2404,54368109,i,7,0.7327914086488587,0.07437352631056915,0.13363637743316592,3.4001992674858994,0.7327914086488587
2405,54368109,r,10,0.29113743826198124,0.04504527448719939,0.0780694538957773,0.44164828467161843,
2406,54368109,u,3,-0.15033438261859983,0.026283125317537737,0.5949097892541817,1.1849482745589965,-0.15033438261859983
2407,54374533,g,3,-0.42277834164649386,0.058798505938256196,0.20416240271544656,0.15049388308712766,-0.42277834164649386
2408,54374533,r,5,0.04805791561921546,0.0405042015295487,0.08021983370015784,0.015262316424617159,0.04805791561921546
2409,54374533,u,2,-0.9574456373409979,0.20669286605046255,0.20669286605046244,1.596313329679042,-0.9574456373409979
2410,54462700,g,2,-0.018539175291994198,0.08013711555799138,0.08013711555799138,0.12787671938412193,-0.018539175291994198
2411,54462700,i,4,0.6246216142831084,0.056196796826165685,0.1187052528703344,4.24876549433678,0.6246216142831084
2412,54462700,r,6,0.4953062057485696,0.08023827113301893,0.15535929593759634,4.222564995163492,0.4953062057485696
2413,54506481,i,4,0.73591589726852,0.04800306291050671,0.13127722070853576,4.755730271341443,0.73591589726852
2414,54506481,r,5,0.5118428735971513,0.025326170054943142,0.04451707185717141,0.6624381536769555,0.5118428735971513
2415,54506481,u,4,-0.41590805013503684,0.13338022486548262,0.2640013352696121,0.4860178744798751,-0.41590805013503684
2416,54541063,i,5,0.19172178220929226,0.036150357606785866,0.12052271982247192,0.32821119819213257,0.19172178220929226
2417,54541063,r,6,0.20148418278952074,0.10995843620436113,0.17243094196482872,0.5486682028826101,0.20148418278952074
2418,54564994,g,2,-0.2419148337550624,0.02295939068716124,0.02295939068716124,0.2248635584078761,
2419,54564994,i,13,0.6196795474323697,0.02813357091409796,0.1394866627344803,3.3674645011832234,
2420,54564994,r,6,0.3415433716780505,0.010781037123447468,0.01682714044627681,0.44477077160781436,
2421,54696561,g,3,-0.04744162850274103,0.013227026542079523,0.018491065254501365,0.007131517996591098,-0.04744162850274103
2422,54696561,i,3,0.5846743030353154,0.12072593456317171,0.44015799267454514,6.1929731681944675,0.5846743030353154
2423,54696561,r,8,0.7343999552303919,0.03407405055822754,0.07040756833030548,1.1872467229227395,0.7343999552303919
2424,54696561,u,4,-0.30183775502276433,0.03641915055612582,0.07131590106376412,0.24514274325348015,-0.30183775502276433
2425,54701616,g,4,0.0003913997551635018,0.06419564590956867,0.13694361435658475,0.030408496854538766,0.0003913997551635018
2426,54701616,r,5,0.31448735295883185,0.10725234342837292,0.14462688685760217,0.8302105145285925,0.31448735295883185
2427,54701616,u,2,0.3838370672344992,0.13891743723402372,0.13891743723402372,0.5738429606996718,0.3838370672344992
2428,54767555,g,5,-0.6306955950112565,0.1527619756907158,1.677135263027508,3.396276418121315,
2429,54767555,r,3,0.006960816897288183,0.1281504184798794,0.148446115615551,0.03807863457795243,
2430,54881828,g,3,-0.43865824175037327,0.10461134534890348,0.17366093072141903,0.28109854284382707,-0.43865824175037327
2431,54881828,i,6,0.5620319823659637,0.02506282913682889,0.11680276208857165,7.382549313612674,0.5620319823659637
2432,54881828,r,5,0.34018296491264793,0.04827036880749719,0.1773989985316059,3.0059014708763816,0.34018296491264793
2433,54999704,g,10,0.012831959153749045,0.029159706796315688,0.052842596337456284,0.039785951303137355,0.012831959153749045
2434,54999704,i,3,0.778477683542193,0.020193211480176942,0.2636059160922263,3.53906240850275,0.778477683542193
2435,54999704,r,9,0.395661125411462,0.07207056365584563,0.10768865843820608,2.332201506957047,0.395661125411462
2436,54999704,u,2,0.8248072211433568,0.18583263389568838,0.18583263389568838,5.3313867903099466,0.8248072211433568
2437,5503079,i,5,0.6198356394445325,0.14293575990732565,0.17694791532643128,0.9977064496351012,0.6198356394445325
2438,5503079,r,4,0.4787018059390855,0.053036402934250576,0.09439601405257037,0.9952816519153569,
2439,55107642,g,6,-0.1804764529709868,0.0329646421295222,0.052538405009646044,0.5151065955666264,-0.1804764529709868
2440,55107642,i,2,0.4601401217537293,0.02633289335252051,0.02633289335252048,1.8001849258453082,0.4601401217537293
2441,55107642,r,7,0.405284694405558,0.1357149712339769,0.19492303950047932,2.4495597049415556,0.405284694405558
2442,55107642,u,4,-0.015459239905610569,0.05459608365251125,0.09831961934322755,0.06364016773469347,-0.015459239905610569
2443,55178988,g,6,-0.07409173069512921,0.035393960579057304,0.06512544746100625,0.1357488626110458,-0.07409173069512921
2444,55178988,r,5,0.4342706231273413,0.04578952797122671,0.08348920583069774,2.8362230998826647,0.4342706231273413
2445,55178988,u,2,-0.04359602700944009,0.0288363790828017,0.028836379082801695,0.017688441813013885,-0.04359602700944009
2446,55281930,i,5,0.8530655162054448,0.3088079064947884,1.3230038794335468,3.185844449937293,0.8530655162054448
2447,55281930,r,7,0.8973581940543082,0.3067332755117269,0.7156276743146952,3.4199145818627485,0.8973581940543082
2448,5528262,g,4,0.6044046873980953,0.07999523147346665,0.1096663952532625,0.6929356415912367,0.6044046873980953
2449,5528262,i,6,0.5929380356464633,0.14388594481580802,0.22259679893589374,2.7904644428284553,0.5929380356464633
2450,5528262,r,3,0.41849301990206783,0.03818536710572634,0.04292031282710268,5.353489968832314,0.41849301990206783
2451,5528262,u,2,0.1904039560291495,0.04928308949424043,0.04928308949424043,0.09322926629219842,0.1904039560291495
2452,55300697,i,6,0.6534398597946722,0.0721293201328369,0.1128910606773822,5.060944253621014,0.6534398597946722
2453,55300697,r,5,0.38381914966453873,0.04382243522701601,0.18400284227936642,3.39288933841122,0.38381914966453873
2454,55307431,i,8,0.5162281779927033,0.12509549840926903,0.2376445588401076,2.3763928005536807,0.5162281779927033
2455,55307431,r,6,0.6469047440459071,0.30055377692809193,0.5495468372675972,2.8728543225308045,0.6469047440459071
2456,55369976,g,3,-0.25694160278071043,0.00982666145030664,0.04197727438808496,0.11596719910628255,-0.25694160278071043
2457,55369976,i,3,0.35279823007922634,0.008603839199698482,0.08558161306890066,0.2397371076638076,0.35279823007922634
2458,55369976,r,3,0.3736380638702502,0.01382108572222529,0.03468326555199125,0.4297552288504985,0.3736380638702502
2459,55369976,u,4,0.03978710215569797,0.14756966856562131,0.3226912940996678,0.14808906240632436,0.03978710215569797
2460,55375896,g,5,0.27061419153990474,0.04973135340317414,0.06433021148328233,0.22315209005304762,0.27061419153990474
2461,55375896,i,2,0.9191133729208685,0.3718895139289479,0.371889513928948,1.318967496903199,0.9191133729208685
2462,55375896,r,6,1.197801080430073,0.21678440633938934,0.35075285054158156,5.596908792055399,1.197801080430073
2463,55397791,g,4,-0.26964390335939975,0.011342617891470397,0.04625280809524884,0.17308952909810943,-0.26964390335939975
2464,55397791,r,7,0.5630300186629074,0.21805638767867025,0.32555151304771757,1.4275628181145907,0.5630300186629074
2465,55400753,g,4,-0.12435367533735735,0.029485084321482946,0.14781325417346822,0.15722343797924077,-0.12435367533735735
2466,55400753,i,3,0.25788386107057215,0.14842983001176885,0.20941834697054623,1.314522312449056,0.25788386107057215
2467,55400753,r,7,0.06763808324207682,0.12083942047731355,0.1924764953814418,0.07714540609524752,0.06763808324207682
2468,55467504,g,2,0.024515297179740103,0.009523203498966404,0.009523203498966404,0.0014774035730481965,0.024515297179740103
2469,55467504,i,3,0.3281098026817779,0.30937426772380583,0.667915748831023,0.6288372942047719,0.3281098026817779
2470,55467504,r,7,0.3010443665779008,0.10286576940695266,0.115806508381533,0.4942098029075494,0.3010443665779008
2471,55467504,u,4,0.32523711048890414,0.03831539532666384,0.06823296747843266,0.6849765979525686,0.32523711048890414
2472,55533952,g,2,-0.09162943811255381,0.046185870271271245,0.046185870271271245,0.03941239029355934,-0.09162943811255381
2473,55533952,i,3,0.36745898054608944,0.0853775275680475,0.12320576280523615,0.5795911340609423,0.36745898054608944
2474,55533952,r,3,0.2454845891575593,0.008973318546670356,0.11585424014227097,0.3263937416182061,0.2454845891575593
2475,55533952,u,3,0.2158348220383065,0.09593440603879289,0.11922274026197893,0.17765554023945154,0.2158348220383065
2476,55571156,i,2,0.2587169096295327,0.2625013668773218,0.26250136687732184,1.3360252583385206,0.2587169096295327
2477,55571156,r,4,0.39680121467845997,0.02930182998289249,0.09327112914408126,2.7240497207144134,
2478,55571156,u,3,-0.6610742591222523,0.017556001627083706,0.07636593336799158,1.4313924450371507,
2479,55581013,g,2,0.06871434340573276,0.07937793571528409,0.07937793571528409,0.052494564830249016,0.06871434340573276
2480,55581013,i,2,0.30932140229860255,0.07653260934390023,0.07653260934390022,0.38031724854159116,0.30932140229860255
2481,55581013,r,8,0.4322164290611682,0.11998145052356257,0.22175935600023894,1.7226811157647766,0.4322164290611682
2482,55581013,u,3,0.2522139615053134,0.07762431832940997,0.129961247899667,0.5541598078057071,0.2522139615053134
2483,5570663,i,2,0.245311563591402,0.09093114226522042,0.09093114226522045,0.7885846840122728,0.245311563591402
2484,5570663,r,5,0.3439647260752785,0.02299153255043135,0.14655285100783422,1.5293442736956946,0.3439647260752785
2485,5570663,u,3,0.48323479284941434,0.45257604581162464,1.116547635312062,3.1159242525313373,0.48323479284941434
2486,55733939,g,2,-0.0026044341297717377,0.030441053846707478,0.030441053846707478,0.004339232834155906,-0.0026044341297717377
2487,55733939,i,4,0.21852019563105232,0.06722536924441708,0.1585457710093212,0.17602937899538698,0.21852019563105232
2488,55733939,r,5,0.4048876815492901,0.06002303905578876,0.07328526383423417,1.0924723276279493,0.4048876815492901
2489,55801220,g,5,-0.2731402567123178,0.24671405940244007,1.0983373866886978,1.818678036475712,-0.2731402567123178
2490,55801220,i,3,-0.29088604424929276,0.012306496006875278,0.16307690240144218,0.05910596495852977,
2491,55801220,r,7,-0.29461130484603415,0.2736101251866694,0.47360295920943113,0.1289346081180739,
2492,55801220,u,4,-0.4054168293250353,0.7550213436498863,1.542395544016195,1.8027938306614968,-0.4054168293250353
2493,55832125,g,6,0.08026597614037354,0.08366754104762522,0.15297575114949927,0.19518477435284523,0.08026597614037354
2494,55832125,i,9,0.630273785093653,0.27630747307618075,0.33659236795080727,2.4687794677542456,0.630273785093653
2495,55832125,r,9,0.4939987960789412,0.08337992087224172,0.2084674629719956,5.610080351595551,0.4939987960789412
2496,55832125,u,3,0.2552365929848488,0.06186600903997075,0.0947910277391788,0.4143711769736153,0.2552365929848488
2497,55844556,g,2,0.31208364699087965,0.05372779527483576,0.05372779527483579,0.3820241706528546,0.31208364699087965
2498,55844556,r,5,0.6386665280058103,0.0631451666422207,0.4506480438861147,8.415194757418789,0.6386665280058103
2499,55844556,u,4,0.38192427133862716,0.016188658135896428,0.0661604756552911,1.578920952216107,0.38192427133862716
2500,5586230,g,3,-0.17543161671266733,0.034732949995369716,0.19769865919668544,0.24141955154936076,-0.17543161671266733
2501,5586230,i,5,0.7279348273025009,0.034299652455291874,0.05850083706838172,5.952588788674701,0.7279348273025009
2502,5586230,r,10,0.3406794841633371,0.048979996759884126,0.31303682678059497,0.9015908611777528,0.3406794841633371
2503,5586230,u,3,-3.239629860481962,0.22015689659815862,0.2823255645604763,13.108116850997583,
2504,55880818,g,5,-0.08277293338340025,0.02615432731576564,0.030447050243600893,0.09095703416325321,-0.08277293338340025
2505,55880818,i,4,0.8225924081284193,0.02986975980489026,0.04741094253628897,6.797938888961619,0.8225924081284193
2506,55880818,r,9,0.3907974716167065,0.05098952228784637,0.08144615461762583,1.2906877759107753,0.3907974716167065
2507,55880818,u,2,0.08824438004517941,0.022000460185965673,0.02200046018596566,0.03660549141411536,0.08824438004517941
2508,55901487,i,5,0.5844991291109876,0.09691867334514265,0.13422364719943852,2.187378957213049,0.5844991291109876
2509,55901487,r,5,0.1841130226320173,0.0166991954826973,0.016959271697066153,0.30761191942279664,0.1841130226320173
2510,55937361,g,2,-0.5287313526018722,0.37335129333400113,0.3733512933340012,0.5330596013909268,-0.5287313526018722
2511,55937361,i,6,0.25408716249750757,0.08192612296683302,0.15730687033719165,0.48963268887763856,0.25408716249750757
2512,55937361,r,10,0.0575313912504531,0.028937308822449596,0.1432531063194551,0.15631074418189356,0.0575313912504531
2513,55937361,u,2,0.2621111243956559,0.14470545616916025,0.1447054561691602,0.6797087192118413,0.2621111243956559
2514,55959037,g,4,0.29276068388846066,0.15580409381187207,0.32607341961303843,0.17092066862339006,
2515,55959037,i,5,0.43274813058297706,0.0709192055434224,0.1299708773659745,1.7158541252613368,
2516,55959037,r,6,0.49689956883963027,0.011933024905672801,0.20181692501771242,6.875292256342249,
2517,55959037,u,5,0.24287075909879557,0.020158895083881856,0.024961046880891874,1.4683901715766694,0.24287075909879557
2518,56039134,i,4,0.34971463112005075,0.09415696097927843,0.20783815533677608,2.5810614483584944,0.34971463112005075
2519,56039134,r,5,0.5998560711041249,0.0895386986062271,0.09553897758782526,5.931731166769493,0.5998560711041249
2520,56039134,u,5,-0.5077976601003487,0.048731049356542044,0.12092292517494696,0.6043901392147306,-0.5077976601003487
2521,56078961,g,4,-0.0893153505460019,0.027522977787720865,0.1333377158693979,0.1701704229004182,-0.0893153505460019
2522,56078961,i,4,0.6122579482430304,0.11161063548512376,0.26182839091440413,5.02632494836204,0.6122579482430304
2523,56078961,r,6,0.3930287241041457,0.03605573198641551,0.0637008035480171,1.7529773691995676,0.3930287241041457
2524,56078961,u,2,0.08783033150202244,0.02428333713113867,0.02428333713113867,0.06405110307294268,0.08783033150202244
2525,56129439,g,4,-0.10749230113460741,0.016943069903349706,0.04165587261986896,0.2714204008634741,-0.10749230113460741
2526,56129439,i,6,0.25691201679095477,0.04244905394585172,0.06657687182687899,0.45828154085220535,0.25691201679095477
2527,56129439,r,7,0.3635694469172744,0.06706310554451705,0.1316401938926291,0.7860534401781603,0.3635694469172744
2528,56129439,u,2,-0.08661764978439707,0.011223605006501061,0.011223605006501047,0.1170434448344577,-0.08661764978439707
2529,56215862,g,2,-0.26746042892854877,0.0088656857322435,0.008865685732243445,0.27249524147645554,-0.26746042892854877
2530,56215862,i,5,0.54815385116463,0.04990989291008574,0.16540213244891083,2.5416005046378634,0.54815385116463
2531,56215862,r,12,0.2837730071398405,0.04402388111481548,0.08202886123910902,0.6043903205513635,
2532,56215862,u,5,-0.03512504819242268,0.12308137006175487,1.253058835079145,1.2111161782022568,-0.03512504819242268
2533,56325351,g,3,0.39405699656752935,0.07190294561225974,0.09938826572638004,0.15974935021836092,0.39405699656752935
2534,56325351,i,3,0.4934735072897843,0.03556934902811126,0.11504576248026271,3.5079103009631596,0.4934735072897843
2535,56325351,r,2,0.7939375645459423,0.256505798261029,0.25650579826102893,7.865936923459279,0.7939375645459423
2536,56325351,u,3,0.07356742478701839,0.018900817641047896,0.23630199272387487,0.2379114886859538,0.07356742478701839
2537,56376335,g,3,-0.22247447161018147,2.8374182858448282e-05,0.39031353454892814,0.513931366506866,-0.22247447161018147
2538,56376335,i,10,0.5285423138682226,0.08299061476687439,0.13869883723647397,2.020886350937138,0.5285423138682226
2539,56376335,r,9,0.18164558841634415,0.021299250910717438,0.03270610393711165,0.20709591416142908,0.18164558841634415
2540,56499070,g,3,-0.20445260613730276,0.044228146980376304,0.3918660834554818,0.40631502740765507,
2541,56499070,i,2,0.702305879047211,0.03195253278263449,0.031952532782634546,4.525227028263192,0.702305879047211
2542,56499070,r,6,0.5100405497580912,0.027426211524036348,0.04430851520674656,0.745913844941475,
2543,56499070,u,3,0.03352369479681136,0.04993054322441473,0.0745085114133851,0.013929339243017945,0.03352369479681136
2544,56505789,g,3,-0.1537196495215955,0.009233206440996733,0.02464055393401085,0.4547617027553101,-0.1537196495215955
2545,56505789,r,4,0.44313284391759855,0.03024222525917894,0.04822638649297262,2.722803315282171,0.44313284391759855
2546,56505789,u,5,-0.13320459171424567,0.10050824717242277,0.14503321105999778,1.3069637808220107,-0.13320459171424567
2547,56517545,g,3,0.016034183967061688,0.1742180771029206,0.327053283313721,0.31505033933798515,0.016034183967061688
2548,56517545,i,8,0.7304898813480027,0.08975041204993839,0.20748320016641253,3.088183004592007,0.7304898813480027
2549,56517545,r,4,0.9511248722644212,0.28645460556092994,0.36920672250571474,3.7736925089314757,0.9511248722644212
2550,56568308,g,4,-0.0779459359659532,0.0395037147814485,0.059592301273888454,0.12038899900540334,-0.0779459359659532
2551,56568308,r,7,0.44474699203489415,0.06168991529281237,0.2147012787282973,1.7405437465482254,0.44474699203489415
2552,5657199,g,3,-0.3732926888200959,0.07392254070588078,0.20814329217717856,0.10844690729517505,
2553,5657199,i,3,-0.16618058078614106,0.10455513499575486,0.39082607058427615,0.7157397573661403,-0.16618058078614106
2554,5657199,r,4,0.2997640303718274,0.1911261788214218,0.2772099797130818,0.4184061334651732,0.2997640303718274
2555,56581821,g,2,0.3223972287804649,0.012959325081399353,0.012959325081399409,0.36728043930538357,0.3223972287804649
2556,56581821,i,3,0.6128028842441641,0.3017696753895204,0.30559539381073786,1.6669163443377661,0.6128028842441641
2557,56581821,r,4,0.6216498606563381,0.06726137102950064,0.20591945389384303,2.6147177229965752,0.6216498606563381
2558,56581821,u,2,0.14935901583886518,0.028782176832212583,0.028782176832212597,0.1284102481267369,0.14935901583886518
2559,56641694,i,4,0.6099712219484417,0.07348303347628837,0.14275700564123417,3.002892527503441,0.6099712219484417
2560,56641694,r,6,0.48583103691250684,0.017682029296997775,0.1815706739124412,5.299026134621377,0.48583103691250684
2561,56641694,u,2,-0.07298632654228311,0.021968985968992646,0.02196898596899264,0.09564243786241396,-0.07298632654228311
2562,56939062,g,3,-0.024366843723636317,0.05551628859477181,0.06022145522074625,0.06359782649592476,-0.024366843723636317
2563,56939062,r,7,0.2506539182107052,0.09016493966995692,0.1598584097355531,0.9305408081755259,0.2506539182107052
2564,57171994,g,2,-0.013687480309957,0.01167075499019498,0.01167075499019498,0.011999119669405315,-0.013687480309957
2565,57171994,i,5,0.23418733379136208,0.20934807060894045,0.3137175817011498,1.2276737648357252,0.23418733379136208
2566,57171994,r,5,2.0465097136834633,1.3942831505390534,3.297991172697885,8.01225413303437,2.0465097136834633
2567,57171994,u,4,1.1152713967233037,1.0745682503074592,2.166261629200909,3.798755893162196,1.1152713967233037
2568,57244641,i,6,0.5697145966084671,0.13390024354962254,0.21587201874811912,2.815330252482384,0.5697145966084671
2569,57244641,r,6,0.2675896397859677,0.06264737449801043,0.09622748054646799,0.5811483575580235,0.2675896397859677
2570,57321804,g,3,-0.025930334649608033,0.07335076062146301,0.6013200407376453,0.5422521027996279,
2571,57321804,i,6,0.5543738634563996,0.14027300991917116,0.2337794709889029,1.5573753985683716,0.5543738634563996
2572,57321804,r,8,0.56220195301279,0.1681888243967806,0.8752709911321761,2.8706920278618693,
2573,57321804,u,3,-0.11689585957524143,0.0010514155500902511,0.00631385398125793,0.21135806435456103,
2574,57369128,g,3,-0.14799534475851595,0.050055501151613335,0.07555910179087708,0.27877651801243064,-0.14799534475851595
2575,57369128,i,7,0.7414034588133482,0.038544542828479966,0.17156966419786002,6.198506240076294,0.7414034588133482
2576,57369128,r,10,0.3206552090959852,0.04934569722800919,0.09987550835877951,1.7279789151580185,0.3206552090959852
2577,57376740,i,3,0.9932242990088727,0.3097506122068403,0.4666390882414202,1.246869521038013,0.9932242990088727
2578,57376740,r,5,1.0532504088431323,0.30351536379375843,0.6396124966297827,1.601592564444378,1.0532504088431323
2579,57376740,u,2,-0.29523853123323807,0.011002238476675252,0.011002238476675252,0.19196607169587915,-0.29523853123323807
2580,57512223,g,2,-0.15540129065949604,0.012844095385966967,0.012844095385966953,0.3963973523296046,-0.15540129065949604
2581,57512223,i,2,0.4449991497088259,0.012121361890021637,0.012121361890021609,0.8753521567457629,0.4449991497088259
2582,57512223,r,7,0.41593445215082975,0.030181454125676743,0.0864979560774159,2.0074881302051337,0.41593445215082975
2583,57512223,u,2,-0.21263595569731208,0.002957468715298478,0.0029574687152984502,0.5761100783557299,-0.21263595569731208
2584,57624671,g,3,-0.1859024319039581,0.038339786892533756,0.039041326919564745,0.15567616203353077,-0.1859024319039581
2585,57624671,i,2,0.6652235635044537,0.057941577473785644,0.05794157747378559,2.6613914583699843,0.6652235635044537
2586,57624671,r,6,0.47518251997188937,0.06637859400130822,0.10523003347132237,1.6423369626392084,0.47518251997188937
2587,57624671,u,3,-0.17532493172040078,0.005000052301388447,0.04882333521164356,0.15933843161490538,-0.17532493172040078
2588,57771939,i,6,0.6646360327086179,0.2022630288458415,0.3504111862549223,2.2812566996267254,0.6646360327086179
2589,57771939,r,4,0.42736403531773415,0.11087502309959066,0.13453292661860894,0.44432257404606235,0.42736403531773415
2590,5779383,g,3,0.23449984432575482,0.009782092595192471,0.18497768119528157,0.38865576631122006,0.23449984432575482
2591,5779383,i,5,1.010988601748613,0.23198597780323382,0.4615864342262218,2.7268665766215614,1.010988601748613
2592,5779383,r,8,1.0484777281763318,0.17148614425602654,0.4114589887948914,3.554781437580928,1.0484777281763318
2593,57902218,g,5,0.09713009604282596,0.042727654115440605,0.11872630814159085,0.12046463132631353,0.09713009604282596
2594,57902218,r,5,0.629580045809933,0.15690165003970308,0.2220977899031133,6.181248013358243,0.629580045809933
2595,57906572,g,5,-0.31212407555357646,0.16744159584572937,0.28517644633023453,0.22039974514005892,-0.31212407555357646
2596,57906572,r,8,0.31262479274050986,0.13608944965567382,0.21222866381130268,0.28320785971161155,0.31262479274050986
2597,5824250,g,4,0.34364086798026994,0.25730076032725957,0.5191514195302127,0.18484124539423896,0.34364086798026994
2598,5824250,i,3,0.6978486063964614,0.15791549974036911,0.33725729692524287,2.2178373235102544,0.6978486063964614
2599,5824250,r,7,0.7519467840176282,0.06227277712488344,0.5206113280099485,3.6341345567389465,0.7519467840176282
2600,5824250,u,2,0.5455627772227584,0.001985657438797861,0.00198565743879775,3.6488940442364184,0.5455627772227584
2601,58372895,i,7,0.6470200071026867,0.16576961691158182,0.30321602681274257,2.1304118834087005,0.6470200071026867
2602,58372895,r,6,0.2031036952644818,0.07131797477483853,0.1819613720255667,0.6087644721448137,0.2031036952644818
2603,5839578,g,2,-0.06206975261112889,0.008530177711386464,0.008530177711386457,0.06357673778509494,-0.06206975261112889
2604,5839578,i,4,0.7558428119318717,0.011681105285300253,0.04013412472334821,2.8956294539606935,0.7558428119318717
2605,5839578,r,6,0.4322867252779063,0.06333031333369935,0.14726722845458973,1.172153782308273,0.4322867252779063
2606,58455366,g,2,-0.3778152475137637,0.1826571503839252,0.18265715038392522,0.41316016314547094,
2607,58455366,i,5,0.5767430087890785,0.01926201613610201,0.02822929543500019,2.3076726529636566,0.5767430087890785
2608,58455366,r,4,0.4291309789419848,0.016225114208576502,0.030357677222301926,0.8464079845816761,0.4291309789419848
2609,58455366,u,4,-1.1864771029394052,1.072455102147483,2.5302397081572336,6.8489061361317845,-1.1864771029394052
2610,58475863,g,2,-0.15623860697010677,0.018740058928640044,0.01874005892864003,0.7061525218006807,-0.15623860697010677
2611,58475863,i,7,0.6190134905798582,0.11059502919215203,0.16863942637535345,1.990253055357959,0.6190134905798582
2612,58475863,r,8,0.6075388599047881,0.18370368604028137,0.24310054049563035,2.1082295515869505,0.6075388599047881
2613,58530632,g,7,-0.07713973294754883,0.05112658099098488,0.14227275914398085,0.04725210859622426,-0.07713973294754883
2614,58530632,r,3,0.7184031173354292,0.0016447458680560745,0.07181035184679119,0.9376576646077902,0.7184031173354292
2615,58530632,u,3,-0.10178843168684854,0.06412711880420247,0.14309017612835673,0.059686538419411524,-0.10178843168684854
2616,5862622,g,2,0.24680445362895015,0.00439933215048989,0.004399332150489904,0.3839583907815065,0.24680445362895015
2617,5862622,i,4,0.6482466263934634,0.07223352905774394,0.12356806236526996,1.2702155137161788,0.6482466263934634
2618,5862622,r,3,0.6415298452919933,0.0956316576203814,0.11821280163808767,3.200962953471107,0.6415298452919933
2619,5862622,u,3,0.10607504275121665,0.0029141172924884162,0.015849503098853426,0.09279600223071949,0.10607504275121665
2620,58680262,g,2,-0.1021469564692339,0.02564522146138694,0.025645221461386952,0.3088456099252279,-0.1021469564692339
2621,58680262,i,3,0.42312788995073647,0.09740383073935766,0.2089073702859202,2.4707239561659944,0.42312788995073647
2622,58680262,r,5,0.36188601954298905,0.07996399306942531,0.4419020793431188,3.1979692070039105,0.36188601954298905
2623,58743054,g,2,0.8534613401275968,0.7388416918772187,0.7388416918772187,2.71937783537437,0.8534613401275968
2624,58743054,i,4,1.1941218738455641,0.3809365541739783,0.7097294912998748,4.233853051792536,1.1941218738455641
2625,58743054,r,6,1.6116591132591689,0.5223832636506713,0.9083888599293772,6.432476425652546,1.6116591132591689
2626,58778974,g,5,-2.2585838596139687,0.1082917290952099,0.11213861771636546,6.02673469802785,-2.2585838596139687
2627,58778974,i,7,0.1846661725588691,0.017657211209022305,0.04572880645289712,0.37451125750634756,0.1846661725588691
2628,58778974,r,5,0.00015049276332934625,0.03609619138192796,0.050619176423387396,0.012349130285029038,0.00015049276332934625
2629,58778974,u,2,0.2271069573880226,0.04949501061609758,0.04949501061609757,0.17688526174131494,0.2271069573880226
2630,58916378,g,3,0.20728452493933414,0.01943703823835602,0.0604106451477219,0.11585004327609927,0.20728452493933414
2631,58916378,i,6,0.3884093865036938,0.1312434470360554,0.3784214650158786,2.0134591450673347,0.3884093865036938
2632,58916378,r,5,0.7099947891516918,0.08782347588936834,0.12622522232460542,1.7746902098239556,0.7099947891516918
2633,5892416,i,4,0.578042377591104,0.11090331215719534,0.17707089578894242,3.652794889200127,0.578042377591104
2634,5892416,r,6,0.37402848342728234,0.07869628363501505,0.13809769289873564,3.011695638682166,0.37402848342728234
2635,59009968,g,4,-0.12621988699285208,0.011402694643241104,0.28432092603590525,0.561254447695947,-0.12621988699285208
2636,59009968,i,3,0.616176431991032,0.017508752803674144,0.09217096288291571,6.643999259455157,0.616176431991032
2637,59009968,r,6,0.3437990548892124,0.06681990717244768,0.10095300279408109,4.422724898016509,0.3437990548892124
2638,59009968,u,3,-0.07804805020518879,0.039209699674493295,0.04695886647341807,0.06668605396011318,-0.07804805020518879
2639,59151163,g,5,-0.15879564693640155,0.04266119195979021,0.09908222593806834,0.2354208828960589,-0.15879564693640155
2640,59151163,r,6,-0.03428578947266392,0.046885217545381594,0.07619193959925133,0.16004005880826047,-0.03428578947266392
2641,59154889,g,2,-0.8396312492899145,0.1594139114406461,0.1594139114406461,1.0623173985822636,-0.8396312492899145
2642,59154889,i,4,0.29957786838896266,0.15469900920285315,0.29881832444354806,0.6759427109767135,0.29957786838896266
2643,59154889,r,4,0.01166117568837012,0.07305673425789001,0.13566496832414354,0.1745895325036328,0.01166117568837012
2644,59234753,g,3,-0.9076321344009324,0.6544705735125678,0.759813648279626,1.852021007262465,-0.9076321344009324
2645,59234753,i,2,0.571638835719075,0.0757431721763574,0.07574317217635751,0.6525435198186804,0.571638835719075
2646,59234753,r,7,0.3039509470096161,0.057777198854270906,0.09318779052079657,0.3111448353371427,0.3039509470096161
2647,59234753,u,2,-0.025827891262156025,0.03697672501322373,0.03697672501322373,0.0071354050517321,-0.025827891262156025
2648,59235667,i,3,0.7050287087721784,0.057371813538675154,0.15702199862657518,9.114463846403348,0.7050287087721784
2649,59235667,r,6,0.4120460808370915,0.028014014210962168,0.0454617534601115,4.311650417793156,0.4120460808370915
2650,59235667,u,2,-0.6923418986374028,0.7821033972215241,0.7821033972215239,1.998924112500679,-0.6923418986374028
2651,59326435,g,2,0.028766315763366176,0.010224827910688447,0.010224827910688447,0.006549081952058277,0.028766315763366176
2652,59326435,i,5,0.5232178067514989,0.06804206559777537,0.08663811747406769,0.7686986499395543,0.5232178067514989
2653,59326435,r,6,0.3132434961781198,0.03315352233997207,0.05002118471515565,0.5925881034669807,0.3132434961781198
2654,59326435,u,2,0.6138823615002924,0.02629709770337857,0.026297097703378625,1.9797768053674183,0.6138823615002924
2655,59374215,g,6,-0.2975793413608642,0.08810665196601747,0.15957354612192776,0.15833008517175653,-0.2975793413608642
2656,59374215,i,5,0.5097206841653859,0.15269288623783206,0.19753706872797805,0.6656037674001822,0.5097206841653859
2657,59374215,r,8,0.4278112502264885,0.0486827265052201,0.08057278231903853,0.45862934638073505,0.4278112502264885
2658,59374215,u,2,-0.09810081296466605,0.013194126865135158,0.013194126865135158,0.02727365500873954,-0.09810081296466605
2659,59402531,g,5,0.021463480148974284,0.011094793939860986,0.012099123354487817,0.0760794758696147,0.021463480148974284
2660,59402531,i,4,0.5119092322044069,0.03924260306926944,0.08665123585113527,1.0433113693048957,0.5119092322044069
2661,59402531,r,7,0.41091237969684247,0.0607692635235112,0.10843019106766855,1.7362639199680518,0.41091237969684247
2662,59402531,u,2,-0.017905689476452005,0.02715585086529633,0.02715585086529633,0.011284306402694852,-0.017905689476452005
2663,59502913,g,2,-0.23465025953836605,0.0238367162074139,0.0238367162074139,0.07460095209829737,-0.23465025953836605
2664,59502913,i,3,0.41457496783725434,0.012156481317630918,0.017174998772675143,1.0803324588601841,
2665,59502913,r,3,0.4226320354010804,0.015468375372919896,0.03423218806396766,0.27773261756179024,0.4226320354010804
2666,59502913,u,2,-0.4635246655191527,0.022358150186194692,0.022358150186194692,0.5249402149224279,-0.4635246655191527
2667,59557317,g,2,0.5031562292363798,0.1831339596041242,0.18313395960412426,0.540916822595618,0.5031562292363798
2668,59557317,i,2,0.5919224332085142,0.25566001170947844,0.2556600117094784,1.930872656432399,0.5919224332085142
2669,59557317,r,5,1.1104787510215968,0.17018654834854297,0.18662300977385038,2.914920068395933,1.1104787510215968
2670,59557317,u,2,-0.028313594091195826,0.044071161312327245,0.044071161312327245,0.006503807134432149,-0.028313594091195826
2671,59610828,g,5,-0.04121666176241642,0.031023715218406217,0.04442037543894764,0.05295563210327113,-0.04121666176241642
2672,59610828,r,7,0.45164353339786106,0.0755468604861072,0.11875389542215031,2.8461223376344242,0.45164353339786106
2673,59749765,g,6,-0.12357700259086589,0.029365718185894077,0.04978921254913622,0.12913633100299604,-0.12357700259086589
2674,59749765,i,7,0.7339479402588641,0.08681567896893794,0.13861234043541204,2.0303627214855466,0.7339479402588641
2675,59749765,r,9,0.21102859732900478,0.06782562272589884,0.09938241237350018,0.47471094052617613,0.21102859732900478
2676,59749765,u,3,0.12550529870172705,0.00320189111833602,0.03180501884554472,0.08312408188449971,0.12550529870172705
2677,59754094,g,3,-0.013892989065185324,0.02482522081514857,0.04834801264341505,0.05664953321120833,
2678,59754094,r,3,0.21502397913166937,0.15407346073940964,0.19262381003096807,1.9624937364435429,0.21502397913166937
2679,5990161,g,3,-0.06211539297995944,0.005163367357273463,0.009054110475448962,0.010606966199901285,-0.06211539297995944
2680,5990161,i,2,0.8450930242093149,0.02466153546588007,0.024661535465880013,2.6529858255150742,0.8450930242093149
2681,5990161,r,7,0.6588625044195529,0.03355242558020377,0.08906776544204598,1.342199557623769,0.6588625044195529
2682,5997725,g,4,0.46803491235438754,0.1459523696783218,0.3599350204441543,0.2767481261708387,0.46803491235438754
2683,5997725,i,3,0.9399026278352622,0.0857928371629757,0.08817890301275855,1.5284135047232394,0.9399026278352622
2684,5997725,r,8,1.2250193139928582,0.4454930000791925,0.8991521042337637,1.9995262089284762,1.2250193139928582
2685,5997725,u,3,-0.9024118934615704,0.004487482548901189,0.03292146370597504,1.5338066282514653,-0.9024118934615704
2686,59979476,g,2,-0.10308254560020509,0.015499440701207387,0.015499440701207373,0.08988196825532488,-0.10308254560020509
2687,59979476,i,5,0.6636397804384216,0.10465153010744987,0.13615083527024907,7.9833133156753435,0.6636397804384216
2688,59979476,r,6,0.4176637737041831,0.05469725473047096,0.23210990053725783,3.566685775135852,0.4176637737041831
2689,60082076,g,5,-0.03960565927753257,0.07548306740242769,0.14427906314204977,0.045663060523581024,
2690,60082076,r,3,0.3170858276667176,0.141420197375086,0.1830160402364333,1.2764777761648765,0.3170858276667176
2691,60082076,u,2,0.04580736198256197,0.12494688753372168,0.12494688753372168,0.1292143827576661,0.04580736198256197
2692,60091919,g,2,-0.08388441792918994,0.005930039335114545,0.005930039335114545,0.014533486752756324,-0.08388441792918994
2693,60091919,i,7,0.6414149297297864,0.12801787049865432,0.3092251091472944,2.5160383132144384,0.6414149297297864
2694,60091919,r,4,0.5924795996805701,0.03140297661572056,0.05838723477902186,0.6610308613313256,0.5924795996805701
2695,60327113,i,4,0.6634829830704028,0.08975470163209248,0.16811840419992108,3.6710756203540713,0.6634829830704028
2696,60327113,r,6,0.4623640718541332,0.03209814040784803,0.04976421905184786,1.02894855048769,0.4623640718541332
2697,60327113,u,4,-0.1787644214344715,0.012196772644974263,0.038566462475349894,0.1410721886970139,-0.1787644214344715
2698,603375,g,2,-0.062427680047708545,0.017292939482876912,0.017292939482876912,0.027134264754011296,-0.062427680047708545
2699,603375,i,4,0.6492498734467814,0.03136855574308106,0.18780477769244053,6.00524685011917,0.6492498734467814
2700,603375,r,4,0.5572525460482289,0.016821008019652584,0.04793427905171033,3.0662356633366894,0.5572525460482289
2701,603375,u,2,-0.08257616489221793,0.009305224277140797,0.009305224277140783,0.031450170527574386,-0.08257616489221793
2702,60368475,g,2,0.028898265622249425,0.03967235380207604,0.03967235380207604,0.046612270984884574,0.028898265622249425
2703,60368475,i,4,0.6799816400400736,0.06412484521056039,0.15061659050569143,2.088639544285731,0.6799816400400736
2704,60368475,r,7,0.6998581011081785,0.08736661327330497,0.21392863064543066,2.5559284969328346,0.6998581011081785
2705,60368475,u,2,0.7535971298985102,0.04433854203234583,0.044338542032345774,1.3261592435726395,0.7535971298985102
2706,60471717,g,6,0.21712097114391082,0.06524481515441694,0.10785542545498591,0.643543469188956,0.21712097114391082
2707,60471717,r,4,0.4984059265189399,0.09612314338926425,0.20300034670295464,2.144421093866554,0.4984059265189399
2708,60471717,u,2,0.3333044101261163,0.09082780927924311,0.09082780927924305,0.7780764780853032,0.3333044101261163
2709,60471886,g,5,-0.705616760482815,0.007519063045140051,0.014203543294377674,0.830739423125863,-0.705616760482815
2710,60471886,i,3,0.6803975267210165,0.02278680887115636,0.02759248331602171,1.5901295881882493,0.6803975267210165
2711,60471886,r,5,0.4395501277788417,0.010687414690762731,0.013676122401070079,1.3712856575005195,
2712,60471886,u,2,-3.0076284016707726,1.263364888127611,1.2633648881276112,14.709159973047612,-3.0076284016707726
2713,60519119,g,2,0.060322826437017654,0.0698237920923198,0.06982379209231979,0.03280036102458588,0.060322826437017654
2714,60519119,i,6,0.40711611592418606,0.141303609378457,0.3626440858408622,2.9365721982564996,0.40711611592418606
2715,60519119,r,6,0.23042932669087984,0.08071604540298027,0.14967251274749926,0.5491689077078439,0.23042932669087984
2716,60550621,g,6,-0.008600409244406068,0.02700264716593878,0.06073244595847967,0.027207771256341842,-0.008600409244406068
2717,60550621,r,3,0.4370233215710371,0.14744214104862358,0.17983252414064133,3.1457230897167254,0.4370233215710371
2718,60550621,u,4,0.3861711094617505,0.023067263174192054,0.03637265196291867,1.0899219266507818,0.3861711094617505
2719,60552644,g,4,-0.5319131247040305,0.35991195562855094,0.7362590999518022,0.921750800777251,-0.5319131247040305
2720,60552644,r,5,0.3129393180599633,0.07431283937639932,0.09334360173929573,1.4675125628430081,0.3129393180599633
2721,60601814,g,5,-0.41386390262504713,0.09839794778023792,0.14942746256833067,0.3878137118669665,
2722,60601814,r,5,0.2156392759794536,0.07148501549247177,0.24259300763584818,0.3813484081039095,0.2156392759794536
2723,60629711,g,2,-0.18437956744888323,0.03156422042418133,0.03156422042418133,0.3130876296183084,-0.18437956744888323
2724,60629711,i,3,0.6361960502440246,0.05519701865805349,0.08683378935100217,4.261150949453993,0.6361960502440246
2725,60629711,r,6,0.4554439941005526,0.08284213746619701,0.18272825683622718,4.20866174155892,0.4554439941005526
2726,60629711,u,5,-0.1460519537680165,0.007037241864895266,0.5773645749153838,0.5913135435178863,-0.1460519537680165
2727,60765634,g,5,-0.03820769947181324,0.015015278652392827,0.2933048640309775,0.059854518460023196,-0.03820769947181324
2728,60765634,i,2,0.6321116649528116,0.1284431679496179,0.12844316794961796,6.285806265741562,0.6321116649528116
2729,60765634,r,6,0.2587709000510462,0.018272619660039027,0.04982325815962663,0.673277124607791,0.2587709000510462
2730,6076674,g,2,-0.1567728448878389,0.0031381714935511396,0.0031381714935511673,0.27040121159887376,
2731,6076674,i,11,0.7471073438253869,0.029378628386669603,0.07804273546313345,3.629683239700616,0.7471073438253869
2732,6076674,r,9,0.5107601884330181,0.09205313599713333,0.7935909575192287,1.5548598857451061,0.5107601884330181
2733,6076674,u,3,-0.12074714786827345,0.005019985322205184,1.4767075889978978,4.166485585845016,-0.12074714786827345
2734,60814791,g,3,-0.057768915876795474,0.07604920016411779,0.2549724178024555,0.1336103413143626,-0.057768915876795474
2735,60814791,r,10,0.1922727798211865,0.0877021611791583,0.16226144470233714,0.48821267408235025,0.1922727798211865
2736,60814791,u,5,0.1573273784388564,0.025444853998290495,0.04859101986257025,0.24591153203316138,0.1573273784388564
2737,60962656,g,2,0.0815808776945914,0.023100473946608593,0.023100473946608607,0.04397076894714019,0.0815808776945914
2738,60962656,i,6,-0.14058988235748762,0.12055283909156947,0.19129836828707017,0.5225969158203863,-0.14058988235748762
2739,60962656,r,9,0.12500974695173017,0.05187967289356851,0.17812643630552719,0.1482626985998901,0.12500974695173017
2740,60962656,u,3,0.1753437402612225,0.008149148517347105,0.04940199686222768,0.44403480752309193,0.1753437402612225
2741,60994247,i,5,0.36409137483188825,0.0246504869620342,0.11707033757154967,1.5038363004557425,0.36409137483188825
2742,60994247,r,7,0.6841633693974905,0.17132684718124458,0.35892392979699633,1.5876070504691941,0.6841633693974905
2743,61055769,i,5,0.5988192712552434,0.011397987986834113,0.027944078743250444,1.2441280336802918,0.5988192712552434
2744,61055769,r,7,0.39460410681817515,0.0208271906920644,0.026696312120721988,0.422050222544988,0.39460410681817515
2745,61173231,i,4,0.20661137713650585,0.026678222947527697,0.06550241468121804,0.6239533653324407,0.20661137713650585
2746,61173231,r,5,0.5535031668046532,0.10259510578276976,0.19659954596560114,6.973113932414579,0.5535031668046532
2747,61194685,g,4,-0.1270453753108724,0.02220558601854679,0.059756373629643256,0.18948392915922196,-0.1270453753108724
2748,61194685,r,10,0.3103965822372705,0.08625386465532835,0.15539645906961347,1.3474664114384964,0.3103965822372705
2749,61194685,u,2,-0.17118448987853102,0.22963318370580726,0.22963318370580732,0.15696827161443452,-0.17118448987853102
2750,61198797,g,5,0.02273164429486052,0.015261156498601991,0.028202319661553288,0.0034063532100467773,0.02273164429486052
2751,61198797,i,2,0.9884448424182696,0.0630131005312814,0.06301310053128151,3.1591433235285384,0.9884448424182696
2752,61198797,r,9,0.7900082064364039,0.14325582581034924,0.22786749909660053,1.9987231689311362,0.7900082064364039
2753,61441669,i,6,0.38164465735828246,0.06795471343629583,0.21529071300783886,0.8553824944875155,
2754,61441669,r,6,0.3003659354985769,0.05700315843945711,0.09969254883041712,0.3871080206819612,
2755,61625321,i,7,0.45049678709873786,0.05579063357020719,0.0777109398720125,1.7994655193353648,0.45049678709873786
2756,61625321,r,5,0.5309772570256446,0.03372079581558041,0.06808260946012334,1.266814299762751,0.5309772570256446
2757,61643661,g,5,-0.14352103655198012,0.016521012378267752,0.02201213569393176,0.33948268674968884,-0.14352103655198012
2758,61643661,i,4,0.8329915521767717,0.011330275866470063,0.03661193492372483,1.7640973573257672,0.8329915521767717
2759,61643661,r,3,0.5812627429953218,0.07555939069386719,0.16172283666472198,1.1637248309320667,0.5812627429953218
2760,61643661,u,4,-0.23865229245235042,0.18527862097329884,0.3655493487233403,0.2225000688936977,-0.23865229245235042
2761,61647283,i,6,0.5790760302979772,0.05888585930263632,0.15222455055151107,1.8038017165232876,0.5790760302979772
2762,61647283,r,6,0.6156934604744799,0.08965861427757593,0.15359921159527012,1.3948520001929026,0.6156934604744799
2763,61717962,i,7,0.7292376339338961,0.23885823884077995,0.3377177310093309,5.01534074241743,0.7292376339338961
2764,61717962,r,7,0.28314814506178326,0.05396351513410497,0.15851740045623666,2.150348316970965,0.28314814506178326
2765,61717962,u,3,-0.036418671227004845,0.0008605527209052111,0.0047070094628102535,0.013433416916450447,-0.036418671227004845
2766,617182,g,2,-0.18725568633347509,0.017189554852364536,0.017189554852364564,0.16620548270151453,-0.18725568633347509
2767,617182,i,5,-0.4584495516358586,0.013644251976104582,0.03284700542556046,1.6944089091725125,-0.4584495516358586
2768,617182,r,6,-0.06978260332395805,0.012948449958406827,0.03205463980669156,0.022872063229141013,-0.06978260332395805
2769,617182,u,2,0.27089998471045534,0.21240038779893017,0.21240038779893014,0.4436041136109806,0.27089998471045534
2770,61793883,g,5,-0.3223926135833386,0.23194621317747816,0.2442874545077523,0.16962515311541687,-0.3223926135833386
2771,61793883,r,5,0.2787309470637731,0.03342465570707659,0.04171657904426862,0.4394271600727862,0.2787309470637731
2772,61793883,u,3,-0.006229091662551811,0.13414981272610665,0.1553514460219923,0.06814916625668042,-0.006229091662551811
2773,61801365,g,2,0.12828278643277333,0.04334757301239009,0.043347573012390075,0.035799170407122174,0.12828278643277333
2774,61801365,i,5,0.7882973535387454,0.2266193564223995,0.555678678388396,0.7382129199398773,0.7882973535387454
2775,61801365,r,5,0.5760589140036446,0.09153076364524171,0.22520787922233082,0.677953700122434,0.5760589140036446
2776,61880429,g,4,0.061921781398849414,0.009598309171631833,0.02043793566868498,0.12906315152347433,0.061921781398849414
2777,61880429,i,4,0.4640336002909792,0.004132088606094514,0.03281894311182415,1.313483503923325,
2778,61880429,r,5,0.5765990761780901,0.017026171491427267,0.024535803788178545,10.22068528045691,
2779,61915902,g,2,-0.015615081789545848,0.05116571432873507,0.05116571432873507,0.0092424935315108,-0.015615081789545848
2780,61915902,i,4,0.8889380364096374,0.11833690384582007,0.22976478604059336,3.6070262348830493,0.8889380364096374
2781,61915902,r,8,0.684978369769127,0.11419298607667883,0.18056468100077894,1.8093962359845095,0.684978369769127
2782,61915902,u,2,-0.03432757205434367,0.0038399365050263423,0.0038399365050263423,0.003107614368567984,-0.03432757205434367
2783,61970599,g,3,-0.03285156435231998,0.07768729093071916,0.31933479808868803,0.26674425466786145,-0.03285156435231998
2784,61970599,r,5,0.22885852840835397,0.024160452571824087,0.04323142689195955,0.3788318011261004,0.22885852840835397
2785,61970599,u,3,0.4613335128473218,0.11548272662495229,0.16331993670788403,1.6927558247974233,0.4613335128473218
2786,62045831,g,2,-0.054988784415692604,0.04585502900105337,0.04585502900105337,0.06723154333844925,-0.054988784415692604
2787,62045831,r,6,0.354101203507207,0.06508211735734923,0.12120887569121835,2.6470805241904216,0.354101203507207
2788,62045831,u,3,0.16034157235187213,0.009720643492987735,0.1039249148758848,0.17830390508526076,0.16034157235187213
2789,6208358,g,2,-0.014667570583547354,0.01234305283986635,0.01234305283986635,0.00680966083859209,-0.014667570583547354
2790,6208358,i,5,0.8346734461304433,0.17961608456601397,0.349061004218601,7.236145540955621,0.8346734461304433
2791,6208358,r,5,0.48310039399304905,0.016026010375053024,0.027061976392856513,3.1872005903990526,0.48310039399304905
2792,6208358,u,3,0.31897425599203877,0.045559182136084286,0.08196182741418034,0.9209724513764544,0.31897425599203877
2793,62090741,i,5,0.44771854568260416,0.015570214971290297,0.02094029867463776,1.9732861075669548,
2794,62090741,r,2,0.4902047141104906,0.03292034116720213,0.03292034116720216,0.4671360378404602,
2795,62228699,i,4,0.502317626013613,0.029712025947397774,0.10380288914335362,1.515100565823496,0.502317626013613
2796,62228699,r,7,0.4621935239726885,0.06086937210190119,0.09997338494257046,0.6131738393159881,0.4621935239726885
2797,62228699,u,2,-0.10247209074934022,0.05015934287387519,0.05015934287387519,0.031073252843196838,-0.10247209074934022
2798,62307025,g,2,-0.27509386452207474,0.012112312406901027,0.012112312406901027,0.12104933100525181,-0.27509386452207474
2799,62307025,i,4,0.6200321441533454,0.09823951462912353,0.1554049989599381,2.671933720247151,0.6200321441533454
2800,62307025,r,9,0.377747079674373,0.23641132587831692,0.7313247093166971,0.8887068118183357,0.377747079674373
2801,62307025,u,4,-0.09296398830491051,0.22037422034074705,0.5191187556455036,0.28337749414025254,-0.09296398830491051
2802,62464356,i,7,0.7615868425357183,0.16184119146366793,0.2890935815078214,4.2457058571261745,0.7615868425357183
2803,62464356,r,4,0.6433850628242581,0.13902311315424246,0.2449650144839265,1.3101429204944148,0.6433850628242581
2804,62470965,g,6,-0.3851887196978537,0.3724779743844056,0.8381389906200535,0.7404291213702586,-0.3851887196978537
2805,62470965,i,5,0.5966386003605807,0.03066098440344589,0.05202923846438634,3.525666426539537,0.5966386003605807
2806,62470965,r,7,0.21441230325517371,0.08925536628847072,0.15642074622720772,1.0303628818645225,0.21441230325517371
2807,62470965,u,4,0.5567216657427856,0.18060355235555509,0.7738894400142505,2.47119992179944,0.5567216657427856
2808,62541768,i,5,0.22742772078476264,0.06452035308947196,0.09428969437560031,0.5219555858406475,
2809,62541768,r,4,0.43013701659377357,0.012807898233248266,0.04080761876972988,3.615307308173746,0.43013701659377357
2810,62547712,g,4,-0.12283687834739487,0.013934767936151116,0.4334523391373585,0.6619403121535751,-0.12283687834739487
2811,62547712,i,11,1.1479189666630696,0.38540038210789385,0.5000596052260686,2.822929817561088,1.1479189666630696
2812,62547712,r,9,0.5997207187537273,0.0798235367373108,0.1106985763365066,1.6044442950088607,0.5997207187537273
2813,62547712,u,5,-0.18577095914707342,0.015094687924986,0.023684203603200588,0.19645918153237948,-0.18577095914707342
2814,62596146,g,4,-0.0647761248713427,0.025280935341894406,0.06464605154709269,0.19800360909827552,-0.0647761248713427
2815,62596146,i,2,0.5838288790969665,0.28891200656134786,0.28891200656134797,3.65398392765189,0.5838288790969665
2816,62596146,r,4,0.40920702779011286,0.02700711138904663,0.048006361288562505,4.897536184745194,0.40920702779011286
2817,62596146,u,4,0.05863431335236084,0.02752429696422754,0.04723999778975171,0.04111550225218388,0.05863431335236084
2818,62621014,g,4,-0.8709900926499308,0.023508825105482245,0.06365376084079521,0.936125935572205,-0.8709900926499308
2819,62621014,r,8,0.27164448867827534,0.10785539490234444,0.1703356273457494,0.3832154645299528,0.27164448867827534
2820,62621014,u,5,-0.20123509648568438,0.17457637888439273,0.5160311353898975,0.5545986648452144,-0.20123509648568438
2821,62640068,g,3,0.038150905191283946,0.0085680329271558,0.020324238677077278,0.033272359847576594,0.038150905191283946
2822,62640068,i,4,1.7131218759468743,0.19149093722480437,0.3886187956087901,2.9905028319756233,1.7131218759468743
2823,62640068,r,4,0.6235976249551363,0.014866999716257767,0.043132703402476325,5.374884848701914,0.6235976249551363
2824,62715741,g,4,0.13935257422513714,0.05781504201756922,0.11722958605535125,0.09233418241418345,0.13935257422513714
2825,62715741,i,6,0.45648111606386427,0.09650504128726295,0.18145758542472756,1.3594776104002888,0.45648111606386427
2826,62715741,r,7,0.6089694971508371,0.0744002594167622,0.18081313152314726,2.5747148663620365,0.6089694971508371
2827,62715741,u,4,-0.09891371938681198,0.0017804802116739293,0.006716600631548247,0.07415790400586178,-0.09891371938681198
2828,62864887,g,4,0.46411595877038336,0.5211185468603061,1.034740517592878,0.4907669044239274,0.46411595877038336
2829,62864887,i,2,0.7575221645274565,0.05211468077636716,0.05211468077636705,1.6370568466425706,0.7575221645274565
2830,62864887,r,5,0.5808530568155313,0.046769934154656356,0.06927929522945797,6.94128581120961,0.5808530568155313
2831,62864887,u,3,0.24923846777957737,0.0997884736996345,0.5156528360333077,0.867752864448895,0.24923846777957737
2832,62915203,g,3,-0.025873027995914955,0.017814254848064648,0.03617740945214866,0.029271736634026078,
2833,62915203,i,6,0.45020952511109,0.13769069169845585,0.7952390371482057,1.5570924073525774,0.45020952511109
2834,62915203,r,10,0.4698458156975097,0.11555495991160158,0.5861129786933499,2.6318011319485803,0.4698458156975097
2835,62915203,u,3,-0.13898549917742242,0.025746427965242014,0.3557916469812613,0.4308771402039173,-0.13898549917742242
2836,62928875,g,4,-0.11328037191167356,0.02784578182420866,0.10773833122171313,0.1969079160515913,-0.11328037191167356
2837,62928875,i,8,0.7358429744438792,0.124607312949926,0.22228182397204366,3.54052994693669,0.7358429744438792
2838,62928875,r,7,0.32256728966252535,0.18665090990826055,0.2872195262176488,0.8391045806238867,0.32256728966252535
2839,62931411,g,5,0.008390266009603214,0.0514226301625785,0.09762467596558227,0.06103833998398096,0.008390266009603214
2840,62931411,r,4,0.4906289677962771,0.11137124701803053,0.18031158708606737,5.320587460299936,0.4906289677962771
2841,62931411,u,4,0.7414982971777924,0.0890262336902291,0.1444690517469578,5.966919322802573,0.7414982971777924
2842,63014911,i,6,0.5253816018785786,0.06484901907863291,0.13975942109535822,2.75212356456597,0.5253816018785786
2843,63014911,r,7,0.6358253441098268,0.19863703886438233,0.2983511689384756,1.5770531699959112,0.6358253441098268
2844,63014911,u,2,-1.417329033217043,0.1603478207193989,0.1603478207193989,3.3595660872219186,-1.417329033217043
2845,63109871,i,5,0.5009040715413339,0.08432371271968864,0.1279370510988902,2.2076135922092224,0.5009040715413339
2846,63109871,r,6,0.5619299854323601,0.018861507691428803,0.0822801488804703,0.539404327495215,0.5619299854323601
2847,63109871,u,3,-1.1956803299600567,0.13874501112993554,0.3560099852486247,1.9448310603483057,-1.1956803299600567
2848,63118367,g,5,-0.14419924014938174,0.07163933291343455,0.09669332696603761,0.12910366924530076,-0.14419924014938174
2849,63118367,r,4,0.4989016021419943,0.06310399692437316,0.08356761123314954,3.202460936327281,0.4989016021419943
2850,63118367,u,2,0.04680920739596143,0.010021708048009982,0.010021708048009989,0.01833916394402669,0.04680920739596143
2851,63133632,g,2,-0.14881349603973998,0.05961466495122429,0.05961466495122428,0.13657292928559148,
2852,63133632,i,2,0.13002498182154743,0.01945201848262168,0.01945201848262168,0.07235935959455547,0.13002498182154743
2853,63133632,r,4,0.31967821230774485,0.017662634166517283,0.03975826036056829,1.795690517187973,
2854,63133632,u,3,-0.027152460213490326,0.09249461312465879,1.186501369925082,2.1198023126077365,-0.027152460213490326
2855,63145591,g,2,0.7733109556521263,0.3729958985069599,0.3729958985069599,1.1599211371510216,0.7733109556521263
2856,63145591,i,3,0.29347610603099716,0.08643144487948029,0.13848338639266855,1.0432361707940605,0.29347610603099716
2857,63145591,r,4,1.1025157066509756,0.08597927208346845,0.15473790357491146,2.809594595236248,1.1025157066509756
2858,63145591,u,2,0.2545126973051357,0.0021199160264797623,0.0021199160264797623,0.15113257739517122,0.2545126973051357
2859,63159827,g,2,0.03445105997003865,0.0154876639562561,0.0154876639562561,0.02167870430011483,0.03445105997003865
2860,63159827,i,9,0.6171930258239826,0.024683154070338054,0.038442701747508634,1.3394268902898636,0.6171930258239826
2861,63159827,r,6,0.7272033323613265,0.07890325488443961,0.12700057271410736,5.011957942190638,0.7272033323613265
2862,6322109,g,2,0.6243126603157523,0.0690795600428446,0.06907956004284455,0.9879997498550868,0.6243126603157523
2863,6322109,i,5,1.0126031690267467,0.12520602404880132,0.5581728348742201,2.3843080748212473,1.0126031690267467
2864,6322109,r,4,0.7522015272057461,0.12717463356897812,0.18572929924240345,1.5836410434055506,0.7522015272057461
2865,6322109,u,4,0.8048943056939728,0.027826263311000687,0.07052478118931449,1.749874543840817,0.8048943056939728
2866,63237773,g,3,-0.017008727612022767,0.06125935144395428,0.13330667233762436,0.09174463991956801,-0.017008727612022767
2867,63237773,r,6,0.4684864352039317,0.10438171991756676,0.1726687156092926,2.2968376588988746,0.4684864352039317
2868,63237773,u,3,-0.6663532146537239,0.09783071309135183,0.21719225050276092,0.979395884545844,-0.6663532146537239
2869,6325603,i,8,0.6105214839346231,0.09707324771380971,0.19132850646939814,2.7934190777573833,0.6105214839346231
2870,6325603,r,7,0.7360250178694948,0.03874538867108179,0.06761255848882985,1.5057489803618938,0.7360250178694948
2871,63308140,i,4,0.7253352132235797,0.19446208977699436,0.38543063629953267,2.7379983735580313,0.7253352132235797
2872,63308140,r,5,0.6386593796002636,0.14980944847899202,0.15679997978017413,2.8113030028974983,0.6386593796002636
2873,63308140,u,2,-0.17875243466687907,0.03391106728002907,0.03391106728002907,0.3546630744069493,-0.17875243466687907
2874,63315028,i,4,0.7282495530101172,0.06758760142961667,0.10585058881710574,7.085885767902024,0.7282495530101172
2875,63315028,r,5,0.20268162398456294,0.014656271036056129,0.016431625409860928,0.5471483001415238,0.20268162398456294
2876,63315028,u,3,-0.2592271227451265,0.12776946139357842,0.17535451594568782,0.2698905208593345,-0.2592271227451265
2877,63428634,g,4,0.3773115974055422,0.3312587303417286,0.6609249584070739,0.5651056004371504,0.3773115974055422
2878,63428634,i,3,0.9106644071683025,0.003404302723496233,0.03744478664597661,5.224891508379848,0.9106644071683025
2879,63428634,r,7,0.808471341077221,0.04082025100549691,0.5955168118831011,3.382512648849043,0.808471341077221
2880,63456585,g,2,-0.06686908925165341,0.009552840809293028,0.009552840809293028,0.12059200753281757,-0.06686908925165341
2881,63456585,i,3,0.3223006403978311,0.05388081474909784,0.2042911249886996,1.4235431974256632,0.3223006403978311
2882,63456585,r,4,0.43012949602698436,0.06297196546046097,0.14867670352879198,3.7019701742448117,0.43012949602698436
2883,63456585,u,2,0.03386706252597696,0.04005779802643991,0.04005779802643991,0.03889768662361254,0.03386706252597696
2884,63467882,i,2,0.5418182938371309,0.07374328956844356,0.07374328956844356,1.7569231191470176,0.5418182938371309
2885,63467882,r,9,0.49761105625676194,0.04875656058387895,0.15632839448280067,0.4837514692025955,0.49761105625676194
2886,63467882,u,5,-0.9339329149340823,0.10606001669719989,0.1538851288885097,1.1778381128632565,-0.9339329149340823
2887,635682,i,4,0.6441938578854993,0.12213082438935774,0.26165009777482495,0.8136846777751372,0.6441938578854993
2888,635682,r,5,0.6198476842136784,0.07759779187675497,0.10894016284588204,0.7132952674739051,0.6198476842136784
2889,635682,u,3,-0.0847460175087712,0.005405947437934544,2.0616974731775826,7.964086760894378,-0.0847460175087712
2890,6366777,g,2,-0.04154638741553107,0.029395084442427333,0.029395084442427333,0.0056508056957252336,-0.04154638741553107
2891,6366777,i,2,-0.29267742448550305,0.012714605226247677,0.012714605226247677,0.4582028115127814,-0.29267742448550305
2892,6366777,r,7,0.03274224058935761,0.03576624007284375,0.05312255442777844,0.008125365048157475,0.03274224058935761
2893,6366777,u,2,-0.1661158370490932,0.05068118981397371,0.05068118981397368,0.07729104665701575,-0.1661158370490932
2894,63672483,g,3,-0.03763313896987314,0.006075754757366381,0.025379966625570016,0.01454799288604764,-0.03763313896987314
2895,63672483,i,2,0.6577183862606826,0.09238277582845,0.09238277582845011,7.587273521499464,0.6577183862606826
2896,63672483,r,5,0.34336829848431066,0.05060664249325936,0.06509485666277876,1.7522273607832362,0.34336829848431066
2897,63672483,u,2,0.02750887552555116,0.016628272830585003,0.016628272830585003,0.007846498258939648,0.02750887552555116
2898,6367678,g,5,1.2095758806107426,0.9650091737065121,1.6519166291689102,1.8504793208947787,1.2095758806107426
2899,6367678,r,7,0.43112335752812836,0.014303322600136503,0.7115327091087537,5.131303311660948,0.43112335752812836
2900,6367678,u,3,0.1330585058736448,0.003915058993154308,0.37420316018066446,0.355894385174381,0.1330585058736448
2901,63734940,g,4,-0.12275893988015497,0.025010749201042765,0.06877700019862848,0.284520590970326,-0.12275893988015497
2902,63734940,i,5,0.5055494255377662,0.03353557515978489,0.06125919824414283,4.310846252855539,0.5055494255377662
2903,63734940,r,11,0.4362692275977641,0.10801076461725012,0.3063976024916889,3.895522663098031,0.4362692275977641
2904,63749786,g,4,-0.023324157905329962,0.10880973495237922,0.23111950847582086,0.043293698309869705,-0.023324157905329962
2905,63749786,i,10,0.7337996848486519,0.2344759585312532,0.5772542756816886,1.719746483028969,0.7337996848486519
2906,63749786,r,8,0.6899179387896321,0.09197861984141964,0.14543560731927851,0.8084003793490281,0.6899179387896321
2907,63762241,g,4,0.05719346948090685,0.1945105674923429,0.3780402396353294,0.2678285779928433,0.05719346948090685
2908,63762241,i,4,0.6693707884686407,0.24712056921088213,0.45804547014277497,3.4827112971628473,0.6693707884686407
2909,63762241,r,3,0.2920674347170038,0.0887076756621416,0.382566414984596,2.3263763508369077,0.2920674347170038
2910,63779132,g,4,0.5096767291766402,0.4970876828269063,0.9946063923992727,1.0483467508579276,0.5096767291766402
2911,63779132,i,5,0.7317624920720258,0.10686447177442138,0.1412734958192059,4.060552595858509,0.7317624920720258
2912,63779132,r,4,1.0381450151495895,0.5103885848714355,1.0553021173076886,9.668895297919143,1.0381450151495895
2913,63803058,g,4,0.00758255740100966,0.02090578543903271,0.04622486440596568,0.005382862714542847,0.00758255740100966
2914,63803058,i,5,0.8387947533479551,0.10811201014884797,0.14164286363921696,2.704953004573113,0.8387947533479551
2915,63803058,r,7,0.9175920030540249,0.04589192804342801,0.19295972473317013,1.851051682143671,0.9175920030540249
2916,63808180,i,6,0.35603796369575724,0.04922447450519138,0.10225531709479652,1.2653214411847453,0.35603796369575724
2917,63808180,r,7,0.40588137020174153,0.048700786574427835,0.13281905656263215,2.311550689739676,0.40588137020174153
2918,63816260,g,3,-0.24992553956952426,0.05445059121255419,0.30139125574891745,0.8234354279931009,-0.24992553956952426
2919,63816260,r,7,0.26190937316425533,0.09004880140388422,0.13678461814842185,0.7807216769967003,0.26190937316425533
2920,63816260,u,2,-0.02815398397752405,0.08043423256687982,0.0804342325668798,0.055991305091713815,-0.02815398397752405
2921,63833792,i,5,0.7365573650907086,0.0726003146237798,0.4860839476209541,1.3414539947395911,
2922,63833792,r,3,0.5695431618301279,0.06789387319430096,0.4411324824046601,1.416184537075461,
2923,63880624,g,3,-0.193126936818937,0.11002503065043326,0.1808155191236081,0.41963082082461717,-0.193126936818937
2924,63880624,r,6,0.3191770219977682,0.05216334917326057,0.2035963617285152,1.4116714059891649,
2925,63947845,g,2,0.027855610489081695,0.12186656795120476,0.12186656795120476,0.13796706712048842,0.027855610489081695
2926,63947845,i,8,0.6418779099834546,0.11873553663738978,0.40580846393492676,1.6352691808569364,0.6418779099834546
2927,63947845,r,11,0.6276336312804597,0.13691439262619476,0.2586697396015469,2.815824966562667,0.6276336312804597
2928,63969397,g,2,-0.15234211893443095,0.05627756070846557,0.05627756070846557,0.03212798254569293,-0.15234211893443095
2929,63969397,i,6,0.6459945143726,0.13133667588402806,0.2584561718091273,4.49789848760167,0.6459945143726
2930,63969397,r,7,0.5981633631508027,0.12060101575682292,0.19845789945507553,2.105375134200218,0.5981633631508027
2931,64004804,g,3,-0.05484236686557223,0.04104540326797829,0.05493476624598233,0.05138326399159773,-0.05484236686557223
2932,64004804,i,2,0.6822879691158508,0.17865265206988917,0.17865265206988912,2.828513176338512,0.6822879691158508
2933,64004804,r,5,0.35427678055137557,0.229258103418447,0.24645809118829554,0.8243871090377229,0.35427678055137557
2934,64004804,u,2,0.22862829415907143,0.07503586431827132,0.0750358643182713,0.3347979628324404,0.22862829415907143
2935,64083260,g,2,-0.15893643828090848,0.02239951461217754,0.02239951461217754,0.06453251799099481,-0.15893643828090848
2936,64083260,i,3,0.8097974688288266,0.0025499577240676308,0.066982968583291,1.4208727731906319,0.8097974688288266
2937,64083260,r,4,0.659839354211728,0.011186457018725837,0.030569143877415383,1.0389977448062622,0.659839354211728
2938,64083260,u,2,-0.3270059425824097,0.0701819214714004,0.07018192147140045,0.32017195048721586,-0.3270059425824097
2939,64110927,i,6,0.6919462501398255,0.11457375970882655,0.21170479160679756,7.620577475160931,0.6919462501398255
2940,64110927,r,6,0.3833351973258832,0.04404784167751155,0.16824475826685903,4.639650590042655,0.3833351973258832
2941,6422825,g,5,-0.048548657292408426,0.022155497641013544,0.029175945797959568,0.010611628008097534,-0.048548657292408426
2942,6422825,i,6,0.5056852403565365,0.12324424412381108,0.1859585915250474,1.4010322037573246,0.5056852403565365
2943,6422825,r,8,0.6729035492511596,0.06598442249388653,0.1362704999799056,1.0798751996382614,0.6729035492511596
2944,6422825,u,2,-0.06075419460935019,0.10792177098179964,0.10792177098179964,0.03904543331687014,-0.06075419460935019
2945,64230953,i,8,0.4397664834666518,0.05535989377204842,0.07672814658278476,1.9833896013782648,0.4397664834666518
2946,64230953,r,11,0.1479865418324562,0.00847825719595835,0.020361847967350383,0.266834454915903,0.1479865418324562
2947,64230953,u,6,-0.6947446724747972,0.3051523299895358,0.8050437378060642,1.0634680666584158,-0.6947446724747972
2948,64251185,i,4,0.32492024630455696,0.04352645484619719,0.0798807013396623,0.9597761582760916,0.32492024630455696
2949,64251185,r,6,0.368689512343778,0.0666196513166738,0.12245378678921487,1.7491228519184432,
2950,64251185,u,2,0.22741453065858075,0.031185232469164506,0.03118523246916452,0.47510895754141347,
2951,6428442,g,5,-0.23521681749364776,0.012851760045636818,0.020142723798135198,0.07693930493363832,-0.23521681749364776
2952,6428442,i,8,0.4705159488728367,0.1278172825536552,0.23650370674853388,2.367616945755548,0.4705159488728367
2953,6428442,r,8,0.3818370817274103,0.05480008101686412,0.15611211769253086,1.451070241272866,0.3818370817274103
2954,64285671,i,7,0.567957259500514,0.16677459369669578,0.3765121709449152,0.677752774096005,0.567957259500514
2955,64285671,r,7,0.6284627273453443,0.2745501186580467,0.5158595922063632,0.7329467499417113,0.6284627273453443
2956,64292234,i,5,0.093585422988264,0.06412361074819473,0.11654236738088347,0.1623044824893638,0.093585422988264
2957,64292234,r,6,0.23053544434248655,0.15017632792694235,0.2959558555173322,0.18319390274053457,
2958,64365699,g,6,0.04605782337289267,0.1374881019941483,0.2957001354649323,0.1984852215317471,0.04605782337289267
2959,64365699,i,3,0.6545288011469734,0.12341939853357264,0.2921673208057083,6.769537444318104,0.6545288011469734
2960,64365699,r,5,0.4661182362803078,0.06750614181853298,0.1249561764010445,5.736429235644074,0.4661182362803078
2961,64365699,u,2,0.18516128588817768,0.1319381238837893,0.13193812388378928,0.448460218480574,0.18516128588817768
2962,64453218,g,2,0.2584561207138034,0.007627094831976405,0.007627094831976378,0.15029697774777637,0.2584561207138034
2963,64453218,i,7,0.15581946478550857,0.09166885227178068,0.18828960089742455,0.29779488139380855,0.15581946478550857
2964,64453218,r,5,0.421174865652,0.07451496163108912,0.074796786755358,0.30536536656796015,0.421174865652
2965,64550106,g,2,0.9654213747392144,0.0184675166096398,0.018467516609639856,1.1735756154373984,0.9654213747392144
2966,64550106,i,4,1.0648066500666191,0.07888577441779154,0.19755728268130301,4.403984162924988,1.0648066500666191
2967,64550106,r,4,0.8154404813325337,0.05691848889846174,0.2703418554132896,2.193660023336302,0.8154404813325337
2968,64550106,u,2,0.15010925036014333,0.22551726269586192,0.22551726269586192,0.14124072678301933,0.15010925036014333
2969,64697614,g,2,0.16879156638963805,0.010625895026900367,0.010625895026900367,0.08550344979886043,0.16879156638963805
2970,64697614,i,9,0.6091163812574363,0.1456352192928243,0.256705316489059,1.73822869882616,0.6091163812574363
2971,64697614,r,7,0.6646823535922126,0.029588289637311194,0.08817624188365025,2.0362257883779487,0.6646823535922126
2972,64697614,u,2,-0.21492812720219345,0.004064244105484685,0.004064244105484699,0.41816899208661007,-0.21492812720219345
2973,64752834,g,2,-0.12599059616051833,0.0724295832311217,0.0724295832311217,0.028335880135663516,-0.12599059616051833
2974,64752834,i,5,0.2712257302972265,0.04286870783403529,0.04915891268972794,0.6778489242209614,0.2712257302972265
2975,64752834,r,8,0.22983946430633234,0.019311397649493522,0.05013280327822456,0.7183409422390254,0.22983946430633234
2976,64752834,u,4,-1.2448494984948257,0.14374489021253978,0.31092869119946176,2.1549918328630526,-1.2448494984948257
2977,64788970,g,2,-0.1164915780582226,0.07532432058163815,0.07532432058163814,0.47137315147802783,-0.1164915780582226
2978,64788970,i,4,0.4371304188311793,0.0674625319687146,0.12158726997750735,1.5239137338770856,0.4371304188311793
2979,64788970,r,6,0.7152325007487108,0.16589768785600773,0.2621337671962952,1.2584554886253942,0.7152325007487108
2980,64788970,u,2,-0.33699177157551524,0.04714819130078446,0.0471481913007844,0.25311888219030987,-0.33699177157551524
2981,64834679,g,4,-0.28707940192667886,0.07080155155946079,0.11245204229494196,0.3075242611104475,-0.28707940192667886
2982,64834679,i,7,0.4883987146013242,0.05978277288958056,0.10410906325923813,1.6466004080699044,
2983,64834679,r,11,0.431174406076245,0.047713462104648996,0.08525194350935894,2.3848310625274562,0.431174406076245
2984,64834679,u,3,-0.4134095337738978,0.37977484263111355,0.7133522999584132,1.293006379589459,-0.4134095337738978
2985,64926310,g,5,-0.17611974730178293,0.04918992445029191,0.08702123192436906,0.09540159479916896,-0.17611974730178293
2986,64926310,r,4,0.4034336086418945,0.08274172576958028,0.16999863738682208,0.5666982685000043,0.4034336086418945
2987,64926310,u,2,-0.05985543265213625,0.06917620606936706,0.06917620606936706,0.026454875212554487,-0.05985543265213625
2988,65048603,g,6,-0.46009778393750134,0.2056168486561082,0.32604952854919467,0.3912853105660859,-0.46009778393750134
2989,65048603,i,2,0.727038152972588,0.009690892296047526,0.009690892296047582,1.4119177047109588,0.727038152972588
2990,65048603,r,5,0.37294369533595784,0.0574159928201467,0.1717369469513525,1.5965897046109594,0.37294369533595784
2991,65048603,u,3,-1.0170712805080544,0.23500504073898587,0.6431954010450567,1.6110219593203856,-1.0170712805080544
2992,65141456,g,4,-0.07769439279689377,0.005317415263384806,0.011282267139232444,0.006995464008776788,-0.07769439279689377
2993,65141456,i,2,0.45706142673289807,0.0004319894409569869,0.0004319894409569591,1.6589116151596057,
2994,65141456,r,3,0.28404895338350666,0.00813446825332631,0.09578930108394057,0.15556276177309356,0.28404895338350666
2995,65216303,g,2,-0.10376468559244562,0.00019042434849653178,0.00019042434849653178,0.11837922531877931,-0.10376468559244562
2996,65216303,i,6,0.9028307695049302,0.13288637380793433,0.22171494556634874,2.010838100578393,0.9028307695049302
2997,65216303,r,4,0.6903639874253003,0.06409799090409235,0.12493615734421726,1.4545806468862943,0.6903639874253003
2998,65342231,g,2,0.0777093559095513,0.0016432703320493625,0.0016432703320493625,0.0067560331678670005,0.0777093559095513
2999,65342231,i,7,0.2326559275712075,0.022773030790134985,0.043089812096200136,0.5196768626330276,0.2326559275712075
3000,65342231,r,5,0.4701870264142234,0.03615389267159114,0.06972437855226915,4.582096850043332,0.4701870264142234
3001,65366357,i,2,0.7635941914497726,0.285181119309472,0.2851811193094719,1.9376758741453388,0.7635941914497726
3002,65366357,r,5,0.47514148074120865,0.03880475917963078,0.0744758999754841,3.8142428104737425,0.47514148074120865
3003,65366357,u,3,-0.038650605367494525,0.015171183170917174,0.02449017234822804,0.03611447071119558,-0.038650605367494525
3004,65392493,g,4,-0.37265062790485853,0.052010558107449534,0.13362682947017668,0.19677640796100906,-0.37265062790485853
3005,65392493,r,3,0.12993431017186588,0.0047667697698385025,0.1174876245156325,0.18451650274821385,0.12993431017186588
3006,65392493,u,3,-0.08819018783827987,0.03393348271751667,0.13526707524954384,0.08216788252578718,-0.08819018783827987
3007,65397574,g,4,-0.04619754012084218,0.044116645501729806,0.08765610870782153,0.10233318848515875,-0.04619754012084218
3008,65397574,r,8,0.7520765039829801,0.03419487701017837,0.09741153821658077,1.4854442494711486,0.7520765039829801
3009,65448724,i,6,0.9391777678649718,0.4321472464898609,0.6587631967310518,3.376763689993146,0.9391777678649718
3010,65448724,r,6,0.9474956153788352,0.5349645200221486,0.9794137434864061,2.9099103478414734,0.9474956153788352
3011,65451097,g,7,-0.35446685240447173,0.11623965569598782,0.17316521040858673,0.4199875450152283,-0.35446685240447173
3012,65451097,r,3,0.47942772502435427,0.08516989194755364,0.1652363295588034,0.9712484768389965,0.47942772502435427
3013,65821503,i,8,0.7417856046770754,0.09612488292281962,0.16860939651730744,3.53942969730213,0.7417856046770754
3014,65821503,r,9,0.482925718505486,0.16296154687084913,0.22146895604881983,2.2800852472450903,0.482925718505486
3015,65977268,g,2,-0.1017078903362352,0.018572816119236196,0.018572816119236196,0.08777967751805037,-0.1017078903362352
3016,65977268,r,5,0.34035148356001654,0.007986352505122696,0.01595184356364099,0.857599199547383,0.34035148356001654
3017,65977268,u,4,0.12716806615539544,0.014709612333454261,0.029524642253810574,0.07938371433320869,0.12716806615539544
3018,6608307,g,3,-0.0005168764525444458,0.004157374876794739,0.02112542069618195,0.0009872982303981276,-0.0005168764525444458
3019,6608307,i,3,0.4611083661625291,0.3740641748447067,0.43925485939212827,0.5872064028358888,0.4611083661625291
3020,6608307,r,5,0.5692066015175143,0.06853841862466592,0.08758226530590096,0.7608337190395893,0.5692066015175143
3021,66121531,r,6,0.3577828967651212,0.07387675700224719,0.18346896498191828,3.968996787088399,0.3577828967651212
3022,66121531,u,4,-0.09324240780844942,0.03337017598180633,0.08186379571159615,0.09826439544217619,-0.09324240780844942
3023,66156120,g,2,0.0061091780966714,0.020741499381573505,0.020741499381573505,0.00773492391577692,0.0061091780966714
3024,66156120,i,5,0.7878604436520137,0.10932526903833828,0.21448427886346288,4.533736931139258,0.7878604436520137
3025,66156120,r,3,0.3626591721868221,0.067495552016963,0.1369742505252871,2.4955391725950538,0.3626591721868221
3026,66178820,g,3,-0.12044208879944565,0.00540798890315794,0.05536605725195959,0.20413114165204846,-0.12044208879944565
3027,66178820,i,4,0.7218321852599969,0.03347775222568744,0.07829844275172837,3.403294303554366,0.7218321852599969
3028,66178820,r,7,0.43347096529082674,0.045596908536251535,0.1049309243931078,3.7344390248467043,0.43347096529082674
3029,66247982,g,6,-0.14362646368090792,0.08815805711329322,0.15821350913410978,0.07979927125362656,-0.14362646368090792
3030,66247982,i,3,0.5141165633162172,0.08118680674740064,0.2944787673596708,2.688667034764221,0.5141165633162172
3031,66247982,r,7,0.4093730969410034,0.03814244563847219,0.09960760795919527,0.49163831060091073,0.4093730969410034
3032,66247982,u,2,-0.06461209295243786,0.054623404832429,0.054623404832429,0.01815625798213584,-0.06461209295243786
3033,66256945,g,5,-0.13577883925312847,0.07922109311176864,0.1057143171065508,0.5346275719729642,-0.13577883925312847
3034,66256945,r,6,0.34427996921364246,0.05629049580098916,0.23130466170402972,1.2393181924242722,0.34427996921364246
3035,66256945,u,3,0.01880726795302723,0.046134809865546356,0.0644958268055276,0.03299229447726245,0.01880726795302723
3036,66308151,i,8,0.5089749547897009,0.19876988379672822,0.6187211359108332,2.4729605592392163,0.5089749547897009
3037,66308151,r,4,0.37265037901259124,0.02319335305192466,0.30666324498502495,5.513880865242924,0.37265037901259124
3038,66354109,i,6,0.5320040563988875,0.06992063878048585,0.46332101467627357,4.511542104085986,0.5320040563988875
3039,66354109,r,3,1.1875584724530364,0.08665294271021873,0.1562164391721077,3.508617569004285,1.1875584724530364
3040,66380008,i,6,0.17940788036749084,0.05247419541120163,0.08477552412398598,0.14425512128497817,0.17940788036749084
3041,66380008,r,4,0.26554282410024194,0.09876041253468498,0.16660923085195137,0.2181507508981993,0.26554282410024194
3042,66409020,g,2,0.40385334987203503,0.220063211219649,0.220063211219649,0.2955933053079337,0.40385334987203503
3043,66409020,i,3,0.4813661666996848,0.013300663180496664,0.08351724617487222,1.0609439127655955,0.4813661666996848
3044,66409020,r,5,0.7713061236775745,0.010080455671616306,0.01307741460928813,2.4100726760933235,0.7713061236775745
3045,66542539,g,2,-0.08745424615090139,0.0184170446825212,0.0184170446825212,0.15152461429435526,-0.08745424615090139
3046,66542539,r,5,0.32557812549380394,0.1905877492621043,0.21410410368009247,2.2615929316611796,0.32557812549380394
3047,66542539,u,3,0.0226989570890513,0.0074830871157531426,0.06026189157821448,0.024999556896152398,0.0226989570890513
3048,66625055,i,5,0.1317347027976163,0.10449284275010423,0.16823656987332108,0.07424864188422109,0.1317347027976163
3049,66625055,r,5,0.45315025511747586,0.0757371921474782,0.12031470053240256,1.1745005240678204,0.45315025511747586
3050,66625055,u,3,0.5891893670382025,0.04039765319515631,0.04487302064246179,2.158253742431185,0.5891893670382025
3051,66690950,g,2,-0.09102260978228284,0.004313876292722771,0.004313876292722757,0.13293921981482393,-0.09102260978228284
3052,66690950,i,8,0.567698668749772,0.059555155806681526,0.08902376461853878,5.502579071729398,0.567698668749772
3053,66690950,r,8,0.1319869686458115,0.014388174460723255,0.0235746887098833,0.3914991071881919,0.1319869686458115
3054,66698298,i,9,0.5515789859623581,0.04753314668167974,0.06759622028333256,1.5893142243577187,0.5515789859623581
3055,66698298,r,7,0.4983830204779907,0.017288183297703763,0.04919632420150366,0.643621630986436,0.4983830204779907
3056,66705351,i,6,0.4117347584847837,0.09908115991948227,0.15937225670143984,1.416027186370022,0.4117347584847837
3057,66705351,r,4,0.38743650440472543,0.00972036454361555,0.033618838263181405,0.3116580335264991,0.38743650440472543
3058,66705351,u,2,-0.6999021704885502,0.2321019374869619,0.23210193748696184,1.0432712286039783,-0.6999021704885502
3059,66716994,g,5,-0.13803921986477452,0.02142240916895477,0.027821858743116823,0.05770957664088723,-0.13803921986477452
3060,66716994,i,2,0.8511763623803044,0.0008375421605912869,0.0008375421605912869,2.8012143042560007,0.8511763623803044
3061,66716994,r,3,0.42728170161360746,0.061389049503977555,0.07309724854637822,0.5168230496522165,0.42728170161360746
3062,66716994,u,4,0.06093444949208879,0.04277015158629893,0.2420680172780571,0.3631476333725115,0.06093444949208879
3063,66733023,g,3,-0.12605107168335855,0.00048295728992714393,0.053843959742209846,0.24053429392517275,-0.12605107168335855
3064,66733023,i,4,0.06136809646197389,0.0951589299024882,0.18296369909875018,0.09147118497323056,0.06136809646197389
3065,66733023,r,4,0.14051176702369828,0.014886481683012598,0.03600366270884328,0.5979845495472702,0.14051176702369828
3066,66733023,u,2,0.31172884127288936,0.033653999532900464,0.033653999532900436,1.2315411376413663,0.31172884127288936
3067,66784786,g,6,-0.537251408471944,0.4122073306056161,0.8097075440855626,0.8789720379288802,-0.537251408471944
3068,66784786,r,6,0.24517896738020578,0.07315605243644024,0.11093923555915788,1.660365113277629,0.24517896738020578
3069,66804716,g,4,-0.13347720059650514,0.0301899690034709,0.12899931284860783,0.16319847872104534,-0.13347720059650514
3070,66804716,i,4,0.5518563169146979,0.09539091952684295,0.16620670071388582,1.944071918044845,0.5518563169146979
3071,66804716,r,6,0.3817310351799552,0.06744786824725502,0.10163332492558352,2.6457905481600084,0.3817310351799552
3072,66804716,u,2,0.21684548454237862,0.012465721293210372,0.012465721293210358,0.47757281519042993,0.21684548454237862
3073,66996297,i,7,0.8071060077481338,0.11267232812218142,0.23900778121025723,2.1217846208315394,0.8071060077481338
3074,66996297,r,5,0.6563975057502786,0.09561757124406856,0.18649409682329654,1.566500441445772,0.6563975057502786
3075,67166033,g,3,0.2060317235602569,0.06713599949145799,0.12876973724582919,0.07835689004236161,0.2060317235602569
3076,67166033,r,12,0.6494528873840149,0.08274002762812604,0.16748794726694116,1.5535084689204357,0.6494528873840149
3077,67166033,u,6,0.460769644710205,0.09012491474905271,0.26934439862044823,0.8063188249509533,0.460769644710205
3078,67218092,i,7,0.6263871186896678,0.1332602707227597,0.16084848166253163,4.676036407160366,0.6263871186896678
3079,67218092,r,7,0.6895164638410856,0.13936003432642774,0.2610101852701733,2.8553016962734423,0.6895164638410856
3080,67218092,u,3,-0.09613773106375141,0.012408082059521583,0.02837263048180541,0.051328849722028426,-0.09613773106375141
3081,6724782,g,3,-0.14250021901351506,0.03655703592283549,0.058380827212522274,0.08468142692218684,-0.14250021901351506
3082,6724782,i,5,0.5006778511899819,0.03250583743996216,0.04175349802280737,2.1745924716895475,0.5006778511899819
3083,6724782,r,6,0.4769411243186857,0.038655649382314916,0.058880897639805585,2.1037838513117157,0.4769411243186857
3084,6724782,u,3,-0.19605232862823643,0.0308260656232133,0.03292895201773821,0.25415763713461703,-0.19605232862823643
3085,67316624,g,3,-0.16618994046555857,0.009371424725117095,0.05098338034617661,0.05888585044730626,-0.16618994046555857
3086,67316624,i,4,0.4587387834627614,0.11013925345134334,0.20659724538415442,1.0206290066031771,0.4587387834627614
3087,67316624,r,6,0.5511917594190986,0.009980438795058166,0.016650937369352747,0.5713980791803234,0.5511917594190986
3088,67316624,u,3,-0.18922104033902798,0.12675834599860714,0.1524966144848161,0.1327888399351431,-0.18922104033902798
3089,6745189,g,5,-0.124538761559677,0.07675040190661489,0.12394769095180058,0.03496425308714572,-0.124538761559677
3090,6745189,i,6,0.4466078307785133,0.12530735440203244,0.19785424286591646,0.5470429509928686,0.4466078307785133
3091,6745189,r,7,0.5700508866272933,0.10017823860563835,0.2021983289764408,0.5693494690536982,0.5700508866272933
3092,6745189,u,2,-0.2700773142073961,0.03622299911678456,0.036222999116784615,0.28219012857741577,-0.2700773142073961
3093,67625987,g,2,-0.16172274183771607,0.19465289296006438,0.19465289296006436,0.06547764711183693,
3094,67625987,r,4,0.6324909629638399,0.04498802417270381,0.1353146232160427,2.0812646544899533,0.6324909629638399
3095,67726239,g,2,-0.03135967800610058,0.00023350641070631062,0.00023350641070631062,0.0131943474309818,-0.03135967800610058
3096,67726239,i,3,0.3895069018765776,0.09729353983938321,0.123207864155509,0.7507985631433017,0.3895069018765776
3097,67726239,r,4,0.40890618353013664,0.023569015625343942,0.036906894703697735,4.040635266377635,0.40890618353013664
3098,67726239,u,2,0.039144469370941716,0.011886426809124405,0.011886426809124398,0.02170092937838582,0.039144469370941716
3099,67780395,g,2,-0.7005261515586093,0.5981892797302015,0.5981892797302015,1.1963676540270307,-0.7005261515586093
3100,67780395,i,4,0.3335736658537756,0.11878329262293683,0.27029764509327636,0.9509054354295954,0.3335736658537756
3101,67780395,r,6,-0.11829060480675693,0.04835858430625639,0.07670844706831764,0.13012272693643204,-0.11829060480675693
3102,67784362,g,3,-0.14737967213865022,0.00026085441580386837,0.0206271724697836,0.368230119513649,-0.14737967213865022
3103,67784362,r,4,0.4559284494365498,0.030472582557376143,0.04694314214013012,3.867589163284822,0.4559284494365498
3104,67784362,u,3,-0.1332524179020389,0.02723493611772057,0.03271698617601031,0.16998061415795454,-0.1332524179020389
3105,6787620,g,4,0.08982697070353524,0.07491129175695999,0.1362690112887623,0.135398932426814,0.08982697070353524
3106,6787620,i,2,0.023492341768730024,0.002865085051201227,0.002865085051201227,0.0019234204524487,0.023492341768730024
3107,6787620,r,6,0.061988604304655776,0.11157760293903182,0.18188221576870328,0.3845142453195165,0.061988604304655776
3108,6787620,u,5,0.3682878874924357,0.06830978393554688,0.13299236654381952,1.9058062423864726,0.3682878874924357
3109,67934328,g,4,-0.49463210937150714,0.3590588340236084,0.9032141425743043,1.1722123771898711,
3110,67934328,r,9,0.18311814740878135,0.13099499874451176,0.15348469411027924,1.3844644358251406,0.18311814740878135
3111,67934328,u,3,0.19825741996996743,0.11542539498248143,0.1396837525367414,0.451909196113039,0.19825741996996743
3112,6795830,i,3,0.3556925593026842,0.03946175580115674,0.22025069075658665,2.531215692746656,0.3556925593026842
3113,6795830,r,6,0.1912290850128937,0.06721063379225595,0.19230976267080407,0.7590538281687084,0.1912290850128937
3114,68029643,g,3,-0.2596409056130302,0.031682389055135096,0.07789938792234075,0.13503009374692446,-0.2596409056130302
3115,68029643,i,7,0.38008105166052963,0.06693455561426437,0.11236886329245288,1.818858555328605,0.38008105166052963
3116,68029643,r,5,0.34116922605557354,0.01129566306883667,0.012146103981846346,0.3227911508694861,0.34116922605557354
3117,68072170,g,5,0.2659754555275099,0.04481821286652876,0.06073356418057585,0.12110045875200819,0.2659754555275099
3118,68072170,i,3,0.6544075722540164,0.12662539401697215,0.1361552165807839,4.489745576531421,0.6544075722540164
3119,68072170,r,5,1.00553836668136,0.01427235044766384,0.022333187447386327,1.7345070464527759,1.00553836668136
3120,68172095,i,7,0.363914381882974,0.0703194129267753,0.1532786454294976,1.2700322831617956,0.363914381882974
3121,68172095,r,4,0.7119608482238934,0.10602303132997387,0.22312104824378365,1.1603352027563334,0.7119608482238934
3122,68172095,u,2,0.12927077748093127,0.024729764155190098,0.024729764155190084,0.045876787199904207,0.12927077748093127
3123,68278324,g,5,-0.1851339575311719,0.020406712470698807,0.0330887002856369,0.09299680330952823,-0.1851339575311719
3124,68278324,i,9,0.08244245881459189,0.04024595975688777,0.05053173232713404,0.11453372850764937,0.08244245881459189
3125,68278324,r,6,0.27012989131884263,0.04768724231332594,0.13004019508266823,0.30838734691044395,0.27012989131884263
3126,68278324,u,2,-0.4549192686299013,0.04854341097436066,0.04854341097436066,0.5061597750948382,-0.4549192686299013
3127,68311237,g,3,-0.5523416969766317,0.12067895735808443,0.1260570192664553,0.3111362445498111,
3128,68311237,i,4,0.5968842672053932,0.027262055888700898,0.0735438187141958,0.8729997531031523,0.5968842672053932
3129,68311237,r,5,0.4358261950610859,0.08886652899345682,0.1683407741112708,0.1946391748690036,0.4358261950610859
3130,68311237,u,3,-1.319041212284799,0.08384272842113338,0.527188112374037,4.386263601228056,-1.319041212284799
3131,68418424,i,9,0.799261439489918,0.17368872730350016,0.3084801950367304,2.4749932426349583,0.799261439489918
3132,68418424,r,4,0.7503771619850658,0.06040478988764553,0.1227591574102378,1.2630797033031362,0.7503771619850658
3133,68567257,g,3,0.017680527507345112,0.028959508848198035,0.030992935026683294,0.0028433778092147415,0.017680527507345112
3134,68567257,r,5,0.5181157639856031,0.12077760490861489,0.22201967854986665,1.2577572336557838,0.5181157639856031
3135,68567257,u,4,0.3339884607210011,0.0184273528812951,0.02557718560781963,0.5289046341533948,0.3339884607210011
3136,68769377,g,3,-0.14319325338143224,0.018899036247638834,0.06521298726114966,0.08046025905139416,-0.14319325338143224
3137,68769377,i,6,0.6017277595812145,0.1062666429804924,0.17905302481088703,1.1159318807098122,0.6017277595812145
3138,68769377,r,3,0.34761599241275526,0.009755400476854192,0.03129301334037471,1.1931373559186949,0.34761599241275526
3139,68769377,u,2,-1.5037698345802497,0.34004812150880137,0.34004812150880115,3.4307340018962984,-1.5037698345802497
3140,68917810,g,4,-0.17084697815910618,0.1210854548073158,0.19454594546299564,0.06668548198932185,-0.17084697815910618
3141,68917810,i,2,0.11760671185277966,0.023528452887403295,0.023528452887403295,0.036104444694676455,0.11760671185277966
3142,68917810,r,6,0.3575188261942695,0.05381664783426038,0.08076991321639193,0.2817979519803511,0.3575188261942695
3143,68917810,u,2,0.0949457797312494,0.07291538643299722,0.07291538643299722,0.04363717374140908,0.0949457797312494
3144,68967218,i,6,0.5961917419785352,0.07234892786022684,0.12572262427692293,2.865516622995415,0.5961917419785352
3145,68967218,r,6,0.27326495596225847,0.017308026913207986,0.026522907453651712,0.8645804712150351,
3146,68999898,g,3,-0.10209784536463284,0.010417241748336359,0.01900562890948726,0.025641506874369908,-0.10209784536463284
3147,68999898,i,5,0.6005288274630136,0.05828423422692963,0.06097980635635636,2.110207886919993,0.6005288274630136
3148,68999898,r,7,0.5523260107421861,0.03563435261855663,0.05648055439715949,0.9686376512494862,0.5523260107421861
3149,68999898,u,2,-0.09850169471923345,0.004295871378800803,0.004295871378800803,0.031853073196623755,-0.09850169471923345
3150,69033836,g,2,-0.010259737210705583,0.0470708649767235,0.0470708649767235,0.03808054945241426,-0.010259737210705583
3151,69033836,i,5,0.11274211973344572,0.09644862261639109,0.12307768656254758,0.19933678171273256,0.11274211973344572
3152,69033836,r,8,0.1346120056086515,0.09183655079220646,0.1924963439565436,0.5354290724012123,
3153,69061267,g,4,-0.14186668483982912,0.11394280461549466,0.23524496831580188,0.04331339697985061,-0.14186668483982912
3154,69061267,r,3,0.11023904073445334,0.024537953169939897,0.06437081060176592,0.4073746317209437,
3155,69061267,u,2,-0.3141141241597719,0.23489849543969746,0.23489849543969749,0.25680088875903917,-0.3141141241597719
3156,69096325,g,2,0.18421658904820726,0.07873906373021605,0.07873906373021605,0.2749906756439067,0.18421658904820726
3157,69096325,i,7,1.0649848935449258,0.2494942016548456,0.35296317844086467,8.527650762506234,1.0649848935449258
3158,69096325,r,6,0.6210685715044209,0.04501269603997271,0.06886148060137054,2.2646672377567114,0.6210685715044209
3159,69129028,g,2,-0.18963738993942733,0.024005411979391017,0.024005411979391045,0.3158944411351797,-0.18963738993942733
3160,69129028,i,4,0.6823418296274317,0.18209453254798394,0.43357986540461035,2.4083659800893407,0.6823418296274317
3161,69129028,r,6,0.7437236768323651,0.2781334694952958,0.4891761744359255,1.6471199585876588,0.7437236768323651
3162,69245092,i,8,0.3418275917655609,0.04480479910479479,0.21404258841069412,0.8618964508834306,0.3418275917655609
3163,69245092,r,4,0.4220562313546301,0.012702154270497451,0.031204172128905028,2.000355530342213,0.4220562313546301
3164,69330028,g,3,-0.06626757477661926,0.0028293699977198217,0.17106958733477975,0.03166010169649296,-0.06626757477661926
3165,69330028,i,4,0.7790947836218745,0.0347975060860532,0.07746060665768784,1.76807295064365,0.7790947836218745
3166,69330028,r,3,0.7742350014555947,0.07201814314803268,0.25719885454357594,1.3787287402671922,0.7742350014555947
3167,69334155,g,3,0.24884832812932667,0.028266954329271288,0.07632390598619551,0.08684677653186633,0.24884832812932667
3168,69334155,i,4,0.7662902518564708,0.16365068494420554,0.19182853846698555,2.0687037058326876,0.7662902518564708
3169,69334155,r,7,0.8443541132958429,0.1095279001232693,0.15381414966432227,2.900371102958015,0.8443541132958429
3170,6936072,g,4,-0.069693085750273,0.017777457518928064,0.032930781375121176,0.038933243543034124,-0.069693085750273
3171,6936072,i,3,0.6202554748341423,0.1805163682689137,0.18838787896574027,5.360768093008178,0.6202554748341423
3172,6936072,r,5,0.33780183230058686,0.08883439601378595,0.13385352616915597,1.669742582657186,0.33780183230058686
3173,6936072,u,3,0.06510104817678738,0.0001436829414084989,0.03825108895338768,0.021179407143358264,0.06510104817678738
3174,69409940,g,3,-0.027608214808892972,0.020659896249969806,0.19801973527905142,0.18312769045534172,-0.027608214808892972
3175,69409940,i,7,0.5622971027420564,0.08229727843464074,0.20591775711000204,3.5763997291242298,0.5622971027420564
3176,69409940,r,10,0.8708912691148407,0.42585777634075217,1.0483531162440933,5.761746993931604,0.8708912691148407
3177,6942352,g,2,0.043489521717251206,0.018123630115918138,0.018123630115918138,0.00979566809298202,0.043489521717251206
3178,6942352,i,2,0.7917885501380727,0.24212090331606728,0.2421209033160674,4.49836432785199,0.7917885501380727
3179,6942352,r,6,0.5686579947487392,0.06179857160478136,0.10060695193256253,2.4885487883847,0.5686579947487392
3180,6942352,u,3,0.1378015937760511,0.0023709991675124886,0.011474167727976103,0.1110127010556043,0.1378015937760511
3181,69448041,i,3,0.7818993011237935,0.05228499428890021,0.2133825992025855,1.853853428341577,0.7818993011237935
3182,69448041,r,6,0.7704039893408385,0.08253999630174846,0.1279318746107062,2.2936432011403447,0.7704039893408385
3183,69448041,u,2,-0.22003449389742147,0.015246802107545643,0.015246802107545643,0.20334378334915137,-0.22003449389742147
3184,69475449,g,5,-0.029486497091927216,0.027713057732324048,0.2915003986194481,0.17009767357268432,-0.029486497091927216
3185,69475449,r,9,0.47697537943785534,0.08460499838763208,0.16730720871512245,3.3513794105512105,0.47697537943785534
3186,69475449,u,2,0.09013440977972123,0.033055459993663716,0.033055459993663716,0.030138899123947398,0.09013440977972123
3187,69618131,g,3,0.36618808216108323,0.07192638794040662,0.2853073623421925,0.09997647401348486,0.36618808216108323
3188,69618131,i,3,0.8423136644379425,0.27255013168111963,0.4089957578222583,4.272284248556285,0.8423136644379425
3189,69618131,r,5,0.7596048817085367,0.06215651589698734,0.0677608778614266,2.140557802469484,0.7596048817085367
3190,69618131,u,3,-1.1949248139318134,0.2738974636240883,0.37578628379802015,2.5337604410462515,-1.1949248139318134
3191,69652799,g,3,0.11678497558205658,0.21394993353349112,0.2520020875533531,0.336485902201183,0.11678497558205658
3192,69652799,i,8,0.1426225609402283,0.03097237823517747,0.09337040365869337,0.3468625703336504,0.1426225609402283
3193,69652799,r,14,0.7820622714324572,0.5004042322600116,0.9314134662949747,1.2335499853655294,0.7820622714324572
3194,69652799,u,4,-0.6224227328199217,0.028920136406936026,0.056300403089866835,0.5473093740484196,-0.6224227328199217
3195,69688830,i,6,0.4231939179194739,0.06620716645633959,0.11058654320164174,3.9657699121856678,0.4231939179194739
3196,69688830,r,7,0.23310456490779766,0.06897953281287908,0.12215886381954577,1.4368704508787398,0.23310456490779766
3197,69755247,g,2,-0.08423676600306872,0.03145725330127623,0.03145725330127622,0.2071561302562844,-0.08423676600306872
3198,69755247,i,4,0.5777588629139714,0.014792684239800014,0.034355054493360626,3.6007563193402903,0.5777588629139714
3199,69755247,r,5,0.49159383902091436,0.05118874086074038,0.13816950018702212,4.214670255625266,0.49159383902091436
3200,69764135,i,4,1.4721209574390333,0.21447089167616473,0.47100861516949255,2.025456869046701,1.4721209574390333
3201,69764135,r,5,1.450064246476599,0.08827226825785406,0.12396850217208222,2.1841265285180045,1.450064246476599
3202,69797621,g,4,0.04962180377864073,0.01359748344601086,0.05614628146348068,0.08710046743365425,0.04962180377864073
3203,69797621,i,3,1.1413077547395198,0.2724252211628678,0.27438306594956674,5.625970458521567,1.1413077547395198
3204,69797621,r,4,0.8639390415772801,0.14502654234126505,0.26532331675539067,2.372852735256595,0.8639390415772801
3205,69797621,u,4,-0.051240447578249,0.05176010442369587,0.07370790431736465,0.03317120591952849,-0.051240447578249
3206,69808792,g,2,-0.003576641043654724,0.006432048441105939,0.006432048441105939,0.0014325287681083217,-0.003576641043654724
3207,69808792,i,6,0.2785917201172733,0.07581890650015755,0.13195984062042498,1.409326181137408,0.2785917201172733
3208,69808792,r,4,0.3866037833400441,0.007459996268123575,0.033682826469731864,5.618589479956362,0.3866037833400441
3209,69923990,g,3,0.07062805645840786,0.05668278730883111,0.07138571355046368,0.043495603426375956,0.07062805645840786
3210,69923990,i,4,0.5419252552144955,0.1653669285341606,0.27986546100545057,1.395553656204889,0.5419252552144955
3211,69923990,r,4,0.6315239007704261,0.1607348594342292,0.2852841631985835,2.979873757243674,0.6315239007704261
3212,69923990,u,2,0.3376610415902953,0.008462655070066605,0.008462655070066605,1.3920169616926237,0.3376610415902953
3213,70018749,g,4,0.06017119790905501,0.010068353981269845,0.038619347322549506,0.011960439731745222,
3214,70018749,i,4,0.5034310277853495,0.07979233042286477,0.3778349404243533,2.423322645605563,0.5034310277853495
3215,70018749,r,7,0.5850540331879353,0.05656241402672613,0.12685807378411007,1.8390179891146556,0.5850540331879353
3216,70018749,u,2,-0.29903080588233727,0.028611931264411805,0.02861193126441186,0.6479070437095305,-0.29903080588233727
3217,70107206,g,2,0.05272226207718837,4.408202065810107e-05,4.408202065810107e-05,0.010491196907103078,
3218,70107206,i,7,0.5007218648397694,0.03950464028729195,0.05853218736740212,0.5291100999978057,
3219,70107206,r,5,0.5142338374372931,0.030613623180532623,0.04329923858761703,1.7015271007392077,
3220,70183105,g,4,-0.07712446518945877,0.008769691567932086,0.031105383769009037,0.04352327623343047,-0.07712446518945877
3221,70183105,i,5,0.6172275534032874,0.13160818891862758,0.1471543572379892,4.609739776466862,0.6172275534032874
3222,70183105,r,4,0.6107861254788454,0.06225314850623048,0.15139356718700414,2.356414229401741,0.6107861254788454
3223,70183105,u,3,0.21789553385689572,0.026259789891909996,0.07767523536620641,0.29457696849479936,0.21789553385689572
3224,70271347,g,7,0.14816756459676886,0.05887805232621793,0.11807007256158672,0.16596620791329547,0.14816756459676886
3225,70271347,i,7,0.7634329294994717,0.15355208407756005,0.2251648743292115,1.5216796210258237,0.7634329294994717
3226,70271347,r,8,0.7726358121434322,0.1050429180884041,0.19705285112695103,2.7286727693909363,0.7726358121434322
3227,70271347,u,3,0.37137645649414763,0.0030424252186405654,0.021959751234338742,1.3250526329173757,0.37137645649414763
3228,70354657,g,5,-0.08987097195945501,0.04212295273070352,0.07414840165289954,0.2673770927349982,-0.08987097195945501
3229,70354657,i,4,0.7692777680787856,0.07987843917062698,0.27618610153759593,10.625316941958644,0.7692777680787856
3230,70354657,r,8,0.4402177984870067,0.049210312637466336,0.21748585921388902,4.104271167227619,0.4402177984870067
3231,70354657,u,5,-0.13659017077624086,0.027138420187195922,0.03762392540725676,0.1835596962145171,-0.13659017077624086
3232,70408441,g,2,0.5831202092111566,0.5208481262140288,0.5208481262140288,0.6962423790324679,0.5831202092111566
3233,70408441,i,4,0.3488299068673204,0.011787796325469696,0.07170840732921052,2.1174773545775025,0.3488299068673204
3234,70408441,r,3,0.5076793982598562,0.054803262261523766,0.08389020049180584,2.2511307082720298,0.5076793982598562
3235,70408441,u,3,-0.015563227502565419,0.02400294109287618,0.027487483085844977,0.004363126157710032,-0.015563227502565419
3236,70414912,i,3,0.7628401460507908,0.014569255151252625,0.15547559393548138,3.1308238424071644,0.7628401460507908
3237,70414912,r,5,0.6749968270419496,0.013735641856390535,0.024735653825641357,1.1966444313208349,0.6749968270419496
3238,70414912,u,2,-0.24685563214438572,0.04650339975618967,0.04650339975618967,0.17543055795027274,-0.24685563214438572
3239,70612831,g,2,0.00034118605066445207,0.04742603309291346,0.04742603309291346,0.02895205311897825,
3240,70612831,i,2,0.27847169856662934,0.12873740681619802,0.128737406816198,1.0552102028315606,0.27847169856662934
3241,70645104,g,5,-0.021766051041639867,0.00717768819863801,0.013985539097314426,0.015252457845344023,-0.021766051041639867
3242,70645104,i,3,0.4828528525048771,0.005522930623763078,0.18645769027541687,3.7312855755530427,0.4828528525048771
3243,70645104,r,5,0.5642281987003486,0.025175645506036126,0.02710197003224979,7.448635140943099,0.5642281987003486
3244,70671341,g,6,0.14517526572398645,0.09053491624402075,0.17510051398661963,0.17188717481297333,0.14517526572398645
3245,70671341,r,5,0.639636552003195,0.0726365106097504,0.085305385709181,3.4417074063149284,0.639636552003195
3246,70671341,u,3,-0.036418543480795776,0.04785142064810449,0.05172360868921009,0.0410906587895787,-0.036418543480795776
3247,70694697,g,3,0.012291747443538531,0.0020202963340028857,0.015506706433491252,0.004374088673900702,0.012291747443538531
3248,70694697,i,3,0.7229084750675089,0.04708803320823207,0.17547174580791336,3.2376343635867038,0.7229084750675089
3249,70694697,r,4,0.5352853225651004,0.072052147672716,0.30441924601937365,7.810559711773426,0.5352853225651004
3250,70694697,u,2,0.5218181127575852,0.0667531787309597,0.06675317873095976,2.732235521133752,0.5218181127575852
3251,70768663,g,2,0.028470410864313372,0.21248425408085467,0.21248425408085464,0.3631571258737168,0.028470410864313372
3252,70768663,r,5,0.845201107131926,0.18139131596473346,0.6088148556318528,1.6306155974719494,0.845201107131926
3253,70768663,u,3,0.09112678413051589,0.021425589240631426,0.05571661284983198,0.017219686528489448,0.09112678413051589
3254,70801724,i,5,0.17158264305415488,0.10483640433306751,0.10587167778221779,0.204318129428602,0.17158264305415488
3255,70801724,r,6,0.45651357715544727,0.041373207854143,0.0944635184872139,0.9034772272543057,0.45651357715544727
3256,70872690,g,2,0.16331727829568088,0.01878313133956888,0.01878313133956888,0.048738000126364464,0.16331727829568088
3257,70872690,i,3,0.527318996972186,0.08184589561197309,0.28779741135766485,3.3528919992549255,0.527318996972186
3258,70872690,r,7,0.7015251610089566,0.19624401431180527,0.2582619480068688,1.1559981403276578,0.7015251610089566
3259,70922193,i,9,0.0817006941112648,0.11125152771270774,0.1604421907595729,0.03860214933471679,0.0817006941112648
3260,70922193,r,5,0.15749638268355162,0.0621169756990112,0.10513478045459151,0.17698262660987976,0.15749638268355162
3261,7102097,g,4,-0.0338573840825952,0.030738869829216628,0.04318998661047981,0.044378035115660776,-0.0338573840825952
3262,7102097,i,2,0.3458860464165733,0.05031278615582402,0.05031278615582402,2.1894994945009247,0.3458860464165733
3263,7102097,r,10,0.1406355604895099,0.09235153215430512,0.15841692250358244,0.41187638711831454,0.1406355604895099
3264,71080593,g,5,-0.28436740224010026,0.055563365872019044,0.07497935757365681,0.1507709843780371,-0.28436740224010026
3265,71080593,i,4,0.5315994699039279,0.06059828138478726,0.10556229463704225,2.4251351424381213,0.5315994699039279
3266,71080593,r,9,0.3601181190397712,0.06590561452328514,0.1511420668476674,0.5197367480845431,0.3601181190397712
3267,71080593,u,3,-0.34117363561708736,0.0148522394219337,0.14745003863042472,0.3911593608833907,-0.34117363561708736
3268,71185237,i,6,0.676491192247912,0.12146740614984985,0.22122447372790732,2.456765522857861,0.676491192247912
3269,71185237,r,5,0.27422202382757377,0.04754528163392224,0.12198552426542297,0.389959573772416,0.27422202382757377
3270,71191771,g,3,-0.015543782217600555,0.03470171839462893,0.0609765631712558,0.06138330601973548,-0.015543782217600555
3271,71191771,i,3,0.6876105845328825,0.2127670515740699,0.293505825372237,7.86714584272453,0.6876105845328825
3272,71191771,r,12,0.3040029515255429,0.09324651491548988,0.1446215194290666,1.515810415293519,0.3040029515255429
3273,71191771,u,5,0.07576423097201784,0.008284263020356439,0.013926552777953002,0.07353163960450229,0.07576423097201784
3274,71252162,g,2,0.111739603195346,0.22381533826542305,0.22381533826542302,0.19396695987611068,0.111739603195346
3275,71252162,i,5,0.7202241653743456,0.14722029172553963,0.2528035269781712,4.061119832873793,0.7202241653743456
3276,71252162,r,8,0.2493525296478384,0.07390370811287643,0.10059900561353757,1.1809211974873253,0.2493525296478384
3277,71252162,u,4,-0.052623776130122694,0.06435486062230263,0.09729909213864954,0.029968867517092997,-0.052623776130122694
3278,7129677,g,3,-0.17702089521956493,0.00041954964200421885,0.0086393123587781,0.7077043943680833,-0.17702089521956493
3279,7129677,i,3,0.4781495675765205,0.029880870221683065,0.0831014359931509,7.63637373314783,0.4781495675765205
3280,7129677,r,5,0.33235098599067914,0.0391494898005576,0.07457187053074144,4.417651016121733,0.33235098599067914
3281,71406483,g,5,-1.3269198318623001,0.02199548150447317,0.026073929235589155,1.741186473549097,-1.3269198318623001
3282,71406483,i,2,0.45342701999378626,0.1231754747461607,0.12317547474616075,2.874026888838669,0.45342701999378626
3283,71406483,r,9,0.19834927945291275,0.10387681775166066,0.4103763258192786,0.1756435867390422,0.19834927945291275
3284,71406483,u,5,-0.033730351869542444,0.25858749587719676,2.5292797929201893,2.879762634902074,-0.033730351869542444
3285,71510062,g,3,-0.03351314085167176,0.013225896895217831,0.4109195824911417,0.21707775480433578,-0.03351314085167176
3286,71510062,i,6,0.9349914814310061,0.12771504596090666,0.20506217679420524,1.7938491725332681,0.9349914814310061
3287,71510062,r,9,0.8794779097900509,0.12248989261212717,0.275654378238248,2.430074406303241,0.8794779097900509
3288,71662073,g,4,-2.4378858570091584,0.0796432997570291,0.5625725326760311,6.872464653163682,-2.4378858570091584
3289,71662073,i,11,0.5361511457877892,0.06887598232478098,0.1107725119087673,0.3635818481019019,0.5361511457877892
3290,71662073,r,8,0.09620886784425065,0.06400527853886523,0.11974842122823887,0.022577126040122568,0.09620886784425065
3291,71662073,u,3,-4.514924433821479,0.4801032035906694,2.414334350099109,17.466036247166212,-4.514924433821479
3292,71736997,g,4,-0.08223572096946449,0.055533228429174825,0.11673630114719433,0.012002008210880521,-0.08223572096946449
3293,71736997,i,2,0.5956237239358669,0.15678856669362284,0.15678856669362284,0.4815471452143364,
3294,71736997,r,7,0.3506172922596362,0.014961176316649949,0.06655292039344807,0.2651988171965847,
3295,71736997,u,5,-0.6945747960973196,0.20011865901331932,0.4367791701563417,1.1833974852217137,-0.6945747960973196
3296,71816061,g,3,0.45758779552705464,0.06937506393528503,0.07706763228175073,0.27782611627817905,0.45758779552705464
3297,71816061,i,5,0.5596977037784151,0.08847748404642053,0.2671394812202984,3.4975177325622075,0.5596977037784151
3298,71816061,r,5,0.3573721283739575,0.10143365852490743,0.31490111370621554,2.5435908777265483,0.3573721283739575
3299,71816061,u,7,-1.1569599639137604,1.0482958815308605,2.294693909074798,4.034012935625482,-1.1569599639137604
3300,71830727,g,4,-0.12275749926596441,0.019270462328454308,0.13285940677849536,0.3350470002584171,-0.12275749926596441
3301,71830727,i,7,0.3914965820679684,0.05606216337264924,0.26091297381176526,2.7657658196998818,0.3914965820679684
3302,71830727,r,12,0.29887192500435933,0.07999897039846754,0.8563206555556766,2.0738092016795484,0.29887192500435933
3303,71830727,u,3,-0.9487881804286009,0.255332011949684,0.6038439023439683,1.2995841389926357,-0.9487881804286009
3304,71940076,i,3,0.268289012061378,0.028245923334636713,0.10388969385531321,0.27944693828514633,0.268289012061378
3305,71940076,r,5,0.4787714919127376,0.009188965667411342,0.17877326312917657,0.6045853767351507,0.4787714919127376
3306,71940076,u,2,-0.4675559742158074,0.009946358385908738,0.009946358385908738,0.8909150779145086,-0.4675559742158074
3307,71951878,r,3,0.32078033760586133,0.08389407724981085,0.1919917452485208,0.7033354277685181,
3308,71951878,u,3,-0.5934153856301374,0.2865867514487096,1.5514613198980924,7.36323576935569,
3309,7200872,g,3,-0.09479633127416681,0.014508935629652775,0.024285619549500828,0.10792161786795691,-0.09479633127416681
3310,7200872,i,3,0.5275688275475586,0.0360615461012872,0.0770213870295115,2.114736516439685,0.5275688275475586
3311,7200872,r,6,0.5160435618826759,0.07487723655927625,0.12603101448569037,0.8913623672841395,0.5160435618826759
3312,72032087,g,7,-0.19530986946517487,0.040277564575976144,0.3806458378954471,0.4951563769681169,-0.19530986946517487
3313,72032087,i,5,0.1881070349340802,0.01653145181751514,0.01757561164497559,0.5490016753993687,
3314,72032087,r,6,0.23562116162248514,0.051311487205570494,0.10921372238271723,0.36382204045056893,
3315,72125022,g,4,-0.014252267528220522,0.05598331207361931,0.13343994069602713,0.17115035836867515,-0.014252267528220522
3316,72125022,r,6,0.1985429591117713,0.036672107478313176,0.06388204256386731,1.2578856081721206,0.1985429591117713
3317,72125022,u,2,0.47424437002557285,0.2495750789816418,0.24957507898164183,1.636288103183321,0.47424437002557285
3318,72127770,g,4,-0.5014214950534888,0.08365956397449181,0.12465200803479509,0.28050348260951463,-0.5014214950534888
3319,72127770,i,3,0.3864087579465646,0.04783430346504658,0.2390043007499405,1.4564812506072808,0.3864087579465646
3320,72127770,r,4,0.37878133066844966,0.016241599164808412,0.031148199176725733,0.2919181495471565,0.37878133066844966
3321,72127770,u,2,-0.7985542388051888,0.3866630549111568,0.3866630549111567,1.4491033621261662,-0.7985542388051888
3322,72165524,i,5,-0.1520790581022889,0.39005044168450625,0.8217506498165786,0.3991031740152948,-0.1520790581022889
3323,72165524,r,3,-0.42992136672743253,0.21626595632849588,0.34314611555408103,0.21099471173552783,
3324,72165524,u,3,-0.21374770879392863,0.25960501513566014,1.3849765453685434,3.375757181909179,
3325,72225006,g,2,-0.1573389897638755,0.013144456901576729,0.013144456901576729,0.050862111967473075,
3326,72225006,i,8,0.42436287384056937,0.0899718099558901,0.2609466897638736,0.5237390970622002,0.42436287384056937
3327,72225006,r,11,0.5027817255862687,0.08715168793072381,0.1500739664813916,0.6332896678558446,0.5027817255862687
3328,72291798,g,2,0.12450926592527625,0.008697252900557256,0.00869725290055727,0.22463091095979812,0.12450926592527625
3329,72291798,i,5,0.6284772241878627,0.04478966169186471,0.0473381948257382,4.273444750741711,0.6284772241878627
3330,72291798,r,8,0.5815923993026234,0.07311383762998294,0.13841496108781443,3.1024121887628704,0.5815923993026234
3331,72291798,u,2,0.7520394518268037,0.03070526481620739,0.03070526481620739,3.8334169113875256,0.7520394518268037
3332,72418841,g,2,-0.06518535334830991,0.013652545051603543,0.013652545051603543,0.01521599931412881,-0.06518535334830991
3333,72418841,i,4,0.11501906099677353,0.03129872899074884,0.06924848781571649,0.06966934825473772,0.11501906099677353
3334,72418841,r,5,0.2632082364225924,0.002926931869494165,0.021817962522550194,0.3002601131420898,0.2632082364225924
3335,72545403,i,7,0.5195282174784343,0.23401367233235187,0.4041018895743951,1.6637484133008429,0.5195282174784343
3336,72545403,r,4,0.6200218396790969,0.06553218691895019,0.15690801912182062,1.2392721842581642,0.6200218396790969
3337,72572128,i,5,0.46061099010651607,0.017643844049311685,0.03360337134252528,4.5099309857078715,0.46061099010651607
3338,72572128,r,6,0.33500977485218264,0.04556522348734007,0.7155824162566686,3.3432909962922626,0.33500977485218264
3339,72578133,g,2,-0.011304152396875683,0.00852678266484766,0.00852678266484766,0.0007537049381691204,-0.011304152396875683
3340,72578133,i,3,0.5915133878708954,0.07013848025390157,0.09330377687128166,1.7352588058767255,0.5915133878708954
3341,72578133,r,5,0.5873693020815342,0.012949632311945791,0.02307883433413027,2.381113747740775,0.5873693020815342
3342,72663752,g,5,-0.21923586097047965,0.005317679821768229,0.10636092375898634,0.10468109815545923,-0.21923586097047965
3343,72663752,r,6,0.2808460273538556,0.0068149680261281875,0.011294237038783184,1.8430488775275122,0.2808460273538556
3344,72663752,u,4,0.11957173568729892,0.01812028391784548,0.05252612435953882,0.22795596297867277,0.11957173568729892
3345,72852403,g,4,-0.21987177489639204,0.13214295685418365,0.23603781105408103,0.17623733779657566,-0.21987177489639204
3346,72852403,r,5,0.3596759466839542,0.09594597166531654,0.2480137063170308,0.7194488143565956,0.3596759466839542
3347,72852403,u,2,-0.5510384689969828,0.009224151011082538,0.009224151011082649,0.6163341623801825,-0.5510384689969828
3348,72870108,i,4,0.6877217280509627,0.02589359322285184,0.07309798638867893,3.8534303950490534,0.6877217280509627
3349,72870108,r,6,0.4379897406418252,0.1345527715728042,0.24820942702198118,1.157791473311974,0.4379897406418252
3350,72910625,g,2,0.26323810038699147,0.008682792481971568,0.008682792481971568,0.07467506048957785,0.26323810038699147
3351,72910625,i,3,0.695194039111727,0.32016029860124906,0.4726181612771273,2.114151890394511,0.695194039111727
3352,72910625,r,3,0.7991155990605143,0.09640668629257165,0.29227270996808086,1.353675329389218,0.7991155990605143
3353,72910625,u,3,-0.5837572971444407,0.021206357246068563,0.15022887135360563,0.463501087476402,-0.5837572971444407
3354,73015122,g,2,-0.04968657477637234,0.01326683111117416,0.01326683111117416,0.01594757674335624,
3355,73015122,i,2,0.3653993835931094,0.0345418177269429,0.034541817726942925,0.39146718880036296,0.3653993835931094
3356,73015122,r,3,0.518356264281052,0.0023355924986847576,0.004985171414573997,1.0607476576255126,
3357,73015122,u,2,0.2245205087474808,0.016095398360865334,0.01609539836086535,0.25188307149490125,0.2245205087474808
3358,73081196,g,4,-0.3589920216224103,0.0025506556721933693,0.007261903055657271,0.14071359383493626,-0.3589920216224103
3359,73081196,i,7,0.21575478672410675,0.0490358540583441,0.07696156575989216,0.2386987440967298,0.21575478672410675
3360,73081196,r,8,0.3616753694264262,0.016456981150447525,0.04247888107173481,0.3551288950127353,0.3616753694264262
3361,73081196,u,5,-0.6052373368546236,0.19432276254232805,0.5299601823661169,0.5462496005342126,-0.6052373368546236
3362,73194662,g,3,0.05499379654178141,0.03955751784460995,0.047035729911146906,0.017693955370948446,0.05499379654178141
3363,73194662,r,5,0.39598637036071477,0.07436031534246956,0.14005920028130558,2.711388300833398,0.39598637036071477
3364,73194662,u,3,0.059183842613742266,0.1126786156388474,0.16963659010234797,0.2903424064279673,0.059183842613742266
3365,73195928,g,2,0.21242240578167915,0.16269460310311534,0.16269460310311532,0.2847488750227795,0.21242240578167915
3366,73195928,i,3,0.5850410867606319,0.3201704451871152,0.6115518759645215,2.2388365108239427,0.5850410867606319
3367,73195928,r,8,0.6495729426762229,0.10577852361631962,0.17501643952638934,2.2412689730367026,0.6495729426762229
3368,73195928,u,5,0.2569733004037456,0.019284563808778632,0.03182446305416814,0.327028435442997,0.2569733004037456
3369,73304305,g,4,-0.012733180591593202,0.05230909773631118,0.08811344045990817,0.01176606022792311,-0.012733180591593202
3370,73304305,i,3,0.6692066878664091,0.08342745831341325,0.11924817517142139,5.049792139717553,0.6692066878664091
3371,73304305,r,6,0.5776173266844751,0.04065177059866909,0.08010970545918361,1.3515434300467908,0.5776173266844751
3372,73304305,u,3,0.3746489756570803,0.021606229117128894,0.07341088856758227,0.4131381181788452,0.3746489756570803
3373,73326280,g,3,0.19085856853980682,0.04547082386283602,0.08380337922379247,0.0871806448247016,0.19085856853980682
3374,73326280,i,3,0.38241023892031456,0.16469040325757556,0.18275598724598907,1.476439992654482,0.38241023892031456
3375,73326280,r,7,0.4153130247760128,0.09127237277100148,0.17455246576405303,1.540842249974441,0.4153130247760128
3376,73326280,u,6,-0.17268555778853117,0.02203434417495108,0.03308439432207955,0.22759267636413363,-0.17268555778853117
3377,73507233,g,4,-0.10543655901857586,0.020796067893767256,0.04317446842675349,0.20319010186153968,-0.10543655901857586
3378,73507233,r,4,0.2595209513132479,0.033274228964678965,0.11714950290344367,0.9836471917133863,0.2595209513132479
3379,73507233,u,2,-0.21300869777509776,0.001730632235423718,0.0017306322354237458,0.5830578661072245,-0.21300869777509776
3380,73557929,g,3,-0.037640784724664034,0.01750925026874292,0.05059379318083354,0.08691172291747624,-0.037640784724664034
3381,73557929,i,5,0.8084581872367409,0.035301727520750004,0.241388361574993,5.122541292768788,0.8084581872367409
3382,73557929,r,6,0.30922559908862385,0.030778300336701814,0.04630888172789083,1.0685101838254616,0.30922559908862385
3383,73564529,g,2,0.03380294393251812,0.0031619804701365217,0.0031619804701365217,0.0025881095754043144,
3384,73564529,i,7,0.5298811248479408,0.05235590324003825,0.3471656127579277,1.194739602039153,
3385,73564529,r,5,0.5228150736201373,0.030346359688457447,0.03205536101902828,0.9003948882589692,
3386,73564529,u,2,-0.3403688906094655,0.013226246565219035,0.01322624656521909,0.4973353741381269,
3387,73588278,r,6,0.39129358003187853,0.06648903679731177,0.09996436334680758,1.1259757265296895,0.39129358003187853
3388,73588278,u,3,0.18619273600645395,0.04147013639427646,0.06901807721119263,0.26525905663947286,0.18619273600645395
3389,736610,g,2,-0.1227339617105044,0.008120148384862788,0.008120148384862774,0.39601929419357096,-0.1227339617105044
3390,736610,i,7,0.33093745177161077,0.1698338410685198,0.31692473658076675,0.4751741481593928,0.33093745177161077
3391,736610,r,9,0.7579001805764735,0.5572200209853325,0.5808711351561584,1.4802560219330205,0.7579001805764735
3392,736611,g,2,-0.5348888016170913,0.08106217261890536,0.08106217261890536,0.4094114707827159,-0.5348888016170913
3393,736611,i,8,0.16585432782018344,0.07579678228801551,0.30789863085503655,0.9840244626811331,0.16585432782018344
3394,736611,r,8,0.22587805420620072,0.08622686304106678,0.181428039758155,0.150034605416893,0.22587805420620072
3395,736611,u,3,-0.5763337438594442,0.13791498413120584,0.16099435091600722,0.9123959911324149,-0.5763337438594442
3396,73755380,i,4,0.19492341890882423,0.10845605166483788,0.1516244132613063,0.47522283543566507,0.19492341890882423
3397,73755380,r,4,0.09588968861900696,0.07104749981554087,0.1423566686098393,0.5664725836660875,0.09588968861900696
3398,73755380,u,5,-2.04241155953091,0.06730468843043758,0.08871807913004837,5.595208242696597,-2.04241155953091
3399,73779789,i,3,0.2520884804401329,0.15016234410363483,0.23369578962352577,0.8656071245358609,0.2520884804401329
3400,73779789,r,5,0.3855437599888703,0.1358298526857824,0.2619297639684915,0.7893236633716976,0.3855437599888703
3401,73779789,u,3,-0.707745437678851,0.0471099850901614,0.10351449805177804,1.26634817935576,-0.707745437678851
3402,73836958,i,10,0.5910711305616507,0.054711663812152755,0.17103319421562901,1.107522978414011,0.5910711305616507
3403,73836958,r,7,0.5978918774153714,0.22019670882119757,0.860782462376805,2.4304342529814384,0.5978918774153714
3404,73915420,g,4,-0.10678395099067847,0.031179368003433405,0.050251071915368414,0.4094129446767153,-0.10678395099067847
3405,73915420,r,9,0.47433069757268054,0.08937384192183673,0.1527541840661269,4.6533619184408614,0.47433069757268054
3406,73915420,u,2,-0.07392502004680065,0.05229422222870964,0.05229422222870965,0.07179346064888402,-0.07392502004680065
3407,73939545,g,2,-0.15207491266472117,0.056246702242041646,0.056246702242041646,0.0342699230893175,-0.15207491266472117
3408,73939545,i,5,0.6234053588980232,0.04452329536398103,0.08883081191682796,6.419359151061364,0.6234053588980232
3409,73939545,r,7,0.7113389634772326,0.024257742278697814,0.033294315371084404,2.7886617618500815,0.7113389634772326
3410,73939545,u,2,0.059256275254625124,0.005611665360308493,0.005611665360308493,0.009078813295349661,0.059256275254625124
3411,73952649,g,4,0.3586581188935257,0.303575097852373,0.5446853971795232,0.2297862872933417,0.3586581188935257
3412,73952649,i,6,0.45612363465347394,0.04608155539564701,0.1214710410692742,2.5120833312271396,0.45612363465347394
3413,73952649,r,5,0.6004825922234602,0.19164314955237882,0.7317625485783281,1.4545049172773041,0.6004825922234602
3414,73952649,u,3,-0.2837491263522842,0.09056148348924975,0.17376732365758502,0.1533051164002223,-0.2837491263522842
3415,74020857,g,3,-0.10593160767370238,0.008489292084420064,0.016431594189217927,0.28465356461014135,-0.10593160767370238
3416,74020857,i,4,0.5305484231857525,0.09650235038401009,0.21676417344166632,6.769515752366811,0.5305484231857525
3417,74020857,r,4,0.4113689636225103,0.0107130978392605,0.024402301298414864,8.141927999780556,0.4113689636225103
3418,74072967,i,3,0.05508318064439577,0.07956026226155488,0.09377162248535001,0.033875331527566645,0.05508318064439577
3419,74072967,r,3,0.1292843477523307,0.05323945385235687,0.1440626623361494,0.175533399588228,
3420,74132070,g,2,-0.0185762837364168,0.014721725825628543,0.014721725825628543,0.02045112464311692,-0.0185762837364168
3421,74132070,i,7,0.46335042405544824,0.0344781878573287,0.05665861218874485,1.5277729492706371,
3422,74132070,r,5,0.42262093715123106,0.059272350593426004,0.11258512539572058,1.806547924275885,
3423,74132070,u,2,-1.4981879795582458,0.8052000880248968,0.8052000880248968,3.989478281763879,-1.4981879795582458
3424,7464278,g,2,-0.15676678516697065,0.012636192658991602,0.012636192658991574,0.09999061304768328,
3425,7464278,r,4,0.4735665252169554,0.06820824531120129,0.10139665130314457,0.8804921316361414,
3426,7487689,g,4,0.056520386324391464,0.11559594902498914,0.2331682225516809,0.04442355387645508,0.056520386324391464
3427,7487689,i,4,0.25980967484690287,0.1329343240038985,0.19219922216810675,0.24990374980217056,0.25980967484690287
3428,7487689,r,6,0.4897264953129144,0.26666818317464225,0.5101123413620995,1.3510448263244068,0.4897264953129144
3429,753534,i,2,0.40721316614058944,0.03656538057044342,0.036565380570443395,3.3937780465427623,0.40721316614058944
3430,753534,r,6,0.44835624680994757,0.027386849272591496,0.7604723618615717,4.36855497645017,0.44835624680994757
3431,753534,u,2,0.0910975286078442,0.004148481629870124,0.004148481629870138,0.10289059536932565,0.0910975286078442
3432,7540256,g,4,-0.18758765993098483,0.027881856935560057,0.30715612028853406,0.8612902822908725,-0.18758765993098483
3433,7540256,r,8,0.40289730465375073,0.1666151784021927,0.3503220188092976,2.964324482861512,0.40289730465375073
3434,7540256,u,2,-1.076070178023846,0.8839577556164158,0.8839577556164158,3.4357300198217917,-1.076070178023846
3435,7548639,g,3,-0.15842167126989598,0.009984205947695168,0.013762474060058594,0.736284541877125,-0.15842167126989598
3436,7548639,i,6,0.7016063525824191,0.09144723112174413,0.17813356691487803,2.6385557227306085,0.7016063525824191
3437,7548639,r,4,0.27154883120595086,0.030353663094274758,0.0433385130385438,3.319244727664054,0.27154883120595086
3438,7567653,g,3,-0.292276561683001,0.005944943597858132,0.01342962549216653,0.17702046928075674,-0.292276561683001
3439,7567653,i,2,0.5614961918410861,0.015398618099567607,0.015398618099567662,5.913007837918988,0.5614961918410861
3440,7567653,r,3,0.46103273465906736,0.024977357773294573,0.06813163466910266,0.7516635293258592,0.46103273465906736
3441,7567653,u,3,-0.2840061615660754,0.08519735116925209,0.09053964861416525,0.24392818225886015,-0.2840061615660754
3442,756920,g,3,-0.07465360806535654,0.03565551068569317,0.05120457215702953,0.04644831182256723,-0.07465360806535654
3443,756920,r,5,0.44067152283152516,0.04831674118736923,0.0901870529121942,2.955402322348187,0.44067152283152516
3444,756920,u,3,-0.08104762978869347,0.027197633612644864,0.03241805331943407,0.032271121603021015,-0.08104762978869347
3445,7609893,i,6,0.19603669025073023,0.05814268933784006,0.10083607059616889,0.15347321055118265,0.19603669025073023
3446,7609893,r,6,0.2006975886207558,0.08360718325281674,0.12785226643214118,0.5500882870095524,0.2006975886207558
3447,7626562,g,3,-0.1331854125642794,0.04197013594588378,0.060138934841931224,0.1081165052995936,-0.1331854125642794
3448,7626562,i,4,0.19904229847874205,0.08775668785048624,0.1711152213880196,0.20620604769607792,0.19904229847874205
3449,7626562,r,5,0.4289617299206593,0.06868255240834126,0.12817375356754218,3.010893151652298,0.4289617299206593
3450,7626562,u,3,0.03146283272835103,0.035377403680232594,0.04009564257126886,0.024301590140730755,0.03146283272835103
3451,7682093,g,4,-0.3829240399273802,0.11700804653092634,0.18482244013177818,0.2148134563743838,-0.3829240399273802
3452,7682093,i,5,0.505449470893852,0.04862375626936988,0.05099522618691832,1.49119505748017,0.505449470893852
3453,7682093,r,7,0.36971425121685164,0.09579238794344119,0.1355399326559964,0.38828099152007667,0.36971425121685164
3454,7833565,g,4,-0.14474637639722057,0.04983345583114643,0.08117132936335802,0.10525634150160063,-0.14474637639722057
3455,7833565,i,2,0.741027175899472,0.04163466205295424,0.0416346620529543,1.327793688156787,0.741027175899472
3456,7833565,r,9,0.3196397302120547,0.04011562021074083,0.0777684545601337,0.4256569665556335,0.3196397302120547
3457,7862395,g,7,0.08900636070429307,0.0679706073629894,0.10901475247399071,0.0568106095158281,0.08900636070429307
3458,7862395,i,3,-0.33854101541136433,0.004930015076677341,0.05933690724288515,2.116801267506906,-0.33854101541136433
3459,7862395,r,5,0.07954719400906117,0.03196305955217669,0.05387447265834087,0.13541401213739673,0.07954719400906117
3460,8009435,i,7,0.9910324018873833,0.23815386232304459,0.4979480425884518,1.5532319069151703,0.9910324018873833
3461,8009435,r,8,0.7899415183120223,0.22452291142620606,0.41069237212646326,1.282751107717194,0.7899415183120223
3462,8077892,g,4,0.06674637591927884,0.015007887018519184,0.03878558863946266,0.019062856715568205,0.06674637591927884
3463,8077892,i,3,0.5945919122320432,0.22115249188695207,0.31328216900360417,1.1159970939877364,0.5945919122320432
3464,8077892,r,3,0.5995177518675671,0.07266762428092355,0.11827083517801462,1.7040925068327235,0.5995177518675671
3465,8077892,u,2,-0.32575564158595727,0.004588365748271789,0.004588365748271761,0.4070698729136152,-0.32575564158595727
3466,8097517,g,2,-0.1495954404491324,0.02113619822491794,0.021136198224917913,0.05724880537853651,-0.1495954404491324
3467,8097517,i,3,0.4191974222507986,0.12275827472509543,0.16719327031994613,1.0673761984138264,0.4191974222507986
3468,8097517,r,5,0.35510132484193746,0.045581840077397406,0.13426373696156046,0.8502524272104177,0.35510132484193746
3469,8294450,g,3,-0.16296077772466155,0.016334970590914932,0.03964471724670854,0.0755594452371321,-0.16296077772466155
3470,8294450,i,2,0.8281789556097542,0.347781634866993,0.347781634866993,5.904969491331091,0.8281789556097542
3471,8294450,r,8,0.4090887620295847,0.09005972920208347,0.18077849085092007,0.70670190340968,0.4090887620295847
3472,8381481,g,6,-0.11048603260841884,0.01574924309296613,0.024471828897075346,0.18574687127231382,-0.11048603260841884
3473,8381481,i,5,0.7556139755427572,0.018060273219846046,0.023765820522293257,7.158262501403337,0.7556139755427572
3474,8381481,r,8,0.40995794866923296,0.14089756560828914,0.25276871362355935,2.000409884637823,0.40995794866923296
3475,8381481,u,2,0.005938871746545268,0.06987981528804216,0.06987981528804216,0.044310165407178775,0.005938871746545268
3476,8445381,g,5,-0.09365978672825254,0.05505290886709599,0.06333806211320733,0.15244741997443034,-0.09365978672825254
3477,8445381,r,7,0.10285238075449993,0.06754949008742189,0.11817811698199243,0.41851937034455716,0.10285238075449993
3478,8447719,g,4,0.36917722247711937,0.004238753366312853,0.11929567977654826,0.1834370598838409,0.36917722247711937
3479,8447719,i,5,0.40885517552046224,0.05467925678655433,0.08345367777562607,1.418336416463561,0.40885517552046224
3480,8447719,r,11,0.45172691182036323,0.15597417861781648,1.3334383320377605,3.804077298240756,0.45172691182036323
3481,8447719,u,7,-0.15195118779531303,0.08107117034343789,0.13819013661039464,0.07017272540190472,-0.15195118779531303
3482,8450341,g,2,0.8357685047329388,0.2209649898338184,0.2209649898338184,1.5058296462299618,0.8357685047329388
3483,8450341,i,3,0.9483410638408201,0.013223058809137545,0.022700916618317968,2.848339247580006,0.9483410638408201
3484,8450341,r,5,1.2146539024880445,0.23845621748037438,1.1646867260678015,5.845037904147461,1.2146539024880445
3485,8450341,u,3,0.9855241564983377,0.1103948944996005,0.4322576952410375,1.7450982101552128,0.9855241564983377
3486,8460912,g,7,0.39225257946255754,0.007369619031568186,0.016855679484289232,2.199198666996621,0.39225257946255754
3487,8460912,i,3,0.6252615994190754,0.0683890321135242,0.08615665048812726,0.7415407966647698,0.6252615994190754
3488,8460912,r,8,1.1072274950412253,0.025555309042765373,0.06154828329440276,10.223732028967477,1.1072274950412253
3489,8460912,u,2,1.6069600862103597,0.003669831692276082,0.003669831692276304,38.74876321717567,1.6069600862103597
3490,8486307,g,4,-0.20000967411221005,0.029824270170748735,0.07230845348623166,0.06401216897689373,
3491,8486307,i,5,0.5313229934814321,0.01512199588471208,0.015454965998497605,1.5574582868418052,
3492,8486307,r,6,0.45279742527392464,0.025015301187885253,0.041790341554916344,1.0617731064406042,
3493,8528419,g,2,-0.2818691754210851,0.09579061702528564,0.09579061702528563,0.5432861351690506,-0.2818691754210851
3494,8528419,i,7,0.5497132571642942,0.03897065723691584,0.0727907658277166,5.550605021276127,0.5497132571642942
3495,8528419,r,2,0.5037497619932514,0.029357314215446628,0.029357314215446628,0.49542465844028305,0.5037497619932514
3496,8528419,u,2,-0.9931538636306675,0.07155313694677312,0.07155313694677301,1.8419199351383033,-0.9931538636306675
3497,8678183,g,3,0.03659153812422461,0.04857272848660937,0.05723447860259123,0.039805487690315736,0.03659153812422461
3498,8678183,i,5,0.6101325453515215,0.021491817201085173,0.022173751341504455,2.268072985272356,0.6101325453515215
3499,8678183,r,3,0.1429788605901411,0.03665174048268313,0.10650302016502332,0.688579360463656,0.1429788605901411
3500,8698030,i,6,0.7185392319354706,0.0773674376937068,0.13897685534017923,2.492916481001131,0.7185392319354706
3501,8698030,r,6,0.7465436689475493,0.05816224129699715,0.09388674427202348,4.172888593475165,0.7465436689475493
3502,8768968,g,3,-0.01730574981485472,0.0035477037208298534,0.017204475659522586,0.00528717248642484,-0.01730574981485472
3503,8768968,i,4,0.5906397502210022,0.02142410893235347,0.04618800526006506,3.896425210959317,0.5906397502210022
3504,8768968,r,8,0.5001203076489955,0.015150396838181562,0.03835213593449438,3.589028387854166,0.5001203076489955
3505,8857706,g,4,0.14451827524530808,0.02309130770822493,0.08217058168238889,0.1838054058178686,0.14451827524530808
3506,8857706,i,5,0.24944777926885192,0.06117742491093453,0.22968834683483597,0.897709479287974,0.24944777926885192
3507,8857706,r,6,0.37448414238670474,0.10777727668018373,0.2403546019948214,2.1576493599589837,0.37448414238670474
3508,8857706,u,2,-0.0648582230569811,0.020235647172598424,0.020235647172598417,0.05512737410543709,-0.0648582230569811
3509,8885479,g,3,0.014513660299708908,0.01127243975362241,0.04148089213083503,0.0026584453337601226,0.014513660299708908
3510,8885479,i,8,0.5319655362811666,0.044330934950405465,0.09148950399915745,1.9083981795776854,0.5319655362811666
3511,8885479,r,4,0.5615251993582892,0.042812906566547515,0.08020517713266817,0.6079084098444744,0.5615251993582892
3512,901071,g,6,-0.28199974139925665,0.10657527949322321,0.20533284048423767,0.45062917773213035,-0.28199974139925665
3513,901071,i,7,0.5517019474152202,0.12487093843048114,0.19768190264269891,1.7122885920421582,0.5517019474152202
3514,901071,r,5,0.41412768871607303,0.03482952726534244,0.054779358593649685,1.048467890349919,0.41412768871607303
3515,9120649,g,9,-0.0888178053449033,0.10218391020699286,0.10532383077975366,0.17128923651931968,-0.0888178053449033
3516,9120649,i,3,0.012782373840797945,0.3305519414642827,0.46433194228231073,0.26979678414519376,0.012782373840797945
3517,9120649,r,6,0.2248476201356307,0.11950478933112885,0.19789716235619007,1.3224714742097547,0.2248476201356307
3518,9138890,i,6,0.46585165578329973,0.05258716335564498,0.0907142694997023,8.052205662624605,0.46585165578329973
3519,9138890,r,6,0.1557321375075975,0.025703781255699373,0.04234469455464618,0.7472077405945257,0.1557321375075975
3520,9243173,g,3,-0.1378450083094913,0.015980135567062292,0.02645594816537486,0.04998175285163872,-0.1378450083094913
3521,9243173,i,3,0.6250009207162424,0.007811219807121184,0.0566602205528437,0.985431527370066,0.6250009207162424
3522,9243173,r,5,0.5519939211617289,0.005499278538883878,0.01021543786025092,0.7660119905979154,0.5519939211617289
3523,9298316,g,6,-0.045982940376829526,0.008698934084087617,0.013200260431780596,0.01584073070797239,-0.045982940376829526
3524,9298316,i,2,0.4505368836105601,0.03001725830117008,0.03001725830117008,0.5638218512451856,0.4505368836105601
3525,9298316,r,4,0.536606972291165,0.007262058705334806,0.012030624588899475,1.4055128376094328,0.536606972291165
3526,9298316,u,3,-0.09907881459409151,0.02196484174485777,0.03670365257465681,0.04576603888147104,-0.09907881459409151
3527,939335,i,3,0.36381912830682456,0.020541047784150834,0.1070179203205861,0.34224970435915275,0.36381912830682456
3528,939335,r,6,0.6734625887677953,0.03309249672864656,0.05324487045977844,0.8486952980888707,0.6734625887677953
3529,939335,u,6,-0.2556742488950205,0.3073524260466431,0.6010197707335918,0.2768613710509566,-0.2556742488950205
3530,9406891,i,10,0.5634797257637045,0.031903601530004655,0.12654629625050307,2.590614602878782,
3531,9406891,r,4,0.36770800857398345,0.07028857755276477,0.15110321642533026,0.38315245697896794,
3532,9442287,g,2,0.5109822786571062,0.47991202863100085,0.47991202863100085,0.5989244657075409,0.5109822786571062
3533,9442287,i,4,0.8880858225997129,0.11427359793792013,0.25300381580422027,1.6791330428221416,0.8880858225997129
3534,9442287,r,4,1.1033118738363052,0.029078031779265823,0.19172918452674725,3.5237555009531265,1.1033118738363052
3535,9576496,g,6,0.2960121046719935,0.22426563504623603,0.37521154428977843,0.25146975586414155,0.2960121046719935
3536,9576496,i,2,0.7577957403509772,0.035766237824885694,0.03576623782488564,1.9133552288211995,0.7577957403509772
3537,9576496,r,7,0.5333893651896089,0.0801629425310656,0.12364916889853778,1.0623901212034232,0.5333893651896089
3538,9576496,u,5,0.11021406741947767,0.028936017934638347,0.3107521778777529,0.1828386126708307,0.11021406741947767
3539,9693232,g,2,-0.024747799317133223,0.009442943420870431,0.009442943420870431,0.005261153372902022,-0.024747799317133223
3540,9693232,i,3,0.6759529790016869,0.01608161158144361,0.11562902905811256,2.776053185953176,0.6759529790016869
3541,9693232,r,6,0.39037605064053704,0.07596999637370155,0.17937677443198935,2.2146229605564187,0.39037605064053704
3542,9715946,g,4,0.7847587432406351,0.07782902453737067,0.17298938307561407,0.6084358299106547,
3543,9715946,i,2,1.0213294486758278,0.38303665315392077,0.38303665315392066,1.5834016247168634,1.0213294486758278
3544,9715946,r,5,1.324121386688426,0.06381864533662984,0.1204707804387084,2.4444554150754114,1.324121386688426
3545,9778863,i,4,0.9064319551317677,0.06773357424914572,0.15436539948619887,3.4429251245279167,0.9064319551317677
3546,9778863,r,5,0.3983382462331929,0.05356326035081432,0.07348458114816919,1.128008554175563,0.3983382462331929
3547,9778863,u,2,-0.016909939402199856,0.03718024208128144,0.03718024208128144,0.008531815173607344,-0.016909939402199856
3548,984105,g,2,-0.0758794330757091,0.04682614858715134,0.04682614858715134,0.04569413240294387,-0.0758794330757091
3549,984105,i,5,0.12970970819597805,0.050834045035849845,0.07742954665654979,0.2947084392097149,0.12970970819597805
3550,984105,r,7,0.14406356839896242,0.045235434179272366,0.06679551297555392,0.27944519879092006,0.14406356839896242
3551,9856950,g,2,-0.12708194944371531,0.015766396710800323,0.015766396710800323,0.13242923518219213,-0.12708194944371531
3552,9856950,i,6,0.5376125269721879,0.05699683142071951,0.09927480529858984,1.1545252330550608,0.5376125269721879
3553,9856950,r,8,0.49799923636499643,0.008566163323062953,0.014956182539902052,1.41989825567115,0.49799923636499643
3554,9864467,g,3,0.3215649236802782,0.22121398744967902,0.36468651910894323,0.3647691441647169,0.3215649236802782
3555,9864467,i,7,0.6930279250156314,0.045071782772237556,0.08512854862623975,5.2463014760955975,0.6930279250156314
3556,9864467,r,4,0.42065014018248226,0.01633682434106995,0.02864348372570036,3.900755993945759,0.42065014018248226
3557,9864467,u,2,-0.2592722261897078,0.045790287049481085,0.0457902870494811,0.3042368630615004,-0.2592722261897078
3558,9906772,g,4,0.2120813471862836,0.05941885163670932,0.1103862442693937,0.2037672090696641,0.2120813471862836
3559,9906772,i,5,0.928172953619365,0.1679634261218088,0.46300812149178877,2.111614515743924,0.928172953619365
3560,9906772,r,9,0.8878558282426475,0.18326766989530008,0.34962129286252197,2.9201037026754815,0.8878558282426475
3561,9906772,u,2,-0.11217368259713112,0.008866691142860178,0.008866691142860178,0.12702058305615183,-0.11217368259713112
3562,9979520,g,2,0.12898999807829037,0.21243646623667944,0.21243646623667944,0.11429438127646288,0.12898999807829037
3563,9979520,i,9,0.6484266753518331,0.15437517367400622,0.40126113043126144,2.8313639167101186,0.6484266753518331
3564,9979520,r,9,0.4946510191356228,0.10006654984228064,0.5286784064065034,3.0025530175726454,0.4946510191356228
