,SNID,Filter,n_points,GOPREAUX_bias,GOPREAUX_mad,GOPREAUX_iqr,GOPREAUX_chi2,median_residuals
0,10170111,g,7,-1.2357363584508945,0.02541811727347154,0.1178461041342711,2.3793191025752924,-1.2357363584508945
1,10170111,r,9,-0.817889058463992,0.10180570228879393,0.11401092420983594,1.0384846224950086,-0.817889058463992
2,10170111,u,5,-1.8228317655545494,0.08244510409379169,0.15973346389457133,3.670010620623271,-1.8228317655545494
3,10211092,g,6,0.9479943946439661,0.6652493134559353,1.444658134018032,2.4201467682666364,0.9479943946439661
4,10211092,i,4,1.8850994381082828,0.49677041841221825,0.8669342592235911,5.30578691179703,1.8850994381082828
5,10211092,r,9,1.4042098270874235,0.774858459102951,1.5150530384143022,5.406108766256223,1.4042098270874235
6,10211092,u,4,1.7574527762518568,0.7823821918808582,1.605603597372252,4.2288830808569,1.7574527762518568
7,10219344,g,2,-0.5313422057219044,0.06062958319258227,0.06062958319258227,0.6273852598350936,-0.5313422057219044
8,10219344,i,10,-0.2735503435263348,0.17084564567365856,0.3015109321510579,0.29877586166160996,-0.2735503435263348
9,10219344,r,11,-0.4268624612298395,0.04160227784647674,0.31692027406844225,0.335233258190856,-0.4268624612298395
10,10219344,u,3,-0.4655945898564817,0.012835915014882238,0.03695111509439147,0.37835585031579155,-0.4655945898564817
11,10243669,g,6,-0.7583145125560743,0.017038954248168148,0.028079397381098103,0.9794493208296225,-0.7583145125560743
12,10243669,i,7,-0.10983176388409488,0.08906159458219431,0.15867024966198623,0.056665539835110836,-0.10983176388409488
13,10243669,r,7,-0.33200096036558935,0.031911537259713185,0.13337694477851536,0.19967564529369436,-0.33200096036558935
14,10243669,u,4,-0.8671210804388526,0.020172199412230807,0.03559458594645437,1.095489828868797,-0.8671210804388526
15,10375424,g,2,1.8530142892840888,0.16510573137729323,0.165105731377293,3.578204112996665,1.8530142892840888
16,10375424,i,2,1.39440060111468,0.32360314874287965,0.32360314874287965,4.5450809164702175,1.39440060111468
17,10375424,r,5,1.603552000949365,0.09513092180756466,0.1372132791351206,4.277515184597588,1.603552000949365
18,10375424,u,2,1.1340402840227943,0.24707219043963502,0.24707219043963513,1.5088882386283862,1.1340402840227943
19,1037944,g,4,-0.423059951825562,0.06948217300043402,0.08006756774255619,0.2394664407196428,-0.423059951825562
20,1037944,i,3,0.017296322135186948,0.049865846963655036,0.07912966609270322,0.00832833981623605,0.017296322135186948
21,1037944,r,7,-0.23953830948888655,0.13051102080134003,0.19079556288079447,0.15411856741187338,-0.23953830948888655
22,1037944,u,4,-0.48829070975902933,0.03087003144200917,0.07417527658931744,0.32570268683864595,-0.48829070975902933
23,10379731,g,3,0.8489013799139524,0.024868145515545503,0.05905653578292713,1.2504414996945838,0.8489013799139524
24,10379731,i,7,1.1608669545177082,0.23975626826128904,0.3854795921910219,2.473906103885961,1.1608669545177082
25,10379731,r,8,1.2383664121886442,0.22686416601081028,0.4664621529412094,2.9663249537741674,1.2383664121886442
26,10409816,g,4,-0.7664619394552643,0.028867190147342514,0.07573650967139833,1.0620183044392177,-0.7664619394552643
27,10409816,r,7,-0.22437155567763023,0.08545152959605318,0.09556223040511724,0.12099552865424056,-0.22437155567763023
28,10409816,u,2,-1.0330756397944678,0.011915176900952784,0.011915176900952895,1.3571740887556243,-1.0330756397944678
29,10478031,g,3,1.901761012107188,0.10557456439044954,0.1514065375703355,5.791231412320092,1.901761012107188
30,10478031,i,4,1.6639406698493913,0.3053529777397914,0.526026406627442,6.957526050920757,1.6639406698493913
31,10478031,r,4,1.4876549252318934,0.29280799939146096,0.6446523827928055,5.773401522047482,1.4876549252318934
32,10478031,u,2,1.8710899836067552,0.35539970081439465,0.35539970081439476,4.6429910523665825,1.8710899836067552
33,10542320,g,5,0.33054685211503254,0.16908632370097143,0.27750422912224293,0.22297836156437006,0.33054685211503254
34,10542320,i,2,0.5488640946463333,0.14262991575481554,0.1426299157548156,0.8148337334144102,0.5488640946463333
35,10542320,r,6,0.39492381456062164,0.22717634392076064,0.463877744712959,0.6243153358090505,0.39492381456062164
36,10542320,u,3,0.16712703869916146,0.20803641628212555,0.23650245790536284,0.09404833838020636,0.16712703869916146
37,1054291,g,2,2.123920456536082,0.009973360387637298,0.009973360387637076,5.604454395725295,2.123920456536082
38,1054291,i,4,1.5406496081835208,0.21637659018834365,0.3499347973473377,5.4408553895499585,1.5406496081835208
39,1054291,r,4,1.551176761828619,0.10220841016265636,0.19770700356690574,4.828214728230015,1.551176761828619
40,10605209,g,4,2.2709673376762627,0.28266808451990055,0.5267935147566836,5.3748250132069515,2.2709673376762627
41,10605209,i,3,1.864966967736172,0.0902094763332566,0.10353291542959564,5.551251052032334,1.864966967736172
42,10605209,r,5,1.70953254747539,0.19733961090299523,0.20513357130458099,4.2717913890232,1.70953254747539
43,10605209,u,3,1.565973879826934,0.017999938333436383,0.10054137376689742,2.2466713692955005,1.565973879826934
44,10672510,g,4,0.0849510030130366,0.29491969827922937,0.5786908032948272,0.1404662110845384,0.0849510030130366
45,10672510,i,4,0.056849612067587096,0.10389671426118463,0.2660622025871411,0.08396733613475686,0.056849612067587096
46,10672510,r,3,0.013173341475672729,0.16535816405407688,0.22711850435939634,0.0942056987443494,0.013173341475672729
47,10701326,g,6,1.1305178009644514,0.6651214685310342,1.154193311098287,2.637483907576909,1.1305178009644514
48,10701326,i,11,1.2543308280393648,0.2684000704687399,0.7833399756820527,4.0601178284591235,1.2543308280393648
49,10701326,r,20,1.6027488070890485,0.46572323618014233,0.7372526713963587,3.912749926613327,1.6027488070890485
50,10701326,u,7,0.5062337753482735,0.02090556656651299,0.06454869848755229,0.5083909065177085,0.5062337753482735
51,10889604,g,5,-0.6495839035300732,0.010462824994036835,0.01633561536275785,0.861702101582242,-0.6495839035300732
52,10889604,i,14,0.08770080295185356,0.15172698430470688,0.2894730750694314,0.08484616196581389,0.08770080295185356
53,10889604,r,10,-0.27472231735827113,0.049186813253597084,0.2456110853835251,0.15025740593239412,-0.27472231735827113
54,10889604,u,3,-0.8314485944696344,0.007044689167452489,0.016543634595512113,1.186451635356841,-0.8314485944696344
55,11047307,g,7,-0.16090113603314382,0.11335709188906185,0.40460610845381084,0.29256531805064506,-0.16090113603314382
56,11047307,i,6,-0.5863093718302564,0.06815138242188423,0.13359331674915653,0.682848410100093,-0.5863093718302564
57,11047307,r,13,-0.4761544813995664,0.13212312405129012,0.1854155285388155,0.4264739885152467,-0.4761544813995664
58,11047307,u,3,-0.6636194193999809,0.10364599701079968,0.12518927241052125,0.5010816800299353,-0.6636194193999809
59,11112633,g,7,0.5102487226477876,0.2946718152681991,0.7057750170196643,0.6770452918619165,0.5102487226477876
60,11112633,i,6,0.8247234678054405,0.050899951194017024,0.08743039068940162,1.2381993982378663,0.8247234678054405
61,11112633,r,10,0.6790174252058145,0.07723945205784899,0.13012317941505436,0.732526808089778,0.6790174252058145
62,1114110,i,4,-0.4179454252706043,0.1446457958369367,0.4353596771437248,0.5086835633703417,-0.4179454252706043
63,1114110,r,4,-0.41010515024387817,0.06851074585905037,0.13807034963584014,0.3139280653715626,-0.41010515024387817
64,1114110,u,2,-0.8679037461130396,0.044906545586561486,0.0449065455865616,1.393202142869327,-0.8679037461130396
65,11203087,g,3,2.275514498617891,0.24705799524121907,0.4450675269242339,6.034609445025001,2.275514498617891
66,11203087,i,5,1.1941726547344322,0.3327089835767796,0.7441734205506643,4.4500504895307404,1.1941726547344322
67,11203087,r,11,2.0993946350531676,0.2546937604268422,0.8696596030407182,6.121560162417915,2.0993946350531676
68,11203087,u,3,0.7690144833235164,0.0802362638035179,0.41183840754415546,1.8030846861303687,0.7690144833235164
69,11220298,g,4,0.4297408533260223,0.06638964754224619,0.22597640818467785,0.6191133449335234,0.4297408533260223
70,11220298,i,2,1.1384554424888411,0.12656990895438913,0.12656990895438924,3.1733864480902767,1.1384554424888411
71,11220298,r,5,0.8479686600894796,0.11191110533948478,0.21786704270238078,1.7773542485301015,0.8479686600894796
72,11220298,u,2,0.423488365270013,0.062335731754428414,0.062335731754428414,0.258479717198754,0.423488365270013
73,11397433,g,7,-0.43150859706324596,0.09771572238924797,0.1716927834784877,0.3040759190400502,-0.43150859706324596
74,11397433,r,5,-0.14193538375506654,0.17868235790410703,0.3230755742256084,0.12812218220170563,-0.14193538375506654
75,11397433,u,4,-0.7915287334202109,0.06827407476766167,0.15032710710012942,0.8456110966937742,-0.7915287334202109
76,11398440,g,4,0.45691652851335296,0.19252926673465165,0.4034741973886009,0.3787829808903127,0.45691652851335296
77,11398440,i,2,1.1243233744361758,0.0012978291879998105,0.0012978291879999215,2.512011915374524,1.1243233744361758
78,11398440,r,2,0.9682931475159485,0.16695324895391195,0.16695324895391184,1.9441814550845813,0.9682931475159485
79,11398440,u,3,0.6612142130552634,0.15044048158612777,0.2295162466770908,0.5999606422325932,0.6612142130552634
80,11537144,i,6,0.48669033431484254,0.1488325232748129,0.27386975108363354,0.7043569909735109,0.48669033431484254
81,11537144,r,4,0.5470977455221471,0.23553187597075942,0.4837881323027643,0.6182557219043792,0.5470977455221471
82,11537144,u,2,-0.44760928931140254,0.04606957117701649,0.04606957117701649,0.34603920668035604,-0.44760928931140254
83,11537635,g,5,0.6448139737659337,0.38970791986523,0.4519650754069804,0.5829073529027768,0.6448139737659337
84,11537635,i,3,0.7683021068645202,0.09675987901826799,0.1945243779603607,1.140436903070024,0.7683021068645202
85,11537635,r,7,0.757002063463146,0.11839826110206797,0.42831786084449264,1.5134008454002383,0.757002063463146
86,11593245,g,5,1.0605642797023094,0.08628183287318913,0.23152186245022643,1.6759399073770838,1.0605642797023094
87,11593245,i,6,0.5584303217737128,0.16332729432750764,0.3050482113150908,1.1720824949537123,0.5584303217737128
88,11593245,r,15,0.8136825432952308,0.19137235521591345,0.7185277854418165,2.0696058672447926,0.8136825432952308
89,11593245,u,3,0.35997958769917204,0.01925391965553791,0.2213260277273088,0.4185144184254382,0.35997958769917204
90,11627647,g,4,0.6240024478830168,0.17075332922815178,0.39945647999552436,0.7243532592152957,0.6240024478830168
91,11627647,i,5,0.6700344762521435,0.062460548427570206,0.06849605092774724,1.3302479543812369,0.6700344762521435
92,11627647,r,6,0.9935362243194569,0.40608654694847607,0.6811792137373444,2.192963070879452,0.9935362243194569
93,11627647,u,2,0.20342906691683882,0.060042720885223,0.060042720885223,0.07208588212783917,0.20342906691683882
94,12027304,g,4,-0.10529031478703299,0.13779154609334754,0.27650754208823203,0.06946154021860346,-0.10529031478703299
95,12027304,i,3,0.6224504020430344,0.1509380987895359,0.2690501742495989,0.5711469705096534,0.6224504020430344
96,12027304,r,9,0.5692724099696111,0.16700951528085617,0.4340396723792994,0.39479572119586603,0.5692724099696111
97,12027304,u,4,-0.2758543947637778,0.0337669903916924,0.04688412218960192,0.10628283278166722,-0.2758543947637778
98,12068775,g,3,0.9681716311407602,0.009069491404498198,0.04526596467253885,1.5157035834593449,0.9681716311407602
99,12068775,r,7,1.2837221310258862,0.05113236590537751,0.07644079272433446,3.1878094773278236,1.2837221310258862
100,12068775,u,4,0.765847496399821,0.06063792354145903,0.1675999877007318,1.0140892248443463,0.765847496399821
101,12120471,g,5,1.2415888350827584,0.5928065451242581,0.7434748872825365,2.1089281219189173,1.2415888350827584
102,12120471,i,14,1.689638322161405,0.3451314732684153,0.5361024722513266,4.9879301815601504,1.689638322161405
103,12120471,r,19,1.512943891388726,0.58580677225086,1.2865380366957284,4.099085100014098,1.512943891388726
104,12120471,u,5,1.3179270849952767,0.1214328417921049,0.34690290806623514,1.5583145765022455,1.3179270849952767
105,12217480,g,6,0.25661244220999635,0.1985302427506015,0.5788718395731418,0.2203598831893189,0.25661244220999635
106,12217480,i,6,0.10528920279960263,0.04006992782452967,0.09379533179725552,0.06912718281317153,0.10528920279960263
107,12217480,r,14,0.3728926413265271,0.35965153883553486,0.5284942676727262,0.41235452799076366,0.3728926413265271
108,12217480,u,2,0.32596223744256003,0.3802542387941207,0.3802542387941206,0.2458721908397527,0.32596223744256003
109,12371353,g,3,-0.6985103804409803,0.029205427310112775,0.04557874002372342,1.3295401428968137,-0.6985103804409803
110,12371353,i,5,-0.3933218220613307,0.13516681057331892,0.3007227571327531,0.36830735413616844,-0.3933218220613307
111,12371353,r,9,-0.5447917043950883,0.010758952260916499,0.033619766508233395,0.7259013205600887,-0.5447917043950883
112,1238856,g,6,-0.8572990781883152,0.12908564569168302,0.22994445782237427,1.0315429394638398,-0.8572990781883152
113,1238856,i,3,-0.31351122724717007,0.14545297567076054,0.20025874806582344,0.38956104593711105,-0.31351122724717007
114,1238856,r,5,-0.4408190377710779,0.02848382145728623,0.03854468797717958,0.3755944946655352,-0.4408190377710779
115,1238856,u,3,-0.7232841813955764,0.05352072089344251,0.12332435610571091,0.7094605529096848,-0.7232841813955764
116,12607918,g,7,0.8205375730979547,0.017790192403597027,0.032737851984966704,1.02723041437998,0.8205375730979547
117,12607918,r,3,0.4739150961285865,0.08965164485040356,0.1944074008456827,0.9134368343225642,0.4739150961285865
118,12642341,g,5,-0.237863343746322,0.2876244723221353,0.4437576920989297,0.22069200635674138,-0.237863343746322
119,12642341,i,8,-0.16954755999753834,0.10151810549240736,0.16064759619694363,0.1321466342736089,-0.16954755999753834
120,12642341,r,11,-0.18389616745571846,0.13576981557660606,0.2551707038811146,0.14096082000892482,-0.18389616745571846
121,12651601,g,9,-0.7244392011392098,0.03872971963336114,0.05720481021293877,0.7434469564774546,-0.7244392011392098
122,12651601,i,11,-0.32227932202669995,0.06391832715128465,0.10158220496515002,0.25869018359195084,-0.32227932202669995
123,12651601,r,10,-0.3583509898419285,0.1026740383765703,0.25838754978224887,0.2652040151402056,-0.3583509898419285
124,12651601,u,5,-0.9647193895332646,0.07194019961050402,0.11633712298031407,1.1871158729229851,-0.9647193895332646
125,12716350,g,2,0.7500206430402131,0.006173464966620634,0.006173464966620523,1.0331409984355502,0.7500206430402131
126,12716350,i,8,1.4868978996273043,0.6081627432258332,1.0874634403113426,4.620713798625773,1.4868978996273043
127,12716350,r,8,2.0333189874931303,0.22662266718719615,0.4422354865541538,5.857478545604853,2.0333189874931303
128,12716350,u,6,0.9993220232102051,0.07966515094482429,0.1490997554681719,1.0720266362183473,0.9993220232102051
129,1273216,g,4,-1.2797733978383106,0.08525459166298466,0.1672119147466984,2.3599996635384533,-1.2797733978383106
130,1273216,i,6,-0.6436825122293721,0.15085561239175804,0.2731299933651436,0.928615097514153,-0.6436825122293721
131,1273216,r,11,-0.8989214221774651,0.1597992677850868,0.25402965736806393,1.304126365725615,-0.8989214221774651
132,1273216,u,6,-1.2846567369619284,0.0937239680353984,0.15811535413416644,1.9884431861148888,-1.2846567369619284
133,12751958,g,2,-0.6755258375525035,0.00015299745995700498,0.00015299745995700498,1.0401968054359771,-0.6755258375525035
134,12751958,i,4,-0.11452692566798162,0.1544968338991708,0.35757586672047675,0.10766099979892176,-0.11452692566798162
135,12751958,r,8,-0.23042401475402285,0.06613009017192395,0.13215699771867645,0.1103048931960584,-0.23042401475402285
136,12751958,u,2,-0.6248337823410666,0.057568253123224,0.057568253123224,0.599186033577646,-0.6248337823410666
137,12762244,g,5,-0.21129202429556648,0.06343214933104635,0.22367283380763792,0.07997828590169546,-0.21129202429556648
138,12762244,i,3,0.04269761469583,0.04637980520425389,0.18036521538097594,0.09325706970636126,0.04269761469583
139,12762244,r,5,0.2653771017238993,0.2045741925143496,0.36085579350158126,0.2752123807073093,0.2653771017238993
140,12762244,u,4,0.16706796647281563,0.01635884902272733,0.1203991283728022,0.04035473815440771,0.16706796647281563
141,12805838,g,7,-1.2203925508209275,0.1385207681556695,0.2521224253116161,2.6014498367516152,-1.2203925508209275
142,12805838,i,6,-1.0115891795520944,0.08936000837205582,0.20752976406895418,2.4559253899330735,-1.0115891795520944
143,12805838,r,15,-1.1056694996756942,0.12187076381302453,0.19792425806074965,2.3521615959796107,-1.1056694996756942
144,12805838,u,3,-1.3080724308782918,0.16302180049285275,0.18041569557351433,2.314215183901019,-1.3080724308782918
145,12823424,g,4,0.18304406694103892,0.17456859252270907,0.4258648169629873,0.14486864095904856,0.18304406694103892
146,12823424,i,4,0.6316599186201977,0.11568175213747489,0.23707242322942446,0.9725850932763221,0.6316599186201977
147,12823424,r,13,0.47580977878803554,0.15200154723198356,0.3328812837855575,0.40562328271241643,0.47580977878803554
148,12823424,u,4,-0.2954891996409117,0.13649658065064718,0.22091949927775173,0.23795741924196306,-0.2954891996409117
149,13008061,g,6,0.008079307227627286,0.08553785701104721,0.15715133414324972,0.02723799581115854,0.008079307227627286
150,13008061,r,5,0.3583869220470821,0.04671888876382191,0.08683872828968653,0.35819704406946007,0.3583869220470821
151,13008061,u,4,-0.07837905407819645,0.07654313810210212,0.16878244912986157,0.027730578987057344,-0.07837905407819645
152,1305747,g,2,-0.4608016560993725,0.02665929681238033,0.02665929681238033,0.4262645985602736,-0.4608016560993725
153,1305747,i,8,-0.2586717436017615,0.07385658807340856,0.13968363526301508,0.183183695380521,-0.2586717436017615
154,1305747,r,10,-0.33432234589546117,0.048468198750527325,0.08520033395822174,0.2871123023437612,-0.33432234589546117
155,13070206,g,5,0.31249335561921177,0.3173666980674883,0.3610846018358882,0.282052639327758,0.31249335561921177
156,13070206,i,4,0.4361713101861653,0.1938028980013522,0.37459656129988106,0.6356553341739241,0.4361713101861653
157,13070206,r,8,0.5504922626497591,0.2718329339054495,0.5295713080430078,0.7054194574989103,0.5504922626497591
158,13070206,u,4,0.04701950353126605,0.0209161163827285,0.29755351218067644,0.3500740372685013,0.04701950353126605
159,13166957,g,4,-0.16066447561222807,0.14917401539390518,0.3242632063754168,0.12924415312530768,-0.16066447561222807
160,13166957,i,2,0.5283108937064057,0.09422591126285018,0.09422591126285013,0.7303847703807105,0.5283108937064057
161,13166957,r,9,0.2342719873223078,0.10849198452815978,0.15959718875205509,0.18407700286340634,0.2342719873223078
162,1324319,g,6,-0.3351501816014869,0.05446734243351192,0.09090375716719534,0.17539286368164997,-0.3351501816014869
163,1324319,i,4,-0.026655037891581745,0.08865392426848429,0.18968655183186417,0.04381925142440414,-0.026655037891581745
164,1324319,r,8,-0.06930285999364905,0.0331036234930141,0.1194275762444798,0.014063686358599701,-0.06930285999364905
165,1324319,u,3,-0.07116770396931438,0.04927591956147981,0.11966139411102639,0.01360872062134722,-0.07116770396931438
166,1333255,i,8,0.283103776654835,0.09453437497400996,0.2530941318331879,0.1421508661829237,0.283103776654835
167,1333255,r,8,0.23815588148261713,0.03594447206279472,0.1330948187570014,0.0884213947850985,0.23815588148261713
168,1333255,u,2,-0.06285295054331197,0.029904385628268138,0.029904385628268138,0.006809200929674076,-0.06285295054331197
169,13440933,g,6,-0.4381245476712745,0.05717566962766307,0.11910748406659355,0.1875052965642501,-0.4381245476712745
170,13440933,i,2,-0.3557458176249473,0.06196313301694922,0.06196313301694922,0.21472893787471276,-0.3557458176249473
171,13440933,r,6,-0.43674630442308193,0.08282145291751175,0.1292786572955522,0.3347042476835767,-0.43674630442308193
172,13440933,u,3,-0.7321477161023182,0.21306217669433192,0.2365092369891395,0.554693412614752,-0.7321477161023182
173,13448001,g,6,-0.2686832264931759,0.021609414622383305,0.04839062660531851,0.1396614588133949,-0.2686832264931759
174,13448001,i,4,0.1435576519410693,0.04551406941180591,0.08785534662324213,0.10300249139743602,0.1435576519410693
175,13448001,r,5,0.08175925908936654,0.05728556604323454,0.07541402863461255,0.019411793211992972,0.08175925908936654
176,13448001,u,2,-0.2608195147192701,0.024092092484743977,0.024092092484743977,0.11098381206987613,-0.2608195147192701
177,13513703,g,5,-2.1512808124117284,0.02728739746291886,0.036268638027395106,4.328698870349579,-2.1512808124117284
178,13513703,i,2,-1.870407401000711,0.027287043820746426,0.027287043820746426,4.062963884324377,-1.870407401000711
179,13513703,r,3,-1.7819191272288366,0.053697349045380705,0.0858454860103528,3.6918050494543078,-1.7819191272288366
180,13513703,u,3,-1.7016660302543603,0.0215946409765575,0.0956709128664297,2.910468468207014,-1.7016660302543603
181,13532292,i,4,0.789794328508179,0.026504090346730513,0.052382092357823984,1.511085928022566,0.789794328508179
182,13532292,r,6,0.6268320546237954,0.06810862327829814,0.1116006430389519,0.8883309406915636,0.6268320546237954
183,13572556,i,5,1.569729775485804,0.2937536320031182,0.42495387213844804,5.4937432022677966,1.569729775485804
184,13572556,r,10,1.3656031925696384,0.09805486868279478,0.16520437690741852,3.9215349539809083,1.3656031925696384
185,13642934,g,3,-0.5342511182970813,0.20505755663205694,0.35989687560669137,0.5962189103656087,-0.5342511182970813
186,13642934,i,5,0.030413564027515605,0.2538579889312522,0.32339461890561894,0.10239891488382472,0.030413564027515605
187,13642934,r,5,-0.21696282127272892,0.018803923485380625,0.08794709564223768,0.11214517286004022,-0.21696282127272892
188,13642934,u,2,-0.5291555723081673,0.03794610229085915,0.03794610229085915,0.5946018873796446,-0.5291555723081673
189,13654773,g,3,0.43497249202852606,0.07521713047036371,0.22341923753127713,0.21278584392071279,0.43497249202852606
190,13654773,r,7,0.3842108513182241,0.1753478191318566,0.32497801054453646,0.46635150175131596,0.3842108513182241
191,14043923,g,7,0.46459689975892093,0.16383470845126724,0.5464926266446853,0.5411436368878342,0.46459689975892093
192,14043923,i,7,0.7220245028504229,0.13819640366811914,0.35525579264907536,1.4820711380165643,0.7220245028504229
193,14043923,r,8,0.7083051654340246,0.2904477696387844,0.6443653918564873,1.085541062553899,0.7083051654340246
194,14043923,u,4,0.5180829466698282,0.3486927642318898,0.6274852096615008,0.4320094987718453,0.5180829466698282
195,14101880,g,3,-0.009885157339294848,0.06034927306332594,0.06101819857304602,0.0031210006279796657,-0.009885157339294848
196,14101880,r,9,0.11713834024032632,0.158983601163317,0.3212823544710077,0.1871697306307701,0.11713834024032632
197,14101880,u,2,-0.5598542302599893,0.03382626186298754,0.03382626186298743,0.6501459879133125,-0.5598542302599893
198,14156620,g,5,0.6666459947149004,0.11698541883493041,0.1262297478258776,0.5152246771061272,0.6666459947149004
199,14156620,i,3,0.53484515833137,0.030195629777864497,0.07130316519187074,0.814157059347767,0.53484515833137
200,14156620,r,5,0.8558199928144037,0.18501917185559158,0.5134763613694069,0.9876917853353012,0.8558199928144037
201,14156620,u,3,0.4656237036142086,0.154711215908526,0.2657590839477919,0.22626223939418932,0.4656237036142086
202,1416357,g,3,-0.22211693397430254,0.0002284102089178397,0.21777292747574706,0.10431912246403117,-0.22211693397430254
203,1416357,i,2,0.225520772557259,0.011070292165071827,0.011070292165071827,0.14503515511412146,0.225520772557259
204,1416357,r,5,0.2161891840271627,0.12587749339350685,0.15608789607306717,0.3025419226352891,0.2161891840271627
205,14183727,g,3,-0.1374551405134563,0.00826578742996742,0.25605694833730186,0.10680341804645803,-0.1374551405134563
206,14183727,i,6,0.9787612322946255,0.19056273190247053,0.6917361497139985,1.513182874942805,0.9787612322946255
207,14183727,r,7,0.511219488310267,0.3033790170966646,0.4626823438638509,0.7444389718334495,0.511219488310267
208,14239602,g,4,-0.15843553241705854,0.07175518271337,0.15762367325660342,0.06082098679137509,-0.15843553241705854
209,14239602,r,6,0.26819722540347934,0.025837492598668743,0.0874934253768242,0.1886064920832358,0.26819722540347934
210,14239602,u,4,-0.5999789910148986,0.06348824156910737,0.09455946876138255,0.6246951686991112,-0.5999789910148986
211,14249468,g,5,0.7338483678452459,0.5294874603611703,0.9109570929985078,1.042298696268222,0.7338483678452459
212,14249468,i,2,0.7787340208137565,0.12151731149481004,0.12151731149481004,1.8363131216165725,0.7787340208137565
213,14249468,r,4,0.5965265056198434,0.0772152056906607,0.15144293962988098,0.9869485057361422,0.5965265056198434
214,14249468,u,3,0.06215707761391287,0.0004968700034182483,0.0018846567574532513,0.008061906141791779,0.06215707761391287
215,14411274,g,3,0.062215881838764586,0.408904172494551,0.4892747043901202,0.2621490231010168,0.062215881838764586
216,14411274,i,11,0.25926190425928475,0.14687947682492242,0.2431751975376477,0.21504768714406755,0.25926190425928475
217,14411274,r,9,0.37558861603101734,0.28390345204913725,0.4614515528061216,0.29722221837893037,0.37558861603101734
218,14411274,u,2,-0.21145139068559082,0.08798909058039328,0.08798909058039328,0.0888812597830411,-0.21145139068559082
219,14419511,g,2,0.7684000700408864,0.019426332682199288,0.019426332682199288,0.8726912835547664,0.7684000700408864
220,14419511,i,3,0.7020910983120356,0.05050277553573235,0.07654785900920691,1.2806721981966245,0.7020910983120356
221,14419511,r,6,0.548152450236277,0.1428469561416985,0.5340364116798804,1.2048298187193482,0.548152450236277
222,14485344,g,5,0.3573960058888759,0.15229692411362028,0.21938351355030083,0.5966756382164811,0.3573960058888759
223,14485344,i,3,1.1918371678620874,0.19768217434599777,0.4577666318255189,2.230153090022053,1.1918371678620874
224,14485344,r,7,0.6508990777372878,0.27564042593462545,0.4479175037564056,1.1868685174937827,0.6508990777372878
225,14485344,u,3,0.20502085236762446,0.07496423124838181,0.07667610339167363,0.07348258625886527,0.20502085236762446
226,14535712,g,4,0.8027299773988817,0.03492429905505334,0.056100580436489356,0.9025583840001521,0.8027299773988817
227,14535712,i,3,1.004433540995497,0.1846183188773871,0.20377363711020613,1.7287276561142833,1.004433540995497
228,14535712,r,6,1.172551958664671,0.07311484997352868,0.1166700327596839,2.0616637566970657,1.172551958664671
229,14588644,g,4,-0.25185502814636207,0.22334234641348227,0.45929693551464235,0.13889084374461502,-0.25185502814636207
230,14588644,r,7,0.04477397528368554,0.19649340401203985,0.3146994302615588,0.07459542875012999,0.04477397528368554
231,14588644,u,2,-0.7840896204689061,0.05763688851253712,0.05763688851253712,0.6261764839151875,-0.7840896204689061
232,14691862,g,6,0.43421585081990466,0.2237057874921511,0.38023231327205126,0.3099019148360103,0.43421585081990466
233,14691862,i,2,0.19105545344227515,0.13423340787331928,0.13423340787331928,0.16039174335031883,0.19105545344227515
234,14691862,r,4,0.7631689839260418,0.1887502527721172,0.2950913634838337,1.0707462645882062,0.7631689839260418
235,14749828,g,5,0.001453311728456086,0.06669702826411461,0.10407185027419485,0.006783450690904953,0.001453311728456086
236,14749828,i,3,0.430107041128849,0.022113780290830887,0.12045626801412812,0.25304618953291985,0.430107041128849
237,14749828,r,5,0.49441126778509603,0.21252049913590132,0.4244661552054898,0.29959253782767414,0.49441126778509603
238,14749828,u,4,-0.37860565150730663,0.046507717447876074,0.08711866921367295,0.1896408071790077,-0.37860565150730663
239,14760280,i,5,-0.6324529474876279,0.1642015071128604,0.21240349390703872,1.057036803718037,-0.6324529474876279
240,14760280,r,4,-0.5401186531169437,0.06314919418529497,0.10969939843078119,0.7613216302487201,-0.5401186531169437
241,15054451,i,4,1.6296956110530416,0.18617265191670573,0.2552182696104057,6.496070055348412,1.6296956110530416
242,15054451,r,6,1.2105195359147527,0.1515594012262571,0.31636947694915096,3.967109060672539,1.2105195359147527
243,15085304,g,5,-0.5317877703036624,0.060323901848071904,0.10502762541283239,0.4531967121856121,-0.5317877703036624
244,15085304,i,19,0.12892040936249338,0.10302095417863222,0.20516706993682865,0.07599461410979391,0.12892040936249338
245,15085304,r,18,-0.10519458360819367,0.10424127437302699,0.254498586402889,0.07636524044581822,-0.10519458360819367
246,15147187,g,5,2.106068586799766,0.21450124221853262,0.6591929843526518,4.254145270144986,2.106068586799766
247,15147187,i,8,1.9245980697572698,0.34491204525702446,0.7797662827010274,4.7723558203228755,1.9245980697572698
248,15147187,r,10,1.9875416839699327,0.10484400647583292,0.18245984192040554,4.704482815339376,1.9875416839699327
249,15147187,u,6,1.78815620506037,0.038160016718460366,0.06603942332725765,3.21831144724101,1.78815620506037
250,15153654,g,9,-0.41671319802561424,0.037800969738831736,0.05420497621514375,0.32634527222166293,-0.41671319802561424
251,15153654,r,7,-0.11261005147642011,0.10811408798564504,0.1736329074485753,0.08761182168106726,-0.11261005147642011
252,15153654,u,3,-0.6913424923673135,0.02596417761283054,0.09575386399710772,1.0324840078415154,-0.6913424923673135
253,15694856,g,3,0.03453753826751016,0.03375161155056983,0.2985692036046468,0.18541361301416684,0.03453753826751016
254,15694856,i,5,0.7266436529949711,0.032746506220239,0.03566330580868282,1.2686661952527143,0.7266436529949711
255,15694856,r,9,0.3478338082216961,0.06855122500663069,0.502848512487813,0.7146669943319501,0.3478338082216961
256,15732346,g,3,-1.8225527269302222,0.03907858457823421,0.061429870953732646,3.2476112023137667,-1.8225527269302222
257,15732346,r,13,-1.1535446394394797,0.11143056234881477,0.1575426271696847,1.6342914232723091,-1.1535446394394797
258,15849485,i,7,0.35132199530746,0.0627992846982095,0.11724974264466836,0.2564829008044423,0.35132199530746
259,15849485,r,4,0.22663442276884993,0.1300905856660015,0.28459277112916354,0.12767011834531702,0.22663442276884993
260,15861054,g,7,0.13830363731138018,0.15994926397746045,0.25696474116546497,0.06013180845083156,0.13830363731138018
261,15861054,i,8,-0.1301101937157192,0.06847607835195635,0.1379653485142716,0.026451372826968512,-0.1301101937157192
262,15861054,r,15,-0.15427769127775592,0.15191972579199464,0.5446190429112667,0.10950679340022224,-0.15427769127775592
263,15982982,g,6,0.8265316510081743,0.1482769444099279,0.24403712122368726,0.9340032693476185,0.8265316510081743
264,15982982,i,8,0.5746659448304853,0.21925509003494448,0.4352407258572301,0.8926440461806788,0.5746659448304853
265,15982982,r,7,0.6269605794863267,0.2497076836394263,0.31820468024050264,1.072944767422315,0.6269605794863267
266,16006753,r,7,-0.6504221891780637,0.15252650533730083,0.24674489597747273,0.7407334051556276,-0.6504221891780637
267,16006753,u,3,-1.398120224283993,0.016913155463457175,0.0610807749151836,2.323403567568683,-1.398120224283993
268,16031870,g,5,-1.6779591500842828,0.05515025081109082,0.19145951729986788,3.436651183544541,-1.6779591500842828
269,16031870,i,5,-0.5562784666550877,0.057328385421984374,0.06990694171948264,0.7415496776925581,-0.5562784666550877
270,16031870,r,11,-1.0844090606397097,0.2334369482237355,0.48388923236188086,1.7998361566489842,-1.0844090606397097
271,16031870,u,4,-1.4488320823983707,0.1863991144833318,0.3608779700057485,3.0804433547440606,-1.4488320823983707
272,1615736,g,5,-0.39028720308455656,0.024061155857878713,0.04875483917334389,0.19339888829695223,-0.39028720308455656
273,1615736,r,7,-0.1125896301050251,0.02905559679811498,0.13447646646142242,0.02824270075836396,-0.1125896301050251
274,16255744,g,2,1.1280756577216557,0.19374448259063992,0.1937444825906398,2.4419998737048867,1.1280756577216557
275,16255744,i,5,0.9240510022377615,0.026433531640950303,0.041936283205807445,2.635388884341693,0.9240510022377615
276,16255744,r,5,1.4481316237114448,0.15263323253853,0.2842017981123426,3.9572850421587296,1.4481316237114448
277,16255744,u,2,0.9568478466932219,0.019676547411999645,0.019676547411999534,1.5008492144965424,0.9568478466932219
278,16415931,g,4,-0.6443599518109804,0.025789269137699855,0.0472246815386268,0.9285064057563394,-0.6443599518109804
279,16415931,r,9,-0.39175638188460105,0.10577837460115946,0.1944150635520817,0.4277629106482492,-0.39175638188460105
280,16415931,u,8,-0.7345254708063448,0.09122098790518574,0.16953441425214566,1.0926999947373173,-0.7345254708063448
281,16441056,g,8,2.136480869139601,0.3904026790530237,1.2487767523680995,4.218213679853207,2.136480869139601
282,16441056,i,7,2.050982950922056,0.3173580968608327,0.6569435645929662,6.870397435417005,2.050982950922056
283,16441056,r,20,1.802450178663392,0.19095218688542515,0.6528476992414785,4.906995538662789,1.802450178663392
284,16441056,u,11,0.9239640758444059,0.08255673733249158,0.15373607647897258,1.2755068266310639,0.9239640758444059
285,16473538,g,5,0.13218884329649305,0.16396284337063638,0.4690785472776653,0.0960542154468742,0.13218884329649305
286,16473538,r,8,0.2725066886772862,0.24891891078853834,0.42584941110641267,0.30343775124309447,0.2725066886772862
287,16473538,u,4,-0.08074750749109283,0.06411967014773123,0.07801756426716627,0.026596061943749357,-0.08074750749109283
288,16710299,g,2,0.37510700236629646,0.022254021739652186,0.022254021739652186,0.3368879359620155,0.37510700236629646
289,16710299,i,4,0.9011309119404791,0.23361772392549196,0.4719492271408585,2.1565507085291875,0.9011309119404791
290,16710299,r,5,0.7888628713503771,0.10591200434828263,0.30082711914763083,1.420237467539715,0.7888628713503771
291,16832430,g,9,-1.111935412716284,0.08710239585885016,0.1167821338367534,1.6016641543759287,-1.111935412716284
292,16832430,i,6,-0.812751457400102,0.21901541481525366,0.3689302304827884,1.0018938670463853,-0.812751457400102
293,16832430,r,11,-0.8860398296490737,0.06853181034778166,0.1413099741013072,1.0965881124817678,-0.8860398296490737
294,16832430,u,2,-1.0004111002266918,0.022554676524682682,0.02255467652468257,1.3641558247625456,-1.0004111002266918
295,16907265,g,4,-1.505016612759097,0.2582009743670983,0.37301168677558616,3.2652631163125507,-1.505016612759097
296,16907265,i,2,-0.9649964123391539,0.6022686714794141,0.6022686714794142,1.8574332563479299,-0.9649964123391539
297,16907265,r,6,-1.4453091901011543,0.23155210632269507,0.6499412769260974,2.7384699986333865,-1.4453091901011543
298,16907265,u,2,-1.5783465350191137,0.20970935860000672,0.20970935860000672,2.96308651068464,-1.5783465350191137
299,16917488,g,7,0.5040015774891291,0.497374605173565,0.533639164483474,0.49561321346140347,0.5040015774891291
300,16917488,i,11,0.7647378441031154,0.23669761023656277,0.5705495252358811,1.6141609649506505,0.7647378441031154
301,16917488,r,12,0.9889083596193574,0.07295901559723128,0.20945641825250194,1.453178315748713,0.9889083596193574
302,16917488,u,7,0.2438029595483,0.3478171777314891,0.6213761690983822,0.22695800452653817,0.2438029595483
303,16925079,g,5,0.0033564648911514894,0.18541071032413203,0.25721978710719196,0.08806831550222248,0.0033564648911514894
304,16925079,r,5,0.06833050064295965,0.10980266267711791,0.20902209266669514,0.06849032267502222,0.06833050064295965
305,17032799,g,6,0.5416635887133566,0.10311898917127271,0.17681408050889025,0.6576774462680869,0.5416635887133566
306,17032799,r,8,0.9266489717849397,0.13252100317529714,0.27099035293738183,1.8640264651190064,0.9266489717849397
307,17032799,u,3,0.8770720030839636,0.025777146037436527,0.14821213905625907,1.0985878897582808,0.8770720030839636
308,17078531,g,3,-0.659560524705272,0.11138163127614842,0.12311537574981668,0.693282847190214,-0.659560524705272
309,17078531,i,6,-0.19232841580231452,0.07616114519517347,0.12393692423989056,0.13882327840856318,-0.19232841580231452
310,17078531,r,8,-0.3175496564119269,0.06400885623685182,0.1181639765853752,0.2164657199193756,-0.3175496564119269
311,17078531,u,3,-0.7173842252308824,0.09324579542604328,0.1422675697989576,0.6681174335565242,-0.7173842252308824
312,1718559,g,8,0.6596273201810929,0.051989960730628226,0.10263584625443378,1.064173333459407,0.6596273201810929
313,1718559,i,2,0.8925022486804512,0.07855053293571146,0.07855053293571146,2.041732658574025,0.8925022486804512
314,1718559,r,9,0.9146984206520861,0.07760846885703354,0.13958289103166321,2.3014039533991197,0.9146984206520861
315,1718559,u,4,0.8492713334263914,0.04195876532745646,0.10526551837513631,1.1306979983338994,0.8492713334263914
316,17356910,g,6,-0.5432311445397368,0.025137081197311395,0.04074989351908431,0.5049584936407979,-0.5432311445397368
317,17356910,i,17,0.20178071491802818,0.1476781451886564,0.23463697227493885,0.08266222738874612,0.20178071491802818
318,17356910,r,19,-0.09502701101271294,0.12037662648919412,0.1964744816716587,0.06578380902325147,-0.09502701101271294
319,17356910,u,7,-0.552934283326858,0.04932162777123317,0.0736049312411311,0.4806370009359339,-0.552934283326858
320,17430931,g,4,0.6175599669554493,0.2023795548269729,0.3902134999428151,0.8359089106068637,0.6175599669554493
321,17430931,i,3,1.039734466199231,0.03859811252697343,0.14878100206485656,3.312246967766306,1.039734466199231
322,17430931,r,5,0.9272300865777299,0.1144200251291938,0.2163942278586024,2.1256581600836824,0.9272300865777299
323,17430931,u,2,0.790870493318728,0.05736477632747361,0.05736477632747361,0.861669910402743,0.790870493318728
324,17457148,g,7,1.0706319542298082,0.1524271372941648,0.45902899441330136,1.5839060353106118,1.0706319542298082
325,17457148,i,4,1.7531072069926,0.23658239326888897,0.45102084072973114,5.579724340414028,1.7531072069926
326,17457148,r,8,1.4644254097314495,0.08448863781316529,0.30996518993170863,3.5930094089589777,1.4644254097314495
327,17457148,u,8,0.7467529976003778,0.15534612095521783,0.7462234453676668,1.2121400827509774,0.7467529976003778
328,17474490,g,2,-0.588804812887993,0.009967130042317862,0.009967130042317862,0.6061643394198987,-0.588804812887993
329,17474490,i,2,0.1309290807432305,0.5872506355254475,0.5872506355254475,0.5546783943876687,0.1309290807432305
330,17474490,r,8,-0.31132626817582887,0.06660228357311282,0.17120665074942676,0.3401745560724301,-0.31132626817582887
331,17474490,u,2,-0.4563700426193792,0.07048040751670792,0.07048040751670792,0.367351537366641,-0.4563700426193792
332,17475721,g,4,-0.3463478705848019,0.0008854929993709071,0.016801791082367123,0.2821187691030959,-0.3463478705848019
333,17475721,i,8,0.5790170527106421,0.3245841281850419,0.5790171256889862,0.5811754515991167,0.5790170527106421
334,17475721,r,9,0.2332720655052929,0.3400988457409273,0.5331646803053272,0.2374248984013,0.2332720655052929
335,17475721,u,3,-0.35003892198500375,0.0477027675406545,0.04776009248472779,0.26890056284096164,-0.35003892198500375
336,17511147,g,3,-0.11334799098735626,0.21134385818204482,0.3253141509299824,0.13222743470962348,-0.11334799098735626
337,17511147,i,3,0.08768257935901236,0.04840250697723425,0.09714119850330383,0.04272045414773746,0.08768257935901236
338,17511147,r,4,0.07224414358244435,0.25085890572559744,0.5749830075529139,0.3441672549855501,0.07224414358244435
339,17511147,u,2,-0.12886820366406693,0.10773970719828996,0.10773970719828996,0.03960171647640066,-0.12886820366406693
340,17609414,g,7,-0.9692771603363877,0.01926733833742378,0.04750509415618298,1.343890166948482,-0.9692771603363877
341,17609414,i,14,-0.30105885369455965,0.05886550246252731,0.10352048022290894,0.17104448040325557,-0.30105885369455965
342,17609414,r,15,-0.6049779433207485,0.032743779232704995,0.10872287452774687,0.5041825375928523,-0.6049779433207485
343,17609414,u,3,-1.5677343539962858,0.011558738159749726,0.017670537899258765,2.524826254099447,-1.5677343539962858
344,17642276,i,2,1.0900724762238672,0.25551969193520363,0.25551969193520374,2.9608381686763643,1.0900724762238672
345,17642276,r,6,0.9469870378723961,0.3684939725595677,0.7214537234209726,2.09018562215893,0.9469870378723961
346,17642276,u,4,0.10401993111614605,0.17477365082427032,0.412947877944741,0.2451873235310399,0.10401993111614605
347,17778237,g,2,-0.26865065189697335,0.05039323087136127,0.05039323087136127,0.17733052784956793,-0.26865065189697335
348,17778237,r,6,0.11961191805373605,0.06683350642567226,0.10658684251179251,0.06060170175092339,0.11961191805373605
349,17778237,u,2,-0.39463901994945305,0.08586589886299156,0.08586589886299156,0.33417435364619974,-0.39463901994945305
350,18125006,g,5,0.43425740877857333,0.217394778487207,0.35207472925044403,0.4945657839924487,0.43425740877857333
351,18125006,i,2,1.073942393088214,0.16765143983701702,0.16765143983701714,2.471308669279569,1.073942393088214
352,18125006,r,4,0.7422259240625239,0.03046862271815398,0.09283797079074951,1.1083735731379902,0.7422259240625239
353,18125006,u,4,0.4978082430003635,0.13408741621124087,0.27484626712755855,0.3527427430097987,0.4978082430003635
354,1813671,g,6,0.8925090823060413,0.16417313758189234,0.34519102652561795,1.129266103542123,0.8925090823060413
355,1813671,r,5,1.0643585883503597,0.10423901902034682,0.16337906887509868,1.9692255611123453,1.0643585883503597
356,18290282,g,4,1.477677491207515,0.16129581366056367,0.2983012208666467,2.923710277995804,1.477677491207515
357,18290282,i,2,1.231818415782381,0.1175179602635027,0.11751796026350259,3.334780850752812,1.231818415782381
358,18290282,r,10,1.709196360528943,0.2653147791248165,0.4539419835758651,4.395479540506285,1.709196360528943
359,18290282,u,3,2.0041529105441738,0.13055722430168304,0.5184960684098627,3.256908908558316,2.0041529105441738
360,1835292,g,7,1.9781874577815406,0.30613060875471354,0.4730531006779859,6.487388414777859,1.9781874577815406
361,1835292,i,6,1.784168843040276,0.15161399686690558,0.27172785205710914,7.782306719351959,1.784168843040276
362,1835292,r,7,2.0204996403287043,0.40174613268108184,0.6669223761402667,7.838866564073305,2.0204996403287043
363,1835292,u,3,1.4239177741327964,0.05442660967808699,0.09839285400561826,2.7774245962836357,1.4239177741327964
364,18383212,g,7,0.16601633585778552,0.011159072363682299,0.8404623402603676,0.6990941458052393,0.16601633585778552
365,18383212,i,13,1.5867147556210957,0.3464179252889328,0.6615812836346617,3.3655514058095424,1.5867147556210957
366,18383212,r,16,1.1020477416099346,0.4687183503006286,0.7258393590217576,1.9067402151931188,1.1020477416099346
367,18383212,u,8,-0.1561797982194736,0.058917784940174966,0.5007861461858993,0.25145082605524316,-0.1561797982194736
368,18384950,g,2,-0.5578560785633779,0.09338177301792272,0.09338177301792272,0.7029913499326248,-0.5578560785633779
369,18384950,r,6,-0.30931793423764653,0.05809238085488577,0.09121967405291609,0.20244317207107332,-0.30931793423764653
370,18384950,u,3,-0.4111390484692137,0.12822239940339397,0.21446150844267875,0.37225582368818017,-0.4111390484692137
371,18402427,g,8,0.05700551245723129,0.14671078969033546,0.39972837352526513,0.08020239124985641,0.05700551245723129
372,18402427,i,8,0.31096481251675234,0.3292357268867008,0.6408526402121835,0.617481913403331,0.31096481251675234
373,18402427,r,13,0.5610847506795893,0.18443252757069728,0.5599742173684963,0.47094132273256883,0.5610847506795893
374,18402427,u,5,-0.08917214199263857,0.09934517076046734,0.13476516434346242,0.028746735270335177,-0.08917214199263857
375,18411338,g,4,0.9267158161694308,0.268406389229608,0.5395126462941267,1.3336227058741483,0.9267158161694308
376,18411338,i,7,1.1965058133793838,0.3638884600836225,0.5870463848755368,2.834760654201401,1.1965058133793838
377,18411338,r,8,1.1185278665776863,0.2448854603619921,0.6078575335424174,2.8884585700772862,1.1185278665776863
378,18411338,u,2,0.8460967845579267,0.7509296510742317,0.7509296510742318,1.2098556638679685,0.8460967845579267
379,18530645,g,6,-0.7963408810088168,0.0772953801506786,0.14506409083438454,1.0001833834487572,-0.7963408810088168
380,18530645,i,3,-0.5907495958229589,0.012986381364384236,0.1788857067228714,0.6788654719042669,-0.5907495958229589
381,18530645,r,8,-0.5029719498219469,0.12378371380719067,0.19766942777206709,0.5684027561917284,-0.5029719498219469
382,18530645,u,2,-0.7734894466459581,0.08206633589916956,0.08206633589916956,0.7344688960776267,-0.7734894466459581
383,18555972,g,4,0.7168461908604631,0.1824456726078978,0.33306431454928986,0.782561617585727,0.7168461908604631
384,18555972,i,7,1.0687501361928382,0.10091306427935343,0.29070487842137627,2.0162996166300555,1.0687501361928382
385,18555972,r,6,1.0115020383011064,0.16841335611732589,0.2535858411574501,1.7970932673213837,1.0115020383011064
386,18555972,u,2,0.621204621333402,0.246685813812754,0.24668581381275406,0.512095179036592,0.621204621333402
387,18556419,g,4,-0.2575629143840753,0.15948789949222386,0.3195599031348935,0.20801869703726272,-0.2575629143840753
388,18556419,r,7,-0.1353199641427567,0.10229267170005363,0.32618062442896234,0.07546545344457437,-0.1353199641427567
389,18556419,u,3,-0.7027500759216072,0.004094559028875899,0.09491232592531051,0.7722578809748302,-0.7027500759216072
390,18767714,g,3,0.42852369568593907,0.406442868509872,0.5316163820900655,0.5246894720744257,0.42852369568593907
391,18767714,i,9,1.678707393989968,0.6409049648083083,0.9105157969491287,3.488966369081631,1.678707393989968
392,18767714,r,7,1.5371116645426417,0.6514416986651232,0.984622323576956,2.9422524466945554,1.5371116645426417
393,18767714,u,3,0.060591910298916085,0.019092169981284046,0.29614381061008066,0.12682242611833208,0.060591910298916085
394,18798779,g,4,0.448692196594762,0.43706383858756725,0.9337775010623309,0.6148706253719575,0.448692196594762
395,18798779,i,5,0.34295160520303436,0.055012003895022143,0.3166700170735375,0.5913747015363258,0.34295160520303436
396,18798779,r,10,0.4617540703770586,0.12260038386978556,0.4978571769656363,0.900565711899584,0.4617540703770586
397,18798779,u,2,0.7674272304032218,0.24023206956241572,0.24023206956241583,0.9587113100896365,0.7674272304032218
398,18849184,g,5,0.8458961441572244,0.32243775338621483,0.882630354841176,0.8948888429970108,0.8458961441572244
399,18849184,i,3,0.807615351588963,0.0002797034274717447,0.018848590519747854,1.588114933278521,0.807615351588963
400,18849184,r,6,0.5874620324062354,0.014271316917065846,0.02217722524784116,1.081319793137867,0.5874620324062354
401,18849184,u,2,1.0838481640760058,0.40100468002298173,0.4010046800229816,1.3017674840185625,1.0838481640760058
402,18898103,g,2,-0.7862761320134064,0.08126728981453102,0.08126728981453102,0.6545807690701704,-0.7862761320134064
403,18898103,i,2,-0.003805176410006883,0.08601736307988661,0.08601736307988661,0.010686810968861642,-0.003805176410006883
404,18898103,r,6,-0.18401820747956843,0.07885067877698682,0.13289154554111154,0.07558046115298843,-0.18401820747956843
405,18923903,g,4,0.07333125198290902,0.1042360132455703,0.20510414655910547,0.04219089592101689,0.07333125198290902
406,18923903,i,3,0.8334482676287884,0.07525843727545567,0.2188147283152787,1.3325984843322352,0.8334482676287884
407,18923903,r,5,0.4948112110488345,0.15703572157007306,0.2386614120221009,0.5584517496934237,0.4948112110488345
408,19062070,g,3,0.7071664987774455,0.004419301734915004,0.26713538902739564,0.5546709849996304,0.7071664987774455
409,19062070,i,8,1.0568254619668682,0.16567376210988582,0.31075535421401645,2.439846715790719,1.0568254619668682
410,19062070,r,12,0.9559365718035358,0.3126644949677625,0.6256480982925419,2.0021482459160405,0.9559365718035358
411,19062070,u,4,0.41933996535012497,0.01226391655382908,0.03939455741012099,0.2185692820356145,0.41933996535012497
412,1908469,g,8,-1.1652300885381663,0.058421865574650456,0.10027504226261419,1.8910237956319595,-1.1652300885381663
413,1908469,u,2,-1.5086286649456706,0.049371228266678946,0.049371228266678724,2.734725414174716,-1.5086286649456706
414,19113589,g,7,0.47700437626311176,0.5045200807730428,0.5552914781476177,0.5394454301652647,0.47700437626311176
415,19113589,i,5,1.081332199364896,0.5427551323967752,0.7364884700201577,1.810355240240694,1.081332199364896
416,19113589,r,10,0.9464207713568258,0.6102394807161812,1.0328246054272312,1.682104159240892,0.9464207713568258
417,19113589,u,5,0.20487845267182814,0.06488339050007985,0.07757481061180682,0.16225996000666792,0.20487845267182814
418,19173395,g,8,-0.11779323614590886,0.10001450220843433,0.6741129606289089,0.4787001125631824,-0.11779323614590886
419,19173395,i,6,0.4512035318227411,0.31153642921967184,0.5743001151826105,0.5870966584516286,0.4512035318227411
420,19173395,r,9,0.21779020425735984,0.17942387286366446,0.6237199990493291,0.42496220802809354,0.21779020425735984
421,19173395,u,5,-0.09046501161323928,0.04393809114828828,0.3610274152275752,0.09949939010126031,-0.09046501161323928
422,19220421,g,3,0.8677816585674858,0.04635467196499454,0.5029812663664129,3.1120695738591126,0.8677816585674858
423,19220421,i,2,2.021019661403555,0.04061562498765858,0.04061562498765836,8.705061507322885,2.021019661403555
424,19220421,r,4,1.5833553636447708,0.2383657787441088,0.46191475605365984,6.303995123072091,1.5833553636447708
425,19220421,u,2,1.6955070357735849,0.06674683766069145,0.06674683766069167,3.758867891299284,1.6955070357735849
426,1923042,g,3,0.022780666356862156,0.0008111480075161381,0.014418723004211431,0.0005846796464219901,0.022780666356862156
427,1923042,i,4,0.5881182864921277,0.20958273021040685,0.4313015593690367,0.7676264495240701,0.5881182864921277
428,1923042,r,8,0.617455475416425,0.25184575920499097,0.36548194774454607,0.6450990479588863,0.617455475416425
429,1923042,u,2,-0.24573155147719916,0.023152583803671467,0.023152583803671467,0.07312404540747641,-0.24573155147719916
430,19281930,g,7,-2.1372498412707865,0.2561021658260034,0.44147731283460834,5.228602821988207,-2.1372498412707865
431,19281930,i,6,-1.5795766837644079,0.1573019579202506,0.626721026632171,2.6736236864542646,-1.5795766837644079
432,19281930,r,15,-1.701575986171145,0.18022050175903792,0.5033390260726385,3.270508020376475,-1.701575986171145
433,19281930,u,5,-2.2229048119855737,0.08787777584552803,0.13662170976967047,5.2588274642120965,-2.2229048119855737
434,19295144,g,3,0.5028045828334398,0.10340052802127775,0.1683239817947504,0.45417495604451097,0.5028045828334398
435,19295144,i,2,0.8194443825137119,0.07738177892651676,0.07738177892651676,1.5615938967776422,0.8194443825137119
436,19295144,r,12,0.8978147881203071,0.17077201448515444,0.29301191623155276,1.8678924130936092,0.8978147881203071
437,19387117,g,2,1.443956952000355,0.11092428411555444,0.11092428411555444,3.5707325790180553,1.443956952000355
438,19387117,i,4,0.99322459989529,0.1960473550213211,0.30846756960218447,2.610228369491863,0.99322459989529
439,19387117,r,6,0.8673139824030437,0.16758830672338765,0.569576383035808,2.6346143331614074,0.8673139824030437
440,195239,g,6,-0.6262566899428763,0.039263588859105525,0.14251852494438189,0.6728344252389383,-0.6262566899428763
441,195239,i,4,-0.10534547067257094,0.051406109893609164,0.14715977530624208,0.04458580526637784,-0.10534547067257094
442,195239,r,17,-0.20549904205367509,0.09839882303718994,0.19214881825852892,0.13943520455561165,-0.20549904205367509
443,195239,u,5,-0.8177753487673325,0.02803563122908126,0.05189120280990256,1.098616857970799,-0.8177753487673325
444,19561276,g,8,-0.7565861166667736,0.04847190813756708,0.10180858549322791,1.1121767740026816,-0.7565861166667736
445,19561276,i,10,-0.3409899624081608,0.11502168301691773,0.19037402881930982,0.3735280944026391,-0.3409899624081608
446,19561276,r,18,-0.43949566624811587,0.056184726984115696,0.10554778713178614,0.39909723807909436,-0.43949566624811587
447,19561276,u,4,-0.8093949457489122,0.05479747464088569,0.09510539291360176,1.198976767769615,-0.8093949457489122
448,19621974,g,4,-0.07152823208051307,0.1278929676778835,0.2515654744660851,0.051528683655304594,-0.07152823208051307
449,19621974,i,3,0.7504931287246335,0.0052183418574591744,0.009847657520847153,1.0190005164128684,0.7504931287246335
450,19621974,r,9,0.4865615464645152,0.21937235984589387,0.39765418745072756,0.5133338634522246,0.4865615464645152
451,19621974,u,2,-0.03963856022154044,0.4346466805636885,0.4346466805636885,0.3341420831507765,-0.03963856022154044
452,19805789,g,4,-0.17101530989937064,0.06785205370099034,0.16401185668153223,0.08290371697890328,-0.17101530989937064
453,19805789,i,2,0.2576053397383218,0.15145361954435854,0.15145361954435854,0.23175227902490728,0.2576053397383218
454,19805789,r,4,0.3799823028343473,0.184511218682328,0.36518092551506554,0.3285866932589031,0.3799823028343473
455,19805789,u,3,-0.18650924546389858,0.06442086120754209,0.09944136968434636,0.09074503082056935,-0.18650924546389858
456,19894583,g,3,-0.12599984266460584,0.001177707817848761,0.019833917783626365,0.03516935546881634,-0.12599984266460584
457,19894583,r,9,0.4394292934116397,0.13538173114450958,0.23797350236897008,0.5238266369801698,0.4394292934116397
458,19894583,u,4,0.0683043826050026,0.08509898653340964,0.17917895175719578,0.04482075712180111,0.0683043826050026
459,19930712,g,3,1.2017878492130964,0.6080955731878885,0.6615991313205034,1.959135671985696,1.2017878492130964
460,19930712,i,3,1.6933711380805687,0.0002160754355802208,0.22252863013438473,4.709479653851508,1.6933711380805687
461,19930712,r,7,1.4849386063019485,0.18154464816820748,0.40287822644397897,3.592871738597539,1.4849386063019485
462,199696,g,3,-0.0004125794800406979,0.028334463301165957,0.29048551428256786,0.17569999041123452,-0.0004125794800406979
463,199696,r,7,0.8547872476058302,0.25810080251676215,0.5580357974697188,1.432718949541674,0.8547872476058302
464,199696,u,2,0.4392828932618912,0.15708343182197615,0.1570834318219762,0.3294334192888533,0.4392828932618912
465,20047880,g,4,-0.08154009931180206,0.11901234225782065,0.2289262294772711,0.04231431154802835,-0.08154009931180206
466,20047880,r,8,0.0900375734067117,0.032136947050241504,0.12941291487224482,0.01870640370350974,0.0900375734067117
467,20143856,g,11,-0.07780614958758147,0.1956253242347823,0.3482457837609714,0.1299478808554084,-0.07780614958758147
468,20143856,i,4,0.24127394119342388,0.16276390938151358,0.294887456345392,0.2381703307021581,0.24127394119342388
469,20143856,r,13,0.21943690024969587,0.18894296545260025,0.360641436827861,0.27705780730541735,0.21943690024969587
470,20143856,u,5,-0.06996573201246403,0.02124019208992811,0.022983551625608722,0.07547298689894123,-0.06996573201246403
471,20145304,g,8,0.8596145461848241,0.1320457807421297,0.27733595229418295,1.1658132408672863,0.8596145461848241
472,20145304,i,3,0.8850223365979115,0.1275906871647643,0.12797271632308072,2.230761899018137,0.8850223365979115
473,20145304,r,9,1.3170309553219004,0.19223161305759362,0.49398890330595235,3.121146237717058,1.3170309553219004
474,20145304,u,2,0.022481670201974557,0.013230765123945387,0.013230765123945387,0.0015406854839425685,0.022481670201974557
475,20223442,g,3,1.720539023885292,0.14567198339287968,0.3023476719433007,2.5957386169885903,1.720539023885292
476,20223442,i,5,1.9588171051046412,0.3374716674092988,0.5309084603310779,4.775020872877946,1.9588171051046412
477,20223442,r,7,1.753446967654542,0.31856036078319283,0.4985210623978087,3.8731689211732916,1.753446967654542
478,20283864,g,5,0.40506665222474014,0.18392101066079602,0.2547370195213805,0.19827069835784789,0.40506665222474014
479,20283864,i,4,0.885887823120479,0.22753850274054055,0.4225911198390052,1.4924286099906996,0.885887823120479
480,20283864,r,6,0.7894888539585146,0.19354591464045667,0.3563775274071045,0.958044879714631,0.7894888539585146
481,20359345,g,6,-0.7407537155715997,0.0597717625734544,0.10460685783364476,1.0458028799462022,-0.7407537155715997
482,20359345,i,9,-0.30279420370548915,0.07432766556724402,0.1574804486481982,0.2638288886808193,-0.30279420370548915
483,20359345,r,13,-0.4940819084933521,0.06932501782448508,0.13373815160850855,0.48644549810174925,-0.4940819084933521
484,20359345,u,2,-0.7233599455701858,0.003207994549323745,0.003207994549323745,0.970472334013812,-0.7233599455701858
485,2041237,g,5,-0.05641134555075045,0.1683493983086808,0.1974010307013936,0.07680553681232043,-0.05641134555075045
486,2041237,i,5,0.00019430855700952598,0.11584314301496823,0.2004145433046911,0.019374408550453755,0.00019430855700952598
487,2041237,r,12,0.1879222619780243,0.19214316030680123,0.4296765406763293,0.11594137247282495,0.1879222619780243
488,2041237,u,3,-0.18562750198377032,0.029119637996902092,0.04713068616044591,0.039595872597487904,-0.18562750198377032
489,20452456,g,8,-0.4872949497502168,0.06587607131768936,0.1372860906317242,0.4333592709029146,-0.4872949497502168
490,20452456,r,8,-0.057465521373413764,0.06814897642088391,0.11180444519760102,0.030724022735552466,-0.057465521373413764
491,20452456,u,4,-0.737605111452268,0.0023569420479881975,0.009046197947504497,1.0916257695917697,-0.737605111452268
492,20522327,g,8,0.49316897205937416,0.45307888035681476,0.751840088684901,0.3838808149929809,0.49316897205937416
493,20522327,i,7,0.27292427514656104,0.06372819676963837,0.4472537186201401,0.7832115325777996,0.27292427514656104
494,20522327,r,13,0.2527066506006568,0.05246867854363013,0.12266803754949929,0.1919697937406298,0.2527066506006568
495,20522327,u,7,-0.010030556253420642,0.08238805355227163,0.148195303366363,0.01413070784270004,-0.010030556253420642
496,20575078,g,3,-0.4708534344045989,0.04402108776363822,0.4473761485728657,0.44558110822988867,-0.4708534344045989
497,20575078,i,2,0.2887604276189749,0.0742505190687327,0.0742505190687327,0.20582592471067682,0.2887604276189749
498,20575078,r,6,0.09379868984544959,0.0802137794296145,0.16434765141100993,0.027991450975142593,0.09379868984544959
499,20575078,u,4,-0.6466763077959911,0.007574324339668537,0.029341617518575003,0.819187272888848,-0.6466763077959911
500,20684212,g,5,0.6442361407250381,0.5086347872812178,0.5116809717803825,0.4737243975000361,0.6442361407250381
501,20684212,i,2,0.29806902193129803,0.029527634528967006,0.029527634528967006,0.21752931802918296,0.29806902193129803
502,20684212,r,7,0.08677603024615865,0.025598889460337393,1.0745638695368225,0.8975843889152859,0.08677603024615865
503,20684212,u,4,0.1873930884851427,0.19761353161007167,0.22477217921521314,0.10334021869410467,0.1873930884851427
504,208075,g,6,-0.5529130979696268,0.10132054292736759,0.3261634202556678,0.4824106749689016,-0.5529130979696268
505,208075,i,7,-0.1247849028407445,0.10030746610822139,0.1300436241261161,0.08168100862988284,-0.1247849028407445
506,208075,r,15,-0.2436092534513019,0.12156298741968663,0.24204504942561655,0.1881926817094728,-0.2436092534513019
507,208075,u,10,-0.39269593487340215,0.057494346641475014,0.08826940676856987,0.21761105569857167,-0.39269593487340215
508,20837540,g,9,-0.6927508533262179,0.038007433909827526,0.12116755495908649,0.5231590284710621,-0.6927508533262179
509,20837540,i,9,-0.5017064925805834,0.062403133954676226,0.2370177374505551,0.4483110874487961,-0.5017064925805834
510,20837540,r,19,-0.5103404216318947,0.07221461270038931,0.19481342337090002,0.35465572994587463,-0.5103404216318947
511,20837540,u,5,-0.6463162525502182,0.05889898526180404,0.09934690357302745,0.47604522951758355,-0.6463162525502182
512,20843724,g,9,-0.7411045597214896,0.04649385127116057,0.08395695803996772,1.0098321354406419,-0.7411045597214896
513,20843724,i,5,-0.17318366394624785,0.032977987189362956,0.0389570441416871,0.06869082952329675,-0.17318366394624785
514,20843724,r,16,-0.3370526739051356,0.08404650612199493,0.13650699717356285,0.22814237659809866,-0.3370526739051356
515,20843724,u,6,-0.703398582003475,0.16882448570578956,0.30401487221641854,0.7566942740886707,-0.703398582003475
516,20945963,g,3,0.7850957531538505,0.3685860033768309,0.5708106332852037,1.543078368081377,0.7850957531538505
517,20945963,i,2,0.9670258245484745,0.13943817573571116,0.13943817573571127,1.9932861622991567,0.9670258245484745
518,20945963,r,3,0.8230963903413697,0.010840476252998332,0.09696091639541471,1.6821944716905122,0.8230963903413697
519,20945963,u,3,0.8224238737380678,0.19837319847214663,0.20029269215453527,0.918895742063806,0.8224238737380678
520,20991291,g,2,0.10686827331215876,0.018758801469560438,0.018758801469560438,0.029744481239552405,0.10686827331215876
521,20991291,i,4,0.9059414194815697,0.15471542383133596,0.48042516301069615,2.7270828250149326,0.9059414194815697
522,20991291,r,5,0.5760404143482798,0.07272704439682909,0.1164799836451742,1.268285624506699,0.5760404143482798
523,21058765,g,6,0.01710952744278882,0.18075160142965851,0.3260791016996428,0.07149851092056848,0.01710952744278882
524,21058765,i,3,0.17806795557449884,0.07403201105432577,0.14394514418953597,0.17087365402449584,0.17806795557449884
525,21058765,r,4,0.28691213252696085,0.13562210395247432,0.17996212551395616,0.24091559322329914,0.28691213252696085
526,21153032,i,4,0.3959748761068505,0.1811153153397682,0.31790505264978197,0.814636717108066,0.3959748761068505
527,21153032,r,7,0.6472883235004079,0.3196472749505387,0.4417865684619849,0.9773319253195603,0.6472883235004079
528,21153032,u,2,0.2021133525652205,0.08726592358505575,0.08726592358505575,0.10175509427045715,0.2021133525652205
529,21221955,g,3,0.3869918434377764,0.12838593075985938,0.1766444756775809,0.29375410321615414,0.3869918434377764
530,21221955,i,6,0.8514061786520869,0.09647211032006842,0.16030842423239777,1.7781524967460964,0.8514061786520869
531,21221955,r,7,0.5625128901659657,0.15001166236481245,0.4190869402230767,0.9834389196703114,0.5625128901659657
532,21255933,g,4,0.3575988674673356,0.38583554472129666,0.6854786764346398,0.3419209583247451,0.3575988674673356
533,21255933,i,5,0.5806921799994011,0.21238832354075332,0.4398215984376268,0.510307685561805,0.5806921799994011
534,21255933,r,7,0.7090542882608868,0.10409203914978038,0.12706835980543574,0.744742629582341,0.7090542882608868
535,21430190,g,4,-1.0282971617788914,0.08471319389603327,0.17957001175968035,1.6324861591676618,-1.0282971617788914
536,21430190,r,6,-0.8080254952490585,0.11512100603209097,0.2348688174641349,1.0088477483250085,-0.8080254952490585
537,21430190,u,2,-1.2754472280624678,0.10335910803112991,0.1033591080311298,1.9815708791290967,-1.2754472280624678
538,21456020,g,8,-0.24993905699155694,0.10469441389187406,0.17325001802302964,0.1463098488665254,-0.24993905699155694
539,21456020,r,2,-0.05621639028106007,0.1288755934131428,0.1288755934131428,0.04136300148555799,-0.05621639028106007
540,21472863,g,4,0.5463067020247796,0.24286355182228425,0.48433400750906624,0.5193707308108956,0.5463067020247796
541,21472863,i,14,1.1636158271698607,0.3717412722748029,0.7029654915234336,2.4639891453719795,1.1636158271698607
542,21472863,r,12,1.07240295614394,0.2806547032335812,0.5509331745647587,1.9166607208175372,1.07240295614394
543,21591983,g,6,-0.06991995778498306,0.12061334766472198,0.6474934188541158,0.3400529257856854,-0.06991995778498306
544,21591983,i,5,0.29817856921769437,0.07905537084242686,0.13223738460905343,0.28685794824279165,0.29817856921769437
545,21591983,r,11,0.2837332706878315,0.08234216327215482,0.6484275473766856,0.752660813865069,0.2837332706878315
546,21591983,u,7,0.032644993605882355,0.24458316849501194,0.4622951819549109,0.1443084112477865,0.032644993605882355
547,21634670,g,10,0.13317336168808447,0.28912689249517065,0.5356275756768278,0.21628594171281143,0.13317336168808447
548,21634670,i,7,0.6248523755557045,0.12309900656222705,0.1589684512893642,0.8363715235560335,0.6248523755557045
549,21634670,r,17,0.6100345509529952,0.11749743395822532,0.18819723412090505,0.7562264778135481,0.6100345509529952
550,21634670,u,7,-0.2754544277833437,0.044530049234432045,0.09284800155803141,0.09830253892153944,-0.2754544277833437
551,21676294,g,9,0.032944124741230985,0.02384636491967873,0.09786020732735379,0.05318721631896144,0.032944124741230985
552,21676294,i,2,0.7457727038713089,0.11094124526461724,0.11094124526461724,1.4222815639041113,0.7457727038713089
553,21676294,r,10,0.6215870891789382,0.2135500639239042,0.39460105257975653,0.9546206962195504,0.6215870891789382
554,21676294,u,7,-0.19403170063750075,0.11635355001414327,0.21295431201932102,0.0940181390777235,-0.19403170063750075
555,21803041,g,10,0.47607211098650515,0.48063551254407155,1.010501182511214,0.7558714472837526,0.47607211098650515
556,21803041,i,11,0.437398212095625,0.11001893732982548,0.3258845526749907,0.7472285689987164,0.437398212095625
557,21803041,r,13,0.3405675650520579,0.14809018150694708,0.6099459721048976,0.7443291959429224,0.3405675650520579
558,21803041,u,4,0.1882274024025039,0.11416155075899093,0.2426312031350536,0.06149104796090457,0.1882274024025039
559,21837988,g,6,0.3573184493424425,0.15793085062797008,0.3215281709496955,0.26979452974699153,0.3573184493424425
560,21837988,r,2,1.4855097290521102,0.4417829064661595,0.4417829064661596,2.8099341289203412,1.4855097290521102
561,21837988,u,3,0.10880348966634634,0.07729105435006844,0.09108094813600953,0.023706904863981308,0.10880348966634634
562,21919971,g,7,-0.6744687746260447,0.10284151934885344,0.3506701961688051,0.5688044349795239,-0.6744687746260447
563,21919971,i,26,0.07742610539931638,0.24059223447978084,0.5423793687518816,0.13935070685273587,0.07742610539931638
564,21919971,r,23,-0.28493898827268116,0.10656471175897475,0.47286109133367316,0.16209448258167675,-0.28493898827268116
565,21919971,u,7,-1.0001896630445932,0.054623797605753754,0.15298192405687594,1.0161330630498064,-1.0001896630445932
566,2223,g,7,0.9239089060981478,0.20338920624451085,0.6264458481228246,1.9992959167520312,0.9239089060981478
567,2223,i,2,1.3298311040510462,0.16228308807633152,0.16228308807633152,4.149866160532506,1.3298311040510462
568,2223,r,11,1.7985265555324808,0.36523635646548724,0.7355278808173327,4.3833132454481705,1.7985265555324808
569,2223,u,5,0.9021273644816299,0.13623208999998515,0.47189173633301595,0.8985396467283971,0.9021273644816299
570,22278717,g,6,0.10453782059167227,0.032795693469451326,0.073941863191618,0.02173546349397036,0.10453782059167227
571,22278717,r,5,0.04834272516143301,0.24502634893228303,0.6266463547617294,0.12262122693937312,0.04834272516143301
572,22283662,g,6,-0.014556548648300471,0.1361478152067619,0.2577981320050347,0.30565913391213057,-0.014556548648300471
573,22283662,i,8,0.5125292601761099,0.15394977456660308,0.27689668499210035,0.4952259634541287,0.5125292601761099
574,22283662,r,10,0.37653411729980735,0.15111108039959265,0.3368938579466189,0.4504373176201947,0.37653411729980735
575,22283662,u,5,0.2338774829176511,0.09893650575627988,0.1770274742046043,0.24712573125209653,0.2338774829176511
576,22409680,g,2,0.6675192570578865,0.39626864774755255,0.39626864774755255,0.7124346055031502,0.6675192570578865
577,22409680,i,2,0.9506361242568232,0.32455409369748145,0.32455409369748156,1.8855277681445255,0.9506361242568232
578,22409680,r,10,0.9769621309315959,0.15581785602722442,0.46182931960539775,2.0241437509524505,0.9769621309315959
579,22409680,u,7,0.09994725666539117,0.14746646624337312,0.4607355101498626,0.29571149412241354,0.09994725666539117
580,22451198,g,8,0.8670294928610667,0.3754092134173834,0.6336901553783599,0.997878094440785,0.8670294928610667
581,22451198,i,6,0.9189928518820809,0.2631878713103257,0.4952460465208842,2.0236123843807006,0.9189928518820809
582,22451198,r,11,0.7739690223117905,0.20361675529659284,0.3145369866162332,1.1835298023069714,0.7739690223117905
583,22451198,u,6,0.28086398435933035,0.26340018002003185,0.5087150173303645,0.18714852222226774,0.28086398435933035
584,22494523,g,5,0.13211391610253087,0.22657737389561894,0.4009912529458106,0.12888580609509667,0.13211391610253087
585,22494523,r,8,0.32082315853633003,0.12567010159953818,0.23515554664094285,0.40281150670988136,0.32082315853633003
586,22494523,u,3,-0.39107377128132903,0.04757864785839838,0.23807378318903194,0.20699945885823756,-0.39107377128132903
587,22501555,i,6,2.600880994274653,0.15377919201874812,0.26418351776181037,8.115721768305725,2.600880994274653
588,22501555,r,8,1.6664436602384525,0.308398002660466,0.8798162275865031,4.9463294669400915,1.6664436602384525
589,22501555,u,3,0.36291040005424513,0.020752797221833985,0.10937935388144215,0.25349240574352555,0.36291040005424513
590,22602422,g,5,0.014355683998969582,0.11456801165457975,0.21281180555119716,0.02426711526591884,0.014355683998969582
591,22602422,i,2,0.4009329716697704,0.19301449786110025,0.19301449786110025,0.2915509148619986,0.4009329716697704
592,22602422,r,4,0.08464002166741924,0.07414607658588546,0.18684867536244315,0.05695135162200829,0.08464002166741924
593,22612941,i,4,0.11553292980830332,0.06123262492734838,0.07883212684066782,0.05229842326759671,0.11553292980830332
594,22612941,r,9,0.0926687928157568,0.0539397980772498,0.32664068728301765,0.11309369102747308,0.0926687928157568
595,22612941,u,4,-0.12740262637591826,0.039124943369244325,0.07092519912785439,0.03325957829144366,-0.12740262637591826
596,22640971,g,5,0.09754769871018332,0.01766455077965512,0.031387976424547714,0.01829460250981913,0.09754769871018332
597,22640971,i,3,0.3005615665098691,0.10090677693074701,0.10608652623805848,0.24070184127570812,0.3005615665098691
598,22640971,r,2,0.3736187083148448,0.22810113431787093,0.22810113431787093,0.2865671454427805,0.3736187083148448
599,22640971,u,3,-0.24036724165254286,0.006005669940469804,0.09353832429286857,0.13989022047297042,-0.24036724165254286
600,22695468,g,3,-0.27830125250754234,0.007744733521088509,0.011859797006832706,0.1451112532105012,-0.27830125250754234
601,22695468,i,2,0.39724910877744146,0.09192484069278795,0.09192484069278795,0.3117791057760283,0.39724910877744146
602,22695468,r,7,0.09792791913089549,0.11889836346248162,0.17181754064549304,0.08566653851589802,0.09792791913089549
603,22695468,u,4,-0.5070212693198015,0.011346874754833647,0.06557108398341982,0.3037254981009222,-0.5070212693198015
604,22766743,g,6,0.7806271062055671,0.2259399722513764,0.4199653716026246,1.4651219444695898,0.7806271062055671
605,22766743,i,5,0.9549284398606499,0.48281641323347113,0.7255708467083231,1.9146444455685518,0.9549284398606499
606,22766743,r,5,0.8982749826627472,0.17414907581726946,0.2301390193503665,1.3568948668990415,0.8982749826627472
607,22766743,u,4,0.7481596930487088,0.2942034661206159,0.5791886691821293,0.8173932673560895,0.7481596930487088
608,22864258,g,5,-0.5299199431689359,0.014153512262251366,0.014408072569179309,0.43268698799191363,-0.5299199431689359
609,22864258,r,9,-0.04869488546799228,0.07808377746209816,0.17141557297458654,0.023274642035185977,-0.04869488546799228
610,22864258,u,4,-0.7327320285520647,0.026196070667754534,0.07065857038789958,0.7503235930942057,-0.7327320285520647
611,22888998,g,4,-0.7737420478464314,0.011206874915995535,0.022421015251515186,1.4258701394537963,-0.7737420478464314
612,22888998,r,5,-0.473729290930029,0.14315099470724846,0.26941595531779505,0.596697942353045,-0.473729290930029
613,22888998,u,2,-0.7950176952428751,0.16143367489877236,0.16143367489877236,1.3587469312426017,-0.7950176952428751
614,22906453,g,3,1.0425782348097907,0.008420099993163843,0.08260764183136382,1.7751474399660383,1.0425782348097907
615,22906453,i,4,0.7483439635195053,0.0966092453065126,0.22741549607025002,1.8803157064440326,0.7483439635195053
616,22906453,r,5,1.3360276240538944,0.27391944827485193,0.2847952625796579,3.290831800624276,1.3360276240538944
617,2296480,g,3,-0.38836433428603945,0.09994170116844603,0.14454342811306609,0.3199647900758313,-0.38836433428603945
618,2296480,r,6,0.07657071632823942,0.058581358580885645,0.09329083656242043,0.06471210469119591,0.07657071632823942
619,22983702,g,5,-0.2335659023779777,0.03643801056554585,0.07196496084417348,0.12078429389185415,-0.2335659023779777
620,22983702,i,2,0.10847653595528217,0.05760593411568948,0.05760593411568948,0.051866183133945865,0.10847653595528217
621,22983702,r,8,0.012852754079019868,0.06160760782872804,0.147874756593851,0.13035403729148853,0.012852754079019868
622,22983702,u,2,-0.15282917458875955,0.013827664381722227,0.013827664381722227,0.04639429974908092,-0.15282917458875955
623,23018529,g,2,-0.04157589189269806,0.11351219484806152,0.11351219484806152,0.027411151524819554,-0.04157589189269806
624,23018529,i,2,-0.014856655921370199,0.06481943291332326,0.06481943291332326,0.010536128967101318,-0.014856655921370199
625,23018529,r,6,-0.011550349601235355,0.04198973112319426,0.06774598191435205,0.029114475995278267,-0.011550349601235355
626,23018529,u,3,-0.46737310282195166,0.057359000976738184,0.13448553515862716,0.34061614632550175,-0.46737310282195166
627,23019266,g,4,-0.9611485084623383,0.04323936828155839,0.11485965355807581,1.237818911627735,-0.9611485084623383
628,23019266,r,5,-0.7684934526937057,0.08725247177387518,0.15096035404977304,0.8241273360844777,-0.7684934526937057
629,23019266,u,2,-1.320999376210037,0.00349424237042939,0.00349424237042939,1.882612831866108,-1.320999376210037
630,23113142,g,7,-0.5381958593844272,0.33062969455886515,0.49687204315610556,0.5432811817411591,-0.5381958593844272
631,23113142,i,3,-0.5600527304786838,0.2671109354876431,0.27116463600260465,0.784003309970508,-0.5600527304786838
632,23113142,r,7,-0.4567438776402226,0.057570436399634994,0.086139877102277,0.4585506024916887,-0.4567438776402226
633,23119432,g,3,1.9699993986151352,0.04580121396545955,0.6971443996563293,4.030499248414014,1.9699993986151352
634,23119432,i,2,1.6528407235321616,0.14384602409541503,0.14384602409541514,6.787537081887921,1.6528407235321616
635,23119432,r,3,1.374009672556845,0.05462566965670712,0.11410691582518351,4.432125413827631,1.374009672556845
636,23119432,u,4,1.0060740235471495,0.4259262019235115,0.8030407404079918,1.7177515005540918,1.0060740235471495
637,2314734,g,3,-1.2169877719318645,0.03188662624255012,0.06374526604924169,2.434359357887463,-1.2169877719318645
638,2314734,i,10,-0.7156548516845238,0.047922852268533656,0.12705062941051892,0.8276757425991109,-0.7156548516845238
639,2314734,r,5,-0.8560329095252346,0.03817309652087797,0.05787200445157237,1.3666391858274385,-0.8560329095252346
640,23163313,g,3,-0.3397539600565642,0.031306087249235226,0.08249460878907422,0.3176700424707888,-0.3397539600565642
641,23163313,i,3,0.1519485150887676,0.15162709412493824,0.20878457843674625,0.11747608503077699,0.1519485150887676
642,23163313,r,7,-0.05274293366392313,0.02548837893105782,0.05995311018635441,0.018444920145460248,-0.05274293366392313
643,23166735,g,4,0.5507615714187452,0.44080269135660244,0.8921062554543231,0.7024703436528711,0.5507615714187452
644,23166735,r,4,0.6210540720586346,0.17242497158123982,0.3633100079188071,0.7938378864597967,0.6210540720586346
645,23166735,u,2,0.7690743882341571,0.22890368531158467,0.22890368531158467,0.6006278188002152,0.7690743882341571
646,23169645,g,8,0.012161736426661407,0.06462949427096865,0.12485714891105709,0.06258620981217197,0.012161736426661407
647,23169645,r,7,0.3429104631455915,0.084451220066313,0.15560230912334533,0.3313549702577387,0.3429104631455915
648,23169645,u,3,-0.09577120194245725,0.07395808620864064,0.09839133159777391,0.03498056507719665,-0.09577120194245725
649,23181245,g,6,0.4892307100351967,0.14300249379021224,0.2667403825839514,0.5361029709020045,0.4892307100351967
650,23181245,r,4,0.6603195720582699,0.08566587602014841,0.2326822585061732,1.3280062473436356,0.6603195720582699
651,23181245,u,3,0.40149952686964374,0.007367835080843488,0.20225884631869945,0.17691726388547932,0.40149952686964374
652,23191271,g,3,-0.2368860133914017,0.007696920855472911,0.5205364128118838,0.27293603798450544,-0.2368860133914017
653,23191271,i,4,0.19290315100123,0.032659262073167716,0.05223185361372901,0.08915934853828078,0.19290315100123
654,23191271,r,3,0.03614991874462459,0.07533123302928524,0.09117477557378428,0.013643817454502195,0.03614991874462459
655,23191271,u,4,-0.6313379244291416,0.00039842651485988423,0.022802093560024828,0.652915312839556,-0.6313379244291416
656,23453369,g,7,0.28062959663798126,0.04596384239092299,0.05959898300269306,0.20807290117551705,0.28062959663798126
657,23453369,i,6,0.8317151798152717,0.17073397416267422,0.26247272712030734,1.591181137681711,0.8317151798152717
658,23453369,r,10,0.8727391399812495,0.1380079630325307,0.32847098343676717,1.5837207401704474,0.8727391399812495
659,23453369,u,3,0.3451651910964153,0.04514611885116837,0.17428021753226308,0.09482202127136918,0.3451651910964153
660,23461949,g,8,-1.8300599608091803,0.059913999658991024,0.1527934061874503,3.6378646490626894,-1.8300599608091803
661,23461949,i,5,-0.9915679978514458,0.17447946339172127,0.24456913002561764,1.3334949720543299,-0.9915679978514458
662,23461949,r,17,-1.2692439270584988,0.16297613096138397,0.34219270527265655,2.106063898467996,-1.2692439270584988
663,23461949,u,5,-1.4921904838673081,0.36075172631751773,0.675915327383714,3.2761587327393458,-1.4921904838673081
664,23523077,g,10,0.10577109593734002,0.15465427025095946,0.5882426679984005,0.21472203139523832,0.10577109593734002
665,23523077,i,7,0.2599091866837493,0.1869085150930312,0.34511853674767645,0.2782715847950375,0.2599091866837493
666,23523077,r,16,0.4331343821738044,0.23782640298925295,0.35879024295382167,0.4861644896107111,0.4331343821738044
667,23523077,u,4,0.2519731867830679,0.05015942834019982,0.15068729402729575,0.0635117072258705,0.2519731867830679
668,23528083,g,6,-0.33012423123985557,0.07238959469949102,0.16477028978488528,0.11438680873875035,-0.33012423123985557
669,23528083,r,6,0.17747337460780144,0.19441103301368745,0.30146151573634494,0.09193299491898126,0.17747337460780144
670,23528083,u,3,-0.25323996178309693,0.3220962761553601,0.33512772449074046,0.15518589841403133,-0.25323996178309693
671,23547292,g,3,-0.18068270476887704,0.1271747421797309,0.14533597758228722,0.09208229387551146,-0.18068270476887704
672,23547292,r,6,0.25763222294482757,0.09429219550827084,0.34815049357237393,0.2800456554589403,0.25763222294482757
673,23547292,u,3,-0.3047539401098127,0.046927047560350044,0.08232921051542474,0.13698073435694025,-0.3047539401098127
674,23771317,i,3,1.0827471436990446,0.4197460088989722,0.4998118725812061,2.774394928776099,1.0827471436990446
675,23771317,r,9,1.1913840203757335,0.1783793248890242,0.28296102941204526,2.9871292930036444,1.1913840203757335
676,23771317,u,5,0.5220602898209421,0.07118310920978121,0.1916075024031656,0.3730890697307574,0.5220602898209421
677,23806388,g,4,0.8116680073981144,0.11705335051124788,0.24090471259669688,1.5207331366175296,0.8116680073981144
678,23806388,r,4,1.3378727519010225,0.13870790331683802,0.20176878751518634,4.06511833315642,1.3378727519010225
679,23806388,u,4,0.9487431442177411,0.039707924647481074,0.07613794587360823,1.6082323220548278,0.9487431442177411
680,23901754,g,6,-0.3428607077927964,0.08615320117632597,0.16093587258237835,0.24743955682345575,-0.3428607077927964
681,23901754,r,7,-0.45380113362493746,0.03383028198817417,0.09357415497046517,0.5343187086547266,-0.45380113362493746
682,23942042,g,5,0.6672219276589333,0.29206732527580104,0.43430279509212477,1.6593941820055733,0.6672219276589333
683,23942042,i,3,1.0232414377765124,0.026255938991157635,0.1314949658016027,2.3359549536373514,1.0232414377765124
684,23942042,r,7,1.0341221536833491,0.166036864849209,0.3324898871081311,2.2657297173858724,1.0341221536833491
685,24057712,g,4,2.108011280401786,0.12748380306876173,0.254465753939368,8.271168792362277,2.108011280401786
686,24057712,i,4,2.010735976968424,0.02141077301822969,0.07511756156427318,11.019165039247337,2.010735976968424
687,24057712,r,7,2.2215793741961436,0.3798970107050259,0.7641313840933308,11.269583321547007,2.2215793741961436
688,24057712,u,3,1.9629214446979595,0.08943535934215285,0.4717731448190374,5.122210524523125,1.9629214446979595
689,24247112,g,4,0.3270415060674198,0.1457712045943128,0.35284377209894746,0.437846103131194,0.3270415060674198
690,24247112,r,5,0.7522577275899012,0.13086098958807635,0.1402593682888621,1.518860465346119,0.7522577275899012
691,24247112,u,5,0.6819077531555029,0.07718965393989219,0.14824757201209215,0.6449384671862435,0.6819077531555029
692,24338572,g,3,-0.3552605041470138,0.03094767273242205,0.041589893232659714,0.33379513385788345,-0.3552605041470138
693,24338572,r,6,0.1001101054354091,0.06433070023774096,0.10267510091152934,0.07504566230624406,0.1001101054354091
694,2434359,g,3,-0.7342559715403494,0.09035953606959501,0.09090784814255792,0.9264608329843925,-0.7342559715403494
695,2434359,r,4,-0.3502819400279209,0.06469962845423494,0.158943496952344,0.17463785025362666,-0.3502819400279209
696,2434359,u,4,-0.7650286107871671,0.11830696508133365,0.22468432112955106,0.8708584858760311,-0.7650286107871671
697,24403880,g,6,-1.2153197249170704,0.2878343010354373,0.5392026384429236,2.357690909843495,-1.2153197249170704
698,24403880,r,3,-0.6037466677891121,0.0005327967893837826,0.07536425239159594,0.7166317082156466,-0.6037466677891121
699,24403880,u,3,-1.3921428956803257,0.2113136718450741,0.307529974827371,2.762890967341105,-1.3921428956803257
700,24491492,g,3,-0.1872522883192822,0.016117712822823593,0.0190973914838114,0.06959927274671784,-0.1872522883192822
701,24491492,i,2,0.21320919003629601,0.08854177928731533,0.08854177928731533,0.1338833238129085,0.21320919003629601
702,24491492,r,7,0.1464739077505961,0.07455921954521849,0.14246679603343304,0.07892613888742686,0.1464739077505961
703,24491492,u,2,-0.3716036395270601,0.0755270669515502,0.0755270669515502,0.2355856480598348,-0.3716036395270601
704,24533228,g,6,-1.1204870277125818,0.01872676269619422,0.028456131270238272,1.2722417220160471,-1.1204870277125818
705,24533228,r,7,-0.3997939488128881,0.06326492327242783,0.2962494887654008,0.46101962285792236,-0.3997939488128881
706,24533228,u,4,-1.322486215515901,0.09550630072573085,0.18737050309436176,1.6223006608430117,-1.322486215515901
707,24760710,g,5,-0.3764946891952181,0.06135943725210713,0.06456974652450254,0.23638625009498937,-0.3764946891952181
708,24760710,i,6,-0.07727570726032396,0.04912997942296238,0.11747148458829398,0.04640815791390427,-0.07727570726032396
709,24760710,r,12,-0.14942793597660475,0.09442007299139543,0.16286379464206202,0.07014009009003046,-0.14942793597660475
710,24763869,g,4,-0.8000150365467633,0.04727100893816849,0.07511468704469526,1.0292191309875185,-0.8000150365467633
711,24763869,i,3,-0.33096290054740374,0.019755841710370703,0.03973139900268774,0.2641466791386271,-0.33096290054740374
712,24763869,r,8,-0.33156991552698034,0.10921235838088472,0.18278628289396448,0.23422610758280105,-0.33156991552698034
713,24763869,u,4,-1.0513553171515995,0.1196488099830364,0.22581159404570694,1.2386569053961536,-1.0513553171515995
714,24980557,g,7,-0.20031747363543628,0.1543885348604379,0.2504508768499961,0.1343458143263564,-0.20031747363543628
715,24980557,i,5,0.2542562636022784,0.09855455149327552,0.17126294266727282,0.18320729056858892,0.2542562636022784
716,24980557,r,11,0.1329169451094243,0.18197222096641819,0.5305597560592934,0.37159459397230477,0.1329169451094243
717,24980557,u,3,-0.21143919801785538,0.04032473364209532,0.047195769344062555,0.07963344221060842,-0.21143919801785538
718,2502517,g,5,1.2834098467406423,0.04534688155333777,0.18238410428064,3.1570190678051078,1.2834098467406423
719,2502517,r,6,1.6511129430246503,0.08535097251304058,0.15598230760460874,6.480036666870162,1.6511129430246503
720,2502517,u,3,0.8714458441348867,0.09506024763951126,0.11196392069571892,1.4003398136465126,0.8714458441348867
721,25219520,g,5,0.46976797691247696,0.29495975531961394,0.44049139308941676,0.5762989088014584,0.46976797691247696
722,25219520,i,4,0.8979187037210132,0.2558120020096395,0.34138132781200325,1.9110008841612633,0.8979187037210132
723,25219520,r,13,1.0365016377958145,0.18234827682629895,0.33714158691882345,1.9097251083181777,1.0365016377958145
724,25219520,u,4,0.6123756467376802,0.16732550572445892,0.37011144796627193,0.4152644659587348,0.6123756467376802
725,25370467,g,3,1.096810489798797,0.11226345172034469,0.3649780139769552,1.7958204681185006,1.096810489798797
726,25370467,i,5,1.5453888177969777,0.14990708484343407,0.246337971691041,5.92995199908166,1.5453888177969777
727,25370467,r,7,1.6535382356349906,0.2836384342394993,0.5826703859019244,5.101904571535043,1.6535382356349906
728,25378705,g,5,0.383403489631563,0.02434186856860343,0.038438607278737935,0.2935266154119808,0.383403489631563
729,25378705,i,6,0.6376328567476095,0.10202894164262288,0.15514216221754584,1.0446544978576209,0.6376328567476095
730,25378705,r,12,0.6256303596406972,0.0874854118191759,0.169276661033529,1.0253859849370186,0.6256303596406972
731,25378705,u,2,0.3535778722459376,0.05969522006709205,0.05969522006709205,0.22492571404088302,0.3535778722459376
732,25497094,g,7,0.7281218375940752,0.5205432453759347,0.604163561417985,0.8672302713230574,0.7281218375940752
733,25497094,i,25,1.2773956969394544,0.5183792796145275,1.0040913057863892,3.0392534409225465,1.2773956969394544
734,25497094,r,22,1.1554496430858254,0.5494614788762285,1.0845229569074246,2.270666304778424,1.1554496430858254
735,25497094,u,5,-0.17443917058771508,0.09778612538880838,0.3751783538031155,0.06732237430054001,-0.17443917058771508
736,25514032,g,6,-0.28734281552988894,0.12226589426458057,0.4658036847531309,0.3063369925000279,-0.28734281552988894
737,25514032,i,11,0.2713130261977499,0.5145359835545003,0.6417211726013722,0.4308094879133554,0.2713130261977499
738,25514032,r,15,-0.013211187419368553,0.31561105640557674,0.7623647030942422,0.3896834402500086,-0.013211187419368553
739,25514032,u,5,0.3461207413164975,0.37493782621733085,0.4907916939934711,0.20051185983275252,0.3461207413164975
740,25620665,g,8,1.6770523287431265,0.6457308003844696,1.1951788749910617,4.6626491962910155,1.6770523287431265
741,25620665,i,19,2.273570687233425,0.4600002459860226,0.9443033089567261,8.168867795501873,2.273570687233425
742,25620665,r,21,2.096244065097698,0.8183528672827183,1.5228274984517753,6.5903026503460085,2.096244065097698
743,25620665,u,5,1.7891070285876385,0.03354127411014618,0.5397388150194633,2.6362184085953975,1.7891070285876385
744,25745594,i,2,2.3972703042119043,1.036708158332345,1.0367081583323452,8.207987469504046,2.3972703042119043
745,25745594,r,7,1.4293505765556382,0.3101042846156328,1.1458300541905586,5.490513280147799,1.4293505765556382
746,25745594,u,4,0.35284699171684486,0.015595248560634767,0.259344606538373,0.6646958030276093,0.35284699171684486
747,25774908,g,7,-0.5521291806038922,0.018102487046112947,0.22488907345914033,0.4305962750165718,-0.5521291806038922
748,25774908,i,3,-0.15649895824012816,0.03872153396638267,0.07396195113143256,0.11339425653180979,-0.15649895824012816
749,25774908,r,9,-0.14868080897513902,0.1586140126746708,0.3747706958025486,0.14717870431542446,-0.14868080897513902
750,25811320,g,5,-0.16842773673023692,0.13812635991969868,0.17007130357428446,0.10312513801650129,-0.16842773673023692
751,25811320,i,9,0.30178287760575606,0.0864537497398633,0.14189738529661544,0.2838801082092441,0.30178287760575606
752,25811320,r,13,0.10476439967998608,0.12478648338040665,0.47249764260334215,0.18392908665523425,0.10476439967998608
753,25811320,u,4,-0.19188855945159744,0.06386048443242665,0.12420493438954422,0.07575136441984281,-0.19188855945159744
754,25844776,g,4,0.7662600202645272,0.23665490679682633,0.4668289174521778,0.7575138563719761,0.7662600202645272
755,25844776,i,7,1.0965770632496739,0.1509651597084507,0.32475092566910246,1.7386727069338335,1.0965770632496739
756,25844776,r,8,1.24576432702965,0.3563498675277069,0.7378040838799114,2.2225412079808042,1.24576432702965
757,25844776,u,3,0.9607987376658849,0.13958345577739983,0.3310306531291358,0.7899859963831632,0.9607987376658849
758,25932888,g,5,0.6849247977738013,0.026043014895932082,0.045048412961817164,0.4992923429339893,0.6849247977738013
759,25932888,i,4,0.7395488180613393,0.050288246742799636,0.0985374210245169,0.8446483811311382,0.7395488180613393
760,25932888,r,8,1.2220516100147405,0.0969309204926383,0.4665674456111888,1.2798249997419533,1.2220516100147405
761,25932888,u,4,0.2950192607269564,0.17101924256036627,0.32017614213262013,0.10897594584780168,0.2950192607269564
762,26048119,g,2,-0.49134857730013004,0.0049316586527272666,0.0049316586527272666,0.577051107393072,-0.49134857730013004
763,26048119,i,8,0.14487625761089973,0.05018180449366094,0.09079214642306824,0.05513972555849969,0.14487625761089973
764,26048119,r,12,0.10420035867008393,0.1204592179840207,0.24514077906216236,0.05296542767019743,0.10420035867008393
765,26048119,u,3,-0.4263529875330596,0.03400995915996563,0.06538975043402784,0.2807382912360805,-0.4263529875330596
766,26096349,g,2,-0.35385735633951354,0.0019862434579254185,0.0019862434579254185,0.2735139919960571,-0.35385735633951354
767,26096349,i,4,-0.15262700570999965,0.009210930433996123,0.028243989482489684,0.049493908419403834,-0.15262700570999965
768,26096349,r,5,-0.15374942401034652,0.014103039245143556,0.026452150689948217,0.0531330258256406,-0.15374942401034652
769,26296150,g,3,0.1649369458715073,0.10538975464686762,0.2745409436524954,0.1167105031600029,0.1649369458715073
770,26296150,i,2,0.03013088095910943,0.07009086198449432,0.07009086198449432,0.017702289577637944,0.03013088095910943
771,26296150,r,8,0.0359518597866923,0.14466475617541424,0.30370056978220683,0.14481810444551457,0.0359518597866923
772,26296150,u,5,-0.028576896849997424,0.18050045067829412,0.41622976495243014,0.1818490204404392,-0.028576896849997424
773,26373101,g,7,0.4962092877672617,0.1781721484487988,0.22472067219798897,0.6935447929745074,0.4962092877672617
774,26373101,i,6,1.0471609549331653,0.3202151233268228,0.4830031218845099,2.40869513543274,1.0471609549331653
775,26373101,r,16,0.8547119313304502,0.11746722562120027,0.24159045632835396,1.4554591167424007,0.8547119313304502
776,26373101,u,9,0.13300897074646323,0.1215293086174063,0.15352103547416096,0.2591747201393028,0.13300897074646323
777,26382167,g,3,-0.44393500908183503,0.0651400762398392,0.16576789458142044,0.42116560688006693,-0.44393500908183503
778,26382167,r,9,-0.05146454562593239,0.11930194973346442,0.15703087357874912,0.06299622998478399,-0.05146454562593239
779,26382167,u,3,-0.18229235768062324,0.01162975392588006,0.1933287973124601,0.06077670190349979,-0.18229235768062324
780,2638357,g,2,0.5223562803115145,0.23211462235107327,0.23211462235107327,0.4772997103908863,0.5223562803115145
781,2638357,i,6,0.34759674769424487,0.08507058993661487,0.16717016951489927,0.6732113452355182,0.34759674769424487
782,2638357,r,6,0.6199070025522732,0.273899986655599,0.42368961600730415,0.9156470575771394,0.6199070025522732
783,2638357,u,2,0.35072581617937426,0.013026311144567204,0.013026311144567204,0.18223544372877998,0.35072581617937426
784,26473769,g,5,1.8583346056492187,0.03216310987131399,0.04090933969663446,5.412474310052238,1.8583346056492187
785,26473769,r,4,2.332231273495226,0.013199630783792937,0.024471109957092008,8.306373844413002,2.332231273495226
786,26473769,u,2,1.9467038892377173,0.031101059802710607,0.031101059802710385,3.7116547095915715,1.9467038892377173
787,26480503,g,2,0.29720329311381355,0.5464527348592354,0.5464527348592354,0.3670923721880169,0.29720329311381355
788,26480503,i,3,0.6677097849457723,0.0006512921631354196,0.1799182377816011,0.6848544746722999,0.6677097849457723
789,26480503,r,6,0.18440951545857065,0.1170474574408612,0.42859766931914595,0.27927559170732086,0.18440951545857065
790,26480503,u,2,-0.25205535545431346,0.1584970154815546,0.1584970154815546,0.16836234910040976,-0.25205535545431346
791,26684625,g,3,2.0477839622962235,0.05705111249175454,0.5136643833176073,4.1914640887096075,2.0477839622962235
792,26684625,i,3,1.2012081888115473,0.020491652553509487,0.40238435946454665,5.10252979604779,1.2012081888115473
793,26684625,r,5,1.5467084525717731,0.29912971330118343,0.5414671716392261,4.557337359492923,1.5467084525717731
794,26729470,i,6,0.47030145695204917,0.22668636536024023,0.35922126063896836,0.5625667080387612,0.47030145695204917
795,26729470,r,9,0.16958037741263987,0.2532279611808672,0.5978336629400574,0.18322756373310772,0.16958037741263987
796,26729470,u,4,-0.5000435561571636,0.02074259483149321,0.11452484495618331,0.3833687938917477,-0.5000435561571636
797,26754525,g,2,-1.1631863420057642,0.12648160575275047,0.12648160575275025,2.5173545589666206,-1.1631863420057642
798,26754525,i,5,-0.759811945782231,0.0406036486332253,0.07027545537717939,1.2238112223905466,-0.759811945782231
799,26754525,r,6,-0.739184714971523,0.15700101225999752,0.25396877100969784,1.2419779448626598,-0.739184714971523
800,26770924,g,5,-0.32382148945932543,0.07280055924665452,0.21544303433625123,0.38024990533870867,-0.32382148945932543
801,26770924,i,3,0.6132124753066086,0.06659747009666583,0.3528136852029624,1.1212734838313134,0.6132124753066086
802,26770924,r,2,0.24831467206221447,0.0842169881922088,0.0842169881922088,0.12259888152781025,0.24831467206221447
803,26770924,u,4,-0.6040303525725286,0.08213897992244468,0.23764853808815184,0.6058489967768054,-0.6040303525725286
804,26776149,g,6,-0.6376960176064662,0.03034098067212565,0.05946755870671283,0.5615668975025256,-0.6376960176064662
805,26776149,i,5,-0.07972968475794895,0.028069412739797128,0.054585374350203164,0.017966846051571582,-0.07972968475794895
806,26776149,r,10,-0.20880233471731735,0.08139267477037215,0.18475079884787143,0.15297685319666618,-0.20880233471731735
807,26776149,u,5,-0.8991951628709287,0.06093756987643095,0.14594184695759727,1.1081664759629628,-0.8991951628709287
808,26828270,g,6,0.15615778443731987,0.07804373207224358,0.13188689712586343,0.06687209332999246,0.15615778443731987
809,26828270,r,4,0.1381907410697173,0.14388697543204654,0.23195299230543598,0.15424185298291634,0.1381907410697173
810,27006611,g,7,0.4067255944614043,0.22132135305813772,0.44217753305188556,0.19810913722905024,0.4067255944614043
811,27006611,i,3,0.3500154253926755,0.08559509386431441,0.08632244752501861,0.36254878133383056,0.3500154253926755
812,27006611,r,7,0.5265380777144213,0.13342709741507464,0.30930157919353274,0.803973607413312,0.5265380777144213
813,27006611,u,2,0.15096945413486884,0.20579681148131057,0.20579681148131057,0.09114305690078896,0.15096945413486884
814,27165849,g,6,-0.6301903113757872,0.15155024466943412,0.280451308770573,0.4310789376047017,-0.6301903113757872
815,27165849,i,3,-0.21978033923640528,0.07409144187383676,0.07758453639182505,0.08302745231264873,-0.21978033923640528
816,27165849,r,5,-0.4005731222676514,0.139880173916056,0.338069865327002,0.2312078982713485,-0.4005731222676514
817,27167650,g,4,-0.3750757169507024,0.16373290154243736,0.21026279320680685,0.31110051146847345,-0.3750757169507024
818,27167650,i,9,-0.18111950865271131,0.0966694492951079,0.21651227448139454,0.11244428224418483,-0.18111950865271131
819,27167650,r,14,-0.21611045138442364,0.18338364120871198,0.39013630575551744,0.17529351535345822,-0.21611045138442364
820,27167650,u,7,-0.6902526087499972,0.03436464465697786,0.05479124675999769,0.7688330759812042,-0.6902526087499972
821,27309563,i,2,1.3006937580561018,0.0013033847073802285,0.0013033847073802285,4.275097037331763,1.3006937580561018
822,27309563,r,5,0.9896822016487639,0.06420003457152257,0.08347362853099671,2.858542634343804,0.9896822016487639
823,27309563,u,4,0.13373870030307478,0.05962544834926564,0.08566839392977205,0.04543114686779041,0.13373870030307478
824,27312809,g,4,0.1506113332210114,0.1027112330103579,0.1709056611771268,0.0971985791140229,0.1506113332210114
825,27312809,i,7,0.32808579498581514,0.14592827191646496,0.5249309324296623,0.7607057601490145,0.32808579498581514
826,27312809,r,10,0.2923967312595656,0.25385668249745724,0.5080278376515414,0.27066639946689325,0.2923967312595656
827,27312809,u,2,-0.18458507946406377,0.08762479997171169,0.08762479997171169,0.048867395230441375,-0.18458507946406377
828,27480861,g,4,0.01952219815154488,0.12780274392496033,0.2439983326510131,0.040002316233567106,0.01952219815154488
829,27480861,r,8,0.48256888616585997,0.21772674259196517,0.4782343574971367,0.5120637155120322,0.48256888616585997
830,27480861,u,3,0.26564828479834124,0.06871480814298336,0.22146225898199579,0.10602140646504754,0.26564828479834124
831,27483595,g,4,-0.24984461823256976,0.08699990939166524,0.17351885953399004,0.15761648034795328,-0.24984461823256976
832,27483595,r,5,0.08827294235039052,0.04023158204541588,0.0984625725266779,0.10891922111953575,0.08827294235039052
833,27483595,u,3,-0.3212287207732669,0.01991409416144485,0.02229330422179432,0.20829133084174142,-0.3212287207732669
834,2752995,g,7,-0.8006502038203076,0.10178474515679548,0.12150089753622506,0.9791879513965455,-0.8006502038203076
835,2752995,i,5,-0.27097128199414877,0.008626019607314017,0.013218945203084642,0.20705038370585022,-0.27097128199414877
836,2752995,r,14,-0.49039312929430323,0.030483900845111767,0.1823481053438103,0.3809519728189131,-0.49039312929430323
837,2752995,u,6,-0.8255285997151004,0.057690549495880594,0.09887532460024073,1.0556713684748298,-0.8255285997151004
838,2756386,g,5,-1.0210727982537793,0.04948531182192095,0.07497535466024385,1.5255163362513762,-1.0210727982537793
839,2756386,i,10,-0.4851423237660043,0.015362572558617282,0.04828646477555043,0.34611328253311624,-0.4851423237660043
840,2756386,r,22,-0.6851660084680475,0.08371995724861525,0.1734579465823054,0.6867134379708422,-0.6851660084680475
841,2756386,u,4,-1.2262444353749764,0.05322791702325813,0.08212929067294783,1.5843627886325,-1.2262444353749764
842,27576909,g,3,0.24791414533557177,0.03781100573915808,0.2233871520891667,0.0884978151384493,0.24791414533557177
843,27576909,r,9,0.3405165738506455,0.16865576132407845,0.2925213192074829,0.3893206310358933,0.3405165738506455
844,27694785,g,2,0.6812111314720906,0.3696535367120231,0.36965353671202317,1.058032038010363,0.6812111314720906
845,27694785,i,2,1.1827415365525618,0.5850866030353383,0.5850866030353382,3.0963014786049095,1.1827415365525618
846,27694785,r,7,0.5826709632196992,0.14707827248301786,0.30468653846601157,1.365496602434753,0.5826709632196992
847,27727823,i,6,1.0193195787438905,0.3059072623062352,0.5760193860650454,2.4531284192077476,1.0193195787438905
848,27727823,r,3,1.3464532844175232,0.06602762819732844,0.38642497414890287,2.1257640822580965,1.3464532844175232
849,27727823,u,3,0.38378457805449306,0.010745913867552748,0.19997723382399024,0.1150404563239415,0.38378457805449306
850,27756623,g,8,0.5371485600226603,0.28629059633135756,0.6289492893249471,0.916474305553533,0.5371485600226603
851,27756623,i,2,1.039665769662532,0.04496999528761925,0.044969995287619025,3.0220008132298277,1.039665769662532
852,27756623,r,9,0.9196902014901929,0.1399068767446101,0.23209364053304804,2.1640021665630234,0.9196902014901929
853,27756623,u,3,0.23149816028878445,0.00361683301937199,0.22430392308210956,0.2770101443371809,0.23149816028878445
854,27929934,g,4,0.23815193149761504,0.14057263654416885,0.2304259454977562,0.1146833148161981,0.23815193149761504
855,27929934,r,5,0.40042457917922336,0.14754971141329865,0.16299320477149903,0.4830033242398503,0.40042457917922336
856,27982430,g,3,0.7686966791539118,0.1834335204134827,0.37732534449952093,0.7690386162525136,0.7686966791539118
857,27982430,i,4,0.3255784007648487,0.07591486652250745,0.2566508426222889,0.6816875654453252,0.3255784007648487
858,27982430,r,7,0.48568777123439855,0.09068769820848477,0.20524815103063931,0.5260678852299303,0.48568777123439855
859,27982430,u,3,0.1976396559836624,0.07384770412994923,0.19200599923021044,0.07788697293118371,0.1976396559836624
860,2799989,g,6,-0.06497609167654861,0.06328719205841105,0.11217822240596381,0.03404555478816394,-0.06497609167654861
861,2799989,r,6,0.33060208364600296,0.1092769766975834,0.17616684804622812,0.23564631688403717,0.33060208364600296
862,2799989,u,2,-0.12849650702240956,0.051537977312909655,0.051537977312909655,0.0272598709122457,-0.12849650702240956
863,28004135,g,6,0.41396847255835234,0.10244499360079995,0.4593801373773564,0.7567978901920559,0.41396847255835234
864,28004135,i,2,1.0383952632710536,8.955199378202217e-05,8.955199378180012e-05,2.5022805355645303,1.0383952632710536
865,28004135,r,5,0.8126838050148082,0.16210141245745358,0.23663755554643573,1.983632676677513,0.8126838050148082
866,28004135,u,3,-0.08565213004504812,0.032337449718019995,0.23240751455383346,0.0721363704673017,-0.08565213004504812
867,28006039,g,2,-0.7068414244818361,0.008579196431575231,0.008579196431575342,1.3230874231456462,-0.7068414244818361
868,28006039,i,2,-0.17336939465753054,0.004894232992413539,0.004894232992413539,0.05625450248521784,-0.17336939465753054
869,28006039,r,8,-0.46607184424136755,0.0241168238823094,0.049942923369698966,0.4734067785024115,-0.46607184424136755
870,28006039,u,4,-0.7469036757813483,0.019220960056063996,0.027146373398305945,1.1118163114251336,-0.7469036757813483
871,28096127,g,6,2.1600010226190003,0.10660688094675885,0.18101164732075015,6.51300124057673,2.1600010226190003
872,28096127,i,5,2.747996376104484,0.6624340435664613,0.9280663910846001,12.923132191062868,2.747996376104484
873,28096127,r,8,2.6224821741919055,0.4009563948785071,1.0280319743668078,10.066937353246026,2.6224821741919055
874,28096127,u,3,1.725664328302007,0.7638896065613001,0.8403977618357739,3.393526907391402,1.725664328302007
875,28155147,g,2,0.17908573240577175,0.027619342899487975,0.027619342899487975,0.042671936810788076,0.17908573240577175
876,28155147,i,3,0.7570530565356739,0.01546180488748794,0.37067682675791425,0.7837851555679056,0.7570530565356739
877,28155147,r,8,0.5536884780077592,0.22961375559966624,0.34402496138167793,0.5177599992004833,0.5536884780077592
878,28155147,u,3,-0.24139434542379212,0.0012459034938236968,0.08755366625521166,0.07606523930817842,-0.24139434542379212
879,28383841,g,5,1.371696667541077,0.2650078743674378,0.588807527021034,1.9199034523783591,1.371696667541077
880,28383841,i,10,0.970889951576642,0.34936481960542065,0.6356021862935294,2.4038663523365624,0.970889951576642
881,28383841,r,10,0.6996040522577944,0.1988613244765426,0.5759947238764381,1.721456279423218,0.6996040522577944
882,28383841,u,2,0.8330473980743685,0.1951760848408346,0.1951760848408346,0.7889435393953328,0.8330473980743685
883,28510551,g,5,0.40069342157716625,0.05432627966280057,0.23036817098805895,0.18723697367856293,0.40069342157716625
884,28510551,i,2,0.3940516116397053,0.1283864790178893,0.12838647901788935,0.4983037287737285,0.3940516116397053
885,28510551,r,4,0.29804820667684295,0.1993229628044476,0.3685489758092175,0.3056026223799265,0.29804820667684295
886,28510551,u,2,0.02902071864742628,0.11541038484590405,0.11541038484590405,0.024089966807017242,0.02902071864742628
887,2859973,g,3,0.857660206967205,0.030452992864089756,0.04258350986373827,1.3325954580069468,0.857660206967205
888,2859973,i,12,1.8464578310803685,0.7534767026491611,1.4940024331560733,4.952201459124297,1.8464578310803685
889,2859973,r,11,2.043551524310418,0.37174017085908595,1.0391849223308665,4.272533244503969,2.043551524310418
890,2859973,u,2,0.7988293471052829,0.10500091245258159,0.1050009124525817,0.9123258884987206,0.7988293471052829
891,28682363,g,6,-0.3246194360681176,0.05018714782113187,0.0855646963316502,0.2478274544704905,-0.3246194360681176
892,28682363,r,4,0.0005111740835315182,0.014376827972123363,0.01998527030946784,0.0017034649122595516,0.0005111740835315182
893,28682363,u,2,-0.2661620025591822,0.05431865463358765,0.05431865463358765,0.12182030576586467,-0.2661620025591822
894,28746872,g,7,-0.5020485680002418,0.06371206013971098,0.09506199332081844,0.5046313761612822,-0.5020485680002418
895,28746872,i,16,-0.11788857443043221,0.07597704463782634,0.18630862790842678,0.057201641135855436,-0.11788857443043221
896,28746872,r,18,-0.14888520886005185,0.10083724617560241,0.16781548580181638,0.09496226747118665,-0.14888520886005185
897,28746872,u,6,-0.1912005719802794,0.10639798094480363,0.1983910480783011,0.08652442965435024,-0.1912005719802794
898,28772873,g,3,-0.46601483307378144,0.08613851072153444,0.17892479394733596,0.26972590075123676,-0.46601483307378144
899,28772873,i,3,0.14855420544561726,0.13410475687387158,0.2468192762413176,0.08391557858670422,0.14855420544561726
900,28772873,r,6,0.039719470432919235,0.09223260769318464,0.14155328359705288,0.043577583830548466,0.039719470432919235
901,28772873,u,3,-0.5856626420622346,0.009021733042449576,0.11275352273798922,0.5305920331494555,-0.5856626420622346
902,28915202,g,5,-0.1510441365784565,0.12229488160377322,0.13103578318062148,0.10479907145573227,-0.1510441365784565
903,28915202,r,4,-0.0861400745901974,0.09799043332086349,0.1357717716137777,0.06705002798972115,-0.0861400745901974
904,28915202,u,4,-0.1707527621157513,0.05602967608314219,0.1409711110676157,0.06212038405413119,-0.1707527621157513
905,28936205,g,5,0.2586138033224714,0.15251800755392653,0.3831689121398032,0.37792712203433587,0.2586138033224714
906,28936205,i,2,0.7181954157115714,0.17619906621847192,0.1761990662184718,1.3749993775263776,0.7181954157115714
907,28936205,r,10,0.8745295516751665,0.3319889192281863,0.6872516860747913,1.782059971541214,0.8745295516751665
908,28936205,u,4,0.5530594747259747,0.12465882059738853,0.3116402970800699,0.38490858675364026,0.5530594747259747
909,28938160,g,5,0.18374637835090124,0.10105023693511028,0.13239965130218545,0.1654618209996585,0.18374637835090124
910,28938160,r,5,0.5276727924934534,0.25530261565847767,0.3053507090397829,0.5493590000119359,0.5276727924934534
911,28938160,u,2,0.7628628378008558,0.1583018764640115,0.15830187646401161,0.7302890666355528,0.7628628378008558
912,29036205,g,4,0.7729094065681289,0.004045805607890807,0.1647219195391365,1.9312146323514212,0.7729094065681289
913,29036205,i,2,1.9603394293267447,0.4426731185830487,0.4426731185830488,8.215290151755793,1.9603394293267447
914,29036205,r,5,1.2037642110921587,0.03638693286180383,0.046067982516017514,3.6145824269716536,1.2037642110921587
915,29036205,u,3,0.3700644086188931,0.17025658741222438,0.1911885707641392,0.34399873101369466,0.3700644086188931
916,2904647,g,3,-0.7069051809969027,0.006392527422140137,0.011532821888887379,1.301867239553291,-0.7069051809969027
917,2904647,i,5,-0.15043303457295276,0.10083931489025755,0.12319819227282003,0.11113461950458699,-0.15043303457295276
918,2904647,r,9,-0.3074678137415967,0.06053338158863775,0.23963911432130303,0.14193751104066926,-0.3074678137415967
919,2904647,u,3,-0.711504358919645,0.025856594128964794,0.13162691025774942,1.1886087377787684,-0.711504358919645
920,29115622,g,4,-0.08797645333893345,0.15507867937418973,0.36622836377469314,0.1624423941931857,-0.08797645333893345
921,29115622,i,4,0.09383577214909411,0.04377422578954515,0.18537100323926375,0.17804971233060846,0.09383577214909411
922,29115622,r,2,0.7236645632128942,0.02607950408097337,0.02607950408097337,0.7769489465330122,0.7236645632128942
923,29115622,u,3,-0.25098216249368144,0.006965388339121414,0.23811476775393203,0.09858316276745659,-0.25098216249368144
924,29232133,g,2,0.5314634391883344,0.07645813486266362,0.07645813486266362,0.5080267762018249,0.5314634391883344
925,29232133,i,4,0.4759333724913052,0.0881630781353645,0.1538674987164783,0.7379329640910541,0.4759333724913052
926,29232133,r,7,0.7649148837579358,0.1371525944672819,0.41336439733578945,1.9170442969680068,0.7649148837579358
927,29232133,u,4,1.1067211964322219,0.1766632304091016,0.41448473396617413,2.4396523617087245,1.1067211964322219
928,29259417,g,4,0.390178429911588,0.07766751959660334,0.08420907339190692,0.38063793460649453,0.390178429911588
929,29259417,i,2,0.7893915307736702,0.0048872896840989055,0.0048872896840987945,1.7929123465454073,0.7893915307736702
930,29259417,r,8,0.6939037114128701,0.06983068678135562,0.11625462561473499,1.3008818996826084,0.6939037114128701
931,29401097,g,7,1.0586007140408369,0.2624794081861628,0.8481814523447956,3.386825887665959,1.0586007140408369
932,29401097,r,2,1.5072669666988827,0.09450234723041284,0.09450234723041295,5.326581625838051,1.5072669666988827
933,29401097,u,3,0.7007677599429747,2.273364963856217e-05,0.059044173886867335,0.9518155784631425,0.7007677599429747
934,2950399,g,5,-0.690491255266374,0.052637491717128615,0.0773445241081736,0.794519265747423,-0.690491255266374
935,2950399,r,6,-0.4252522824793147,0.0978860987244633,0.18534678518873648,0.35152033303790126,-0.4252522824793147
936,2950399,u,3,-0.9565269494147199,0.0015290386339747997,0.030536559950045894,1.288640759050405,-0.9565269494147199
937,29584717,g,5,1.1978754482510388,0.1884893939759904,0.883575304932696,4.348515856003572,1.1978754482510388
938,29584717,r,6,1.4489935520660004,0.2555877708854696,0.4247263549764897,5.039435747184812,1.4489935520660004
939,29584717,u,2,1.362070747679499,0.21421792968824938,0.21421792968824915,2.738033097280833,1.362070747679499
940,29645190,g,5,-0.7638388205132467,0.050922801111062066,0.08258535098207709,0.7968175549589293,-0.7638388205132467
941,29645190,i,3,-0.19645190973721527,0.08737394933481446,0.2124220510453515,0.0890833351903701,-0.19645190973721527
942,29645190,r,7,-0.46971924188248537,0.061373382868700865,0.12869677228422827,0.4725137105885935,-0.46971924188248537
943,29698069,g,7,0.3540368404670877,0.11095085121648163,0.24186719324780392,0.35487414219107966,0.3540368404670877
944,29698069,i,8,0.683333280141019,0.04472802654652408,0.09631423291193864,1.2063717680618908,0.683333280141019
945,29698069,r,15,0.7466860783319096,0.20518332950508644,0.459952646955899,1.1201438562728876,0.7466860783319096
946,29698069,u,5,0.383447564948451,0.20517819790059466,0.4085578192459298,0.22158731988911323,0.383447564948451
947,29836100,g,5,2.3916461980489205,0.6592641349174118,0.9054504758673931,6.03381443109879,2.3916461980489205
948,29836100,i,13,2.2502528341996926,0.41670423543386104,0.8136338847853581,7.177930139674846,2.2502528341996926
949,29836100,r,24,2.6591944891441113,0.7034548979005697,1.233577799885595,7.502092941253139,2.6591944891441113
950,29836100,u,6,2.540075082598616,0.2837109766344963,0.5310097319420986,5.918675021173648,2.540075082598616
951,29884282,g,5,-0.11706557630488645,0.051334873655487945,0.09806763845947897,0.05314168665884961,-0.11706557630488645
952,29884282,i,7,-0.03894982500523492,0.06378194475179999,0.1963439900591153,0.0813272115942901,-0.03894982500523492
953,29884282,r,8,0.030360639757262997,0.1332606496375216,0.24201896064045325,0.036298271169285086,0.030360639757262997
954,29884282,u,3,-0.07842479719363249,0.03518442348420647,0.1304035131466058,0.059159900582282626,-0.07842479719363249
955,29934644,g,4,1.2236695736800067,0.42104620158049877,0.8810553928450887,3.1681044185923213,1.2236695736800067
956,29934644,i,2,0.800430493493224,0.05837650046183396,0.05837650046183396,1.6034449278962408,0.800430493493224
957,29934644,r,4,0.9411934556695909,0.016582170150320374,0.189782719936733,2.669083824765678,0.9411934556695909
958,30009820,g,5,0.4742523830048375,0.0982142259024914,0.2567459913082988,0.32747060818491686,0.4742523830048375
959,30009820,i,2,0.5044387051346314,0.0026639133486713318,0.0026639133486712208,0.840669725003919,0.5044387051346314
960,30009820,r,7,0.5866399138972842,0.20631898440710095,0.3997349624773879,0.7793729849777813,0.5866399138972842
961,30120663,g,2,-0.6110092899778641,0.009403918581284199,0.009403918581284199,0.7361500094471793,-0.6110092899778641
962,30120663,i,4,-0.18237281531383442,0.01996827824233882,0.026901314215424632,0.09870106049217206,-0.18237281531383442
963,30120663,r,6,-0.2462822746837573,0.06222727687806173,0.12280971136720797,0.1861108317104104,-0.2462822746837573
964,30204980,g,4,-0.24257390144290947,0.0985442657306288,0.10195992109471813,0.13599708837568653,-0.24257390144290947
965,30204980,i,4,0.24136782757632602,0.20773878734787554,0.2956066764797879,0.2191494518019002,0.24136782757632602
966,30204980,r,5,0.13486793661265706,0.1410826203123754,0.16672090089982206,0.1391272810877849,0.13486793661265706
967,30204980,u,2,-0.22767149423701605,0.3494973652696117,0.3494973652696117,0.3064116876570031,-0.22767149423701605
968,30223190,g,13,0.27740291709948384,0.5612320123271242,0.8926498869705999,0.44457134886744315,0.27740291709948384
969,30223190,i,13,0.6942274721919113,0.13442637807365743,0.267145376300989,1.0203000980072408,0.6942274721919113
970,30223190,r,15,0.48221569170365375,0.20597491742540863,0.4534720532842901,0.7911568756957316,0.48221569170365375
971,30223190,u,9,-0.07472678609026984,0.4521354139096698,0.7603809915599009,0.24122444628127018,-0.07472678609026984
972,30259747,g,5,-0.2394264059357507,0.05317352707051182,0.07151815942419049,0.12613553055368065,-0.2394264059357507
973,30259747,i,9,0.49201147992167105,0.17359118205742075,0.38450433666609296,0.3242223105315691,0.49201147992167105
974,30259747,r,11,0.516800410229969,0.17469345248089763,0.8801004550926849,0.3188356934427501,0.516800410229969
975,30259747,u,5,-0.24993572461945757,0.13225837239459004,0.260079475625683,0.06093084045617335,-0.24993572461945757
976,30280039,g,3,-0.5235666219321837,0.012818854947437508,0.03987016328770254,0.653747554511154,-0.5235666219321837
977,30280039,i,4,-0.17080735766172128,0.025245905301469862,0.09324704034234044,0.06744628485041253,-0.17080735766172128
978,30280039,r,9,-0.07269818208265577,0.07994889980151942,0.2464665998770963,0.10351367774462299,-0.07269818208265577
979,30280039,u,5,-0.7185631286632853,0.17335560904873948,0.3359852030399504,0.8667221330409187,-0.7185631286632853
980,30390677,g,6,-0.6732675156500615,0.05036489868509708,0.08552432918808373,0.8543670700742386,-0.6732675156500615
981,30390677,r,5,-0.4140165763928194,0.14965637381869246,0.3063518651485293,0.6320819664016236,-0.4140165763928194
982,30390677,u,2,-0.5402303116930898,0.02348863359615372,0.02348863359615372,0.46375495742766415,-0.5402303116930898
983,30418523,g,5,0.5785396209523057,0.2045010796002984,0.9416746025363658,0.3667415112736133,0.5785396209523057
984,30418523,i,10,0.4653180547425566,0.3500877672627778,0.6853962943727563,0.5280663455383132,0.4653180547425566
985,30418523,r,11,0.4464453116260185,0.2523943713651584,0.410669783824814,0.35933874541488425,0.4464453116260185
986,30418523,u,3,0.07138809331414286,0.05279287869384364,0.2823977456112773,0.11138581684860573,0.07138809331414286
987,30422541,g,6,0.8429143570396059,0.29234100887425263,0.6477814054447975,1.175502596566198,0.8429143570396059
988,30422541,i,10,0.952062359599048,0.1931078724176717,0.3638215845517785,1.9869525833053097,0.952062359599048
989,30422541,r,17,0.8909922428788628,0.12841766111114428,0.2536802129924436,1.4807372178455023,0.8909922428788628
990,30422541,u,3,0.672212955895847,0.07446296886931325,0.11897945068687688,0.5496161611054724,0.672212955895847
991,30455253,i,3,0.2811371137149372,0.1894084258066826,0.3044953695134869,0.2937010836017086,0.2811371137149372
992,30455253,r,6,0.016282441769248313,0.09200701424764701,0.14129062141016419,0.03652347881406842,0.016282441769248313
993,30499509,g,4,-1.0082362294969691,0.08407486737002001,0.163518154014751,1.0491280661059124,-1.0082362294969691
994,30499509,i,5,-0.5953971177356183,0.13750865722084527,0.21211552129326927,0.38293448226601484,-0.5953971177356183
995,30499509,r,4,-0.8143636775731045,0.021014612373353003,0.11725679241566,0.6420543417878775,-0.8143636775731045
996,305114,g,3,0.6902434297577964,0.02253933567612698,0.0549565428786829,0.8434438133885224,0.6902434297577964
997,305114,i,4,0.962545758255285,0.1600840907021719,0.3434925886957867,1.967966380285013,0.962545758255285
998,305114,r,6,1.0014758851267407,0.06484161193696414,0.12498373459106382,1.8665440803799687,1.0014758851267407
999,30552977,g,6,-0.7080342420935019,0.047577105341054304,0.0867609641838274,1.1152671477349836,-0.7080342420935019
1000,30552977,r,7,-0.5318352339341508,0.11247801920973433,0.1670945257423322,0.7485019464010545,-0.5318352339341508
1001,30552977,u,3,-0.5151980499941717,0.00477178877881923,0.010094577188459186,0.45094406222015876,-0.5151980499941717
1002,30714571,g,2,0.12603657196728324,0.01030760158913091,0.01030760158913091,0.04338786861975434,0.12603657196728324
1003,30714571,i,2,0.9115210392187993,0.16587722784942938,0.16587722784942938,1.78830208743945,0.9115210392187993
1004,30714571,r,7,0.6462298517657548,0.15100673718813395,0.4429058342618576,1.394832066380052,0.6462298517657548
1005,30743417,g,6,-0.09400519555162457,0.15328878573219162,0.24718354055647107,0.07696968955803987,-0.09400519555162457
1006,30743417,r,4,0.3844211711632113,0.09888227603230837,0.2655635294578993,0.18536516227943844,0.3844211711632113
1007,30743417,u,4,-0.17730841621010718,0.1537871848678004,0.2615993013898334,0.07302390058696559,-0.17730841621010718
1008,30816595,g,4,0.35055688932366924,0.06861588772203198,0.11652541817912898,0.16590414224705063,0.35055688932366924
1009,30816595,i,4,0.5750451807597546,0.03229803950171961,0.22887765301621998,1.130003722482985,0.5750451807597546
1010,30816595,r,13,0.9615388552765516,0.15660274379270045,0.26325541291188004,1.3603040581661558,0.9615388552765516
1011,30816595,u,3,0.014477154495443845,0.01831878377337892,0.02381935323119211,0.0007695078792325252,0.014477154495443845
1012,30835331,g,5,-0.117784436387107,0.09118166151028961,0.501373197459005,0.36305725469511174,-0.117784436387107
1013,30835331,i,9,0.4937813932921069,0.19908318832748528,0.4517572680100501,0.39858046628065225,0.4937813932921069
1014,30835331,r,10,0.2844325524314447,0.14093062679520674,0.282782371532137,0.2595452686392462,0.2844325524314447
1015,30835331,u,2,-0.19073349152555008,0.13375031581587016,0.13375031581587016,0.07229468629197987,-0.19073349152555008
1016,30936995,g,6,0.570463344521934,0.3594116508053461,0.6946452041520759,0.6692011149692045,0.570463344521934
1017,30936995,i,16,1.1739303673411943,0.31068942299188607,0.6143431790898553,1.8734737719074497,1.1739303673411943
1018,30936995,r,18,1.0868342077747952,0.44595331034293717,0.7515346304027172,1.5456559002569472,1.0868342077747952
1019,30936995,u,5,0.5782156051720069,0.016649991130719854,0.49012387806998037,0.2177699934957796,0.5782156051720069
1020,30941279,g,8,0.5144521879163537,0.07647442687351724,0.18301426386573189,0.550469484647063,0.5144521879163537
1021,30941279,r,7,1.008803470986622,0.12710662945991302,0.25521407275320473,2.1621868701885205,1.008803470986622
1022,30941279,u,3,0.6583002968998619,0.06174701443121999,0.11990347294827441,0.6485058620247016,0.6583002968998619
1023,30989272,g,2,-0.49290760564177416,0.06932097206707477,0.06932097206707483,0.474563089371423,-0.49290760564177416
1024,30989272,i,3,-0.1726048116275063,0.057239477495846014,0.12571123277779173,0.06881020660739262,-0.1726048116275063
1025,30989272,r,11,-0.10194888282259296,0.05696215598653298,0.10210050135309856,0.048298073777980455,-0.10194888282259296
1026,30989272,u,2,-0.6989696701607244,0.00374710327896266,0.00374710327896266,0.9335499273801172,-0.6989696701607244
1027,310566,g,6,-0.29165122668981824,0.06311156384144145,0.11682678236559624,0.1781093829029903,-0.29165122668981824
1028,310566,r,8,-0.2068965531051924,0.14082149798625254,0.19911364831364248,0.1702967513315823,-0.2068965531051924
1029,31220343,g,5,0.2592415805120385,0.42235343705107575,0.532639792161371,0.22243251121691182,0.2592415805120385
1030,31220343,i,4,0.27780935540402407,0.065278484406463,0.18740461951888082,0.27744611301462613,0.27780935540402407
1031,31220343,r,11,0.5009940420541374,0.2780498584700266,0.5239741270044797,0.43739008076155733,0.5009940420541374
1032,31220343,u,2,-0.09420450503431477,0.3578917154556147,0.3578917154556147,0.22176099628751564,-0.09420450503431477
1033,31379373,g,4,0.188941248075002,0.0631907023236169,0.11936177189688302,0.17129072695212505,0.188941248075002
1034,31379373,r,6,0.5578741385268773,0.06373262137731156,0.11459246804825096,0.80313599464123,0.5578741385268773
1035,31434339,g,6,-0.5169547071898903,0.039678503520575004,0.06475497529736352,0.6985253356730085,-0.5169547071898903
1036,31434339,i,2,-0.1464074231645317,0.24762677340464478,0.24762677340464478,0.15928017549262077,-0.1464074231645317
1037,31434339,r,17,-0.08708310518304185,0.12437806571674725,0.28448805403527,0.07677178234734584,-0.08708310518304185
1038,31434339,u,6,-0.575118748826458,0.12158077001614154,0.21723872183044152,0.5102302447738584,-0.575118748826458
1039,31466474,g,5,-0.5255694904390142,0.08052312091750435,0.09452635516896146,0.3445924976916908,-0.5255694904390142
1040,31466474,i,3,0.024881936586147013,0.09197520845623308,0.10212005910064914,0.011249853435436023,0.024881936586147013
1041,31466474,r,8,-0.11672768587749138,0.12428374465271852,0.19730039325761217,0.050955352137703136,-0.11672768587749138
1042,31466474,u,2,-0.2424159725569679,0.059229607092835534,0.059229607092835534,0.06360823235272677,-0.2424159725569679
1043,31493330,g,7,0.8756905871197009,0.3133237840597334,0.5515048906909902,1.0330355058721987,0.8756905871197009
1044,31493330,i,3,0.7783054156970102,0.15996155954937885,0.18921466606287163,1.6539941526009587,0.7783054156970102
1045,31493330,r,6,0.8058628993109254,0.12733672049190448,0.23286300264063486,1.5393453986361567,0.8058628993109254
1046,31493330,u,3,0.4808725424943461,0.061187399367745865,0.3050720593199475,0.7112458079075891,0.4808725424943461
1047,31500377,g,4,-2.2448543840743995,0.11463913683654892,0.16523961543930188,5.112389094248972,-2.2448543840743995
1048,31500377,i,2,-1.2488491022981334,0.08448923715584444,0.08448923715584455,2.4753374546029256,-1.2488491022981334
1049,31500377,r,6,-1.849598599939086,0.062355857225993905,0.1018896017781119,3.7154488226507545,-1.849598599939086
1050,31500377,u,3,-2.192129025247744,0.06597012151669013,0.09152194130949409,5.402988304755237,-2.192129025247744
1051,31502643,g,6,0.11486942542998002,0.15022032084823334,0.25364831407332744,0.07399837621556223,0.11486942542998002
1052,31502643,i,4,0.13732792801608423,0.04624708621354334,0.11248402243788108,0.14839726155127161,0.13732792801608423
1053,31502643,r,8,0.1922834091571971,0.1396721579817759,0.2613517314926511,0.1922992233579024,0.1922834091571971
1054,31502643,u,5,-0.1196441963288315,0.0300018704918803,0.20282307668057475,0.04580559926474927,-0.1196441963288315
1055,31503672,g,5,0.23424108155720913,0.08094689424842216,0.12357918398610801,0.20765118310110803,0.23424108155720913
1056,31503672,r,3,0.6933286494994904,0.1560175715036325,0.47553045729901255,1.8036349174010275,0.6933286494994904
1057,31503672,u,3,-0.11352300971002016,0.04991475112782284,0.09609246796661686,0.028115446281005287,-0.11352300971002016
1058,31710278,g,5,1.2384482670454662,0.07923473898053413,0.1449728700186017,2.4278183868600247,1.2384482670454662
1059,31710278,r,3,1.42871426400828,0.2908733836876558,0.4509454559143611,3.9971794143173365,1.42871426400828
1060,31710278,u,3,1.1379790099253397,0.14444783671662864,0.38280009767805123,1.7876944792796772,1.1379790099253397
1061,31778285,g,6,-0.019295152415128802,0.028937587046575564,0.09431379703774684,0.012802128422607617,-0.019295152415128802
1062,31778285,r,4,0.4907615052773897,0.04251706591001703,0.16022259971241654,0.40838289840751285,0.4907615052773897
1063,31881108,g,3,-0.8163929639906886,0.03517072149455758,0.0378539931405949,0.8585580154385292,-0.8163929639906886
1064,31881108,i,19,-0.10508907691362412,0.06895744911737056,0.15315094265543305,0.054932709386555534,-0.10508907691362412
1065,31881108,r,11,-0.3565037308815091,0.05960941724618818,0.10493311111977904,0.25759644999540565,-0.3565037308815091
1066,31881108,u,2,-0.9372539913553293,0.07133665044797954,0.07133665044797954,1.2567434481074606,-0.9372539913553293
1067,32047279,g,6,1.4465270716940757,0.14608916449419063,0.6535224227572554,1.919539579271983,1.4465270716940757
1068,32047279,i,5,1.0486564521718882,0.09350976500426134,0.1778046091627874,2.1495423518101915,1.0486564521718882
1069,32047279,r,12,1.5971571805564821,0.18286053909757372,0.7536812958780608,2.735457824546478,1.5971571805564821
1070,32047279,u,6,1.209033937913969,0.08064914207884777,0.14801269983028975,1.341503026670499,1.209033937913969
1071,32079862,g,2,1.1777094956469703,0.42143017124841753,0.4214301712484174,1.8716688981385978,1.1777094956469703
1072,32079862,i,4,1.1123243557998355,0.46433334260452097,0.9210704375740328,2.474306768097647,1.1123243557998355
1073,32079862,r,5,1.3252954990009125,0.7105251797512879,1.435986650627656,2.870724625258056,1.3252954990009125
1074,32079862,u,2,0.4277353489202622,0.1808851479581015,0.1808851479581015,0.3186906491047408,0.4277353489202622
1075,32241505,g,9,-0.43320620125827247,0.07169340924684708,0.3622309827187882,0.2564027795383115,-0.43320620125827247
1076,32241505,i,2,-0.21807885893543377,0.06616655395474236,0.06616655395474236,0.12904958577874656,-0.21807885893543377
1077,32241505,r,6,-0.13568604979002863,0.15821805509749443,0.28493809850856777,0.08391242891250456,-0.13568604979002863
1078,32254930,i,13,0.7934670365341518,0.1419615148414044,0.2392777040208065,1.2844108646899928,0.7934670365341518
1079,32254930,r,11,0.6446730235029603,0.07106959392337941,0.21277404926797105,0.9236095014133088,0.6446730235029603
1080,32330158,i,4,2.207270272510105,0.20359409018181096,0.4013080254156689,9.090777385433565,2.207270272510105
1081,32330158,r,5,2.1404429329761747,0.12307446715632508,0.9518002690193608,6.628321223283557,2.1404429329761747
1082,32330158,u,2,1.0921625248134945,0.0401518057660194,0.04015180576601929,2.364572319295946,1.0921625248134945
1083,32389302,g,6,-0.7326397725387933,0.026969809857940175,0.06842936187974702,0.9605493605486249,-0.7326397725387933
1084,32389302,r,4,-0.33347365771305004,0.004357667189087311,0.012039887055149134,0.27914305665760686,-0.33347365771305004
1085,32389302,u,3,-0.9526698604547863,0.0383302959987708,0.05575626015542945,1.370147389333952,-0.9526698604547863
1086,3239001,g,2,1.0007464606604701,0.10355234352494858,0.10355234352494858,1.1166424955169014,1.0007464606604701
1087,3239001,i,6,0.8990075844429679,0.1743591208680827,0.2858919302549896,1.5187868793154964,0.8990075844429679
1088,3239001,r,8,1.240096979648743,0.09882309042443693,0.19389031008180124,1.8284672945321792,1.240096979648743
1089,32420075,g,5,0.5875657335568321,0.025849737047234145,0.04590637507981943,0.6487511776684846,0.5875657335568321
1090,32420075,i,2,0.8073775100723674,0.11724383076387912,0.11724383076387901,1.4906944659015904,0.8073775100723674
1091,32420075,r,3,0.9184330839805444,0.2657843681124319,0.34184004975611426,1.2097786616282797,0.9184330839805444
1092,32420075,u,6,0.30430595188288323,0.38675318350087484,0.791192103570911,0.39682475233869435,0.30430595188288323
1093,32452584,g,9,-1.1282030684211,0.031020850568120206,0.0570857366009192,1.4677083088027014,-1.1282030684211
1094,32452584,i,4,-0.7187130117432804,0.07200122083703586,0.1930584315584707,0.770646607694907,-0.7187130117432804
1095,32452584,r,17,-0.7260159909022847,0.09982283420202687,0.1788748009170933,0.7118727208132773,-0.7260159909022847
1096,32452584,u,4,-0.6294263583802338,0.13197581344907627,0.2203018223162394,0.41381544180726354,-0.6294263583802338
1097,32453456,g,2,-0.8883534515941225,0.022938601131280212,0.022938601131280212,1.7258447287929684,-0.8883534515941225
1098,32453456,i,4,-0.5516410071424211,0.06035788348395277,0.12507255953834434,0.7535786274941798,-0.5516410071424211
1099,32453456,r,4,-0.6564577169567632,0.02579568244363628,0.0907646297230047,0.8801033812021133,-0.6564577169567632
1100,32510311,i,5,-0.07564680653791855,0.054166503866094784,0.0978619089293411,0.11563381671875561,-0.07564680653791855
1101,32510311,r,8,-0.09109085236810233,0.06695192486010426,0.11597282639297163,0.10937558186573415,-0.09109085236810233
1102,32510311,u,2,-0.5132353597401548,0.064989332840654,0.06498933284065406,0.5005869231156862,-0.5132353597401548
1103,32691007,g,4,-0.8176750259744635,0.013519514767348029,0.014848284748537388,1.2404211247010073,-0.8176750259744635
1104,32691007,i,9,-0.3866633592870845,0.05811544205967456,0.11227145620624279,0.3238839981683788,-0.3866633592870845
1105,32691007,r,12,-0.5188026918161849,0.03272009799664344,0.05934511324805797,0.5246486939792087,-0.5188026918161849
1106,32691007,u,5,-0.8584207593634785,0.041186818123797764,0.04815464371784994,0.997810130263249,-0.8584207593634785
1107,32701829,g,4,-0.21749401874247098,0.0707285714761905,0.15043420291550014,0.10842619869808387,-0.21749401874247098
1108,32701829,i,4,0.325085699279537,0.07957337995347347,0.13838571493903606,0.2336572378495057,0.325085699279537
1109,32701829,r,3,0.24521215988158707,0.010050933758711356,0.04195333463445783,0.1323173763884463,0.24521215988158707
1110,32701829,u,3,-0.26794048380540203,0.2674838605148595,0.268025305681723,0.22477588004293525,-0.26794048380540203
1111,33058566,g,5,-0.5539456085485445,0.034388811318898704,0.045186610190136145,0.7039583810392832,-0.5539456085485445
1112,33058566,r,10,-0.24818357952923992,0.10220337786029149,0.20207593073280558,0.25008090982310976,-0.24818357952923992
1113,33058566,u,2,-0.38813137799347597,0.019638173964630412,0.019638173964630412,0.24579193624240966,-0.38813137799347597
1114,3323540,g,3,0.9555961427665398,0.04909072089984501,0.05650459346840797,1.3179859350946561,0.9555961427665398
1115,3323540,r,8,1.2255671906132188,0.24281578075323418,0.4803429112596511,2.888525780054436,1.2255671906132188
1116,33251611,g,5,0.4599167295738047,0.0919098271550407,0.6028870857726454,1.1255181664539275,0.4599167295738047
1117,33251611,r,4,0.9732199823578909,0.3573830644793431,0.6417391181748979,2.015018082776889,0.9732199823578909
1118,33251611,u,2,0.8657855781390015,0.34346509764155464,0.34346509764155475,1.188860109096772,0.8657855781390015
1119,33398012,g,3,-0.4596695826534529,0.03733721493178366,0.11201143305831007,0.3642633633416376,-0.4596695826534529
1120,33398012,i,2,0.0031737351962937144,0.034935145852186045,0.034935145852186045,0.003415435517103096,0.0031737351962937144
1121,33398012,r,6,-0.04345535557535796,0.07775162882611542,0.11684122604910074,0.04065877678487904,-0.04345535557535796
1122,33460494,g,6,-0.39445371066851254,0.16815725579405116,0.30395253297385894,0.28572185064849787,-0.39445371066851254
1123,33460494,i,2,-0.24150515590052957,0.23486769562763155,0.23486769562763155,0.28005905473462156,-0.24150515590052957
1124,33460494,r,4,-0.40195143778665354,0.044289676765401964,0.06358355030389606,0.3926398993747561,-0.40195143778665354
1125,33693063,g,4,0.9174188054585362,0.0899920871968094,0.12487462637450542,1.1208028922348028,0.9174188054585362
1126,33693063,i,4,0.5016606067504716,0.10843854542167708,0.24915174585447336,0.5438613935899224,0.5016606067504716
1127,33693063,r,6,0.803918567336553,0.30075753574000774,0.5945085315722728,1.1832943035137828,0.803918567336553
1128,3374334,g,3,0.181224419441953,0.1022192751920985,0.21801821525868925,0.12910624287977765,0.181224419441953
1129,3374334,i,5,0.5447949462174617,0.27405335760788385,0.31013342606985894,0.5470132707809622,0.5447949462174617
1130,3374334,r,6,0.37297491396577065,0.0724390892967327,0.4506483888297735,0.5630767693514253,0.37297491396577065
1131,33836789,g,2,0.3309140640865099,0.002282808348552323,0.002282808348552323,0.2798085776771869,0.3309140640865099
1132,33836789,r,5,0.9876461654957088,0.07837069189468393,0.13204356928615235,2.3732480625270718,0.9876461654957088
1133,33836789,u,7,0.04239153692134601,0.08732858553727463,0.13749763711972934,0.07718796174304211,0.04239153692134601
1134,33910369,g,6,0.5972191779088022,0.08816565199677606,0.24705499485653815,0.9680791045818835,0.5972191779088022
1135,33910369,r,3,1.0137123931365752,0.12785978107190732,0.4301665382491212,3.2419448339958774,1.0137123931365752
1136,33910369,u,2,0.5914681879062108,0.12953471869126065,0.12953471869126054,0.6348490237283204,0.5914681879062108
1137,33977179,g,4,0.1128074245044367,0.07845470096171547,0.15001234105590866,0.04105741155367217,0.1128074245044367
1138,33977179,r,4,0.46995853802828436,0.12315348621432237,0.23020142601741644,0.5675081633768362,0.46995853802828436
1139,33977179,u,3,0.020164951498114814,0.0005077382887026527,0.041750335991997845,0.002915642110384972,0.020164951498114814
1140,34129372,g,3,2.8468064118919876,0.030520735339560456,0.6409231272534965,6.950839588137747,2.8468064118919876
1141,34129372,i,15,2.592956738902294,0.6133348288170786,1.1982154801554161,8.327838039409832,2.592956738902294
1142,34129372,r,12,2.5790789596686867,0.5747117340266266,1.1341934439080927,7.796016615326065,2.5790789596686867
1143,34129372,u,2,1.600911016097168,0.2706960559014062,0.2706960559014062,3.225133711554042,1.600911016097168
1144,34182505,g,2,0.2119721356591282,0.21268831364585372,0.21268831364585372,0.10232347024531947,0.2119721356591282
1145,34182505,i,11,0.40605197703669393,0.2154886153773854,0.37930998959098805,0.4047747402419349,0.40605197703669393
1146,34182505,r,10,0.4388326861847798,0.20359241170113018,0.4374887642155541,0.5117547456329513,0.4388326861847798
1147,34182505,u,3,-0.024917254877860007,0.006553599669194776,0.1189391183972196,0.01678311451129888,-0.024917254877860007
1148,34237677,g,4,0.79585307446168,0.10466321727570616,0.1739690477076692,1.3702032919935103,0.79585307446168
1149,34237677,i,2,1.1870653355240952,0.3052569731914522,0.30525697319145206,3.4456264209718963,1.1870653355240952
1150,34237677,r,6,1.1994282498188464,0.1373105868229727,0.24917253937893258,3.2076549485933676,1.1994282498188464
1151,34237677,u,4,0.6337516789988944,0.05615003902483273,0.1979896453429999,0.852624318047357,0.6337516789988944
1152,34238936,g,2,-0.061668732318721164,0.05331245043422983,0.05331245043422983,0.011298804960035403,-0.061668732318721164
1153,34238936,i,4,0.3893582519086284,0.054428687916577956,0.14856860693342727,0.4377319967563451,0.3893582519086284
1154,34238936,r,5,0.3996270805675155,0.038363851695421225,0.3764892911229156,0.5189745935472176,0.3996270805675155
1155,34284555,g,8,-0.8961270696663725,0.0396438884861014,0.07958401904727308,1.4514182575499874,-0.8961270696663725
1156,34284555,i,10,-0.25420049139927126,0.043139410477032625,0.08767945722062898,0.1422184191411673,-0.25420049139927126
1157,34284555,r,14,-0.49444191277368943,0.025901388804770775,0.05286165479242022,0.5068680105346722,-0.49444191277368943
1158,34284555,u,7,-1.0521585120577879,0.0795660812847554,0.18996358419970472,1.7168145843837561,-1.0521585120577879
1159,34407317,g,4,-0.13555498956230988,0.047077872443908486,0.10905964067075433,0.06164597533179308,-0.13555498956230988
1160,34407317,r,7,0.1886958723051133,0.008469296539080351,0.4554402391788249,0.662248299518558,0.1886958723051133
1161,34433621,g,4,-0.7434187497784897,0.02048105968731362,0.04459253493349047,1.0602895221008743,-0.7434187497784897
1162,34433621,i,5,-0.05719112108532198,0.008806617127496974,0.10848486992861117,0.01454784289332591,-0.05719112108532198
1163,34433621,r,7,-0.23872147875457528,0.032445176381693974,0.056993946977807575,0.1397198826788141,-0.23872147875457528
1164,34467911,g,4,-1.0034197694936888,0.02216016466840076,0.05498484965592265,1.7381125464821163,-1.0034197694936888
1165,34467911,i,2,-0.01940989982925201,0.030288664226482798,0.030288664226482798,0.0017178935709035686,-0.01940989982925201
1166,34467911,r,11,-0.5650130176886174,0.09863581753389905,0.14645200950225556,0.5800084214460202,-0.5650130176886174
1167,34467911,u,2,-1.5315633140811724,0.02861921447551019,0.02861921447551019,2.240438888183453,-1.5315633140811724
1168,34569317,g,4,-0.3841103979865762,0.03462763737566421,0.07060864130503836,0.28973109315270995,-0.3841103979865762
1169,34569317,i,11,0.07542765722758982,0.1423236903746563,0.20917703454462266,0.03397576343624765,0.07542765722758982
1170,34569317,r,8,0.06037618956627078,0.03627468289689073,0.06734844825950764,0.015976343546524177,0.06037618956627078
1171,34569317,u,3,-0.08635509632211913,0.01651843544319176,0.018332485316903013,0.012847489183262839,-0.08635509632211913
1172,34586546,g,4,-0.0492541017350393,0.014168293832246381,0.13887884672125056,0.06820950865853506,-0.0492541017350393
1173,34586546,r,5,-0.0066901722050212165,0.09095411018124411,0.17699079747133006,0.06183300398828147,-0.0066901722050212165
1174,34634573,g,6,0.50414618892979,0.11816537942463401,0.18258623211070757,0.3653509591659194,0.50414618892979
1175,34634573,i,5,0.7137020170954764,0.07699434928820481,0.3774394910744172,0.7550330472038516,0.7137020170954764
1176,34634573,r,8,0.7250421683277348,0.32703365257329,0.5940134842438496,0.9248394997933709,0.7250421683277348
1177,34634573,u,4,-0.08479786418493718,0.11866726673521344,0.19627870924871715,0.10403239353582999,-0.08479786418493718
1178,34725106,g,12,-0.24953079410921097,0.03452958282260066,0.06713139138151214,0.1403611253779126,-0.24953079410921097
1179,34725106,i,6,0.3180418444856288,0.10265861239809271,0.2392261101170926,0.18260186643288892,0.3180418444856288
1180,34725106,r,14,0.13961941242788845,0.051200349089510766,0.12059726777944979,0.05024367797443981,0.13961941242788845
1181,34874422,g,3,0.553335942880314,0.012241363525390625,0.1296594375030644,0.25134501539091936,0.553335942880314
1182,34874422,r,8,0.734921582533349,0.10019559525948407,0.20943199010676872,0.6469189998997854,0.734921582533349
1183,34878365,g,4,-1.97255718113946,0.20655524873409647,0.469353104741427,4.621745333629776,-1.97255718113946
1184,34878365,i,7,-1.1768662863543178,0.3117445744018421,0.5369202067996532,2.4302080557926518,-1.1768662863543178
1185,34878365,r,11,-1.4516289324174905,0.349451928560524,0.5537766538162574,3.054506072045291,-1.4516289324174905
1186,34878365,u,4,-1.8841754157162343,0.09382438965204865,0.3042627458560536,4.194559018183699,-1.8841754157162343
1187,35011855,g,4,0.006455659105958134,0.12232223947794052,0.24722214413669102,0.07096125173645486,0.006455659105958134
1188,35011855,i,2,0.2369904996520643,0.30693027875774204,0.30693027875774204,0.25191898459564,0.2369904996520643
1189,35011855,r,5,0.2125103382002984,0.027564610973986436,0.05348187602562171,0.08817215158274198,0.2125103382002984
1190,35068403,g,8,0.6078026781835691,0.26575825794932406,0.4545420339137829,0.6658304133353209,0.6078026781835691
1191,35068403,r,5,0.7167559190425616,0.2758052457217146,0.3890713363261462,1.2014572700731379,0.7167559190425616
1192,35232950,g,6,-0.6260833165423803,0.1330999397640542,0.24763203770289732,0.4470097030451154,-0.6260833165423803
1193,35232950,i,5,-0.06891282841113422,0.10238417037089897,0.16360214589526256,0.031205751271325334,-0.06891282841113422
1194,35232950,r,7,0.007444908790027682,0.13893804479135108,0.3704428179884165,0.08357272987590345,0.007444908790027682
1195,35232950,u,5,-0.35215717274234404,0.11270848322189231,0.21238987695976363,0.21926730257797433,-0.35215717274234404
1196,35239731,g,2,-1.130939747592287,0.13337936677082096,0.13337936677082096,2.876056186584337,-1.130939747592287
1197,35239731,i,11,-1.0715798466612059,0.13021766255933187,0.2330466914500391,1.6209187304950263,-1.0715798466612059
1198,35239731,r,13,-1.2780292502712034,0.1141337004986922,0.35055413777989464,2.134809891743686,-1.2780292502712034
1199,35239731,u,6,-1.9002339846493994,0.07691656022249305,0.33725413298843643,3.858390664885684,-1.9002339846493994
1200,35316954,g,3,-0.15339761542662078,0.024454821831245477,0.12060293317450166,0.049379831113835815,-0.15339761542662078
1201,35316954,r,8,0.2615424827633548,0.18657173564901675,0.37235823427351605,0.22201656654972368,0.2615424827633548
1202,35316954,u,5,-0.12718873677702514,0.1799675945998246,0.20846832102914847,0.06437899056417526,-0.12718873677702514
1203,3539561,g,2,1.4018629732187073,0.5785035714964081,0.5785035714964082,3.6610940121157682,1.4018629732187073
1204,3539561,i,4,1.4668963369921075,0.10139623650762453,0.2206232310870042,5.934134827463469,1.4668963369921075
1205,3539561,r,4,1.255753081559996,0.02013815817335962,0.0610373198637193,4.655777499901733,1.255753081559996
1206,3539561,u,2,1.2267499418439636,0.35081355754238497,0.3508135575423852,2.468357738041818,1.2267499418439636
1207,35422915,g,4,0.5791339401782363,0.04368413607966459,0.06364959866671371,0.47193298520962473,0.5791339401782363
1208,35422915,r,5,0.5395047930021728,0.12901409233335825,0.159238471842424,0.7605764591816782,0.5395047930021728
1209,35422915,u,4,0.3508299823198743,0.200135560522281,0.36521010352106054,0.21678461058966006,0.3508299823198743
1210,35472294,g,3,-0.7187892462356087,0.027053875305218744,0.051957566187992965,0.9054367370321206,-0.7187892462356087
1211,35472294,i,5,0.06086831800287773,0.06641614758727288,0.07729604193946948,0.03171878251224346,0.06086831800287773
1212,35472294,r,7,-0.2197251751559921,0.02221419659016588,0.03528133811211309,0.11798926882589252,-0.2197251751559921
1213,35595461,g,2,0.4856687721921784,0.21389876963420096,0.21389876963420096,0.47609576604810927,0.4856687721921784
1214,35595461,r,9,0.575870119773934,0.15218747478752648,0.27843563446779473,0.5948442106097356,0.575870119773934
1215,35595461,u,2,0.5433432164886459,0.26069592278034703,0.2606959227803471,0.5812060131392519,0.5433432164886459
1216,35687278,g,6,0.741422367531318,0.045746558841015306,0.07479784625916786,1.2691168353935653,0.741422367531318
1217,35687278,r,6,1.1374999654235425,0.0710909205806668,0.24221807325368228,3.542289980877056,1.1374999654235425
1218,35687278,u,4,0.48111075317182217,0.09110538111414246,0.11213312057725383,0.4789804703058447,0.48111075317182217
1219,35802861,g,4,-0.6880676666435921,0.028761544367247427,0.0413602081334864,0.7472582743537519,-0.6880676666435921
1220,35802861,r,5,-0.4221120463144459,0.1449970440691577,0.17728056930876201,0.45594117223699315,-0.4221120463144459
1221,35881828,g,6,-0.24287789353983846,0.10039615101183641,0.16586675063518985,0.17963099995248735,-0.24287789353983846
1222,35881828,i,4,-0.07679456268854912,0.05904467201028174,0.1757383407314853,0.24211336245425116,-0.07679456268854912
1223,35881828,r,4,0.19651285992793566,0.07725257387834927,0.16127388134178472,0.12408295773021806,0.19651285992793566
1224,35881828,u,2,0.26887136182285876,0.06122838285877508,0.06122838285877508,0.10541565244755761,0.26887136182285876
1225,36149381,g,6,0.07288763855599129,0.11079255112276232,0.2864565248528925,0.09701832802565064,0.07288763855599129
1226,36149381,i,3,0.39054520921419433,0.12464640203179889,0.21492648416014776,0.6789249711035755,0.39054520921419433
1227,36149381,r,4,0.4368401122756145,0.09451066002018765,0.17274724083684623,0.591767885984894,0.4368401122756145
1228,36149381,u,3,0.10464413333796796,0.01588494032861698,0.10461215393260548,0.02246940251368336,0.10464413333796796
1229,36239203,g,6,-0.6751448510688502,0.014354033682553946,0.02299209393204049,0.9929100552263583,-0.6751448510688502
1230,36239203,i,7,0.00883862528484336,0.0953109190004322,0.27864913213807796,0.10852829340731537,0.00883862528484336
1231,36239203,r,12,-0.17528272169639492,0.1291769729698855,0.476433205719653,0.1415362709492001,-0.17528272169639492
1232,36239203,u,3,-0.7498422319247615,0.0037752941536324247,0.02682934315181107,1.0181368705273757,-0.7498422319247615
1233,36244646,g,6,0.06907043777418231,0.03978930964966676,0.29110849734176514,0.11032036547984386,0.06907043777418231
1234,36244646,i,3,0.7901848181463007,0.08985271316079957,0.1058251928855376,1.5407592523434417,0.7901848181463007
1235,36244646,r,9,0.619448524956167,0.12636144308799313,0.41507780238973413,1.1008243959219575,0.619448524956167
1236,36296254,g,7,1.4020347589352606,0.1564064014408464,0.3385692163611229,2.347728553541984,1.4020347589352606
1237,36296254,i,3,1.2678827038069245,0.1629859664014004,0.21108561065539355,3.761020827514674,1.2678827038069245
1238,36296254,r,4,0.8920271068731938,0.10607733611107328,0.31236415447445487,2.1349235574616166,0.8920271068731938
1239,36296254,u,3,0.702788415367122,0.047514367059595664,0.12113674854473899,0.5619764439512558,0.702788415367122
1240,36442079,g,4,1.6250306567860802,0.46924864749256034,0.9173840331915253,3.6552705446445604,1.6250306567860802
1241,36442079,i,5,1.5221901552531558,0.16264686053523603,0.31072719760192813,5.811883937119349,1.5221901552531558
1242,36442079,r,4,1.8505531395260841,0.18677533871369278,0.3796235697090471,6.590522804721868,1.8505531395260841
1243,36442079,u,4,0.8055682437054208,0.3109378912142431,0.6104723870351606,1.2319813810879818,0.8055682437054208
1244,36466802,g,6,0.2401825320221137,0.23762620545383673,0.4157459449727802,0.42071713451055687,0.2401825320221137
1245,36466802,i,3,0.6491851750953832,0.012026045777104866,0.08430766733436357,1.15593737902607,0.6491851750953832
1246,36466802,r,6,0.6385339812981256,0.12165827280703612,0.19623182622892055,1.141643340679088,0.6385339812981256
1247,36466802,u,3,0.2853543326548946,0.3234538654928121,0.3981811281685689,0.20292273222791826,0.2853543326548946
1248,36486385,g,5,-0.6043630624637115,0.034337444470462275,0.05233279109466804,0.6488223805956387,-0.6043630624637115
1249,36486385,i,5,-0.23634370843581753,0.1018773261863859,0.10375583049352533,0.18435385170553562,-0.23634370843581753
1250,36486385,r,13,-0.22079784644069522,0.1392975738337201,0.3065455114817417,0.13312014556135246,-0.22079784644069522
1251,36486385,u,6,-0.6163627696677755,0.12983525393927853,0.3348116477947798,0.4877990539073969,-0.6163627696677755
1252,36530942,g,5,0.10520160584900529,0.06013413914059795,0.20757152486370867,0.6292820459973782,0.10520160584900529
1253,36530942,i,2,0.8580559451455742,0.04106220384200021,0.0410622038420001,2.089332623643224,0.8580559451455742
1254,36530942,r,6,0.597223205498745,0.08298030328430162,0.12698581059149072,1.0175894437214743,0.597223205498745
1255,36530942,u,2,0.2787529856857049,0.08203137396959853,0.0820313739695985,0.176198391010041,0.2787529856857049
1256,36553662,r,6,0.5218510132338127,0.1004193962357347,0.15744306854646678,0.4998561718864523,0.5218510132338127
1257,36553662,u,4,0.17376290484279822,0.12250783326173897,0.2081935162900953,0.10871361439092554,0.17376290484279822
1258,36588820,g,2,0.5954882676043285,0.16327217368241076,0.16327217368241076,0.5790729734248967,0.5954882676043285
1259,36588820,i,6,0.4347995283159365,0.047198199425939946,0.2059755034964888,0.808211931549616,0.4347995283159365
1260,36588820,r,7,0.5441755926832841,0.12644257182670637,0.1907870563190074,0.9436096733841409,0.5441755926832841
1261,36588820,u,2,0.23840434662999477,0.2833438330619089,0.2833438330619089,0.19129718024693748,0.23840434662999477
1262,36768195,g,5,0.1425033466470076,0.03905618469989558,0.11495504715317773,0.08544218306625656,0.1425033466470076
1263,36768195,i,6,0.8225252105047991,0.06580091622443918,0.12694816747505477,1.1089371161623716,0.8225252105047991
1264,36768195,r,13,0.633198181926955,0.16699058851488258,0.5592584171495489,0.9149669411481939,0.633198181926955
1265,36768195,u,6,0.3526353159604132,0.07722107998200656,0.12002884148289183,0.19831977576291185,0.3526353159604132
1266,3692215,g,5,0.4961316854596829,0.005349278484017006,0.010586959275141528,0.24974555470998688,0.4961316854596829
1267,3692215,i,3,0.8079835857146844,0.23057638806962188,0.48746675974445464,1.2572354889348685,0.8079835857146844
1268,3692215,r,8,0.7731180962639981,0.2667057000219286,0.5900138390949492,0.646510520191179,0.7731180962639981
1269,3692215,u,2,-0.18173143353862287,0.031136689493761693,0.031136689493761693,0.031128470754396755,-0.18173143353862287
1270,36955645,g,5,1.1424483579832077,0.38035298346151736,0.9486605382780342,1.576321470148462,1.1424483579832077
1271,36955645,r,4,0.5536771225087249,0.0446908574957231,0.07721422906068132,1.0258907425112345,0.5536771225087249
1272,36955645,u,2,0.555135917863009,0.04501473255278032,0.04501473255278032,0.6724239243348682,0.555135917863009
1273,3699292,g,4,-1.4699576109828287,0.03851557569423947,0.16570894565153083,2.379365129979087,-1.4699576109828287
1274,3699292,i,14,-0.8399708052256144,0.05363250212982762,0.134497120972482,0.9031841003186267,-0.8399708052256144
1275,3699292,r,11,-1.0444905927480117,0.034844802086751336,0.061662568859457645,1.3678792290500814,-1.0444905927480117
1276,3699292,u,4,-1.7993882777373056,0.06589145753109471,0.16411661709323155,3.524021435847461,-1.7993882777373056
1277,36994021,g,7,-0.3997264853878679,0.05224462842127808,0.10826699504959147,0.23465905767389503,-0.3997264853878679
1278,36994021,i,3,0.10626785423063945,0.025138606175452605,0.044767808623472405,0.02383123044265088,0.10626785423063945
1279,36994021,r,5,-0.15785966702057674,0.02575492201178098,0.05935522386300307,0.12063074711674455,-0.15785966702057674
1280,36994021,u,4,-0.6826383444698569,0.020706478159400188,0.047303579885999536,0.656943794716065,-0.6826383444698569
1281,37033013,g,5,-0.5235727616169181,0.046163220324274334,0.06672784654115382,0.7205687351111991,-0.5235727616169181
1282,37033013,r,7,-0.2325318117049714,0.08263494501044855,0.15381533325025532,0.24143974984634184,-0.2325318117049714
1283,37065710,g,4,-0.2771587809495626,0.17282933293531066,0.34649721495698266,0.15587986655057817,-0.2771587809495626
1284,37065710,i,2,0.40112400936404025,0.05578811311701393,0.05578811311701393,0.2573784940663093,0.40112400936404025
1285,37065710,r,7,-0.06607569697089888,0.17128481886713298,0.28604782835118114,0.058679606170766466,-0.06607569697089888
1286,3716681,g,6,0.3036650766435358,0.2335748018657291,0.5814379848564545,0.31814692843617304,0.3036650766435358
1287,3716681,i,11,0.3761810481305523,0.12402956332493464,0.34448189965770026,0.40187192935794214,0.3761810481305523
1288,3716681,r,12,0.42789128646930263,0.116029631196098,0.20342159204113858,0.39614846126343056,0.42789128646930263
1289,3716681,u,2,-0.14460657784461217,0.09679482661723382,0.09679482661723382,0.03171833706187481,-0.14460657784461217
1290,3720623,g,10,1.2506474709650985,0.579376635371033,1.0761443985116905,1.6795305455643148,1.2506474709650985
1291,3720623,i,9,0.8131037704165536,0.311816770158136,0.5758814389270164,1.617913380316798,0.8131037704165536
1292,3720623,r,10,0.8409116604288105,0.17722438104705418,0.416957185924674,1.6432951872100996,0.8409116604288105
1293,3720623,u,6,0.5697457083786491,0.16842782791390187,0.30055607471321366,0.6349879799241879,0.5697457083786491
1294,37267110,g,3,1.2102102591302892,0.33019613458766406,0.48068713222907533,2.5611685144794674,1.2102102591302892
1295,37267110,i,4,0.9709526415129098,0.09325320759979683,0.19836635261454028,2.6886628076305263,0.9709526415129098
1296,37267110,r,4,1.025951674297709,0.03978008647722664,0.09535343597530266,2.9322711777551236,1.025951674297709
1297,37267110,u,2,0.8527128867486128,0.25335957206354476,0.25335957206354487,1.3421849362066334,0.8527128867486128
1298,37320366,g,6,2.774187564099539,0.20354951043505642,1.3805402784756526,6.842282277199421,2.774187564099539
1299,37320366,i,8,1.9381597227320486,0.27424404903337196,0.39658167786368437,8.79009673302122,1.9381597227320486
1300,37320366,r,11,2.2737601617444163,0.5209677791236147,1.1246395429196454,7.730185889166623,2.2737601617444163
1301,37320366,u,5,0.9135039036080737,0.23000844219557193,0.7654534808402713,2.313985847695517,0.9135039036080737
1302,37597138,g,5,0.18292292446267133,0.08201407947030148,0.09660405446662912,0.09350142179851889,0.18292292446267133
1303,37597138,i,16,0.4681208951779916,0.29754509956061526,0.6778221853027908,1.0396558092855024,0.4681208951779916
1304,37597138,r,14,0.6403337263570738,0.41099021769817756,0.6936337035170016,0.8081129349594536,0.6403337263570738
1305,37597138,u,5,0.08845031889216348,0.047659066899560676,0.11143337838972434,0.05635741039774818,0.08845031889216348
1306,37608844,g,2,-0.44286721930467143,0.018940832223607984,0.018940832223607984,0.24596267783886483,-0.44286721930467143
1307,37608844,r,6,-0.022133174933156252,0.12910641929834676,0.220166154461298,0.04088613085153974,-0.022133174933156252
1308,37608844,u,3,-0.6489067837154225,0.0025463076216767355,0.045509436885523336,0.6382488175313897,-0.6489067837154225
1309,3767815,g,5,-0.3541657079687064,0.1759195864590959,0.25693371051493363,0.3495362216838434,-0.3541657079687064
1310,3767815,i,2,0.18006541292399947,0.21993456485774787,0.21993456485774787,0.11005313085799741,0.18006541292399947
1311,3767815,r,4,-0.22203636991825415,0.030612765643597162,0.06311423349309686,0.10656858849003108,-0.22203636991825415
1312,3767815,u,3,-0.5053924810154453,0.060994695950841615,0.10400726190717113,0.5331403328833281,-0.5053924810154453
1313,37833666,g,7,-0.5427747662454867,0.04901171097682333,0.09588091329810833,0.6259226953875748,-0.5427747662454867
1314,37833666,i,7,-1.0681174021867896,0.07036421481003274,0.13065037476925512,2.68162385846973,-1.0681174021867896
1315,37833666,r,11,-0.7773893548636894,0.05063956645870382,0.06737297620707283,1.429892465814376,-0.7773893548636894
1316,37833666,u,3,-0.051512528325737605,0.11728978153939384,0.16290353980898786,0.03332290539021987,-0.051512528325737605
1317,37871069,g,5,0.6919086279729965,0.09713281253418993,0.2637144260986519,0.5308580818791082,0.6919086279729965
1318,37871069,i,4,0.6900045841156325,0.005918914777311435,0.01895700011869439,1.1377507475058262,0.6900045841156325
1319,37871069,r,8,0.5139322306849567,0.10906774846025868,0.2351358764743684,0.8187512190368513,0.5139322306849567
1320,37871069,u,2,0.494673154490028,0.01938156370579991,0.01938156370579991,0.3268606782998894,0.494673154490028
1321,37873261,g,3,2.3164689699009124,0.0022451640884901813,0.03644020487953892,7.943870361320781,2.3164689699009124
1322,37873261,i,6,2.0595847497441593,0.40477082208261805,1.130077449236746,10.621469672145485,2.0595847497441593
1323,37873261,r,8,2.6191954245455507,0.5695974008265865,1.106826441079117,9.932550259261582,2.6191954245455507
1324,37873261,u,4,2.02187416705559,0.05320943741842732,0.12959624384367996,4.966005341652399,2.02187416705559
1325,37925056,g,6,-0.2815474931028238,0.012549835524083841,0.019751259757610662,0.1837126561802056,-0.2815474931028238
1326,37925056,r,5,0.3024860738764077,0.13234226731228416,0.1701361772446237,0.2923781133099303,0.3024860738764077
1327,37925056,u,2,-0.7418052679175146,0.04327168779542079,0.04327168779542068,1.2416372481424995,-0.7418052679175146
1328,37970770,g,2,-0.2758215231967468,0.1328751346329179,0.1328751346329179,0.25265295002136495,-0.2758215231967468
1329,37970770,i,2,0.4096892452703309,0.2075352804425601,0.2075352804425601,0.438854982045032,0.4096892452703309
1330,37970770,r,6,0.5287943108786601,0.19409064601376158,0.49901533216594,0.39854869440085944,0.5287943108786601
1331,37971482,g,6,0.8582300708532657,0.17590650071169844,0.2956109040177971,0.9696036507102838,0.8582300708532657
1332,37971482,i,8,0.8901351583493411,0.28480941172581653,0.4650631281640951,1.6640490833085289,0.8901351583493411
1333,37971482,r,8,0.8062281557809085,0.1904719521440671,0.3839421059430135,1.1927711685366917,0.8062281557809085
1334,37971482,u,4,0.49071038285406887,0.04701645249745101,0.07901941736905671,0.2462961987140317,0.49071038285406887
1335,37993392,g,6,-0.3044619283484561,0.04311492477841705,0.07977017591379926,0.1750683212752908,-0.3044619283484561
1336,37993392,i,2,0.3058292122666285,0.01616296297720543,0.01616296297720543,0.26681188303020426,0.3058292122666285
1337,37993392,r,7,-0.07914313466954703,0.08685768077501665,0.1554055310299386,0.0394541613294336,-0.07914313466954703
1338,37993392,u,3,-0.33886173880697124,0.15234152305420956,0.22205871530870214,0.17522412047985192,-0.33886173880697124
1339,38037189,g,8,0.5298220611379162,0.060423601855637665,0.1068841009668332,0.7520140524457372,0.5298220611379162
1340,38037189,i,3,0.8527183569581471,0.2410585909052403,0.31371853215709766,1.6066847256703491,0.8527183569581471
1341,38037189,r,3,0.8183718592276601,0.04545158350165934,0.05460051216187323,1.6273066820355047,0.8183718592276601
1342,38037189,u,5,1.1434250804735153,0.05176872901920104,0.06486323294313823,2.5352643312295187,1.1434250804735153
1343,38038294,g,3,0.433482848647309,0.0026461734387526192,0.04730499037056779,0.3535105238402547,0.433482848647309
1344,38038294,i,6,1.1657153427586926,0.29296855383908715,0.49911164658247675,3.550281909182423,1.1657153427586926
1345,38038294,r,8,0.9259007824701124,0.12519640892367356,0.7533299500376368,2.6815395764664043,0.9259007824701124
1346,38038294,u,3,0.5760657984222317,0.2140291866659243,0.25924749618291754,0.5665381031076099,0.5760657984222317
1347,38142504,g,2,0.2013752678303231,0.2551621975015268,0.2551621975015268,0.16403152649815808,0.2013752678303231
1348,38142504,i,3,0.40056077365987486,0.0687254520967926,0.10095689014051834,0.3958889526076841,0.40056077365987486
1349,38142504,r,5,0.3788173099323895,0.10011263929031133,0.11397011120318301,0.37955134357665365,0.3788173099323895
1350,38230546,g,5,0.008607677141871495,0.018972472932096807,0.019088129933864106,0.02347235417415361,0.008607677141871495
1351,38230546,i,14,0.4985352653859916,0.1453424385405807,0.2301477480231497,0.4817689202896509,0.4985352653859916
1352,38230546,r,15,0.3819376680310844,0.10419538872429368,0.26804848291991024,0.3068991707710729,0.3819376680310844
1353,38230546,u,3,-0.16357044217305372,0.0014987125579923877,0.13942347246916498,0.022271164296164603,-0.16357044217305372
1354,38411571,g,4,2.5256510491453206,0.6048486134905655,1.178007541228484,10.583987167551953,2.5256510491453206
1355,38411571,i,9,3.2019890566934306,0.12428004720076657,0.24685113619104415,16.637549522273968,3.2019890566934306
1356,38411571,r,11,2.8149168025616467,0.3992065862488534,0.6420689047404449,13.62343781819343,2.8149168025616467
1357,38411571,u,4,2.261064638416052,0.16758073448099808,0.37789712291831234,7.865266598766464,2.261064638416052
1358,38466994,g,5,0.37102072231658045,0.035453453820030845,0.4683927048310157,0.15479370055551772,0.37102072231658045
1359,38466994,r,5,0.44945189488068715,0.1318732511061933,0.15048624214143125,0.32326020790183285,0.44945189488068715
1360,38466994,u,3,-0.07588699097672835,0.01479668223030961,0.10271920954805724,0.032722573679016154,-0.07588699097672835
1361,38486165,g,5,0.32916464857530703,0.17223692780775934,0.30130323640884216,0.2680503459438327,0.32916464857530703
1362,38486165,i,2,0.15090335538488114,0.2636105419406422,0.26361054194064215,0.2169948030461541,0.15090335538488114
1363,38486165,r,6,0.42041557394454176,0.102324598774862,0.17099588003326188,0.4620383519901277,0.42041557394454176
1364,38496191,g,3,-0.0509160973739895,0.049065860295788744,0.09013874221443052,0.023550303800548664,-0.0509160973739895
1365,38496191,i,4,0.05214172358782976,0.16279395720303425,0.26819404752422576,0.14637318025245727,0.05214172358782976
1366,38496191,r,8,0.2561669905910726,0.057392036650519174,0.10978257055107876,0.1180223314881193,0.2561669905910726
1367,38496191,u,3,-0.3345700353738916,0.02713998723465072,0.05128288882360066,0.1496900020047479,-0.3345700353738916
1368,38727425,g,11,-0.8740837730121043,0.1428545591922823,0.22849551384146316,1.147404997760039,-0.8740837730121043
1369,38727425,r,5,-0.4839637633648963,0.08906035023888381,0.14038245069679856,0.41455055184882167,-0.4839637633648963
1370,38727425,u,4,-0.9486795179535481,0.14450010972672978,0.2825097613422153,1.1779218591863838,-0.9486795179535481
1371,38863882,g,5,-0.08797745963159631,0.05854250755381285,0.0785762022233727,0.07437059108557542,-0.08797745963159631
1372,38863882,i,8,0.6355125059559322,0.23849197861142257,0.45880913723113737,1.0846885258327372,0.6355125059559322
1373,38863882,r,20,0.7882032649494974,0.37309100756008273,0.6100543180677434,0.829072235594996,0.7882032649494974
1374,38863882,u,4,0.10682604856829458,0.07888150841413566,0.12783145638287313,0.03399095025173514,0.10682604856829458
1375,38895168,g,3,0.8995450747553482,0.1944222111495486,0.4367620064546306,1.9903510414652394,0.8995450747553482
1376,38895168,i,3,1.3723025540708345,0.053794201402717956,0.08712894688128547,4.044596120652167,1.3723025540708345
1377,38895168,r,8,1.2594659616003028,0.0796496501490569,0.14471605951694322,3.473967793340914,1.2594659616003028
1378,38895168,u,3,0.6791957449720851,0.0696402345263798,0.5955238342516633,1.651991576986945,0.6791957449720851
1379,39096247,g,8,-0.12354070313882981,0.028412799916406772,0.06513007183809039,0.056765678104419924,-0.12354070313882981
1380,39096247,r,2,-0.11550486236680968,0.1454781026506361,0.1454781026506361,0.08535334572365484,-0.11550486236680968
1381,39096247,u,2,-0.24061037165357846,0.20724768670212768,0.20724768670212768,0.17759498816901895,-0.24061037165357846
1382,39444070,g,7,0.026044814159073892,0.12913384074208412,0.3283053096608647,0.05696288768652091,0.026044814159073892
1383,39444070,i,14,0.6457541911270186,0.19917585628240164,0.3406302702883587,0.7530907031481425,0.6457541911270186
1384,39444070,r,13,0.6512014809736271,0.1293921246028249,0.4478495129650324,0.5315641722005326,0.6512014809736271
1385,39444070,u,3,-0.137399703653865,0.0302581317326569,0.05481413005024216,0.02995656326065237,-0.137399703653865
1386,39473122,g,5,0.4806153236554844,0.01381955594147799,0.019192500770956356,0.5011783881346282,0.4806153236554844
1387,39473122,i,5,1.280599459980877,0.3230778115156099,0.6908983068135346,3.8935502951696983,1.280599459980877
1388,39473122,r,6,0.9253393440209613,0.057489455355320906,0.296423938304718,2.2184136417744136,0.9253393440209613
1389,39473122,u,2,0.2362869868514622,0.010682184412326046,0.010682184412326046,0.10515540172104798,0.2362869868514622
1390,39511101,g,7,-0.5663039693085186,0.08084608076302446,0.12442347455005776,0.45046889804687096,-0.5663039693085186
1391,39511101,i,3,-0.002948799913667255,0.10312600177194131,0.2062441259159632,0.076177018904331,-0.002948799913667255
1392,39511101,r,9,-0.23412663044327853,0.0979513685913147,0.2868073927365218,0.15479747693366,-0.23412663044327853
1393,39511101,u,4,-0.7001410006104662,0.07487364960879228,0.19723534521791453,0.6231951177806473,-0.7001410006104662
1394,39559357,g,6,-0.5742086427509633,0.17786752272898176,0.7390266381556863,1.2310339848191323,-0.5742086427509633
1395,39559357,i,3,-1.6492401143084292,0.11873669853042412,0.31620586060234857,3.339649818072445,-1.6492401143084292
1396,39559357,r,4,-0.7757562705581531,0.5064657235074869,1.0402074593203041,1.0794898608015158,-0.7757562705581531
1397,39579421,g,6,-0.9468719108704579,0.07556557778620265,0.12452239628817985,1.7146601359579676,-0.9468719108704579
1398,39579421,r,7,-0.6361891243868967,0.0778500831665363,0.13754828015796627,0.7846546507135927,-0.6361891243868967
1399,39579421,u,3,-1.2289807691442691,0.014470127102812036,0.03835501029928268,2.0538604903568314,-1.2289807691442691
1400,39594203,g,4,-0.2562459757843999,0.009519986713984907,0.22292599944995067,0.1498349867717646,-0.2562459757843999
1401,39594203,i,3,0.26892670405546126,0.08598003167828838,0.1411436919094552,0.19622787804729666,0.26892670405546126
1402,39594203,r,4,0.06410269248175737,0.046806571169127675,0.09367895092624756,0.019617172296137252,0.06410269248175737
1403,39708578,g,3,-0.11690589488913727,0.01083810349128611,0.12323161833228158,0.13507434518036132,-0.11690589488913727
1404,39708578,i,3,0.11516920225628524,0.08393098190814408,0.22722203028749555,0.18951735136509706,0.11516920225628524
1405,39708578,r,9,0.3106848056683791,0.07110963100074752,0.13424315931972441,0.41888050754993617,0.3106848056683791
1406,39708578,u,5,0.356659298516546,0.09619253714724096,0.342528178463545,0.12646185683322825,0.356659298516546
1407,39824701,i,7,1.5994399164479116,0.14015443578008102,0.27295159090042764,6.394138137818833,1.5994399164479116
1408,39824701,r,7,1.8238713351953666,0.17989189442658038,0.40092895684191054,6.696053895934085,1.8238713351953666
1409,39824701,u,3,1.7602479132777948,0.07232392737875148,0.10645225069437148,4.389814846931654,1.7602479132777948
1410,39862887,g,11,-0.6970386899108834,0.02346993831659505,0.06996379039058487,0.7908417353148969,-0.6970386899108834
1411,39862887,i,2,-0.226667328071534,0.044880025564110526,0.044880025564110526,0.16817356135062517,-0.226667328071534
1412,39862887,r,12,-0.26610888296290885,0.044142703074969925,0.08037612994629023,0.16285906353780058,-0.26610888296290885
1413,39862887,u,2,-0.7418646162619826,0.06124922769297908,0.061249227692979136,1.0069974159996515,-0.7418646162619826
1414,39919596,g,4,-0.950162699259803,0.028909668060072446,0.051626476402133026,1.3214686598323,-0.950162699259803
1415,39919596,i,4,-0.8139761910630519,0.09458986125321511,0.1510449405710621,1.4253821170784782,-0.8139761910630519
1416,39919596,r,9,-0.81139388036087,0.09328381582891199,0.1700941949012027,1.1364781768913654,-0.81139388036087
1417,40016560,i,2,0.3328376493162774,0.1421709259530542,0.14217092595305425,0.29672159592358927,0.3328376493162774
1418,40016560,r,8,0.18302680055628562,0.12966987532035246,0.30440346179922456,0.17684673479674443,0.18302680055628562
1419,40016560,u,5,-0.4822011115174101,0.0386180848841019,0.11951741567053231,0.3950950247816679,-0.4822011115174101
1420,40064325,i,4,-0.21089380075501818,0.04166466246753675,0.2167745755123529,0.23731579954080717,-0.21089380075501818
1421,40064325,r,6,-0.30543712575254867,0.03459710204999111,0.0609091792460435,0.21133531554379426,-0.30543712575254867
1422,40064325,u,3,-0.6021830713688703,0.004872249767697845,0.03430550396838339,0.7159990711659652,-0.6021830713688703
1423,40082103,g,7,-0.34742104837124166,0.13752217078902085,0.29517078532130325,0.2644624354518595,-0.34742104837124166
1424,40082103,i,3,-0.09368652207303696,0.02858291428801718,0.12891628323635673,0.10981034217397224,-0.09368652207303696
1425,40082103,r,13,-0.06691311380673715,0.08314350144634619,0.13218279935325716,0.11470574953498763,-0.06691311380673715
1426,40082103,u,3,-0.736163159000546,0.050892562954938825,0.13066020197805595,0.8548170354578241,-0.736163159000546
1427,40085026,g,5,0.8299078988912945,0.014624826114939982,0.7157484915854477,2.011657746059234,0.8299078988912945
1428,40085026,i,12,1.7497822693086849,0.2509613852700623,0.620014692450414,5.069624928956853,1.7497822693086849
1429,40085026,r,11,1.255578488152449,0.23468228016725612,0.6274355769903754,3.5921088803047243,1.255578488152449
1430,4027882,g,2,-0.17776694629205791,0.014143321011482746,0.014143321011482746,0.04111134553907819,-0.17776694629205791
1431,4027882,i,3,1.2239513810551488,0.23931931165970788,0.4235126195514123,1.5012968669432212,1.2239513810551488
1432,4027882,r,6,0.6725102955750775,0.392963008676925,0.7852651472619125,0.7069359747271978,0.6725102955750775
1433,40283572,g,5,0.16458621271735696,0.21861090862613985,0.3949808695100956,0.2471076212212293,0.16458621271735696
1434,40283572,r,5,0.29775374790754316,0.10843847041459542,0.2874609295963646,0.20835063356736758,0.29775374790754316
1435,40451211,g,3,2.213778032071466,0.03709340756140289,0.4696162247445044,5.712912463119495,2.213778032071466
1436,40451211,i,4,2.069677258196063,0.24493260689186658,0.5895552359799223,9.821991456272851,2.069677258196063
1437,40451211,r,7,1.7321772360273409,0.047234026970503384,0.2558211279678684,7.736277191583231,1.7321772360273409
1438,40451211,u,4,1.5005914011711008,0.3056896176229088,0.5884396755877965,3.2321740701569217,1.5005914011711008
1439,40533610,g,5,-0.764222644332442,0.0366384005341549,0.09046915306927272,1.3438280171708465,-0.764222644332442
1440,40533610,r,3,-0.5042986834208165,0.09110201489227587,0.12706203775354796,0.6127520600804478,-0.5042986834208165
1441,40533610,u,3,-0.7396855666909801,0.026735698675845576,0.029223296461592163,1.0231789892316137,-0.7396855666909801
1442,40701632,g,4,1.651252804009263,0.3836043173514623,0.7396386983356247,4.230903511941607,1.651252804009263
1443,40701632,i,2,1.8790141780498373,0.3769988041338944,0.3769988041338945,6.436865729501198,1.8790141780498373
1444,40701632,r,5,1.51699157924073,0.0703957064281866,0.10673957028305492,4.557205149655564,1.51699157924073
1445,40701632,u,2,0.9549850958867804,0.06426362694664933,0.06426362694664944,1.5343839623557345,0.9549850958867804
1446,40712565,g,6,0.8019699492515898,0.1923542818474222,0.2988848531186279,0.8995764503364146,0.8019699492515898
1447,40712565,i,4,0.1517498596131691,0.08360996599535286,0.18003081375613755,0.19955291918141105,0.1517498596131691
1448,40712565,r,4,0.18726935249687415,0.003180307195388532,0.09242912433077644,0.17076967065444948,0.18726935249687415
1449,40761862,g,5,-0.32089436536054483,0.011050374830470444,0.12345390636194697,0.21157472598666613,-0.32089436536054483
1450,40761862,i,4,0.46916679987177645,0.09959323017896599,0.16941091125874808,0.6556061606089667,0.46916679987177645
1451,40761862,r,7,0.038654267421943334,0.06953375483355206,0.09219723735672924,0.019884754313854006,0.038654267421943334
1452,40761862,u,5,-0.26584992572676447,0.03453321037772672,0.053476972860801,0.14670518603195676,-0.26584992572676447
1453,4087634,g,8,-0.6167791183886138,0.051811507780739174,0.07990986035037473,0.6156317411718815,-0.6167791183886138
1454,4087634,r,5,-0.1113836121543268,0.13442850051268984,0.2591415144372793,0.1286671990495512,-0.1113836121543268
1455,4087634,u,3,-0.4743678112761558,0.17873968327623135,0.18393132897400966,0.43094367611137696,-0.4743678112761558
1456,40892967,i,5,0.6204736272025957,0.07137895302074648,0.13046439257826892,0.5881431149531223,0.6204736272025957
1457,40892967,r,5,0.29381310034193,0.11120547664760405,0.33166634539324713,0.10925344070346596,0.29381310034193
1458,40892967,u,3,-0.5198597111277272,0.00015866360725702577,0.011795551515207281,0.49178829255465245,-0.5198597111277272
1459,41030957,g,8,0.19841480792752686,0.36824857145490686,0.8157123843254259,0.5223957006815313,0.19841480792752686
1460,41030957,i,7,0.9889796843851377,0.22141155528821743,0.45510751332243404,1.78099650475499,0.9889796843851377
1461,41030957,r,14,1.0564835473375118,0.3890864062891757,0.7812684035671822,1.770449866128822,1.0564835473375118
1462,41030957,u,5,-0.15040744481277857,0.29837410194247793,0.36576599147971156,0.2631033589263321,-0.15040744481277857
1463,41060185,g,3,-0.3882213294273975,0.01447272458727955,0.06059591733871361,0.412269085794466,-0.3882213294273975
1464,41060185,r,6,-0.09784798990781107,0.04523670857154638,0.07558250363108454,0.04432377275985357,-0.09784798990781107
1465,41060185,u,3,-0.20158664134059912,0.17875061873045017,0.28475817311483465,0.14620538489869506,-0.20158664134059912
1466,41073937,g,8,1.6158944467845702,0.6459274322971817,1.3323047047813907,3.737601982024011,1.6158944467845702
1467,41073937,i,9,1.5176370434396842,0.5384345880070203,0.6049524175006895,3.7219284416836373,1.5176370434396842
1468,41073937,r,12,1.477268846520281,0.7990976356176482,1.514566902155805,3.526224519388561,1.477268846520281
1469,41073937,u,5,0.7826248392864659,0.008056479329001665,0.011052334980496736,0.6578394691441393,0.7826248392864659
1470,41094764,g,5,1.029380522957879,0.3021346945373631,0.5790750638013904,1.3825089615923993,1.029380522957879
1471,41094764,i,4,0.9811658709566036,0.1446426741034984,0.20636126681364542,2.3695568333932844,0.9811658709566036
1472,41094764,r,8,0.9517760978142769,0.20539275455201134,0.42290816064666714,2.1610122527859876,0.9517760978142769
1473,41094764,u,3,0.6637844842388798,0.0032248806860066814,0.17543614823235054,0.4449398722745143,0.6637844842388798
1474,41205066,i,2,-0.29771610624309763,0.15726196480522414,0.15726196480522414,0.24688538668328797,-0.29771610624309763
1475,41205066,r,8,-0.23511763172929012,0.1788646398949555,0.33024911410717067,0.1976353893875417,-0.23511763172929012
1476,41205066,u,2,-0.7816949363750167,0.046197140275263004,0.046197140275263004,0.9769864871802048,-0.7816949363750167
1477,41252047,g,4,0.9252879280238708,0.23774819929997915,0.4987366213146214,1.6984357915510182,0.9252879280238708
1478,41252047,i,4,1.2395729526849526,0.3044884427155451,0.6056533434986999,3.1428270747901905,1.2395729526849526
1479,41252047,r,8,1.7134918034120936,0.18877594438555945,0.33481063590992943,5.105926371418495,1.7134918034120936
1480,41265114,g,6,-0.2520258002802802,0.128893057862712,0.36256975267493174,0.1826134705079416,-0.2520258002802802
1481,41265114,r,2,-0.003318224455130303,0.020773401108633238,0.020773401108633238,0.0011342274588113262,-0.003318224455130303
1482,41265114,u,6,-0.3105525770453186,0.14877407894010453,0.28868958496668373,0.1970252501805093,-0.3105525770453186
1483,41294585,g,7,1.0783332610044944,0.15547260674732444,0.36099058312836885,1.8893723795625625,1.0783332610044944
1484,41294585,i,2,1.0538655882959715,0.23554930202554725,0.23554930202554736,2.5963690561292707,1.0538655882959715
1485,41294585,r,6,1.3188466370427898,0.6863530457372702,1.2133595196386395,3.065287022128268,1.3188466370427898
1486,41294585,u,2,0.6895681518440147,0.09161781435851735,0.09161781435851735,0.5733977867205132,0.6895681518440147
1487,41342653,g,7,0.8094161115609639,0.11204728265180575,0.337399005352116,1.2394142415848226,0.8094161115609639
1488,41342653,i,5,1.4655376052972737,0.049966969434895425,0.06549478886898386,3.59597975796693,1.4655376052972737
1489,41342653,r,6,1.0632882913128336,0.22491719716554925,0.41477393728360357,2.2080614659587456,1.0632882913128336
1490,41342653,u,5,0.2541383673715043,0.17274095405280798,0.4006774480095576,0.2709339484554164,0.2541383673715043
1491,41358151,g,3,-0.3184358938362615,0.04092370386702382,0.39300348015698583,0.2785746508406258,-0.3184358938362615
1492,41358151,i,3,0.1223889221198462,0.17507345770824956,0.30311950283828115,0.20195708224958273,0.1223889221198462
1493,41358151,r,7,-0.0028220196499453287,0.11166942475769936,0.2068766473628873,0.04755113285132755,-0.0028220196499453287
1494,41372964,g,10,-0.08085127387263025,0.29350742114977346,0.5084016095766095,0.14958780556598078,-0.08085127387263025
1495,41372964,i,10,0.35902040121323675,0.15337349772404713,0.29910142160087677,0.45836620116189986,0.35902040121323675
1496,41372964,r,13,0.3653933885821776,0.36755932481331177,0.7643164782028481,0.4744797538459395,0.3653933885821776
1497,41372964,u,2,-0.3048098249968244,0.049886790836485395,0.049886790836485395,0.14324037065546488,-0.3048098249968244
1498,41597465,g,3,1.097122430206497,0.028756201264334535,0.4341230561601547,1.3307362150932143,1.097122430206497
1499,41597465,i,2,0.8599992484669856,0.1105467126606785,0.1105467126606785,2.218188800789327,0.8599992484669856
1500,41597465,r,5,0.8954412818816113,0.14395757350560445,0.27430091866353945,2.1254381094580137,0.8954412818816113
1501,41597465,u,5,0.5657389918813738,0.11580300664441046,0.14393191106041026,0.6853120787444238,0.5657389918813738
1502,41613385,g,4,-0.13509091964222797,0.10615624361307247,0.1895597368807405,0.11872957140105833,-0.13509091964222797
1503,41613385,r,4,0.18946468151775575,0.06092994824878506,0.10887199241433382,0.10988458224198946,0.18946468151775575
1504,41613385,u,3,-0.0484144409203332,0.06748889189997931,0.25355502293544974,0.08722748355984171,-0.0484144409203332
1505,41665833,g,4,0.03837023875722223,0.17781316556775617,0.30931702656995036,0.10160886454126739,0.03837023875722223
1506,41665833,r,6,0.20347533822029185,0.04625635229358038,0.11502602341684104,0.21337612652457247,0.20347533822029185
1507,41665833,u,5,-0.02864465145438877,0.17699199889256279,0.3768424399589463,0.05787291008913673,-0.02864465145438877
1508,41666235,g,4,-0.2839836232171291,0.0482423596418281,0.06452839426335394,0.12303418897586409,-0.2839836232171291
1509,41666235,r,3,-0.36821660742013806,0.03214193925426856,0.11256956935443108,0.27855339506295124,-0.36821660742013806
1510,41666235,u,3,-0.4286039054279547,0.13086706342412868,0.1953634591105703,0.33462233242480827,-0.4286039054279547
1511,41669990,g,8,0.5903053219603637,0.13622604263519267,0.26571459305018597,0.5382495978533051,0.5903053219603637
1512,41669990,i,2,0.8878501616325659,0.2037925893702145,0.2037925893702146,1.533029944016238,0.8878501616325659
1513,41669990,r,8,0.7815347801065572,0.23571909561091609,0.3433157544829464,0.9937296235647786,0.7815347801065572
1514,41669990,u,2,0.7477632277436252,0.04537274909945266,0.04537274909945266,0.5978028427156468,0.7477632277436252
1515,4167007,g,5,-0.5622754564991159,0.03987012982617477,0.11889510750896815,0.5605248238598398,-0.5622754564991159
1516,4167007,i,2,-0.3741919260368878,0.007820136933728294,0.007820136933728294,0.3404675699052647,-0.3741919260368878
1517,4167007,r,8,-0.3550506077879241,0.07147026483799324,0.13896139722177886,0.2488385065409684,-0.3550506077879241
1518,4167007,u,2,-0.46522993657125666,0.11504480256601224,0.11504480256601224,0.3107518309556518,-0.46522993657125666
1519,41690156,g,2,1.0721079130073368,0.37394265829724815,0.37394265829724804,2.411360459351681,1.0721079130073368
1520,41690156,i,2,1.3363771603640076,0.06080727881803849,0.06080727881803849,5.0049042799121555,1.3363771603640076
1521,41690156,r,4,1.6560805244415606,0.4560111577310445,0.7544184285613178,5.794274459483475,1.6560805244415606
1522,41690156,u,3,0.5053096351265352,0.1237404634450352,0.48078964050040085,1.06431000757515,0.5053096351265352
1523,41697582,g,9,-0.4223955440924969,0.035730182104084296,0.046494726164495015,0.2874554282318205,-0.4223955440924969
1524,41697582,i,5,0.3610531141886901,0.13111548554472274,0.17512173031489264,0.26898703118851996,0.3610531141886901
1525,41697582,r,13,0.09924215488314925,0.12330207842907481,0.1857246671022812,0.09501748580115582,0.09924215488314925
1526,41697582,u,6,-0.6927569535298365,0.00809141893221399,0.014175974356323784,0.7037263795477405,-0.6927569535298365
1527,41734913,g,4,0.579221592858956,0.06419270710665126,0.13161545558766474,0.595324982946145,0.579221592858956
1528,41734913,i,4,0.7678807495591983,0.13578144164673356,0.20330969029075563,1.5257784791163926,0.7678807495591983
1529,41734913,r,6,0.7297771668764835,0.013292874202465943,0.021691032528495358,1.112370182462556,0.7297771668764835
1530,41734913,u,4,0.5028033721751868,0.0696844863133832,0.2011042828551347,0.2616313809345255,0.5028033721751868
1531,41815203,g,6,2.418519273225408,0.35646130381035024,0.5908379316023438,7.403031172377861,2.418519273225408
1532,41815203,i,5,2.622669645276135,0.22334381256099123,0.4401294572033829,9.9853248848028,2.622669645276135
1533,41815203,r,8,2.8882017557659956,0.23290808807860808,0.5032726522802373,9.735228948878948,2.8882017557659956
1534,41817316,g,4,0.11060055740352814,0.07225300567517634,0.11785710715564146,0.037318310850022365,0.11060055740352814
1535,41817316,i,6,0.5121174028154819,0.21064671574140414,0.43365907087321687,0.774022790710024,0.5121174028154819
1536,41817316,r,7,0.36235724408001313,0.10362359064652416,0.18885253022269988,0.351570417810288,0.36235724408001313
1537,41817316,u,2,0.03323057788345285,0.2945024381914979,0.2945024381914979,0.10264646481804068,0.03323057788345285
1538,41915063,g,8,-1.575692810209364,0.15832324338453396,0.2750632743506416,3.5433383426972433,-1.575692810209364
1539,41915063,r,5,-0.9809306770009436,0.03448397253737201,0.05422396214213632,1.668251322211372,-0.9809306770009436
1540,41915063,u,5,-1.9560534477705867,0.06216948361922281,0.06740658009394451,4.867988757137665,-1.9560534477705867
1541,42075906,g,3,-0.26383956919146434,0.002175694929649863,0.01746752572511323,0.11577802341578607,-0.26383956919146434
1542,42075906,i,3,0.44506846847713444,0.05414738962942178,0.1382530212769163,0.432759602588676,0.44506846847713444
1543,42075906,r,4,0.15050942958530178,0.017154448118267385,0.029131393341591927,0.04354192708672658,0.15050942958530178
1544,42075906,u,4,-0.6341457968163345,0.023119018753342546,0.05709003166225857,0.5099988138648328,-0.6341457968163345
1545,42141626,g,7,0.1929318964987019,0.12279734417985,0.20256647568560382,0.07823285584924741,0.1929318964987019
1546,42141626,i,15,1.0042986840847858,0.21918969535125998,0.3868058671265453,1.6880331703612865,1.0042986840847858
1547,42141626,r,14,0.6747219932530307,0.04567996070390945,0.08586530514883095,0.7124856609836115,0.6747219932530307
1548,42141626,u,2,-0.30825533252723103,0.03397333700392169,0.03397333700392169,0.0998331441184871,-0.30825533252723103
1549,42202940,i,7,-0.6607612800377645,0.21416163932962062,0.6046806235606469,1.5625080782073517,-0.6607612800377645
1550,42202940,r,5,-0.8576058245751894,0.056910328409287114,0.13431870001947677,2.068729185465294,-0.8576058245751894
1551,42202940,u,2,-1.1144356371660757,0.03199381920885547,0.03199381920885558,2.241544630252641,-1.1144356371660757
1552,42223374,g,3,0.6536107775200695,0.1110289647625502,0.3782759073304056,0.9571906348580951,0.6536107775200695
1553,42223374,i,2,0.52421584393533,0.342709054288335,0.34270905428833504,0.655143750355411,0.52421584393533
1554,42223374,r,5,0.7612774047658686,0.18776373612716268,0.5462244589407401,0.7099291057719072,0.7612774047658686
1555,42224924,g,5,-0.4295004075341917,0.0568424101177476,0.06873738414461239,0.35456041011272194,-0.4295004075341917
1556,42224924,i,2,-0.20636282381082705,0.00028604623524008943,0.00028604623524008943,0.11894572814531598,-0.20636282381082705
1557,42224924,r,6,-0.17903987237842534,0.023847842403512176,0.09344714960491735,0.06565268956097711,-0.17903987237842534
1558,42228244,i,5,1.073772776240303,0.15373158556620026,0.2437362158975911,2.316464768109554,1.073772776240303
1559,42228244,r,6,1.1628146377420379,0.07992159332370807,0.14019748185513703,2.5847402197883045,1.1628146377420379
1560,42270202,g,7,-0.6372945976402611,0.04076017279732058,0.06870454410927362,0.8249322547392542,-0.6372945976402611
1561,42270202,i,2,-0.10293256458153333,0.06769502789550197,0.06769502789550197,0.039529573068517565,-0.10293256458153333
1562,42270202,r,7,-0.37100948808943524,0.05920158898616945,0.10662760586625852,0.30439689302527106,-0.37100948808943524
1563,42270202,u,3,-0.9604690216723624,0.03354693774244577,0.08713155845391951,1.3447220974504723,-0.9604690216723624
1564,42322417,g,10,0.8866604834752609,0.6076736773343829,1.3436985297981474,1.4285680604362139,0.8866604834752609
1565,42322417,i,10,0.9536523181442548,0.2207303903856731,0.4454858448988819,1.5259217186505896,0.9536523181442548
1566,42322417,r,12,0.6902878137103085,0.1412653578870171,0.3755556845322048,1.1671999690379042,0.6902878137103085
1567,42322417,u,4,0.2993516531805378,0.18173970082711044,0.34763627206668185,0.1282237291790813,0.2993516531805378
1568,42507685,g,2,0.5254730303755628,0.04282989885745225,0.04282989885745225,0.6261080349342225,0.5254730303755628
1569,42507685,r,5,0.7233445333938644,0.05879930533329758,0.2674885982674262,1.834816200599354,0.7233445333938644
1570,42507685,u,4,0.206353602396939,0.0816334716625311,0.3269336751810046,0.34652923790034784,0.206353602396939
1571,42604276,g,7,0.02236686127684262,0.33324402607140513,0.4389648534664935,0.15655872733147344,0.02236686127684262
1572,42604276,i,2,0.1645468863378029,0.01028068083987732,0.01028068083987732,0.05945848332530927,0.1645468863378029
1573,42604276,r,4,0.2871587079404342,0.08274121493179043,0.1064702627788997,0.15653688619947448,0.2871587079404342
1574,42604276,u,2,0.15253559887778756,0.05926044167604683,0.05926044167604683,0.0397303584547197,0.15253559887778756
1575,42606968,g,3,0.3591067208617593,0.03805515710473406,0.4773763283784751,0.6602869037867422,0.3591067208617593
1576,42606968,i,13,1.1619573215799774,0.5125221998628358,0.880123819194627,2.0802828775832323,1.1619573215799774
1577,42606968,r,9,0.8250871340823236,0.2476493269762663,0.3735512931505365,0.7510148743009677,0.8250871340823236
1578,42606968,u,2,0.3995611596068127,0.3096498495347435,0.3096498495347435,0.2558080598380871,0.3995611596068127
1579,4282419,g,6,0.5466051136589606,0.1366234067824993,0.22955288444301092,0.49477722114784267,0.5466051136589606
1580,4282419,r,4,0.5235952287897342,0.31116818275909564,0.6050581242093118,0.6410697844832784,0.5235952287897342
1581,42884579,g,6,-0.17273872845392368,0.11810580348981736,0.185476434268199,0.13111068324858208,-0.17273872845392368
1582,42884579,i,2,0.19550875514974564,0.08452978642295816,0.08452978642295816,0.10805101604395556,0.19550875514974564
1583,42884579,r,8,0.28160149140732227,0.09684326560736645,0.22324332212951534,0.13559170401762774,0.28160149140732227
1584,42884579,u,2,0.009732728683702119,0.1709811801903054,0.1709811801903054,0.04231081016289601,0.009732728683702119
1585,42922654,g,5,1.975032006911547,0.05586809138094706,0.08678616003547202,4.613790000138664,1.975032006911547
1586,42922654,i,8,2.1436892562035945,0.3142624364502079,0.515160393507073,5.50902434240623,2.1436892562035945
1587,42922654,r,9,2.072824622282248,0.12041081670709275,0.6613706575624354,4.517517359893128,2.072824622282248
1588,42963366,g,5,-1.13767318535742,0.07289345023836757,0.07539101053377584,1.5181825793242356,-1.13767318535742
1589,42963366,i,2,-0.903690021258369,0.19894090186253321,0.19894090186253333,1.570958563692095,-0.903690021258369
1590,42963366,r,7,-0.9168786103931164,0.1837596349151951,0.30338537837335977,1.342964214384743,-0.9168786103931164
1591,43070850,g,4,-0.6753117766649118,0.040820902841513296,0.09624923962436793,0.7511641883069922,-0.6753117766649118
1592,43070850,r,2,-0.25695089050831016,0.09851917703026675,0.09851917703026677,0.17628231170542255,-0.25695089050831016
1593,43070850,u,5,-0.8757472130474322,0.08625637127863928,0.19707311121512316,1.3544580473936645,-0.8757472130474322
1594,43101842,g,3,0.27278240881968596,0.04624802189234778,0.3407632164797335,0.473997293859387,0.27278240881968596
1595,43101842,r,5,0.6311474513498019,0.034413967419987035,0.4411749046665132,1.5246175582206827,0.6311474513498019
1596,43101842,u,2,0.20348752076789212,0.05473541032730167,0.05473541032730167,0.07725909420534607,0.20348752076789212
1597,43110998,g,2,-1.9449947017577618,0.03517018575420772,0.03517018575420794,4.89057772356122,-1.9449947017577618
1598,43110998,i,7,-1.2724891198167927,0.050465656229584877,0.09793926612374149,2.7857247742607245,-1.2724891198167927
1599,43110998,r,3,-1.304338128084093,0.03184716090320405,0.21012180174544004,3.415290688321621,-1.304338128084093
1600,4321912,g,4,0.7284830907557536,0.0744550309483929,0.22006669188869843,0.6291354589214404,0.7284830907557536
1601,4321912,i,2,0.9314046621463222,0.020514961181204883,0.020514961181204994,1.866356371160723,0.9314046621463222
1602,4321912,r,5,1.2576714502000736,0.22531939179927707,0.6570124510084239,2.1225805626401373,1.2576714502000736
1603,4321912,u,2,0.24272701436963318,0.2553895763830709,0.2553895763830709,0.15973389538894597,0.24272701436963318
1604,43622543,g,2,-0.39616523036263973,0.016386428901852712,0.016386428901852712,0.2194231036581087,-0.39616523036263973
1605,43622543,i,4,0.025989832710084926,0.18271724703609604,0.30570563779828075,0.2753711804179091,0.025989832710084926
1606,43622543,r,8,0.015977191062734986,0.023437043643930955,0.04549070616410439,0.061547058861571455,0.015977191062734986
1607,43622543,u,4,-0.27213913724274774,0.23430951975697745,0.5538326865992447,0.21501563609828903,-0.27213913724274774
1608,4370086,i,3,1.016529946448398,0.10180402965520474,0.16429541802198433,3.1343719133518158,1.016529946448398
1609,4370086,r,6,1.1957966382360183,0.3667468145094358,0.70101889977384,3.3611658522186674,1.1957966382360183
1610,43733623,g,5,2.3981246818697706,0.13759379401532978,0.2081384689351755,7.974366422235741,2.3981246818697706
1611,43733623,i,2,2.1533004053920357,0.18551073649467265,0.1855107364946731,10.357753120156097,2.1533004053920357
1612,43733623,r,8,2.3313092288792467,0.5282377552966304,0.9705792955017678,9.733286773078332,2.3313092288792467
1613,43812017,g,5,0.07738918890303248,0.07542525256035293,0.07572452095742577,0.046133155579100506,0.07738918890303248
1614,43812017,i,3,1.0791152984702967,0.07744876631945119,0.24981287133580343,1.931060269695788,1.0791152984702967
1615,43812017,r,8,0.5920881578547369,0.07511267513077446,0.10136286913299963,0.840348226606566,0.5920881578547369
1616,43812017,u,6,-0.2550092031003115,0.049264693441610774,0.22057839850979416,0.11410564574283881,-0.2550092031003115
1617,44029883,g,3,-0.15097186515029049,0.051418898973005556,0.2572184312448009,0.0800690368326785,-0.15097186515029049
1618,44029883,i,4,-0.1267754970438283,0.05122537285559381,0.08378714240405138,0.08106506915939114,-0.1267754970438283
1619,44029883,r,10,-0.02947362985090829,0.14276868383718944,0.4011978522242256,0.2257920193467918,-0.02947362985090829
1620,44071620,g,5,1.6540589355014754,0.08266454757634722,0.131052517269461,3.1233413787163355,1.6540589355014754
1621,44071620,r,3,1.7331452385249801,0.10747442200592427,0.19985432155863592,4.663317526484097,1.7331452385249801
1622,44071620,u,4,1.6531821010842764,0.08462682283212164,0.20259681021097586,2.679615317675049,1.6531821010842764
1623,44080631,g,7,-0.22245194688849557,0.10731601271600333,0.4827883573846503,0.12896520131344671,-0.22245194688849557
1624,44080631,i,2,0.3575306258154871,0.06754091112158522,0.06754091112158522,0.3729973975537495,0.3575306258154871
1625,44080631,r,6,0.2604159306056366,0.042278388804089295,0.06470032812112109,0.2658189727157652,0.2604159306056366
1626,44084693,g,12,2.823303355292985,0.33055861183297375,0.6755073708464474,7.489539515085102,2.823303355292985
1627,44084693,i,4,1.8084376239497604,0.42905186927956207,0.8393659640013478,5.888349431311173,1.8084376239497604
1628,44084693,r,10,2.5346925651879033,0.41956508057009456,1.4783637371134615,7.2145734318553805,2.5346925651879033
1629,44084693,u,5,3.7390332948903193,0.17179539836818503,0.3754539312262106,11.95436873068256,3.7390332948903193
1630,4412392,g,3,-0.08198422449842147,0.1319312610592971,0.17385828866076491,0.045835090086022795,-0.08198422449842147
1631,4412392,i,2,-0.03206693537114991,0.090592284869074,0.090592284869074,0.02221526610315845,-0.03206693537114991
1632,4412392,r,9,0.061405945511117555,0.24084944864098823,0.4822889393088903,0.154376414535485,0.061405945511117555
1633,4412392,u,4,-0.05242809001180759,0.11066736049371756,0.18035518642749584,0.0700155857610299,-0.05242809001180759
1634,44133801,g,5,0.45139472078280307,0.1937298773477807,0.20049657233526297,0.3374691141731437,0.45139472078280307
1635,44133801,i,5,0.5496710557564586,0.17273812725365634,0.19800507861247552,1.250556538429181,0.5496710557564586
1636,44133801,r,9,0.6487611902049497,0.0985969614671065,0.19254416699733423,1.067311505313539,0.6487611902049497
1637,44295318,g,5,1.639874030286454,0.13702555864838328,0.2174401084258617,5.369916785729018,1.639874030286454
1638,44295318,r,4,1.993326141162903,0.24771271428104136,0.4955407711429629,8.22947673017689,1.993326141162903
1639,44296393,g,7,1.9187418808939658,0.20277751183383286,0.4983557544008992,5.714781240044587,1.9187418808939658
1640,44296393,i,9,2.00588385195471,0.5418824155754207,0.9439804417908904,8.678411739971445,2.00588385195471
1641,44296393,r,18,2.1231580277607267,0.5103723081715679,1.004166579935704,6.632933678079272,2.1231580277607267
1642,44296393,u,9,0.6983870200970692,0.27259906465329253,0.9765054829472921,1.7625514937885842,0.6983870200970692
1643,44308833,g,6,0.5001407748561848,0.14570140733313774,0.2544970422244118,0.4775009337432115,0.5001407748561848
1644,44308833,i,3,0.7947742620957265,0.1920496082558385,0.3367186683536979,1.2092991969239162,0.7947742620957265
1645,44308833,r,5,0.7767355808841117,0.17333588913882547,0.31896286814119734,1.4468690345220276,0.7767355808841117
1646,44308833,u,3,0.6363011094865012,0.21382263769482535,0.3613516364832339,0.42262056020051486,0.6363011094865012
1647,44367534,g,7,-0.3159171688142046,0.03312660343399787,0.377401429104693,0.32356302104002854,-0.3159171688142046
1648,44367534,r,6,0.022467122634483916,0.1301091229794279,0.20778269103753283,0.039833858589745204,0.022467122634483916
1649,44367534,u,5,-0.29332723922191284,0.09416160260125439,0.14729298664203117,0.2282272054593228,-0.29332723922191284
1650,44571561,g,5,-1.1544436404331122,0.15029751596901897,0.3067833440230123,2.199295014459677,-1.1544436404331122
1651,44571561,i,9,-0.5142601421229287,0.07604967338498358,0.19796815622340413,0.6122791533358805,-0.5142601421229287
1652,44571561,r,11,-0.8148074406445445,0.09860789866292241,0.18571654445357633,1.062551895652133,-0.8148074406445445
1653,44571561,u,4,-1.3087112623301973,0.02399442746794045,0.1039073596600022,2.0518425595040823,-1.3087112623301973
1654,44611411,g,4,-0.4989518220218111,0.05856920527404774,0.11559884436511358,0.49191404768939545,-0.4989518220218111
1655,44611411,r,9,-0.25971671198529567,0.06153779476839727,0.14710297635413894,0.18221470175810806,-0.25971671198529567
1656,44611411,u,3,-0.6356573533599583,0.10167573562042875,0.14454821517449867,0.8741001667133371,-0.6356573533599583
1657,4463513,g,6,2.622502322910522,0.12428718693942264,0.7872733607279612,12.927693428815266,2.622502322910522
1658,4463513,r,7,3.0417762776736037,0.07581756362641245,0.13676816843555573,16.74394954267556,3.0417762776736037
1659,4463513,u,4,2.561574641183804,0.03244004712858417,0.07436491530645739,9.5492425339245,2.561574641183804
1660,44645833,g,5,1.0808463662338932,0.4263572497423398,0.5069229660356736,1.4974485993075732,1.0808463662338932
1661,44645833,i,5,1.0047597002188504,0.09629020582144632,0.11886669643337688,2.5785968067961385,1.0047597002188504
1662,44645833,r,8,1.6743199573032483,0.5138875252989854,1.024512065934148,3.9357673103795134,1.6743199573032483
1663,44726003,g,5,1.3752781522571218,0.09097769715151083,0.26359325465723016,2.2756582967806747,1.3752781522571218
1664,44726003,i,5,0.8931788568232939,0.03134013293470472,0.08073483676216009,1.6389629443478153,0.8931788568232939
1665,44726003,r,5,1.3548204836084559,0.34781256104269453,0.4906808421939619,2.596943524731768,1.3548204836084559
1666,44741443,g,7,0.4142352499045352,0.034615540472021866,0.9308452790410653,1.4479007205083494,0.4142352499045352
1667,44741443,i,5,0.869071229747427,0.1387593463901582,0.5006623203883163,3.071852826615854,0.869071229747427
1668,44741443,r,7,1.2910013465711019,0.28597258279567006,0.6378696929822573,2.9198094615915444,1.2910013465711019
1669,44741443,u,5,0.575812286830669,0.039855025821057266,0.30406154201683,1.0342440886559794,0.575812286830669
1670,44756585,g,6,-1.9946521059008555,0.11144201111978624,0.17681200907501116,4.758441559923179,-1.9946521059008555
1671,44756585,i,5,-1.147452650347849,0.3242435967549955,0.5102290600343931,2.7147485803618285,-1.147452650347849
1672,44756585,r,12,-1.7113932445171471,0.15740731637013505,0.3826432438085301,3.4433027111144217,-1.7113932445171471
1673,44756585,u,3,-1.8583020904177538,0.053629493862807465,0.10500025390143608,3.6478395834568946,-1.8583020904177538
1674,44933658,g,5,-0.16560714009793065,0.07231250151809832,0.10440171659979924,0.09699010544343314,-0.16560714009793065
1675,44933658,i,4,0.19026311631621118,0.014655630389523333,0.043566465713486935,0.11338450332847567,0.19026311631621118
1676,44933658,r,8,0.3509424430228305,0.17307823777497378,0.29392679166246694,0.2328223858582963,0.3509424430228305
1677,44933658,u,4,-0.530240649018674,0.003954639372976909,0.09833326565211059,0.355156396282604,-0.530240649018674
1678,45193411,g,5,1.9831197191223957,0.09660925319598013,0.10230937735236179,6.723410150055791,1.9831197191223957
1679,45193411,r,3,2.400053685015382,0.09262780205767607,0.133774075659582,10.466635742776166,2.400053685015382
1680,45193411,u,2,1.9849977030792911,0.04204830386215852,0.04204830386215841,5.779716622419395,1.9849977030792911
1681,45239820,g,7,-0.5181269267575113,0.02863917386797077,0.048559010989517426,0.4273683413383828,-0.5181269267575113
1682,45239820,i,14,0.1626485584328693,0.14777672196904257,0.280201731979766,0.10490159453503736,0.1626485584328693
1683,45239820,r,13,-0.06592256243097117,0.14972551209957197,0.20091964322601807,0.0590112537465468,-0.06592256243097117
1684,45239820,u,7,-0.398124280100117,0.10542211644110244,0.33259746651108735,0.1688630973420989,-0.398124280100117
1685,4533024,g,3,-0.004814871604933657,0.0009260671247912633,0.0369304822014529,0.0038906554526325996,-0.004814871604933657
1686,4533024,i,2,0.3888783033404678,0.045348251265959205,0.045348251265959205,0.4803400075332067,0.3888783033404678
1687,4533024,r,6,0.38142407501731224,0.0491096172423649,0.07670733478006991,0.376778915617937,0.38142407501731224
1688,45515340,g,5,-0.43981384893876485,0.06497750711413386,0.10812220226586522,0.31417484524668915,-0.43981384893876485
1689,45515340,i,2,-0.12556377109901118,0.015095338444280904,0.015095338444280904,0.03126397506578362,-0.12556377109901118
1690,45515340,r,12,-0.3169500442568035,0.07573953217040152,0.1586110159690356,0.19708992591425425,-0.3169500442568035
1691,45515340,u,2,-0.20932637522378839,0.05878639551820486,0.05878639551820486,0.0583506259703508,-0.20932637522378839
1692,45570230,g,7,0.07687910329309267,0.2346845179926711,0.2893756551253295,0.06790535089374303,0.07687910329309267
1693,45570230,i,8,0.57737912219947,0.3907122712834308,0.7726361265619888,0.9136789916052167,0.57737912219947
1694,45570230,r,14,0.5301402396916217,0.3441921676425552,0.6120070206690815,0.5247313884262634,0.5301402396916217
1695,45570230,u,5,0.1637096495194028,0.05567391206314043,0.09543424047347937,0.04616916541904607,0.1637096495194028
1696,45916737,g,5,0.507184612631689,0.3393741954503995,0.34607556361869674,0.3378507883165241,0.507184612631689
1697,45916737,i,19,0.8430752673502668,0.2263153345123201,0.46218168462508125,1.2607870273393713,0.8430752673502668
1698,45916737,r,17,0.6119246542748606,0.23982352493414116,0.4867083064293103,0.7830316963551928,0.6119246542748606
1699,45916737,u,3,0.22195177058902438,0.0047867952904887545,0.008650016369710078,0.05640137767633957,0.22195177058902438
1700,45991297,g,8,-0.5709423965023949,0.0968486853657089,0.1836589624101122,0.6117558575513099,-0.5709423965023949
1701,45991297,r,4,-0.14658060098625703,0.08359526553473318,0.16558349204407125,0.06694384714618887,-0.14658060098625703
1702,45991297,u,2,-0.6426362386284066,0.24730803866996864,0.24730803866996864,0.9970953811107923,-0.6426362386284066
1703,46086023,g,4,-0.004467691699560961,0.0798537861605475,0.14121945785256526,0.04263592802692098,-0.004467691699560961
1704,46086023,i,4,0.48753651922798336,0.18317249725304763,0.3149238369392273,0.6426698433904372,0.48753651922798336
1705,46086023,r,7,0.2673557505774562,0.14293506315350712,0.280545947558148,0.19345588379924994,0.2673557505774562
1706,46121487,i,9,-0.07655547297703391,0.03383604083452463,0.11501064146430262,0.03593486151327239,-0.07655547297703391
1707,46121487,r,10,-0.17430328737667333,0.07870482549356606,0.13891703543551415,0.08750289259595356,-0.17430328737667333
1708,46121487,u,2,-0.2842307574182569,0.015285647770207356,0.015285647770207356,0.13729845348563485,-0.2842307574182569
1709,46159782,g,7,0.8109170666374865,0.24339675796108806,0.40839591436310574,1.2298406925098813,0.8109170666374865
1710,46159782,i,3,0.9082048077858205,0.03643023834386039,0.08224304205527067,2.294412799748103,0.9082048077858205
1711,46159782,r,11,0.9456216077451374,0.07608985606245533,0.22641242345658408,2.57001583018959,0.9456216077451374
1712,46277114,g,9,0.590431246322944,0.2984100309335074,0.8511701374290483,0.35080557273089696,0.590431246322944
1713,46277114,i,5,0.7347762553920305,0.28409034810403333,0.39838345480232196,1.7240877699564845,0.7347762553920305
1714,46277114,r,14,0.682800570571926,0.43879241527727075,0.8377703285787506,0.8302734542689458,0.682800570571926
1715,46277114,u,7,-0.2749044141266963,0.1861273475461982,0.27017419274126053,0.18583714206971894,-0.2749044141266963
1716,46298761,g,4,-0.3292687913802427,0.05647136565218125,0.08584584550617386,0.1709261005225701,-0.3292687913802427
1717,46298761,r,7,-0.10984219954789354,0.08400388880402798,0.1168035101400553,0.04824593836087846,-0.10984219954789354
1718,46401189,i,3,1.8618886892061686,0.1297021435188177,0.13265646944996545,8.875662289041346,1.8618886892061686
1719,46401189,r,5,1.66172633946708,0.08781865552354606,0.10482543676827039,8.25948580752738,1.66172633946708
1720,46401189,u,2,2.0595062846588035,0.2827219315569257,0.2827219315569258,5.383051398428689,2.0595062846588035
1721,46502416,g,5,-0.7357407784339589,0.0668680507140722,0.11775263073579789,0.8319005018438622,-0.7357407784339589
1722,46502416,i,4,-0.6424937449137708,0.051384364458126,0.10265151716987408,0.9339733920150848,-0.6424937449137708
1723,46502416,r,12,-0.46080423032738815,0.06367716783702893,0.12214938562521782,0.36652889967911867,-0.46080423032738815
1724,46502416,u,3,-0.6879596674340407,0.0040151376957815454,0.014914979030967612,0.6152128612776483,-0.6879596674340407
1725,46528903,i,5,1.3796905380054172,0.3078797758258043,0.31726722579808797,3.879532010915993,1.3796905380054172
1726,46528903,r,8,1.4840178660855752,0.13817331553764767,0.9086710469082727,2.7772181137641327,1.4840178660855752
1727,46556324,g,4,-1.025011235284314,0.12261788943244034,0.25283801048282395,2.1097622770130653,-1.025011235284314
1728,46556324,i,6,-0.5108416120961395,0.060444026231625037,0.11450734781823524,0.5314883479619987,-0.5108416120961395
1729,46556324,r,11,-0.5579904354244969,0.0855270937904895,0.265782531001601,0.896170224215489,-0.5579904354244969
1730,46556324,u,3,-1.359691489879143,0.05295010681451395,0.16876603048280092,2.7740387453854005,-1.359691489879143
1731,4655774,g,2,-0.26146755055099835,0.06981860056920886,0.06981860056920886,0.13605594935793286,-0.26146755055099835
1732,4655774,i,4,0.213924435001696,0.0857814260328742,0.23201532607439673,0.20216006861603023,0.213924435001696
1733,4655774,r,4,0.1780901705209459,0.11670822831189209,0.23643151940657242,0.0736668492552773,0.1780901705209459
1734,46625559,g,3,-0.5463798189292486,0.0036855217171407606,0.01103264510268609,0.7001135401742076,-0.5463798189292486
1735,46625559,i,4,-0.11598295070239262,0.05191518780886739,0.08309159433317559,0.0493429112428194,-0.11598295070239262
1736,46625559,r,7,-0.24369130604848044,0.039021167258240785,0.060983692260324074,0.1418430047798274,-0.24369130604848044
1737,46639930,g,5,-1.1068835767623995,0.006272378915152643,0.09197238005227648,1.5780191002437232,-1.1068835767623995
1738,46639930,i,19,-0.6108772865515453,0.06840211238165006,0.12970460108339343,0.6380148400887129,-0.6108772865515453
1739,46639930,r,18,-0.7894216752516005,0.09658523006375674,0.16153245662928617,1.0173990171601335,-0.7894216752516005
1740,46639930,u,3,-1.6713111039395003,0.040466649673569055,0.28656296717678065,2.9362616942844233,-1.6713111039395003
1741,46642940,g,7,0.2955032901298227,0.12273849193817976,0.22183972055131407,0.3715873948460372,0.2955032901298227
1742,46642940,r,5,0.8400287587918027,0.1670151445764112,0.17804220497494816,1.1307147151846386,0.8400287587918027
1743,46642940,u,5,0.6094166414970907,0.050422591868376054,0.2618501833059883,0.35002718641861685,0.6094166414970907
1744,46654945,g,5,0.9206474844237098,0.025639010517986005,0.04194424997378299,1.2040030064166722,0.9206474844237098
1745,46654945,i,5,0.9015325724612815,0.12143004625177367,0.23841230434801708,1.467150019286463,0.9015325724612815
1746,46654945,r,8,0.8415093644013444,0.1610462908608573,0.25816952921803593,1.3273226847412518,0.8415093644013444
1747,46928311,g,7,0.16705037897350317,0.049390854613216684,0.3515598221156889,0.1885317382535021,0.16705037897350317
1748,46928311,r,8,0.7088529700763199,0.10820575850529568,0.23020473355709736,1.0624498601352124,0.7088529700763199
1749,46928311,u,3,0.5804153580651361,0.09478699697560788,0.28131924918952844,0.344089450570265,0.5804153580651361
1750,46983321,g,3,0.5851455155646339,0.029947438919949665,0.23799686968972789,0.9208303274799073,0.5851455155646339
1751,46983321,i,4,0.995289127930867,0.03786888768481356,0.11825893735876536,1.9777030613774342,0.995289127930867
1752,46983321,r,12,1.3372941157858773,0.19379867954170227,0.4352721614213855,2.7019997970267107,1.3372941157858773
1753,46993359,g,5,-0.2371399909188321,0.037653442035789686,0.07113015210215856,0.1611024420462155,-0.2371399909188321
1754,46993359,r,6,-0.01852211953611621,0.13859517211722372,0.29100556181740733,0.12276296514060943,-0.01852211953611621
1755,47021444,g,3,0.36289109836686406,0.053801274267587296,0.1980074595243596,0.4676237852388718,0.36289109836686406
1756,47021444,i,2,0.810040717450264,0.12463588984455676,0.12463588984455676,1.8042825696600335,0.810040717450264
1757,47021444,r,5,0.7267857793911436,0.19285262785829227,0.23363735880173309,1.3650563928102681,0.7267857793911436
1758,47021444,u,2,0.5810106709850434,0.04341006315439955,0.043410063154399436,0.49236230888068255,0.5810106709850434
1759,47088344,g,5,0.1458355388920669,0.07748548254129095,0.5301171224030192,0.2946223793682411,0.1458355388920669
1760,47088344,r,3,0.5521231568329383,0.13842026327246182,0.4877129586746276,1.3885886768852078,0.5521231568329383
1761,47088344,u,3,-0.037374979380665696,0.049406362533014336,0.3261991785524606,0.15574904320965094,-0.037374979380665696
1762,47101119,g,7,-0.21512615389895307,0.12364955084981988,0.16299759405778125,0.1524358026587876,-0.21512615389895307
1763,47101119,i,3,0.22462609034057968,0.07993069087314664,0.10729592225283607,0.19618549655988246,0.22462609034057968
1764,47101119,r,10,0.17398072306428786,0.11715892589636417,0.19975954638525728,0.12039387141088342,0.17398072306428786
1765,47101119,u,2,-0.2288777487360547,0.19454418981370214,0.19454418981370214,0.16924790002749587,-0.2288777487360547
1766,47250662,g,3,-0.054907309531024406,0.047416322155210855,0.07908935794051852,0.00995793265156373,-0.054907309531024406
1767,47250662,r,4,0.37826389078877865,0.11314076094855241,0.2718348747253051,0.2930055327565436,0.37826389078877865
1768,47250662,u,4,-0.09352015138743697,0.07896513197076271,0.13351652689941637,0.07354378164659969,-0.09352015138743697
1769,47302652,g,3,-1.2538438839822288,0.06232563069117769,0.2505079742078804,2.2585398869969677,-1.2538438839822288
1770,47302652,r,3,-0.8134015145689126,0.052206168047183255,0.143225201471058,1.2125643451168473,-0.8134015145689126
1771,47302652,u,6,-1.1089369161679303,0.21843716244598466,0.33283223373706927,1.787301462732432,-1.1089369161679303
1772,47316522,i,4,0.0986583829930684,0.07148718915568175,0.12471901701293892,0.05420822390886469,0.0986583829930684
1773,47316522,r,7,0.020342781714216773,0.058023906916210954,0.3145110294551581,0.15518391555540476,0.020342781714216773
1774,47417887,g,3,-0.3118810205774054,0.012796335699132966,0.3922911282183472,0.23044049345998496,-0.3118810205774054
1775,47417887,i,7,0.5691176322537987,0.11756869367397305,0.2769571754796465,0.7248803734980219,0.5691176322537987
1776,47417887,r,11,0.3136461817919147,0.23904490095435627,0.34931916038805344,0.3388159377775412,0.3136461817919147
1777,47417887,u,3,-0.6230315484651983,0.007310873097724713,0.2963954645060132,0.5702196919814521,-0.6230315484651983
1778,47460883,g,3,-0.39767127909879374,0.054055583172994526,0.0787255804353012,0.3597513796658522,-0.39767127909879374
1779,47460883,u,6,-0.6689118282479546,0.027865109545942568,0.047036194072465176,0.6460803670145624,-0.6689118282479546
1780,47507317,g,2,-0.6437358541612737,0.02451095897878708,0.02451095897878708,0.7466539033676036,-0.6437358541612737
1781,47507317,i,2,-0.08274550716800277,0.09685102591008032,0.09685102591008032,0.051012994475179485,-0.08274550716800277
1782,47507317,r,7,-0.20479123383878806,0.2153842348582773,0.2729462585111566,0.20080691607179374,-0.20479123383878806
1783,47548274,g,3,-1.2170020332138503,0.020788306610308283,0.13173811924322232,1.9696824488966005,-1.2170020332138503
1784,47548274,r,7,-0.7495933246732172,0.044123021964386666,0.09680298699712508,0.7014042667889822,-0.7495933246732172
1785,47548274,u,3,-1.4057344578830855,0.13976794173044738,0.18904395959443332,2.1665042414611246,-1.4057344578830855
1786,47673356,g,4,-0.012061532016844012,0.1298930413993733,0.2710994313732128,0.06394833644265634,-0.012061532016844012
1787,47673356,i,7,0.3993435748120875,0.2793225452852319,0.6995044921375444,0.8311588611905175,0.3993435748120875
1788,47673356,r,8,0.8719368771997182,0.33215404871086185,0.7012206849575073,1.4961419724254035,0.8719368771997182
1789,47673356,u,4,-0.2571971186681108,0.05209645204034585,0.08209909553430927,0.11532369598113892,-0.2571971186681108
1790,47940490,g,4,0.08121351314764069,0.12325320862258005,0.2133160040912353,0.037732953826136985,0.08121351314764069
1791,47940490,i,8,0.2941130638526589,0.18468976008549842,0.3337050999858392,0.33616082176928397,0.2941130638526589
1792,47940490,r,5,0.2896260537145474,0.1392013697595842,0.4858034458933991,0.35028029817250655,0.2896260537145474
1793,47955133,g,5,-1.2007744427477958,0.059510977812774035,0.1747236011993778,2.499517818050466,-1.2007744427477958
1794,47955133,i,3,-0.42003163710445346,0.05917493282725994,0.15963347554335905,0.31214111952044293,-0.42003163710445346
1795,47955133,r,5,-0.5946576389942204,0.07108731617031916,0.0745835870952829,0.8424687334580787,-0.5946576389942204
1796,47955133,u,2,-1.27116802023385,0.05227419283021806,0.05227419283021795,2.4805031428579998,-1.27116802023385
1797,4797191,g,3,-0.26602591732744907,0.05786680469863348,0.15105843573550304,0.1280550348521164,-0.26602591732744907
1798,4797191,r,6,0.27641176420254154,0.0972738021928462,0.20089552076956352,0.3672047116878611,0.27641176420254154
1799,4797191,u,2,-0.23227776351174978,0.06258301708440495,0.06258301708440495,0.11154327236805747,-0.23227776351174978
1800,47987259,i,2,0.24477917999337717,0.0006632774625459081,0.0006632774625459081,0.16506380721655778,0.24477917999337717
1801,47987259,r,5,0.32436999693519186,0.23115954670458683,0.582025936642428,0.4545788722071372,0.32436999693519186
1802,47987259,u,4,-0.02468174751149632,0.0971166505542444,0.13579137244869935,0.05945604062733684,-0.02468174751149632
1803,48027310,g,3,2.405551163907332,0.10351105035794195,0.5343026610764463,8.359659364945193,2.405551163907332
1804,48027310,i,4,2.156678117767111,0.2627490159175979,0.5832703717405534,9.392881231942145,2.156678117767111
1805,48027310,r,5,1.9572407375365157,0.3309028118036095,0.927334254510882,7.486421441877805,1.9572407375365157
1806,48027310,u,3,1.8971406656884375,0.01999810849542616,0.06671793279333516,3.8384852143492374,1.8971406656884375
1807,48084169,g,5,-1.166329079339883,0.10511525747232553,0.14305558652982242,1.786389515621515,-1.166329079339883
1808,48084169,r,2,-0.5794196712530464,0.29984754619488596,0.29984754619488596,0.7393538813394571,-0.5794196712530464
1809,48084169,u,4,-1.5524815668684484,0.0619280594795768,0.08401752367525162,2.5356481829916824,-1.5524815668684484
1810,4811566,g,2,1.1584993375650325,0.0035010884164299316,0.0035010884164301537,1.4779475237552258,1.1584993375650325
1811,4811566,i,4,0.9054109371557951,0.23059516186769757,0.4033208718019021,1.2832284676700787,0.9054109371557951
1812,4811566,r,7,0.9270117872926922,0.5103941512306314,0.9852017210591703,1.7186787418813974,0.9270117872926922
1813,4813059,g,7,0.1055769919157099,0.08032287508938118,0.4539339039047856,0.15755551165438117,0.1055769919157099
1814,4813059,i,3,0.281596874482249,0.007799377140282671,0.16783846713908224,0.38681655072957283,0.281596874482249
1815,4813059,r,2,0.7631531104535433,0.10887345111251945,0.10887345111251956,0.9940194604522652,0.7631531104535433
1816,4813059,u,4,-0.031110420563481345,0.07763794763491272,0.25634153011875227,0.1272858522151084,-0.031110420563481345
1817,48137410,g,5,-0.819568254945386,0.025893725647041954,0.03299755514633773,1.1859797036016437,-0.819568254945386
1818,48137410,i,3,-0.26316292817962683,0.01942650510805599,0.13280514181232683,0.1295907507844671,-0.26316292817962683
1819,48137410,r,11,-0.31943709448833646,0.07189527081002334,0.11797797402950227,0.2078537852530217,-0.31943709448833646
1820,48137410,u,5,-1.1433701217618146,0.061822624515224245,0.10214025526581394,1.8204594438537636,-1.1433701217618146
1821,481857,g,3,0.6089639779173788,0.011136649393434617,0.015419088699094918,0.7010696355747014,0.6089639779173788
1822,481857,i,3,0.43864308965049004,0.11444719073178211,0.19917926490432558,0.6404847884851407,0.43864308965049004
1823,481857,r,5,0.7994063548638239,0.319186016433769,0.5004951982634884,1.3155912316270704,0.7994063548638239
1824,481857,u,3,0.7178877192823643,0.13825973600061459,0.16736073058798095,0.913439566299029,0.7178877192823643
1825,48189600,g,3,-0.5469410397693162,0.028416922119009147,0.02917658074967755,0.5135949800022132,-0.5469410397693162
1826,48189600,i,3,-0.4508891875777996,0.024564065471381014,0.045109899215471816,0.5590293532624917,-0.4508891875777996
1827,48189600,r,5,-0.37900723486732857,0.09605224579121896,0.1833870670458304,0.2909841401786898,-0.37900723486732857
1828,48225635,g,9,0.3288609650191354,0.1538355365849342,0.3248027408782439,0.2479983940639728,0.3288609650191354
1829,48225635,i,2,0.5860179147435658,0.024627727961328283,0.024627727961328283,0.9188111854792819,0.5860179147435658
1830,48225635,r,6,0.7161868217448241,0.16139209057733894,0.40198307805620304,0.7256368964464489,0.7161868217448241
1831,48225635,u,2,0.2345611706113192,0.10871808968913788,0.10871808968913788,0.08968517961965143,0.2345611706113192
1832,48401039,g,7,0.4771973166319594,0.0573133900799212,0.1265703530841874,0.8426318273225922,0.4771973166319594
1833,48401039,i,3,0.8863369456971699,0.1314901422391086,0.20329546703434997,1.9032591436913897,0.8863369456971699
1834,48401039,r,6,1.0483806598931444,0.06365245048807,0.10195117508348561,2.3003819140184167,1.0483806598931444
1835,48401039,u,5,0.8245008747313269,0.12428130486883826,0.23996220722490524,1.2949658879590067,0.8245008747313269
1836,48414480,g,6,-0.22810081192373044,0.08053463626893698,0.13354032632455226,0.16563801240443965,-0.22810081192373044
1837,48414480,r,6,0.1511440715057265,0.06122884491892655,0.09533978094251816,0.07614621044710339,0.1511440715057265
1838,48414480,u,5,-0.3674081862807499,0.10597637294150353,0.16910027559198415,0.22463608221538922,-0.3674081862807499
1839,48433708,g,5,-0.8578397080838394,0.017258288235155295,0.03646471057670353,1.3787951425999434,-0.8578397080838394
1840,48433708,i,2,-0.20195058853210357,0.1296460004478157,0.1296460004478157,0.12152808552378995,-0.20195058853210357
1841,48433708,r,4,-0.38067024689227935,0.06984545996732483,0.14286605492865795,0.3173569920628757,-0.38067024689227935
1842,48433708,u,2,-1.110701871249282,0.002561383563777442,0.002561383563777664,2.3793743639058746,-1.110701871249282
1843,48637670,g,6,1.5671857026580582,0.06370619126931354,0.35889673720262527,5.8554430686671735,1.5671857026580582
1844,48637670,i,2,1.910590061702519,0.22352458373466488,0.22352458373466466,9.058237170932983,1.910590061702519
1845,48637670,r,9,1.994232061834214,0.12269344860741604,0.649371029862776,10.389118610634519,1.994232061834214
1846,48637670,u,5,1.3798786222583614,0.14592389574500042,0.3455873567662262,3.4729145561188197,1.3798786222583614
1847,48643829,g,7,-0.47423938148341516,0.04919247100470803,0.095690902103991,0.48533829559214986,-0.47423938148341516
1848,48643829,i,2,-0.08018068679868795,0.02101774017994862,0.02101774017994862,0.01442153932412846,-0.08018068679868795
1849,48643829,r,9,-0.36047075930870176,0.08542284094322028,0.1559354735723184,0.33346719361900257,-0.36047075930870176
1850,48643829,u,3,-0.42347659295236817,0.015930912020942878,0.036033218737464845,0.3465581356838668,-0.42347659295236817
1851,48661431,g,8,3.1358358399096793,0.6197310775807028,0.8979721054536807,11.85276092104968,3.1358358399096793
1852,48661431,i,4,4.192189047317134,0.15254780833569592,0.450782345765139,20.071059083631614,4.192189047317134
1853,48661431,r,8,3.9996055557591337,0.38115038274978463,1.4567569407807737,17.70812354228361,3.9996055557591337
1854,48661431,u,5,2.9318966442719887,0.03071449643192814,0.6566819555603596,10.456695245142962,2.9318966442719887
1855,48731025,g,3,-0.5363992116114649,0.036085251842215005,0.044121780654329035,0.45874560859703717,-0.5363992116114649
1856,48731025,i,6,-0.00559390356445022,0.08605571823985836,0.20567496003468438,0.03892432144857051,-0.00559390356445022
1857,48731025,r,8,-0.12885445748778035,0.09869872179796069,0.19155238993424523,0.06223396049906296,-0.12885445748778035
1858,48875406,g,5,-1.2373260977805183,0.06128201755826801,0.09873871587899385,1.6858364171078783,-1.2373260977805183
1859,48875406,i,9,-0.42797094892012466,0.04130913735392916,0.06555691520501727,0.34567656033830624,-0.42797094892012466
1860,48875406,r,17,-0.7236781350880976,0.1177720539135716,0.19902186963015267,0.8069455192086933,-0.7236781350880976
1861,48875406,u,3,-1.6383577977933603,0.10400842801216337,0.11401287722485742,2.6278669283361538,-1.6383577977933603
1862,48951985,g,3,-0.3085812117268998,0.12191553422882828,0.13137190954133304,0.24101450896411436,-0.3085812117268998
1863,48951985,r,8,0.2189337902456311,0.12522626940324944,0.21629784784868666,0.13415359033437288,0.2189337902456311
1864,48977462,g,2,-0.3491498744738243,0.047290554715145094,0.047290554715145094,0.26033072512290956,-0.3491498744738243
1865,48977462,i,2,0.12505689291256117,0.4075277578439088,0.4075277578439088,0.26528992949626684,0.12505689291256117
1866,48977462,r,6,-0.007459674880366918,0.03758395699885442,0.06618646138963669,0.032195961264613,-0.007459674880366918
1867,48978326,g,3,-0.7437536914288525,0.014654799534204344,0.1459784943985697,0.7645463268642486,-0.7437536914288525
1868,48978326,i,4,-0.16726193938760447,0.0072710398005658705,0.035022600723391195,0.09589201376357814,-0.16726193938760447
1869,48978326,r,4,-0.29850804016310883,0.017139822738821864,0.10605868219890091,0.1460796514332558,-0.29850804016310883
1870,48978326,u,5,-0.7826782966767822,0.014059527358773805,0.19346983106443538,0.6969972275028021,-0.7826782966767822
1871,49046762,g,4,-0.3902922307465351,0.08237887839740365,0.19402711801290956,0.28634614493034344,-0.3902922307465351
1872,49046762,i,2,0.06967204632959656,0.05500979906912562,0.05500979906912562,0.01917584760033629,0.06967204632959656
1873,49046762,r,9,-0.04569159511634191,0.05915575470487888,0.10584197629047387,0.044847160629308574,-0.04569159511634191
1874,49046762,u,4,-0.7600780590887337,0.04110684452306834,0.0762889044914804,1.0276712088287279,-0.7600780590887337
1875,49086165,g,4,0.7940086160745423,0.23529630290774783,0.31604190223845796,0.8754540382059267,0.7940086160745423
1876,49086165,i,4,0.921204962482589,0.10543078238773795,0.2629988125918956,1.2151938933390896,0.921204962482589
1877,49086165,r,5,0.8422747217234943,0.059942529525318644,0.07301180296968957,1.1757510753181493,0.8422747217234943
1878,49086165,u,3,0.445635057353293,0.10506613368939766,0.44121865812973593,0.6869001588218305,0.445635057353293
1879,4913748,g,4,-0.09689413630975374,0.07526212307095059,0.15107337380949143,0.043063158582111606,-0.09689413630975374
1880,4913748,r,5,0.377549328038705,0.03551490706370175,0.05068847565571466,0.3241700447544416,0.377549328038705
1881,4913748,u,3,-0.4705173573195822,0.012239591141244066,0.013743694082238522,0.376671096116906,-0.4705173573195822
1882,49184701,g,2,0.15410552255790377,0.0002310984307321018,0.0002310984307321018,0.06079015770266326,0.15410552255790377
1883,49184701,i,5,1.0236982002419392,0.1927199636980197,0.22682163570538916,2.4477768544775906,1.0236982002419392
1884,49184701,r,6,0.6250274051399181,0.12116565662326817,0.21361038693452356,0.8933424244526114,0.6250274051399181
1885,49259882,g,5,0.21964824559433827,0.06757728294416832,0.12311784420441718,0.12670621496343817,0.21964824559433827
1886,49259882,r,5,0.7048797701717402,0.18981741431721932,0.48003636359236257,1.6694814847245738,0.7048797701717402
1887,49259882,u,5,0.13634157316483964,0.10919306638532822,0.13626005287284793,0.05856093227648993,0.13634157316483964
1888,49267106,g,8,-0.26627349572761805,0.057502289418176256,0.41033759732989716,0.15008223235031892,-0.26627349572761805
1889,49267106,i,2,0.5210488147120135,0.20533188888336895,0.205331888883369,0.852284679207417,0.5210488147120135
1890,49267106,r,13,0.212941519606493,0.16130650207130426,0.3880304592741659,0.2630741637321827,0.212941519606493
1891,49267106,u,6,-0.1912378867793314,0.07083892013661974,0.13140362366705016,0.08397674729622939,-0.1912378867793314
1892,49294996,g,4,0.8567244925080888,0.29745473947103007,0.5981706053380157,1.1784014001646617,0.8567244925080888
1893,49294996,i,3,1.0199371006558167,0.03674047059671204,0.050190261043545625,2.428150770068822,1.0199371006558167
1894,49294996,r,7,1.0071517679613227,0.0716749017485756,0.4698009545026842,2.9828833140059148,1.0071517679613227
1895,49295323,g,8,-1.2150127771528463,0.08529103002204574,0.19781949202369398,1.6239585548990971,-1.2150127771528463
1896,49295323,r,6,-0.9868674030947363,0.16617917644215108,0.31550559533772027,1.636892961509435,-0.9868674030947363
1897,49295323,u,3,-1.0485261579155756,0.01726717949256784,0.23144378459309722,1.4259075745685703,-1.0485261579155756
1898,49395090,g,8,-0.5287306603733158,0.03823381982688945,0.11909031335325465,0.3644118948408487,-0.5287306603733158
1899,49395090,i,5,0.039996343513262866,0.13184315417176706,0.23028605506880062,0.046249313717981314,0.039996343513262866
1900,49395090,r,15,-0.21297112325770295,0.0695286254487536,0.11167283181079907,0.07758600976596168,-0.21297112325770295
1901,49395090,u,5,-0.8112665635329357,0.10879712943851216,0.1836139764691438,0.9201467677532266,-0.8112665635329357
1902,49405114,g,9,-0.24350197766487947,0.2480290384641557,0.6515776483012594,0.20604037244050652,-0.24350197766487947
1903,49405114,i,15,0.7331886884919321,0.42027410021079703,1.055132426909176,0.753393378784582,0.7331886884919321
1904,49405114,r,17,0.056200498410561295,0.2385778226608316,0.9632925260710307,0.3119704457313208,0.056200498410561295
1905,49405114,u,4,-0.613128032021052,0.021020547910276965,0.03626009615366299,0.5564510139081839,-0.613128032021052
1906,49510287,g,4,0.36618536064434204,0.06293615634241101,0.1453743949742553,0.3965540477810915,0.36618536064434204
1907,49510287,i,3,0.8611441219894225,0.1833253689865152,0.5360102012113297,2.739233741054727,0.8611441219894225
1908,49510287,r,8,0.8282587583433314,0.29520264822530906,0.6097351301580298,1.868708170810156,0.8282587583433314
1909,49669603,g,6,-0.2933061329482619,0.09787292731593,0.3210171820031858,0.10963616360484112,-0.2933061329482619
1910,49669603,i,5,-0.1264876842762872,0.12431690278764851,0.15486410251420724,0.20766277109721204,-0.1264876842762872
1911,49669603,r,5,0.09483845764022814,0.08163217199591588,0.14769737436582675,0.06559983167607977,0.09483845764022814
1912,49669603,u,2,-0.19394266717636977,0.07605205926067504,0.07605205926067504,0.03963107965733739,-0.19394266717636977
1913,49731025,g,6,-0.8431788410074997,0.044517048256377145,0.07338563112586338,0.9924336935680779,-0.8431788410074997
1914,49731025,i,3,-0.23477859684507774,0.14391514616318601,0.313404814466667,0.21377633135773874,-0.23477859684507774
1915,49731025,r,7,-0.38589813712331056,0.08388588522777174,0.12806319176730507,0.258301801509523,-0.38589813712331056
1916,4974097,i,7,-0.20086548523488545,0.038453774527898554,0.06401982977445986,0.10416478937590205,-0.20086548523488545
1917,4974097,r,4,-0.35420318578561916,0.017110908307230055,0.04488937838871304,0.26496485424254423,-0.35420318578561916
1918,497716,g,7,-0.4402355389917396,0.07919265093829608,0.274149961856489,0.37127278552265064,-0.4402355389917396
1919,497716,i,3,0.027741613417150646,0.181602033959948,0.19852794868720391,0.057245656935125094,0.027741613417150646
1920,497716,r,6,-0.15256632571261425,0.04440021314887843,0.07200416565650816,0.07297634671109308,-0.15256632571261425
1921,497716,u,2,-0.44399234395845655,0.22636901233808215,0.22636901233808215,0.3890006441315976,-0.44399234395845655
1922,49847349,g,5,0.36223644946495415,0.25449007019447367,0.4220569586469429,0.35287856468401413,0.36223644946495415
1923,49847349,i,4,0.549034029153451,0.061213225898814505,0.17415166956750583,1.0671442436741763,0.549034029153451
1924,49847349,r,5,0.5891952539660117,0.19374616560562496,0.20305596144478955,1.1429802347140625,0.5891952539660117
1925,49847349,u,2,0.2806798227789593,0.01370774085578308,0.01370774085578308,0.13975914746545792,0.2806798227789593
1926,49930637,g,3,-0.45683109188918647,0.020062075565556503,0.03608526693228975,0.43170261729708875,-0.45683109188918647
1927,49930637,i,7,0.06697146357036665,0.05857191204472234,0.13032609980147947,0.03439674625787545,0.06697146357036665
1928,49930637,r,7,0.10722735920773396,0.21315430969166882,0.27165999477535263,0.066729413168689,0.10722735920773396
1929,49930637,u,5,-0.5542875415769113,0.04473706277652556,0.18631987123023408,0.3855677138987935,-0.5542875415769113
1930,4996,g,6,0.8287420569760864,0.19387102028605663,0.5454403530738621,0.9352460500406518,0.8287420569760864
1931,4996,i,3,0.8386289602520838,0.11824075711214066,0.20947907347057126,2.0885905784640784,0.8386289602520838
1932,4996,r,7,0.6216998094292112,0.11166308514823053,0.40738224114653176,1.5357643721627736,0.6216998094292112
1933,4996,u,3,0.05754814232197214,0.08946917551581923,0.46434229813411865,0.3827801321341504,0.05754814232197214
1934,49964913,g,5,-0.5111133094646161,0.12648785618405256,0.24650544620506754,0.5254823951766199,-0.5111133094646161
1935,49964913,i,4,0.37346982428822495,0.15870611075408825,0.2708668641854427,0.24246067560429196,0.37346982428822495
1936,49964913,r,11,-0.1027691422078254,0.12358491559908957,0.21975480308609696,0.05176004530390518,-0.1027691422078254
1937,49964913,u,4,-0.987508175786256,0.01998714002631896,0.04179022612239125,1.714414850110076,-0.987508175786256
1938,50058653,g,6,0.7141232170793188,0.30415524211069467,0.9164560965525377,1.3790817391474175,0.7141232170793188
1939,50058653,i,6,1.4799931805720659,0.34975098318739883,0.5333682348488282,3.4677686031091013,1.4799931805720659
1940,50058653,r,11,1.5780512558007393,0.6941903661469988,1.1715273000846511,3.588298731747529,1.5780512558007393
1941,50058653,u,3,0.5660615643546567,0.10182041574040124,0.27435035194000457,0.5419327644857209,0.5660615643546567
1942,50142797,g,5,0.4135187347009279,0.45786653701320157,0.7595113850159341,0.3406297598850002,0.4135187347009279
1943,50142797,i,3,0.9127579214013295,0.1402734013333542,0.26439798289999306,1.1306178087061127,0.9127579214013295
1944,50142797,r,7,0.3850900674144693,0.16554006749588357,0.3443986757356483,0.4212977948144308,0.3850900674144693
1945,50146029,g,10,-0.43036896428491944,0.06376383647165562,0.11285386293031807,0.3004728014706024,-0.43036896428491944
1946,50146029,i,2,0.08453513885593367,0.0603212199401264,0.0603212199401264,0.03091242338957082,0.08453513885593367
1947,50146029,r,10,-0.008532303259158103,0.08981067086894046,0.15219905057055394,0.074757424722664,-0.008532303259158103
1948,50146029,u,2,-0.5319624160582572,0.21964222878939976,0.21964222878939976,0.5074592306134792,-0.5319624160582572
1949,50180074,g,2,0.5687810829582641,0.531830529963187,0.5318305299631871,0.7081455691133094,0.5687810829582641
1950,50180074,i,5,0.6321575767925611,0.12124035609091321,1.270988107836261,2.493746203488763,0.6321575767925611
1951,50180074,r,9,0.4111277445060324,0.09571114948170134,1.108597805840543,1.292739429163811,0.4111277445060324
1952,50205073,g,4,0.5897173690827107,0.041206425965192306,0.14563398166188668,0.31639572157946544,0.5897173690827107
1953,50205073,i,4,0.5237151712375219,0.22660940875503344,0.34878489535238033,0.6794273906852164,0.5237151712375219
1954,50205073,r,6,0.5572637876156664,0.20326136309120257,0.3812297280531792,0.7052384757278745,0.5572637876156664
1955,50205073,u,2,0.921380618355305,0.3900530451241362,0.3900530451241361,0.8179693769510508,0.921380618355305
1956,50207586,g,5,-1.2499365378024803,0.04360950231477334,0.11975108390873435,2.0699971481112405,-1.2499365378024803
1957,50207586,i,16,-0.6224338709414996,0.06004488026534538,0.10316868349132835,0.7136410960622751,-0.6224338709414996
1958,50207586,r,12,-0.90114286754611,0.08378702866627674,0.2313680694922372,1.2594114277831967,-0.90114286754611
1959,50207586,u,2,-1.336893145942125,0.18894021329279598,0.18894021329279598,3.0761655829140127,-1.336893145942125
1960,50234685,g,6,-0.6709851159978825,0.007955880474018184,0.022460583416674007,0.9661399530770365,-0.6709851159978825
1961,50234685,i,9,-0.1750082595127589,0.10645337163477442,0.19554468783610424,0.08368379799387109,-0.1750082595127589
1962,50234685,r,10,-0.24075576215406014,0.03144956811070554,0.054627825925795515,0.13622949677370433,-0.24075576215406014
1963,50270602,g,4,0.020868403889616527,0.03334244701615274,0.07127665893463636,0.015762926008523415,0.020868403889616527
1964,50270602,i,7,0.7890133643911306,0.2884050281630399,0.3417862338713039,1.1101780476048042,0.7890133643911306
1965,50270602,r,9,0.5018304389814965,0.17717875082044188,0.3153049600451914,0.36668256117197934,0.5018304389814965
1966,50270602,u,2,-0.4569632770686578,0.050995436960247,0.050995436960247,0.35899633895162497,-0.4569632770686578
1967,50396856,g,6,-0.9710145348673604,0.1292751517531492,0.2672636929382689,1.0345547000062607,-0.9710145348673604
1968,50396856,i,8,-0.31598351585741735,0.04475496624273223,0.15187233791029076,0.2508436853039745,-0.31598351585741735
1969,50396856,r,7,-0.5138997987484899,0.033619164997528816,0.38217963739843896,0.6213820466081099,-0.5138997987484899
1970,50396856,u,3,-1.3544186102530755,0.009965490053574833,0.05363737147405789,1.858776195779864,-1.3544186102530755
1971,50452137,i,3,1.080108467933114,0.05906470182284895,0.20724906989942893,2.1771077431108314,1.080108467933114
1972,50452137,r,8,1.0734309924153116,0.17813336065061458,0.30041329130829975,1.7285278560419004,1.0734309924153116
1973,50550047,g,6,0.7094596114838103,0.2435310839765461,0.4555421726387827,0.5132396204222441,0.7094596114838103
1974,50550047,i,5,0.2716052637920603,0.14700324080674343,0.7411333941613976,0.6502694055093201,0.2716052637920603
1975,50550047,r,7,0.6314638675417812,0.037506540349697914,0.16496052580172715,0.7026687541284856,0.6314638675417812
1976,50550047,u,4,0.023332055334766233,0.3393321861891203,0.5734692422051918,0.17147782286676608,0.023332055334766233
1977,50604412,g,2,-0.23367808268608248,0.10876395964236774,0.10876395964236774,0.12243868535903676,-0.23367808268608248
1978,50604412,r,5,-0.06835418832323481,0.036378615240819645,0.0615833565213777,0.09904242673320918,-0.06835418832323481
1979,50604412,u,4,-0.25355868172064033,0.09357222437398638,0.17955724054505467,0.1435302681398771,-0.25355868172064033
1980,50607674,g,5,-0.5369222991214602,0.008817248020975166,0.011179921532369574,0.4016422128780901,-0.5369222991214602
1981,50607674,i,5,-0.12167082507418447,0.10178906540967803,0.3443265337409973,0.07577526251165022,-0.12167082507418447
1982,50607674,r,11,-0.09255246945951479,0.07591030824003364,0.14623599731552772,0.05142879202869861,-0.09255246945951479
1983,50607674,u,7,-0.2822366662457314,0.05724808881913446,0.08585261539815203,0.13129174670128085,-0.2822366662457314
1984,50618173,g,3,2.167397902181844,0.10684687871405973,0.14170030989586824,6.084956238389104,2.167397902181844
1985,50618173,i,3,2.158555204703996,0.06412360348193769,0.2204710353966901,8.846217881732104,2.158555204703996
1986,50618173,r,5,2.007116997414926,0.2832589415706561,1.1109018800783674,9.056995929481268,2.007116997414926
1987,50710368,g,4,1.7508728104988176,0.08189503586046509,0.12202158601794255,3.2106515395405975,1.7508728104988176
1988,50710368,i,5,1.0072399021667584,0.1373616302227636,0.5702128209068706,1.7041345276040354,1.0072399021667584
1989,50710368,r,4,0.8957030338890803,0.025548124785110593,0.1469383672827559,1.2378256529796992,0.8957030338890803
1990,50713307,g,4,-0.13385047341810474,0.1457337961980929,0.3225995703629092,0.09311434812272576,-0.13385047341810474
1991,50713307,i,10,0.24685458487255862,0.2917142586330771,0.5499738113268289,0.29673819110739574,0.24685458487255862
1992,50713307,r,11,0.2216014299809661,0.42697319174919013,0.6378126014050829,0.26934717941340186,0.2216014299809661
1993,50713307,u,4,-0.13989696296782017,0.09178295222149857,0.1792842947041312,0.027716484509758946,-0.13989696296782017
1994,50733063,g,4,0.6087191153527516,0.018067783616919852,0.13516937799340678,0.27540918456369334,0.6087191153527516
1995,50733063,i,2,0.41333303382688213,0.0716694837647609,0.0716694837647609,0.2961057975659903,0.41333303382688213
1996,50733063,r,7,0.5948127793179145,0.35695307321330083,0.5615154096253705,0.7499340868036583,0.5948127793179145
1997,50863156,g,3,0.41663238775674905,0.39041944997676703,0.540800180185295,0.6020623575372666,0.41663238775674905
1998,50863156,r,9,0.7243460652413778,0.32090703989908453,0.6391142515750281,1.3620931356745782,0.7243460652413778
1999,50978681,g,5,-0.455774464275019,0.03503127002867923,0.24623244899110053,0.29401623855400866,-0.455774464275019
2000,50978681,i,8,-0.05069259154363781,0.08978727000253439,0.15920755510316253,0.04862381636838666,-0.05069259154363781
2001,50978681,r,9,-0.04621272415675648,0.08299364140050103,0.21128645494881337,0.046292281440407944,-0.04621272415675648
2002,50978681,u,2,-0.45177053548026747,0.1033129159934334,0.1033129159934334,0.3774977152546168,-0.45177053548026747
2003,50993569,g,6,1.5824143365075551,0.17405780117691916,0.3228819116850761,4.153149862081135,1.5824143365075551
2004,50993569,r,8,2.028219584587499,0.19221919138241572,0.30334134117772993,8.130886481067872,2.028219584587499
2005,50993569,u,3,1.4305023097003446,0.05350453092697238,0.1094216532820389,3.100210286942094,1.4305023097003446
2006,51177183,g,8,0.23218281523847428,0.16032986651365677,0.2516486403256859,0.23448800428070984,0.23218281523847428
2007,51177183,r,7,0.45837821893957487,0.23502628015604032,0.4028986289628115,0.69666017200353,0.45837821893957487
2008,51202762,g,3,0.2528687947196311,0.27235923396650885,0.2914728257892619,0.16826566465362894,0.2528687947196311
2009,51202762,i,3,0.4097823160816909,0.10658393438734493,0.11235683959421372,0.37663775821862927,0.4097823160816909
2010,51202762,r,9,0.4526138830394637,0.1906573943925023,0.278494065723758,0.4688730222199928,0.4526138830394637
2011,51438711,g,6,0.481327148224195,0.18095072587271543,0.2879389637284898,0.2315649673419781,0.481327148224195
2012,51438711,i,6,0.28380564825171706,0.23441878319169585,0.4364776083602302,0.42002102370514166,0.28380564825171706
2013,51438711,r,4,0.5981210860863012,0.13163847573382204,0.2554860639328276,0.4840659619785403,0.5981210860863012
2014,51438711,u,2,0.10466465930622415,0.21042669358243216,0.21042669358243216,0.0514844945831343,0.10466465930622415
2015,51476283,g,5,-1.4849441691665004,0.1324995570813159,0.2439732451995984,2.5270973721267813,-1.4849441691665004
2016,51476283,r,3,-0.5620179812690045,0.04403249215132299,0.4282541919252375,1.2723528730320348,-0.5620179812690045
2017,51476283,u,6,-1.5505026165386218,0.07664596530530665,0.14051316848014528,2.913058993453433,-1.5505026165386218
2018,51517640,g,3,1.3169778268540513,0.01709492039112237,0.15026962370645913,2.034164629296509,1.3169778268540513
2019,51517640,i,4,1.2639957802274804,0.008033551406927963,0.07582481023793308,3.0467515229754536,1.2639957802274804
2020,51517640,r,3,1.089820618097533,0.019988367290671993,0.020266084062268597,2.4347027148568685,1.089820618097533
2021,51517640,u,2,1.0689616100987416,0.05204871408404699,0.052048714084046876,1.3439291104469837,1.0689616100987416
2022,51582384,g,3,0.10222343256556288,0.008278230510500029,0.5216196535690464,0.48662662664967343,0.10222343256556288
2023,51582384,i,6,0.6171632390967985,0.09437858374886343,0.2600775985051982,1.4401534152764548,0.6171632390967985
2024,51582384,r,5,0.5265085079899818,0.17554301168762398,0.4486005322220543,1.2013375619285236,0.5265085079899818
2025,51582384,u,2,-0.0923301010302412,0.011397811477763642,0.011397811477763642,0.01630086820422791,-0.0923301010302412
2026,51661949,g,3,-1.0085306721955565,0.08343821877678659,0.10756039426633479,2.1319671213417624,-1.0085306721955565
2027,51661949,r,4,-0.611188780814265,0.07012304738526864,0.09856382769675187,0.77789655624019,-0.611188780814265
2028,51661949,u,5,-1.1062434246948394,0.034241733372057936,0.04683659608847468,2.632892262151544,-1.1062434246948394
2029,51663325,g,6,-1.0176651955732807,0.07667728360663517,0.13366254765593122,2.1376215125787112,-1.0176651955732807
2030,51663325,r,7,-0.6777394107176213,0.0871173298066612,0.11875989214160254,1.0238583633270348,-0.6777394107176213
2031,5169088,g,5,0.20086766306631487,0.14232528744912076,0.41231644592281813,0.1339948254637689,0.20086766306631487
2032,5169088,i,6,0.9187179965591973,0.10512968890205365,0.1788199479653796,1.4810454252825325,0.9187179965591973
2033,5169088,r,14,0.6046297215507612,0.10357795894570798,0.26722679534208926,0.705678451575391,0.6046297215507612
2034,5169088,u,2,0.0033428685346621467,0.05821726767070756,0.05821726767070756,0.003993560102182757,0.0033428685346621467
2035,51898373,g,6,1.9911215396236865,0.08851211984454999,0.48191156201730423,4.492720104922021,1.9911215396236865
2036,51898373,i,8,1.3336805758669201,0.3087185915177144,0.6517488753388478,4.646962713187421,1.3336805758669201
2037,51898373,r,10,1.7071200708477614,0.22075999008768987,0.4382009727432348,4.5827885419649075,1.7071200708477614
2038,51898373,u,5,1.540035601094711,0.4365834128350903,0.516901864314264,2.5204089858029413,1.540035601094711
2039,519144,g,4,0.03052814507155932,0.023047078168437762,0.04113299592843922,0.004013107447773742,0.03052814507155932
2040,519144,i,2,0.64508812798782,0.05928956320216372,0.05928956320216372,1.1454740478341185,0.64508812798782
2041,519144,r,5,0.47100502953762746,0.0678793020271331,0.10084057369297572,1.0746107029838057,0.47100502953762746
2042,519144,u,3,0.28861578294456525,0.03867554688141861,0.060637961064098855,0.16526887240696228,0.28861578294456525
2043,51966186,g,7,-0.21680917328042693,0.05685760319076483,0.1838460069125799,0.1236296936895938,-0.21680917328042693
2044,51966186,i,2,0.013371132804633201,0.028763241190699396,0.028763241190699396,0.0018548165413017996,0.013371132804633201
2045,51966186,r,5,0.08491871864468847,0.11244454011609517,0.21603140528910858,0.07600472517578002,0.08491871864468847
2046,51966186,u,2,-0.3759724021362115,0.060304926737304254,0.060304926737304254,0.17958857422164337,-0.3759724021362115
2047,52034064,i,5,0.14354918360741808,0.09082241902839949,0.22086715858400496,0.11309314009867619,0.14354918360741808
2048,52034064,r,4,0.49392719236865923,0.13103658587893618,0.21740784080052666,0.4057800761198012,0.49392719236865923
2049,52078294,g,3,0.7751978570585356,0.1464243991646179,0.3816224442698687,0.7653572113425406,0.7751978570585356
2050,52078294,i,2,0.8359623091386013,0.06382672736685802,0.06382672736685802,1.741259020666393,0.8359623091386013
2051,52078294,r,5,0.6259690070483558,0.1772048299589749,0.17751870958261584,1.3038742168836386,0.6259690070483558
2052,52082526,g,4,-1.4075530377485546,0.09085585576367827,0.18071446843155758,3.437359122694181,-1.4075530377485546
2053,52082526,i,11,-0.873955919988864,0.20646236394152395,0.7080116379345766,1.8629720808857833,-0.873955919988864
2054,52082526,r,11,-1.1218439406666123,0.059986343580291424,0.17055992632888595,2.1344040515440827,-1.1218439406666123
2055,52082526,u,2,-1.4497076776429982,0.23053439626283623,0.23053439626283612,3.9877764684240598,-1.4497076776429982
2056,52088174,g,3,-0.3696893890965449,0.08755778007523451,0.20589668980113096,0.40064280224393306,-0.3696893890965449
2057,52088174,i,6,-0.05203380932184687,0.17059068728919402,0.26002276666463775,0.08904736052344547,-0.05203380932184687
2058,52088174,r,8,-0.27555288943420453,0.15687477537423833,0.34518455661059205,0.18301631960130002,-0.27555288943420453
2059,52088174,u,2,-0.6738467775570619,0.0591162304724161,0.05911623047241599,0.666041405784705,-0.6738467775570619
2060,52101740,g,8,0.14272513782637597,0.2383402125125712,0.4283619227079793,0.09586418647492262,0.14272513782637597
2061,52101740,r,3,0.4583967884983553,0.025166172481552396,0.03839341994761469,0.4498297320816964,0.4583967884983553
2062,52101740,u,2,0.1705439342755839,0.14226521192799435,0.14226521192799435,0.0646668354884954,0.1705439342755839
2063,5212203,g,6,-0.9411164722396886,0.12497504273550952,0.21225652234498305,1.347449930582641,-0.9411164722396886
2064,5212203,r,5,-0.4685948949994041,0.08531462415366753,0.09120851238945771,0.5261463785171182,-0.4685948949994041
2065,5212203,u,3,-0.6880499920370529,0.3627734793247104,0.36346248473892273,0.7191686625293893,-0.6880499920370529
2066,52138926,g,4,-0.7563142526936831,0.024723841104944078,0.03456310468934154,1.0541810990268639,-0.7563142526936831
2067,52138926,r,5,-0.2703099753233169,0.05917134729784479,0.1160197935273597,0.20071246471530704,-0.2703099753233169
2068,52138926,u,2,-1.1510184608813918,0.017067414751814503,0.01706741475181439,1.9283897541742723,-1.1510184608813918
2069,52205865,g,2,-1.3115350525561946,0.007653339415056193,0.007653339415056415,2.417418498564319,-1.3115350525561946
2070,52205865,i,5,-0.683537147854363,0.059451583796490626,0.10902262593365797,0.9117280667489706,-0.683537147854363
2071,52205865,r,4,-0.8740749155473309,0.03197013764709056,0.07588578378302469,1.7266767018056246,-0.8740749155473309
2072,52205865,u,2,-1.0281168138468904,0.05790278662891146,0.05790278662891135,1.6243883492485058,-1.0281168138468904
2073,52263305,g,6,0.006860379586542731,0.21349578060389574,0.3235107531906427,0.09056086593037506,0.006860379586542731
2074,52263305,r,8,0.22431055241354364,0.08812109106389565,0.17893050841907626,0.14249026558259345,0.22431055241354364
2075,52356917,g,3,-0.48150960146350963,0.0016261761948481723,0.05716067618479215,0.3672768196366479,-0.48150960146350963
2076,52356917,i,2,-0.03198160188000598,0.020102988574423608,0.020102988574423608,0.003942125271278405,-0.03198160188000598
2077,52356917,r,4,-0.15116865022213655,0.05712177285467823,0.13505210981035753,0.07096696806384535,-0.15116865022213655
2078,52356917,u,3,-0.6619240612327386,0.11002006516244633,0.11202726198488588,0.5788828930759876,-0.6619240612327386
2079,523737,g,10,0.658288279599438,0.03831827138441468,0.08054095325109067,0.6202801755988037,0.658288279599438
2080,523737,i,8,1.5933333398438996,0.3086792520959398,0.5827002423452947,3.3580998094326944,1.5933333398438996
2081,523737,r,12,1.1867886767280698,0.11509196049938797,0.31406762006575706,2.348066822147599,1.1867886767280698
2082,523737,u,6,0.6235476396965021,0.3119898423893368,0.6117212767085813,0.5252441920163783,0.6235476396965021
2083,52419194,g,7,-0.48158422162393966,0.13850714323358004,0.2175293258896216,0.38620666310992896,-0.48158422162393966
2084,52419194,i,3,0.19624461956920913,0.03576293556321475,0.07163346781211422,0.125726180420811,0.19624461956920913
2085,52419194,r,6,0.03492704567346727,0.06241552580010845,0.10582603345614677,0.0173745782929632,0.03492704567346727
2086,52419194,u,2,-0.9862183480696756,0.05747226600821009,0.057472266008210204,1.248549695091707,-0.9862183480696756
2087,52464446,g,5,2.942362640364556,0.34865604445944687,0.7654919917529077,7.912897197435024,2.942362640364556
2088,52464446,r,8,2.7577126529395675,0.2005084880092336,0.31808884038129337,9.473278155468368,2.7577126529395675
2089,52464446,u,2,2.192469904715156,0.12195981297189973,0.1219598129718995,4.889801029901239,2.192469904715156
2090,52483025,g,4,-0.9285919456932991,0.022065653757672443,0.0555211598972547,1.5871355109851568,-0.9285919456932991
2091,52483025,i,20,-0.2672310379046553,0.11297799331431957,0.20577894863446106,0.14565183744202775,-0.2672310379046553
2092,52483025,r,21,-0.5304941961640253,0.07759048724718443,0.2708648602589654,0.41234294328211457,-0.5304941961640253
2093,52483025,u,6,-1.1180416014173884,0.07083058172449752,0.10625778425538579,1.854769757254422,-1.1180416014173884
2094,52557676,g,8,-0.06620125041637448,0.11129446740160909,0.223700918639944,0.09709964098086654,-0.06620125041637448
2095,52557676,i,3,0.1664143483132774,0.009013068086788367,0.09654287443056686,0.05083275786385597,0.1664143483132774
2096,52557676,r,8,0.0376974079756216,0.08173946375037044,0.2437269449171371,0.060107837294418424,0.0376974079756216
2097,52557676,u,2,-0.05519413797980799,0.1168964536307755,0.1168964536307755,0.028805927043260383,-0.05519413797980799
2098,52674598,g,2,-0.5346783939897434,0.3284708108820741,0.328470810882074,0.5215741034955494,-0.5346783939897434
2099,52674598,i,10,-0.36240439767008226,0.03022608566548357,0.05643682227300795,0.30126705794015896,-0.36240439767008226
2100,52674598,r,7,-0.43812990606273505,0.04336719954405721,0.07301306906548988,0.3763335103306817,-0.43812990606273505
2101,52710205,g,3,0.08097377405681794,0.08555491238301949,0.09308749356890766,0.01646864582343498,0.08097377405681794
2102,52710205,r,5,0.1849732688592085,0.20004372696129158,0.34713436498375905,0.24096395643472798,0.1849732688592085
2103,52710205,u,2,-0.03020137316556193,0.03109111719350688,0.03109111719350688,0.0021706994669436564,-0.03020137316556193
2104,52745183,g,2,0.1470470910276882,0.24118835842597353,0.24118835842597353,0.08251766146946929,0.1470470910276882
2105,52745183,i,3,0.5453144723259582,0.05076973837738041,0.08980163558167398,0.36954316316097824,0.5453144723259582
2106,52745183,r,4,0.5587301351990239,0.3529152129363389,0.6679891024930719,0.5221987562869098,0.5587301351990239
2107,52745183,u,2,-0.08270008965954001,0.06783856682399647,0.06783856682399647,0.01210075401545667,-0.08270008965954001
2108,52894492,g,3,-0.22215842200494063,0.01837273014916674,0.02842705214890906,0.12602385738236102,-0.22215842200494063
2109,52894492,i,9,0.36903299102191545,0.057885434552927606,0.1575053282075931,0.3986065932540841,0.36903299102191545
2110,52894492,r,6,0.2123943470455919,0.03814904520046236,0.0824950839651053,0.1548065981502242,0.2123943470455919
2111,5313173,g,6,0.9230417404515477,0.6868597883541304,1.331108123978352,1.563789233295642,0.9230417404515477
2112,5313173,i,6,0.868790291406412,0.10787169241816463,0.1676214189232551,1.8922667987634874,0.868790291406412
2113,5313173,r,10,0.7357607310573853,0.0765286792741654,0.23784334764947923,1.5204711507865292,0.7357607310573853
2114,5313173,u,3,0.06866834806906685,0.023965572849270478,0.25846305856402085,0.14355141791401213,0.06866834806906685
2115,53172202,i,3,1.4007870238119375,0.0021255468879406436,0.2856782301964613,3.0135240401025754,1.4007870238119375
2116,53172202,r,8,1.7314017122962135,0.07146607566162788,0.13759669527193852,3.3170748006781454,1.7314017122962135
2117,53200387,i,9,-0.032380698348290604,0.028655736193153647,0.12591016362087348,0.023010799074053366,-0.032380698348290604
2118,53200387,r,7,-0.26961954617813855,0.032837668619006166,0.10678097776769557,0.13062640681080423,-0.26961954617813855
2119,53200387,u,2,-0.909770657535738,0.031321257542252345,0.031321257542252345,0.915991266699905,-0.909770657535738
2120,5326800,g,2,1.712475359598454,0.04308043411899498,0.04308043411899476,5.0681366612311,1.712475359598454
2121,5326800,i,4,1.6661248267987856,0.15870273004178603,0.24223189418265356,7.041503845707179,1.6661248267987856
2122,5326800,r,5,2.0958084535640995,0.14476424064125082,0.6953507916825241,7.358485286947117,2.0958084535640995
2123,53336564,g,3,-0.09383057328928679,0.0548160023796318,0.12183409826075908,0.05072279163977906,-0.09383057328928679
2124,53336564,i,3,0.16138467389264743,0.03250744391582594,0.09841903450376455,0.038910500302810576,0.16138467389264743
2125,53336564,r,5,0.20593980104040943,0.11608652001183661,0.16469433756554674,0.05380492291762577,0.20593980104040943
2126,53336564,u,4,-0.2586873890320982,0.021639529656735323,0.03349157448106199,0.0924283130332358,-0.2586873890320982
2127,53360646,g,6,-0.9781002492064514,0.12641968699140793,0.2205971624790095,1.6124499406943047,-0.9781002492064514
2128,53360646,i,8,-0.7900236107006801,0.10637633194614227,0.3046474325933124,1.2062705404384244,-0.7900236107006801
2129,53360646,r,13,-0.7788386416353181,0.09726885669897856,0.24186447961447777,0.954736448066178,-0.7788386416353181
2130,53360646,u,4,-0.8072613767214158,0.03186134605376989,0.09889494858147041,0.7207636545733169,-0.8072613767214158
2131,5336422,g,2,-0.2452416661388762,0.14715510167582002,0.14715510167582002,0.11659268396599082,-0.2452416661388762
2132,5336422,i,8,0.22232708341615504,0.16220824406545153,0.40339085883084697,0.37892222757493826,0.22232708341615504
2133,5336422,r,5,0.12707949533811824,0.10089731227247878,0.19797570385497898,0.026696000684429566,0.12707949533811824
2134,53431059,g,2,0.4787856788778685,0.055864350463127654,0.05586435046312771,0.37072400401972305,0.4787856788778685
2135,53431059,i,2,0.7944592646313822,0.16028593905398741,0.16028593905398736,1.7920633494074218,0.7944592646313822
2136,53431059,r,5,0.4628730231612461,0.018866063473941375,0.02622187470850501,0.6483370165645643,0.4628730231612461
2137,53431059,u,2,0.2786989210058367,0.1512112205725632,0.1512112205725632,0.1486133558726124,0.2786989210058367
2138,53436706,g,4,-0.11680968058245167,0.20988415120434822,0.41277953940696455,0.15102646400866226,-0.11680968058245167
2139,53436706,i,9,0.803687908321514,0.31395950881042123,0.5526807884594067,1.2984060576145686,0.803687908321514
2140,53436706,r,14,0.6128522744827246,0.3103259650029464,0.4748751977413705,0.5870141203969201,0.6128522744827246
2141,53436706,u,4,-0.2762250730913802,0.0185760835520431,0.04153344566633449,0.14562023934439222,-0.2762250730913802
2142,5347031,g,4,-0.47473410794539783,0.012130667743426082,0.02436737108863163,0.3956763711377913,-0.47473410794539783
2143,5347031,i,2,0.21882704647982665,0.17019323609687909,0.17019323609687909,0.17242678245327261,0.21882704647982665
2144,5347031,r,4,-0.09053289339077786,0.08157505390997133,0.10779942473057486,0.04243315250978466,-0.09053289339077786
2145,5347031,u,3,-0.39636633309798497,0.17927565060094275,0.573253278080528,0.4084308926223191,-0.39636633309798497
2146,53537608,g,2,2.2078744725144412,0.0400087428343574,0.04000874283435785,9.208924420997707,2.2078744725144412
2147,53537608,r,7,2.5971384470005585,0.10139121272016105,0.12641494087301952,13.140541521216017,2.5971384470005585
2148,53537608,u,2,1.7003776512929183,0.1343462615386719,0.1343462615386719,4.680291759654004,1.7003776512929183
2149,53554251,g,6,-0.09191693451114813,0.16288782315873207,0.26696694518204445,0.07044240703875354,-0.09191693451114813
2150,53554251,r,10,0.29283565686592206,0.17156470673463342,0.3139469749194352,0.21802117763917642,0.29283565686592206
2151,53554251,u,2,-0.32289161535876076,0.13218732456248639,0.13218732456248639,0.24183203382619142,-0.32289161535876076
2152,53582149,g,2,-0.4762439854009115,0.045467452455017154,0.045467452455017154,0.3156068031927764,-0.4762439854009115
2153,53582149,i,3,-0.24100885104442382,0.032949010542349666,0.13403362277888142,0.14433203911013456,-0.24100885104442382
2154,53582149,r,6,-0.25982982980374003,0.22428615885132203,0.3923152167474719,0.3054171409094516,-0.25982982980374003
2155,53826695,g,2,-0.9453039124551382,0.028953274360638326,0.028953274360638437,1.843204340966845,-0.9453039124551382
2156,53826695,i,4,-0.5235598916057369,0.08376869952013333,0.16641128207860834,0.6408781697366475,-0.5235598916057369
2157,53826695,r,5,-0.6850833523449411,0.02929582722129731,0.03352879993404456,1.1157502052075992,-0.6850833523449411
2158,53999052,g,5,1.07027919147652,0.3295388347578976,0.4961223419039327,1.430890350346655,1.07027919147652
2159,53999052,i,3,1.0132886745952105,0.1402897531474332,0.37465293936661836,2.6338362904851205,1.0132886745952105
2160,53999052,r,7,1.5354795839486775,0.3097995108785536,0.6346151998727745,3.434958728813592,1.5354795839486775
2161,53999052,u,4,0.9256669427380819,0.28022867555493336,0.48807601241340803,1.1420248184410506,0.9256669427380819
2162,54006702,g,2,0.304936554371531,0.33380420470093286,0.33380420470093286,0.3413166973548238,0.304936554371531
2163,54006702,i,2,0.5338371301192468,0.03187308037516762,0.03187308037516756,0.8878599531691391,0.5338371301192468
2164,54006702,r,8,0.5842305861192791,0.2733348666938682,0.6788174411245462,1.1427990649012276,0.5842305861192791
2165,54006702,u,2,0.5480838517134664,0.09122175910964747,0.09122175910964736,0.49360647670273056,0.5480838517134664
2166,54223164,g,4,-1.1080467582464015,0.052690080106519765,0.10066758127958497,1.9008982736423534,-1.1080467582464015
2167,54223164,i,7,-0.7327260064504892,0.04888054312923207,0.13284600309972694,1.0309168816734415,-0.7327260064504892
2168,54223164,r,2,-0.8608163939219694,0.05482286847839124,0.05482286847839135,1.1302906941986932,-0.8608163939219694
2169,54223164,u,2,-0.8281761688712034,0.000158774248335658,0.00015877424833576903,1.0828273930666827,-0.8281761688712034
2170,54236719,g,4,-1.2308055860254443,0.11928812473748063,0.22976212858350387,2.7629601224530407,-1.2308055860254443
2171,54236719,i,16,-0.8200117010976818,0.04507721828432698,0.07613215254012529,1.3698884362469879,-0.8200117010976818
2172,54236719,r,16,-0.9578026359287944,0.0598769581131372,0.12328490560441141,1.7687144604527605,-0.9578026359287944
2173,54236719,u,3,-1.3223958074862714,0.03556993300949207,0.15302720448881746,2.1193040791653255,-1.3223958074862714
2174,5442122,g,4,0.8269742211533303,0.11994220234687047,0.22181681175386792,1.6037020531078645,0.8269742211533303
2175,5442122,i,3,1.6381358527895644,0.0677743539291189,0.3621111710457863,6.9672161577041125,1.6381358527895644
2176,5442122,r,7,1.4909415523155172,0.07129277499830722,0.14140528193330915,4.598416019619792,1.4909415523155172
2177,5442122,u,2,0.9952037651161287,0.12741062047472518,0.12741062047472518,1.8082652583040395,0.9952037651161287
2178,544449,g,6,-0.2817561504556225,0.030589719160574014,0.05936589002779502,0.16298961484149174,-0.2817561504556225
2179,544449,i,2,0.366865945010064,0.0736977622719035,0.0736977622719035,0.25058894760530726,0.366865945010064
2180,544449,r,4,0.031934825875368666,0.012020442803176823,0.04107668245452664,0.019492454773042473,0.031934825875368666
2181,544449,u,5,-0.3410985533647235,0.09385207513261751,0.3784454050752194,0.1988451213286309,-0.3410985533647235
2182,54462700,g,7,-0.6490408100042595,0.043047655649916416,0.1291517701475572,0.8408372854456324,-0.6490408100042595
2183,54462700,i,11,-0.16876546795424008,0.16281283521632384,0.4912851587815861,0.16765742289821103,-0.16876546795424008
2184,54462700,r,21,-0.16078715817729905,0.16817566013408702,0.29974943836505175,0.18565248235871987,-0.16078715817729905
2185,54462700,u,6,-0.532357756315557,0.05883571886661765,0.1397044548072281,0.3991584863619288,-0.532357756315557
2186,54496373,g,4,1.14044100555558,0.03831677915089171,0.2401986985346508,1.3238909508551409,1.14044100555558
2187,54496373,i,3,0.904090325213496,0.011929221676136192,0.12479757756340526,1.646855100364653,0.904090325213496
2188,54496373,r,6,0.8835786781166818,0.22376207345382648,0.41891755259432695,1.8305143837945457,0.8835786781166818
2189,54496373,u,2,0.8279054411877605,0.030261290735418833,0.030261290735418944,1.1349872855046659,0.8279054411877605
2190,54581786,g,6,0.0703941677768285,0.03791241402261614,0.060934960064167765,0.022174099926204366,0.0703941677768285
2191,54581786,i,3,0.5241878529143176,0.018138485536637994,0.03256853719517483,0.6291639259413137,0.5241878529143176
2192,54581786,r,8,0.6266393855527422,0.1834844776025769,0.5490354290161803,0.9199453345073471,0.6266393855527422
2193,54581786,u,3,0.25344994250390807,0.19694548153865954,0.3406787514163899,0.12274724349756894,0.25344994250390807
2194,54593171,i,10,-0.1830867169175383,0.11553054889367054,0.16953568327885832,0.12614944340339337,-0.1830867169175383
2195,54593171,r,7,-0.35599159972853056,0.02176175353966303,0.061355053241424096,0.2528045556258433,-0.35599159972853056
2196,54593171,u,2,-0.7428819688345608,0.007305267512597857,0.007305267512597746,0.8414730254339391,-0.7428819688345608
2197,54664879,g,7,0.34071655367710885,0.18775650295179647,0.9158548533705818,0.870263647783616,0.34071655367710885
2198,54664879,i,8,0.9482028905757174,0.08499437795419018,0.16006641252882092,1.7879920569952419,0.9482028905757174
2199,54664879,r,16,1.037896580874191,0.3573370079855126,0.6557236490469627,1.6756944818931623,1.037896580874191
2200,54664879,u,5,0.21055279839220464,0.2013084922320565,0.37142964523550503,0.1721761057651347,0.21055279839220464
2201,54696561,g,2,-0.6732737273280539,0.02510757656184126,0.02510757656184137,0.9640234196258589,-0.6732737273280539
2202,54696561,i,4,-0.17130944680810634,0.06654477292944161,0.12487607454398925,0.08629648845684759,-0.17130944680810634
2203,54696561,r,4,-0.27916692844681446,0.014244555227299505,0.018168289204484767,0.18337152519101327,-0.27916692844681446
2204,54845373,g,10,-1.0479769855510832,0.16543388227317324,0.3424363776381034,1.7160386100929688,-1.0479769855510832
2205,54845373,r,6,-0.4051455136103286,0.09466304587503271,0.1858842865387571,0.3877736393580932,-0.4051455136103286
2206,54845373,u,7,-1.2135758785624349,0.08174808370415287,0.1519963695016988,2.459121916968908,-1.2135758785624349
2207,55067642,g,4,1.3063053710878563,0.2787671793059716,0.4923655266351754,2.040693067927463,1.3063053710878563
2208,55067642,i,7,1.2459141857763487,0.147602624883441,0.39088528822812085,2.5213469450947947,1.2459141857763487
2209,55067642,r,11,1.6559715449149361,0.532564815850914,0.8568119332684083,3.4946875913420694,1.6559715449149361
2210,55190489,g,2,-0.23877314102662162,0.07541164674997303,0.07541164674997303,0.11162553609193437,-0.23877314102662162
2211,55190489,i,3,0.649908848813987,0.19214579385446906,0.21336447619759458,0.7182118452145464,0.649908848813987
2212,55190489,r,6,0.5575117165740061,0.1705445020594626,0.33141231871572185,0.43392420512645874,0.5575117165740061
2213,55190489,u,2,-0.37819732396666184,0.23485026356559957,0.23485026356559957,0.32743511109377554,-0.37819732396666184
2214,55300697,g,2,0.27417917872229697,0.07044412684257478,0.07044412684257476,0.19060125551072285,0.27417917872229697
2215,55300697,i,2,0.6279419146752852,0.11931974138229245,0.11931974138229251,1.1978497687001854,0.6279419146752852
2216,55300697,r,9,0.6185714606651903,0.11544910608810588,0.20677665116860933,1.2840473234366447,0.6185714606651903
2217,55300697,u,2,0.09216019516851759,0.06810229881095675,0.06810229881095675,0.02784922172473758,0.09216019516851759
2218,55306341,g,5,2.7264961462525727,0.37183701251434176,0.6016377347172384,7.473471092192493,2.7264961462525727
2219,55306341,i,5,3.056544850632344,0.02869847104360712,0.05231288771055764,10.97345867204818,3.056544850632344
2220,55306341,r,6,2.810780651443027,0.05674107429392339,0.46375136401750927,10.915886284577445,2.810780651443027
2221,55306341,u,6,2.389653232086115,0.11389872872347317,0.17643423778251455,5.689465032185733,2.389653232086115
2222,55344180,g,2,-0.6658595508911714,0.007619222508359891,0.007619222508360002,0.6999302858292188,-0.6658595508911714
2223,55344180,i,6,-0.10209786828107614,0.12204451005273609,0.18666220430518282,0.08158578372376328,-0.10209786828107614
2224,55344180,r,8,-0.33073216229527247,0.05535768120749357,0.0787481904464461,0.2602560099411167,-0.33073216229527247
2225,55359999,g,4,0.24432767212887418,0.04650819573039833,0.2882408800131665,0.40049431294245025,0.24432767212887418
2226,55359999,r,3,0.712463156602094,0.05922448237755584,0.08672987673644383,1.016775284797858,0.712463156602094
2227,55359999,u,3,0.9918594206550801,0.14840148109420026,0.1522206950400844,1.696581140383395,0.9918594206550801
2228,5538142,g,4,-0.18028456766548506,0.04131671432060979,0.08521284395952,0.06587229251037882,-0.18028456766548506
2229,5538142,r,9,0.4146970549260389,0.1511629851755627,0.26853916670080435,0.5916253380336881,0.4146970549260389
2230,5538142,u,6,-0.4176872964266549,0.04898942794918726,0.09181716333620943,0.28435771083464717,-0.4176872964266549
2231,5543495,g,5,-0.34487327042734206,0.03337024555483792,0.036779075134654615,0.2508670721537144,-0.34487327042734206
2232,5543495,r,5,0.18774443573118837,0.06853421604287435,0.10787511009738293,0.09994922167927657,0.18774443573118837
2233,55515579,g,3,-0.4362486995457928,0.0014750434097349219,0.0021874726355489704,0.5395247541904366,-0.4362486995457928
2234,55515579,r,3,0.21922929230308053,0.03149013114881627,0.14714821372614328,0.08185605817621074,0.21922929230308053
2235,55515579,u,4,-0.48906610477043483,0.07974431077919403,0.16642511905273666,0.46982450909043394,-0.48906610477043483
2236,55590149,g,5,0.594112711160476,0.012508820745407379,0.11070368995546542,0.9972678354026747,0.594112711160476
2237,55590149,r,5,1.1104110021480005,0.10845343853056266,0.19240243558614734,3.4291272079383646,1.1104110021480005
2238,55590149,u,3,0.41048860991889335,0.027733376676708055,0.1297702893708632,0.4845402711191336,0.41048860991889335
2239,55597375,g,4,-0.9605703375821334,0.012981234826805133,0.04574344112082318,2.4141447265159344,-0.9605703375821334
2240,55597375,i,3,-1.114901680437299,0.053829643116106496,0.05757487301898423,1.9281103041197263,-1.114901680437299
2241,55597375,r,6,-0.9030848387097584,0.07159796145684716,0.3087383507795117,2.1382324107184485,-0.9030848387097584
2242,55597375,u,4,-1.0985496984136227,0.03444929558014209,0.07796959825320515,2.2411992274113803,-1.0985496984136227
2243,5567106,g,6,-0.28808904709786853,0.14032103312179256,0.4460567241931629,0.4044629767762182,-0.28808904709786853
2244,5567106,i,5,-0.17933680560531906,0.03897122606318182,0.07509149603241383,0.09247770580802778,-0.17933680560531906
2245,5567106,r,13,-0.3321480473966678,0.08091879666526913,0.22563596334288483,0.18676452989837644,-0.3321480473966678
2246,5567106,u,4,-0.880091862807355,0.06440821119622142,0.1132255665323405,1.0178379695589044,-0.880091862807355
2247,55733939,g,2,0.3426161415544331,0.20385788512546843,0.20385788512546843,0.34522964561069974,0.3426161415544331
2248,55733939,i,2,0.6928079755078314,0.2726822452783575,0.2726822452783575,1.2530184928588801,0.6928079755078314
2249,55733939,r,5,0.815230914388783,0.06127660262280554,0.11387139537714419,1.3749325153630216,0.815230914388783
2250,55733939,u,2,0.3706403530194762,0.01197109750273917,0.01197109750273917,0.2707082019857997,0.3706403530194762
2251,55737688,i,11,0.007164597062452538,0.155563583553483,0.26061803618651136,0.044262410418067416,0.007164597062452538
2252,55737688,r,4,-0.08292699454188535,0.07644873253657691,0.10135339848156089,0.022179622079649387,-0.08292699454188535
2253,55801220,g,2,-0.7952468067212829,0.06675012416460147,0.06675012416460135,1.1933051864639013,-0.7952468067212829
2254,55801220,i,3,-0.6443112571239422,0.16307267176027151,0.193366285115672,0.9655528422679289,-0.6443112571239422
2255,55801220,r,6,-0.696371175482255,0.054712944435433064,0.09154159571358678,1.0995828699071828,-0.696371175482255
2256,55832125,g,4,0.7305841632722415,0.0719007046976099,0.12880645533539326,1.1742243529894507,0.7305841632722415
2257,55832125,i,2,1.465671997386935,0.2826269654446494,0.2826269654446496,4.41848319583399,1.465671997386935
2258,55832125,r,8,1.1433558661422842,0.1283268687393181,0.20232282353358833,3.189055042545967,1.1433558661422842
2259,55832125,u,3,0.8098547359595465,0.09983352407950696,0.11604674508925905,1.3471630341588297,0.8098547359595465
2260,55895812,g,5,0.25732491417757153,0.05164104145198678,0.31244873095984427,0.09990874754610674,0.25732491417757153
2261,55895812,i,5,1.1305704924896884,0.20286768268151611,0.2354896497196146,2.014368878215129,1.1305704924896884
2262,55895812,r,10,0.8585508547503715,0.25794484487386904,0.7523053856124454,1.679373023914038,0.8585508547503715
2263,55895812,u,3,0.42428455720203484,0.026550795595645216,0.0828118870560457,0.1981362672012759,0.42428455720203484
2264,56028087,g,8,-0.05816355803699902,0.19349935198654988,0.34776712753551225,0.11107002150405416,-0.05816355803699902
2265,56028087,i,3,-0.13557588298227952,0.26117890532170884,0.29262200416437933,0.2078180977993576,-0.13557588298227952
2266,56028087,r,8,0.06114554102958614,0.1291846276240628,0.22864459507696294,0.19931065236402695,0.06114554102958614
2267,56077426,g,2,1.4923238878638818,0.3537799677922805,0.3537799677922806,2.686397276658534,1.4923238878638818
2268,56077426,i,3,1.32365888219373,0.2269560224521474,0.41655758907453255,2.532802840445274,1.32365888219373
2269,56077426,r,6,1.3208491461751872,0.0633415543060335,0.18751861995568575,2.2919232944506676,1.3208491461751872
2270,56078961,i,2,0.7075949253648904,0.24476806021221342,0.2447680602122133,1.5008508575466672,0.7075949253648904
2271,56078961,r,6,0.46054273337339574,0.059990418625108954,0.14318846642682925,0.7953115803720384,0.46054273337339574
2272,56078961,u,2,0.016146113419644337,0.04161504970380714,0.04161504970380714,0.004170042122714963,0.016146113419644337
2273,56113240,g,6,-1.102302305432814,0.22053466724236737,0.4579937003907367,1.7244722265468138,-1.102302305432814
2274,56113240,r,6,-0.8789308766403283,0.19088764476359044,0.39276208790543676,1.3104316373328468,-0.8789308766403283
2275,56113240,u,2,-0.6309899918769027,0.24482422701370476,0.24482422701370488,0.8757819829703231,-0.6309899918769027
2276,56288908,g,7,-0.30245828781874406,0.1445689951691287,0.29413123003203057,0.2967622221983904,-0.30245828781874406
2277,56288908,i,9,-0.06062345097682753,0.06924714244960883,0.2559138613043517,0.12424798706989819,-0.06062345097682753
2278,56288908,r,16,0.11620129774237076,0.2426676325390188,0.4929675315147348,0.22167094869595608,0.11620129774237076
2279,56288908,u,6,-0.027192770035758262,0.10389400442246838,0.1862150006866982,0.05987908034971884,-0.027192770035758262
2280,56424887,g,5,-0.6602781094662489,0.04382167057718833,0.07141088832883069,0.7297874641752328,-0.6602781094662489
2281,56424887,r,6,-0.22155688587820532,0.04592330015090529,0.07887174640081712,0.10121973389790502,-0.22155688587820532
2282,56424887,u,6,-0.6609503854922876,0.17220812811014863,0.2842317773479861,0.5545162219696249,-0.6609503854922876
2283,56529773,g,4,0.15327422833720927,0.09219119642510654,0.18954811932365356,0.10565443284908908,0.15327422833720927
2284,56529773,i,2,0.8321424154447248,0.0915818251388843,0.09158182513888435,1.8591909055479992,0.8321424154447248
2285,56529773,r,5,0.6094520477001233,0.17080958222106157,0.22113015804204195,1.1725043494897456,0.6094520477001233
2286,56529773,u,3,0.1062596283785453,0.045244136041706184,0.07658743254302114,0.035062110032887304,0.1062596283785453
2287,56568308,g,4,-0.32747169593701075,0.03077006342219879,0.08430350179989266,0.24931318263953317,-0.32747169593701075
2288,56568308,r,5,-0.08473301287397716,0.04524122231698935,0.07365053588511095,0.04866788709763381,-0.08473301287397716
2289,56568308,u,2,-0.2124922003135566,0.023102513694967575,0.023102513694967575,0.08681328466580387,-0.2124922003135566
2290,56581821,g,4,0.7553115484412577,0.5632739562780222,1.0243390573513125,1.0589025209512506,0.7553115484412577
2291,56581821,i,4,0.36753440004283333,0.03407916835935354,0.1081406468457643,0.4744357698352564,0.36753440004283333
2292,56581821,r,9,0.4560357620662776,0.27076910259118536,0.377268175364889,0.5905469685973173,0.4560357620662776
2293,56581821,u,2,0.3154619910510974,0.09126487813618867,0.09126487813618867,0.15286780236739772,0.3154619910510974
2294,56612521,i,11,0.8041632452036667,0.17055458171690852,0.2946766483495429,1.1053771741591143,0.8041632452036667
2295,56612521,r,7,0.6193944774739983,0.0546095532819002,0.20173526145795506,0.9950015860388893,0.6193944774739983
2296,56619434,g,6,0.9427101205293148,0.35139149674110726,0.5514696947334573,1.5186457493877648,0.9427101205293148
2297,56619434,i,3,0.9244197305259438,0.029329341329976888,0.12400370196041988,2.4801265745377514,0.9244197305259438
2298,56619434,r,9,1.360478857454047,0.5994094894710571,0.6851136143791292,3.0914183479494524,1.360478857454047
2299,56619434,u,4,0.48935303513773587,0.2611817339846373,0.48192225415188517,0.5237363063493377,0.48935303513773587
2300,56648074,g,6,-0.023575377288056698,0.04865175140548905,0.0823415433609635,0.025977231598252184,-0.023575377288056698
2301,56648074,r,4,0.34783935713860936,0.05238136501373236,0.10114910566394097,0.32561244590680444,0.34783935713860936
2302,56648074,u,2,0.11265846545970926,0.28426158205718866,0.28426158205718866,0.12245757525352355,0.11265846545970926
2303,5666688,g,3,0.17283455366489342,0.010319695674876339,0.1394673751703348,0.1776255156623366,0.17283455366489342
2304,5666688,r,6,0.7248973948170894,0.13508205345769808,0.23678175776305732,1.3133353559656078,0.7248973948170894
2305,5666688,u,2,0.3615395481322434,0.0586620272204319,0.0586620272204319,0.2572922308153076,0.3615395481322434
2306,56710157,g,4,-0.800948468970209,0.05150529736874909,0.1529323629983418,1.1186345726914932,-0.800948468970209
2307,56710157,i,2,-0.21218275910433948,0.06459413382942603,0.06459413382942603,0.13458859162861797,-0.21218275910433948
2308,56710157,r,9,-0.3536220770885452,0.06982310713735695,0.11738408439823411,0.27636332865669155,-0.3536220770885452
2309,56710157,u,4,-1.134036112559719,0.03726747630499272,0.092067276768657,1.6769346362589146,-1.134036112559719
2310,56743671,g,5,-0.19199206736849694,0.1784432732490724,0.2720919844545273,0.06641836686510295,-0.19199206736849694
2311,56743671,i,2,0.5097475764876631,0.2595691236134676,0.2595691236134676,0.35420967474806836,0.5097475764876631
2312,56743671,r,9,0.11396386351828669,0.20984793149602954,0.5192496115685139,0.11295101321210405,0.11396386351828669
2313,56743671,u,6,-0.7044010229164104,0.0542946622050946,0.09051729762314042,0.5288554019982328,-0.7044010229164104
2314,56885961,g,5,-0.5139121068126196,0.09000764559056051,0.36387740502805244,0.4805852114012744,-0.5139121068126196
2315,56885961,i,7,-0.730377722876427,0.08676848571543005,0.1309354317537278,0.8841337946812642,-0.730377722876427
2316,56885961,r,15,-0.6993374998724868,0.1355494126377863,0.4725241263074629,0.621637926623737,-0.6993374998724868
2317,56885961,u,4,-0.5558120880784869,0.09284023075745362,0.17825605070341466,0.3463832835671821,-0.5558120880784869
2318,56966079,g,3,0.5759925521508413,0.01636816978813238,0.23329229958275266,0.2264378801255106,0.5759925521508413
2319,56966079,i,2,0.29594533904071385,0.0026124352460188405,0.0026124352460188405,0.17246931331931148,0.29594533904071385
2320,56966079,r,5,0.423658874509107,0.2832719303102311,0.5970101072371714,0.3548721539429154,0.423658874509107
2321,56966079,u,2,-0.015792494745173302,0.01161482854199325,0.01161482854199325,0.0004518638769699335,-0.015792494745173302
2322,57182475,i,8,0.1613301364666413,0.18988582266672815,0.3422296758855242,0.07521997904816453,0.1613301364666413
2323,57182475,r,6,-0.30008321401706106,0.13638670631675365,0.2098776185164919,0.1502005918834543,-0.30008321401706106
2324,57196068,g,3,0.8064148732999026,0.3501850397725901,0.5103258457850866,1.002562906924666,0.8064148732999026
2325,57196068,i,4,0.9296839597465848,0.12239227849152479,0.17821281402598887,2.310753440788172,0.9296839597465848
2326,57196068,r,6,0.6695003706905889,0.12938291395054635,0.20916434910438597,1.3639981201773825,0.6695003706905889
2327,57196068,u,2,0.1386395068484637,0.04208740573684866,0.04208740573684866,0.03828621857869699,0.1386395068484637
2328,57234590,g,3,0.3223878204254207,0.008105714177083945,0.1753404692107049,0.10739010533182129,0.3223878204254207
2329,57234590,i,2,0.6361668174404138,0.11920619545057543,0.11920619545057543,1.0618879482241432,0.6361668174404138
2330,57234590,r,3,0.5402531069927636,0.04066949274620946,0.34127966306142066,1.1672981812273957,0.5402531069927636
2331,57234590,u,3,-0.011069476884115748,0.1264678319365493,0.43339749775932646,0.24071765524071265,-0.011069476884115748
2332,57369128,g,8,-0.4358927185304475,0.09837369906108073,0.1707710961657669,0.3900095821457654,-0.4358927185304475
2333,57369128,r,8,-0.09248864942268714,0.06611969752105962,0.13875167130614707,0.08492025642849681,-0.09248864942268714
2334,57369128,u,6,-0.6434426316754867,0.08266697593122158,0.27129795324877737,0.6854017932858909,-0.6434426316754867
2335,57417240,g,9,-0.22996222226143637,0.09863314188656958,0.2750917446412475,0.09021529443630033,-0.22996222226143637
2336,57417240,i,4,0.2858379156489481,0.08935705050733256,0.10580619311444533,0.2284664198993765,0.2858379156489481
2337,57417240,r,12,0.13820397861355138,0.06583619658932416,0.14359753215279586,0.19227914442462846,0.13820397861355138
2338,57417240,u,8,-0.19742101391869682,0.06911784518436903,0.11981393440453408,0.07428624941838996,-0.19742101391869682
2339,57463316,g,4,0.19992095426476064,0.049978162041793395,0.057646904123350606,0.08781415125622735,0.19992095426476064
2340,57463316,r,4,0.41358832711983895,0.055990236091890355,0.11060152559766451,0.43054885501105467,0.41358832711983895
2341,57463316,u,2,0.7013701633108876,0.20086368964561652,0.2008636896456164,0.8683970630284495,0.7013701633108876
2342,57554441,g,4,-0.5618006697486295,0.03192615763660345,0.055154937765929835,0.63241062327606,-0.5618006697486295
2343,57554441,r,4,-0.2582479042867255,0.01595765514384062,0.05097640330087255,0.1322434705959511,-0.2582479042867255
2344,57554441,u,4,-0.545555192167755,0.1297590697904062,0.18912521411003957,0.49148681083878765,-0.545555192167755
2345,57562141,g,4,-0.7596390178174668,0.07797897585189983,0.1517701905484068,1.027205462760444,-0.7596390178174668
2346,57562141,r,5,-0.3426469063636701,0.10423531725001167,0.16103146481736874,0.24216573439625524,-0.3426469063636701
2347,57562141,u,3,-0.7553629909677606,0.01081971751579891,0.07301621991613683,0.9009631652075979,-0.7553629909677606
2348,57581942,g,4,-1.1105815315884109,0.07820513781507277,0.11471053319555335,1.5573620286261145,-1.1105815315884109
2349,57581942,r,7,-0.662854584346833,0.11748356566191731,0.22648565060955161,0.6541438616246646,-0.662854584346833
2350,57581942,u,5,-1.2995648434065359,0.12616673883310314,0.177562242501351,1.957632297568135,-1.2995648434065359
2351,57613582,g,4,0.2525537072371494,0.17917546437897702,0.35700662089290985,0.1456605302665704,0.2525537072371494
2352,57613582,i,2,1.3779932087893307,0.7026159711495419,0.7026159711495419,3.1740966719703994,1.3779932087893307
2353,57613582,r,2,1.1857514850028796,0.6819025292119087,0.6819025292119086,2.39360376740245,1.1857514850028796
2354,57613582,u,4,-0.016578616685358094,0.13640194987619614,0.2710021001322834,0.03239701248856855,-0.016578616685358094
2355,57771939,i,3,0.10989762234870559,0.12327783872070608,0.510670653443338,0.5029822604701716,0.10989762234870559
2356,57771939,r,4,0.035556287930509245,0.11789571771837826,0.24398514767912965,0.06786269137332683,0.035556287930509245
2357,57771939,u,3,-0.18853470086347102,0.09034281576115344,0.0938058357769741,0.0748746235991112,-0.18853470086347102
2358,57798803,g,6,-0.3844359259827057,0.11579436535898768,0.20251870813655948,0.18011849494565868,-0.3844359259827057
2359,57798803,i,6,0.23395880254745016,0.11008412800757739,0.20760708055660643,0.2154844859687125,0.23395880254745016
2360,57798803,r,5,0.21606059245253317,0.051960356110117845,0.07735802347188225,0.10205244592136413,0.21606059245253317
2361,57798803,u,2,-0.30505539068820253,0.13814969218347395,0.13814969218347395,0.13062638703387378,-0.30505539068820253
2362,57922566,g,7,-0.06800540931939669,0.15196686739970855,0.36036506356658593,0.09773606019075354,-0.06800540931939669
2363,57922566,i,5,0.3756775397337493,0.22278733164627207,0.4555685210597973,0.6695955751599222,0.3756775397337493
2364,57922566,r,4,0.38299399238812615,0.07100342951176075,0.1817970621810272,0.3800290642289604,0.38299399238812615
2365,57922566,u,4,-0.09701450539312528,0.1590917754614123,0.31546027512240365,0.07118618331779078,-0.09701450539312528
2366,57961932,g,7,0.21951619586444338,0.0414424518956813,0.068521859962282,0.18245992783608647,0.21951619586444338
2367,57961932,r,5,0.6865077812334532,0.18847572594898843,0.25045528543940154,1.2602870379360858,0.6865077812334532
2368,57961932,u,6,-0.09418873095748626,0.053768777748353536,0.09587321433332474,0.020686704765850977,-0.09418873095748626
2369,57976230,g,7,0.5887256382518837,0.3749126042176776,0.6400090029219604,0.7467113063750418,0.5887256382518837
2370,57976230,i,3,0.6226315589681439,0.08175964721422879,0.1781652609291321,1.164238972352072,0.6226315589681439
2371,57976230,r,10,0.9235901489468814,0.07576127310589154,0.10645070069073581,1.5648696817580783,0.9235901489468814
2372,58372895,g,4,-0.02921050898456995,0.04034527465794863,0.04822230334993702,0.009344412423743603,-0.02921050898456995
2373,58372895,r,7,0.267642745935735,0.08669112853448047,0.15205961480720737,0.5596083369813661,0.267642745935735
2374,58372895,u,4,0.1444310674066001,0.08402025861444473,0.1351953284804331,0.054577985813406116,0.1444310674066001
2375,5837373,i,6,0.3490508662114101,0.22846946772616217,0.39896873726558746,0.2484688265254521,0.3490508662114101
2376,5837373,r,7,0.2882882523688819,0.04576189426341881,0.5854667338863206,0.6422996993761896,0.2882882523688819
2377,5839578,g,5,0.5065477295479524,0.06076186226096869,0.11303289812642348,0.38805218782575196,0.5065477295479524
2378,5839578,r,3,0.37385836274081774,0.13062954327366227,0.14568277731607904,0.45022890394915954,0.37385836274081774
2379,5839578,u,3,0.08563536646690018,0.33332248563807987,0.3876315684622727,0.19193161349912893,0.08563536646690018
2380,58455366,g,3,0.25257139102704884,0.05903212694711335,0.3901732045902337,0.6487987188037968,0.25257139102704884
2381,58455366,r,5,0.6179473162935659,0.052383323727782205,0.17662830575891098,1.2704636337938862,0.6179473162935659
2382,58455366,u,2,0.061380933429234064,0.10115960669790508,0.10115960669790508,0.030102676740530476,0.061380933429234064
2383,58475863,g,5,0.23925119461455502,0.410907500865608,0.9918898156978417,0.32111437098378914,0.23925119461455502
2384,58475863,i,16,0.8678526380809386,0.263342305434466,0.5003964557109433,1.3709551442353223,0.8678526380809386
2385,58475863,r,13,0.7217752095217163,0.4604061765724923,0.974740678620998,1.0219576046248882,0.7217752095217163
2386,58475863,u,4,-0.19202587589147668,0.13302786764384256,0.3476405381225072,0.13824706467712938,-0.19202587589147668
2387,58743054,i,6,0.7647603351983249,0.031759613301114875,0.17255411671833776,1.8520653094791595,0.7647603351983249
2388,58743054,r,9,0.7069799688410243,0.2609257246082244,0.5187494474076024,1.4198926756076982,0.7069799688410243
2389,5877159,g,3,3.0450026079135593,0.009937503381890256,0.5093047352888194,9.255316459122254,3.0450026079135593
2390,5877159,i,7,2.67225010078279,0.36218378998478373,1.0441144595476235,11.853919515657966,2.67225010078279
2391,5877159,r,7,2.4462509691734526,0.007719935613919926,0.053336846209250055,9.910512708092702,2.4462509691734526
2392,58898419,g,8,-0.9174713363729348,0.04152471508520117,0.2543802747979379,1.0437137220161814,-0.9174713363729348
2393,58898419,i,21,-0.2962296990906539,0.17859057527624445,0.31128579761426267,0.19524879416301688,-0.2962296990906539
2394,58898419,r,24,-0.5743924697047832,0.10965186718719011,0.2746169952194283,0.5220775038277654,-0.5743924697047832
2395,58898419,u,6,-1.124118592596221,0.03769322118673091,0.15199231667224122,2.0866219174684097,-1.124118592596221
2396,58942277,g,6,-0.08928298539720803,0.06166771796402115,0.10982052737351322,0.08551444490932597,-0.08928298539720803
2397,58942277,i,8,-0.09471493391133257,0.054483017245342324,0.13171006109368788,0.10402136137325113,-0.09471493391133257
2398,58942277,r,14,0.13790835618050568,0.20296563888288494,0.5208750379607975,0.4244334459230411,0.13790835618050568
2399,58942277,u,4,-0.042576581232165234,0.2089484893463296,0.3812265082070718,0.060710207553306784,-0.042576581232165234
2400,58942712,g,6,-1.644445489002237,0.12409894275299571,0.2278310175619105,3.4651366193944493,-1.644445489002237
2401,58942712,r,14,-1.18638004826613,0.22308392643730823,0.4353980313191821,2.246913216773787,-1.18638004826613
2402,58942712,u,7,-1.4421401389865285,0.1096158035085657,0.6342956366226309,4.1657630747414665,-1.4421401389865285
2403,58966592,g,2,0.6204661007151429,0.16473900842430256,0.16473900842430256,0.6736751580904139,0.6204661007151429
2404,58966592,i,3,0.8743659204953014,0.010282076444237731,0.0798120728146412,1.5880740991116424,0.8743659204953014
2405,58966592,r,5,0.7186397303646765,0.06396199789251189,0.07684676585457884,1.3534543836608173,0.7186397303646765
2406,58991810,g,9,-0.5411331084966011,0.05535187413709641,0.12134946343152331,0.4039886958622886,-0.5411331084966011
2407,58991810,i,4,0.12360784665679392,0.05530870851836922,0.15230831902431785,0.08310844085324999,0.12360784665679392
2408,58991810,r,12,-0.132991104364799,0.04571078270819129,0.07831262071250095,0.05551580506131256,-0.132991104364799
2409,58991810,u,6,-0.6185724621005212,0.01489080775372953,0.02385416308400623,0.5080495119717939,-0.6185724621005212
2410,59000984,g,4,0.700932564453246,0.30403610048862295,0.5165707985535062,0.6811388156609519,0.700932564453246
2411,59000984,i,13,1.2553236212901515,0.5095393240335919,0.7269567129420114,2.1086977307928714,1.2553236212901515
2412,59000984,r,11,0.8267449144558578,0.6382153741336385,1.2735579869907352,1.4667403166082245,0.8267449144558578
2413,59000984,u,5,0.6312617538266765,0.11021994510774125,0.17574533793633096,0.3829294016519398,0.6312617538266765
2414,59041386,g,7,0.12996301959089496,0.1665778885566367,0.44308136263953535,0.13066861245433165,0.12996301959089496
2415,59041386,i,2,0.41976353973203184,0.18563500360214014,0.18563500360214014,0.4493896825288354,0.41976353973203184
2416,59041386,r,6,0.09032473241247246,0.04138701494608765,0.24905353501411798,0.18612742208257568,0.09032473241247246
2417,59041386,u,3,-0.060557390634626174,0.09386872865640938,0.19825085949308813,0.04264486908930059,-0.060557390634626174
2418,59318850,g,6,-0.7412395795694334,0.08611532028718727,0.1486701855292576,0.7000444388098152,-0.7412395795694334
2419,59318850,i,6,0.001658879167363514,0.04762771989898962,0.07183764738725373,0.051821365034886845,0.001658879167363514
2420,59318850,r,17,-0.22485054092660262,0.08229869103399934,0.2017269651875342,0.16501938511526246,-0.22485054092660262
2421,59318850,u,6,-1.0240905017782798,0.03190893333450906,0.10876981658523266,1.2694408329018991,-1.0240905017782798
2422,59341619,g,10,0.4187572338028517,0.08022966398753051,0.23858424980037224,0.3513525863860969,0.4187572338028517
2423,59341619,r,9,0.8322837247619139,0.1901040478074496,0.4833172302561599,1.7012957885266309,0.8322837247619139
2424,59362154,g,4,-1.1928593668281364,0.012594915587454514,0.05994656284615085,2.182092962334137,-1.1928593668281364
2425,59362154,r,5,-0.7422114481658961,0.1485375687748478,0.2210704378444961,0.8379851614062048,-0.7422114481658961
2426,59362154,u,2,-1.6294654237486599,0.31221247025339105,0.31221247025339105,2.77149843416638,-1.6294654237486599
2427,59388110,g,4,1.5346714262705472,0.04765844658890006,0.11857712772051321,2.7223619059412014,1.5346714262705472
2428,59388110,i,7,1.6218561897046668,0.21259179103855352,0.4421612758706377,3.8837329503986986,1.6218561897046668
2429,59388110,r,11,1.7060744478590149,0.3443248672129897,0.5721773904692078,2.9972623480771343,1.7060744478590149
2430,59402531,i,3,0.30653548890652726,0.012771441333462086,0.17961058714241818,0.4704615777485524,0.30653548890652726
2431,59402531,r,6,0.11790991210780022,0.0983654335025812,0.2408440786522622,0.15957476923121985,0.11790991210780022
2432,59402531,u,2,-0.2595164483116996,0.021809185648118623,0.021809185648118623,0.1399580612139833,-0.2595164483116996
2433,59436195,g,4,-0.3639095693737273,0.08628401389116303,0.16862735344608626,0.22541398791390888,-0.3639095693737273
2434,59436195,i,2,0.3540392348813901,0.010641537547360524,0.010641537547360524,0.21798944876047419,0.3540392348813901
2435,59436195,r,6,0.18080711098119784,0.028912051373003456,0.121082210318596,0.04379812999585808,0.18080711098119784
2436,59436195,u,6,-0.5648788816020933,0.04234299488509763,0.07523199516142154,0.445598755662558,-0.5648788816020933
2437,59444581,g,4,1.495752548426454,0.4963214696243752,0.9947410383117803,4.296101129285819,1.495752548426454
2438,59444581,i,5,0.9611008103695804,0.14603595004264558,0.25369767414161726,2.5961126134102708,0.9611008103695804
2439,59444581,r,7,0.8727410833761771,0.11345709703180007,0.19936503939082084,2.011738280485269,0.8727410833761771
2440,59444581,u,2,0.893141907293875,0.15790620203227757,0.15790620203227745,1.6748742941213592,0.893141907293875
2441,59444739,g,4,-0.6400764196315076,0.09485497580048086,0.14886941058510528,0.9622698347948726,-0.6400764196315076
2442,59444739,r,5,-0.540296788767586,0.13297945363077146,0.21591399502296893,0.8472742917100178,-0.540296788767586
2443,59444739,u,4,-0.31797033068556035,0.15249117634591858,0.19567230393587165,0.21565532558208117,-0.31797033068556035
2444,59489646,g,3,-1.2621602528788256,0.01887527839237846,0.17492507147042957,3.2609215653655252,-1.2621602528788256
2445,59489646,r,6,-1.1330251850175728,0.1478469181578237,0.25680364480071516,1.7763115722311653,-1.1330251850175728
2446,59489646,u,4,-2.075738685429643,0.021933538448233536,0.032948888628077544,4.630220139223978,-2.075738685429643
2447,59567345,g,3,-0.5426604268321227,0.1043741426231044,0.1261328650603255,0.48990268682023147,-0.5426604268321227
2448,59567345,i,2,-0.25834341560777074,0.03208609274359342,0.03208609274359342,0.1827192074882119,-0.25834341560777074
2449,59567345,r,7,-0.329418223577723,0.07938937472842555,0.20286539567920148,0.18652946584620891,-0.329418223577723
2450,59567345,u,3,-0.8588257882353774,0.02107543194568562,0.18996197614182153,0.7992176867857056,-0.8588257882353774
2451,59572842,g,4,1.2921154725979278,0.06607577516594432,0.3271360533317127,3.1148900005270512,1.2921154725979278
2452,59572842,i,7,0.7069283922717085,0.07709573658874436,0.8835325240962484,2.6471453335937705,0.7069283922717085
2453,59572842,r,14,1.3479081365388499,0.6985798675095397,0.8241582103032528,2.790384883365809,1.3479081365388499
2454,59572842,u,4,0.6017961767831946,0.37365281197837696,0.7607612815253043,0.7957817389939004,0.6017961767831946
2455,59602179,g,6,0.2091099006768522,0.154669849046974,0.4794252657502975,0.20378980759457918,0.2091099006768522
2456,59602179,i,5,0.6726052399632996,0.1397451166693684,0.19864226037391686,0.9426402527031865,0.6726052399632996
2457,59602179,r,7,0.36309158850960244,0.29800251105651754,0.5281216673016715,0.5940201139248487,0.36309158850960244
2458,59602179,u,3,0.2753829623948181,0.11582847475707103,0.16231169748117447,0.08142444970436662,0.2753829623948181
2459,59693369,g,2,-0.3388170016832839,0.0269175900644405,0.0269175900644405,0.1429310883451671,-0.3388170016832839
2460,59693369,i,9,0.11971214854448275,0.10073190335037685,0.2260631624527869,0.08056379842126118,0.11971214854448275
2461,59693369,r,7,-0.06202369819063902,0.0798404274304334,0.1472747087365175,0.01710862660321898,-0.06202369819063902
2462,59693369,u,2,-0.7921942799165889,0.053763657808712395,0.053763657808712395,0.8432004575790508,-0.7921942799165889
2463,59749765,g,6,0.3470150069648912,0.051078198000647834,0.09426137678076918,0.24968207206760742,0.3470150069648912
2464,59749765,i,3,0.43514696475212356,0.05350173778545919,0.09244951475326346,0.48982316391408554,0.43514696475212356
2465,59749765,r,6,0.5772600628903198,0.17833101376058713,0.4856005137628307,0.5573756416746526,0.5772600628903198
2466,59749765,u,3,0.3286335914441594,0.14692307308251662,0.20053384706533728,0.25426490293241805,0.3286335914441594
2467,59761821,g,3,-0.4651278869996478,0.021694792375046568,0.08749626099433161,0.3845519743784302,-0.4651278869996478
2468,59761821,i,3,-0.17047061748277437,0.008385698339650416,0.012033742694049887,0.06584621971657216,-0.17047061748277437
2469,59761821,r,9,-0.07049503275407787,0.04407937518573957,0.10915204680444135,0.04721660314348542,-0.07049503275407787
2470,59761821,u,2,-0.24487308781154227,0.06797574884742297,0.06797574884742297,0.09046799672327822,-0.24487308781154227
2471,59771807,g,9,-0.7994472089378037,0.05031304222555155,0.06147134912162633,0.8506184562541751,-0.7994472089378037
2472,59771807,i,14,-0.3154093799329394,0.08548559668211941,0.14972518523307132,0.23140565779203764,-0.3154093799329394
2473,59771807,r,21,-0.5346266445960701,0.05232111353047886,0.1507603640494466,0.5484410384621756,-0.5346266445960701
2474,59771807,u,6,-0.6050488239663835,0.05536637642863318,0.08753761147838646,0.4429491994786355,-0.6050488239663835
2475,59775500,g,9,0.030078461386306765,0.15858372017392175,0.6292908836606861,0.27392094105025244,0.030078461386306765
2476,59775500,i,2,0.906648962987239,0.14152507529914526,0.14152507529914526,1.88586620233419,0.906648962987239
2477,59775500,r,4,0.3986749259567194,0.06695596158802075,0.15287015381367713,0.38900311835181345,0.3986749259567194
2478,59775500,u,5,-0.11017569415574724,0.05440756262980195,0.09677967825110012,0.03358420324979965,-0.11017569415574724
2479,59876494,g,5,-0.17953175001377852,0.025002954205978645,0.5905305858096916,0.16986287869496755,-0.17953175001377852
2480,59876494,r,6,0.18837852490018503,0.05415457274064628,0.0872155275657639,0.11807461580327262,0.18837852490018503
2481,59876494,u,2,0.19669248109321347,0.013460472595834161,0.013460472595834161,0.06993818210907468,0.19669248109321347
2482,59895737,g,3,0.8855412911855567,0.18642471351134504,0.2411605879284079,1.2932563986482628,0.8855412911855567
2483,59895737,i,2,0.8498454710141665,0.02408948571346281,0.02408948571346281,1.820422027628762,0.8498454710141665
2484,59895737,r,6,1.262498643097272,0.11631318753917985,0.2174418374149396,2.6155395083208126,1.262498643097272
2485,59895737,u,3,1.1250817452490884,0.19583861760026489,0.29909107018666004,1.2748364008955277,1.1250817452490884
2486,5990161,g,5,0.3624318072935473,0.4376582964698428,0.50074481430268,0.4898726907617226,0.3624318072935473
2487,5990161,r,3,0.44080016443227255,0.003108195571096206,0.014023424274031193,0.5646836270523254,0.44080016443227255
2488,5990161,u,2,0.0720720311489873,0.1893414331194081,0.1893414331194081,0.06950375852416577,0.0720720311489873
2489,59979476,g,5,-0.4842289394696033,0.016683144677226203,0.029534455578230423,0.42046926570707727,-0.4842289394696033
2490,59979476,i,6,0.1312959455930628,0.1661632655354709,0.2685379618246575,0.1324022456946831,0.1312959455930628
2491,59979476,r,14,-0.06521920041510698,0.043019136065285235,0.1424750789276183,0.026900367436233686,-0.06521920041510698
2492,60004780,g,3,0.2127146346031672,0.3636643950020293,0.5471732767946734,0.32300680321528635,0.2127146346031672
2493,60004780,i,4,0.3387351357486704,0.056948864364677276,0.13488810362435683,0.33158090199868806,0.3387351357486704
2494,60004780,r,5,0.20189932529849175,0.028129502279984564,0.061135496943625744,0.3468713972122507,0.20189932529849175
2495,60032,g,7,2.7874858531856823,0.3982498686265852,2.0519213367750826,6.2346453253711385,2.7874858531856823
2496,60032,i,9,1.9941290419542046,0.5815809066437048,0.7504404404783356,8.613186157327139,1.9941290419542046
2497,60032,r,14,1.980625866030528,0.8119291228579806,1.828392242929573,8.236643545851555,1.980625866030528
2498,60032,u,4,0.6461838235112094,0.05391017884635352,0.4987381135704967,1.8883368203665192,0.6461838235112094
2499,60054535,g,4,0.0396175570794266,0.026076412728455067,0.09121061431345728,0.04123837050386653,0.0396175570794266
2500,60054535,i,2,-0.028304564947578215,0.2565762710580978,0.2565762710580978,0.21201286834610888,-0.028304564947578215
2501,60054535,r,3,0.006831150777272033,0.1353729287073775,0.2688309060763261,0.13826531651420862,0.006831150777272033
2502,60054535,u,2,0.17463916905534682,0.2161818727962681,0.2161818727962681,0.12292056537458045,0.17463916905534682
2503,60106342,g,7,0.3386829530313471,0.14956115193558217,0.29505478192339796,0.2141483815037346,0.3386829530313471
2504,60106342,i,3,0.7643684925065699,0.05209445249331224,0.06963730290614234,1.0050848392890221,0.7643684925065699
2505,60106342,r,6,0.6572538056597951,0.07229870161729524,0.2321728730490104,0.6083001760057541,0.6572538056597951
2506,60106342,u,2,0.6524997036958409,0.16693963656668442,0.16693963656668442,0.5431248059234351,0.6524997036958409
2507,60228027,g,2,-0.3723357445644927,0.06594940457277587,0.06594940457277587,0.28995156699542896,-0.3723357445644927
2508,60228027,i,2,0.12033901808515779,0.07088617856739643,0.07088617856739643,0.050613850039602545,0.12033901808515779
2509,60228027,r,7,0.015115152621425931,0.11171038259795574,0.19269348842781275,0.02649657488568039,0.015115152621425931
2510,60228027,u,3,-0.6949646621604408,0.01132505158717656,0.025092983244490052,1.0449103426012765,-0.6949646621604408
2511,60238024,g,3,0.8772848574776879,0.02652878926215574,0.13538311696473404,0.9327173688001658,0.8772848574776879
2512,60238024,r,6,1.0108730132240138,0.17318305219888763,0.31241343302915237,2.2533281764215407,1.0108730132240138
2513,60238024,u,2,0.6479777444238097,0.3474392634866099,0.3474392634866099,0.6192698858038197,0.6479777444238097
2514,60250879,g,4,-1.1136023175924548,0.05420060429139639,0.12134919606906958,2.750982988893301,-1.1136023175924548
2515,60250879,r,2,-0.9642930259152602,0.09965519384380811,0.09965519384380817,2.5703407419695568,-0.9642930259152602
2516,60250879,u,5,-0.7643295901241298,0.06721741638316714,0.08927484600866797,0.9942284149588986,-0.7643295901241298
2517,60295459,g,4,-0.814466103051472,0.014012248272238015,0.059344521754558066,0.848432144878354,-0.814466103051472
2518,60295459,i,5,-0.07982718300500302,0.17088860493943403,0.24452785111460784,0.047076294222195204,-0.07982718300500302
2519,60295459,r,5,-0.20560171925345205,0.008483534565883577,0.2564847720026764,0.16385993187398912,-0.20560171925345205
2520,60295459,u,3,-1.2182488253554782,0.10849625827980436,0.15986884462669027,1.721136643006112,-1.2182488253554782
2521,60389659,g,3,0.8917464171933207,0.09296105162050794,0.3079552208914714,0.8983875801770383,0.8917464171933207
2522,60389659,i,4,0.8528527555918441,0.121359263371004,0.1908635912337563,1.8637596298145858,0.8528527555918441
2523,60389659,r,8,1.0199822555912315,0.2450639990842447,0.4547269511136951,2.3027778239795107,1.0199822555912315
2524,60424835,g,5,-0.0015192603079952072,0.3247078511788808,0.3310435493192492,0.13305173778104593,-0.0015192603079952072
2525,60424835,i,3,0.231856088727733,0.03190390962786416,0.1290463483641373,0.08449892236444768,0.231856088727733
2526,60424835,r,7,0.15320572560988643,0.18105853685585438,0.3548424963654051,0.10360222946805701,0.15320572560988643
2527,60424835,u,4,-0.2710752835472061,0.03700512372334264,0.11836362633131214,0.173631704934376,-0.2710752835472061
2528,60471886,g,2,-0.7428551837548828,0.01978777981607671,0.019787779816076823,1.3929813168314422,-0.7428551837548828
2529,60471886,i,4,-0.11566786496253367,0.01917342892751389,0.033408267833190924,0.04814174827439831,-0.11566786496253367
2530,60471886,r,5,-0.33580712234193166,0.008984384234840603,0.017621072401242555,0.34990407840366966,-0.33580712234193166
2531,60513713,g,3,1.118304472463666,0.37433843362539965,0.6790199319664353,3.5163036979952995,1.118304472463666
2532,60513713,i,4,1.3537728990434186,0.1514216487482788,0.2753358470485936,5.363537536848931,1.3537728990434186
2533,60513713,r,7,1.2754983208276087,0.14125505111295156,0.2773873444983408,4.546135016329409,1.2754983208276087
2534,60513713,u,2,0.6518684001639476,0.01144426437742374,0.01144426437742374,0.9113984114458874,0.6518684001639476
2535,60679697,g,3,-0.15210312657072822,0.0032239480151103894,0.10378034107397838,0.04367795603145643,-0.15210312657072822
2536,60679697,i,5,0.8644186916629866,0.3868932724755887,0.7622709980915803,1.4059043099678517,0.8644186916629866
2537,60679697,r,12,0.8343439378310611,0.22492228422663252,0.5197080670049407,1.0204601382555571,0.8343439378310611
2538,60679697,u,3,0.34233024656525934,0.2740564498003222,0.3359451375524589,0.2623103682779437,0.34233024656525934
2539,60818217,g,7,1.4093921607885402,0.175964555500703,0.5252796579097233,2.4912127811342737,1.4093921607885402
2540,60818217,i,2,1.1708765914744408,0.10634720910375062,0.1063472091037505,3.406221778971323,1.1708765914744408
2541,60818217,r,6,1.1810894767876214,0.2294085388937882,0.6590760560805775,3.863969712164583,1.1810894767876214
2542,60818217,u,3,1.0255312411262545,0.18163046088857726,0.4170359365351577,1.2109909087533703,1.0255312411262545
2543,60989743,g,6,-0.1543386534808342,0.10378252289713252,0.1734348462307561,0.0804636867066398,-0.1543386534808342
2544,60989743,r,3,0.2965445048170787,0.039966984391690774,0.12375845013494702,0.13384873823316276,0.2965445048170787
2545,60989743,u,3,-0.10641497880885842,0.0633364420643514,0.11603166526830155,0.014328128478484298,-0.10641497880885842
2546,61060896,g,3,0.043705070482903396,0.32998315070082795,0.3430860654974125,0.1357228953722379,0.043705070482903396
2547,61060896,i,7,0.7916734748005791,0.08991723293978926,0.1844181633501798,1.2479837287706346,0.7916734748005791
2548,61060896,r,9,0.583836168492442,0.055176009745608656,0.16421546647082663,0.6606165230574182,0.583836168492442
2549,61060896,u,3,-0.2872053548858762,0.005438381970316319,0.18284185794277863,0.08176487067724036,-0.2872053548858762
2550,61098756,g,6,0.05894281513737154,0.21447418636560678,0.4161000702536533,0.07998380831028586,0.05894281513737154
2551,61098756,i,6,0.14404417583758589,0.12685681765509238,0.23536304737340252,0.15472276974779636,0.14404417583758589
2552,61098756,r,7,0.32314488368745486,0.11841066023017177,0.25745762066638345,0.18810218732870623,0.32314488368745486
2553,61098756,u,3,-0.3819724800504718,0.038968621633191036,0.10605064058752367,0.23314082612874443,-0.3819724800504718
2554,61143949,g,2,1.472385173613707,0.041210480659408244,0.041210480659408244,3.0138664350118374,1.472385173613707
2555,61143949,i,3,1.6887790598689298,0.08929213573927641,0.14115191803030758,5.034806310365056,1.6887790598689298
2556,61143949,r,6,1.9451106523700634,0.049439501859935175,0.08339869162243985,5.3910549611644045,1.9451106523700634
2557,61149363,g,10,-1.4326989202106089,0.10732511652745613,0.17606422731851468,2.4833726899678217,-1.4326989202106089
2558,61149363,r,6,-0.6344419153414355,0.420575998806925,0.8216905044951346,0.9481253123209091,-0.6344419153414355
2559,61149363,u,7,-1.1318374720401447,0.08609660392626162,0.36463750025730146,2.5729776847794734,-1.1318374720401447
2560,61237986,g,8,0.20650745332463538,0.26738530985332154,0.43671152265612,0.17223662473213175,0.20650745332463538
2561,61237986,i,3,0.2941838385473977,0.07324887383522138,0.2583164705252408,0.5599759329876567,0.2941838385473977
2562,61237986,r,8,0.2218797522502346,0.08918978390093041,0.3204233162807686,0.3364204815519669,0.2218797522502346
2563,61237986,u,4,0.10335258508718037,0.12025765006539046,0.2764391046538699,0.05810365283027302,0.10335258508718037
2564,61247385,g,5,1.4592997133307577,0.2514801241614073,0.2644913893580245,3.2903225953861814,1.4592997133307577
2565,61247385,i,13,2.1451089328739434,0.8476846073303805,0.979502146775828,6.039725391661086,2.1451089328739434
2566,61247385,r,14,1.8922781602803624,0.6861872582266355,1.189268205492994,5.174517182894709,1.8922781602803624
2567,61247385,u,4,1.686342531346145,0.06285593955054525,0.11715223243616646,2.805888749792533,1.686342531346145
2568,61292643,g,3,-0.41351527966683843,0.051294188583620004,0.2165688403317273,0.1882416830473597,-0.41351527966683843
2569,61292643,i,3,0.23480921540018174,0.0442096888902912,0.07263703207379191,0.12705607954796727,0.23480921540018174
2570,61292643,r,8,0.12688732866415886,0.07770056880075593,0.16624268677137616,0.0592161075124579,0.12688732866415886
2571,61292643,u,5,-0.6531666022074092,0.06517716889484793,0.11926567699109203,0.6086777132421728,-0.6531666022074092
2572,61350081,g,4,-1.2799301023524907,0.15317356408871918,0.25711059499398425,2.531002147691181,-1.2799301023524907
2573,61350081,i,4,-0.8757899810678579,0.12507586320574737,0.20492183443112633,1.3641182188614518,-0.8757899810678579
2574,61350081,r,9,-0.9590914982479084,0.12488179152080015,0.17428053230164076,1.7598618497151657,-0.9590914982479084
2575,61350081,u,7,-0.8344059591766491,0.10198019474506181,0.13698674296433633,1.0745998069394267,-0.8344059591766491
2576,61373983,g,8,-0.7768748232638448,0.08985068147138342,0.14569862191881422,0.9722225955190635,-0.7768748232638448
2577,61373983,r,6,-0.23547483275968817,0.05689940179163233,0.11427798182749316,0.219435043736383,-0.23547483275968817
2578,61373983,u,3,-0.8095560076831694,0.02281812922385784,0.06829168754189463,0.9747012707431372,-0.8095560076831694
2579,61406793,g,4,0.5808030256361785,0.21573289191465161,0.4422943691024664,0.6114910857197391,0.5808030256361785
2580,61406793,i,2,1.009035626118627,0.044640649051339354,0.04464064905133924,2.284431759029616,1.009035626118627
2581,61406793,r,10,1.1410979070914609,0.26408210422044154,0.49238713203862783,2.2935865623617104,1.1410979070914609
2582,61406793,u,2,0.3939691561321238,0.07331184844055028,0.07331184844055028,0.19982843846290682,0.3939691561321238
2583,61417352,g,3,-0.8752537854726825,0.030996550103833842,0.17713513623549315,0.8809554445266145,-0.8752537854726825
2584,61417352,i,3,-0.34551161146671094,0.06703403391895502,0.11105880851829464,0.20857243056953753,-0.34551161146671094
2585,61417352,r,5,-0.5525968449290284,0.04680584771894436,0.089502311072575,0.41930508017125323,-0.5525968449290284
2586,61441669,g,7,0.05952123112245622,0.1561098841952211,0.32510970705730957,0.10732859690100481,0.05952123112245622
2587,61441669,i,3,0.1669040205562511,0.04698938748664294,0.0632253503313932,0.07155598683450169,0.1669040205562511
2588,61441669,r,6,0.1770252721370691,0.08689692893977763,0.1969950526034333,0.19411155401977262,0.1770252721370691
2589,61443057,g,7,0.1695878334122538,0.17135318808763,0.27555254865553613,0.10921266429058218,0.1695878334122538
2590,61443057,i,7,0.4564699978285296,0.2647734925797558,0.4357033897174838,0.42947539025379056,0.4564699978285296
2591,61443057,r,10,0.680897063385802,0.0809727785828418,0.1896154679824268,0.6672319396842326,0.680897063385802
2592,61443057,u,6,0.14653600538898326,0.08432981212742408,0.13697527685398692,0.05581709241383712,0.14653600538898326
2593,61500429,g,3,0.7453313194587594,0.10014575310491858,0.21123851345091493,1.1324492744462595,0.7453313194587594
2594,61500429,r,7,1.24683730819185,0.17063529645231057,0.23334207371992388,2.9268591229507024,1.24683730819185
2595,61500429,u,3,0.6481109421943314,0.33538714610443154,0.40017064085740706,0.7105337240066222,0.6481109421943314
2596,61558818,g,5,0.41939366410490564,0.027686858380296053,0.046390280344180024,0.2604024121381336,0.41939366410490564
2597,61558818,i,3,0.2722943147438561,0.029386186152998928,0.038969934075576584,0.18068474400757253,0.2722943147438561
2598,61558818,r,5,0.5488643094433863,0.3301765458387764,0.6445822258353056,0.578925773324405,0.5488643094433863
2599,61625321,g,5,-0.41655592166656197,0.054148433760216275,0.446630454154032,0.217585433325071,-0.41655592166656197
2600,61625321,i,7,0.12565594591178675,0.05253991940489078,0.10718403816575361,0.05522497243079265,0.12565594591178675
2601,61625321,r,13,0.07802096809807724,0.09932820944303122,0.1752282446949609,0.13802818354287588,0.07802096809807724
2602,61631084,g,3,0.6948357038502948,0.05547255872875256,0.3199015826003039,0.5105291310481884,0.6948357038502948
2603,61631084,i,8,1.2472931685798947,0.43818100689090855,0.7662948884246873,2.37586443323337,1.2472931685798947
2604,61631084,r,8,1.1381858561139366,0.11037686127428481,0.32172382063121874,1.6997363854086025,1.1381858561139366
2605,61631084,u,4,0.45692440123030864,0.08825804280797334,0.15144494993919072,0.2367604286701286,0.45692440123030864
2606,6165130,g,3,0.16290164807240082,0.030218409420537995,0.2677630694885609,0.32182162634147204,0.16290164807240082
2607,6165130,i,3,0.44421431512093557,0.017739946247076865,0.17169594199398486,0.8939980699435853,0.44421431512093557
2608,6165130,r,7,0.4698412308784403,0.1516600029647197,0.2634890617161234,0.8219894373050153,0.4698412308784403
2609,6165130,u,2,0.6188860139210294,0.2611903019744374,0.2611903019744373,0.683098924027462,0.6188860139210294
2610,61694773,g,3,0.18251633968436765,0.15956211916966745,0.2777627257906714,0.16739190345284802,0.18251633968436765
2611,61694773,i,3,0.6909980865442324,0.016931282000938186,0.07243557090835273,1.2422367272271602,0.6909980865442324
2612,61694773,r,6,0.5720925900217211,0.06379924907943901,0.11957658819886541,0.9591760306707355,0.5720925900217211
2613,61746281,g,4,0.187122672333636,0.0856317083098126,0.1363952293868506,0.09587338078791216,0.187122672333636
2614,61746281,i,5,0.7038571978087342,0.24433104903946234,0.28924753073297893,1.3095927394591662,0.7038571978087342
2615,61746281,r,11,0.363699352882519,0.06961219287298093,0.41464330673168115,0.4912996321865496,0.363699352882519
2616,61746281,u,4,-0.28285664261952814,0.01610710237756874,0.05298208609836619,0.14298940954143838,-0.28285664261952814
2617,62203769,g,3,0.48145841217789176,0.0949198949779495,0.18716083488492763,0.3080164241312236,0.48145841217789176
2618,62203769,i,2,0.7299858267962371,0.07675013235789696,0.07675013235789696,1.3930064413272802,0.7299858267962371
2619,62203769,r,5,0.5069549921979168,0.17496897852811744,0.3740479222016755,0.8427255266617429,0.5069549921979168
2620,62203769,u,3,0.22244704690632777,0.20255753784573982,0.28658222072012784,0.17530452168202795,0.22244704690632777
2621,62224656,g,4,1.5402232963911935,0.16923413990182212,0.3928411562749634,3.2266013904244253,1.5402232963911935
2622,62224656,i,3,0.9213691784532465,0.11099963303810889,0.17927671525991584,2.4755810837295127,0.9213691784532465
2623,62224656,r,4,0.9222690989217043,0.13865801369556918,0.2853343454004795,2.08249707937881,0.9222690989217043
2624,62224656,u,2,1.2273425468796368,0.10985362305905733,0.10985362305905721,1.9590387401411262,1.2273425468796368
2625,62464356,g,4,0.5309250483345197,0.29580773860117676,0.5658233034134538,0.7473245466896784,0.5309250483345197
2626,62464356,i,3,0.7715958277919288,0.009811074373636153,0.12228779427769165,2.3182998903263465,0.7715958277919288
2627,62464356,r,4,0.5987714374063196,0.05119927834933696,0.09803789771508498,1.1755759557867924,0.5987714374063196
2628,62547712,g,3,0.15491626386094448,0.2526824002174761,0.4199374603055458,0.3269740987930863,0.15491626386094448
2629,62547712,r,11,0.6931130310690128,0.3325396280382459,0.7173003098276163,1.4744600894776085,0.6931130310690128
2630,62547712,u,3,-0.306387956572185,0.018556164319010415,0.03471975514543468,0.22275153999703082,-0.306387956572185
2631,62576035,i,6,0.9506384566486469,0.24013938926245293,0.5076802928593741,2.1841122535907505,0.9506384566486469
2632,62576035,r,6,1.0230234044049316,0.23066693205638478,0.4123879862978286,2.191357660651804,1.0230234044049316
2633,62576035,u,4,0.9828156407210306,0.14781081408411256,0.2693812400397908,1.1460851617097463,0.9828156407210306
2634,62596146,g,4,-0.9489107768956171,0.02042700518314322,0.08078492979132013,1.8059373505917655,-0.9489107768956171
2635,62596146,i,2,-0.38404626846068657,0.1914933726505209,0.1914933726505209,0.5419308754440677,-0.38404626846068657
2636,62596146,r,8,-0.46603585793844227,0.09567831935579219,0.19244887391756488,0.48742202104359694,-0.46603585793844227
2637,62596146,u,2,-1.0929794213784172,0.1512466681249699,0.15124666812496979,1.96778876216415,-1.0929794213784172
2638,62715741,i,4,1.1325060301921852,0.022752376483789694,0.03689312037461834,3.5104859880715398,1.1325060301921852
2639,62715741,r,6,0.9930253757964277,0.025176373903199933,0.04722277868906666,2.723654258633074,0.9930253757964277
2640,6272021,g,8,-0.9796197851418252,0.040680292800120865,0.08074424879028674,1.3660672061397832,-0.9796197851418252
2641,6272021,i,5,-0.48336345837994954,0.06369570126189616,0.12233626737680359,0.8044010679726856,-0.48336345837994954
2642,6272021,r,10,-0.768781825227918,0.10617846532054465,0.193102765741205,1.1166271645487702,-0.768781825227918
2643,6272021,u,3,-1.2662738642481526,0.10187808120655983,0.2298244966869365,2.0434156809771165,-1.2662738642481526
2644,62956161,g,7,0.5389326578001497,0.17811960520827053,0.29826925713663066,0.35389775990383476,0.5389326578001497
2645,62956161,i,4,0.6867081517076066,0.09989514879734518,0.20304318342147964,0.9527878408825436,0.6867081517076066
2646,62956161,r,5,0.6665992950743873,0.2212173834245943,0.7754904203391078,1.4083339926559637,0.6665992950743873
2647,62956161,u,4,0.22519211560043484,0.10235621697615094,0.2116057003908458,0.08876281003483215,0.22519211560043484
2648,63031692,g,7,-1.494330565229364,0.41178150940793845,0.9531963418990732,3.7679691528512365,-1.494330565229364
2649,63031692,i,9,-0.9882342434806952,0.4014462394867875,0.627745141024904,1.9209132110294627,-0.9882342434806952
2650,63031692,r,10,-1.059400518565731,0.38532085771850844,0.7245472426891657,1.9503949188905032,-1.059400518565731
2651,63031692,u,5,-1.181981549966852,0.12288703928586542,0.2232512834309235,2.727477078250868,-1.181981549966852
2652,63062095,g,8,-0.9587774350111491,0.026025949945427618,0.049934794981748465,1.3308301417810746,-0.9587774350111491
2653,63062095,i,8,-0.3079060361101189,0.08512184408071477,0.1463700990712543,0.18463359527239712,-0.3079060361101189
2654,63062095,r,11,-0.6555246880832621,0.05920826065111817,0.17087987874279675,0.6605838646753305,-0.6555246880832621
2655,63062095,u,5,-1.1459672952865627,0.008479657235172633,0.0745330357463776,1.985762786290137,-1.1459672952865627
2656,63096605,g,5,-0.28324889718781576,0.008015946012895236,0.1162682513759008,0.12294956633941734,-0.28324889718781576
2657,63096605,r,6,0.44373416370322905,0.17150685390462406,0.2676060035005676,0.4178785320276936,0.44373416370322905
2658,63096605,u,2,0.6181591859590414,0.10150772712558132,0.10150772712558132,0.5012185373681812,0.6181591859590414
2659,63109871,g,3,0.23768104217817987,0.08713721074134373,0.7162440165588939,1.1198860669462392,0.23768104217817987
2660,63109871,i,9,0.8478069944063986,0.1919684979003573,0.3770559004142964,1.8596197223272708,0.8478069944063986
2661,63109871,r,9,0.7271676099040185,0.1130471120422274,0.2180854241888377,1.2828175737093297,0.7271676099040185
2662,63110937,g,9,0.2799544854926417,0.06276365883586354,0.14695443475926262,0.4457053812281829,0.2799544854926417
2663,63110937,r,4,0.5649045537746219,0.03729804032561934,0.07521204960877803,0.8311703923195684,0.5649045537746219
2664,63110937,u,8,0.3271453283617244,0.1526681027833946,0.3267840332434614,0.29005601259178293,0.3271453283617244
2665,63123274,g,6,-1.1489856880979163,0.03375438396334085,0.12200872997480094,1.8083837766058253,-1.1489856880979163
2666,63123274,i,10,-0.30047545433114375,0.03247461627785686,0.07448705509230924,0.20019388251748174,-0.30047545433114375
2667,63123274,r,10,-0.6600572822384972,0.07015170142898419,0.13328015190462017,0.6665142876230997,-0.6600572822384972
2668,63123274,u,3,-1.5954269107223702,0.023549585669374817,0.02367234723541589,2.944475833654586,-1.5954269107223702
2669,63159827,i,4,0.48329112560715093,0.10588992470798353,0.2011624949088705,0.6758903607516782,0.48329112560715093
2670,63159827,r,10,0.5251497863015364,0.07277275240060088,0.1272151295714002,0.6979689240219837,0.5251497863015364
2671,63159827,u,5,0.30208151111559145,0.07877171173390463,0.14366467727056764,0.2014071191017718,0.30208151111559145
2672,63240352,g,3,1.1634993139673542,0.020455255373915016,0.059026742289014944,3.1843708932040857,1.1634993139673542
2673,63240352,i,2,1.7553451988527629,0.003017230984330155,0.003017230984330155,7.253438481746668,1.7553451988527629
2674,63240352,r,3,1.6542715350212163,0.12970678328054186,0.17299857064788537,6.584717030918495,1.6542715350212163
2675,63240352,u,5,1.2243142287316213,0.1305843529527977,0.2880658032720429,2.700732226636238,1.2243142287316213
2676,6325603,g,5,1.7270361559231366,0.2699663686054161,0.7315647237592662,2.276338208832688,1.7270361559231366
2677,6325603,i,4,0.9017270668338436,0.13216560086493823,0.2465000423382837,1.6440985129631995,0.9017270668338436
2678,6325603,r,6,1.7277560761040665,0.24207484783976774,0.40813493980966564,3.641797944004813,1.7277560761040665
2679,63438763,g,2,0.3739686010875385,0.10219135022202641,0.10219135022202641,0.2324268431490235,0.3739686010875385
2680,63438763,i,3,0.23734750432466023,0.0019704870198768987,0.1474127615060964,0.384174247513505,0.23734750432466023
2681,63438763,r,5,0.43700359441218284,0.21296572074599973,0.5436582469971432,0.6660238331234822,0.43700359441218284
2682,63438763,u,2,0.1568717258014346,0.013698551901529687,0.013698551901529687,0.036277978480499906,0.1568717258014346
2683,63543735,g,4,-0.4445665702745488,0.06313415427409486,0.10606346695584873,0.2799369415890173,-0.4445665702745488
2684,63543735,i,8,0.06813483249662267,0.06000300264546643,0.1202137901828052,0.059492387618432924,0.06813483249662267
2685,63543735,r,12,-0.02962493294383428,0.10356555257264821,0.1644746404679518,0.044495490933966673,-0.02962493294383428
2686,63543735,u,3,-0.9540480227256534,0.07661272043316347,0.2669373824974861,0.9961213107049273,-0.9540480227256534
2687,63736858,g,6,-0.8659730825115005,0.02528086272270713,0.03930817705439038,1.306216267604452,-0.8659730825115005
2688,63736858,i,9,-0.26919179685166683,0.08344644977289417,0.12110738062468207,0.18861708203397665,-0.26919179685166683
2689,63736858,r,13,-0.46662601402746495,0.05687722586856925,0.14022262675802244,0.3461812178240287,-0.46662601402746495
2690,63736858,u,6,-0.9870968372900475,0.03703846239962516,0.05726485597758357,1.4186676819436925,-0.9870968372900475
2691,63857295,g,3,0.9042093522264993,0.01281033317646263,0.10471391978521849,1.325605417423507,0.9042093522264993
2692,63857295,i,5,0.8131446162454736,0.1119740791962518,0.1697371163956478,2.2859953536138287,0.8131446162454736
2693,63857295,r,9,0.920718891925413,0.23388115417837851,0.43915031606951294,2.0717948847806777,0.920718891925413
2694,63929778,g,5,0.8726220835250498,0.06536111629177022,0.12958219464093768,1.0601310206470536,0.8726220835250498
2695,63929778,r,5,1.2150899122338128,0.03117886717459384,0.052601289727316036,2.6055441068995173,1.2150899122338128
2696,63969397,g,2,-0.9169212732039234,0.014503915656497002,0.014503915656497002,1.0820165673232147,-0.9169212732039234
2697,63969397,i,9,-0.29728243104588903,0.055664329941404134,0.08234936176526819,0.18751954852527672,-0.29728243104588903
2698,63969397,r,9,-0.5110663372097384,0.037983383128731285,0.06310069633375681,0.41902702527630165,-0.5110663372097384
2699,63969397,u,2,-1.0533087447200116,0.0941262321850389,0.0941262321850389,1.6954901686486812,-1.0533087447200116
2700,64110927,g,3,0.15270758979573418,0.14014367392900362,0.2470140278684788,0.09543454042293274,0.15270758979573418
2701,64110927,i,4,0.5635099094490795,0.12772532957019866,0.34848744686620714,1.253553446992294,0.5635099094490795
2702,64110927,r,8,0.38487007738576595,0.06655746981426014,0.12590416625748202,0.5514445954942161,0.38487007738576595
2703,64110927,u,4,-0.4175253218040254,0.014587084555070962,0.16074207334172974,0.3015236612946504,-0.4175253218040254
2704,6428442,g,4,0.3041789275289273,0.05304768087030387,0.11743983971865524,0.25350381695634305,0.3041789275289273
2705,6428442,r,9,0.8192513725916319,0.08530135006885309,0.1669247946118788,1.3642503147286018,0.8192513725916319
2706,6428442,u,3,0.09491703298099097,0.052501525800275894,0.1087797767248212,0.042142045260482756,0.09491703298099097
2707,64317339,g,6,1.9140110645277293,0.6347759923152199,1.1581132646911632,6.89262880078462,1.9140110645277293
2708,64317339,i,4,2.3851724681386557,0.08118373446243465,0.20239723909615392,10.682963083062267,2.3851724681386557
2709,64317339,r,8,2.3013606987888187,0.22535269896949095,0.35666294288941014,9.46088054184131,2.3013606987888187
2710,64390539,g,5,-0.6416514420435693,0.03658189438243742,0.03743984977337078,0.6747207703460896,-0.6416514420435693
2711,64390539,i,2,-0.13593796492723254,0.2155770225468321,0.2155770225468321,0.19239030960982267,-0.13593796492723254
2712,64390539,r,5,-0.21739136149936933,0.009218939803971149,0.014850841261181413,0.09571883275889759,-0.21739136149936933
2713,64390539,u,2,-0.7408914035047859,0.09591899456623232,0.09591899456623243,0.887298272461976,-0.7408914035047859
2714,64534282,g,6,-0.6138150959297121,0.060096771059479526,0.11291561912141246,0.7583563084605963,-0.6138150959297121
2715,64534282,r,8,-0.3356474492763425,0.05652055052669058,0.07600263406532226,0.23963174206440116,-0.3356474492763425
2716,64534282,u,3,-0.40081814873610555,0.004499065254497836,0.055798597040506714,0.3677735288742859,-0.40081814873610555
2717,64646678,g,4,-0.3424370976216885,0.10893851018531064,0.2496863207601145,0.13866394743705315,-0.3424370976216885
2718,64646678,i,4,-0.1183184259404324,0.0639162184789186,0.15268662183460802,0.09155248639664378,-0.1183184259404324
2719,64646678,r,5,-0.1473624099023194,0.08022300425507245,0.08084804452494643,0.05559422425456324,-0.1473624099023194
2720,64697614,g,3,-0.04210520891894309,0.040077861815773774,0.18938761169503537,0.056564697806248516,-0.04210520891894309
2721,64697614,i,9,1.018531521719596,0.21167527467261027,0.33328137365565613,1.8251452189748865,1.018531521719596
2722,64697614,r,13,0.8394135980125146,0.46626942574069363,0.9021434663880046,1.424982021303906,0.8394135980125146
2723,64697614,u,4,-0.015945302892552804,0.18260006746921065,0.27837609802069907,0.1588474686318191,-0.015945302892552804
2724,64751316,g,4,-0.2432199401055678,0.01411123604724851,0.1723286867595984,0.1603569970398849,-0.2432199401055678
2725,64751316,i,4,0.6083883733509833,0.2351288308324364,0.39107377912407976,0.8126707187344411,0.6083883733509833
2726,64751316,r,4,0.4786222974988329,0.2674290960581095,0.47794948896491923,0.4371625634884343,0.4786222974988329
2727,64751316,u,3,-0.5469591079802829,0.0008023065022764175,0.021592635625673373,0.5997635185604792,-0.5469591079802829
2728,64780624,g,3,0.17744400706346775,0.05354101065824324,0.07060263219103746,0.06472182082569018,0.17744400706346775
2729,64780624,i,8,0.6094034749726549,0.11234808167333965,0.2340105954978305,0.7112980473746982,0.6094034749726549
2730,64780624,r,7,0.5807481625455744,0.03098828040385282,0.05287252964961331,0.5908882401561762,0.5807481625455744
2731,64791025,g,6,0.315159239790583,0.06709196421816921,0.12439649295626881,0.48424512351459575,0.315159239790583
2732,64791025,r,4,0.5876086191602129,0.020227368070552254,0.3967568207245238,1.7373340460232092,0.5876086191602129
2733,64791025,u,3,0.861575094532032,0.0019075908441001932,0.0031437203214533804,1.3165753608809971,0.861575094532032
2734,6484200,g,4,0.26685117793601876,0.028938505998130082,0.055732383853844825,0.1183734566889392,0.26685117793601876
2735,6484200,i,6,0.40280681313054967,0.1364355441272097,0.3083320766807386,0.6078491995134706,0.40280681313054967
2736,6484200,r,6,0.5567893758580603,0.1888775596466996,0.2965957729409084,0.6325835634441805,0.5567893758580603
2737,6484200,u,2,0.21736904200285623,0.07603598851023041,0.07603598851023041,0.08389545293455836,0.21736904200285623
2738,64887319,g,4,0.5202181723763075,0.42347142427540696,0.6776902857885219,0.48439148012299776,0.5202181723763075
2739,64887319,i,4,0.24060414419060872,0.014694633564211856,0.052513272625537954,0.07716026469994837,0.24060414419060872
2740,64887319,r,8,0.2559486617817066,0.16766924617966705,0.3919828569200023,0.30988647304937006,0.2559486617817066
2741,6493816,g,3,0.7499932920232328,8.910141595319665e-05,0.028686891916431256,1.1214610731253911,0.7499932920232328
2742,6493816,r,5,1.3864896097954238,0.12594710687513544,0.18307568569478194,4.127112735696628,1.3864896097954238
2743,6493816,u,2,1.1175215347041445,0.031286999432827645,0.031286999432827534,2.2287559845314027,1.1175215347041445
2744,64971898,g,5,1.3664587627500133,0.5584695382805929,0.9564564128788273,2.4491932259254225,1.3664587627500133
2745,64971898,i,8,1.4964736139680186,0.12221789298999974,0.4403645868762853,4.48304322810519,1.4964736139680186
2746,64971898,r,13,1.2530152966344918,0.21633227884644168,0.5848844107117603,3.711651998468151,1.2530152966344918
2747,64971898,u,3,0.5021250703535378,0.11945758706107745,0.520327744864603,1.1115659491974534,0.5021250703535378
2748,65113593,g,4,-0.302033433429719,0.025405943314181667,0.11634865778028747,0.17051603039947977,-0.302033433429719
2749,65113593,r,7,0.21839713509321923,0.2297028159551857,0.3490317338272909,0.1411097139901489,0.21839713509321923
2750,65113593,u,3,-0.10580866568211733,0.25932482762177433,0.32596795872812245,0.11153711517260971,-0.10580866568211733
2751,65184001,g,3,-0.4289084036422154,0.008939685073287795,0.652532018820204,0.5482774350343275,-0.4289084036422154
2752,65184001,i,2,0.15915575594203318,0.16303587568749695,0.16303587568749695,0.13897578166520574,0.15915575594203318
2753,65184001,r,8,0.057863541728214396,0.13703921501671407,0.347316756766857,0.17491611381171865,0.057863541728214396
2754,65184001,u,4,-0.5866077021341265,0.04096824946670169,0.07607141034238418,0.5761391269048735,-0.5866077021341265
2755,6518735,g,4,0.8966078198770666,0.1307839261781758,0.17276963038342041,1.271274356486337,0.8966078198770666
2756,6518735,i,5,0.9301148226917397,0.18031125483522592,0.18451160503967112,1.942785152181721,0.9301148226917397
2757,6518735,r,11,1.0620976800704771,0.1386207635726322,0.2746113804212008,2.0376574831268353,1.0620976800704771
2758,65204547,g,5,2.3804792077713937,0.01845900483494889,0.022805893780663666,9.356289588349071,2.3804792077713937
2759,65204547,r,5,2.7947114528126678,0.04603824727481509,0.05861509389368269,12.807668790210945,2.7947114528126678
2760,65259179,g,3,-0.7833873636666713,0.0026566736834563454,0.008793578471156693,1.0204935666701498,-0.7833873636666713
2761,65259179,i,4,-0.49267478859771396,0.1041679759452544,0.19252676214780445,0.49916495285264395,-0.49267478859771396
2762,65259179,r,5,-0.60895443291976,0.0350483825479353,0.03814781805072398,0.7557422923561856,-0.60895443291976
2763,65259179,u,2,-0.4809395697564953,0.0077009487627499595,0.0077009487627499595,0.4017636944722672,-0.4809395697564953
2764,65321419,g,3,0.05717448983101825,0.0658704772099512,0.07317344389115077,0.018379378680408842,0.05717448983101825
2765,65321419,r,5,0.4936792144191642,0.1167006262285174,0.23640309236419754,0.9137829067588257,0.4936792144191642
2766,65321419,u,3,0.057318983358209064,0.020844837348692913,0.03299998770677948,0.010289441920160429,0.057318983358209064
2767,65402417,g,5,0.6354676833960489,0.10981380578028221,0.431110263104052,0.5313538083765401,0.6354676833960489
2768,65402417,r,6,1.183865877369596,0.08948461096302562,0.13627332133813774,2.2425103883456616,1.183865877369596
2769,65402417,u,3,0.5965575097825246,0.2427231955212925,0.3892870755125112,0.5578008893661287,0.5965575097825246
2770,65483235,i,3,0.8563866926106798,0.46054644885202456,0.4861030727130512,1.6713643465438397,0.8563866926106798
2771,65483235,r,6,0.8030262080706353,0.12736253359506,0.47184380914886603,0.9617679735959824,0.8030262080706353
2772,65483235,u,2,-0.20667139450508093,0.27724883318360144,0.2772488331836015,0.2576948732800584,-0.20667139450508093
2773,65590121,g,4,-0.3132213287213531,0.016457228887349684,0.030302047753390626,0.2511561348836451,-0.3132213287213531
2774,65590121,r,6,-0.10324595089376509,0.12880880437923792,0.2061647345575852,0.08500205837968554,-0.10324595089376509
2775,65590121,u,2,-0.3667313850806887,0.01782671639740252,0.01782671639740252,0.28251445320496044,-0.3667313850806887
2776,65607213,g,2,0.3252018473962013,0.3031942569719923,0.3031942569719923,0.22166064192072876,0.3252018473962013
2777,65607213,r,4,0.596469828930572,0.07595959095912097,0.11421781922439889,0.5614054960481544,0.596469828930572
2778,65607213,u,4,-0.0759507485247547,0.0734909766862537,0.23314883940453635,0.06160750299316899,-0.0759507485247547
2779,65841774,g,5,0.6136751329070338,0.08107016807881084,0.16595540998338443,0.7550547096858444,0.6136751329070338
2780,65841774,i,6,0.685549068723127,0.09368789941643907,0.36460512663454714,1.7746573761901878,0.685549068723127
2781,65841774,r,12,0.5954501171451247,0.2114459109349408,0.6428649588840505,1.3341026949247947,0.5954501171451247
2782,65841774,u,2,0.7781101494419216,0.009278238437144593,0.009278238437144593,0.6366488279216675,0.7781101494419216
2783,65992203,g,5,-0.02430791532313825,0.14952012708697637,0.2496052942829352,0.0649065924508012,-0.02430791532313825
2784,65992203,i,3,0.5107288130904148,0.37422080070730424,0.3949057209491641,0.747408863716656,0.5107288130904148
2785,65992203,r,5,0.22957195819103937,0.0849190363707455,0.0908803027690368,0.2183434459202887,0.22957195819103937
2786,6609844,g,9,0.6147469893441118,0.08407214502306615,0.34749373700026287,1.3503137239934022,0.6147469893441118
2787,6609844,i,2,0.9265212350321267,0.15690870988708905,0.15690870988708894,2.2706943399539083,0.9265212350321267
2788,6609844,r,9,0.8427121279230165,0.11661007420805469,0.47498566940267506,2.4723223922611064,0.8427121279230165
2789,6609844,u,5,1.1472060750808148,0.1833234229825198,0.3291161591694891,2.2254377050026983,1.1472060750808148
2790,66119718,g,6,0.9249352044352531,0.677937977032152,1.0578407639424126,1.535691120214673,0.9249352044352531
2791,66119718,i,6,1.9165714378839778,0.4216589141435929,0.9394306025249408,5.018007403929132,1.9165714378839778
2792,66119718,r,10,1.3350336317278422,0.7103002014102776,1.2520171701339247,3.6824759973543335,1.3350336317278422
2793,66119718,u,7,0.49077430027948443,0.472284273583397,0.8774096392320367,0.646976031872281,0.49077430027948443
2794,66122431,g,6,-0.07244998001764236,0.15012501208287599,0.2386478292556285,0.07524377443846621,-0.07244998001764236
2795,66122431,i,3,-0.19503156305915514,0.0023338666315041445,0.008442627931044944,0.10312762581987062,-0.19503156305915514
2796,66122431,r,11,-0.055012309013988236,0.051258192450775786,0.13235095892579407,0.05460729918003029,-0.055012309013988236
2797,66122431,u,2,0.26036570611661425,0.006712920315654181,0.006712920315654181,0.09088906488282117,0.26036570611661425
2798,6617984,g,5,0.20487428514089978,0.06807876904133559,0.11394820083990753,0.17402489656839654,0.20487428514089978
2799,6617984,i,6,0.24773587760465288,0.07431349463657821,0.11588259542963414,0.11326932160571257,0.24773587760465288
2800,6617984,r,9,0.30498351198993134,0.2065318079913543,0.35571716608002,0.23269297695280766,0.30498351198993134
2801,6617984,u,2,0.12464775301237063,0.003449216415293055,0.003449216415293055,0.017204292642750384,0.12464775301237063
2802,66222871,g,7,-0.25795956916723783,0.1693149759359598,0.5286294778558304,0.22634321391733211,-0.25795956916723783
2803,66222871,i,9,0.13619278932898382,0.13414088155607073,0.2226579633756316,0.10229986470171985,0.13619278932898382
2804,66222871,r,12,-0.029821332976007642,0.09919735674360652,0.23639848401192215,0.08137593970270467,-0.029821332976007642
2805,66222871,u,3,-0.4671088545234383,0.045579593886697856,0.08290726097218992,0.25939883639245925,-0.4671088545234383
2806,66282295,g,3,0.6583485828628539,0.006186763027617115,0.05690457396335025,0.940005319547437,0.6583485828628539
2807,66282295,i,5,2.1875786062942923,0.2315032217856543,0.3769132284610852,8.216278063736437,2.1875786062942923
2808,66282295,r,8,2.0740970390285787,0.2743754315231215,0.9505310368798336,6.073812319559358,2.0740970390285787
2809,66282295,u,6,0.6605884899785197,0.5039733013333564,0.9499081734238919,1.297178684427765,0.6605884899785197
2810,66308151,g,7,0.21629511015561187,0.07805429125398744,0.39409549973603286,0.35111800686923683,0.21629511015561187
2811,66308151,i,6,0.7049073506553575,0.27546606573789245,0.5807475929972774,1.6476621039169785,0.7049073506553575
2812,66308151,r,12,0.7041874252289224,0.11684784361148748,0.19567941271754863,1.0898351172805614,0.7041874252289224
2813,66308151,u,2,0.18831772302865735,0.11770607050967385,0.11770607050967385,0.08106433201842958,0.18831772302865735
2814,66314905,g,5,1.6438048391595141,0.5586502977312828,0.6883236816527094,3.2201307849171443,1.6438048391595141
2815,66314905,i,7,1.8521984284077668,0.43191533494596746,0.5787711158879218,5.938130994096187,1.8521984284077668
2816,66314905,r,6,1.8172625200656154,0.4186775037292173,0.713050619385279,5.4387093784349885,1.8172625200656154
2817,66314905,u,3,0.8125075761784735,0.0775153032521756,0.37880494249760976,1.6036049062684927,0.8125075761784735
2818,6632104,g,5,0.007600069808982646,0.048633778177335385,0.15422353403668665,0.11011377718467401,0.007600069808982646
2819,6632104,i,4,0.5788287311004515,0.024440067111394792,0.05229107200487604,0.7778038201120514,0.5788287311004515
2820,6632104,r,9,0.2806464001408433,0.021995386081916424,0.1360570733460147,0.44979201208474123,0.2806464001408433
2821,6632104,u,2,0.147125603591028,0.19120074726074576,0.19120074726074576,0.07976685695782061,0.147125603591028
2822,66602109,g,7,-1.2266774275254329,0.004339825533821617,0.008545294368202727,1.7880334857682547,-1.2266774275254329
2823,66602109,i,7,-0.5945325271951538,0.08028679904009484,0.15506912094947478,0.6282580414895869,-0.5945325271951538
2824,66602109,r,20,-0.765625513885053,0.06312950359647729,0.15252583456512148,0.8984281255729336,-0.765625513885053
2825,66602109,u,5,-1.5489021879022271,0.023726745123383797,0.03968591819598499,2.313923186355509,-1.5489021879022271
2826,66754588,i,11,-0.3486852309116899,0.06067365642208267,0.10375822054121353,0.281474928597105,-0.3486852309116899
2827,66754588,r,3,-0.51509922977424,0.007281154179885396,0.015999718010097475,0.5152929030010612,-0.51509922977424
2828,66802384,g,5,-0.8845105073078972,0.05890952872636834,0.33759497921047066,0.7288320238169919,-0.8845105073078972
2829,66802384,r,8,-0.1738290840462836,0.10353679663348059,0.18775966792055643,0.0875961649702181,-0.1738290840462836
2830,66804716,i,8,0.25847564501819376,0.10959309765126463,0.16661147959140224,0.18379538255510272,0.25847564501819376
2831,66804716,r,9,0.25899397950009595,0.10738869912609883,0.3286640481055091,0.0995558663114759,0.25899397950009595
2832,66804716,u,5,0.005937984959833109,0.04936985079043876,0.23138571041493683,0.03823357742251204,0.005937984959833109
2833,66838561,g,2,0.13358593417520215,0.051600671119979014,0.051600671119979014,0.050668783334181317,0.13358593417520215
2834,66838561,i,2,0.8009186711363063,0.25597789082095534,0.25597789082095534,1.665951520925768,0.8009186711363063
2835,66838561,r,4,0.38350986536314374,0.05906151766653406,0.3045700860886109,0.8857882348028128,0.38350986536314374
2836,66838561,u,3,0.09818126752004808,0.03708365609357067,0.051997285199333665,0.0191601353919106,0.09818126752004808
2837,66879575,g,8,1.6369908704380842,0.7830968604138335,1.425086272039951,3.85458403123003,1.6369908704380842
2838,66879575,i,7,1.5308400449454458,0.1337205992476591,0.25892458414585073,5.01716818118019,1.5308400449454458
2839,66879575,r,14,1.260950350424081,0.14003518039956686,0.9750171395668719,4.638822514777522,1.260950350424081
2840,66879575,u,4,0.7096936105113157,0.11174970599329803,0.17467697609431476,0.8479614117368064,0.7096936105113157
2841,66894323,g,5,-0.18240046219817518,0.00884962798495037,0.014881592098842766,0.05686724960898824,-0.18240046219817518
2842,66894323,i,4,0.04703424398740064,0.06290452886184783,0.12040932926908199,0.014773858973637479,0.04703424398740064
2843,66894323,r,7,-0.011044958015647532,0.19802032626550525,0.4239852917349071,0.10506358152938226,-0.011044958015647532
2844,66894323,u,2,-0.20967093327421538,0.09136463553020324,0.09136463553020324,0.06887409104047125,-0.20967093327421538
2845,66923728,g,7,0.09467362693772374,0.21739776902617391,0.42307460760225724,0.14737939849158396,0.09467362693772374
2846,66923728,i,14,0.55143702026537,0.33173304017401717,0.6290707731357873,0.7012991021967098,0.55143702026537
2847,66923728,r,18,0.5425134579810231,0.3537641341698229,0.5138829130465413,0.7807829571445364,0.5425134579810231
2848,66923728,u,4,0.42367097411704946,0.19456801370461652,0.36920435138766944,0.27788446435689207,0.42367097411704946
2849,66978077,g,9,1.019049650549852,0.19156654765906334,0.31145305859702344,1.263852037142314,1.019049650549852
2850,66978077,i,13,1.0865749396311062,0.3617528221553059,0.6434584765053166,1.632774446455292,1.0865749396311062
2851,66978077,r,17,1.2685249186592307,0.3748356882872228,0.6136590645320072,1.82765555731282,1.2685249186592307
2852,66978077,u,3,0.15874756855402206,0.007118062870568487,0.13533504865416113,0.025332145788160454,0.15874756855402206
2853,67100032,g,4,2.6641398299799812,0.15182945393912473,0.33835133793445804,6.981880194312659,2.6641398299799812
2854,67100032,i,4,1.8836236035913811,0.570950450499567,1.1181002272985094,4.8039861124212235,1.8836236035913811
2855,67100032,r,6,2.3863035433514863,0.7124576038879962,1.569728947341034,6.139548977445254,2.3863035433514863
2856,67100032,u,2,1.380352422268231,0.7941218374675378,0.794121837467538,2.6374391813292295,1.380352422268231
2857,67221248,g,5,-0.48599750959834864,0.033838938531068896,0.36065816834982733,0.2141218647039831,-0.48599750959834864
2858,67221248,r,3,0.0654900531404321,0.06598141134574131,0.14164479802066698,0.019680129883900083,0.0654900531404321
2859,67221248,u,2,-0.37929798776516455,0.0626363724854424,0.0626363724854424,0.16868072806833562,-0.37929798776516455
2860,67223807,g,2,0.5635221693232673,0.029856872308690052,0.029856872308690052,0.49006455635895374,0.5635221693232673
2861,67223807,i,5,1.3092058965606106,0.5006496500900162,0.6614850843807443,3.049177259593121,1.3092058965606106
2862,67223807,r,5,1.0070234018841966,0.006597697723359275,0.4703955556105388,1.3820743693976616,1.0070234018841966
2863,67223807,u,3,0.052573124081560785,0.08601520885115388,0.11145015915989032,0.013847097431906758,0.052573124081560785
2864,67234249,g,5,-0.3789902181763529,0.05090315920067323,0.08517620435887552,0.2997504677743684,-0.3789902181763529
2865,67234249,r,4,-0.06237135424715856,0.045721376236028566,0.07183286157834218,0.01417853420135836,-0.06237135424715856
2866,67234249,u,3,-0.44542237008632135,0.11373263653069876,0.14254212446390135,0.3523055795043088,-0.44542237008632135
2867,67237704,g,5,-0.4254154397906815,0.1062162285127044,0.3348235723528039,0.19771351554070543,-0.4254154397906815
2868,67237704,i,2,-0.2663519060403672,0.05658206054065906,0.05658206054065906,0.17577187627682236,-0.2663519060403672
2869,67237704,r,3,-0.06933994668143306,0.19005215892510918,0.24690648923461367,0.11839664421649992,-0.06933994668143306
2870,67237704,u,2,-0.3699291290215996,0.062194004752879284,0.062194004752879284,0.19090685606195013,-0.3699291290215996
2871,67246110,g,5,-0.05909264730554775,0.05878311455871965,0.32229255930571343,0.10122112944977839,-0.05909264730554775
2872,67246110,i,3,0.45403466956265426,0.05972282812733698,0.1643873555957298,0.9320442557836502,0.45403466956265426
2873,67246110,r,10,0.509982016689764,0.23710967262769433,0.4853434970496545,0.6211093569788634,0.509982016689764
2874,67246110,u,3,0.37292887798144125,0.041377795578832144,0.12852627690636775,0.17919463820719683,0.37292887798144125
2875,67343157,g,6,2.1263380522891455,0.3346126936955678,0.654752905471395,6.033517318480523,2.1263380522891455
2876,67343157,r,7,2.189704970015862,0.061931005844955145,0.222558913688629,8.6793085067995,2.189704970015862
2877,67343157,u,2,1.7939547686145647,0.1795206874073827,0.1795206874073827,3.7113841920054895,1.7939547686145647
2878,67423582,g,3,0.8854512115067696,0.20474299274565433,0.4607375675547748,1.0677254160874814,0.8854512115067696
2879,67423582,r,5,1.433599095089557,0.10740912876260866,0.3764861906621766,2.962743653125998,1.433599095089557
2880,67423582,u,2,0.23003461455802987,0.3050941759846528,0.3050941759846528,0.23055377143379932,0.23003461455802987
2881,67643917,g,8,0.9369918064641855,0.37593994433202116,0.8010293825817795,1.637940342984996,0.9369918064641855
2882,67643917,i,7,1.1507518602082674,0.25123549326931505,0.30248184786112176,3.478350595255155,1.1507518602082674
2883,67643917,r,11,1.244525859622414,0.2607501145092399,0.7351724789505238,3.9501132318683716,1.244525859622414
2884,67643917,u,4,0.3003885784211012,0.05498819182869463,0.22735478175373747,0.36762326868780837,0.3003885784211012
2885,67682142,g,6,1.405918490740599,0.14594178104821387,0.25231090609429696,3.110614861159366,1.405918490740599
2886,67682142,i,6,1.2459322478174149,0.06904275519744385,0.5808192944187427,4.749255634799382,1.2459322478174149
2887,67682142,r,8,1.7998476444849036,0.12107222054901379,0.18477180066273236,4.895925415958933,1.7998476444849036
2888,67682142,u,2,1.0536814939998538,0.024029853838377635,0.024029853838377857,1.2899118145955293,1.0536814939998538
2889,67740543,i,5,0.3996343044441848,0.09698211395100143,0.12137378449490122,0.511758934410566,0.3996343044441848
2890,67740543,r,5,0.27325287758196604,0.0808238138336772,0.08941313353186553,0.2577126921382538,0.27325287758196604
2891,67769185,g,4,-0.0830668643245368,0.049757978788572355,0.1430687006173723,0.036412136269606925,-0.0830668643245368
2892,67769185,r,3,0.27352811683758405,0.06945472527102581,0.10789256960543259,0.23163138339282205,0.27352811683758405
2893,67769185,u,5,-0.28718610510587395,0.13489504760903537,0.18396031224438691,0.15133337323235782,-0.28718610510587395
2894,68001428,g,7,-0.6704797218604288,0.13548828098477883,0.3289646925817242,0.5405709973489546,-0.6704797218604288
2895,68001428,r,6,-0.40358570087947176,0.06729264543664926,0.1684658600595627,0.40768438623018927,-0.40358570087947176
2896,68001428,u,3,-0.39707902684325447,0.1508440265246953,0.25576182942785586,0.2054605698905533,-0.39707902684325447
2897,68137910,g,6,-0.42742845941882723,0.05516115734395233,0.09060238907365054,0.34601234382398555,-0.42742845941882723
2898,68137910,i,5,-0.03151326502471674,0.10850620053415883,0.1621140209923,0.03495665720706001,-0.03151326502471674
2899,68137910,r,10,-0.1286529768496968,0.03728322117444405,0.07284275777446725,0.05435361418505279,-0.1286529768496968
2900,68137910,u,5,-0.3965785195359146,0.07062461540015152,0.13391045401843749,0.22847856954099485,-0.3965785195359146
2901,68418424,g,6,0.15241292300019715,0.12421354084231595,0.22670064260366557,0.07199966070657787,0.15241292300019715
2902,68418424,i,7,0.7183754196473944,0.11473994431154222,0.23059783901085928,0.9745534810410466,0.7183754196473944
2903,68418424,r,11,0.4931458561397368,0.043750011653692855,0.10163336984333482,0.5748341366129894,0.4931458561397368
2904,68434023,g,6,0.033950471594485054,0.1999691420967027,0.3789496782410885,0.21970228212561152,0.033950471594485054
2905,68434023,i,4,0.6347107280490637,0.1706639820033079,0.38845182282600377,1.079181830836998,0.6347107280490637
2906,68434023,r,8,0.7819743904922511,0.166856178577653,0.2984648987872932,1.0017541681339968,0.7819743904922511
2907,68434023,u,4,-0.15628684341334986,0.14066124958963078,0.24377984963741495,0.08659096910894157,-0.15628684341334986
2908,68831182,g,3,-0.0022173638400786455,0.1283872290350614,0.2324115166967773,0.044427676836492534,-0.0022173638400786455
2909,68831182,i,2,0.15759814835143748,0.21568500661249912,0.21568500661249912,0.14431934654152917,0.15759814835143748
2910,68831182,r,7,-0.013176926282881585,0.055180306152702085,0.15414597478920644,0.029507426480421598,-0.013176926282881585
2911,68877635,g,5,-0.1400564442430703,0.20262153222432633,0.258936162494807,0.08035988625331622,-0.1400564442430703
2912,68877635,r,5,0.21569083627886831,0.15624629131665935,0.22543489789248583,0.20299913389541016,0.21569083627886831
2913,68877635,u,5,-0.4859560738055366,0.10637215480853923,0.23233150307264716,0.30463267908188846,-0.4859560738055366
2914,68976679,g,8,1.7624957499252587,0.4632779684212275,0.8863209505563199,5.147716683235476,1.7624957499252587
2915,68976679,i,7,2.366896267254891,0.1766610101672117,0.3494894344468147,8.796233971827451,2.366896267254891
2916,68976679,r,12,1.9867372928636935,0.40417529437858346,0.7638757509796403,7.829928385814001,1.9867372928636935
2917,68976679,u,3,1.6425013301517635,0.12020633816033577,0.3837527801399203,3.638411476676815,1.6425013301517635
2918,68990853,g,6,-0.4422680068736433,0.036529586354952404,0.12201773818411704,0.2589791852024809,-0.4422680068736433
2919,68990853,i,4,-0.4201377947182975,0.014910270773591972,0.14736157472335243,0.3718205890932901,-0.4201377947182975
2920,68990853,r,7,-0.15712815239855193,0.13525600282287864,0.2592195693049607,0.09209601720902412,-0.15712815239855193
2921,69047058,g,3,-0.7254783574928567,0.009912698888125515,0.029876859298250014,0.9536189258697273,-0.7254783574928567
2922,69047058,r,6,-0.43369376853212493,0.05077779364135504,0.08339424005933677,0.40796080765757314,-0.43369376853212493
2923,69047058,u,2,-0.6094953151315831,0.0812136790210739,0.08121367902107379,0.754588450620559,-0.6094953151315831
2924,69207391,g,5,-0.2006649912861611,0.0909905238550548,0.45237696516858894,0.14240717064117053,-0.2006649912861611
2925,69207391,i,6,0.07174482667848092,0.1055088931614202,0.17074004484602923,0.07411195076025932,0.07174482667848092
2926,69207391,r,9,0.17130579352385888,0.17907537308655308,0.46132776450819635,0.34210396659309655,0.17130579352385888
2927,69393391,i,7,1.131298156113105,0.14345504689312372,0.4609391982627167,1.7574663315581085,1.131298156113105
2928,69393391,r,11,0.8296346849437011,0.39326544739519886,0.581695481801376,1.0340590189704757,0.8296346849437011
2929,69393391,u,4,-0.12926300858355066,0.01940913319792381,0.10951541563538258,0.028609016796878,-0.12926300858355066
2930,69409940,g,5,0.29766143466526374,0.11591526074818104,0.1927613724174111,0.15386304396339873,0.29766143466526374
2931,69409940,i,5,0.8661203671036122,0.26219244543869724,0.4676947040121864,1.3687123909701202,0.8661203671036122
2932,69409940,r,10,0.7066185120943377,0.0978983646105529,0.17917057542953108,0.8385966190140927,0.7066185120943377
2933,69409940,u,2,-0.17437627197639616,0.005845751757414419,0.005845751757414419,0.04503836033220081,-0.17437627197639616
2934,69670800,g,3,-1.2953907566807201,0.0320719212674998,0.04974012964525243,1.6649854105676354,-1.2953907566807201
2935,69670800,i,7,-0.6016277508168661,0.044455244011658124,0.23489334256998406,0.8342951497560225,-0.6016277508168661
2936,69670800,r,5,-0.8535058199662255,0.0641517742917157,0.12209792658422436,1.0935117156712648,-0.8535058199662255
2937,69670800,u,3,-1.3261083544649286,0.009159755405588665,0.00982588271309992,1.7986035111776524,-1.3261083544649286
2938,69685280,g,6,0.8582212236062896,0.16239710302530208,0.31916254083444695,1.1101078289191566,0.8582212236062896
2939,69685280,i,4,1.3621583861553699,0.10717979550204648,0.2101613907724389,3.5735730206708234,1.3621583861553699
2940,69685280,r,11,1.1353407193594391,0.2111498621914274,0.46866371275692864,2.9808977714055813,1.1353407193594391
2941,69685280,u,5,0.6510721975272111,0.15408554292558385,0.5498546204193147,0.34552654891569545,0.6510721975272111
2942,69695813,g,3,-0.09951333232337944,0.18030946501025524,0.19730551154103526,0.06878182644006758,-0.09951333232337944
2943,69695813,i,5,0.4744937231948434,0.07377045046157726,0.09685149914339541,0.6331744544535117,0.4744937231948434
2944,69695813,r,11,0.11496613261385591,0.1286853725069751,0.22951202239067864,0.07687609813008787,0.11496613261385591
2945,69695813,u,7,-0.3873783168859857,0.06166989415178048,0.1329385532821572,0.36176679422341346,-0.3873783168859857
2946,69706294,g,6,1.5541135869341,0.06439145734559526,0.11529005287097438,3.0775664584939126,1.5541135869341
2947,69706294,i,2,1.459301136786301,0.07514022298260492,0.07514022298260481,4.833283641057937,1.459301136786301
2948,69706294,r,5,1.4777719611088957,0.1644755396598161,0.16576537995504026,4.512568484741717,1.4777719611088957
2949,69706294,u,3,1.487008374203819,0.09145872919359421,0.15069877491694084,2.723462653805317,1.487008374203819
2950,6976895,g,6,1.275248012745502,0.13517311728358372,0.21317175234838737,2.9115165445103224,1.275248012745502
2951,6976895,i,6,1.7462458643965713,0.2891386220423554,0.4658310239351795,6.451146343578061,1.7462458643965713
2952,6976895,r,7,1.697184692357267,0.3267812887151136,0.7668527484045315,6.229552993128609,1.697184692357267
2953,6976895,u,4,1.0776269797503104,0.140815819698052,0.4009083771997457,2.08970278563919,1.0776269797503104
2954,69794519,g,6,-0.03206739116688373,0.15695043521131263,0.336961402166833,0.07094451423293795,-0.03206739116688373
2955,69794519,i,3,0.5821829606142179,0.04824409128980678,0.05857006453517499,0.9435668151247052,0.5821829606142179
2956,69794519,r,7,0.30110429458957944,0.15276858934771698,0.2258940322427639,0.3219064384977425,0.30110429458957944
2957,69794519,u,4,-0.1162383046190969,0.1510391733161638,0.3078770489974906,0.09096833429843372,-0.1162383046190969
2958,69867426,g,4,-0.8152102830906367,0.0321666607695652,0.06395845540266643,1.10890642511067,-0.8152102830906367
2959,69867426,i,4,-0.30010238792750366,0.061653267560159875,0.09829434504113937,0.17688246902347954,-0.30010238792750366
2960,69867426,r,2,-0.4925928514413421,0.00325411892323213,0.00325411892323213,0.49497515789645163,-0.4925928514413421
2961,69867426,u,3,-0.7615495166677935,0.01269051735730553,0.04053380713473387,0.7846009886034048,-0.7615495166677935
2962,69970060,g,5,0.07600314744306136,0.21260198736987945,0.39892547518574606,0.06462917079773878,0.07600314744306136
2963,69970060,i,3,0.2593692535623111,0.02546805986301015,0.08784173497054326,0.15790431045343786,0.2593692535623111
2964,69970060,r,3,0.4859354922770378,0.2554295605292878,0.37673177389171364,0.4820047935847836,0.4859354922770378
2965,69971360,g,7,-0.6243174665579487,0.15827306714010825,0.31979959112883993,0.6766502677873089,-0.6243174665579487
2966,69971360,i,4,-0.25923343081057193,0.046648847307716346,0.10870290997795107,0.1584224877089165,-0.25923343081057193
2967,69971360,r,14,-0.38609938543421274,0.08358276078982763,0.2010894476932949,0.24330751339023587,-0.38609938543421274
2968,69971360,u,5,-1.109870066818472,0.026843660396101532,0.20934662608500965,1.4776767283162573,-1.109870066818472
2969,69993139,g,5,-0.39930786720701494,0.07566547792192058,0.1233676339517813,0.2760552795622289,-0.39930786720701494
2970,69993139,i,2,0.10546661935850388,0.0330369219813158,0.0330369219813158,0.028518107156519267,0.10546661935850388
2971,69993139,r,8,-0.07159320283232473,0.08581525105764298,0.15818418487217434,0.03065272640382633,-0.07159320283232473
2972,69993139,u,5,-0.3656667695192388,0.004064174770362694,0.007501716123732516,0.18870748159197376,-0.3656667695192388
2973,70031506,g,3,-0.5278520974234757,0.03075848379638968,0.1511151904723952,0.4497357138020443,-0.5278520974234757
2974,70031506,i,3,-0.1855506601872965,0.005467715884148294,0.008267137266756652,0.07730358812597847,-0.1855506601872965
2975,70031506,r,9,-0.20157185192349236,0.11167203669865611,0.20692085051513587,0.0819987296439025,-0.20157185192349236
2976,70031506,u,2,-0.9297965718710139,0.08126454638152247,0.08126454638152247,0.824882497877273,-0.9297965718710139
2977,70101671,g,3,0.13106928719088673,0.10507273972297027,0.3185463932744884,0.23767202517397457,0.13106928719088673
2978,70101671,r,6,0.457605203761042,0.14471582154487123,0.21819037595548185,0.6336204164150736,0.457605203761042
2979,70101671,u,3,-0.008666704501087863,0.051199891452422985,0.08612845289727022,0.010737547899487053,-0.008666704501087863
2980,70271347,g,5,1.571661428560391,0.25716448342206144,0.7216294897459148,3.603981062390622,1.571661428560391
2981,70271347,i,6,1.4486919000064609,0.06251860656546093,0.11800550371231489,5.733986619998631,1.4486919000064609
2982,70271347,r,9,1.4036835326889965,0.08552662443203696,0.1138198613669501,5.682277541089198,1.4036835326889965
2983,70271347,u,2,0.8717165561496206,0.018449269548352354,0.018449269548352243,1.7506712078680702,0.8717165561496206
2984,70354657,g,3,-0.017797441458309526,0.15033928884800285,0.22373724398616224,0.06724786339643135,-0.017797441458309526
2985,70354657,i,2,0.7647004604658331,0.07290606997373172,0.07290606997373161,1.4263878031529806,0.7647004604658331
2986,70354657,r,6,0.6176478661362348,0.32126894690731356,0.5052493659772188,0.8677862421465058,0.6176478661362348
2987,70383235,g,6,0.35063797795735274,0.20870176435806675,0.43599320704053607,0.47790105688224377,0.35063797795735274
2988,70383235,i,2,0.9484258226537453,0.179750786917379,0.1797507869173789,2.4159950357371787,0.9484258226537453
2989,70383235,r,9,0.7770968635082776,0.22641678439751178,0.8808612314908502,2.080895010528943,0.7770968635082776
2990,70383235,u,6,-0.02807576096870268,0.13077755347401931,0.30752031234131205,0.19466549846682793,-0.02807576096870268
2991,70517028,g,9,-1.586883576975812,0.08813955295770515,0.2060252137822518,2.860107853768382,-1.586883576975812
2992,70517028,r,5,-1.003242632318365,0.22014659418430482,0.34305854613466846,1.4352864264831997,-1.003242632318365
2993,7053308,g,5,-1.0629262338293992,0.15234133866819888,0.19263680008911055,1.8014314760583894,-1.0629262338293992
2994,7053308,i,2,-0.5956994876533858,0.1034717688935306,0.10347176889353071,0.8456599531674713,-0.5956994876533858
2995,7053308,r,8,-0.5299735125649815,0.21986278564847417,0.40770563829548007,0.5845017454167332,-0.5299735125649815
2996,70602773,g,4,-0.8025384630996037,0.0624751622146289,0.0702865391981834,0.7900104884682967,-0.8025384630996037
2997,70602773,i,6,-0.14269503765332103,0.08053450079397262,0.19093893087682612,0.055293818521263936,-0.14269503765332103
2998,70602773,r,10,-0.27270972894164847,0.04011364668727868,0.0690466762718916,0.1242975452316138,-0.27270972894164847
2999,70602773,u,4,-0.8244987225399973,0.09135379921600983,0.21371539846593168,0.7132240219780268,-0.8244987225399973
3000,70624772,g,5,-0.5144579933285462,0.009759904194914792,0.015825139244850517,0.5926119067365538,-0.5144579933285462
3001,70624772,i,3,0.3400187117438711,0.03976188804927805,0.1759671767679064,0.18484948660576347,0.3400187117438711
3002,70624772,r,4,-0.04576412835225979,0.031029491947738796,0.07664847847879727,0.016815602952662965,-0.04576412835225979
3003,70624772,u,3,-0.6631615436051523,0.011367040550359753,0.02944056043986132,0.852764718775672,-0.6631615436051523
3004,70654975,g,3,-0.40891874342781875,0.004750592420367461,0.5025828970413548,0.34351449735757167,-0.40891874342781875
3005,70654975,r,7,0.03501011599173087,0.0975310325599883,0.21574665002774768,0.08368136180367881,0.03501011599173087
3006,70694697,g,2,0.17648831128443365,0.24045495136732498,0.24045495136732498,0.1348194985645231,0.17648831128443365
3007,70694697,r,7,0.40980856795579435,0.06965405998454455,0.13333787582200485,0.45038466140961486,0.40980856795579435
3008,70694697,u,2,0.5028575779478186,0.19235346056382818,0.19235346056382818,0.4116931440142879,0.5028575779478186
3009,70736475,g,4,1.0008737963375585,0.08711125092832384,0.11700362372265227,1.8176260790423573,1.0008737963375585
3010,70736475,i,2,1.4271706046124022,0.40442745643782085,0.40442745643782074,4.676675516116179,1.4271706046124022
3011,70736475,r,6,1.492825129285793,0.2400805589941435,0.5332271077266757,4.8751721322110155,1.492825129285793
3012,70736475,u,3,1.0485691833630526,0.041425536004443986,0.050088811371064246,1.7902248288432598,1.0485691833630526
3013,70922193,g,2,-0.9166412119381924,0.03912171362370942,0.03912171362370942,2.02541652574833,-0.9166412119381924
3014,70922193,i,7,-0.8097132614036004,0.05220444681836289,0.0799363027977843,1.4228092211388799,-0.8097132614036004
3015,70922193,r,6,-0.8989669527515296,0.013091906299286471,0.021694946981378083,1.8598864466818446,-0.8989669527515296
3016,71080593,i,2,0.09852734430463966,0.11221778885598216,0.11221778885598216,0.0719861622978829,0.09852734430463966
3017,71080593,r,6,0.16387102009571441,0.11674051380592299,0.18274845486200747,0.09272620138563835,0.16387102009571441
3018,71080593,u,2,0.0061480140089281154,0.09327008926666375,0.09327008926666375,0.015350948701899413,0.0061480140089281154
3019,71488199,g,2,-0.5247140867015845,0.13819523681697232,0.13819523681697232,0.45956740766220056,-0.5247140867015845
3020,71488199,i,9,-0.10090634888018313,0.19234053173729593,0.3765969965557734,0.09610112966093769,-0.10090634888018313
3021,71488199,r,4,-0.2017106873535376,0.2165144007353187,0.4437803786480129,0.20927522652820157,-0.2017106873535376
3022,71510062,i,3,1.9993154430388547,0.013388898137645988,0.06673238097184875,8.90509636235805,1.9993154430388547
3023,71510062,r,5,2.1062350861725023,0.1710764667400526,0.2573496996580398,8.993668385629203,2.1062350861725023
3024,71510062,u,3,1.0507620411830703,0.00686289338434376,0.11449945475966183,2.1636005525533495,1.0507620411830703
3025,71524399,g,6,-0.5140118272086807,0.017915476905853156,0.3329221640840717,0.3378618168111669,-0.5140118272086807
3026,71524399,i,2,-0.09240558489228168,0.09709230057418028,0.09709230057418028,0.04507438647055502,-0.09240558489228168
3027,71524399,r,14,0.0259298279896768,0.16432293771325668,0.3058612261581543,0.06706439834985402,0.0259298279896768
3028,71524399,u,6,-0.7135909566262117,0.06086645066447782,0.09500560561427251,0.6485492658306524,-0.7135909566262117
3029,71660541,g,7,-0.1387594790365152,0.10457457160399919,0.18862064231010778,0.10210330083544641,-0.1387594790365152
3030,71660541,i,11,0.05553785787153642,0.12624708504942683,0.24326883978778346,0.07853060553324463,0.05553785787153642
3031,71660541,r,12,0.19807649021649598,0.23333320510462896,0.44972015913528995,0.18564028825929133,0.19807649021649598
3032,71660541,u,4,-0.25151025624056245,0.0705427632624901,0.14294505814136033,0.12155756106969254,-0.25151025624056245
3033,71668215,g,7,1.0077929242659243,0.09868100050327988,0.18663114156091387,2.0166758813784047,1.0077929242659243
3034,71668215,r,5,1.3890701359596096,0.016697006479491572,0.05573390092601205,3.8661348299048215,1.3890701359596096
3035,71668215,u,4,0.5144721023589068,0.0543444986124304,0.12791238619780293,0.39744749631206205,0.5144721023589068
3036,71695413,g,4,0.4002358313706994,0.05707482491766902,0.12954913499886705,0.3535543266928591,0.4002358313706994
3037,71695413,r,3,0.5688776909992438,0.024155118792697494,0.05551132759766397,0.8140806064917284,0.5688776909992438
3038,71695413,u,4,0.25510868787553365,0.07398671426620951,0.09450934286288565,0.13763387954949213,0.25510868787553365
3039,71782172,g,4,-1.2486459392272695,0.08922035307447218,0.1826184247441367,2.102788067099699,-1.2486459392272695
3040,71782172,i,12,-0.5946292348590656,0.05521658946410901,0.10686860597472059,0.611212262947938,-0.5946292348590656
3041,71782172,r,12,-0.7992563157859927,0.08767789645080859,0.20428141355331608,0.8854486619370628,-0.7992563157859927
3042,71782172,u,2,-1.4405549877778712,0.045158869200235596,0.045158869200235596,2.256743098833862,-1.4405549877778712
3043,71810664,g,4,-0.06475831069349358,0.2356659277388723,0.4774669416743984,0.16272902022635843,-0.06475831069349358
3044,71810664,r,5,0.012056524639388888,0.17804820892031092,0.33701768214790895,0.08458618018402,0.012056524639388888
3045,71810664,u,3,-0.130425653763379,0.016331823927010936,0.022343994952503943,0.03012072122617788,-0.130425653763379
3046,71830727,g,6,0.8722657381709686,0.04404100058761096,0.0667933333230818,1.538374476127936,0.8722657381709686
3047,71830727,r,3,1.36422071605817,0.13781127755406697,0.180773542269399,4.323711260893169,1.36422071605817
3048,71830727,u,3,0.6939472550477823,0.012851649453082814,0.14188511381729352,1.113168917013229,0.6939472550477823
3049,71937268,g,3,0.0840958453705305,0.055022124540325734,0.07583899081126255,0.027252345379664405,0.0840958453705305
3050,71937268,i,4,0.7655539078044871,0.16344887151942278,0.24395414380296665,1.3763292793775779,0.7655539078044871
3051,71937268,r,4,0.45153698409641285,0.027236228156911957,0.14907988093834734,0.7042783626754798,0.45153698409641285
3052,71937268,u,4,0.2709126567690202,0.33696428155385616,0.679619620211452,0.3855117129769447,0.2709126567690202
3053,72032087,g,3,0.27911122530042354,0.05123511085706811,0.11032572887224346,0.17953167038051296,0.27911122530042354
3054,72032087,i,4,0.17980880661373533,0.09632259641551899,0.16473912251954487,0.10824527101856116,0.17980880661373533
3055,72032087,r,7,0.5882857555095651,0.3481423077038779,0.50708792818088,0.5856852342166553,0.5882857555095651
3056,72032087,u,2,0.06624327741287467,0.2647574350059661,0.2647574350059661,0.12553456448380906,0.06624327741287467
3057,72037978,g,4,-1.2223608242321204,0.13081875247164776,0.1835216965455171,2.5500387481507407,-1.2223608242321204
3058,72037978,i,2,-0.7940277821353476,0.17416266225311872,0.17416266225311872,1.1723685791001186,-0.7940277821353476
3059,72037978,r,2,-1.1161405514319145,0.031371621680956197,0.03137162168095631,1.7988992568792497,-1.1161405514319145
3060,72037978,u,5,-1.7670252508006214,0.08386436102638006,0.406624444628074,3.142405003657459,-1.7670252508006214
3061,72053574,g,2,0.4125169427932326,0.022565321442471364,0.022565321442471364,0.31506995366400775,0.4125169427932326
3062,72053574,i,5,0.9002890789890514,0.2851959591926112,0.2947776721441362,1.631930723203706,0.9002890789890514
3063,72053574,r,4,0.7012462189908384,0.005605035248465895,0.06896773935699008,0.8683177195291201,0.7012462189908384
3064,72054309,g,8,-0.7754631070737646,0.07640010293606425,0.1492399446572683,0.8686439801447512,-0.7754631070737646
3065,72054309,i,7,-0.6693113462017344,0.09819888968997192,0.17757215249556624,1.0001970297577845,-0.6693113462017344
3066,72054309,r,6,-0.42532274224616307,0.12882548446258857,0.29945079107029143,0.30695589863390565,-0.42532274224616307
3067,72067132,g,5,0.662139196637018,0.5753317720959208,0.6197358269753166,0.6797344571502909,0.662139196637018
3068,72067132,i,4,1.0925096191100914,0.1070310019979216,0.23475451095098787,2.571584513731974,1.0925096191100914
3069,72067132,r,10,0.694703073360466,0.11211458098142912,0.20792786649185624,1.3092460533641042,0.694703073360466
3070,72183586,g,8,0.6940764917599649,0.08349290997520709,0.2789845252827007,0.43334100123650554,0.6940764917599649
3071,72183586,i,8,0.661495815778743,0.21128620766252593,0.38652557320905534,1.2903706246525242,0.661495815778743
3072,72183586,r,16,0.4931537068492977,0.142935468557836,0.3533842705562075,0.5942499655106389,0.4931537068492977
3073,72183586,u,5,-0.4258957099837448,0.01902103658600085,0.17757405463023979,0.22818249771091845,-0.4258957099837448
3074,72226586,g,9,-1.5148041898955584,0.1129176040701323,0.4951247536206098,2.6859815296550855,-1.5148041898955584
3075,72226586,i,15,-0.8181332825028502,0.15520199958810177,0.29121445267629464,0.9179861290962746,-0.8181332825028502
3076,72226586,r,17,-1.0679437671511316,0.04891138696152897,0.09155040072987197,1.4471294681294675,-1.0679437671511316
3077,72226586,u,3,-1.8884000373219814,0.08559337805560618,0.3219328745617902,3.512326719668844,-1.8884000373219814
3078,72348780,g,5,2.1998284980074057,0.4395761434164549,0.8268667136692651,4.9162544944540425,2.1998284980074057
3079,72348780,i,3,1.2900465880303118,5.765152900827353e-05,0.1260226501922821,4.087596917035145,1.2900465880303118
3080,72348780,r,3,2.0687912423662347,0.009754767077846616,0.491083746665508,5.083175976547228,2.0687912423662347
3081,72360660,g,2,-1.1141330809044871,0.05461129357012817,0.05461129357012817,1.9302613439673189,-1.1141330809044871
3082,72360660,r,11,-0.5819327831725525,0.12487476819410293,0.2951267205896667,0.6301359338491417,-0.5819327831725525
3083,72360660,u,2,-1.1728231973881384,0.271307487191194,0.27130748719119424,2.3735968496156894,-1.1728231973881384
3084,724255,g,5,-0.0779890722104497,0.1531162139919544,0.23850072293545055,0.05397273347409609,-0.0779890722104497
3085,724255,r,4,0.14288899145937717,0.12799650388813338,0.2477454819996813,0.2696464143334088,0.14288899145937717
3086,724255,u,4,0.1292572547981311,0.11619144253238023,0.24399836191914087,0.13917604634177913,0.1292572547981311
3087,72453941,i,2,-0.4658639210383715,0.17905255473755988,0.17905255473755988,0.5901955951825724,-0.4658639210383715
3088,72453941,r,6,-0.7347870790436731,0.0403243620114474,0.07802179258427566,1.0527843759958404,-0.7347870790436731
3089,72453941,u,3,-0.8071223410005623,0.0741101587466062,0.1048803810968707,1.180517030867038,-0.8071223410005623
3090,72464308,g,4,0.04665065226733578,0.04729871841644939,0.0817427949819804,0.013795782857163558,0.04665065226733578
3091,72464308,i,4,0.5939154200564987,0.1368773798258055,0.2979259760471053,0.9724912619044682,0.5939154200564987
3092,72464308,r,9,0.39867111431733093,0.0600991540355047,0.08917362314065858,0.48578668808956116,0.39867111431733093
3093,72464308,u,2,0.05120767612830601,0.2595419789382618,0.2595419789382618,0.10279180975696042,0.05120767612830601
3094,72578133,g,4,-0.5971266221491431,0.05010448768377562,0.12202572217243401,0.564303780528098,-0.5971266221491431
3095,72578133,i,8,0.09445627165255688,0.13765209320754723,0.25574686562040716,0.10158494371388674,0.09445627165255688
3096,72578133,r,14,-0.18219998816315564,0.03434423570664469,0.09732276268941092,0.07574022750128596,-0.18219998816315564
3097,72578133,u,2,-0.9562546777008274,0.028666061818305222,0.028666061818305222,1.5277058918621722,-0.9562546777008274
3098,72850811,g,5,0.010460120416924346,0.05434122687961729,0.20040865846344502,0.0363520790500423,0.010460120416924346
3099,72850811,i,6,0.19181649718365346,0.12848009121497916,0.6511616340569526,0.48274167542916485,0.19181649718365346
3100,72850811,r,12,0.38056941494065577,0.2761772493960718,0.5250600436102519,0.3601429106108118,0.38056941494065577
3101,72850811,u,5,0.2339530654156139,0.13206213192168526,0.13553536609030248,0.14936764529065635,0.2339530654156139
3102,72859789,g,3,-0.17132986463779676,0.01170941363183653,0.14591018948447154,0.06427736878309674,-0.17132986463779676
3103,72859789,r,3,0.36390661188152373,0.00017997911123091015,0.4877130489504301,1.130787553169891,0.36390661188152373
3104,72859789,u,4,-0.4178723931309769,0.06792623996524194,0.1254484336716717,0.36879526652395767,-0.4178723931309769
3105,7288730,g,6,-0.41995993522597075,0.06742420959286577,0.10354933897690144,0.3824926871697211,-0.41995993522597075
3106,7288730,r,4,-0.2978000348765031,0.09580574727723723,0.2046360751428783,0.23957183290309886,-0.2978000348765031
3107,73013729,g,3,2.9300379136896737,0.010603451572736233,0.1838146344490874,10.305745492320462,2.9300379136896737
3108,73013729,i,6,3.1908509637528004,0.15816992173900424,0.5463351107135819,13.851619604350994,3.1908509637528004
3109,73013729,r,7,3.5484070968632664,0.2175899178327816,0.2846239222654945,13.621768923057136,3.5484070968632664
3110,73039078,g,3,0.35293428814199324,0.027779745226220287,0.21986256455363284,0.5055763189241885,0.35293428814199324
3111,73039078,i,3,0.6310759231653187,0.016503438960648875,0.05254122886390533,1.1681852141352242,0.6310759231653187
3112,73039078,r,4,0.6533985301984702,0.11916948619398926,0.22107939524898046,1.1846335190555748,0.6533985301984702
3113,73039078,u,2,0.7595462424475088,0.3170899905680735,0.3170899905680735,0.9807597615313977,0.7595462424475088
3114,73255216,i,2,0.24690275531581118,0.06378652299710041,0.06378652299710041,0.150558113699058,0.24690275531581118
3115,73255216,r,5,0.2388170100664999,0.06978347019753928,0.16927897302549244,0.3173858638281759,0.2388170100664999
3116,73255216,u,5,-0.2000063927548903,0.09208671125872714,0.16592556849407147,0.06378710161128079,-0.2000063927548903
3117,73381813,g,7,0.05457353474644844,0.20287919974628688,0.37306958749475205,0.14709103463075462,0.05457353474644844
3118,73381813,i,6,0.05559402132869096,0.08543276529396637,0.16148176715764073,0.021880037219942434,0.05559402132869096
3119,73381813,r,13,-0.020324431163618595,0.10019638248163121,0.22135713002449608,0.04503843790761562,-0.020324431163618595
3120,73381813,u,5,-0.5020368378622251,0.037867934885138066,0.17965816834761972,0.3442353098005416,-0.5020368378622251
3121,73469144,g,3,-1.1271157341603262,0.0706608778366018,0.10394351930223,1.3049613071204278,-1.1271157341603262
3122,73469144,i,12,-0.7508769001069943,0.12128416599720782,0.20416521032548907,0.695814952664791,-0.7508769001069943
3123,73469144,r,11,-0.8084645559286394,0.0688634863425226,0.08604551747060607,0.8151299009569031,-0.8084645559286394
3124,73598711,g,5,-1.5014308885661247,0.023974132038979468,0.038645797934042436,2.662963980244661,-1.5014308885661247
3125,73598711,i,10,-0.8369395113917177,0.05136067801756006,0.21267796872305733,0.93850929263569,-0.8369395113917177
3126,73598711,r,11,-1.0205693220768044,0.1294005257314037,0.28033114813256976,1.422327170964599,-1.0205693220768044
3127,73598711,u,5,-1.84807333302777,0.0029079966697422854,0.09859701130595777,3.478382708822592,-1.84807333302777
3128,73704782,g,3,0.8939803024536013,0.016076076648685822,0.0754950390039909,1.3497402200233886,0.8939803024536013
3129,73704782,i,2,0.8558399197294294,0.41695442476074696,0.41695442476074684,1.6661320928295227,0.8558399197294294
3130,73704782,r,6,1.0969901914203892,0.12779602424189507,0.2014125241589646,2.053385177769981,1.0969901914203892
3131,73911432,g,7,0.9610782182049411,0.09724895990157467,0.16817207167221349,1.9819164388095696,0.9610782182049411
3132,73911432,i,4,0.9071312937040416,0.18120840926434834,0.34466908088847603,1.9259596094330056,0.9071312937040416
3133,73911432,r,8,1.0762229256368245,0.14645417535472982,0.2822889429596257,2.4887338876794294,1.0762229256368245
3134,73911432,u,2,1.1480139651895889,0.05696580892907577,0.05696580892907588,2.184233136329945,1.1480139651895889
3135,74132070,g,6,0.6000505904488735,0.08355013289408642,0.21850677394736095,1.0945180902587108,0.6000505904488735
3136,74132070,i,6,1.3237167447566964,0.11040989930222644,0.1676975456234795,3.717435534975696,1.3237167447566964
3137,74132070,r,11,1.1111331889896778,0.12421213217392468,0.2730656898436332,2.9104156817637006,1.1111331889896778
3138,7436503,g,5,0.139045332556754,0.08391709445985207,0.8240736113801228,0.552864117626196,0.139045332556754
3139,7436503,i,3,0.6168798400874098,0.05796622000887153,0.11315192404945673,1.4109631728088106,0.6168798400874098
3140,7436503,r,2,0.5980347115247502,0.009868205367905059,0.009868205367905003,1.174354243903827,0.5980347115247502
3141,753534,g,12,-0.054762076401160265,0.1790679663215119,0.4510322435150255,0.2365955169635284,-0.054762076401160265
3142,753534,i,9,0.6828057779563317,0.2926482542854598,0.6362453956704084,1.0551283051763969,0.6828057779563317
3143,753534,r,17,0.5271033643664154,0.3160612142546293,0.6311893846826175,0.7593828286369946,0.5271033643664154
3144,753534,u,6,-0.1668284677242653,0.11118982668656818,0.34878583084475895,0.19328660972285436,-0.1668284677242653
3145,7623813,g,4,1.2531910522994067,0.4571748620134154,0.5426807193420224,2.695700475735591,1.2531910522994067
3146,7623813,r,4,0.791768854196701,0.04251640470874274,0.33223600356438643,2.6934722418247885,0.791768854196701
3147,7623813,u,3,0.33417753809576034,0.07754478081362426,0.32493826510278556,0.5276813924099947,0.33417753809576034
3148,7647774,g,3,0.46415798739404135,0.12008762178604493,0.16893840288785433,0.4479112209004763,0.46415798739404135
3149,7647774,r,7,0.806010056039635,0.01335006882191525,0.10967259085165926,1.4427240611026144,0.806010056039635
3150,7647774,u,4,0.2744242614135982,0.05324355574051598,0.07191435677043762,0.16076134557449773,0.2744242614135982
3151,7787784,g,8,1.5471270164953124,0.10411597846802789,0.3265938557850112,2.7300960588248415,1.5471270164953124
3152,7787784,i,11,1.5957909670254335,0.22007487308984053,0.6842579740956239,3.7026072483050942,1.5957909670254335
3153,7787784,r,10,1.212522525179687,0.2970651953034025,0.8131317240037044,3.3585512355286484,1.212522525179687
3154,7787784,u,4,1.310813485402386,0.10871423180864959,0.37318236391132054,1.6610644219462691,1.310813485402386
3155,7833565,g,7,-0.9664307958306764,0.08470146189656935,0.13588619197509155,1.3016470129920077,-0.9664307958306764
3156,7833565,i,4,-0.19529427133701938,0.10395270780425214,0.20225511900817023,0.16107625725951208,-0.19529427133701938
3157,7833565,r,7,-0.432842280924143,0.045005070220377474,0.08507264488485666,0.4422351004168271,-0.432842280924143
3158,7999289,g,4,-0.6506560707499754,0.03198280433688261,0.04805798839205855,0.737844482163458,-0.6506560707499754
3159,7999289,r,3,-0.3696788820750472,0.00461223681820111,0.108139189463488,0.1958613016810028,-0.3696788820750472
3160,7999289,u,5,-1.0112622768983979,0.005540268878132748,0.008578047666136568,1.6088799545670973,-1.0112622768983979
3161,8018217,g,4,0.20845375805872257,0.17512596293074878,0.3173076455628113,0.14181276954510236,0.20845375805872257
3162,8018217,r,3,0.5083598326636605,0.07156768004140912,0.07226098456429486,0.7669589895790409,0.5083598326636605
3163,8018217,u,4,0.4792886138153579,0.2207109717715915,0.4298750729791472,0.4510643364572669,0.4792886138153579
3164,8199739,g,2,1.296020985686861,0.5440213908479641,0.5440213908479641,2.0029523933807445,1.296020985686861
3165,8199739,i,8,1.3864869070570967,0.17624090555801764,0.39618101587222054,2.9691604126206004,1.3864869070570967
3166,8199739,r,12,1.4811828945624956,0.32372054996502786,0.8262965169170355,3.7309383678107046,1.4811828945624956
3167,8199739,u,2,1.6745723709938467,0.6098456610277028,0.6098456610277028,2.9256584265604366,1.6745723709938467
3168,8207184,i,6,0.9633786398530195,0.17431790720416007,0.3616791932025034,2.000310958540519,0.9633786398530195
3169,8207184,r,7,0.6537787000475412,0.06283516928091082,0.11300635887501331,0.819687621616796,0.6537787000475412
3170,8249437,g,5,0.24178715013071406,0.06745715543480957,0.19615227167287053,0.07316369383603707,0.24178715013071406
3171,8249437,i,19,0.6505487084229093,0.19629281982771807,0.4429965751413132,0.7471340533632833,0.6505487084229093
3172,8249437,r,22,0.4844524208310579,0.2524470588147142,0.4937986638210535,0.5007494111564704,0.4844524208310579
3173,8249437,u,5,-0.0046396164677107166,0.10717357041805275,0.47932525903248946,0.07667516401013867,-0.0046396164677107166
3174,8528089,g,5,-1.1951560136344732,0.04711866782378893,0.07196684618881055,1.7769544317592882,-1.1951560136344732
3175,8528089,i,13,-0.33233265030328374,0.15191610632962305,0.30280626564315183,0.22570199458476733,-0.33233265030328374
3176,8528089,r,20,-0.6865250679399612,0.05764860329583943,0.11204189013767807,0.6647697435764124,-0.6865250679399612
3177,8528089,u,8,-1.5149389596742022,0.029565442167818867,0.07025190741850618,2.7364825225921328,-1.5149389596742022
3178,8619974,g,4,0.6802399232966873,0.039401256303772336,0.0675558039024996,0.7134708219623405,0.6802399232966873
3179,8619974,i,6,0.6316633334816606,0.10402969638634368,0.19876785494376858,1.0696857597467226,0.6316633334816606
3180,8619974,r,5,0.4579458870837192,0.06628397037408573,0.09754197051666191,1.1202194653557391,0.4579458870837192
3181,8669122,g,5,0.5004070307162327,0.008727505132815061,0.01584698999904499,0.6785023168400666,0.5004070307162327
3182,8669122,r,5,0.9141072510228903,0.20552639015676477,0.3166490669144363,1.773382380067536,0.9141072510228903
3183,8669122,u,2,0.6287463684254969,0.29057893106921096,0.2905789310692109,0.8245791320573672,0.6287463684254969
3184,8717079,g,5,-0.298120135205971,0.054393438863532984,0.08397769555368995,0.2187555319847895,-0.298120135205971
3185,8717079,i,2,0.2589001434779121,0.09901513030952425,0.09901513030952425,0.21960196420443728,0.2589001434779121
3186,8717079,r,5,0.07465027240804423,0.033722105596778906,0.05086651187512814,0.02195986892699912,0.07465027240804423
3187,8717079,u,5,-0.15790028923617427,0.10389229301112546,0.1886898140454798,0.06760102030050942,-0.15790028923617427
3188,8792137,g,3,0.5677941957689518,0.023609194349643925,0.03340696272919674,0.5616187157168483,0.5677941957689518
3189,8792137,r,4,1.2821486010082008,0.19083055110816127,0.4776626202246229,2.1726543853391678,1.2821486010082008
3190,8792137,u,3,0.666758368313189,0.06842201184518237,0.07102749659313223,0.6768241659132689,0.666758368313189
3191,8849237,g,4,0.6383618537646834,0.16730705760422349,0.2921117634074274,0.4720559378343691,0.6383618537646834
3192,8849237,i,2,0.5427905061118993,0.16049722764261298,0.16049722764261293,0.6563079629590366,0.5427905061118993
3193,8849237,r,5,0.7011833693335245,0.45305492301970784,0.6264565142493823,0.8884330950180205,0.7011833693335245
3194,8849237,u,4,-0.12207651624451676,0.12234575544686566,0.2245233424712082,0.05445974868519931,-0.12207651624451676
3195,8857706,g,4,0.6108482920672008,0.3635913576068216,0.7247636380764707,0.8635089503382745,0.6108482920672008
3196,8857706,i,7,1.1728476448233593,0.3928778463912801,0.7083833466191058,2.88597182086809,1.1728476448233593
3197,8857706,r,10,0.6653015919327544,0.13342668756324938,0.24010110531423323,1.3547279801667207,0.6653015919327544
3198,8857706,u,3,0.25146651976281365,0.004247536922085571,0.012382580467998339,0.12938511811903208,0.25146651976281365
3199,8880143,g,10,-0.3245160089040584,0.15555300413827478,0.38249795921231666,0.2671515025707981,-0.3245160089040584
3200,8880143,i,22,0.26561664286761055,0.25031086471290664,0.4143186598131521,0.2706305982603953,0.26561664286761055
3201,8880143,r,26,0.08971220778572753,0.23508476676318413,0.5124602718465762,0.28179331992896295,0.08971220778572753
3202,8880143,u,6,-0.3855834725975472,0.2007144629103511,0.3781810051413036,0.3406596503758423,-0.3855834725975472
3203,890399,g,3,0.07829249917029202,0.02555706140130032,0.2802891560921975,0.18188242791368237,0.07829249917029202
3204,890399,r,6,0.2818669825008079,0.09065452574037525,0.17632557377067132,0.28465765692917083,0.2818669825008079
3205,901071,g,4,-0.18436525247325775,0.03516871830667445,0.1273249744575874,0.08068577840069986,-0.18436525247325775
3206,901071,i,6,0.4169343076567996,0.11668214177673186,0.2639898105595401,0.35533735877743616,0.4169343076567996
3207,901071,r,9,0.34691808268468316,0.14718289746397373,0.259247217289192,0.48275109668475796,0.34691808268468316
3208,9065916,g,4,0.2915443030011293,0.1669645393636543,0.2927647336056979,0.12187405459870385,0.2915443030011293
3209,9065916,i,5,0.3672829983083994,0.10137668981501413,0.20839605227620472,0.36732569131588877,0.3672829983083994
3210,9065916,r,5,0.2590672897536428,0.06677960652093207,0.06737865456210268,0.19698829599715445,0.2590672897536428
3211,9065916,u,3,0.5484370199521829,0.027752891400947277,0.11392510973400105,0.2575869711481442,0.5484370199521829
3212,9107077,g,6,-0.8261831707222953,0.07259110186711548,0.170720253821811,0.76825294515126,-0.8261831707222953
3213,9107077,r,5,-0.335579554526398,0.1088502792575794,0.11278904520734656,0.40122427983272385,-0.335579554526398
3214,910979,g,5,1.167774603170572,0.06544415882794663,0.7026347117513323,1.5012801555742326,1.167774603170572
3215,910979,i,3,0.7298600402804201,0.10041795950852439,0.2112167537950691,1.1360121364747766,0.7298600402804201
3216,910979,r,4,0.7615379813419881,0.19065453174018399,0.2994595599473254,1.5307676318617494,0.7615379813419881
3217,910979,u,4,0.9525697273426792,0.2704037347256881,0.5433878211274088,1.5643018144519787,0.9525697273426792
3218,9298316,i,7,-0.09383047254469323,0.043092356670235255,0.16149989145690924,0.029969906177896154,-0.09383047254469323
3219,9298316,r,11,-0.12550371441150898,0.08445962416608732,0.17092373768693847,0.0636453175549472,-0.12550371441150898
3220,9298316,u,3,-0.6915602985519456,0.06680621527251285,0.06830111629745816,0.8331329164424145,-0.6915602985519456
3221,9495872,g,3,2.2790535105616696,0.08000097185678978,0.11249081357407364,5.444949416065529,2.2790535105616696
3222,9495872,r,4,1.9528052556073008,0.007915158893425756,0.02885562192430058,6.414475350690509,1.9528052556073008
3223,9495872,u,4,1.1716923625692157,0.018682086047480007,0.2537634698499456,2.3955522196284402,1.1716923625692157
3224,9636170,g,4,-0.999091894487415,0.0625705464077565,0.13460059504102528,1.2931950366484388,-0.999091894487415
3225,9636170,i,3,-0.6007203466803253,0.08594998740630899,0.2502650655269053,0.6152493178134502,-0.6007203466803253
3226,9636170,r,12,-0.5774604117327706,0.08906969702191514,0.14057937726524333,0.5160619023681086,-0.5774604117327706
3227,9636170,u,7,-0.7465107163010705,0.032323562286017404,0.0694619724686999,0.9509343885426418,-0.7465107163010705
3228,9664864,g,3,2.0608265369837007,0.22649364848696818,0.4976820685476724,6.480873841596014,2.0608265369837007
3229,9664864,i,2,2.389783342086108,0.7850496023897136,0.7850496023897133,10.614950624690024,2.389783342086108
3230,9664864,r,4,1.9276554414667406,0.38225117974203016,0.5893661773543102,8.336973166382695,1.9276554414667406
3231,9664864,u,3,1.9773527523067722,0.14663168818125216,0.373189823627047,4.933675812661078,1.9773527523067722
3232,9767130,g,4,-0.030305543021828196,0.009812262376445835,0.03693849588225384,0.008004178405397,-0.030305543021828196
3233,9767130,i,2,0.2862844394550659,0.16866035116302447,0.16866035116302447,0.18730597715053499,0.2862844394550659
3234,9767130,r,5,0.2261273081942945,0.2050132881614375,0.22880757709987698,0.1590957681243677,0.2261273081942945
3235,9851308,g,3,-0.5420569347700583,0.08198153128854435,0.12679126193306522,0.5620153278918608,-0.5420569347700583
3236,9851308,i,2,-0.23105036981501959,0.04968012621600104,0.04968012621600104,0.14400625620677676,-0.23105036981501959
3237,9851308,r,6,-0.3229815450824801,0.10552251973989318,0.1833347237721023,0.24224244300435935,-0.3229815450824801
3238,9998475,g,5,0.356391575294968,0.04038769395674868,0.5811849290311426,0.6698165062422414,0.356391575294968
3239,9998475,i,2,1.2333315423914997,0.6058252723198232,0.6058252723198233,2.9852830112101696,1.2333315423914997
3240,9998475,r,4,1.0075679429547786,0.3537985481140372,0.6840709306000874,2.0965251487929346,1.0075679429547786
3241,9998475,u,4,0.5941257946576289,0.21123959842186835,0.42971927065613547,0.5926663549917761,0.5941257946576289
