,SNID,Filter,n_points,GOPREAUX_bias,GOPREAUX_mad,GOPREAUX_iqr,GOPREAUX_chi2,median_residuals
0,10000867,g,5,-1.298997790224213,0.13067056234348073,0.15700238855732662,2.3152888624321646,-1.298997790224213
1,10000867,i,4,-2.035100406481084,0.145939655291342,0.40293787172883233,9.109870373077463,-2.035100406481084
2,10000867,r,12,-1.7613727938904429,0.10906889973522971,0.42584969590167043,6.924033137959625,-1.7613727938904429
3,10029460,g,2,-2.819038529156467,0.06454682800868472,0.06454682800868472,7.539151084371522,-2.819038529156467
4,10029460,i,6,-2.2680191486129,0.07767956354140582,0.1254109452027956,29.691719256026133,-2.2680191486129
5,10029460,r,6,-2.393183260267295,0.18517730878839855,0.5387829246095075,16.443752387726864,-2.393183260267295
6,10036603,i,6,-2.4901516759658935,0.060147059877809106,0.3315410011551645,20.200319224934447,-2.4901516759658935
7,10036603,r,6,-2.365126170442094,0.0957147688106752,0.15427584723719967,11.368159322386648,-2.365126170442094
8,10056983,i,8,-2.4846503514680816,0.039709962375996444,0.08023971189025492,19.66155589815024,-2.4846503514680816
9,10056983,r,6,-2.152216222142898,0.08005756668834563,0.27693782466038996,13.783108489415676,-2.152216222142898
10,10102047,g,6,-0.45790676004742614,0.06605183068825349,0.10203228971760347,0.41534736337329453,-0.45790676004742614
11,10102047,i,6,-0.8397435807091169,0.019485587694771045,0.031093599463378863,2.1076919626742874,-0.8397435807091169
12,10102047,r,7,-1.0145162731471378,0.049151002876552496,0.09483294829347488,3.0912259387996888,-1.0145162731471378
13,10128875,g,3,-1.0532880299685514,0.1835026996957847,0.3715474575345058,1.3784757526795026,-1.0532880299685514
14,10128875,i,6,-0.8369227990511405,0.11086100642764807,0.21948651374266848,1.3173384269648907,-0.8369227990511405
15,10128875,r,7,-1.2706915433804635,0.11072098760277349,0.5687741964271393,2.0030836950272315,-1.2706915433804635
16,10194631,g,3,-1.494707974667159,0.15934356548166484,0.35098543533428384,3.026591250505232,-1.494707974667159
17,10194631,i,4,-0.9520937173637538,0.15766747717673446,0.20168005706100212,1.7070584016677732,-0.9520937173637538
18,10194631,r,6,-1.25015212859098,0.2680674945177597,0.4525000359888096,3.4724795232099823,-1.25015212859098
19,10210591,g,5,-1.2128999705297434,0.3291544837846412,0.3484641718440391,3.3002851801584905,-1.2128999705297434
20,10210591,i,6,-1.414721380598763,0.32060662377271354,0.6445821268550571,3.319067144647749,-1.414721380598763
21,10210591,r,5,-1.052165930111046,0.02261720324884764,0.753986484336985,3.9945584591703445,-1.052165930111046
22,10210591,u,6,-1.4159936860931892,0.03030070362788506,0.04632783660138995,2.5491862114934754,-1.4159936860931892
23,10225033,g,2,-1.4657496635224438,0.46271772338787887,0.46271772338787875,4.028428456694585,-1.4657496635224438
24,10225033,i,6,-1.1139736159064597,0.09446371157491418,0.6608620783314871,9.207531211516073,-1.1139736159064597
25,10225033,r,7,-1.4470335312509655,0.17617397238111532,0.2713189115276373,10.564447987422415,-1.4470335312509655
26,10275759,g,2,-1.4090306948916038,0.1401301051970555,0.14013010519705538,6.747032595076696,-1.4090306948916038
27,10275759,i,9,-1.5458319946807428,0.1416668730357511,0.27942702172559786,14.010986918119393,-1.5458319946807428
28,10275759,r,8,-1.6810420795877743,0.21695481899276603,0.49984536443125394,9.947895162595373,-1.6810420795877743
29,10292483,i,10,-1.9068138136641295,0.11139120283797777,0.37891608785901565,7.532384316675319,-1.9068138136641295
30,10292483,r,9,-1.7746697653828458,0.16124094242756737,0.29626341035738957,6.885469879325223,-1.7746697653828458
31,10295561,g,2,-1.7246243347245913,0.014807991392700837,0.014807991392701059,4.195737888501071,-1.7246243347245913
32,10295561,i,9,-1.4620069264867817,0.4240714857453911,0.616070649573965,5.4910453064392835,-1.4620069264867817
33,10295561,r,7,-1.683435492185538,0.40930575302212713,0.5721473496369054,7.10715151455055,-1.683435492185538
34,10297327,i,5,-0.751671502474704,0.035849987547686535,0.0688751015098028,3.2803834266049825,-0.751671502474704
35,10297327,r,6,-1.149773090555088,0.05132882735772082,0.10251057516565054,5.753738575511833,-1.149773090555088
36,1034512,g,2,-0.7612288959268454,0.029414310222086737,0.029414310222086737,2.340119982888378,-0.7612288959268454
37,1034512,i,7,-0.8470239214326407,0.12454031604036364,0.2006685219001344,3.0411937502970323,-0.8470239214326407
38,1034512,r,5,-0.9990030033240974,0.0387396361689637,0.056710860933347096,5.079491608463232,-0.9990030033240974
39,1034512,u,2,-0.7681498904264494,0.27525258159743626,0.27525258159743626,1.7952752138902008,-0.7681498904264494
40,10431998,g,3,-1.739526217579729,0.0897742433994968,0.17610447559365006,5.829576136911857,-1.739526217579729
41,10431998,i,7,-1.9179710808339085,0.365577899835527,0.5603799924169373,11.174642474183683,-1.9179710808339085
42,10431998,r,8,-2.0336407693318197,0.04187887189437278,0.2589279266879161,10.259333458602246,-2.0336407693318197
43,1043280,g,3,-1.087152771718866,0.20250285938070278,0.42564451083022303,2.57960541353887,-1.087152771718866
44,1043280,i,9,-1.6369347862618986,0.14739712230171964,0.6075979225224506,7.2229869194600145,-1.6369347862618986
45,1043280,r,9,-1.3290520819321598,0.12416932449220819,0.17859075833602955,5.424442924820624,-1.3290520819321598
46,10448516,g,2,-0.9394590328321175,0.3016271146661409,0.3016271146661409,2.7344559479444515,-0.9394590328321175
47,10448516,i,4,-1.6476882560864476,0.0905621667180172,0.19470885039907415,16.03164759383397,-1.6476882560864476
48,10448516,r,6,-1.4623561955633417,0.060783073180281644,0.14093015836601297,10.492161823013278,-1.4623561955633417
49,10459564,g,3,-1.4917444096500045,0.017982461721679277,0.03766475264002489,7.045253795322378,-1.4917444096500045
50,10459564,i,5,-1.7437481857703065,0.2824494459485216,0.5361875704838945,5.470362726473146,-1.7437481857703065
51,10459564,r,5,-1.6293625808675731,0.07391170954175585,0.5772592780619525,8.86394799068147,-1.6293625808675731
52,10470313,g,2,-0.6928335796319515,0.035256385803222545,0.035256385803222434,1.7774227687447213,-0.6928335796319515
53,10470313,i,10,-1.008772226210901,0.06473995797171139,0.3838081777042621,3.4520335276893874,-1.008772226210901
54,10470313,r,7,-1.1490102654242764,0.1651163097591406,0.3898272722049716,5.057550048833918,-1.1490102654242764
55,1050609,i,7,-1.1949880114242641,0.15434451400727478,0.28442194645554375,3.001054439687419,-1.1949880114242641
56,1050609,r,5,-1.1573872662193079,0.023244027742821416,0.03276033641230103,3.201783755788862,-1.1573872662193079
57,10531138,i,6,-1.997984077295199,0.1583415711890126,0.3643807564337924,20.019458107495186,-1.997984077295199
58,10531138,r,10,-1.6951330269032516,0.332103202037872,0.6662865489755787,12.64291207793222,-1.6951330269032516
59,10551790,g,5,-0.8186125670745085,0.0069103240966795765,0.011428833007812389,2.325326647842692,-0.8186125670745085
60,10551790,i,5,-2.084777701221144,0.27596300585554223,0.5315487255311777,11.845601972926904,-2.084777701221144
61,10551790,r,9,-1.2110667798160355,0.10339932373586347,0.18146645442572673,8.179203656529356,-1.2110667798160355
62,10589525,g,5,-1.256318625808574,0.09899736960861394,0.14160598192231788,3.793631644629831,-1.256318625808574
63,10589525,i,7,-0.8633327500156519,0.44136354822615154,0.8137062122258842,3.3269736683556035,-0.8633327500156519
64,10589525,r,5,-2.028782335796275,0.12655232081538248,0.5793724398921172,6.382188080098361,-2.028782335796275
65,10589525,u,4,-1.3956954205783243,0.10463410877788548,0.1820374387868564,3.487909629287275,-1.3956954205783243
66,10642452,i,5,-1.6314754752871865,0.2562384332482064,0.5208739625476384,9.454284248354828,-1.6314754752871865
67,10642452,r,6,-1.3552542200248718,0.0324380752702893,0.05614134008400962,10.022666563496292,-1.3552542200248718
68,10658883,g,5,-1.655359596204623,0.09970566317490981,0.8707782475806257,2.5293625277028853,-1.655359596204623
69,10658883,i,2,-1.274876698135234,0.16339653966046908,0.16339653966046885,4.464364057052379,-1.274876698135234
70,10658883,r,7,-1.4624600989880414,0.08488968467649793,0.17400375061646267,4.853963285001733,-1.4624600989880414
71,10660520,g,4,-1.2488059231375752,0.06058824362256321,0.1497904332632749,4.477623485395749,-1.2488059231375752
72,10660520,i,3,-2.3821657392359223,0.13530899815955122,0.17275103979512485,18.70692339999369,-2.3821657392359223
73,10660520,r,6,-1.9933151278546708,0.03151723239552795,0.05867709202476323,17.444831311454905,-1.9933151278546708
74,10748228,i,6,-1.8265819499694609,0.06816880616383258,0.15759561234746933,10.450238924610366,-1.8265819499694609
75,10748228,r,6,-1.7861771011452252,0.0902325207169038,0.17803268132964423,13.113686457396339,-1.7861771011452252
76,10752474,i,8,-1.8756198222983058,0.0922386724277604,0.14758564123147155,12.500844343863672,-1.8756198222983058
77,10752474,r,8,-1.952051327025262,0.06531438839558756,0.1354885718463561,13.072739053694105,-1.952051327025262
78,10758119,g,2,-0.7699473619965529,0.037152121342805045,0.0371521213428051,2.1131874092074874,-0.7699473619965529
79,10758119,i,4,-1.0523879381982004,0.07052264612399328,0.16181435015990464,3.5226602829570193,-1.0523879381982004
80,10758119,r,8,-0.955348899224543,0.0634410106587045,0.14152332727478012,3.9768011383094617,-0.955348899224543
81,10768952,i,11,-0.4389285519680582,0.15596617409287206,0.2726835664742149,1.425301002068079,-0.4389285519680582
82,10768952,r,9,-0.7950923374704957,0.1068911821904941,0.2129774405132694,3.7237264558856342,-0.7950923374704957
83,10786659,g,2,-1.6958473839538373,0.4347659181521698,0.4347659181521697,6.7990803800333515,-1.6958473839538373
84,10786659,i,6,-1.8335451446712943,0.440210806172185,0.8319469011361731,12.94924273659793,-1.8335451446712943
85,10786659,r,10,-1.8593150580871503,0.39420940477909383,0.6812726706487879,10.458248140845987,-1.8593150580871503
86,10787091,i,11,-3.3174161248961855,0.14276327233444785,0.20564283483683354,37.318429903339684,-3.3174161248961855
87,10787091,r,8,-2.7361199661658206,0.14908160157339956,0.3044906706731898,22.248619435024573,-2.7361199661658206
88,10813595,i,9,-1.8008356543288027,0.11653120742648881,0.3516290374410773,13.519821246280472,-1.8008356543288027
89,10813595,r,6,-2.0139181932759938,0.18258216496825108,0.3272738207109631,13.258471483613304,-2.0139181932759938
90,10840165,i,7,-1.7469650135364239,0.06845388608459912,0.1266575532480967,14.470750093609622,-1.7469650135364239
91,10840165,r,4,-1.9564474852465845,0.02762249689586649,0.059459038012513954,10.842195715306621,-1.9564474852465845
92,10885152,g,2,-0.8667643054193771,0.07284124746052012,0.07284124746052023,2.2084840445571787,-0.8667643054193771
93,10885152,i,2,-1.545974538304874,0.061211027609777924,0.061211027609778146,10.661730760943595,-1.545974538304874
94,10885152,r,7,-1.5220616933004822,0.19589099984667957,0.453533727808038,6.485610816058595,-1.5220616933004822
95,10907912,i,10,-0.37496898549405855,0.054878437553084025,0.1755112751983839,0.6124306612117392,-0.37496898549405855
96,10907912,r,7,-0.7410948415759133,0.057688734753648885,0.11727722171717103,1.5412333753497722,-0.7410948415759133
97,10912767,g,3,-1.3438690819396033,0.0009987653352192538,0.37069298399250117,2.956843384914837,-1.3438690819396033
98,10912767,i,5,-1.3665816803696451,0.6907623741802214,1.6228236362386204,3.6401237909190365,-1.3665816803696451
99,10912767,r,4,-1.0671875219789801,0.5633394912775047,1.1298126698909043,4.1159109757256775,-1.0671875219789801
100,10912767,u,2,-1.3847064725529896,0.5932287730388298,0.5932287730388299,4.187866625026571,-1.3847064725529896
101,10955477,i,8,-1.7917982976927083,0.10065344950163835,0.22612806371709415,16.30754194186016,-1.7917982976927083
102,10955477,r,5,-1.8448455023335433,0.10315044658259076,0.26576307134208443,11.3137565023623,-1.8448455023335433
103,10980929,g,2,-0.8402208411978374,0.01472686454814398,0.01472686454814398,2.2072404936902084,-0.8402208411978374
104,10980929,i,14,-1.004719791765444,0.21513645491302175,0.42585425640287666,6.484432499906029,-1.004719791765444
105,10980929,r,11,-1.4053177067081135,0.15015644955544927,0.5095734255072363,7.838088670092329,-1.4053177067081135
106,10984797,i,4,-1.2531471218549122,0.0884634283852681,0.15465072431146076,6.112146176285507,-1.2531471218549122
107,10984797,r,7,-1.3968153051363221,0.05755449157153847,0.10495518306589235,7.1154686729226535,-1.3968153051363221
108,11010476,g,7,-0.8543166914565186,0.11870586637021852,0.2452298019962562,1.6199593588778023,-0.8543166914565186
109,11010476,i,14,-0.4565851289485194,0.34534602130620584,0.6573538667979402,0.850867210125113,-0.4565851289485194
110,11010476,r,15,-0.7934105462882468,0.3046587123291039,0.7015775723524416,2.4042529855501837,-0.7934105462882468
111,1104662,g,2,-0.7783034303367965,0.2542348061947709,0.254234806194771,0.7422655080386609,-0.7783034303367965
112,1104662,i,7,-0.39810224884032386,0.0633150320564771,0.13811771775091813,0.32439791526036144,-0.39810224884032386
113,1104662,r,6,-0.5099023054423412,0.12163932079941753,0.4563582307854143,0.69807794192826,-0.5099023054423412
114,1104662,u,2,-0.6290887611287816,0.20112508936450313,0.20112508936450313,0.2679470131942672,-0.6290887611287816
115,11090539,g,2,-0.952626389466745,0.00024851470693532107,0.00024851470693532107,2.292571325741883,-0.952626389466745
116,11090539,i,8,-1.5650515834714804,0.16813602395934257,0.2815085451025634,6.741567330737633,-1.5650515834714804
117,11090539,r,6,-1.4077143358760804,0.05750559888582729,0.0896729555239959,3.377130729682818,-1.4077143358760804
118,11093968,i,6,-2.198598169580408,0.2378175487917762,0.489966080521125,12.975406970835103,-2.198598169580408
119,11093968,r,5,-1.9697947372041158,0.11604079422528768,0.5775132830591518,10.565897299399133,-1.9697947372041158
120,11115127,i,6,-0.9960137937352609,0.10755144206061518,0.17664771145091362,6.690325466647078,-0.9960137937352609
121,11115127,r,5,-1.571477882777557,0.027666524975934914,0.13682754125194707,10.591282624786414,-1.571477882777557
122,1116148,g,4,-0.7067779505258853,0.0091940320680729,0.030963397671166293,1.3833466180342053,-0.7067779505258853
123,1116148,i,11,-1.1594731340945432,0.35577183564902315,0.660122945194861,3.8734178432814206,-1.1594731340945432
124,1116148,r,12,-1.069706000559629,0.19421037063309077,0.3078492121985177,3.9737563042872126,-1.069706000559629
125,11174556,g,2,-0.7350484831151765,0.0008088295918035615,0.000808829591803506,1.6434372521407346,-0.7350484831151765
126,11174556,i,4,-0.9490690275992049,0.17644362594060115,0.2618078849323362,2.501034776195111,-0.9490690275992049
127,11174556,r,6,-1.027428740368367,0.3262603211653452,0.6285268007286484,3.0531187039357035,-1.027428740368367
128,11188217,i,6,-2.373685951208445,0.18522428146147618,0.4924702881106029,10.881734983907876,-2.373685951208445
129,11188217,r,5,-2.338793127095441,0.21311195292735619,0.3453807196883929,9.456075444491894,-2.338793127095441
130,11237937,g,3,-0.20948241255743305,0.2566170280211453,0.5925771081592582,0.30840176546600995,-0.20948241255743305
131,11237937,i,8,-0.9110546506032088,0.024308696941328978,0.06432123180205962,1.9943658345204933,-0.9110546506032088
132,11237937,r,8,-0.6569481432481359,0.22938890651288452,0.46381961749500134,1.357072936696487,-0.6569481432481359
133,11275533,g,5,-1.594444821228914,0.22696063485920837,0.7532801011487313,5.514365293928108,-1.594444821228914
134,11275533,i,12,-1.9452022888909848,0.2419439930003946,0.4838766662125056,9.867902690729986,-1.9452022888909848
135,11275533,r,14,-2.1007808149479263,0.11988370084526045,0.20120629263347967,10.301722750182064,-2.1007808149479263
136,11285163,g,2,-0.6567522951219661,0.20356475711729483,0.20356475711729494,1.5695882675437953,-0.6567522951219661
137,11285163,i,6,-1.0996691885849388,0.29286001931877753,0.5374523505156414,5.194235296137028,-1.0996691885849388
138,11285163,r,4,-1.0183609040090258,0.019090982067150097,0.034116420159772565,6.3862028193375275,-1.0183609040090258
139,11299140,g,3,-1.3260391212431866,0.08938292373792311,0.17766601200130272,4.934168291959394,-1.3260391212431866
140,11299140,i,9,-2.5407106161019266,0.11656043599502164,0.22087658705093727,24.90562859349523,-2.5407106161019266
141,11299140,r,9,-2.4267255187445422,0.12063034803821404,0.26389728512448274,19.175986452352426,-2.4267255187445422
142,11367529,g,2,-0.7119590922776513,0.0757005486504867,0.0757005486504867,1.7012314334260865,-0.7119590922776513
143,11367529,i,6,-0.333013513551874,0.09442941846519508,0.15061277783233454,0.32904904714630384,-0.333013513551874
144,11367529,r,3,-0.7369735678610292,0.07452369955459759,0.09307043230144108,1.8762613628765605,-0.7369735678610292
145,11398491,g,2,-0.8203324185343177,0.11950457768214062,0.11950457768214062,1.4069522833803119,-0.8203324185343177
146,11398491,i,4,-1.002021689553374,0.034826800202781394,0.10499883350448225,5.118097116164692,-1.002021689553374
147,11398491,r,6,-1.2044076023806798,0.09712428253658412,0.23570540784964655,5.220348505158786,-1.2044076023806798
148,11408956,i,9,-2.095538504837489,0.05610585002480972,0.10023741169605493,15.062610868218997,-2.095538504837489
149,11408956,r,6,-1.9156937855850624,0.048750953465574676,0.08239405963351487,11.344399223813175,-1.9156937855850624
150,11421677,i,8,-1.7928121554368626,0.3789874979005119,1.094362812475247,7.431953503798732,-1.7928121554368626
151,11421677,r,7,-1.929281902340745,0.17967069314083983,0.9142957336480642,7.752191956738946,-1.929281902340745
152,11434434,g,5,-1.1908535457789158,0.18442756656219816,0.756302631495827,3.600552252526152,-1.1908535457789158
153,11434434,i,6,-0.9997537868593802,0.2787079252606374,0.5343764111382039,3.4288717564144577,-0.9997537868593802
154,11434434,r,9,-1.374733334801701,0.3889265875694575,0.8004528357499179,6.020147401782307,-1.374733334801701
155,11434434,u,4,-1.8557413186623029,0.2752621313717998,0.4770795181033427,3.397178167679199,-1.8557413186623029
156,11437635,i,10,-1.6850748225859773,0.09306851007827643,0.15128435060975587,7.982704649289174,-1.6850748225859773
157,11437635,r,6,-1.5962971909009758,0.09338661743160925,0.1580083777103065,10.045561939426245,-1.5962971909009758
158,11442674,g,4,-0.91569397992754,0.3359080584111118,0.6723073980894065,1.0428506695652233,-0.91569397992754
159,11442674,i,7,-0.8335396602046097,0.08886380849588638,0.2666262559251278,1.3850522885516676,-0.8335396602046097
160,11442674,r,9,-0.9726029935912153,0.06934745645626061,0.15870084165939657,1.6717179914945386,-0.9726029935912153
161,11442674,u,3,-0.03474277000126924,0.5351480254031771,0.9913907774113737,0.7574919373103551,-0.03474277000126924
162,11469143,i,9,-1.806950646354322,0.15164912510983042,0.24383800779402987,8.4136821109598,-1.806950646354322
163,11469143,r,5,-1.924813961488749,0.03506420790881348,0.049307671274189335,8.845688683590833,-1.924813961488749
164,11538971,g,4,-0.7123815653692724,0.07249334264715923,0.1374198567680054,0.6732754160598305,-0.7123815653692724
165,11538971,i,7,-0.8431202733882542,0.035819091282125015,0.08893116307329763,2.281808928560834,-0.8431202733882542
166,11538971,r,9,-1.223042556978185,0.033955708661113526,0.06398849744586999,3.8731216385773632,-1.223042556978185
167,11588998,i,11,-1.6753851181191357,0.1519892088803374,0.26579190531104047,5.68545177894434,-1.6753851181191357
168,11588998,r,4,-1.3308325591002328,0.1496951416381731,0.22399639595992893,3.725509163195566,-1.3308325591002328
169,11618376,i,10,-1.3421215677928409,0.2610520232547824,0.7988503000719611,5.033627132530765,-1.3421215677928409
170,11618376,r,12,-1.9618213228910395,0.37574612188211454,0.6875749806483422,6.8882621721800135,-1.9618213228910395
171,11636181,i,10,-1.5059931209121102,0.23884726192277128,1.0845635926394297,11.759167417253849,-1.5059931209121102
172,11636181,r,10,-1.6954763080811812,0.3100506697618446,0.8212872384762078,10.987226695893547,-1.6954763080811812
173,11716976,i,10,-1.3174161630445893,0.2048688256209843,0.6339728932929684,4.312757521508318,-1.3174161630445893
174,11716976,r,6,-1.096764004288358,0.10612635722540442,0.2611058172824303,3.740044986226657,-1.096764004288358
175,11749872,i,7,-1.398764037303879,0.2645686763591997,0.5810524254882463,5.493880983422408,-1.398764037303879
176,11749872,r,5,-1.0831520364502556,0.028711731459291512,0.029728231502999414,6.900895416893346,-1.0831520364502556
177,11789503,g,4,-0.7018323264967261,0.03980264776612574,0.056533949492319935,0.7069458630761852,-0.7018323264967261
178,11789503,i,11,-0.1442476049828978,0.07327613067363414,0.2179523200778388,0.22218342090720922,-0.1442476049828978
179,11789503,r,14,-0.40320558560383474,0.07393158375838882,0.14719238647098237,0.31260250954145363,-0.40320558560383474
180,11805945,i,17,-2.0602778927431684,0.26118529254018874,0.5218634308287275,14.875740419278658,-2.0602778927431684
181,11805945,r,14,-1.966019676034652,0.0802859545403507,0.16278473964472218,11.386533576872784,-1.966019676034652
182,11839566,g,5,-1.5527626378591173,0.4691109681691661,1.045719598727535,4.222408088517101,-1.5527626378591173
183,11839566,i,7,-1.6110563277263485,0.15100738514034462,0.30071921000230195,8.879049188968699,-1.6110563277263485
184,11839566,r,7,-1.7114220865412335,0.293076755714468,0.3395150729034051,8.284506900660523,-1.7114220865412335
185,11848628,g,3,-0.7224132687389685,0.018582623517710117,0.024354985381755512,2.0588825300420384,-0.7224132687389685
186,11848628,i,5,-0.4577584459301161,0.09789406114196525,0.39109163858344714,1.2079996367706864,-0.4577584459301161
187,11848628,r,9,-0.8716476685734406,0.101100173085657,0.37579186381659335,4.1169295518152325,-0.8716476685734406
188,1189383,g,2,-1.2230376304864836,0.24341598774765227,0.24341598774765227,4.345710023356908,-1.2230376304864836
189,1189383,i,8,-2.1657589289747,0.1458052729350925,0.2636000294948837,24.070235551999232,-2.1657589289747
190,1189383,r,9,-2.093899775894374,0.08089600583943124,0.12530197684275235,19.250959969468727,-2.093899775894374
191,11907218,g,8,-0.4496263675736287,0.25106242393710887,0.42052731136356547,0.8810400541196625,-0.4496263675736287
192,11907218,i,18,-0.5073308392968192,0.03439106552841675,0.11764488088090197,0.6929947407468792,-0.5073308392968192
193,11907218,r,13,-0.7308809527543838,0.072385449214458,0.1332470224933584,1.6047999258507264,-0.7308809527543838
194,11925506,g,4,-1.0789870952953244,0.09147643444829956,0.33642284772174025,3.2166295539932666,-1.0789870952953244
195,11925506,i,14,-1.7660207711780722,0.09899613571346333,0.21113216483361819,9.027655273322925,-1.7660207711780722
196,11925506,r,16,-1.5535687895685888,0.04216856830088844,0.0662153870180231,8.531177615693505,-1.5535687895685888
197,11973864,i,9,-2.18986507283354,0.1320283563562663,0.26668226320432975,19.30541580177314,-2.18986507283354
198,11973864,r,4,-2.007169955163876,0.03975665552505658,0.044773462348701054,12.189757994030279,-2.007169955163876
199,11990764,i,7,-1.084593586496122,0.29437034999990774,0.5290631116945461,2.2916867826396503,-1.084593586496122
200,11990764,r,3,-1.2677689000628112,0.1365916559794138,0.3324880968494126,2.2255749094204433,-1.2677689000628112
201,12045528,i,8,-1.928019506392006,0.12864369202373682,0.18783873742531854,9.811363235363071,-1.928019506392006
202,12045528,r,7,-1.919451075134372,0.09403878690687728,0.16251914873504325,10.546140523155405,-1.919451075134372
203,12072474,i,7,-2.4594788221549218,0.11729279491163158,0.14411435814109286,15.743421525825175,-2.4594788221549218
204,12072474,r,10,-2.4925241219056877,0.06488240589578953,0.2624873431437207,12.151982029149906,-2.4925241219056877
205,12075498,g,4,-0.9948049529895403,0.1430119050266242,0.2803752452463757,2.3080259982842652,-0.9948049529895403
206,12075498,i,7,-1.439998110830601,0.18156261787462058,0.31782930478551075,4.854299066123426,-1.439998110830601
207,12075498,r,8,-1.6645912127536642,0.18357002140912826,0.4321436434975001,6.671012561216248,-1.6645912127536642
208,12093294,i,9,-1.7769094121507358,0.10114162917812397,0.1947127312040593,6.066894154998462,-1.7769094121507358
209,12093294,r,6,-1.8471487892860317,0.04749431147184868,0.07398514293547942,6.562014313860414,-1.8471487892860317
210,12101698,g,4,-1.1928547349196503,0.06657077240721554,0.15761854093374827,3.0938108278720216,-1.1928547349196503
211,12101698,i,5,-1.9347369724524661,0.05450750278457228,0.4039839857623193,14.034526308319233,-1.9347369724524661
212,12101698,r,10,-2.0835922774019373,0.09953968942653013,0.20206067834139363,13.29826472361818,-2.0835922774019373
213,12225474,i,7,-0.3751031281461146,0.12598034680514547,0.22636970179299193,0.23250400279833575,-0.3751031281461146
214,12225474,r,8,-0.5730191001876839,0.06707346309280482,0.13606807285055417,1.2057703661739998,-0.5730191001876839
215,12253120,i,10,-1.7464714834745259,0.035896934780710876,0.0747805979416043,15.742607179671804,-1.7464714834745259
216,12253120,r,8,-1.9240457380131404,0.044416068600956926,0.234872123680687,8.89499786651746,-1.9240457380131404
217,12255246,g,3,-0.825592092860314,0.03906569281563543,0.05382846881636538,2.4420246612294005,-0.825592092860314
218,12255246,i,7,-0.4942109795670542,0.08377347784474098,0.12609944585235433,1.5393956865703895,-0.4942109795670542
219,12255246,r,8,-1.1064201462339134,0.07591242848863866,0.1648862473044539,7.233751128314335,-1.1064201462339134
220,12266797,g,2,-1.2938428477275283,0.056612660459194664,0.05661266045919455,5.472088305902496,-1.2938428477275283
221,12266797,i,5,-2.050328249716946,0.13802010262700382,0.27198402800466237,19.852598532520652,-2.050328249716946
222,12266797,r,8,-1.9953026272380485,0.05259984443731125,0.09470383528386028,10.628483950550464,-1.9953026272380485
223,12267310,g,4,-1.1323728222980036,0.062081160611029196,0.164355374794531,2.6417966132532147,-1.1323728222980036
224,12267310,i,6,-1.8430285981844974,0.16259938056606282,0.374282995982967,12.974569733080072,-1.8430285981844974
225,12267310,r,7,-1.6453493051196202,0.14725019380931448,0.2307477852181885,7.133683281117998,-1.6453493051196202
226,12292311,g,3,0.08453142345757136,0.210867406308076,0.43379914810560416,0.5120199974699985,0.08453142345757136
227,12292311,i,9,0.14972225739766598,0.254827922817627,0.30087411989263957,0.34943059341224997,0.14972225739766598
228,12292311,r,8,0.07509958377023085,0.13505966431647878,0.357229383675346,0.5829094701611757,0.07509958377023085
229,12304956,i,12,-1.7274304917977372,0.21226746522583928,0.4141401975181509,13.753124685917049,-1.7274304917977372
230,12304956,r,5,-1.603245767269423,0.11522627116307493,0.19421632630839403,13.210531066287093,-1.603245767269423
231,12457091,g,2,-0.9516121900255515,0.010168603972314116,0.010168603972314116,3.1849312782626686,-0.9516121900255515
232,12457091,i,6,-1.4743383092756384,0.34046333606052737,0.5491572795403241,8.43815912644195,-1.4743383092756384
233,12457091,r,7,-1.632157611530729,0.06366823034319014,0.08397945888349745,12.357585057236134,-1.632157611530729
234,12469589,g,2,-0.5207311415632504,0.19767953199925647,0.19767953199925642,0.808948595701805,-0.5207311415632504
235,12469589,i,7,-0.8326258698304052,0.11877633112035835,0.15703824207287775,3.664753770611358,-0.8326258698304052
236,12469589,r,6,-1.1469454748068546,0.15216732553680867,0.2663611190062207,3.3447705384223974,-1.1469454748068546
237,12492654,i,9,-0.6226756854991469,0.24452027580092994,0.3248849907300033,2.276928884665301,-0.6226756854991469
238,12492654,r,3,-1.0367063981051023,0.027375213258572728,0.09744084004067544,5.030833118850505,-1.0367063981051023
239,12504340,i,12,-2.3460134731706352,0.4030536900802879,0.9087197322015497,14.062789700057225,-2.3460134731706352
240,12504340,r,8,-1.62178925355143,0.18149208176535447,0.35366027882939854,10.38470097639598,-1.62178925355143
241,12513142,g,2,-2.5011405564010523,0.19958956828653696,0.1995895682865365,6.768637200207024,-2.5011405564010523
242,12513142,i,6,-2.0394231525226694,0.11495872045972899,0.219496361805267,20.26845615297297,-2.0394231525226694
243,12513142,r,5,-2.1015202326323683,0.19372288783774927,0.5308441422203485,11.701146916786211,-2.1015202326323683
244,1254268,g,3,-1.8882674639140775,0.00693146031106151,0.5738178888604306,3.915295607452293,-1.8882674639140775
245,1254268,i,6,-1.6634294964553173,0.16018356232895437,0.276544296866418,9.042034933083634,-1.6634294964553173
246,1254268,r,9,-1.8196742809869915,0.041180104592038136,0.07100619473614378,7.2542192847824545,-1.8196742809869915
247,12582615,g,3,-1.454892889500389,0.008865168907457921,0.2523364415093483,4.420888556465087,-1.454892889500389
248,12582615,i,7,-1.1792353305034278,0.20604808719175605,1.1615283410937582,10.440904733835534,-1.1792353305034278
249,12582615,r,6,-1.7624186091595786,0.22051446625140025,0.6731944524699693,8.592383996463694,-1.7624186091595786
250,1260849,g,4,-1.6202031275011277,0.16759518121237593,0.3403514883145453,7.333699031946224,-1.6202031275011277
251,1260849,i,8,-2.2536389208270466,0.4417001587481816,0.7829597841132292,14.786642043848389,-2.2536389208270466
252,1260849,r,9,-2.244086782344621,0.19616066303623692,0.5660370006459323,11.033813383105421,-2.244086782344621
253,12641871,g,4,-0.8086013712425901,0.09917426243918182,0.16662089076629294,2.6282197393945883,-0.8086013712425901
254,12641871,i,6,-1.2768158724407135,0.05007051011364605,0.07784330058652711,4.313431904567919,-1.2768158724407135
255,12641871,r,9,-1.1588382588599238,0.12372968713975951,0.23844224584857265,3.2792046963188626,-1.1588382588599238
256,12674553,g,3,-1.4216527251994096,0.11154057848227428,0.24486231571823103,3.925477641200826,-1.4216527251994096
257,12674553,i,13,-1.3161888697278639,0.416103429808965,0.8991078940117734,4.659980687613802,-1.3161888697278639
258,12674553,r,9,-1.4020148795094578,0.05257247756259953,0.0985617571199271,5.693218015406051,-1.4020148795094578
259,12795908,i,8,-3.1091824708667097,0.08909891919283575,0.16873772273005994,29.639731250210772,-3.1091824708667097
260,12795908,r,6,-2.953840971286967,0.0733052966805996,0.1216389430548439,22.51790360317403,-2.953840971286967
261,12854509,g,3,-0.9461980064194009,0.04267905448520182,0.25600039997812685,3.334323013722757,-0.9461980064194009
262,12854509,i,2,-2.033703659584745,0.02141325981255182,0.02141325981255182,25.296441822041125,-2.033703659584745
263,12854509,r,7,-2.003097842756957,0.1479332999183678,0.22860586484902434,16.05170545914441,-2.003097842756957
264,12862808,i,6,-2.1812007306143464,0.08967789126210679,0.17251837255981028,25.96849295824407,-2.1812007306143464
265,12862808,r,5,-2.179187135913483,0.11317414843125828,0.26923688876815266,18.07754503675224,-2.179187135913483
266,12894309,g,6,-1.164989211344046,0.05655824922641606,0.08962903816834689,4.276594178939386,-1.164989211344046
267,12894309,i,11,-1.9760483676488763,0.17093492843601643,0.38827540575639574,13.734615471344403,-1.9760483676488763
268,12894309,r,11,-1.6662766910588052,0.0390968387551911,0.07325177305038766,12.704806764688168,-1.6662766910588052
269,12935123,i,6,-1.6821993010561542,0.15759196886184668,0.27898690793546943,8.196490621048822,-1.6821993010561542
270,12935123,r,7,-1.4281117060389739,0.02875889669389231,0.060538263625687705,5.813902648204682,-1.4281117060389739
271,12967186,g,2,-0.8448866392305912,0.2342400594219678,0.2342400594219678,2.211925349348791,-0.8448866392305912
272,12967186,i,6,-1.497514787678631,0.14314491991355083,0.28305343253821946,5.711939088710007,-1.497514787678631
273,12967186,r,7,-1.493124330131456,0.10071280010187555,0.1764594525480847,6.1963925700702776,-1.493124330131456
274,12972595,i,6,-0.45263487996103974,0.12815974196186242,0.23823167013028385,0.6059571978638276,-0.45263487996103974
275,12972595,r,7,-0.6439200770234959,0.007498687931525971,0.03674321919135082,1.5001089703969261,-0.6439200770234959
276,12986080,g,3,-0.9992331922254645,0.1295547991667959,0.1813629664932841,3.720993068930636,-0.9992331922254645
277,12986080,i,6,-2.0090224587173595,0.05372300326715784,0.2209509957143685,13.709866935113801,-2.0090224587173595
278,12986080,r,4,-1.536370707165789,0.02058572058984376,0.04387171377906873,12.575362519917965,-1.536370707165789
279,13003763,i,6,-2.521997861855722,0.19708353348594665,0.33339100573811553,24.107810556860304,-2.521997861855722
280,13003763,r,4,-2.4795278712980213,0.05832944361051906,0.11495585967923105,20.730628537272523,-2.4795278712980213
281,13023515,i,9,-0.3409215633816801,0.18092207027945162,0.32088075528488613,1.0521823805164963,-0.3409215633816801
282,13023515,r,8,-0.8160942497188123,0.21360678074116762,0.34687068856636794,3.7700599543168414,-0.8160942497188123
283,13084593,i,10,-1.5428636939265792,0.04352023104620795,0.07560097565374857,10.70336554728585,-1.5428636939265792
284,13084593,r,9,-1.5525777416086877,0.05049144122180449,0.0862211221354987,14.207923437791438,-1.5525777416086877
285,13094851,g,4,-0.711730360212913,0.038357512215706324,0.20375643055113446,1.074311074982853,-0.711730360212913
286,13094851,i,6,-0.8602179256427209,0.4245725446832658,0.7897850026238042,2.223168408560341,-0.8602179256427209
287,13094851,r,7,-1.2151106606850612,0.1740795756740301,0.4723018731264721,3.6429391319349933,-1.2151106606850612
288,13105112,i,12,-2.9108306430703226,0.13850222192417094,0.24642243901992034,24.482633480769852,-2.9108306430703226
289,13105112,r,9,-2.494005049179758,0.1550185194309308,0.5244043390845228,23.974594408750963,-2.494005049179758
290,13146609,i,9,-1.5156549862096755,0.1728213802559604,0.2797820603551364,7.399635635695351,-1.5156549862096755
291,13146609,r,6,-1.2206430545116507,0.13345294140579467,0.3607923477850692,6.039518660903052,-1.2206430545116507
292,13157368,g,3,-0.5649528569415128,0.021016087687653284,0.08005235555663004,0.8856408722816541,-0.5649528569415128
293,13157368,i,7,-0.6684263635938319,0.05135189301420584,0.21523694305353447,3.115173320792484,-0.6684263635938319
294,13157368,r,8,-1.1562509555663776,0.09293888578349929,0.2026957038167605,5.501512595187508,-1.1562509555663776
295,13200684,g,2,-0.8794723413923132,0.3564642867050968,0.35646428670509667,2.4100228422898007,-0.8794723413923132
296,13200684,i,5,-2.0060671703630018,0.06683293047229366,0.14589331523809546,23.757080714500084,-2.0060671703630018
297,13200684,r,7,-1.8699455112235732,0.1013701550676418,0.20497922269107471,16.270474632080898,-1.8699455112235732
298,13210428,g,2,-1.291966750658712,0.1500209550532734,0.1500209550532734,4.0189052215133145,-1.291966750658712
299,13210428,i,10,-1.5211267651990257,0.26028268597642323,0.4566639335574929,7.137698407120754,-1.5211267651990257
300,13210428,r,5,-1.696892629098391,0.10014718116615762,0.1251461250261683,7.34724335071166,-1.696892629098391
301,1321489,i,8,-2.013520295980592,0.19588756021642495,0.5325166604657787,11.605893389705255,-2.013520295980592
302,1321489,r,11,-1.7742602167708361,0.08198435432937257,0.16358787470892766,13.101226545443803,-1.7742602167708361
303,13216189,g,5,-1.612075991208616,0.19355746407843455,0.2161401452098668,4.249296701602979,-1.612075991208616
304,13216189,i,7,-1.5328278814487852,0.7427492292044038,1.035303979060333,5.366547411802328,-1.5328278814487852
305,13216189,r,8,-1.6368109551997752,0.18199165047857901,0.2831318894930799,6.297393748840339,-1.6368109551997752
306,13218944,i,10,-0.8823894787799179,0.02823750790841828,0.060888448723272814,1.753549280088364,-0.8823894787799179
307,13218944,r,9,-0.9759113160255612,0.16799297276913538,0.2945596658877476,2.1034426599701166,-0.9759113160255612
308,13234858,g,5,-1.246269387621453,0.3829260330932147,0.4082624667812096,3.6317132398966123,-1.246269387621453
309,13234858,i,10,-1.1799143070611173,0.10031307700095338,0.16523894561934438,2.9340119883725144,-1.1799143070611173
310,13234858,r,8,-1.440756836791168,0.3760841759034357,0.7171202570024064,6.539724438159947,-1.440756836791168
311,13234858,u,3,-1.453343839318447,0.12180077328771777,0.14033317141082025,4.761169085877458,-1.453343839318447
312,13240109,g,2,-1.55245570528619,0.06426297329491903,0.06426297329491892,8.309585419061937,-1.55245570528619
313,13240109,i,13,-2.3197203558369996,0.18353569971109884,0.32207340812991303,16.149229204499395,-2.3197203558369996
314,13240109,r,17,-2.0155014071502464,0.053728389890988826,0.09879333284216907,11.13692838623772,-2.0155014071502464
315,13246241,g,2,-1.2604944708503127,0.10549653849380025,0.10549653849380025,5.106816388718855,-1.2604944708503127
316,13246241,i,8,-1.5408051741625615,0.2465800408750981,0.38376974235851113,9.97075870484288,-1.5408051741625615
317,13246241,r,7,-1.5321070371057206,0.12810089169388972,0.2174890363023465,8.688248115257585,-1.5321070371057206
318,1329565,g,3,-0.7070469229784904,0.045867565231642704,0.09133774412297857,2.1702945564478546,-0.7070469229784904
319,1329565,i,7,-1.4192105369949468,0.25205729560411916,0.5518480977378619,4.511255820686413,-1.4192105369949468
320,1329565,r,11,-1.0304843937332757,0.1749483352558001,0.34684465922419805,4.651543681998803,-1.0304843937332757
321,13315919,i,12,-2.4440198751703672,0.21062146560680972,0.41004894475368037,24.70912022598252,-2.4440198751703672
322,13315919,r,7,-2.2312599834029516,0.08781272571487264,0.16641168022574027,25.0782936799604,-2.2312599834029516
323,13337080,g,3,-1.4998658457031675,0.13442813688676147,0.1407702406465856,6.191778101829224,-1.4998658457031675
324,13337080,i,5,-1.5259494545357382,0.2819232781551393,0.45830548807643456,7.492195834607779,-1.5259494545357382
325,13337080,r,7,-2.3949693288962624,0.07695945123738168,0.47781457355156465,10.320083833177724,-2.3949693288962624
326,13338764,i,7,-2.2639894650777874,0.180584913843004,0.2729818073229935,14.939338453828261,-2.2639894650777874
327,13338764,r,5,-2.037059601633261,0.023254849406749045,0.0784929384092714,12.002497307273853,-2.037059601633261
328,13349796,i,5,-1.9674201079710936,0.0632303214047969,0.08389415717860849,22.614454391990765,-1.9674201079710936
329,13349796,r,10,-2.035352015902877,0.037924227509156916,0.05510849562221276,17.275436823428386,-2.035352015902877
330,13367870,g,4,-0.576841404750153,0.26305399167974863,0.5422030493769762,1.2661100657174331,-0.576841404750153
331,13367870,i,9,-0.7068212920759692,0.09210371282478502,0.28618832319212223,1.247683546566953,-0.7068212920759692
332,13367870,r,11,-0.8604674981773446,0.11208335251506374,0.1625436368584805,3.5088649901857356,-0.8604674981773446
333,13367870,u,4,-0.6129276848647174,0.09120135932573548,0.20507245871204383,0.9807020655054464,-0.6129276848647174
334,133758,g,2,-0.8919855096174494,0.09108385118581253,0.09108385118581253,1.3106082542103508,-0.8919855096174494
335,133758,i,7,-1.0416706583090312,0.26794498747494355,0.35534475901601636,2.7420135420012244,-1.0416706583090312
336,133758,r,6,-0.89399737476062,0.19542841862573546,0.394973381022941,2.4436538252679463,-0.89399737476062
337,13378000,g,5,-0.8132091699499946,0.07580437788611372,0.3392972335463096,1.0702011022744318,-0.8132091699499946
338,13378000,i,15,-1.0925488259660512,0.3871154921038418,0.769350919058674,3.4631858284253756,-1.0925488259660512
339,13378000,r,15,-1.348432836891224,0.10306119355987842,0.34452040951025076,5.352078485966829,-1.348432836891224
340,13421697,g,4,-0.7631136988064429,0.06802063029345423,0.09565075621362873,2.1090790203473664,-0.7631136988064429
341,13421697,i,3,-0.9830562887323666,0.14079888590855227,0.27095762023700953,3.6511732560549497,-0.9830562887323666
342,13421697,r,3,-1.0094692766936535,0.0037676695139101657,0.036621119872803476,3.774509690396094,-1.0094692766936535
343,13421697,u,2,-0.040907564674287133,0.5286697069382504,0.5286697069382504,0.43319099764527913,-0.040907564674287133
344,13524618,g,2,-0.7924074251747463,0.09283894861830022,0.09283894861830011,1.908878323092978,-0.7924074251747463
345,13524618,i,9,-1.1522339763537695,0.06552908171406435,0.1745141539353663,5.060178459134032,-1.1522339763537695
346,13524618,r,9,-1.2573871408356254,0.0725049461574383,0.13555604309210412,5.79267824797628,-1.2573871408356254
347,13524618,u,2,-1.387106300970254,0.06348636855798984,0.06348636855799006,4.466397116954672,-1.387106300970254
348,13558640,g,2,-0.6271731866839607,0.1800473730129552,0.18004737301295515,1.5310992571386886,-0.6271731866839607
349,13558640,i,5,-0.7450122582549581,0.1221350077280483,0.29187149069373675,2.4245608808909904,-0.7450122582549581
350,13558640,r,4,-1.1058810707734752,0.05516593334136277,0.065216388262193,4.273295338918976,-1.1058810707734752
351,13667758,i,6,-2.3598009544590157,0.11779450804357894,0.1847293494815916,14.42106201216635,-2.3598009544590157
352,13667758,r,11,-2.361740841350829,0.1365628582367986,0.3893653668764516,12.331098602648126,-2.361740841350829
353,13710643,g,2,-0.5494472709566933,0.03259361981528369,0.03259361981528375,1.1046526942134838,-0.5494472709566933
354,13710643,i,3,-1.0014383335562698,0.19757156762644412,0.4608384825801175,5.929255829936092,-1.0014383335562698
355,13710643,r,6,-1.1185614697809483,0.24639409659406886,0.4520633430160823,6.00677412380901,-1.1185614697809483
356,13746735,i,8,-0.4330446785431584,0.0515969779577595,0.10668730923690783,0.6813426847754217,-0.4330446785431584
357,13746735,r,6,-0.8935972054549426,0.05721202224831767,0.08802723591380723,3.1592607497400707,-0.8935972054549426
358,13798618,i,9,-2.111501772994547,0.15264790856507737,0.41701303977439275,12.837844379928077,-2.111501772994547
359,13798618,r,7,-1.675807254092732,0.04455095928176189,0.1035494875653793,7.970530474359101,-1.675807254092732
360,13831364,i,7,-2.1334960560935032,0.23900307076959404,0.44923898293581077,17.12667027749752,-2.1334960560935032
361,13831364,r,5,-2.117853177553899,0.1797097047023999,0.19909123699949305,13.835090490053432,-2.117853177553899
362,13893543,i,8,-2.0136829597405144,0.06356481766073951,0.12294627627438426,10.32138412132558,-2.0136829597405144
363,13893543,r,5,-2.0636636450276993,0.08430235339042325,0.15551220608636918,10.252888586918353,-2.0636636450276993
364,139034,i,6,-1.0598143708371817,0.08759772333967608,0.1460456245035615,4.027424371288563,-1.0598143708371817
365,139034,r,5,-1.0975516466666524,0.1328188781611397,0.16714301160149703,3.773696299150683,-1.0975516466666524
366,13955325,i,12,-2.1943290287470454,0.11047653273332037,0.193895369292441,12.495131892775987,-2.1943290287470454
367,13955325,r,8,-2.0130690042363844,0.24117122949842684,0.4131391116333374,15.30674771022109,-2.0130690042363844
368,13995930,i,6,-1.2270239500618667,0.3077920708918527,0.6134438063935364,4.426644069581302,-1.2270239500618667
369,13995930,r,5,-1.2078146978278703,0.372519281996192,0.5667534790511037,4.687203865859109,-1.2078146978278703
370,14034996,g,2,-1.2870368599937203,0.34004192491491464,0.3400419249149147,3.83102302184455,-1.2870368599937203
371,14034996,i,12,-1.3609527821184488,0.46837949013436686,1.284139608220639,7.938519371951326,-1.3609527821184488
372,14034996,r,8,-1.228959948062502,0.0694405188069891,0.12146742073938976,8.390906295515189,-1.228959948062502
373,1404578,i,8,-1.2751747970263811,0.10483952690480891,0.19800026840007745,4.721663284936188,-1.2751747970263811
374,1404578,r,7,-1.4922786644990864,0.017489370777139968,0.08126479237553563,6.519391233421558,-1.4922786644990864
375,14064259,g,4,-1.099400201808983,0.44886445517699647,0.872255577044429,3.0731572049923996,-1.099400201808983
376,14064259,i,8,-1.2635579945467161,0.5923628456408768,1.098283303145238,3.676039165213625,-1.2635579945467161
377,14064259,r,7,-1.6321804836663847,0.11946364819476196,1.1798941383803006,4.006198370126765,-1.6321804836663847
378,14064259,u,2,-0.47006093345640765,0.15669640610405344,0.15669640610405344,0.7219244151402485,-0.47006093345640765
379,14166038,i,7,-3.0865495227912736,0.20630708458461378,0.28522295811957665,27.833408956571464,-3.0865495227912736
380,14166038,r,6,-2.5802073991172287,0.05274187666730534,0.09449686956756764,29.264617621444966,-2.5802073991172287
381,14174738,i,8,-2.3261859032668646,0.19106984381402858,0.32059905241005904,11.260882299853414,-2.3261859032668646
382,14174738,r,9,-1.9568676446855058,0.1830793735781837,0.5629453176506223,11.035475513173004,-1.9568676446855058
383,14178287,i,6,-2.3712159449946997,0.3680049566246495,0.5571325958790307,15.582555468067396,-2.3712159449946997
384,14178287,r,5,-2.074350002654894,0.07009670911618571,0.285081311578371,11.718623927927137,-2.074350002654894
385,14188235,g,2,-0.5117390626690796,0.18560486601613402,0.18560486601613402,0.42022984130274127,-0.5117390626690796
386,14188235,i,9,-0.4365687969362415,0.09305625124852446,0.19814733189660594,0.7625274170660217,-0.4365687969362415
387,14188235,r,8,-0.616487390608836,0.1085805772235221,0.21036423963961148,1.0383613461874681,-0.616487390608836
388,14346425,i,6,-1.4329582334379194,0.19037936198407568,0.3475108606685171,8.09085992671862,-1.4329582334379194
389,14346425,r,5,-1.35677043528725,0.11359088138353868,0.14114862211791857,5.218044709280554,-1.35677043528725
390,14367463,g,3,-1.0729859718950778,0.005094868555451271,0.4510555991660121,2.093917635056654,-1.0729859718950778
391,14367463,i,5,-1.8066828860787159,0.03628335574032149,0.05954690176681776,12.226490251507164,-1.8066828860787159
392,14367463,r,5,-2.0313826481003727,0.06525749780554557,0.1162726715636695,7.921369424883636,-2.0313826481003727
393,14385034,g,4,-1.0854354566397837,0.11050283130363558,0.18246035607787325,2.208088609658547,-1.0854354566397837
394,14385034,i,14,-0.778534773931193,0.16093470888346262,0.3505826049226841,1.084587551634285,-0.778534773931193
395,14385034,r,15,-0.833341860947558,0.20672216290139522,0.41192776039165313,1.4208575833477926,-0.833341860947558
396,14385034,u,2,1.068695182443175,0.07133970903252895,0.07133970903252917,2.2456657397067863,1.068695182443175
397,14390364,g,4,0.3317662154006804,0.07603493645561876,0.17337432212440845,0.19842162482769532,0.3317662154006804
398,14390364,i,8,-0.09215900739800623,0.3500347277292689,0.570642939535916,0.5991764749269625,-0.09215900739800623
399,14390364,r,10,-0.08346009947467703,0.1459129428410666,0.24692060780058828,0.12299886998825534,-0.08346009947467703
400,14413210,g,3,-1.1187104719751821,0.0441873163078359,0.08967201042567696,4.044302234305973,-1.1187104719751821
401,14413210,i,7,-1.556063428368164,0.11720845190617735,0.3900535307953352,13.26924154074342,-1.556063428368164
402,14413210,r,5,-1.6284208116031715,0.033341486928291086,0.059471246459924076,11.176891129347819,-1.6284208116031715
403,14429036,g,4,-0.8512516603149143,0.10729105604837946,0.22309290721019293,2.6446477847142766,-0.8512516603149143
404,14429036,i,4,-1.1870037274519496,0.16440464610287608,0.3410551479897044,9.352321108819554,-1.1870037274519496
405,14429036,r,4,-1.3422500823284902,0.0327960961362066,0.09793737153229265,10.034332367843476,-1.3422500823284902
406,14453568,i,6,-0.4374519744915362,0.0032269172993677486,0.0052902174279015335,0.32667780732378054,-0.4374519744915362
407,14453568,r,5,-0.7581282201319985,0.0723368619997462,0.2711206921116349,0.8190808698694527,-0.7581282201319985
408,14460606,i,4,0.7084246967920896,0.090305848404019,0.19758562555296055,0.8008518966404017,0.7084246967920896
409,14460606,r,7,0.09708093924646777,0.02532690308509955,0.036445234388004066,0.04624202232794455,0.09708093924646777
410,14494550,g,5,-0.7042569149225059,0.0936995364951635,0.1519571869532328,1.9059361019150554,-0.7042569149225059
411,14494550,i,11,-1.2260421412182523,0.07802510641335458,0.29210792293394916,2.1643821123946707,-1.2260421412182523
412,14494550,r,12,-1.1154062582712583,0.22255793955458358,0.4760397318194529,3.7699873508961805,-1.1154062582712583
413,14532671,g,2,-0.6058287902290186,0.2848327044057798,0.28483270440577985,1.1281449226365172,-0.6058287902290186
414,14532671,i,6,-1.6772969429690991,0.10085157646667842,0.19282998154863518,6.733641249518718,-1.6772969429690991
415,14532671,r,7,-1.2897762958357102,0.06130736997354802,0.15223119032143595,4.3134360318788785,-1.2897762958357102
416,14612441,i,5,-1.0166114011524088,0.17925260440165114,0.30047520010886364,3.20337772891142,-1.0166114011524088
417,14612441,r,5,-1.332269471937053,0.012054531892280673,0.4056643979002821,4.657547624512382,-1.332269471937053
418,14612441,u,2,0.010335170163238372,0.12006663315115484,0.12006663315115484,0.03845002159746562,0.010335170163238372
419,14649919,g,4,-1.0087194073915478,0.22770112875770632,0.5380287945577558,3.525964131226923,-1.0087194073915478
420,14649919,i,9,-1.72623790430222,0.4891786494675294,0.8583270267924579,6.259871990917803,-1.72623790430222
421,14649919,r,11,-1.0531987644583478,0.24110250471944683,1.098149614238147,6.451830885060105,-1.0531987644583478
422,14668643,g,4,-2.0519573301663163,0.08326741327204168,0.12649454291246887,5.063630265158694,-2.0519573301663163
423,14668643,i,11,-2.0476247044840585,0.3318173232873596,0.6338334308534916,11.54450316653555,-2.0476247044840585
424,14668643,r,11,-2.101694368845093,0.08583900926796684,0.14655232388770756,9.577329837640182,-2.101694368845093
425,14672728,i,8,-1.3984690001416276,0.44687442189885784,0.9575823826225843,5.38476014633823,-1.3984690001416276
426,14672728,r,6,-1.7384980475774938,0.15923008712527587,0.7810204511595789,6.679801107165795,-1.7384980475774938
427,14682648,i,12,-2.2563155862512954,0.20377070803421193,0.310788245452025,19.59308530981525,-2.2563155862512954
428,14718224,i,8,-0.8824943910735377,0.0036649798014154467,0.06703007932987493,1.0496122569482917,-0.8824943910735377
429,14718224,r,7,-1.1231328674108696,0.009304740475167383,0.020981474784741216,1.9562559953999836,-1.1231328674108696
430,14760163,g,3,-0.717500239813224,0.007038256856471525,0.23599598401120225,0.5310542020062015,-0.717500239813224
431,14760163,i,7,-0.5613507812733212,0.25415209821394513,0.43534268066808,2.553842287163803,-0.5613507812733212
432,14760163,r,8,-0.5275380056140054,0.12565751171875317,0.26978364415726086,1.1431050693744222,-0.5275380056140054
433,14780143,i,9,-3.113699382703695,0.06347612474777264,0.12248439734124972,29.73082002317396,-3.113699382703695
434,14780143,r,3,-2.5187793809401597,0.10935858489010242,0.3310487364782726,24.441282152906847,-2.5187793809401597
435,14782377,i,7,-0.4710031595251922,0.1942648955349604,0.530894798130615,0.9729541036669538,-0.4710031595251922
436,14782377,r,6,-0.41571193789473676,0.3107752704988717,0.6436928667933473,1.083810415180009,-0.41571193789473676
437,14786498,g,3,0.04542381053759037,0.053664844860894956,0.4010963764883103,0.3128660900494832,0.04542381053759037
438,14786498,i,10,-0.04636791116762645,0.11442501000193406,0.42007863667261297,0.5767874874605058,-0.04636791116762645
439,14786498,r,10,-0.5248683916541912,0.1621458224901604,0.38402965113734167,1.9515712104700604,-0.5248683916541912
440,14833719,g,4,-0.9919787717271846,0.022865246529707006,0.06390710831351998,3.6553245113839923,-0.9919787717271846
441,14833719,i,8,-1.5682441995058571,0.0849509590708376,0.22507538624836965,12.87045767471342,-1.5682441995058571
442,14833719,r,10,-1.4734097082440536,0.08054190897721158,0.12839355561894883,10.3244565355505,-1.4734097082440536
443,14838831,g,3,-1.1099096374591717,0.4039597992800039,0.5561049751301947,2.775392849947611,-1.1099096374591717
444,14838831,i,4,-1.7378309663994491,0.30142922010844375,0.4920931306447731,6.948798306482412,-1.7378309663994491
445,14838831,r,8,-1.8555477410811148,0.22099835711275018,0.45223796929731397,7.17582530413447,-1.8555477410811148
446,14862115,i,9,-0.8106469347333121,0.09227724107629953,0.1778337393183146,1.5781253282116248,-0.8106469347333121
447,14862115,r,10,-1.035735217522077,0.09550506466111763,0.16440907222780454,2.791508503654423,-1.035735217522077
448,14864961,i,6,-1.25963570520601,0.07677237686981464,0.1288214615876655,8.047000508519757,-1.25963570520601
449,14864961,r,6,-1.306297573223257,0.053057392736229336,0.08491968513245607,8.239686591850276,-1.306297573223257
450,14910990,g,2,-0.7229160338163805,0.029939952391092373,0.029939952391092373,1.7787036152772493,-0.7229160338163805
451,14910990,i,8,-1.4981944251245194,0.2234725017316458,0.5076506911400978,6.683890938584602,-1.4981944251245194
452,14910990,r,7,-1.225125249596728,0.13019474282875976,0.27812758243764013,4.134974350366476,-1.225125249596728
453,149521,g,2,-0.25022170724477455,0.060960783141701835,0.060960783141701835,0.1312947174001215,-0.25022170724477455
454,149521,i,5,-0.6940301767226603,0.030490374435694245,0.05722696049830156,1.123345652128862,-0.6940301767226603
455,149521,r,6,-0.7789249761557012,0.042203829376685875,0.08383940488971642,1.3410760732407987,-0.7789249761557012
456,15019816,i,7,-0.6028742012512962,0.07544366243639344,0.17756707590163712,1.0585592506967532,-0.6028742012512962
457,15019816,r,5,-0.9110086787392486,0.08402957544302558,0.17056931153747168,4.444271064558856,-0.9110086787392486
458,15053970,i,9,-2.4212167806192606,0.13364180558226435,0.39387266667233645,19.687884009380785,-2.4212167806192606
459,15053970,r,7,-2.3106703437035767,0.03628944836902548,0.068497543917315,13.994247945596863,-2.3106703437035767
460,15055293,g,4,-0.8077621187431223,0.1779896263799211,0.36592098331945044,2.4510220627953934,-0.8077621187431223
461,15055293,i,8,-0.8593546709741543,0.14941427429414522,0.29146404359577127,3.2394007949453885,-0.8593546709741543
462,15055293,r,8,-1.0806772956903483,0.1339238571991611,0.2851914614799842,4.570153335965738,-1.0806772956903483
463,15117193,i,7,-1.481212150921617,0.045948445941235816,0.08389878566083642,4.679566413868313,-1.481212150921617
464,15117193,r,7,-1.5501303591170372,0.22579377106787435,0.3027015330771641,6.524213617987406,-1.5501303591170372
465,15173754,g,3,-1.3139090645700513,0.026597631595958182,0.4624418592962476,6.098910990610627,-1.3139090645700513
466,15173754,i,11,-2.2172088739588194,0.3914295419546414,0.6380006688387252,12.50949521276094,-2.2172088739588194
467,15173754,r,14,-1.8563823562264243,0.27573078155574693,0.48469810937322766,9.62190630440667,-1.8563823562264243
468,15184523,g,2,-1.310829303160688,0.044662794666219474,0.04466279466621925,3.527940698072275,-1.310829303160688
469,15184523,i,4,-1.3311147381221664,0.18584850833019406,0.34043580903366455,7.513890610406965,-1.3311147381221664
470,15184523,r,6,-1.579874700894536,0.10356689393565888,0.15769607876022795,7.7461901513724625,-1.579874700894536
471,15204658,i,7,-1.9857893416663595,0.11446095114709665,0.16747941114803133,12.484046981537164,-1.9857893416663595
472,15204658,r,5,-1.9464857701445113,0.08370368254836968,0.2795539061176924,10.931497357000563,-1.9464857701445113
473,15220444,g,2,-0.7675524682998667,0.14871534822440058,0.14871534822440058,1.4319394893822612,-0.7675524682998667
474,15220444,i,7,-0.8230353744101638,0.08039399157734706,0.12318439032072814,2.816603114570854,-0.8230353744101638
475,15220444,r,7,-0.9681049484029013,0.14274593930753132,0.26407879859401096,4.039155608523781,-0.9681049484029013
476,15250731,i,8,-1.6283450729574536,0.06237200277109334,0.12317136669734552,10.071869471607275,-1.6283450729574536
477,15250731,r,10,-1.663436480985462,0.1358464880476965,0.2203069947059504,8.952580518791454,-1.663436480985462
478,15295206,g,3,-0.8443032727849971,0.1303336054175206,0.15000161477431073,2.3591681127880806,-0.8443032727849971
479,15295206,i,10,-1.1112601026258075,0.15386884406754275,0.2783385714488046,4.009880655620857,-1.1112601026258075
480,15295206,r,7,-1.1311240131806113,0.18273892768351652,0.22391561807427696,7.4138528842982785,-1.1311240131806113
481,15316398,g,5,-0.7366190920343363,0.07096483164500311,0.11590900394419679,1.2390758360206482,-0.7366190920343363
482,15316398,i,5,-0.20982435368109348,0.49172888753633,0.8901346293504845,0.7557023107654363,-0.20982435368109348
483,15316398,r,11,-0.4809428632575664,0.30254327675898174,0.800421494607277,1.504209072191999,-0.4809428632575664
484,15380470,g,5,-0.7307582754998179,0.1887757129702794,0.20117746667849878,1.3273340214132126,-0.7307582754998179
485,15380470,i,3,-0.6415200029970373,0.10586462706802813,0.41638253720235097,2.8508097519509126,-0.6415200029970373
486,15380470,r,6,-1.2844860933975597,0.04541284569606663,0.4190600918431069,3.6723982528643426,-1.2844860933975597
487,15409924,g,3,-1.6325859097630326,0.08277851316170093,0.13461081079168924,4.231490332801542,-1.6325859097630326
488,15409924,i,10,-1.5897725094437396,0.46209759602200384,0.8895700195215842,5.683691203536023,-1.5897725094437396
489,15409924,r,10,-1.7501501397967019,0.09621814213314006,0.2579230032137074,5.774075179670775,-1.7501501397967019
490,15414247,i,9,-1.4322974410400864,0.23377375078217,0.5161898131619436,9.268745284576859,-1.4322974410400864
491,15414247,r,7,-1.4828597689178276,0.12387489495346049,0.23487778519167857,6.382532525705185,-1.4828597689178276
492,15426181,g,3,-1.5828931744893526,0.003587772715174742,0.04678861730131301,2.8280139354111227,-1.5828931744893526
493,15426181,i,7,-0.8791628394585915,0.07055711019651623,0.2935420384227727,2.6583977348610275,-0.8791628394585915
494,15426181,r,6,-1.1912564917043502,0.031127581874738408,0.13010495921538534,2.976268285802514,-1.1912564917043502
495,15461357,g,2,-1.1623526154786363,0.3049098375299676,0.3049098375299677,1.6628217541220665,-1.1623526154786363
496,15461357,i,5,-1.5790410612482042,0.002296242357219702,0.01228039754883059,3.933320964822632,-1.5790410612482042
497,15461357,r,5,-1.6366258736841215,0.0850844250228775,0.18695443533748723,5.037690388108698,-1.6366258736841215
498,15489869,i,8,-1.9346543135023138,0.20947221347502443,0.5090243907974474,14.04727189133568,-1.9346543135023138
499,15489869,r,5,-1.9767174232281641,0.04141916443536919,0.10153122544780424,16.753388232232744,-1.9767174232281641
500,15514195,i,5,-1.3700605884354982,0.14320989347137858,0.23408693815097337,5.033078071778929,-1.3700605884354982
501,15514195,r,8,-1.4492423086867323,0.0280281151957521,0.0644550801921484,5.955988380659046,-1.4492423086867323
502,15540327,g,2,-0.9325358264360895,0.11901627900533085,0.11901627900533085,2.8429096767168502,-0.9325358264360895
503,15540327,i,12,-1.7461592037361524,0.23826813921535872,0.3598125262362082,9.966769532173556,-1.7461592037361524
504,15540327,r,9,-1.6251922868884467,0.21258584163067673,0.4702352347022136,12.045696509877953,-1.6251922868884467
505,15578971,g,2,-0.22662934493101228,0.356971167405972,0.356971167405972,0.6522855584927401,-0.22662934493101228
506,15578971,i,5,0.17340607031797245,0.2511876309946277,0.44445918533086515,0.24471307906997328,0.17340607031797245
507,15578971,r,6,-0.3717312825683963,0.12269768128058942,0.323662239936913,0.8723311947579756,-0.3717312825683963
508,15587761,i,6,-2.5434472909358115,0.1630167789522896,0.2592301081027415,21.43792910872065,-2.5434472909358115
509,15587761,r,8,-2.548106374742236,0.08750613736679846,0.20627375619197386,17.855817743517076,-2.548106374742236
510,15616585,g,2,-0.9811914443423728,0.020038833785885946,0.020038833785886,3.663144277590369,-0.9811914443423728
511,15616585,i,4,-0.9241718469668012,0.020245534657249653,0.02414522559987231,5.728042555402013,-0.9241718469668012
512,15616585,r,8,-1.0832490399239858,0.167423655525333,0.49457639351152016,5.738841271807073,-1.0832490399239858
513,15649456,i,13,-1.3151004922152505,0.11234773141560561,0.2210484848330494,7.040464179546747,-1.3151004922152505
514,15649456,r,13,-1.2925921463860843,0.1329081007919244,0.3194548150728851,4.705766976192469,-1.2925921463860843
515,15678306,i,7,-1.1772882855417701,0.2805726438097851,0.4641442337056956,3.4116524569140827,-1.1772882855417701
516,15678306,r,4,-1.0240981714804758,0.11843063944143134,0.1909694210000914,4.584122134011691,-1.0240981714804758
517,15764577,g,3,-0.36732032455332586,0.06559016234304105,0.08827472895661725,0.262668254719782,-0.36732032455332586
518,15764577,i,5,-0.14972461951589067,0.017748641830652695,0.022889119996896107,0.05141168441334977,-0.14972461951589067
519,15764577,r,4,-0.22086385242356033,0.06789589402970292,0.074394333764124,0.11073680451939125,-0.22086385242356033
520,1578169,i,6,-1.2134948059987374,0.10639626955652082,0.1966136858687979,5.91105538936544,-1.2134948059987374
521,1578169,r,6,-1.4364845914371849,0.07164103291107005,0.13378718600398343,5.5477140841684305,-1.4364845914371849
522,15887048,g,6,-1.3607328101241125,0.07283720249012815,0.13022984401233773,4.022526005870287,-1.3607328101241125
523,15887048,i,5,-0.938986090652891,0.37248917362792233,0.9430626618705922,3.7035540192513436,-0.938986090652891
524,15887048,r,9,-1.4118453199144236,0.10799379698062417,0.7312042156931735,5.880502735440942,-1.4118453199144236
525,15887275,i,10,-1.737872276909064,0.23518340442396224,0.9832064534258647,5.324955574116319,-1.737872276909064
526,15887275,r,5,-1.3220498136100678,0.07681219917142967,0.17346679325872838,6.83256514176643,-1.3220498136100678
527,15914373,i,12,-1.547864904612636,0.37256506228121167,1.103653976017734,7.691639640590907,-1.547864904612636
528,15914373,r,10,-1.530909320883457,0.2472179266790715,0.7856476450993304,8.412492418745726,-1.530909320883457
529,1593795,i,10,-0.4058053526711867,0.08028365023773135,0.2849268795635592,0.9116001327155585,-0.4058053526711867
530,1593795,r,11,-0.6283332808028741,0.10764400087510562,0.5076761131098679,2.095321790660348,-0.6283332808028741
531,15943820,i,10,-2.0674907922171633,0.15407081254050303,0.36411989398035915,17.520125962281988,-2.0674907922171633
532,15943820,r,4,-1.8890176234343288,0.07079194400649902,0.20410276774284153,15.005537127922432,-1.8890176234343288
533,1597369,g,3,-1.2149657405456895,0.009199352946428707,0.02866374049909326,4.213054807209893,-1.2149657405456895
534,1597369,i,3,-1.8845831208810497,0.04808631940301611,0.12139466748184335,23.751464556019624,-1.8845831208810497
535,1597369,r,8,-1.9748341542907069,0.05706789918114086,0.175741837878729,17.166790487376097,-1.9748341542907069
536,16011645,g,2,-0.4925720960460207,0.3018511042331866,0.3018511042331866,1.3266415245362584,-0.4925720960460207
537,16011645,i,7,-0.8492212258414048,0.12133191218029082,0.20968986945000578,4.969262034814197,-0.8492212258414048
538,16011645,r,7,-0.8406445799176449,0.07412589384991031,0.21089740884811536,3.906501483853286,-0.8406445799176449
539,16019367,i,9,-1.1242822415035814,0.10932730474968944,0.16543635703473236,3.273361169697399,-1.1242822415035814
540,16019367,r,10,-1.2796069672349277,0.04091114109910421,0.06893883856164518,5.319285846616425,-1.2796069672349277
541,1605572,g,2,-0.050418578120694946,0.020403217163550202,0.020403217163550202,0.00536199683269735,-0.050418578120694946
542,1605572,i,11,-0.3674479175520078,0.12926388560219051,0.2667904863622134,0.6997099191846895,-0.3674479175520078
543,1605572,r,12,-0.4272803197508123,0.1863110113146576,0.46519174461148527,0.7651854068022544,-0.4272803197508123
544,16177050,i,5,-0.1284352332877332,0.19645268251356707,0.30687805478709507,0.3627090616112424,-0.1284352332877332
545,16177050,r,6,-0.7198139719493561,0.1398130019523265,0.2602016776012558,1.1317959622130316,-0.7198139719493561
546,16198257,g,4,-0.8781398934085857,0.10304236206720413,0.17350747467883398,3.2172133645374044,-0.8781398934085857
547,16198257,i,4,-1.3147836921916771,0.1259355732870221,0.1797498627714491,4.787261817688478,-1.3147836921916771
548,16198257,r,8,-1.2141812843276387,0.050107824383257116,0.08389354505248559,6.991028584833861,-1.2141812843276387
549,16241440,i,4,-1.62077111082916,0.06185463552690418,0.06967184550631078,16.822172823472737,-1.62077111082916
550,16241440,r,6,-1.533391136539148,0.10274823066972005,0.16489082385371767,11.118342790095483,-1.533391136539148
551,16368753,i,5,-1.954324186034768,0.012468263173678107,0.016676647917040377,7.568224084842353,-1.954324186034768
552,16368753,r,6,-1.7086779322313315,0.049455445695367306,0.08763947707676012,5.71613099055493,-1.7086779322313315
553,16403960,g,3,-0.8328914430414336,0.06027402873131371,0.06475772613993469,2.153990906842271,-0.8328914430414336
554,16403960,i,10,-0.9395666236432798,0.321557977399958,0.6030430042710698,3.1718186731781177,-0.9395666236432798
555,16403960,r,9,-1.1983235478384886,0.10070225559553148,0.17085757428777026,5.026848781636025,-1.1983235478384886
556,16435905,i,5,-2.0420187325317247,0.1975492019489411,0.2010423647594899,14.554087875035483,-2.0420187325317247
557,16435905,r,9,-2.0615260982103543,0.09563920188183062,0.18494851876513652,18.62562751331095,-2.0615260982103543
558,16459388,g,4,-1.1909053450488611,0.13455190308155385,0.30271678838363614,3.321734588829023,-1.1909053450488611
559,16459388,i,8,-1.329564615759037,0.5532357534813312,1.0286406599518096,3.6947633559912276,-1.329564615759037
560,16459388,r,8,-1.3441764122997877,0.17701766168726818,0.2528433456015291,4.495732126873169,-1.3441764122997877
561,16486169,g,4,-1.4862154889666597,0.12471686374282509,0.4272452376613367,0.708051395102989,-1.4862154889666597
562,16486169,i,5,-1.389409319115284,0.08877253152985332,0.10468857895536288,4.006617588304904,-1.389409319115284
563,16486169,r,9,-1.2722273849252888,0.12589101157245497,0.25141579566311045,2.1772456469642574,-1.2722273849252888
564,16564706,g,5,-1.2451249793571004,0.2987955482771285,0.5678590668702264,3.1611287454692305,-1.2451249793571004
565,16564706,i,5,-1.7539465855017908,0.12272973892432115,0.39762264995933205,7.37450938543229,-1.7539465855017908
566,16564706,r,8,-1.8184295479491954,0.160604254627554,0.4587145041255636,9.427812383714983,-1.8184295479491954
567,16583940,g,3,-1.1312243610699657,0.04706100697246285,0.09511375427246094,4.2628242938576735,-1.1312243610699657
568,16583940,i,3,-1.4567407604029143,0.19382531217365306,0.20129148081134884,13.311683269683487,-1.4567407604029143
569,16583940,r,6,-1.4556345204058307,0.08465072994731415,0.14907427363123937,10.122979563077406,-1.4556345204058307
570,16588341,i,9,-1.720873199781162,0.09216740006585411,0.15003828188236845,12.44564347371858,-1.720873199781162
571,16588341,r,12,-1.4426637050204296,0.10160098223617742,0.1771734883052698,6.402000433424821,-1.4426637050204296
572,16616783,i,15,-2.244074980954217,0.261254048550837,0.5069733589960737,14.648345504320206,-2.244074980954217
573,16616783,r,8,-2.3306859710305816,0.038655830214990416,0.05892092791770631,10.245453574341827,-2.3306859710305816
574,16642407,g,2,-0.5118998097414043,0.13147489469887308,0.13147489469887308,0.39806993791623824,-0.5118998097414043
575,16642407,i,7,-0.3366400168758159,0.0405595507330232,0.07198859123075085,0.22246908716337455,-0.3366400168758159
576,16642407,r,6,-0.3825684418118782,0.012506742412023097,0.02949961981855831,0.34846952251241886,-0.3825684418118782
577,16722917,i,10,-1.5687197049816444,0.057058785336032924,0.1041597059149102,5.943949422286611,-1.5687197049816444
578,16722917,r,6,-1.4794349533913373,0.028103631805293627,0.04840654836794456,8.426205780302736,-1.4794349533913373
579,16724084,i,7,-1.7860928946932175,0.72334897450873,1.1574658026506364,7.185281520432199,-1.7860928946932175
580,16724084,r,6,-1.611293366026198,0.6141872382636636,1.0989609739023145,7.415765432310667,-1.611293366026198
581,16792437,g,5,-0.660307650467981,0.0718081008204492,0.31932281040769006,1.3567563181938316,-0.660307650467981
582,16792437,i,11,0.5265046121306483,0.23558193300557861,0.7290736752192715,0.5232760273533686,0.5265046121306483
583,16792437,r,15,-0.472390647780521,0.13814556888444718,0.48441475419261804,1.2389030622809816,-0.472390647780521
584,16833137,i,11,-2.1468100022563554,0.16443879573398057,0.3707107710269044,15.047348763367632,-2.1468100022563554
585,16833137,r,15,-2.032642251548938,0.020185088710293897,0.061843274783632385,11.313944671626661,-2.032642251548938
586,16835014,i,6,-1.0140183439668968,0.25082716414099115,0.6255015183895871,2.1206667106258688,-1.0140183439668968
587,16835014,r,6,-1.3569670496558168,0.09616212152243864,0.42026539969910814,4.020092577650002,-1.3569670496558168
588,16842091,i,7,-1.859893425368309,0.1772884216048718,1.443257156481133,4.755210812759901,-1.859893425368309
589,16842091,r,5,-0.9952538289529825,0.26196969643079127,0.8599503467761664,6.3515685277105645,-0.9952538289529825
590,16902248,g,2,-2.185514060937546,0.031021231946058103,0.031021231946058325,7.609166740312112,-2.185514060937546
591,16902248,i,12,-2.2772142922052163,0.3577700035487783,0.7509210303595577,14.542543318260376,-2.2772142922052163
592,16902248,r,8,-2.2038061332303744,0.05936160973017346,0.11210068853837507,11.105669805451999,-2.2038061332303744
593,16933412,g,2,-1.0310397833350091,0.09456944086366281,0.09456944086366281,3.3210975494671056,-1.0310397833350091
594,16933412,i,11,-1.482284981961902,0.04138621428315692,0.06974164835796959,7.636020394825204,-1.482284981961902
595,16933412,r,15,-1.484463262602375,0.059333364885952644,0.11575672045336827,6.235115497563032,-1.484463262602375
596,16936856,i,11,-1.1307641180949675,0.08522244934793899,0.20056370187817973,1.8809928291071787,-1.1307641180949675
597,16936856,r,7,-1.245225735120846,0.032697189384836234,0.0962996255255344,2.706076844767893,-1.245225735120846
598,16940276,g,4,-0.4864492519435437,0.03163358903280589,0.08027995285997547,0.5114288546710339,-0.4864492519435437
599,16940276,i,4,-0.8634680057753927,0.015413581466681092,0.02851978315657233,1.4298151545326587,-0.8634680057753927
600,16940276,r,4,-0.8488645097368676,0.025203601021757782,0.056741990006315746,1.446407321306369,-0.8488645097368676
601,16962843,i,6,-2.14807148326606,0.1370107290791036,0.246474728178951,8.871037025682908,-2.14807148326606
602,16962843,r,5,-2.291287347006153,0.0482206171925994,0.056430788382517694,9.720670745924998,-2.291287347006153
603,16968232,g,2,-1.455670477499076,0.16859293428412725,0.16859293428412725,2.4665945131810103,-1.455670477499076
604,16968232,i,7,-1.4007418071549418,0.04913383151419248,0.12226062272506599,10.873673676341879,-1.4007418071549418
605,16968232,r,6,-1.345306079186861,0.05839684250993227,0.09147713276301572,4.17421119988973,-1.345306079186861
606,17006896,g,3,-1.1010130449433158,0.06281379485267768,0.07369874879172533,3.9437610182411924,-1.1010130449433158
607,17006896,i,4,-1.6757416161139678,0.019488023371874497,0.03891014835759932,18.74464706793502,-1.6757416161139678
608,17006896,r,6,-1.773258243894732,0.052478221992052876,0.09031389250444755,16.580347724068393,-1.773258243894732
609,17022383,i,7,-2.2817966630803173,0.09904870979315872,0.1993919210422921,23.669704143571213,-2.2817966630803173
610,17022383,r,6,-2.2778701681715434,0.23639925081528457,0.3874514963892337,14.59335964255618,-2.2778701681715434
611,17043124,g,7,-1.2988898794964454,0.07501560018998177,0.2970423103100004,5.002864889783571,-1.2988898794964454
612,17043124,i,7,-1.5786277628951004,0.4456335572698289,0.5879121484849912,8.809283626370428,-1.5786277628951004
613,17043124,r,11,-1.9349616976534187,0.1947310851481021,0.648519303373289,9.838678260446118,-1.9349616976534187
614,17046958,i,8,-0.8529811226221966,0.31493160108059903,0.632799756801202,2.3519918776281257,-0.8529811226221966
615,17046958,r,7,-1.254508456958699,0.3743778958239645,0.8451259858775908,3.119271970334842,-1.254508456958699
616,1705573,i,11,-0.6686197238799658,0.3049594794528673,0.5962906888287862,1.6294915871858355,-0.6686197238799658
617,1705573,r,10,-0.8973061106616134,0.12524493553389138,0.20358923531179685,2.5109895279414647,-0.8973061106616134
618,17068310,i,10,-1.7050017562171726,0.1862045079322424,0.5960456329849775,6.843318073362854,-1.7050017562171726
619,17068310,r,7,-1.4836114895248382,0.2012698219110498,0.3579559168938953,6.996344854950405,-1.4836114895248382
620,17140033,i,6,-1.324510782761351,0.12168014076882105,0.6625921132733248,3.996810496962689,-1.324510782761351
621,17140033,r,6,-1.2169378539735254,0.18361869387941854,0.3220273061870862,3.879610799056404,-1.2169378539735254
622,17153364,i,8,-2.146544293833169,0.09928445584789558,0.18194779770543024,27.1194152807339,-2.146544293833169
623,17153364,r,8,-2.0075819137280795,0.037128558034393855,0.0713141107550761,19.353970021654312,-2.0075819137280795
624,171597,g,5,-1.003565929943117,0.35201679230044713,0.9570921871301442,2.7050024116691325,-1.003565929943117
625,171597,i,5,-1.2458855112137424,0.033252464358713096,0.04724429955813503,4.493633222295761,-1.2458855112137424
626,171597,r,9,-1.421626177241797,0.1574784683179944,0.34206968189479836,5.631421129603955,-1.421626177241797
627,17177801,i,10,-1.6562887352732076,0.3404717294033326,0.8814827381895856,11.217875199380751,-1.6562887352732076
628,17177801,r,7,-1.522041971073507,0.08022250804057696,0.1391060106528217,10.429907371034052,-1.522041971073507
629,17209672,i,7,-2.678542801851637,0.1317842387271866,0.21965115293718274,29.69150209359686,-2.678542801851637
630,17209672,r,8,-2.3037910320022434,0.09078617813652179,0.16914671665393888,21.83256928023797,-2.3037910320022434
631,17291494,g,3,-1.2089629343191441,0.15515589755779935,0.24954816655902,2.7901370862711197,-1.2089629343191441
632,17291494,i,6,-1.3595675890946408,0.07402675998999075,0.11408107030463066,8.455548508452752,-1.3595675890946408
633,17291494,r,7,-1.55317644191273,0.039829253048088153,0.09025837711861096,7.825449678621646,-1.55317644191273
634,17348405,g,7,-1.3759175986864336,0.282841827165464,0.584274322707079,2.7848794143959297,-1.3759175986864336
635,17348405,i,6,-1.066614632594927,0.08922151777957543,0.14205953892565581,2.632454830347587,-1.066614632594927
636,17348405,r,7,-0.5694922914432184,0.1391130193324417,1.0433614190120113,3.5581195699948327,-0.5694922914432184
637,17348405,u,2,-0.4286407114363455,0.024275419397314923,0.024275419397314923,0.5062292459620072,-0.4286407114363455
638,17350260,i,6,-0.8292141446940531,0.09322290660437621,0.16119990787354976,2.5201041484444775,-0.8292141446940531
639,17350260,r,5,-1.0960179297540904,0.028238572798738648,0.1264971876324854,4.663140489649229,-1.0960179297540904
640,17376754,g,4,-0.890926714295602,0.17111959431125479,0.26261851201351516,2.0500044299520175,-0.890926714295602
641,17376754,i,8,-0.8530524383473425,0.5194653316489086,0.677803010755061,3.9914163876260784,-0.8530524383473425
642,17376754,r,11,-1.2429612170768456,0.058982170213458085,0.1510308074756952,5.111908367125523,-1.2429612170768456
643,17385673,g,2,-1.0332696005648567,0.5564163381883263,0.5564163381883261,2.8252313606360397,-1.0332696005648567
644,17385673,i,3,-0.5653924181318599,0.003713267508358653,0.1642673937658834,0.937953301022862,-0.5653924181318599
645,17385673,r,4,-0.25597205890310865,0.021098484429163136,0.3001128232902822,1.4409051735219234,-0.25597205890310865
646,17385673,u,2,-0.6631667084659636,0.43169787961413686,0.43169787961413686,1.1467981456975438,-0.6631667084659636
647,17450250,g,3,-0.8476138216391789,0.15866161600872397,0.2531103898178315,1.8441479032799728,-0.8476138216391789
648,17450250,i,13,-2.641203086489252,0.17108365493574906,0.3334916271841024,31.096255417142295,-2.641203086489252
649,17450250,r,16,-2.673932093163777,0.07068002579918886,0.12658293799404685,20.399550663482785,-2.673932093163777
650,17465474,i,9,-1.9099343880604196,0.02188682165712308,0.25330753289842756,20.817258269346897,-1.9099343880604196
651,17465474,r,7,-1.9560045446628067,0.1904314221289216,0.21563366197503941,17.85078181862001,-1.9560045446628067
652,17515112,g,2,-0.9510522675250836,0.27243117412534357,0.27243117412534357,2.787326429452714,-0.9510522675250836
653,17515112,i,12,-1.490005400913244,0.06403929034350397,0.08723765846041376,4.876440981239492,-1.490005400913244
654,17515112,r,14,-1.1181863662377953,0.10318339800680204,0.37998740244703133,4.656639413077073,-1.1181863662377953
655,17543150,g,2,-1.4973738216793198,0.053142881934747366,0.05314288193474748,7.432525105465732,-1.4973738216793198
656,17543150,i,13,-2.2307243090921727,0.23542590813268793,0.4344957331928989,12.150881167186366,-2.2307243090921727
657,17543150,r,9,-2.311785225770827,0.3839615923052204,0.715817008216274,12.23918363977605,-2.311785225770827
658,17543509,i,9,-3.371731022395204,0.18430585509851483,0.8456360891293722,9.573204138325748,-3.371731022395204
659,17543509,r,4,-2.2807328840351255,0.2863267508484626,0.5787734617701523,5.002235001230158,-2.2807328840351255
660,17547007,g,3,-1.0168613807457445,0.03053998802046487,0.05331307885763492,3.575310744295479,-1.0168613807457445
661,17547007,i,8,-1.7309427929330417,0.1388763879687649,0.28385812004309785,6.438673524017389,-1.7309427929330417
662,17547007,r,7,-1.446460948823826,0.027298446936877774,0.10089076188085833,7.953704888166859,-1.446460948823826
663,17606334,g,3,-0.8073039097015415,0.1423750047736394,0.23236133264976633,1.1105813803581366,-0.8073039097015415
664,17606334,i,10,-1.4043518972326283,0.27634664405560394,0.5852918397125466,6.484422936230603,-1.4043518972326283
665,17606334,r,8,-1.6217527260118776,0.2602012519471011,0.43426041713513985,5.301263512276986,-1.6217527260118776
666,17619147,g,4,-0.877387167400927,0.31136657352948827,0.6021944562736409,2.3553385008466337,-0.877387167400927
667,17619147,i,18,-1.0947873567026327,0.5377981661922239,0.9483884254494116,3.124933341518603,-1.0947873567026327
668,17619147,r,15,-1.187941426567882,0.23797388748380377,0.4080796441387218,3.475673298576809,-1.187941426567882
669,17619147,u,2,-0.5699903147733344,0.6066728022103195,0.6066728022103194,1.07875131443131,-0.5699903147733344
670,1771417,g,4,-0.7942015708169317,0.07025553582758898,0.2961573971788575,1.6374775972183697,-0.7942015708169317
671,1771417,i,10,-0.710594717246243,0.046057809767916846,0.08153255650055957,2.7218108241851575,-0.710594717246243
672,1771417,r,7,-0.7649786357016884,0.22743650580816044,0.3429287393969842,2.4419232855178623,-0.7649786357016884
673,17728848,i,4,-1.207701130855604,0.09701993847871382,0.2591421496523012,4.334582322972718,-1.207701130855604
674,17728848,r,7,-1.0549886898280265,0.23379434892030426,0.6417893392898939,4.371119397287798,-1.0549886898280265
675,17777275,i,9,-1.167317300890795,0.15501352471472085,0.25571886023816237,4.205030399229736,-1.167317300890795
676,17777275,r,6,-1.0228914435470293,0.12698271878461476,0.3011723394143413,5.4385394293024625,-1.0228914435470293
677,17779520,g,3,-0.7970006815458501,0.03560541778193316,0.07497710046252304,1.5230593582736438,-0.7970006815458501
678,17779520,i,12,-0.7725657487302412,0.1560157991098744,0.3140535613670977,1.960325698166768,-0.7725657487302412
679,17779520,r,9,-1.1438882157257904,0.15391562716938556,0.29091328430620633,3.1591733015421757,-1.1438882157257904
680,17783628,g,3,-0.9943251035615565,0.0047066556050257,0.044485511892327745,3.5453939134871653,-0.9943251035615565
681,17783628,i,3,-2.442482528739531,0.004065223089492864,0.03574740367190943,14.363082932856225,-2.442482528739531
682,17783628,r,8,-2.1137253914778027,0.08189145451240276,0.15096354938615963,22.199633632805174,-2.1137253914778027
683,17835775,i,7,-0.6353070252787717,0.22918957343494872,0.3629456415521903,1.643667767584295,-0.6353070252787717
684,17835775,r,5,-0.8332329994558472,0.07421054255650561,0.08632474156744563,2.919528962210209,-0.8332329994558472
685,17856073,g,3,-0.9581196386438373,0.010102399108959492,0.13326301759173143,3.0074745792866096,-0.9581196386438373
686,17856073,i,9,-0.7960554031790343,0.23753745425996775,0.3082219887719778,3.2553479020037313,-0.7960554031790343
687,17856073,r,14,-1.081090315542411,0.0613258673623267,0.11225103472228493,5.639714871520136,-1.081090315542411
688,17905280,i,8,-0.5595838373900446,0.1472374613348954,0.6474218724748522,0.9472002449948185,-0.5595838373900446
689,17905280,r,8,-0.5947319256293992,0.1477995492993957,0.2914647008825021,1.1909534339639876,-0.5947319256293992
690,1792299,i,9,-1.6570091607759188,0.0740234620107092,0.0972924121963672,13.365062958859957,-1.6570091607759188
691,1792299,r,11,-1.8556088474436974,0.10264874442987915,0.20992710739122855,13.01109710120046,-1.8556088474436974
692,17925867,i,5,-1.3535618154992322,0.05418504140673064,0.22030595066770275,4.826874117047934,-1.3535618154992322
693,17925867,r,8,-1.3808185348617965,0.05069211849095123,0.1450266795134565,4.526486849544876,-1.3808185348617965
694,17946154,i,5,-0.5792426614443912,0.07720039184028538,0.09313827456955082,1.9929219915626142,-0.5792426614443912
695,17946154,r,6,-0.9516760532548749,0.05390725636399912,0.10148285784575084,4.712287107278405,-0.9516760532548749
696,17956940,g,6,-0.7484166212068951,0.08649708171219994,0.1565848715042858,1.6694964705766002,-0.7484166212068951
697,17956940,i,10,-0.3649490137636014,0.10304516557225712,0.16514031191173023,0.38437819798903666,-0.3649490137636014
698,17956940,r,12,-0.6569924818961911,0.02937607918740892,0.06911244101344527,1.3371042479531698,-0.6569924818961911
699,17956940,u,2,-0.10433139859297502,0.19467488100440256,0.19467488100440256,0.1490739048152728,-0.10433139859297502
700,17984071,g,2,-1.4064038167977584,0.3046286423386505,0.3046286423386506,6.867417834066655,-1.4064038167977584
701,17984071,i,4,-1.5303529147408428,0.042289917560767276,0.05080747485523496,11.710012897961686,-1.5303529147408428
702,17984071,r,7,-1.7015507480905596,0.15873246414704534,0.36024709276866407,10.252681558842395,-1.7015507480905596
703,17993734,g,6,-0.6816334659870387,0.25438500777342105,0.7475110780898004,1.7341509658725138,-0.6816334659870387
704,17993734,i,9,-0.8149908939685633,0.1028831650618196,0.2014584625627831,4.075568375249891,-0.8149908939685633
705,17993734,r,13,-0.7579321497671492,0.10610922410106138,0.18521505073501576,1.9340236719851238,-0.7579321497671492
706,1802350,i,5,-1.7928476076490916,0.18140321879187793,0.1932144545061809,12.477294850279343,-1.7928476076490916
707,1802350,r,7,-1.8951292484191833,0.1942429502394396,0.31907241927126195,11.71023970883378,-1.8951292484191833
708,18027818,g,2,-1.0654297373367994,0.11062384656030422,0.11062384656030444,3.026846795621534,-1.0654297373367994
709,18027818,i,5,-1.552567299355918,0.0364474765028624,0.17084595267142944,7.009259776026864,-1.552567299355918
710,18027818,r,6,-1.4618065236327276,0.1345695874328614,0.30681102505372193,9.22118532363821,-1.4618065236327276
711,18030278,i,6,-0.9678891588089457,0.04932080230171626,0.07968237101855102,2.8401323848565916,-0.9678891588089457
712,18030278,r,5,-1.0721804184648818,0.047223509353026216,0.06453889272517399,3.3761031622639215,-1.0721804184648818
713,18036761,i,4,-3.131088937600188,0.03192715322336359,0.15054337109589966,38.79899875578121,-3.131088937600188
714,18036761,r,7,-2.8358903190249753,0.11366431000283805,0.16263156783961596,31.86876768492586,-2.8358903190249753
715,18048412,g,2,-2.1175372865180475,0.014313697814941406,0.014313697814941406,3.3174929652882392,-2.1175372865180475
716,18048412,i,7,-1.6616379001218315,0.009996108799770642,0.1704493447337987,8.340011442288807,-1.6616379001218315
717,18048412,r,4,-1.390101989886742,0.01693890764019257,0.02855174661831672,5.615569375260487,-1.390101989886742
718,18048412,u,2,-2.1749917945792836,0.114593505859375,0.114593505859375,3.7425246429438066,-2.1749917945792836
719,18098898,i,15,-2.45882086103744,0.19007908764970916,0.37436713822256174,25.40610810102483,-2.45882086103744
720,18098898,r,7,-1.9345289143691278,0.10499232106504053,0.18688039169602222,20.223758525534056,-1.9345289143691278
721,18116137,i,5,-1.7578260853501777,0.14959563304038448,0.4225240261246348,11.816600691819223,-1.7578260853501777
722,18116137,r,7,-2.1528138227271905,0.10454191982705296,0.18652462673959835,8.480578915420171,-2.1528138227271905
723,18160855,g,2,-2.5313556407167113,0.009863498921991232,0.009863498921991454,3.1211893570191824,-2.5313556407167113
724,18160855,i,13,-1.9307580764872598,0.05826781136108594,0.16020549611392454,16.416597789732357,-1.9307580764872598
725,18160855,r,13,-1.9112736924225167,0.06787849796834622,0.08736228928590983,12.555387984813798,-1.9112736924225167
726,18187379,i,8,-1.8781815771260226,0.3736245559505059,0.7736690630842618,8.668212140901307,-1.8781815771260226
727,18187379,r,6,-1.869711495701874,0.28230704651926763,0.4699465334493578,8.145298026191842,-1.869711495701874
728,18209455,i,7,-1.2980184769663583,0.05384460882975928,0.1483623823575284,5.877501994675504,-1.2980184769663583
729,18209455,r,7,-1.1995742040663562,0.08469882065367162,0.1708572013171259,5.7203769883853,-1.1995742040663562
730,18238837,g,3,-0.4580684282970253,0.007086443819968036,0.15497365033191535,0.893376507367884,-0.4580684282970253
731,18238837,i,6,-0.5229846543828524,0.3848936556065826,0.6816327320206268,0.8276732634032783,-0.5229846543828524
732,18238837,r,5,-0.8943292201270128,0.10165756171686136,0.1807467011717161,2.3615790519307365,-0.8943292201270128
733,18297061,i,9,-2.2520207113678863,0.07982811167050397,0.17880668299000924,15.485209399837466,-2.2520207113678863
734,18297061,r,5,-2.102868562712311,0.1208302240791177,0.16000481523405297,14.710349124544061,-2.102868562712311
735,18301330,i,8,-1.4363236847642202,0.04579435813454502,0.19337160008911813,12.066773203226383,-1.4363236847642202
736,18301330,r,9,-1.783051916934103,0.32761642838225224,0.5937191474494228,10.059922945127438,-1.783051916934103
737,18359359,i,7,-1.506690034159381,0.1947129387273452,0.4480764777497406,5.476276185892989,-1.506690034159381
738,18359359,r,5,-1.3362449466475241,0.046577559838667515,0.09994006691244639,4.946703286140772,-1.3362449466475241
739,18367353,i,13,-2.220299846225629,0.027719936783239696,0.06927617807618303,16.63565951200562,-2.220299846225629
740,18367353,r,15,-2.037782361526466,0.03254604488648205,0.06998683166826147,11.132173223138325,-2.037782361526466
741,18431531,i,8,-2.4150196802801425,0.14768572865627538,0.22400415852152422,11.263477999539692,-2.4150196802801425
742,18431531,r,9,-2.341218400967551,0.16314069517475538,0.31863478387777944,10.512571692678142,-2.341218400967551
743,18473541,i,8,-1.2436282153849412,0.25542254826477556,0.692345539063695,6.6983147687931694,-1.2436282153849412
744,18473541,r,4,-1.2623352898801858,0.0879742555768549,0.1649727440261568,6.349324880795516,-1.2623352898801858
745,1849820,g,4,-0.3073678277203805,0.0942967494120629,0.1615002539989847,0.5772311722017188,-0.3073678277203805
746,1849820,i,2,-0.7158661625047444,0.162405545693253,0.16240554569325305,1.8963365675950317,-0.7158661625047444
747,1849820,r,3,-0.8604533860268289,0.018730910523738986,0.06475991494360012,2.457175618595021,-0.8604533860268289
748,1849820,u,2,-0.20743372760352496,0.11083305091341966,0.11083305091341966,0.11773478241650558,-0.20743372760352496
749,18499111,i,11,-1.853646034251738,0.33807595866342566,0.5102642412026221,10.751711239264424,-1.853646034251738
750,18499111,r,6,-2.03315178874609,0.0985662298118275,0.2061257585003884,8.470114655884176,-2.03315178874609
751,18520616,g,2,-0.838378152842062,0.060110805388104094,0.060110805388104094,2.869465027822036,-0.838378152842062
752,18520616,i,4,-0.606791683473539,0.07679237942705591,0.12960865355153395,1.9242991496849695,-0.606791683473539
753,18520616,r,6,-0.8709453411268251,0.08207621404844839,0.13304386821324388,5.177602000888518,-0.8709453411268251
754,18595873,g,4,-0.9283279947948739,0.03542175912676715,0.10961437720498346,2.268244574233442,-0.9283279947948739
755,18595873,i,6,-1.5833634489369393,0.11205638764311565,0.2734445611325149,4.564347508385604,-1.5833634489369393
756,18595873,r,5,-1.384406337841342,0.05939756495138915,0.09393844420036102,5.312141079924315,-1.384406337841342
757,18696960,i,8,-2.172959733000983,0.05531893711723557,0.10625057149674788,21.07770284478893,-2.172959733000983
758,18696960,r,11,-2.2540303039427965,0.10805946271639577,0.2254361409636556,19.914656349943474,-2.2540303039427965
759,18735177,i,6,-1.5458590734713722,0.19333156323910394,0.3779884916882603,9.553914806630148,-1.5458590734713722
760,18735177,r,5,-1.4517103540205594,0.05731620003189075,0.07705178768875665,7.028585451392372,-1.4517103540205594
761,18747905,g,4,-0.8359328361073617,0.04369016951520166,0.08368670719138449,1.6926746371036159,-0.8359328361073617
762,18747905,i,8,-1.3125109988681831,0.13949378112775157,0.18024273311855277,3.79501650889129,-1.3125109988681831
763,18747905,r,11,-1.3655314102439118,0.19474493224329525,0.69489345377725,3.64513150030255,-1.3655314102439118
764,18819255,i,7,-1.6041508265593072,0.14152958861153353,0.3223252310112885,11.006565280056817,-1.6041508265593072
765,18819255,r,6,-1.5498189215604157,0.04932629368253594,0.3385477603476499,12.294208096704095,-1.5498189215604157
766,18843240,g,2,-0.6338260847925763,0.05633043621165368,0.05633043621165368,0.9766644741887034,-0.6338260847925763
767,18843240,i,13,-1.3601488677735174,0.0815739708235299,0.19151602571440618,6.471504317812634,-1.3601488677735174
768,18843240,r,11,-1.4396961299708306,0.12170230812526595,0.18450277343576316,5.509508755273301,-1.4396961299708306
769,1895465,g,4,-0.6640064934015082,0.05437957321069409,0.16908060542251524,1.1565458326752374,-0.6640064934015082
770,1895465,i,19,-0.5501960137713956,0.12206885223039354,0.20862000263191555,1.0249822831179387,-0.5501960137713956
771,1895465,r,17,-0.7345366167360615,0.04284788853866339,0.1965896327140304,1.7446292943680783,-0.7345366167360615
772,1895465,u,2,0.017006391326267245,0.0364000418440269,0.0364000418440269,0.004125322991658208,0.017006391326267245
773,18975764,g,6,-1.1899366839885932,0.22560273032068845,0.49501534037092176,2.554547226785403,-1.1899366839885932
774,18975764,i,10,-0.9287045604656063,0.08917304609953275,0.15070456772007768,2.19748167298729,-0.9287045604656063
775,18975764,r,11,-1.1103915824614536,0.06049226331290791,0.23686349164711684,3.1992342639775533,-1.1103915824614536
776,18985057,i,8,-0.9331784279041312,0.059215362346629385,0.12256885060356226,5.594160382694477,-0.9331784279041312
777,18985057,r,5,-1.0004328193303524,0.09264870338525522,0.18955303777519705,5.50722064692714,-1.0004328193303524
778,18995497,g,4,-0.9608532808856515,0.1519769212643448,0.30943542067896757,3.102822528726472,-0.9608532808856515
779,18995497,i,6,-1.235226507009782,0.2717458355043977,0.4808368127449293,3.0627259818310417,-1.235226507009782
780,18995497,r,9,-1.1538476666511035,0.05040330498264822,0.14162835945153973,4.686538162149712,-1.1538476666511035
781,19027255,g,4,-1.523394179411194,0.18562765749421484,0.2924953732181501,3.756473732365626,-1.523394179411194
782,19027255,i,4,-1.5043138719295124,0.46751783312877215,0.7074617452797758,4.562694539659693,-1.5043138719295124
783,19027255,r,7,-2.048106022494602,0.09275149271624428,0.15560443893140796,6.964949587508023,-2.048106022494602
784,19029328,g,3,-0.4759119791546311,0.03821856561289527,0.1396381540200894,0.9373824314522491,-0.4759119791546311
785,19029328,i,14,-0.8238478951633486,0.11567320531205005,0.20842028648351096,2.0388131011844397,-0.8238478951633486
786,19029328,r,11,-0.9658076200294374,0.031339278380792646,0.057409190138149824,4.045801557315893,-0.9658076200294374
787,19040482,g,2,-0.8889007630802082,0.02304051154334741,0.02304051154334741,2.690815939969446,-0.8889007630802082
788,19040482,i,5,-0.773715610149411,0.035213011700546026,0.04121262501300016,3.3825553288089596,-0.773715610149411
789,19040482,r,4,-1.2177599989680354,0.07810483357052711,0.15384330339927121,7.962955794399399,-1.2177599989680354
790,19056879,g,2,-0.7823450216892713,0.016027693804213428,0.016027693804213428,2.6752420418813325,-0.7823450216892713
791,19056879,i,7,-0.7256973170680232,0.11967020104348314,0.4867644863409205,1.0506313149326376,-0.7256973170680232
792,19056879,r,7,-0.6205502822831757,0.03454685642706112,0.05981805391182293,2.449403629714166,-0.6205502822831757
793,19092171,g,2,-1.237594651300195,0.03667573745164798,0.03667573745164798,5.457881665532291,-1.237594651300195
794,19092171,i,4,-1.4459814656095822,0.030717984305410617,0.05661039727567152,15.422985226949224,-1.4459814656095822
795,19092171,r,5,-1.6643832337566313,0.01787542601483194,0.030266849334730228,13.84591327895789,-1.6643832337566313
796,1911260,i,14,-2.781261514573676,0.20591493642488135,0.43080371659630234,27.35341067598919,-2.781261514573676
797,1911260,r,15,-2.6184334737345556,0.09578116177876383,0.1721017747155522,19.695051116661773,-2.6184334737345556
798,19113864,g,4,-0.8233082059616799,0.031491979069099896,0.06109590496931083,2.08296370913766,-0.8233082059616799
799,19113864,i,11,-1.1653100174157949,0.16638012572320693,0.44115185891548014,8.275131439202775,-1.1653100174157949
800,19113864,r,14,-1.3768250019329678,0.0723337629528249,0.14734565182894688,6.993921604654625,-1.3768250019329678
801,19197082,i,6,-2.230019614154531,0.04485788914090394,0.06823784012485223,25.260689621237237,-2.230019614154531
802,19197082,r,5,-2.2875040359362497,0.02205616245000641,0.05137705397975445,24.532654298448243,-2.2875040359362497
803,19211143,i,5,-2.2073161031411033,0.22303383958101608,0.40497509918240904,13.340230461394857,-2.2073161031411033
804,19211143,r,6,-2.45210122356538,0.1056738734757674,0.7166540250696902,7.1796112755672015,-2.45210122356538
805,19213301,g,2,-2.046749445050529,0.06499518354858103,0.06499518354858091,3.310317868091496,-2.046749445050529
806,19213301,i,16,-1.3623783782218406,0.1436294008228668,0.27573734511335024,5.998206186846745,-1.3623783782218406
807,19213301,r,11,-1.394575962482852,0.12172485764906416,0.19870694946867995,6.780769623158238,-1.394575962482852
808,19264399,i,9,-0.7346972368734468,0.03586603171591318,0.09610103479630716,1.4111653397578552,-0.7346972368734468
809,19264399,r,9,-0.7988366347963503,0.05337194637808951,0.06919459200889944,1.6999373082377858,-0.7988366347963503
810,19264399,u,2,-0.21508734962785425,0.022966416158010095,0.022966416158010095,0.04622093188708282,-0.21508734962785425
811,19275361,i,7,-0.8634412729513157,0.07469456857595236,0.37414102666474836,2.3091155166031814,-0.8634412729513157
812,19275361,r,6,-0.6335980942528185,0.18170838420694985,0.3078095369980147,1.3520345264391924,-0.6335980942528185
813,19282874,i,5,-1.2016896970189388,0.1424451548687904,0.2192781409374076,3.7891959458981512,-1.2016896970189388
814,19282874,r,7,-1.176267381966659,0.029514044347326296,0.06082022087552197,7.6015849802872,-1.176267381966659
815,19343775,g,2,-0.7044938676894831,0.05725926019759553,0.05725926019759542,1.1235711054036583,-0.7044938676894831
816,19343775,i,16,-1.6470899580941638,0.2353243405904455,0.38530811546903676,6.118611268625305,-1.6470899580941638
817,19343775,r,19,-1.3595369885954263,0.1013667969821419,0.3017937989297892,5.14082781895826,-1.3595369885954263
818,19343775,u,2,-0.7677471422484754,0.04706190147772937,0.04706190147772937,1.436101738779263,-0.7677471422484754
819,19392492,g,3,-0.7239311198640177,0.04637836572504206,0.10114657635521884,1.9383688063648605,-0.7239311198640177
820,19392492,i,4,-0.7194618628980907,0.09737370286474051,0.2057121559434668,2.3845839791179757,-0.7194618628980907
821,19392492,r,4,-0.948350828475059,0.13196938225100108,0.27282838030475354,4.376538721206512,-0.948350828475059
822,19403458,g,2,-0.9355063495347148,0.0706752103160374,0.0706752103160373,2.3817935234898338,-0.9355063495347148
823,19403458,i,10,-1.3790112691851135,0.21502254852179215,0.3863531953829198,6.194670201707027,-1.3790112691851135
824,19403458,r,11,-1.4072368534313857,0.2727832293085708,0.36158610229067345,5.696542572324817,-1.4072368534313857
825,19441041,g,3,-0.6429040796292322,0.02333427866665172,0.02949356345201326,1.6044156643346834,-0.6429040796292322
826,19441041,i,4,-0.321961356683258,0.014424099332197349,0.02487990230587489,0.1810021559291152,-0.321961356683258
827,19441041,r,5,-0.3845998068455872,0.04859024095713532,0.11226069462019411,0.672825648938881,-0.3845998068455872
828,19488796,i,14,-1.1285506576053366,0.13665179178066061,0.36033779762920115,2.371236763149692,-1.1285506576053366
829,19488796,r,16,-1.330094583718283,0.0906496663416202,0.19093875096145174,3.6165566838984775,-1.330094583718283
830,19497117,g,5,-1.678606757846714,0.17809506706334233,0.3204621057632244,5.057726892920008,-1.678606757846714
831,19497117,i,8,-1.1925546753450604,0.2355214064236807,0.8418166254718304,7.92111972490096,-1.1925546753450604
832,19497117,r,11,-1.2938460183093345,0.4410147510074365,1.0601125975113639,7.365473120469772,-1.2938460183093345
833,19628762,g,5,-1.223065835312003,0.15930259586068618,0.3096126462019875,4.604091332728572,-1.223065835312003
834,19628762,i,7,-1.6116751744759084,0.05839605667887504,0.08776312402361186,8.568733560447823,-1.6116751744759084
835,19628762,r,6,-1.6297813678127024,0.048596000601985545,0.12002539867521334,10.795977720261638,-1.6297813678127024
836,19691280,g,5,-1.5171908898597937,0.2494121687459807,0.6685017998612122,3.927123655893778,-1.5171908898597937
837,19691280,i,8,-0.8197791333422839,0.4279113836788439,1.1039567390876093,2.479826533109339,-0.8197791333422839
838,19691280,r,8,-1.3085116030613824,0.6709819887832611,1.2343606316842632,4.5667219676338,-1.3085116030613824
839,19691280,u,2,-1.1029840999668434,0.15483440598552667,0.15483440598552667,3.144873052660808,-1.1029840999668434
840,19697391,g,4,-1.294539841905272,0.044730808845850345,0.13624897222054555,3.98793271789774,-1.294539841905272
841,19697391,i,10,-1.5130991257303137,0.6991946523383623,0.8622975106209737,4.755939462104623,-1.5130991257303137
842,19697391,r,6,-1.4771548788096376,0.07039057495093493,0.296437886012211,5.285204183011937,-1.4771548788096376
843,19710565,i,7,-1.5622527479107537,0.07475767375704745,0.16664873498191968,8.406723720181175,-1.5622527479107537
844,19710565,r,4,-1.6634089823913398,0.07746950200543046,0.17064261791936075,9.782743577519234,-1.6634089823913398
845,19760429,g,4,-0.43671283727786303,0.18123326865684997,0.29390967901845755,0.6235002064980373,-0.43671283727786303
846,19760429,i,7,-0.8841405601209117,0.16267076407038294,0.4853887993314081,1.8197049609267764,-0.8841405601209117
847,19760429,r,9,-0.6650037474902173,0.10632059030375007,0.41797926210302105,1.3814666238445823,-0.6650037474902173
848,19790515,g,2,-0.7483207573376283,0.3036106999757564,0.3036106999757564,0.9003797297684527,-0.7483207573376283
849,19790515,i,15,-1.143424282619646,0.08222866441270615,0.2577981400348719,3.165762289533196,-1.143424282619646
850,19790515,r,14,-1.172169691003559,0.038266542777610546,0.19099627817968723,3.711053515939681,-1.172169691003559
851,19795251,g,2,-1.7706161023362637,0.18167728687999474,0.18167728687999452,4.875823117880925,-1.7706161023362637
852,19795251,i,6,-0.7262547577330448,0.40970401472383966,0.7320483045471031,1.9404166349727914,-0.7262547577330448
853,19795251,r,9,-1.5342713177931953,0.592125989693773,1.041685017948297,4.5810955094037356,-1.5342713177931953
854,19847360,i,4,-1.127603460403593,0.45267940509262605,0.46584327843617546,2.8070451092573827,-1.127603460403593
855,19847360,r,5,-1.4520572209001057,0.41013834460451104,0.7434782685621508,5.342497777112407,-1.4520572209001057
856,19884055,g,4,-0.31021739388051683,0.03940094395039573,0.24859166923361198,0.23098197055803119,-0.31021739388051683
857,19884055,i,9,-0.5695379102232633,0.06808791463369579,0.18379339767780578,0.8707226786349294,-0.5695379102232633
858,19884055,r,9,-0.632748530351217,0.10235295973790903,0.15210975647362768,0.8279381298877185,-0.632748530351217
859,19961345,g,4,-0.624050187621377,0.17635573851147968,0.3481539144208784,1.6748819073837666,-0.624050187621377
860,19961345,i,9,-0.16816713722931376,0.32003016909233284,0.7242502718534988,0.7488756035233357,-0.16816713722931376
861,19961345,r,11,-0.8654655699063645,0.069002528501243,0.3344869350156373,3.6682318301333923,-0.8654655699063645
862,20103349,g,4,-1.0717403822634564,0.0650887885865421,0.17317189477303918,3.7759751837335283,-1.0717403822634564
863,20103349,i,13,-2.1958339119809747,0.09458453215199114,0.20382078422991734,14.901262120598382,-2.1958339119809747
864,20103349,r,10,-2.077869873422121,0.15564466562957202,0.29817997294469056,17.08192461114107,-2.077869873422121
865,20144227,i,7,-1.3528803715469238,0.3436312123473957,0.5102179111117833,3.3739826937761777,-1.3528803715469238
866,20144227,r,8,-1.342295341029494,0.6565228920202921,1.2901879590026109,4.222387824947908,-1.342295341029494
867,20144227,u,4,-0.6304007697122213,0.16793355413189692,0.34337075885950946,1.393867573220861,-0.6304007697122213
868,20321962,g,3,-1.1530231654795773,0.18397305902398253,0.3247989601903195,2.134334338342223,-1.1530231654795773
869,20321962,i,4,-1.839281579978822,0.020064003495181004,0.03478767581614228,10.337559762606558,-1.839281579978822
870,20321962,r,7,-1.8586694068607454,0.15721784370873548,0.3058629216261042,8.990329249815584,-1.8586694068607454
871,20333677,i,4,-1.5937146688380557,0.19211593127898596,0.36480523467083437,10.232400493704485,-1.5937146688380557
872,20333677,r,7,-1.748864393455258,0.15880254381104053,0.32547655673905673,9.823672470360702,-1.748864393455258
873,20354377,i,4,-0.9526801733890926,0.2563137491689017,0.5208763327192518,5.751699355632477,-0.9526801733890926
874,20354377,r,7,-1.0354298854263286,0.19005469207906134,0.3960265483706713,4.80001438774432,-1.0354298854263286
875,20356360,i,8,-1.3229193901473293,0.11222280593468759,0.3234040125294326,11.81323034805379,-1.3229193901473293
876,20356360,r,6,-1.5846407668227303,0.07787881732076518,0.11738543940340462,12.723823638231801,-1.5846407668227303
877,20394893,g,4,-0.7767661250268669,0.03951553911866379,0.3403095374426087,1.663847254676557,-0.7767661250268669
878,20394893,i,6,-0.9274554041182208,0.17544061807169864,0.3166295322243188,4.80598670793253,-0.9274554041182208
879,20394893,r,6,-1.2840862985866104,0.0664461250473114,0.14656225875196394,5.570934106221681,-1.2840862985866104
880,20397078,i,5,-1.5413237759210499,0.012668125907989936,0.023345590346256717,6.6409587577127,-1.5413237759210499
881,20397078,r,7,-1.432101874380254,0.08854570990092014,0.12665150135316527,5.622162242423654,-1.432101874380254
882,20435752,i,11,-1.7564771866438358,0.061730824157469666,0.17879086234670472,18.513264983160784,-1.7564771866438358
883,20435752,r,5,-1.6792146945232527,0.18952687406153035,0.29167812332998744,10.42517609399624,-1.6792146945232527
884,20442161,g,3,-0.8024636744385905,0.12016241804284189,0.22646441253753646,2.026676851120527,-0.8024636744385905
885,20442161,i,7,-1.132827393465924,0.12701266949065082,0.24481747630761297,5.105220707751831,-1.132827393465924
886,20442161,r,7,-1.2178530009061894,0.029960241240635455,0.06802405019010815,7.05026306408335,-1.2178530009061894
887,2046775,i,5,-1.7931976766600513,0.4035487827934081,0.8740194052613712,9.716216263011868,-1.7931976766600513
888,2046775,r,5,-1.9195284802486943,0.4461427559482587,0.7246694180238626,10.30659289463476,-1.9195284802486943
889,2052137,i,4,-2.0208610771705864,0.007283635605874084,0.08996447354103188,25.692869138589614,-2.0208610771705864
890,2052137,r,8,-2.1706826216977264,0.19977906923171118,0.3790844168197245,17.527224287590137,-2.1706826216977264
891,20521538,g,3,-0.8105360192648452,0.031906510424938084,0.07295675110258681,1.7392284886169864,-0.8105360192648452
892,20521538,i,8,-0.6794053650962351,0.18571160562208533,0.32427907889144336,1.4850981301060533,-0.6794053650962351
893,20521538,r,6,-1.0409355804900897,0.16759264983971145,0.9961440646868647,2.1755534681003663,-1.0409355804900897
894,20540410,i,11,-1.7227410137472876,0.11107397417479858,0.181234256344307,15.775875161370505,-1.7227410137472876
895,20540410,r,5,-1.505897302343602,0.12930234298991383,0.19891215919712502,7.6128323577590695,-1.505897302343602
896,20580562,i,8,-0.48309062449890017,0.0766360650083252,0.22729265061432458,0.7989110720472092,-0.48309062449890017
897,20580562,r,7,-0.6793476050281639,0.06237382500795374,0.18713747972957495,3.680438004748262,-0.6793476050281639
898,20590104,i,6,-1.5022898312887922,0.17785965530618475,0.27272467526954225,9.02138745892976,-1.5022898312887922
899,20590104,r,5,-1.1450812821915062,0.14637370062761024,0.3838005245219567,7.807532579513565,-1.1450812821915062
900,20599487,g,2,-1.1957326545398093,0.4049947028967418,0.40499470289674167,5.078447732290893,-1.1957326545398093
901,20599487,i,10,-2.1241411393058085,0.1868108443698796,0.4587135194730039,11.843396323553925,-2.1241411393058085
902,20599487,r,6,-1.7844271160908098,0.05795106227120195,0.08736305866907346,10.212864807457809,-1.7844271160908098
903,20603082,i,9,-1.9487493252391896,0.08423007517153658,0.16595545976246218,16.67212287269877,-1.9487493252391896
904,20603082,r,5,-2.071159134665512,0.05671605958068948,0.08229048195640276,14.221036036208819,-2.071159134665512
905,20700865,g,2,-1.116858592499948,0.0640800799590685,0.06408007995906861,3.920543152252758,-1.116858592499948
906,20700865,i,4,-1.8801657694457286,0.0478317345121555,0.06446992208840796,9.252375436862408,-1.8801657694457286
907,20700865,r,8,-1.6142545478314614,0.05490248153676036,0.06664760679191173,8.444295702400115,-1.6142545478314614
908,20773106,i,15,-1.8162066762280182,0.09260102136735315,0.24798752514562694,11.364261010108523,-1.8162066762280182
909,20773106,r,10,-1.85162858312209,0.08504205918149788,0.2272590896158433,10.343233576316527,-1.85162858312209
910,20792994,i,6,-3.036977920891145,0.08819222326921428,0.1410192193330757,38.51444532457438,-3.036977920891145
911,20792994,r,5,-2.863894000166253,0.05584329411832201,0.08153417683028019,21.598032028329804,-2.863894000166253
912,20803111,g,3,-1.6145710507191438,0.00809399088012075,0.25607792684232655,3.7662397023715317,-1.6145710507191438
913,20803111,i,8,-1.6561184307442747,0.2327593548677458,0.3941661873219806,4.525761299994962,-1.6561184307442747
914,20803111,r,8,-1.7352689008307718,0.11998674340996329,0.26858121428715487,6.692610402516436,-1.7352689008307718
915,20818865,g,2,-1.5622445607073852,0.4481296049271992,0.4481296049271992,3.4515961620897317,-1.5622445607073852
916,20818865,i,6,-1.552018463261605,0.2556320994230291,0.3883359443946206,4.590506379529111,-1.552018463261605
917,20818865,r,8,-2.020578946877822,0.07841371118683704,0.1574835983750269,6.392825251340849,-2.020578946877822
918,20836702,g,3,-0.7796444877714108,0.027571671658983776,0.03653361776896369,2.0570596993324464,-0.7796444877714108
919,20836702,i,13,-0.901683815349491,0.17284868611896687,0.4349086688032453,2.4338118863858815,-0.901683815349491
920,20836702,r,12,-1.0778120332071248,0.1313016311020231,0.389260028856355,3.4279939630064895,-1.0778120332071248
921,20876506,g,2,-1.0400438168437367,0.21317417855269555,0.2131741785526955,2.592437507593928,-1.0400438168437367
922,20876506,i,10,-1.4663250478122394,0.2359958963426203,0.4615320633606961,7.573609689814809,-1.4663250478122394
923,20876506,r,8,-1.528621677824089,0.28348134120759294,0.5222716031464845,6.930846127081597,-1.528621677824089
924,20907623,i,9,-1.8696307569508992,0.2589566026565895,0.4616229626326247,17.37672410161064,-1.8696307569508992
925,20907623,r,10,-1.9056953534157413,0.048721867228571414,0.1694323654862291,15.099293106633024,-1.9056953534157413
926,20920735,i,6,-1.042766792227063,0.17321378418665478,0.2682540280723378,3.1971203749572563,-1.042766792227063
927,20920735,r,4,-1.0903006711363106,0.012774055759650849,0.042251131469344116,5.177658600722225,-1.0903006711363106
928,2100096,g,6,-1.2178234474164278,0.04611025474317898,0.06998122383929006,4.293512258976844,-1.2178234474164278
929,2100096,i,5,-2.5122996754331637,0.06510848688979154,0.4556058989895311,37.01385852010484,-2.5122996754331637
930,2100096,r,11,-2.807079618597422,0.11733328827748757,0.3015742727311732,21.277275998530616,-2.807079618597422
931,21037249,g,4,-1.1085433364034885,0.20008603696143723,0.39307824765557453,4.1197678373368,-1.1085433364034885
932,21037249,i,5,-1.908713712630351,0.34894045463840073,0.9030117538711262,9.293327125810032,-1.908713712630351
933,21037249,r,2,-1.275501804279509,0.0230174783475231,0.02301747834752299,7.009904706739997,-1.275501804279509
934,21037512,g,4,-1.6301133400988392,0.03379141133197816,0.0678622576919532,4.248856656240644,-1.6301133400988392
935,21037512,i,7,-0.8035626133865569,0.3248456359625135,1.0314372788247779,4.01113837569147,-0.8035626133865569
936,21037512,r,7,-1.8486717610055128,0.1361196023417408,0.4802220544464111,7.168956692581912,-1.8486717610055128
937,21052495,g,4,-0.6064281398825968,0.16677957758180467,0.31715820356483926,1.5072802090388957,-0.6064281398825968
938,21052495,i,15,-1.1898103437165033,0.05458705381965201,0.13147299961459646,3.250932792189176,-1.1898103437165033
939,21052495,r,12,-1.2515093075294204,0.07330835358544285,0.11441543750295224,3.539680603618559,-1.2515093075294204
940,21114334,g,5,-0.4214508523020899,0.11665985066983842,0.1941476822240933,0.8996864132333672,-0.4214508523020899
941,21114334,i,13,-1.5645400511637688,0.2067534721413966,0.48404354864940724,7.283038169269166,-1.5645400511637688
942,21114334,r,10,-1.3338814678868305,0.028523694531172983,0.04826829448648828,5.903976831728636,-1.3338814678868305
943,21141494,i,6,-1.718726994265316,0.09111466259865764,0.20123274586381124,13.587702685193667,-1.718726994265316
944,21141494,r,7,-1.7977910550915535,0.045871411929019335,0.10395236654994466,12.221746972848567,-1.7977910550915535
945,21155919,i,11,-0.7483273219049623,0.17356432307419056,0.29466664166389256,2.4147644837335855,-0.7483273219049623
946,21155919,r,10,-0.971477875292088,0.0862897285456179,0.16090689415237158,4.376615796633169,-0.971477875292088
947,21251945,i,6,-0.5023582536382081,0.08966854801691881,0.1601208484013762,0.9643540377665064,-0.5023582536382081
948,21251945,r,4,-0.685933858441856,0.16130417054734614,0.32809335995462857,2.5732177145331985,-0.685933858441856
949,21288199,g,2,-1.111245483260281,0.06552522251908488,0.06552522251908477,3.895416755529277,-1.111245483260281
950,21288199,i,10,-2.211575890455049,0.05759655293234567,0.09835156923721255,11.86466752689853,-2.211575890455049
951,21288199,r,9,-1.9081604191254646,0.12469561749408742,0.17664996722387638,9.266546893402243,-1.9081604191254646
952,21297071,g,4,-1.6232532240177817,0.08258571887702093,0.28893928800341184,4.618144242030878,-1.6232532240177817
953,21297071,i,9,-1.8744744584501452,0.30387065714817796,0.4920483184692459,10.292497684151323,-1.8744744584501452
954,21297071,r,11,-1.7734078733200092,0.18372246422574912,0.3099636791682232,8.434381611139758,-1.7734078733200092
955,21301565,g,4,-1.1374978899725292,0.04446597761284543,0.09421225102800901,4.531238478657459,-1.1374978899725292
956,21301565,i,4,-1.799956682857268,0.13145173123039078,0.24693147240655344,17.799463439766928,-1.799956682857268
957,21301565,r,3,-1.7640000566152843,0.05256312761699977,0.058920507864692606,10.886348585720974,-1.7640000566152843
958,21327561,i,8,-1.1549656793239549,0.2873921043468537,0.5720496941566178,3.5409888262121227,-1.1549656793239549
959,21327561,r,6,-1.245220698483222,0.2846732953498601,0.45101251382378527,3.215168232222547,-1.245220698483222
960,21398864,g,5,-1.0821912148014177,0.10574819734190455,0.5228749900165661,3.4147814051418885,-1.0821912148014177
961,21398864,i,5,-1.8259742952883329,0.1182571330604496,0.3570814670865321,8.80901650850423,-1.8259742952883329
962,21398864,r,10,-2.0398003304280667,0.1035054958475159,0.4151368620932361,9.11903562641378,-2.0398003304280667
963,21457591,g,6,-0.9621653576522533,0.13794275184503724,0.25618771478195335,2.4415551569436995,-0.9621653576522533
964,21457591,i,15,-1.3971697095342104,0.2523299794094789,0.42520683225933276,6.45068705814632,-1.3971697095342104
965,21457591,r,13,-1.1696238420173994,0.04442531045559894,0.427601991835022,7.805236892588299,-1.1696238420173994
966,21482604,g,2,-0.9153510312539254,0.03997214804735483,0.039972148047354716,3.233073948683317,-0.9153510312539254
967,21482604,i,6,-1.7701482348703932,0.2610684253303637,0.4845554164968169,6.666242774802487,-1.7701482348703932
968,21482604,r,4,-1.0170444268886802,0.07868531686785629,0.3688537230160359,6.781635480599753,-1.0170444268886802
969,21538407,g,3,-1.1675638523464709,0.09006117796407787,0.10361258462422107,4.3939546771231015,-1.1675638523464709
970,21538407,i,10,-1.9220057309384213,0.2119495376407342,0.35564459970837636,11.477208229609541,-1.9220057309384213
971,21538407,r,11,-1.8081430964517975,0.10345050176309112,0.19403593846156308,10.925471712162192,-1.8081430964517975
972,21670461,g,3,-1.2551161919092575,0.03698980046594591,0.3318658885707202,5.324173759051214,-1.2551161919092575
973,21670461,i,4,-1.608509369834142,0.11048744976855596,0.299866754844476,9.007918229498129,-1.608509369834142
974,21670461,r,6,-1.4680870990616601,0.08262216531775979,0.1306297575832689,9.350854816350427,-1.4680870990616601
975,21684228,g,2,-1.4027395020337048,0.18639152208778653,0.18639152208778675,6.0110638132346,-1.4027395020337048
976,21684228,i,12,-2.022538781861276,0.19409253920166114,0.30089750712012475,15.499933183326268,-2.022538781861276
977,21684228,r,7,-1.9446086295570253,0.020325353870300766,0.0490874657430278,13.29677917925128,-1.9446086295570253
978,21752848,i,4,-2.488673798504374,0.2122342764772156,0.3350470882966685,26.973486635602296,-2.488673798504374
979,21752848,r,7,-2.349871993800202,0.08570510485505922,0.18563638618734934,23.365549344276648,-2.349871993800202
980,21803009,g,2,-0.43312234786437753,0.4099684233437111,0.4099684233437111,0.5452229552674004,-0.43312234786437753
981,21803009,i,8,-0.5535957048866311,0.10707279088490251,0.16864536593614504,1.205328903988387,-0.5535957048866311
982,21803009,r,5,-0.6845247031537016,0.05997630570233414,0.08194193255132332,1.5619298447866483,-0.6845247031537016
983,21832166,i,6,-2.2969330946589226,0.17181254782673272,0.29460550998816926,21.58744121218866,-2.2969330946589226
984,21832166,r,10,-2.2261364163204713,0.22825970373055804,0.5464326479564678,18.06748176700274,-2.2261364163204713
985,2184365,i,4,-1.9978450604001787,0.05205216713197203,0.11812260640554562,24.102676267343607,-1.9978450604001787
986,2184365,r,7,-2.0708822884065667,0.035915295030693795,0.09634944194955075,19.439934874350968,-2.0708822884065667
987,21878219,g,3,-1.0703182552878503,0.041056497897066,0.04699552200500756,3.959174911583748,-1.0703182552878503
988,21878219,i,10,-1.5959551512573824,0.42845857494485284,0.8159125466298187,5.274795992936502,-1.5959551512573824
989,21878219,r,14,-1.729223081137595,0.46292397529229445,0.7588675356229935,6.606082028970226,-1.729223081137595
990,21993505,g,2,-1.5605144256223744,0.25213324446914975,0.25213324446915,3.584477309392411,-1.5605144256223744
991,21993505,i,4,-1.732880331911143,0.16930803299204977,0.30787828604724243,16.039543777806994,-1.732880331911143
992,21993505,r,5,-1.7539890858847327,0.14712917667539727,0.3138895285036585,7.666659460706174,-1.7539890858847327
993,22020112,i,6,-2.1219239202882023,0.11400169764057488,0.20561741961782465,15.863894291608261,-2.1219239202882023
994,22020112,r,5,-2.2198750870440307,0.04305534066784045,0.06632821999056393,17.3301562759201,-2.2198750870440307
995,22020615,g,2,-1.215010158128556,0.05409998370523572,0.05409998370523561,4.289127414433234,-1.215010158128556
996,22020615,i,10,-1.8454318054453003,0.09943693031893153,0.18876682223703,14.996160248907609,-1.8454318054453003
997,22020615,r,9,-1.683893253949527,0.16224384988891316,0.6135686318961082,11.67524161387334,-1.683893253949527
998,22020972,g,2,-1.036309850160265,0.030411649716325817,0.03041164971632604,3.7567211776644105,-1.036309850160265
999,22020972,i,10,-1.664012608813116,0.13052455148506337,0.22856085867771214,8.310406776255007,-1.664012608813116
1000,22020972,r,6,-1.4039414277874935,0.06694802536409405,0.10406709908837608,8.416573483868515,-1.4039414277874935
1001,22069309,i,9,-1.4597505640480268,0.11478565224563408,0.5854387733149933,5.214602551102801,-1.4597505640480268
1002,22069309,r,5,-1.763913803172558,0.05563913164710277,0.056179545857848234,5.256403249657248,-1.763913803172558
1003,22072577,g,3,-0.7788909127123709,0.04494947086841572,0.17007875651751247,2.297600425177946,-0.7788909127123709
1004,22072577,i,15,-1.4737421438182245,0.12993905588719645,0.26604912646265344,7.346741848930564,-1.4737421438182245
1005,22072577,r,12,-1.5076252977544389,0.2785514224378115,0.527243350841258,9.596766398518573,-1.5076252977544389
1006,22184723,i,8,-1.9735246473517327,0.16209072962384286,0.28098002401248934,9.194613971505422,-1.9735246473517327
1007,22184723,r,5,-1.929413125110624,0.35198686618888564,0.3817382795899451,6.038910236240864,-1.929413125110624
1008,22256361,g,2,-1.268104286541365,0.13215038849071903,0.13215038849071914,5.100110798873214,-1.268104286541365
1009,22256361,i,8,-3.0264665164842635,0.1330977201724881,0.2768058756649028,29.918232813739053,-3.0264665164842635
1010,22256361,r,7,-2.7928507623830914,0.16235941688017252,0.25844092405545815,22.236774783348512,-2.7928507623830914
1011,22276516,i,9,-0.8934511969484386,0.19410713503501598,0.2961753186163194,1.976616306915593,-0.8934511969484386
1012,22276516,r,3,-1.1145529686375668,0.08073694939401155,0.16382084423932164,2.0586748667854153,-1.1145529686375668
1013,2231227,i,7,-1.3080153015419886,0.15045687980034828,0.8930216098928261,9.392999684654198,-1.3080153015419886
1014,2231227,r,5,-1.5419300135601004,0.12516501884398812,0.1457590964592823,10.920893458384967,-1.5419300135601004
1015,22329055,g,2,-1.6233586231863146,0.47480634559592494,0.47480634559592505,6.511530235936268,-1.6233586231863146
1016,22329055,i,7,-2.191438978785218,0.26934977064712484,0.48225733108298785,13.590919917079159,-2.191438978785218
1017,22329055,r,3,-2.1202374661875583,0.01841033350243748,0.04494803182091367,10.11462993124826,-2.1202374661875583
1018,22359354,g,2,-1.221677747338447,0.1299819675253604,0.12998196752536062,2.996520372468334,-1.221677747338447
1019,22359354,i,6,-2.2097166081770756,0.10460405096722658,0.1862083925248199,9.817852576938872,-2.2097166081770756
1020,22359354,r,3,-2.093046176365391,0.015036247269485159,0.07516231908740778,10.564120342918107,-2.093046176365391
1021,22362635,g,5,-0.7982542424140402,0.06631728316135166,0.24666298128863318,2.0693524702276,-0.7982542424140402
1022,22362635,i,7,-0.4076988863214448,0.07322988091617211,0.30725880016232454,1.209984944805024,-0.4076988863214448
1023,22362635,r,10,-0.9599167748033037,0.10477447296847825,0.16968555679277397,5.199769608592962,-0.9599167748033037
1024,22438184,g,3,-0.17233729869248526,0.02500327277039005,0.09046577183740045,0.056203365312273344,-0.17233729869248526
1025,22438184,i,6,-0.5291590160093131,0.05068997680149939,0.08923138568542544,0.6066645703165723,-0.5291590160093131
1026,22438184,r,6,-0.5442345239912086,0.05087042508278483,0.26358661128421473,0.8560349130310417,-0.5442345239912086
1027,22438927,i,5,-1.7503002779373893,0.11396912821039873,0.3748978986371818,10.079973295924187,-1.7503002779373893
1028,22438927,r,5,-1.4262781978622365,0.11312252271343559,0.3418113162585592,5.608224967613228,-1.4262781978622365
1029,22458610,i,14,0.3717968265034918,0.3946112806122995,0.8017253539018336,0.4207945522719738,0.3717968265034918
1030,22458610,r,14,-0.35265420967071237,0.24524176351742416,0.6901575973461378,1.1743802980646494,-0.35265420967071237
1031,22458610,u,5,-0.11076250380185915,0.07985536280521077,0.13209485090958517,0.07073282837904864,-0.11076250380185915
1032,22459483,i,13,-1.4584447277909658,0.08675860258625989,0.19852159570385908,8.83090402826687,-1.4584447277909658
1033,22459483,r,11,-1.4627342705819628,0.03465275806070767,0.08147926910579195,8.623382799814118,-1.4627342705819628
1034,22570823,i,5,-2.29881468140767,0.08461875820446929,0.15479810873871447,25.5270440992423,-2.29881468140767
1035,22570823,r,8,-2.168144903731626,0.040379570044512425,0.08149923978964235,16.38503083590153,-2.168144903731626
1036,2264266,g,3,-1.210794565688446,0.12296795222255708,0.32113209437846013,3.5249960971220116,-1.210794565688446
1037,2264266,i,8,-2.090056304184654,0.21346366375335846,0.34603620630310017,11.004750954289516,-2.090056304184654
1038,2264266,r,12,-2.05643784293903,0.12939518776265346,0.26392786407656144,10.016955472239081,-2.05643784293903
1039,22676344,i,8,-1.597874644385438,0.1689727979316593,0.36782992802597114,11.139030746702707,-1.597874644385438
1040,22676344,r,4,-1.5555534429982867,0.2258580381829577,0.3058132378401104,8.885799088148477,-1.5555534429982867
1041,2271675,g,3,-1.2367340620027576,0.023867375422603088,0.14697876779680374,4.508412394906746,-1.2367340620027576
1042,2271675,i,13,-1.36059726189248,0.5340656430912645,1.0202894699686507,5.900740296123279,-1.36059726189248
1043,2271675,r,14,-1.3058402997916396,0.36201166092306236,0.6841961600627591,6.2120000420696515,-1.3058402997916396
1044,22719425,g,5,0.0374659457180746,0.11367680016450521,0.12063976331472936,0.029630643344574464,0.0374659457180746
1045,22719425,i,14,0.8204240182490771,0.15401757600779198,0.2578130754764527,1.280928675295803,0.8204240182490771
1046,22719425,r,12,0.3937569794773653,0.12193737473353128,0.291960957667462,0.28202377927772915,0.3937569794773653
1047,22719425,u,2,1.4341981938603328,0.25584715713381967,0.25584715713381945,5.412641891795844,1.4341981938603328
1048,2272576,i,6,-0.699784044357981,0.19704600652766724,0.37496110335695376,1.3672771815702394,-0.699784044357981
1049,2272576,r,5,-0.9342970361047357,0.22294772244637817,0.28056794462676626,2.4678253133899344,-0.9342970361047357
1050,22728179,g,2,-0.8808555319611304,0.05192818806552335,0.05192818806552335,3.07146478477542,-0.8808555319611304
1051,22728179,i,5,-1.252456625240968,0.2040423442853645,0.34246486843360957,4.12371471570684,-1.252456625240968
1052,22728179,r,4,-1.1697543638885308,0.04494437577173427,0.1629448737960595,6.400315197165279,-1.1697543638885308
1053,22773458,g,3,-1.0403396132671956,0.16939536832183943,0.23899983127611857,2.137866677614933,-1.0403396132671956
1054,22773458,i,7,-1.4931834260273216,0.14075749124243075,0.28664806358488004,6.6306456018470294,-1.4931834260273216
1055,22773458,r,9,-1.6910394139222387,0.1190306140424835,0.5457175741238296,7.850742733721638,-1.6910394139222387
1056,22773624,g,3,-0.7146018444958613,0.06831163920942651,0.1735999814815946,1.1215815248780812,-0.7146018444958613
1057,22773624,i,11,-1.197573614704677,0.061409803286755604,0.09850641086994405,5.500928502922399,-1.197573614704677
1058,22773624,r,10,-1.1970892105806343,0.20788339670564626,0.37795886575338666,5.307105918376241,-1.1970892105806343
1059,22790017,g,2,-0.9935562695367015,0.6086484865085209,0.6086484865085208,2.6291177021133194,-0.9935562695367015
1060,22790017,i,14,-1.5280770846324638,0.06426749354771655,0.24113968410493447,9.419738992838315,-1.5280770846324638
1061,22790017,r,13,-1.6805225278640195,0.04184978381019966,0.05169058324316622,8.937463000954644,-1.6805225278640195
1062,2280014,g,3,-1.0162060358135951,0.07216264747368362,0.11654198090810675,3.188593664389048,-1.0162060358135951
1063,2280014,i,8,-1.5445057967893527,0.316691522814985,0.5996960433605172,7.3720623806668275,-1.5445057967893527
1064,2280014,r,4,-1.8225489149522294,0.3170119291032969,0.4165442826560808,7.878403680954509,-1.8225489149522294
1065,22862364,g,3,-1.3855763076736882,0.1776714554162333,0.19741824377383255,4.597461892772029,-1.3855763076736882
1066,22862364,i,13,-2.192854030203935,0.20835637548800623,0.37053209265428855,14.44779186897126,-2.192854030203935
1067,22862364,r,17,-2.0788715302208254,0.12743613570626922,0.2383138781563483,13.664106830421689,-2.0788715302208254
1068,22864296,g,5,-1.1177630062320119,0.09312895016917078,0.11551624850562447,3.83358453517409,-1.1177630062320119
1069,22864296,i,5,-1.727501473828549,0.15047781034393437,0.22128498796595486,11.76485781614414,-1.727501473828549
1070,22864296,r,8,-1.5762799967416556,0.08706556414456545,0.17610453772258294,10.66020092129338,-1.5762799967416556
1071,22901990,g,4,-0.21660994132261369,0.05709006055191146,0.09431151193639148,0.144303414719015,-0.21660994132261369
1072,22901990,i,9,-0.6854267226740294,0.05258167635492772,0.08948378433255588,2.0690833418890637,-0.6854267226740294
1073,22901990,r,11,-0.7014259404256691,0.16565449260833331,0.4268245556792861,2.0873747472225856,-0.7014259404256691
1074,2303636,g,2,-1.4384338903775502,0.043431818399239375,0.043431818399239264,1.6535527638132514,-1.4384338903775502
1075,2303636,i,7,-1.1251613393407907,0.02681739852423659,0.04608926949573888,6.307443603772666,-1.1251613393407907
1076,2303636,r,2,-1.2426533171508176,0.040972726761909106,0.040972726761908884,1.203928975125642,-1.2426533171508176
1077,23108778,i,7,-0.5202771958291934,0.04922101428393666,0.09466804215620606,0.7969552014517228,-0.5202771958291934
1078,23108778,r,6,-0.8697540589023283,0.044101868780134945,0.08042250640122328,2.1370755978531464,-0.8697540589023283
1079,23119175,g,2,-2.074391535503857,0.020615864678383833,0.020615864678384277,4.113365738163315,-2.074391535503857
1080,23119175,i,8,-1.5217835806097377,0.3080560456460609,0.7474033944195309,10.71211860633771,-1.5217835806097377
1081,23119175,r,4,-1.628915041364674,0.03160292772967144,0.1649578587218059,6.63801292902969,-1.628915041364674
1082,23325840,g,2,-0.7619086550423972,0.07604379861265897,0.07604379861265897,1.0120054654370385,-0.7619086550423972
1083,23325840,i,13,-1.007438173374073,0.0817815904675867,0.43980890784120374,1.8218061965821777,-1.007438173374073
1084,23325840,r,12,-1.2974613331668448,0.0538333408882361,0.1361477067181407,3.5379342813684684,-1.2974613331668448
1085,23400854,g,3,-2.311653896234481,0.12084200870741668,0.46114750410078,6.5018506329142705,-2.311653896234481
1086,23400854,i,3,-2.0420427010403692,0.015095143358988317,0.10225478227207807,21.061682925231256,-2.0420427010403692
1087,23400854,r,5,-2.147156111137293,0.08835317672403331,0.1624700674460433,11.086431985599344,-2.147156111137293
1088,23407302,i,6,-1.7541360031249182,0.1087834417685618,0.4229114815369064,12.974580421103802,-1.7541360031249182
1089,23407302,r,6,-1.482011141354413,0.09222004927043204,0.16440402497004936,7.236024281394023,-1.482011141354413
1090,23428196,g,2,-1.056412970897917,0.24784104930565276,0.24784104930565287,3.5550832437921587,-1.056412970897917
1091,23428196,i,12,-1.824306093446996,0.3714457093237069,0.7267607242268888,6.495429978477691,-1.824306093446996
1092,23428196,r,10,-1.686805516925116,0.1892782499825112,0.2558566199611596,6.552338730948802,-1.686805516925116
1093,23428196,u,2,-1.3110126954542014,0.6826354531337719,0.682635453133772,3.324692825212198,-1.3110126954542014
1094,234308,g,2,-0.7606762852073068,0.03757529624440803,0.03757529624440803,1.9716166692497419,-0.7606762852073068
1095,234308,i,8,-0.36958448162441393,0.030036286023514686,0.1054932200120729,1.1392100113961212,-0.36958448162441393
1096,234308,r,6,-0.6530356042807688,0.16365066547994556,0.5131820971650565,2.550940120217535,-0.6530356042807688
1097,23493643,g,2,-1.5453186156072307,0.10819231381285843,0.10819231381285865,4.414007976212567,-1.5453186156072307
1098,23493643,i,13,-1.467762584836181,0.13010082989450678,0.22959824483171487,7.661304874861789,-1.467762584836181
1099,23493643,r,15,-1.6514423418675561,0.19161164590016244,0.6926944864607609,8.347667709339907,-1.6514423418675561
1100,23505210,i,8,-0.9579929888740529,0.0873534406835269,0.2620714902331718,1.7318833411920782,-0.9579929888740529
1101,23505210,r,9,-1.3335366697467683,0.13894263489302094,0.3761923242032583,3.1434678364863444,-1.3335366697467683
1102,23506951,g,4,-1.0720454496545495,0.045969929405395016,0.11427312936559386,3.2492556840605804,-1.0720454496545495
1103,23506951,i,5,-2.1983255032039155,0.03561858764563963,0.22360771241078625,16.88638927692031,-2.1983255032039155
1104,23506951,r,5,-2.1132775199339693,0.08314723596737039,0.11501068219740196,11.321120113401538,-2.1132775199339693
1105,23512503,g,3,-0.8070453772095898,0.008892486698625968,0.015722602816423126,2.4294548719504374,-0.8070453772095898
1106,23512503,i,5,-0.9139602177066525,0.3522910368017492,0.5476413676684339,2.9806977504280177,-0.9139602177066525
1107,23512503,r,5,-1.2170547277529076,0.0497808514957232,0.06197934193666477,6.480921961409594,-1.2170547277529076
1108,23537886,g,4,-1.3639376576398101,0.08581145247958644,0.22259511754166028,2.957599310144561,-1.3639376576398101
1109,23537886,i,8,-1.3010659915670089,0.0553638584128231,0.10275031939438084,5.70447238934167,-1.3010659915670089
1110,23537886,r,8,-1.3784079246658152,0.2047325923725115,0.3748394705647551,5.355293260629608,-1.3784079246658152
1111,23585300,g,3,-0.8275675197348981,0.10026220937897445,0.19241608925491727,2.8687969252293404,-0.8275675197348981
1112,23585300,i,6,-1.2868508154117497,0.12137239153661328,0.21204037267850784,4.736224803811591,-1.2868508154117497
1113,23585300,r,5,-1.3208060418400698,0.14166777329916536,0.2960729864570888,8.638443147515789,-1.3208060418400698
1114,23598407,i,6,-0.890403321929869,0.10426059490428391,0.16673924355643366,2.231635935612061,-0.890403321929869
1115,23598407,r,6,-1.0238172385638764,0.020804237876167142,0.03624014216701377,2.6971415255054167,-1.0238172385638764
1116,23750140,i,8,-0.5014111877911189,0.258029894356514,0.6833612573790178,2.65407054895138,-0.5014111877911189
1117,23750140,r,7,-0.7115077658093456,0.19694932948580024,0.38372278231055024,1.9496763945372433,-0.7115077658093456
1118,23765698,i,5,-1.758886296672256,0.13796547508145207,0.6218891002022056,18.558869037536045,-1.758886296672256
1119,23765698,r,7,-1.8415753158068302,0.3820727710147305,0.5400231512250415,11.572626763744635,-1.8415753158068302
1120,23881877,g,3,-0.8498209716202532,0.010912071744697549,0.039141190555123995,2.6204245289380235,-0.8498209716202532
1121,23881877,i,5,-0.7889042771770503,0.03343735659935976,0.04526260999712273,4.345179095615793,-0.7889042771770503
1122,23881877,r,9,-1.0886211170318612,0.034444171799713486,0.06607237192443938,5.497069677036932,-1.0886211170318612
1123,23941540,i,5,-1.6214184218816257,0.08575377400482753,0.24315675500774048,5.932561141292868,-1.6214184218816257
1124,23941540,r,6,-1.5602974968188426,0.029917596732716545,0.19970776246144006,6.406835474092458,-1.5602974968188426
1125,23998772,g,2,-0.9391339763707549,0.12200189744071238,0.12200189744071233,3.1775053224179413,-0.9391339763707549
1126,23998772,i,9,-1.4408592058043712,0.19781764709402871,0.3352387360679756,8.10914987127346,-1.4408592058043712
1127,23998772,r,9,-1.4270375595608447,0.13999823936107347,0.4095520036911018,7.342930524824412,-1.4270375595608447
1128,24006954,i,6,-1.5655599424024025,0.027083368485302906,0.047607177707540416,15.236781040229006,-1.5655599424024025
1129,24006954,r,6,-1.8396401511426583,0.07443731641567353,0.15780837354148458,15.394266197713897,-1.8396401511426583
1130,24030165,g,3,-1.1963543426110572,0.20097725992872317,0.37649016644386446,4.075537033194706,-1.1963543426110572
1131,24030165,i,11,-1.5320620428014244,0.26236913201992795,0.3835318110312609,4.826191026839875,-1.5320620428014244
1132,24030165,r,14,-1.68695510578641,0.49072656825375316,0.9371635119802588,5.820316105065752,-1.68695510578641
1133,24117022,g,4,-0.26592100530478285,0.08764152809143422,0.1675693149714137,0.32419425373799365,-0.26592100530478285
1134,24117022,i,9,-0.17027657475445537,0.3860613165026153,0.6884846128479432,0.6115054374447264,-0.17027657475445537
1135,24117022,r,12,-0.21528315843684562,0.24410079255033523,0.44958697678206816,0.5291129688268758,-0.21528315843684562
1136,24119956,i,12,-1.9336425329372207,0.18709810243333314,0.3828113612570232,12.619205832374831,-1.9336425329372207
1137,24119956,r,6,-2.0097957564086384,0.11922373477607073,0.30253232629342874,11.898077621410097,-2.0097957564086384
1138,24135372,g,2,-1.4171163710774466,0.29108622948477525,0.29108622948477536,5.448984369363391,-1.4171163710774466
1139,24135372,i,6,-1.7442177756145565,0.1337433559347544,0.2127936082598425,10.158932054776457,-1.7442177756145565
1140,24135372,r,4,-1.551227591123772,0.0684433798132118,0.20601665261429458,13.076085163386566,-1.551227591123772
1141,24155621,g,5,-1.6477367242901697,0.22398419811822556,0.7105760385816209,4.154165778338397,-1.6477367242901697
1142,24155621,i,9,-1.8258374726930828,0.13476865710695085,0.140732735771113,12.241052759761722,-1.8258374726930828
1143,24155621,r,12,-1.9411740147445284,0.218610651618655,0.3531040078928367,13.180544328383904,-1.9411740147445284
1144,24164419,i,8,-0.7860248402893977,0.056417894773343136,0.11989286341321959,2.487154102656966,-0.7860248402893977
1145,24164419,r,7,-1.1843883527599217,0.0338881900450716,0.13419302586269977,4.6978010000200525,-1.1843883527599217
1146,24173592,i,7,-1.2359338967195392,0.22390593491441102,0.4694946436031555,6.969663429355372,-1.2359338967195392
1147,24173592,r,9,-1.382509287024034,0.16219775751994092,0.31297933382743404,7.859147179235663,-1.382509287024034
1148,24188329,g,4,-0.6311644662072009,0.009807766110039973,0.031855063681396345,0.6006042759397702,-0.6311644662072009
1149,24188329,i,13,-0.7994948717526951,0.03643465817986935,0.05286491415566952,2.651891967088842,-0.7994948717526951
1150,24188329,r,6,-1.1164759034256635,0.14649363416254146,0.25965289675027725,4.850007006063296,-1.1164759034256635
1151,24246914,g,4,-0.8152941279294755,0.12262437737658449,0.1817289994927872,2.396152173290531,-0.8152941279294755
1152,24246914,i,3,-1.9469048927499062,0.056896828476420636,0.07946435303087007,27.660542529943232,-1.9469048927499062
1153,24246914,r,5,-1.9568787488810075,0.10757747845484333,0.18989451332054275,20.561713762011923,-1.9568787488810075
1154,243046,i,8,-1.7490250917981491,0.17437430526035402,0.2473549497337013,11.452169578834262,-1.7490250917981491
1155,243046,r,3,-1.6197201713404423,0.06173321333148496,0.2019149241777951,10.639003973010917,-1.6197201713404423
1156,2432249,i,7,-0.9745485355349119,0.17649283360708323,0.2685190954322183,4.888517858138308,-0.9745485355349119
1157,2432249,r,5,-1.1410040303509175,0.06023208626083032,0.12383045662646142,6.798984212854887,-1.1410040303509175
1158,24372613,i,4,-0.9716124468697962,0.04389168237901092,0.11892112115790476,4.371048109241998,-0.9716124468697962
1159,24372613,r,6,-1.2076344500456724,0.02203849371232136,0.036514531532779726,4.318882245391304,-1.2076344500456724
1160,24392212,g,3,-1.0525049884323723,0.062271119166694255,0.16144559791551738,4.200482735347834,-1.0525049884323723
1161,24392212,i,8,-1.552975062456182,0.11635437940390514,0.18317687474295608,9.284842749324351,-1.552975062456182
1162,24392212,r,10,-1.4739328627993378,0.143959964428644,0.3539683332506258,10.483611712159448,-1.4739328627993378
1163,24414130,g,3,-1.9541703524286937,0.05036516434886895,0.057378635158136904,4.958134520777183,-1.9541703524286937
1164,24414130,i,5,-1.7200941512702779,0.3657041727431827,0.8252401774306539,5.023369758293984,-1.7200941512702779
1165,24414130,r,5,-2.2247650519864948,0.0921410623650698,0.2494194640920666,7.434016925214128,-2.2247650519864948
1166,24420112,g,3,-0.6024435134113717,0.009734203447992584,0.1444726644963168,0.46151438131811506,-0.6024435134113717
1167,24420112,i,13,-1.1185651185885537,0.03087407703354783,0.0785931966000839,5.02631830390319,-1.1185651185885537
1168,24420112,r,10,-1.2352222176507794,0.05149867059310331,0.10094828343343365,6.296936951834783,-1.2352222176507794
1169,24470203,i,8,-1.8756398127861784,0.06687609666433125,0.2081378296887415,15.933400498894786,-1.8756398127861784
1170,24470203,r,7,-1.9430852492468542,0.06434947540589331,0.1518912616543988,16.178777537353135,-1.9430852492468542
1171,24558442,i,6,-1.177903398032059,0.14789113302920198,0.2244432536246932,2.6147822244618535,-1.177903398032059
1172,24558442,r,5,-1.325817901976682,0.08140683880562305,0.2678978438865638,2.9976610324711324,-1.325817901976682
1173,24580882,g,3,-1.0001718371538595,0.0631666928164396,0.32042472491648843,2.715195633639327,-1.0001718371538595
1174,24580882,i,12,-1.8324438155764495,0.1991981929577512,0.4233321076969121,10.098921222526267,-1.8324438155764495
1175,24580882,r,10,-1.5577271194114286,0.030848058042908244,0.079894139780329,7.6824402057058805,-1.5577271194114286
1176,2459436,i,7,-0.5891155301067124,0.056271848189031415,0.11197764093380969,0.6299250554900111,-0.5891155301067124
1177,2459436,r,6,-0.7787835910574388,0.07901292867797349,0.12214796912899539,1.1743439716184452,-0.7787835910574388
1178,2459590,g,4,-0.8409708441173268,0.08938727696028892,0.2084530592597016,1.5091732473543633,-0.8409708441173268
1179,2459590,i,11,-0.756726316275603,0.10254240623893196,0.26377631949078184,3.242012453216324,-0.756726316275603
1180,2459590,r,10,-1.0099744633964796,0.09801489624605397,0.24285816412103667,5.819397894324766,-1.0099744633964796
1181,24601576,g,3,-1.15626104305339,0.06808508622777998,0.31661232710938947,5.059115154373096,-1.15626104305339
1182,24601576,i,9,-2.1306841576135165,0.12462092554806725,0.30271503155004087,16.755879784734898,-2.1306841576135165
1183,24601576,r,4,-2.0571003902897207,0.010424693242513383,0.06409204253699174,15.042360213206754,-2.0571003902897207
1184,24603806,i,11,-1.3576678065692294,0.1905101035948542,0.36183212423740985,6.357416118814052,-1.3576678065692294
1185,24603806,r,11,-1.4866216353087567,0.1974527723498143,0.38808735686444384,7.5548869181388225,-1.4866216353087567
1186,24675191,i,10,-2.0259433243640177,0.13584760947415908,0.2538958155621631,15.874741204141941,-2.0259433243640177
1187,24675191,r,6,-2.0048301412091156,0.07075272794611731,0.18722903246430844,13.642560347124105,-2.0048301412091156
1188,24693,g,3,-0.7693749310007167,0.15212723407641104,0.24939190898677588,2.3946006056773967,-0.7693749310007167
1189,24693,i,11,-1.3066933727217966,0.14473464745060483,0.2818634217424416,4.932544275562979,-1.3066933727217966
1190,24693,r,16,-1.2759287781600461,0.039384700332332656,0.0777854394792672,5.85975388956045,-1.2759287781600461
1191,24694976,i,9,-0.9417331982935208,0.061292577339758014,0.20023738451020778,2.066608518603477,-0.9417331982935208
1192,24694976,r,9,-1.0415309693605397,0.06841320674322882,0.11160814240603001,3.0015644210827137,-1.0415309693605397
1193,24700456,g,3,-1.0724703314757331,0.013550090279366156,0.07089374800133075,4.279188318292037,-1.0724703314757331
1194,24700456,i,5,-1.802994397128205,0.42147240553037824,0.5296541803210855,8.096508135371694,-1.802994397128205
1195,24700456,r,11,-1.5237853642003243,0.1984870946273718,0.43259699693019193,11.353971936486566,-1.5237853642003243
1196,24747213,i,5,-2.2470273933428984,0.0676310482164788,0.10006040812373795,11.522745914208167,-2.2470273933428984
1197,24747213,r,6,-2.2323933363210635,0.05474573333747279,0.18606499078615935,10.382424806690482,-2.2323933363210635
1198,24766977,g,3,-0.972852045063971,0.04136057797929782,0.08684379692183086,2.5053295460462537,-0.972852045063971
1199,24766977,i,6,-1.8857379524163216,0.20777804138126799,0.3627543523911916,11.361030595350295,-1.8857379524163216
1200,24766977,r,5,-1.6360282640998969,0.07894283246310052,0.1602666334155174,6.579523262613354,-1.6360282640998969
1201,24830696,g,2,0.25265570367922896,0.06470047912142496,0.06470047912142496,0.1439518626997126,0.25265570367922896
1202,24830696,i,7,-0.31856709808460393,0.19416136340661028,0.27520673804080564,0.8253186019696297,-0.31856709808460393
1203,24830696,r,9,-0.5415210789235771,0.13335053688592913,0.24525020975563872,0.920638387692763,-0.5415210789235771
1204,24850345,g,5,-0.6956044468385667,0.030643512958988373,0.055332254467423514,1.5484903306992064,-0.6956044468385667
1205,24850345,i,10,-0.6992108235625254,0.2479110373509935,0.6158282971314074,1.7679091798472608,-0.6992108235625254
1206,24850345,r,10,-0.9663634346808575,0.1873411597982561,0.3403114620517842,3.029996119354326,-0.9663634346808575
1207,24858520,g,3,-0.46705366189175335,0.09404330763958058,0.2238398482439391,1.0836134260788184,-0.46705366189175335
1208,24858520,i,8,-0.5646678764382014,0.06865448117862749,0.11638850783392563,1.3846787851386966,-0.5646678764382014
1209,24858520,r,6,-0.8491670300418661,0.06006690565838768,0.128258107354838,3.415519931408219,-0.8491670300418661
1210,24888951,g,3,-0.5315129425654824,0.005840757502019067,0.1844895216289697,1.3334287183831608,-0.5315129425654824
1211,24888951,i,6,-0.23592012992459133,0.34054442367738846,1.7707272872210622,1.0516416611091903,-0.23592012992459133
1212,24888951,r,4,-0.6241371157209085,0.36633860260189277,0.7308563258431564,1.1712332004898158,-0.6241371157209085
1213,24888951,u,2,0.21268929172458406,0.1215509298584051,0.1215509298584051,0.09232339152476479,0.21268929172458406
1214,24904750,i,6,-2.0165732191044476,0.0565175617912862,0.10387701588230702,21.6585362649863,-2.0165732191044476
1215,24904750,r,5,-2.033624025349791,0.019125314414695893,0.05755461899596215,23.98444726250971,-2.033624025349791
1216,24928463,i,8,-1.1100326040075754,0.14753198336762763,0.4371070882402215,1.4005319745788274,-1.1100326040075754
1217,24928463,r,3,-0.33671941472418004,0.013459703787601751,0.5002479294975996,0.8178472482513671,-0.33671941472418004
1218,24964887,g,3,-0.7020220715692838,0.0004842727714440276,0.0037292274390222646,1.7278589144126053,-0.7020220715692838
1219,24964887,i,7,-0.8802697806088823,0.02151678093046616,0.15911796948211498,2.7130772132048113,-0.8802697806088823
1220,24964887,r,10,-1.1364031955781084,0.05876287173295225,0.24411654752369394,5.714194374688946,-1.1364031955781084
1221,24964887,u,2,-0.7818181222354765,0.3326026711476564,0.3326026711476564,1.8024613204936757,-0.7818181222354765
1222,24965439,i,11,-2.153132804054751,0.13853015349657039,0.2831896448037252,20.813600160579174,-2.153132804054751
1223,24965439,r,8,-2.1757711355003684,0.1565418661724296,0.310055462647147,11.179883906604704,-2.1757711355003684
1224,24999620,i,7,-1.5771421181857428,0.11339482452642313,0.3110097032844741,7.051447614499665,-1.5771421181857428
1225,24999620,r,3,-1.9046935639950182,0.07075275870855435,0.12529589810716502,8.481085178819855,-1.9046935639950182
1226,25112932,g,2,-1.4796043511338588,0.01680479147146774,0.01680479147146796,5.658893881306276,-1.4796043511338588
1227,25112932,i,12,-2.0508217038794596,0.22685283735374795,0.3889192520807221,13.923297093267891,-2.0508217038794596
1228,25112932,r,11,-1.9564358364534395,0.06741026716659815,0.1400289756260773,9.584414426149136,-1.9564358364534395
1229,2511861,g,2,-1.86617691060253,0.08380899759408089,0.08380899759408078,3.8120903072186163,-1.86617691060253
1230,2511861,i,9,-1.6516155950517515,0.034207074323395315,0.06863761255945655,4.3994801707837885,-1.6516155950517515
1231,2511861,r,6,-1.6237659025296254,0.034395455891587545,0.08698380841815623,4.242729313601606,-1.6237659025296254
1232,25132590,i,5,-1.589460888177286,0.06730364119444565,0.11970976408520917,6.843241866655357,-1.589460888177286
1233,25132590,r,5,-1.3957131362031192,0.03360437898035462,0.05821914455393662,4.437708157847846,-1.3957131362031192
1234,2518980,g,3,-0.6618510319156983,0.013897973647768902,0.11626325377248792,0.8181914722185359,-0.6618510319156983
1235,2518980,i,9,-0.2236272493768359,0.09139665867286548,0.16773759490863954,0.20910413134312014,-0.2236272493768359
1236,2518980,r,8,-0.3342713493512404,0.08711561961906372,0.17338999496663177,0.7881933694295693,-0.3342713493512404
1237,25273932,g,5,0.68972931484092,0.1333599090576172,0.506703133548559,0.3689301572733083,0.68972931484092
1238,25273932,i,7,-0.7383918085480542,0.049583049358579934,0.07386281867216793,2.0904543082524496,-0.7383918085480542
1239,25273932,r,4,-0.8103880775807554,0.06006741094002854,0.1189641507582977,2.023128234988693,-0.8103880775807554
1240,25328117,i,11,-1.790640930852073,0.493487975231127,0.9375368866538298,10.798690739574342,-1.790640930852073
1241,25328117,r,9,-1.954496002403406,0.4326066077784516,0.8870514291691303,11.48910709081708,-1.954496002403406
1242,25365973,g,3,-0.9449332872123077,0.20341102634282415,0.2500375705874939,1.7604163876745247,-0.9449332872123077
1243,25365973,i,11,-0.9812367150525844,0.12761964038915152,0.2325678451689327,2.878501947200327,-0.9812367150525844
1244,25365973,r,10,-1.2559234587353072,0.04198614998316119,0.1031667723153642,4.506701780835912,-1.2559234587353072
1245,25388731,i,5,-0.4742972483836937,0.2122378634019323,0.2588138126124257,1.2667857359400818,-0.4742972483836937
1246,25388731,r,7,-1.113208189598704,0.1755112088384554,0.5208851567153767,3.680364404596125,-1.113208189598704
1247,25456934,g,2,-0.735614331682621,0.06877539387127862,0.06877539387127851,1.7650399650422894,-0.735614331682621
1248,25456934,i,11,-0.3602459049973163,0.08693002090683677,0.1566482695341312,0.42954570796858316,-0.3602459049973163
1249,25456934,r,6,-0.7773979241855209,0.020348136616813395,0.03814918865475703,2.008916256312013,-0.7773979241855209
1250,25498233,g,9,-0.717361155454082,0.07638486436434722,0.11307474789697769,1.5673795366050056,-0.717361155454082
1251,25498233,i,12,-0.8230796819363846,0.12995491167743306,0.23588373915524719,1.6790789641542059,-0.8230796819363846
1252,25498233,r,15,-1.1125613801004093,0.030772072484287705,0.49407519561527624,2.6059177408505376,-1.1125613801004093
1253,25498233,u,5,-0.08930958500601349,0.0652622268919012,0.09492573280254346,0.037725371161951016,-0.08930958500601349
1254,25500237,i,16,-1.4877135075420227,0.18590259669008702,0.49014824228176024,10.8162276092716,-1.4877135075420227
1255,25500237,r,7,-1.6628534300418472,0.17943376554210766,0.2492697181359329,8.197710701214724,-1.6628534300418472
1256,25559057,g,2,0.012432446380667761,0.07203421472102067,0.07203421472102067,0.008108892458581273,0.012432446380667761
1257,25559057,i,6,0.7711014102770788,0.02953967845519878,0.04701151038139928,1.1856800232142206,0.7711014102770788
1258,25559057,r,3,0.14743554780058554,0.01168895496682909,0.01944045317367482,0.04354649469646255,0.14743554780058554
1259,25588613,g,4,-0.03096590691390455,0.08622680082002598,0.1640213625685123,0.02969192064335548,-0.03096590691390455
1260,25588613,i,3,-0.24342863913129192,0.08330913775168969,0.3149954377173388,0.27738595825753726,-0.24342863913129192
1261,25588613,r,6,-0.5476046908481387,0.0496165649221087,0.3147396483029712,0.836492995628316,-0.5476046908481387
1262,25636581,i,7,-1.9590267927858458,0.11896135284325005,0.18096693281571374,15.131563195870454,-1.9590267927858458
1263,25636581,r,3,-1.7163516821742721,0.006083060460531975,0.20304041184948107,16.473831377393605,-1.7163516821742721
1264,25643714,g,5,-1.001646842922153,0.021732472347276488,0.031685771870488155,2.8038003835650613,-1.001646842922153
1265,25643714,i,2,-0.9561277663406816,0.05162346288480146,0.051623462884801574,6.646161696299798,-0.9561277663406816
1266,25643714,r,4,-1.2865601039632988,0.04346691152403703,0.07804987149515252,7.004911571483845,-1.2865601039632988
1267,25702055,i,9,-2.132811491630897,0.049442185732706534,0.11739075206131933,13.837444381555972,-2.132811491630897
1268,25702055,r,8,-2.0530923308071087,0.07272982228123626,0.18261565452576312,10.864503288242124,-2.0530923308071087
1269,25734956,i,6,-2.119702341446688,0.3504327945907819,0.588601168368686,13.313549693708142,-2.119702341446688
1270,25734956,r,6,-2.0212969698149283,0.0824787041785704,0.14769771445460922,14.490583555173032,-2.0212969698149283
1271,2574141,g,3,-0.628156809412828,0.1555805361617837,0.16173402560050487,1.25022104970084,-0.628156809412828
1272,2574141,i,8,-1.4968045851262466,0.05663313521466384,0.1919971113229828,4.539929856217323,-1.4968045851262466
1273,2574141,r,6,-1.2053323111940457,0.10431500788957249,0.2624605981008319,4.511637928148027,-1.2053323111940457
1274,25745061,g,2,-1.0187118193669589,0.08868051905605978,0.08868051905605967,3.8677221403056032,-1.0187118193669589
1275,25745061,i,6,-0.9171371103504532,0.14659553959247085,0.30177643232201934,5.430991403315761,-0.9171371103504532
1276,25745061,r,8,-1.0452505576211788,0.10790009717625626,0.2039268807534318,6.224407065458652,-1.0452505576211788
1277,25746240,g,2,-1.8869795377134424,0.004832391677660253,0.004832391677660475,9.918605083519857,-1.8869795377134424
1278,25746240,i,4,-1.752154883311781,0.03854246679376594,0.07863488934531526,12.102876631770176,-1.752154883311781
1279,25746240,r,7,-1.8551295123581748,0.06143453815732247,0.234172055665113,15.072184685281224,-1.8551295123581748
1280,25769081,i,7,-1.3252313128785491,0.06911068084120364,0.27304025513193175,11.081253657616346,-1.3252313128785491
1281,25769081,r,9,-1.599519214020957,0.0792182622913522,0.15921619614986082,9.272428315575468,-1.599519214020957
1282,25838430,g,3,-0.6735935668322863,0.30882173781749,0.4184659491435955,1.8862418496215627,-0.6735935668322863
1283,25838430,i,12,-0.7297746342483231,0.13266009107331633,0.39605653613735325,1.766229511447117,-0.7297746342483231
1284,25838430,r,12,-0.804591241115103,0.17845981898349694,0.3248013830919394,3.108509227247526,-0.804591241115103
1285,2585127,g,4,-1.1052881541278843,0.003324658354714516,0.012750935568919264,4.133579411355569,-1.1052881541278843
1286,2585127,i,6,-1.520354644337289,0.10087559071312224,0.17052497956764223,14.431216046007243,-1.520354644337289
1287,2585127,r,7,-1.6704699531422893,0.05083376489247704,0.07630127842119516,13.11471424035547,-1.6704699531422893
1288,25889407,g,3,-1.0384855803333903,0.02593586883523402,0.0438177523899721,3.9819559708699104,-1.0384855803333903
1289,25889407,i,14,-1.1428567990540421,0.36689874796811167,0.6930686454244013,5.167044277189812,-1.1428567990540421
1290,25889407,r,14,-1.4422044123096414,0.27733255680284286,0.5206259250273573,8.142293046611625,-1.4422044123096414
1291,25914921,i,5,-0.9050476651051805,0.624363166753413,1.3048659747902485,5.822064636509258,-0.9050476651051805
1292,25914921,r,6,-1.0450371329200376,0.4308501405747167,0.7937787600806421,5.214698929979047,-1.0450371329200376
1293,25927012,i,5,1.0811528186193824,0.0024108454694027337,0.8024608216144491,1.3028568588974392,1.0811528186193824
1294,25927012,r,8,0.5769231828290231,0.07151744825355866,0.6314875648736142,0.3873061389370115,0.5769231828290231
1295,25972026,g,2,-0.3093140846636596,0.04092366247408974,0.04092366247408974,0.22031552885373668,-0.3093140846636596
1296,25972026,i,9,-0.942053322213405,0.20898162733279413,0.3658219632953741,3.5788578981529096,-0.942053322213405
1297,25972026,r,8,-0.9057538543207551,0.20630128664567837,0.41651702403345636,3.347420242626326,-0.9057538543207551
1298,2601279,i,6,-3.1030838477576306,0.14419293705985803,0.2458230428681798,33.317109312998795,-3.1030838477576306
1299,2601279,r,8,-2.8699744288360503,0.1299500729450611,0.2525786121414084,19.565206433371984,-2.8699744288360503
1300,26047887,i,5,-1.3941826996842905,0.1454746269101952,0.6612525199326478,3.521179317892441,-1.3941826996842905
1301,26047887,r,8,-1.381449231977305,0.11756285283515044,0.2867435518600867,4.486749771583839,-1.381449231977305
1302,26068302,i,9,-2.0343806174782086,0.27570535015496267,0.48799236258876055,11.944992610497671,-2.0343806174782086
1303,26068302,r,3,-1.8297821050658913,0.036735195960480915,0.23922629031451859,9.773244949180162,-1.8297821050658913
1304,26083321,g,4,-0.6086773731242926,0.011702238980661084,0.03496139801730236,1.2587712163725757,-0.6086773731242926
1305,26083321,i,7,-0.9035841016150175,0.30812290667713027,0.49538395648633915,5.961593478683448,-0.9035841016150175
1306,26083321,r,11,-0.5322483949610672,0.1710044046380761,0.33216867869771105,1.9749810323642145,-0.5322483949610672
1307,26085171,i,8,-0.6720593871578424,0.030203675738466162,0.14877702945531535,1.1604823007380594,-0.6720593871578424
1308,26085171,r,6,-0.9590155085009657,0.041637242763117255,0.12082904101547276,3.2503739390233206,-0.9590155085009657
1309,26131369,i,13,-2.04134695923657,0.07376306779681574,0.17235699502650337,12.923893295831391,-2.04134695923657
1310,26131369,r,9,-1.7470702110018417,0.055087953862453354,0.08320221836927821,7.538525866247911,-1.7470702110018417
1311,26145358,i,6,-2.286877778164409,0.11728420725667155,0.20555151743899502,24.583580769329128,-2.286877778164409
1312,26145358,r,7,-2.327900013944686,0.03976773327421057,0.0726485738770295,14.930077134222845,-2.327900013944686
1313,26178637,i,8,-2.289827473035577,0.44580752111338073,1.0435665310299436,11.416081872650015,-2.289827473035577
1314,26178637,r,7,-2.461800701850181,0.2031376374699181,0.5344213644183711,10.79941986896667,-2.461800701850181
1315,26203410,i,7,-2.3081122570238697,0.2244550432235135,0.5818032954900778,13.028760573267883,-2.3081122570238697
1316,26203410,r,5,-1.7717451211098987,0.11570324144854838,0.6933512878704002,12.27260005859618,-1.7717451211098987
1317,26209459,i,6,-1.4965406343407142,0.07186548359658651,0.13149799685346442,5.566620601139288,-1.4965406343407142
1318,26209459,r,7,-1.4599068301431743,0.0571883014825052,0.11735537610622959,4.377960375179202,-1.4599068301431743
1319,26296964,i,8,-1.1568702568981015,0.1300974915382399,0.26751489388676575,6.097783280914118,-1.1568702568981015
1320,26296964,r,9,-1.2056767296699942,0.1373570108026141,0.2722699612110291,6.496147593125751,-1.2056767296699942
1321,2632008,i,9,-2.4146964027568645,0.11224714481651166,0.3893690032317081,31.939696635963895,-2.4146964027568645
1322,2632008,r,7,-2.4409949050655264,0.076676951824036,0.2815270309322644,23.529958965551998,-2.4409949050655264
1323,26373165,i,6,-1.5948442355726065,0.27303135344593765,0.6274524553613077,9.31937539195375,-1.5948442355726065
1324,26373165,r,7,-1.858128818119422,0.22793387562938938,0.3745600667239586,8.34423363589531,-1.858128818119422
1325,26378373,i,8,-0.5422775443857224,0.12640112451959667,0.2076135281029472,1.1793539666950448,-0.5422775443857224
1326,26378373,r,7,-0.3991025711896432,0.0663356927334619,0.19170454179105,1.1458941562122862,-0.3991025711896432
1327,26390265,g,2,-1.3337889234622082,0.12433736164167974,0.12433736164167963,5.902639289146942,-1.3337889234622082
1328,26390265,i,11,-2.2627330558397256,0.1286566213271696,0.35657957332623935,14.107729300059475,-2.2627330558397256
1329,26390265,r,8,-1.8647062599646351,0.05284945102359129,0.12524613978154742,11.664807426607258,-1.8647062599646351
1330,26450557,g,3,-1.4479299582039975,0.06849873175970966,0.2370785017854049,4.308707137059368,-1.4479299582039975
1331,26450557,i,6,-1.846482144225881,0.20583194981660236,0.31730474907998896,12.706671738416459,-1.846482144225881
1332,26450557,r,3,-1.5359400362548246,0.023824237315764663,0.23570063994654222,11.306841911182419,-1.5359400362548246
1333,26469437,g,3,-0.5398259972716639,0.5176638959485258,0.8344459555902437,0.8913896086173719,-0.5398259972716639
1334,26469437,i,10,-1.1312336561579353,0.1004657769571835,0.1846222112300131,2.8812848169727023,-1.1312336561579353
1335,26469437,r,7,-1.1901231533150092,0.10630124564544574,0.20362526028995087,2.4604096374360327,-1.1901231533150092
1336,26477942,g,4,-1.0506724518233546,0.14384896666501534,0.2729286260926298,1.4275805661496217,-1.0506724518233546
1337,26477942,i,6,-1.12194232648941,0.025696856274020186,0.043038003320121865,2.4483337147806394,-1.12194232648941
1338,26477942,r,3,-1.452121910636612,0.06371036231457294,0.22281240055581386,3.069419373649398,-1.452121910636612
1339,26485863,i,9,-2.3186089814212254,0.29899242562816886,0.48493806104413695,12.0879275277793,-2.3186089814212254
1340,26485863,r,9,-1.7647476157517021,0.2766382750863414,0.9732422480075562,11.467831958533974,-1.7647476157517021
1341,26524815,g,3,-1.5002775718295407,0.005958615622550845,0.27349958099864136,4.9927949254492585,-1.5002775718295407
1342,26524815,i,11,-1.763526495957495,0.33386526900387037,0.6083015676005297,6.194252437568716,-1.763526495957495
1343,26524815,r,12,-1.6838077935343927,0.33342997428690546,0.6933097838025566,6.926595887915127,-1.6838077935343927
1344,26534919,g,3,-0.5848049907690067,0.07393925600447937,0.10119289056079317,1.2737298425741166,-0.5848049907690067
1345,26534919,i,8,-0.9618417116086373,0.10364788328812036,0.204614880228424,4.4940858377289405,-0.9618417116086373
1346,26534919,r,7,-0.8597017992069971,0.03855382983892319,0.07444842385560191,4.825191067740116,-0.8597017992069971
1347,26571736,g,3,0.1433101561125587,0.057458858699576565,0.15816416313786896,0.03415844369405421,0.1433101561125587
1348,26571736,i,9,-0.5703272543686344,0.05648768432157314,0.08915624053433302,0.8810658435662045,-0.5703272543686344
1349,26571736,r,12,-0.6076332825679076,0.19708443857961844,0.4999074209818182,0.8807933069051339,-0.6076332825679076
1350,26579342,i,8,-0.7564364316087986,0.04010158512491796,0.2582496410567119,3.1233929605019504,-0.7564364316087986
1351,26579342,r,6,-1.1703493801153733,0.2909773977990428,0.5487940088189627,4.371823552590389,-1.1703493801153733
1352,26616109,g,2,-1.0950964717347702,0.0129552726875386,0.0129552726875386,4.420687388113215,-1.0950964717347702
1353,26616109,i,6,-1.509779627756111,0.06403168819792748,0.11076154913748626,6.587889664282159,-1.509779627756111
1354,26616109,r,3,-1.6038077573364333,0.04056708229179873,0.18277849213187136,10.998993873630035,-1.6038077573364333
1355,26655116,g,2,-0.8048267637577533,0.0032692677085517374,0.0032692677085517374,1.1510603014229277,-0.8048267637577533
1356,26655116,i,11,-0.7952642328635928,0.16942459354360406,0.5535606355837472,1.3311398972696087,-0.7952642328635928
1357,26655116,r,10,-1.2087263321791275,0.053225799066143,0.5492174565932866,2.990040235632253,-1.2087263321791275
1358,26670389,g,3,-1.5417862993604485,0.034533673957753086,0.10185381659915604,6.657221712124411,-1.5417862993604485
1359,26670389,i,8,-1.6740845758856087,0.08603134612337349,0.14985048909148668,11.243079055549083,-1.6740845758856087
1360,26670389,r,11,-1.6395061372598214,0.02864409824579295,0.0463227088581184,8.62751184853195,-1.6395061372598214
1361,26672093,g,4,-1.216536943309594,0.1480547446599012,0.29149316691984395,4.918312701795079,-1.216536943309594
1362,26672093,i,8,-2.019477933891955,0.03503435380441178,0.04488995337884938,12.610673513733666,-2.019477933891955
1363,26672093,r,10,-2.0856255172900093,0.0562565714970269,0.12317082619684472,14.73585547150185,-2.0856255172900093
1364,2671063,g,3,-1.735431769294677,0.032688634367200375,0.16971670880599432,6.209571636191598,-1.735431769294677
1365,2671063,i,7,-1.8709367761150326,0.36361711311834033,0.5740883072656211,14.392368074298938,-1.8709367761150326
1366,2671063,r,7,-1.93261950417861,0.06697770353484223,0.32038586230873767,9.994261201711153,-1.93261950417861
1367,26725287,i,10,-1.9381297205931358,0.05473026216935517,0.2502399940743323,18.48379918327719,-1.9381297205931358
1368,26725287,r,11,-2.015149202288282,0.2360522634532134,0.35993618181211695,13.187150059408175,-2.015149202288282
1369,26775051,g,4,-0.9955570064606132,0.21338018697776528,0.4921057969187592,2.0459655323864165,-0.9955570064606132
1370,26775051,i,5,-1.0025156513010887,0.23755285855151076,0.3477558573650732,1.4991507639537658,-1.0025156513010887
1371,26775051,r,6,-1.0297146760980027,0.02856923389437449,0.09704620364903938,2.1535323190763394,-1.0297146760980027
1372,26839890,g,4,0.45491399762358453,0.3335325635341334,0.5969184028736423,0.22678985589580516,0.45491399762358453
1373,26839890,i,4,-0.43313107578522375,0.2308241301908831,0.4915492698110139,0.7105752283714086,-0.43313107578522375
1374,26839890,r,9,-0.11054740816278613,0.3890262998397885,0.7820968940335944,0.39165664484309637,-0.11054740816278613
1375,26840938,i,10,-3.2969027050738617,0.1206423595640338,0.21286713004631963,43.64608465176684,-3.2969027050738617
1376,26840938,r,5,-2.873630735624433,0.100050209297045,0.16915697792904894,28.5000218492618,-2.873630735624433
1377,26853696,g,2,-1.1868830539802664,0.0538351672239088,0.0538351672239088,5.052116680238007,-1.1868830539802664
1378,26853696,i,14,-1.9960869535813666,0.054030281014452175,0.1011681966028306,12.250167906603957,-1.9960869535813666
1379,26853696,r,10,-1.9811790558063047,0.12504829291117003,0.1552184973948767,13.050220696475828,-1.9811790558063047
1380,26885526,g,4,-0.7949212690355207,0.09422063081267917,0.1839012795073247,2.0350646413345985,-0.7949212690355207
1381,26885526,i,4,-1.0338572794635208,0.21806251024135187,0.4754890090565469,6.528103307055438,-1.0338572794635208
1382,26885526,r,7,-0.8406867021061024,0.5251505955585043,0.6945056180921527,5.148187486969043,-0.8406867021061024
1383,26886877,i,6,-1.8536404039505952,0.019072655465344424,0.03218867499853606,11.984631989362839,-1.8536404039505952
1384,26886877,r,9,-1.7632851970431962,0.13493234776643748,0.21081469030139788,7.282900283445114,-1.7632851970431962
1385,26905473,i,7,-2.051493724915569,0.05430018324163832,0.29593170959235593,24.410310568494367,-2.051493724915569
1386,26905473,r,4,-2.073918631372419,0.04561051538332905,0.07790485653915624,16.72175730658583,-2.073918631372419
1387,26921599,g,3,-0.7703653620693958,0.13423318657460914,0.19767773359480167,1.5291680308532776,-0.7703653620693958
1388,26921599,i,7,-0.5385509201569504,0.05956609040569727,0.10813969641496873,0.7398181375816038,-0.5385509201569504
1389,26921599,r,8,-0.8102641598632112,0.01469491183397681,0.03268233406400112,2.3222917304845763,-0.8102641598632112
1390,26957879,i,5,-1.78457659283329,0.1136061604490548,0.22679623398837778,14.386519854110642,-1.78457659283329
1391,26957879,r,6,-1.612918327710111,0.07258244704734929,0.238863520308084,5.673827468577062,-1.612918327710111
1392,27006926,i,7,-1.8731154632860951,0.05475511446441872,0.0902443111694553,12.866716557014692,-1.8731154632860951
1393,27006926,r,6,-1.9557291427218106,0.02821653453750217,0.04407570960296292,11.827393074557486,-1.9557291427218106
1394,27043705,g,2,-0.3806340278540684,0.18548927459520004,0.18548927459520004,0.7177544444667894,-0.3806340278540684
1395,27043705,i,7,-0.534120593899096,0.09778913596971706,0.21250324742115678,1.425545965197584,-0.534120593899096
1396,27043705,r,6,-0.5072844474826395,0.07432613185341921,0.11409757664066378,1.6954453422245612,-0.5072844474826395
1397,27064974,i,7,-1.8641498596233592,0.09396615036207878,0.16304973955511737,22.52450146472653,-1.8641498596233592
1398,27064974,r,9,-1.8471560381681698,0.05470523066804489,0.10377245756075593,15.507461196115571,-1.8471560381681698
1399,27096879,i,6,-1.7524358321652187,0.137727543810784,0.2365634167147661,6.675734719930293,-1.7524358321652187
1400,27096879,r,5,-1.5687153542712438,0.1598984920269888,0.19077639098318233,6.460242270590418,-1.5687153542712438
1401,2711738,g,3,-1.8661085242523452,0.37372070267822544,0.5562381857060659,4.355755152567788,-1.8661085242523452
1402,2711738,i,8,-1.637046718283285,0.24682344928508293,0.4517176167141874,11.061524889459513,-1.637046718283285
1403,2711738,r,3,-1.5151848848577507,0.07895014581988846,0.2883128077116732,10.267103467166326,-1.5151848848577507
1404,27124998,g,5,-1.2546865558329139,0.0871319992815538,0.10682273820428989,2.5627239133238477,-1.2546865558329139
1405,27124998,i,5,-1.7649801128875662,0.05925266135335261,1.0978841917992386,3.029607081531389,-1.7649801128875662
1406,27124998,r,5,-1.1543608486767996,0.03861729428072569,0.3464097055430493,2.9695513453440086,-1.1543608486767996
1407,27174583,g,3,-0.06343967767055458,0.07283612333922429,0.21957526086723844,0.21026412148476678,-0.06343967767055458
1408,27174583,i,3,0.5037171006380534,0.028656706587809166,0.11511493776711379,0.3520677690275393,0.5037171006380534
1409,27174583,r,4,0.1295975074026695,0.10748736165510253,0.26163903707814473,0.21776070057934085,0.1295975074026695
1410,27256161,i,6,-1.3562172074794807,0.04585027994544677,0.07895393572767961,7.685218811164425,-1.3562172074794807
1411,27256161,r,6,-1.663058365495802,0.054720161543000745,0.12737313195082955,9.876717141805008,-1.663058365495802
1412,27300094,i,9,-1.8461537264681023,0.27158922982454525,0.466005534830646,12.192647118238417,-1.8461537264681023
1413,27300094,r,7,-1.6342604147531772,0.21334855477939896,0.4227252959272809,7.112855383051419,-1.6342604147531772
1414,27326238,g,4,-0.8974263848083299,0.12454534342271162,0.2497729512146638,3.2992528330677127,-0.8974263848083299
1415,27326238,i,6,-1.3316144573099942,0.2983391330236487,0.7088092135277528,5.254546664356006,-1.3316144573099942
1416,27326238,r,6,-1.5409090797402047,0.47986865540920265,0.8823668543499648,7.538430490842406,-1.5409090797402047
1417,27494324,g,2,-0.9220996242031713,0.01799016838236034,0.01799016838236045,3.2550852866378523,-0.9220996242031713
1418,27494324,i,6,-1.9012515496434372,0.08486790556376411,0.14876850431518296,8.010595338346688,-1.9012515496434372
1419,27494324,r,5,-1.385859576433599,0.23857436644059704,0.3937981947218976,7.064760612305291,-1.385859576433599
1420,27518348,g,2,-0.7046008373027,0.007258304449461628,0.007258304449461628,2.0633643068126126,-0.7046008373027
1421,27518348,i,5,-0.10153822355572167,0.018512302353161536,0.03255930887066297,0.04771560983745525,-0.10153822355572167
1422,27518348,r,6,-0.5215279670210524,0.03499737718917767,0.0681616764716727,0.7498683830670217,-0.5215279670210524
1423,27531641,g,3,-1.1256117729400792,0.09481013919565906,0.2539145400144083,2.251465911746472,-1.1256117729400792
1424,27531641,i,9,-1.695101682065337,0.29465177184103797,0.48077256956355097,7.372616529322792,-1.695101682065337
1425,27531641,r,8,-1.5159475730186607,0.06576419622665397,0.14544813014186841,10.224737876285463,-1.5159475730186607
1426,27585203,g,2,-0.6204494279514254,0.13600986068995313,0.13600986068995313,1.074068598087603,-0.6204494279514254
1427,27585203,i,5,-0.9112317089535593,0.45993276644201675,0.8765624726153952,2.0189533134677493,-0.9112317089535593
1428,27585203,r,6,-0.9857303816318144,0.2588755215033995,0.42727736631262414,2.4623081637880544,-0.9857303816318144
1429,27588271,i,7,-1.748271644020813,0.08142072441671244,0.20167622140062313,13.166556808740546,-1.748271644020813
1430,27588271,r,8,-1.4864763849266482,0.0618089122105816,0.10549409762195561,6.821126219779331,-1.4864763849266482
1431,27614469,g,3,-1.2606522651626304,0.003918428408641095,0.11460998278040901,4.667141950895402,-1.2606522651626304
1432,27614469,i,8,-1.671390463491801,0.3038721009538704,0.6272944317319697,11.521853705268853,-1.671390463491801
1433,27614469,r,10,-1.6219102982700622,0.19756126655135897,0.3446877559768231,11.404258127949591,-1.6219102982700622
1434,27633430,g,3,-1.7973726057457506,0.04673685834118313,0.08338213835216779,4.783859900778527,-1.7973726057457506
1435,27633430,i,10,-1.7711292554529945,0.3034044155669058,0.6075111398733664,8.690828034775306,-1.7711292554529945
1436,27633430,r,15,-1.9604246102665408,0.19620812125867748,0.8097984286300761,9.269356463496019,-1.9604246102665408
1437,27675557,g,2,-1.920023637150725,0.31314736945638943,0.3131473694563893,5.544586346291007,-1.920023637150725
1438,27675557,i,14,-2.8427378735015116,0.208953152070239,0.4184912494779831,26.62752780595316,-2.8427378735015116
1439,27675557,r,15,-2.762827513724809,0.06300000908274495,0.10302379062298161,16.69127800185743,-2.762827513724809
1440,27723661,i,7,-1.7693459901720858,0.13189696686190433,0.24227291591170963,20.30954212935017,-1.7693459901720858
1441,27723661,r,8,-1.9200895890610608,0.11621558564265644,0.22628169276956034,11.94858249147224,-1.9200895890610608
1442,27727619,i,11,-2.803128033537611,0.0658070173984191,0.11120836391948119,27.44163550727147,-2.803128033537611
1443,27727619,r,9,-2.6284533034506516,0.19061648272665588,0.26979715367447277,20.35589691565606,-2.6284533034506516
1444,27732666,i,10,-1.3302459002221676,0.06741741234688725,0.11960489122802298,11.063161593720805,-1.3302459002221676
1445,27732666,r,8,-1.5723766722194559,0.12500857576103752,0.31388032730712556,9.840928938779982,-1.5723766722194559
1446,27750644,i,5,-2.3571957257314677,0.051688330110831515,0.06404301189816453,29.446388749370122,-2.3571957257314677
1447,27750644,r,6,-2.2715446394169176,0.13732512727410984,0.2081772931444359,26.956616853366643,-2.2715446394169176
1448,27770530,g,5,-1.2628795860201993,0.12940581988583433,0.3665308592301826,3.1852829691515954,-1.2628795860201993
1449,27770530,i,11,-2.145810118684592,0.10809810972577072,0.19592345542197398,12.352600018396185,-2.145810118684592
1450,27770530,r,15,-1.9840705486092898,0.13765090120670642,0.26820626342250087,10.795267597853039,-1.9840705486092898
1451,27827061,i,6,-1.6478148827899535,0.1548854144719677,0.40475666456821724,15.58347332892945,-1.6478148827899535
1452,27827061,r,6,-2.045085673098469,0.06254846169297601,0.11705449529644918,16.66391120699932,-2.045085673098469
1453,27859525,i,7,-1.0377058921799165,0.3115508527646401,0.6556716317019022,2.440058452237089,-1.0377058921799165
1454,27859525,r,6,-1.3440661154037432,0.05884631700473253,0.09731885653293348,5.3003281846410255,-1.3440661154037432
1455,27873718,i,13,-0.7321183471853883,0.02587040115148187,0.04369575747583365,1.515014807978941,-0.7321183471853883
1456,27873718,r,9,-0.7391245282745385,0.04207973972031953,0.05931964313888505,3.128352906477127,-0.7391245282745385
1457,27873718,u,3,0.6791053600797357,0.03694195162144309,0.10880995920040704,1.6918748867781332,0.6791053600797357
1458,27984129,g,5,-0.7445131444812814,0.11825974958930008,0.16944340667072666,2.374574444971466,-0.7445131444812814
1459,27984129,i,11,-2.1935198586267832,0.20208337356045236,0.3154451289889568,14.631168748306353,-2.1935198586267832
1460,27984129,r,9,-1.8257839428514504,0.11209572919289035,0.19671330494608652,13.145314234740907,-1.8257839428514504
1461,28002313,i,9,-3.06111531669477,0.22060085654379336,0.2501968548203566,29.169560664755792,-3.06111531669477
1462,28002313,r,10,-2.860998935170116,0.1176643183028363,0.20535495697926853,21.013658198727352,-2.860998935170116
1463,28007320,i,9,-2.2262794469570983,0.09132654320288536,0.15164969479732981,13.567819026708897,-2.2262794469570983
1464,28007320,r,4,-2.1876205998197547,0.1460004105025623,0.2536441564591456,16.292714684026194,-2.1876205998197547
1465,28019409,g,3,-1.5485927990793167,0.11191284728355022,0.23909017562230628,3.3174322676565886,-1.5485927990793167
1466,28019409,i,8,-1.6414728687812263,0.606131325266464,1.0693492162347513,6.039017140602693,-1.6414728687812263
1467,28019409,r,8,-1.7590966269191368,0.31874537639571876,0.608968485121967,6.18158611318543,-1.7590966269191368
1468,28127367,i,16,-2.3344062083539394,0.11742248603931849,0.2240557794285305,16.338795193744648,-2.3344062083539394
1469,28127367,r,10,-2.2526204750974923,0.15433853542952325,0.2694256620268529,12.605227696882778,-2.2526204750974923
1470,28163481,g,5,-1.6306361251629244,0.022939299375225986,0.041154727906422384,3.947833746401588,-1.6306361251629244
1471,28163481,i,13,-1.2008530126074142,0.4852446326721366,0.9189326301241755,4.419656586033006,-1.2008530126074142
1472,28163481,r,15,-1.9254825739553905,0.23034106142423294,0.9536506351460932,6.571210733417165,-1.9254825739553905
1473,28163481,u,6,-2.530565356284146,0.19624060655674036,0.8367115540507217,6.577413502736488,-2.530565356284146
1474,28194735,i,5,-1.7239422073119608,0.19311850793204255,0.5487396599274001,5.32452727273554,-1.7239422073119608
1475,28194735,r,6,-1.5912037550971747,0.10978369744736471,0.1737544298837388,4.07251823042714,-1.5912037550971747
1476,28205013,g,2,-1.0661252530184833,0.17789408768994597,0.17789408768994586,2.711110779884897,-1.0661252530184833
1477,28205013,i,8,-1.3317831180034703,0.2025002440531385,0.3329818055847473,3.842631310680944,-1.3317831180034703
1478,28205013,r,6,-1.4700504548663138,0.24129458495085487,0.4108432794332739,6.033093779375526,-1.4700504548663138
1479,28308167,g,3,-1.772859856821336,0.17455327602955473,0.2069354577891791,6.818776296870946,-1.772859856821336
1480,28308167,i,4,-1.8781263134627704,0.6608482084118721,1.318276343695186,10.853034007965988,-1.8781263134627704
1481,28308167,r,9,-2.200491433310286,0.3257122344401262,0.624810584596031,9.557990204726234,-2.200491433310286
1482,28308342,g,3,-0.9904459397654586,0.005213462190174933,0.031212143812364923,2.4331827143008646,-0.9904459397654586
1483,28308342,i,12,-1.3351852791346834,0.19545041421317855,0.3755952869877086,5.72566775200055,-1.3351852791346834
1484,28308342,r,14,-1.343239306206159,0.08674975726230927,0.27141753995665785,5.2980838985118694,-1.343239306206159
1485,28345348,g,2,-1.0306867012359155,0.33254314857200096,0.33254314857200085,2.635195218334945,-1.0306867012359155
1486,28345348,i,5,-1.6400698277615655,0.23437325465671477,0.6378350594997904,6.684284701822355,-1.6400698277615655
1487,28345348,r,5,-1.8090278539281106,0.03251971575143542,0.05011174503948279,7.511307908418433,-1.8090278539281106
1488,28414668,g,2,-0.7153836137079439,0.001230297171453898,0.0012302971714538424,2.1523931008861084,-0.7153836137079439
1489,28414668,i,9,-0.8949443078884574,0.10964904940227549,0.19778225457765908,2.052886891095823,-0.8949443078884574
1490,28414668,r,11,-0.799774631809699,0.07850446756051876,0.32161205126707815,3.5945059416376024,-0.799774631809699
1491,28414668,u,4,-0.2273261784295959,0.048606616541148284,0.10055507461228952,0.15091568850164436,-0.2273261784295959
1492,28455816,i,6,-1.7066272384049617,0.2065486164224687,0.32592043969560014,13.657402918393275,-1.7066272384049617
1493,28455816,r,4,-1.6525912689339435,0.060839912334614166,0.12920685418835487,12.522162582121208,-1.6525912689339435
1494,28455902,g,3,-0.7498885815370087,0.07698538306685343,0.1683561770778148,1.0976874712690707,-0.7498885815370087
1495,28455902,i,10,-1.393409699899597,0.03015791944425983,0.06177206901363874,6.389532017055915,-1.393409699899597
1496,28455902,r,10,-1.443060578073948,0.05240227518181939,0.09059374249903995,6.12916628020807,-1.443060578073948
1497,28462705,g,4,-1.1726957647092688,0.21332589267482016,0.3728181901609191,3.755356163873681,-1.1726957647092688
1498,28462705,i,9,-1.3122909239276561,0.2920862826074888,0.7444249392559632,7.485714330790902,-1.3122909239276561
1499,28462705,r,8,-1.2978210547870115,0.09693487885751362,0.3038178424792275,8.559618646642429,-1.2978210547870115
1500,28477692,g,5,-1.2728991636094833,0.19812573753598017,0.246765588196038,2.8797548070665036,-1.2728991636094833
1501,28477692,i,14,-1.7818126899669173,0.08870917830366132,0.15535968245916099,7.71612549428616,-1.7818126899669173
1502,28477692,r,18,-1.8337318482730272,0.0629014502617451,0.145408079938254,8.266914216028304,-1.8337318482730272
1503,28487822,g,4,-1.6136623850461584,0.054919797913103974,0.18111915025082848,6.654204693872159,-1.6136623850461584
1504,28487822,i,4,-1.595001523759907,0.06886627920882771,0.3398475870387181,13.253588680614424,-1.595001523759907
1505,28487822,r,4,-1.9978667386974398,0.1615713347800547,0.2738108370471659,10.997275303389955,-1.9978667386974398
1506,28594426,i,6,-0.44932593480767175,0.14689502441843222,0.24528146349092805,1.378785196815467,-0.44932593480767175
1507,28594426,r,6,-1.0422477434418893,0.2917941191852386,0.4867323482796192,3.8396377483964703,-1.0422477434418893
1508,28644833,g,4,-0.9203600501054034,0.13207566186657438,0.42465680183571175,1.6004308172600656,-0.9203600501054034
1509,28644833,i,11,-1.8023104312127471,0.26754177150196545,0.6955468058926051,8.22208374497852,-1.8023104312127471
1510,28644833,r,8,-1.6696664106634478,0.13864301009111224,0.4098119623241776,5.723284644940732,-1.6696664106634478
1511,28658523,i,7,-1.2478366404776815,0.34551594582145295,0.6107431163830266,6.401620585281241,-1.2478366404776815
1512,28658523,r,8,-1.380173921594578,0.11320463240907874,0.22122941466138224,8.556805965415684,-1.380173921594578
1513,28719626,i,11,-1.2624937576213124,0.1621955496317835,0.3616321134978886,6.483249937480201,-1.2624937576213124
1514,28719626,r,6,-1.2487751826543407,0.02931363547812782,0.0475867323572996,8.729659721909274,-1.2487751826543407
1515,28758141,g,4,-1.3037962326461088,0.09732235741095807,0.23976257317901384,5.7999794019381525,-1.3037962326461088
1516,28758141,i,5,-2.0898890933308465,0.4344652932420159,1.168438729607165,10.996925306672148,-2.0898890933308465
1517,28758141,r,8,-1.9904282410462801,0.5126035748889753,0.9651792649926192,11.699771467508056,-1.9904282410462801
1518,28773625,g,4,-0.7492585287437047,0.09580999979870852,0.1400484359974402,2.276041159954859,-0.7492585287437047
1519,28773625,i,4,-1.3711600975857348,0.28557571478919175,0.5977987380816256,3.5121932989402307,-1.3711600975857348
1520,28773625,r,5,-1.1217688187995223,0.1838430110531981,0.2575648696597208,6.146917435641226,-1.1217688187995223
1521,287741,i,14,-1.291941997707954,0.10078693666592387,0.21382923004892573,6.571379525210966,-1.291941997707954
1522,287741,r,7,-1.4070428344310923,0.07920873145765706,0.1563204234571065,9.175581970902059,-1.4070428344310923
1523,28774868,i,6,-1.5039307310460721,0.046654455453275956,0.09011450641448948,6.282471682095408,-1.5039307310460721
1524,28774868,r,6,-1.4322279569835707,0.02749662033249045,0.2206720155935853,4.699181054963472,-1.4322279569835707
1525,28818633,i,6,-0.8305535920770033,0.03695885491646633,0.13140454122848366,3.274641822843673,-0.8305535920770033
1526,28818633,r,5,-1.138627853245326,0.14910267754643391,0.16107979985390086,4.079520714719733,-1.138627853245326
1527,28838434,g,3,-0.5139472261341096,0.10934319626763522,0.3947323515821426,1.3968545014042144,-0.5139472261341096
1528,28838434,i,4,-0.7585480430707313,0.030866117118528713,0.0964062248540769,1.4864989646372215,-0.7585480430707313
1529,28838434,r,11,-1.1666533571033237,0.08116783642178604,0.11191014042424619,3.6712751438053712,-1.1666533571033237
1530,28838434,u,2,-1.496817988706339,0.4776838671226846,0.4776838671226846,4.259241114953301,-1.496817988706339
1531,28842925,i,7,-1.7359612604146768,0.11836165599679438,0.22473719245879953,16.365449666795406,-1.7359612604146768
1532,28842925,r,7,-1.6268556023867413,0.061643687311338624,0.101015564505063,15.150834524227292,-1.6268556023867413
1533,28854383,g,2,-0.9311909638573659,0.027853615951232535,0.02785361595123248,3.1739871733098983,-0.9311909638573659
1534,28854383,i,4,-1.4074849935007496,0.28786191513866166,0.5398213435515546,3.5166315290144645,-1.4074849935007496
1535,28854383,r,6,-1.3537954434307755,0.19960239088513365,0.4832636174879328,6.091834123175265,-1.3537954434307755
1536,28874989,g,3,-0.509155925918958,0.028027685289325754,0.11299433526071978,0.8575293065117128,-0.509155925918958
1537,28874989,i,2,-0.7999631628707986,0.07392499146712911,0.07392499146712905,1.982395589165213,-0.7999631628707986
1538,28874989,r,6,-1.185803846864445,0.015328907223894461,0.023719962464237687,4.344546340265286,-1.185803846864445
1539,28875214,i,6,-1.5763487540622896,0.06301429760934119,0.16657658310047796,13.078078929939442,-1.5763487540622896
1540,28875214,r,6,-1.4127110998151544,0.10463110074144799,0.18287175728973448,6.632836128555997,-1.4127110998151544
1541,2892826,i,6,-1.657331673805544,0.298540752068974,0.45602261969557567,11.876439875222786,-1.657331673805544
1542,2892826,r,7,-1.746581105278034,0.10900165570881826,0.15546782157181793,12.905730298630692,-1.746581105278034
1543,28939399,g,2,-1.2049050597753492,0.00887924241784177,0.008879242417841882,1.9457257957658207,-1.2049050597753492
1544,28939399,i,7,-1.6737977467846248,0.22142814812790257,0.42818534822921617,7.726245919712816,-1.6737977467846248
1545,28939399,r,4,-1.6337190432098754,0.1053895917888964,0.1996323468596204,5.019925513485925,-1.6337190432098754
1546,28960093,g,3,-1.1671692129723061,0.04928723223854803,0.060724158642214476,2.119730490384318,-1.1671692129723061
1547,28960093,i,12,-1.5576007041063873,0.0763544304729864,0.19713368963461497,7.27262234697033,-1.5576007041063873
1548,28960093,r,13,-1.673716378342105,0.047591037681556925,0.11028906264671345,6.481616683567168,-1.673716378342105
1549,28963039,i,6,-2.456335633427517,0.10674621668855089,0.161941577091417,18.09867754381153,-2.456335633427517
1550,28963039,r,9,-2.6287356694883477,0.1405059395236461,0.3457414780868584,12.592392471114728,-2.6287356694883477
1551,29047844,g,2,-0.85036047633793,0.03848240178333562,0.03848240178333562,2.0826954526015244,-0.85036047633793
1552,29047844,i,7,-0.8967215335497528,0.062035575600542514,0.12077182628344041,2.862015924100043,-0.8967215335497528
1553,29047844,r,6,-1.0032946806384833,0.12384439340216769,0.29802501199308873,3.1678174795746217,-1.0032946806384833
1554,29086027,g,5,-0.5944047585649601,0.025891962762871756,0.07616818750575516,1.152066147995639,-0.5944047585649601
1555,29086027,i,8,-0.4644011641814576,0.13775638494303788,0.5861240438438674,0.3487404043690309,-0.4644011641814576
1556,29086027,r,9,-0.6355378190951351,0.03395516404570287,0.08243786856884927,1.0425091506910327,-0.6355378190951351
1557,29118376,g,2,-0.8817266203176323,0.011775895716843787,0.011775895716843676,2.7448009603587433,-0.8817266203176323
1558,29118376,i,7,-0.8397681950701854,0.049567019947608926,0.10401472604852613,2.7368438924190093,-0.8397681950701854
1559,29118376,r,2,-1.0699147382433636,0.06336492143118333,0.06336492143118333,6.395214795599394,-1.0699147382433636
1560,29213800,i,10,-0.5476497490884871,0.16015027971028228,0.33466166826079047,1.1970658137123458,-0.5476497490884871
1561,29213800,r,5,-0.7394774095102514,0.08857678253185575,0.13954161235398588,1.280409680420334,-0.7394774095102514
1562,29268509,i,7,-1.0549423012401684,0.20712431393727715,0.2383268099309811,2.6888228774872407,-1.0549423012401684
1563,29268509,r,4,-0.9680903144730916,0.07754386482865616,0.3067409542115733,4.129008989444014,-0.9680903144730916
1564,29279081,i,9,-0.5436890507733405,0.034357625444840334,0.0853836930334465,1.0020647724095246,-0.5436890507733405
1565,29279081,r,9,-0.774438222236973,0.2609025281204196,0.49405151182858553,3.097831137500661,-0.774438222236973
1566,29305148,g,3,-1.0880849185902677,0.003765327147205122,0.12064412642939049,2.516279182632722,-1.0880849185902677
1567,29305148,i,8,-1.8385145008135995,0.21100106774735228,0.35177066992157124,9.942078631655889,-1.8385145008135995
1568,29305148,r,10,-1.7931875210140458,0.1654593978887029,0.2583520386992846,10.392633944349944,-1.7931875210140458
1569,29352026,g,3,-1.5555993738931004,0.016953162508534625,0.3338089805359532,2.909478509202891,-1.5555993738931004
1570,29352026,i,7,-0.8775366818888881,0.08997361140840199,0.24904400819908923,2.0886920079936977,-0.8775366818888881
1571,29352026,r,6,-1.0874692236916434,0.11323821332952216,0.4089811307608502,3.030615041635702,-1.0874692236916434
1572,29360522,g,5,-0.816961797876308,0.04601312547543257,0.07092403341067799,2.223578631143858,-0.816961797876308
1573,29360522,i,14,-1.0594822994555135,0.15317486410612058,0.2864863838160052,4.649912108884378,-1.0594822994555135
1574,29360522,r,16,-1.123104524825479,0.03822951611116698,0.09266538377691846,5.5090423078491915,-1.123104524825479
1575,29387423,g,2,-0.4679527189239586,0.030066490173339844,0.030066490173339844,0.9370195354051711,-0.4679527189239586
1576,29387423,i,5,-1.3566465319132885,0.02650579576667056,0.1359373160645858,7.616812437625727,-1.3566465319132885
1577,29387423,r,7,-1.2329209667742895,0.06110016337472657,0.08862472786767595,11.165703318484685,-1.2329209667742895
1578,2939024,g,3,-1.041501685920778,0.02800263256798785,0.11632689000292817,3.296589797762758,-1.041501685920778
1579,2939024,i,7,-1.2639205430268257,0.06018657067912603,0.1358971036144847,4.506410526122861,-1.2639205430268257
1580,2939024,r,6,-1.3174450514027254,0.16010676722105854,0.33937617849867796,5.734612500915663,-1.3174450514027254
1581,2944978,i,6,-0.9777229621712772,0.1605166043902707,0.27835593831806404,3.0701965991674345,-0.9777229621712772
1582,2944978,r,4,-1.0734249511898257,0.0932308728022162,0.1277964733544117,2.982778572181324,-1.0734249511898257
1583,29462584,g,10,-1.3791444631997325,0.09332292602777925,0.1615786660591263,3.8904482036604784,-1.3791444631997325
1584,29462584,i,8,-1.1753718210091146,0.155531723052598,0.6388494058368865,7.981406065038003,-1.1753718210091146
1585,29462584,r,10,-1.513956743241696,0.30560388008186945,0.6117283990394919,6.361025943386762,-1.513956743241696
1586,29470303,g,4,-1.0437999791301724,0.06537730206866632,0.10165243679289104,2.813745189317429,-1.0437999791301724
1587,29470303,i,8,-1.5609938100660323,0.21666184632712138,0.4841155519947524,6.186580229351037,-1.5609938100660323
1588,29470303,r,9,-1.3254727017296064,0.20217182769664732,0.6003883536889663,5.155489543075479,-1.3254727017296064
1589,29483190,g,2,-1.3198984340002935,0.08286393608489262,0.0828639360848924,4.9258631902103724,-1.3198984340002935
1590,29483190,i,7,-1.613972067557725,0.06565747433913138,0.37998004977325284,16.511271147862185,-1.613972067557725
1591,29483190,r,7,-1.757036125369169,0.03980139554151285,0.07470766830045816,11.65869008530933,-1.757036125369169
1592,29489007,g,7,-1.4571515148103407,0.16792268018083734,0.38955973904978247,4.600431489222439,-1.4571515148103407
1593,29489007,i,9,-2.135587796790574,0.31100502233886473,1.1787508590610634,8.191925203274113,-2.135587796790574
1594,29489007,r,9,-1.7869237933808273,0.15694159946801833,0.4593605771214291,8.555208197706655,-1.7869237933808273
1595,29505069,i,13,-2.593145163882393,0.10745933933056762,0.3299234380688878,25.540099664054008,-2.593145163882393
1596,29505069,r,13,-2.431705717552094,0.18066418271864793,0.34889404297086024,18.191839300840698,-2.431705717552094
1597,29509428,g,3,-0.6407607075108628,0.01692778123632821,0.07312586489857542,1.1928291534193571,-0.6407607075108628
1598,29509428,i,10,-1.2727812323384153,0.0974314987169429,0.1802276754828036,6.574199534075371,-1.2727812323384153
1599,29509428,r,15,-1.3786476614454675,0.1402785842411689,0.3609592434823514,4.939281787957547,-1.3786476614454675
1600,29541436,g,4,-0.6579906025175475,0.03871968167003004,0.26105273909033155,1.8405120435972449,-0.6579906025175475
1601,29541436,i,11,-1.0516758583324184,0.7551898192697342,1.387885693976421,3.29457152736364,-1.0516758583324184
1602,29541436,r,9,-0.5435196957050609,0.08174067704165794,0.6309244505219279,2.79933012878394,-0.5435196957050609
1603,29556412,g,3,-0.22151772754050603,0.3496495531669712,0.5196592583342213,1.0836307705010135,-0.22151772754050603
1604,29556412,i,16,-0.6604705317690984,0.14671537560064862,0.25804773085852695,1.2072142255440637,-0.6604705317690984
1605,29556412,r,12,-0.8492901066863094,0.09275711884815563,0.18589446399480813,2.1333656948489312,-0.8492901066863094
1606,29586862,g,2,-1.090393806767345,0.012485607180607317,0.012485607180607206,2.9253332340667297,-1.090393806767345
1607,29586862,i,14,-1.309517999322967,0.18288100897234705,0.29779933972067885,3.9972338520584776,-1.309517999322967
1608,29586862,r,13,-1.2826816400739038,0.10092173760804135,0.27343279499480944,4.340682502845957,-1.2826816400739038
1609,29606116,g,6,-0.7273254553319568,0.03881124255159685,0.07980486484185534,2.195978315256129,-0.7273254553319568
1610,29606116,i,3,-0.9229530992113251,0.0403232491087836,0.06779441703186673,3.162767585971277,-0.9229530992113251
1611,29606116,r,4,-0.9443794611913492,0.05073906416757801,0.06973711489545265,5.401543618894708,-0.9443794611913492
1612,29630765,i,12,-1.6699563006103868,0.3163704664127186,0.5808167595131974,6.25142376608543,-1.6699563006103868
1613,29630765,r,9,-1.7341252304892918,0.3290915685534568,0.7061103625405929,6.938669659911869,-1.7341252304892918
1614,29680280,i,7,-1.4033435260883844,0.028641605580457474,0.14674240598647592,5.722394891772779,-1.4033435260883844
1615,29680280,r,3,-1.1896390569375785,0.036277923954805,0.30391388320703294,8.52363429579331,-1.1896390569375785
1616,29683837,g,2,-1.3697055734927375,0.09054304132732116,0.09054304132732138,3.5464792568423205,-1.3697055734927375
1617,29683837,i,8,-1.8927962155440061,0.2680796237989824,0.6565504235185453,6.384556951776231,-1.8927962155440061
1618,29683837,r,7,-1.6308322994025937,0.345626867104722,0.6298600243069716,6.781617486197559,-1.6308322994025937
1619,29702259,i,9,-2.895796378600579,0.17586271845795087,0.32750094916221606,39.04661942951468,-2.895796378600579
1620,29702259,r,11,-2.724003449172153,0.17835952468873817,0.340127970730725,28.40706147502243,-2.724003449172153
1621,29709419,i,5,-1.5510249174036657,0.23502872189891977,0.2954928860655166,11.4684463228995,-1.5510249174036657
1622,29709419,r,5,-1.7441031561646807,0.03349912303745439,0.28092113972941,10.924380710977319,-1.7441031561646807
1623,29782617,g,3,-0.5769741569543161,0.025028639502136185,0.10062946657558969,1.5452871277936637,-0.5769741569543161
1624,29782617,i,11,-1.3731142896834903,0.13932138319671283,0.3277909671013526,5.3159491195242445,-1.3731142896834903
1625,29782617,r,6,-0.9710131604185228,0.08377867550407736,0.2523724476034622,6.750446666956036,-0.9710131604185228
1626,29812420,g,5,-1.4634179677136365,0.05970137081609228,0.20668910452132083,4.048406416229721,-1.4634179677136365
1627,29812420,i,9,-1.6843229455854336,0.2740995067336134,0.6839119453396549,6.27169934215603,-1.6843229455854336
1628,29812420,r,12,-1.70126582957806,0.15011248396432508,0.29233526480142724,6.3869727311650015,-1.70126582957806
1629,29884724,g,6,-1.3243059670450188,0.18192876056391416,0.3151953009228565,3.07225942440915,-1.3243059670450188
1630,29884724,i,7,-1.8526556175882196,0.6335085171065447,1.4965335122347505,7.356286044369439,-1.8526556175882196
1631,29884724,r,10,-1.5144473391729376,0.3289144853603918,0.6840400460221767,5.0006086427390395,-1.5144473391729376
1632,29929347,g,4,-0.786198632322815,0.009158371884741279,0.019498313224745822,2.5915949692794973,-0.786198632322815
1633,29929347,i,5,-0.7395989358111866,0.02946176347653362,0.04243849957859647,0.5461546976231372,-0.7395989358111866
1634,29929347,r,2,-0.9811057841182629,0.005815290397833017,0.005815290397833017,6.62244594346455,-0.9811057841182629
1635,29929347,u,2,-0.5853392455543043,0.0006188551375743145,0.0006188551375743145,0.8579734351437647,-0.5853392455543043
1636,29952579,g,2,-1.0273000840182633,0.05681356677695926,0.05681356677695937,3.463702162387823,-1.0273000840182633
1637,29952579,i,13,-1.7664865595483916,0.18147360516959288,0.4629904986482376,10.779100544290198,-1.7664865595483916
1638,29952579,r,16,-1.6773352722677184,0.07075236494317072,0.1465088062190314,8.910628989040676,-1.6773352722677184
1639,29960473,g,2,-1.3236396964897634,0.0862778943032192,0.08627789430321942,6.190858064231361,-1.3236396964897634
1640,29960473,i,9,-1.9657029204940073,0.15421263205052127,0.2026584600363197,13.662104646876278,-1.9657029204940073
1641,29960473,r,6,-1.810285819331284,0.1256452978365099,0.3074367343952773,10.715280577121291,-1.810285819331284
1642,29988941,g,5,-1.392749153837979,0.13297867327683077,0.22081527091766606,6.072354889730052,-1.392749153837979
1643,29988941,r,7,-1.882294495120434,0.0501283230212497,0.08735783314753309,16.544988836505432,-1.882294495120434
1644,30055773,g,3,-0.6904793384604156,0.10675863356248405,0.166132790477042,1.3871008081765674,-0.6904793384604156
1645,30055773,i,4,-0.2944741978263564,0.029979097544744343,0.11714773080935037,0.3969105182129222,-0.2944741978263564
1646,30055773,r,4,-0.614282196272937,0.016748335859307795,0.029988686877154835,1.143860804734234,-0.614282196272937
1647,30079701,g,3,-1.940761869380009,0.010150912350323171,0.3031570689989931,5.627606798236255,-1.940761869380009
1648,30079701,i,6,-2.0195546617824913,0.6036381097850327,1.0268982977072918,11.30954437298797,-2.0195546617824913
1649,30079701,r,7,-2.0021615298547015,0.47806521854878525,0.7883401560162049,11.298869449104954,-2.0021615298547015
1650,30080896,g,2,-1.7962723123581334,0.6974086766154917,0.6974086766154914,4.098185443020118,-1.7962723123581334
1651,30080896,i,6,-1.8815431933141094,0.12409375433675918,0.29545930189759706,14.589686614827562,-1.8815431933141094
1652,30080896,r,7,-1.6384110865803307,0.054449263363433476,0.1398978246823952,8.077300430900179,-1.6384110865803307
1653,30134239,i,6,-2.0043952797658973,0.056780191444570804,0.2525821386284055,18.776027665674043,-2.0043952797658973
1654,30134239,r,4,-2.3181345868995833,0.2088600928129698,0.36887818710292875,11.847175247672817,-2.3181345868995833
1655,30192438,i,14,-1.6072433269158757,0.031585353773770475,0.060544094192093834,9.038256397865007,-1.6072433269158757
1656,30192438,r,10,-1.6901429772796925,0.030878981677808004,0.0913005415535939,11.06504512367967,-1.6901429772796925
1657,30199302,g,4,-1.259814525378947,0.05674267053907911,0.08601476479751269,4.6873986007499004,-1.259814525378947
1658,30199302,i,3,-2.6894603460854722,0.004163342725132413,0.008790721447001104,22.943984730900855,-2.6894603460854722
1659,30199302,r,7,-2.671873514897735,0.08996833283610606,0.296573782379451,17.76129674966738,-2.671873514897735
1660,30206567,g,2,-0.3774599113624888,0.0604139666810839,0.0604139666810839,0.2813009977119529,-0.3774599113624888
1661,30206567,i,12,-0.6507935121551915,0.15524339022985972,0.3594675895830065,1.053662076343639,-0.6507935121551915
1662,30206567,r,12,-0.9294199854769987,0.11360563072540408,0.24124596770937645,2.45898641830057,-0.9294199854769987
1663,30221577,g,3,-1.0433940282638359,0.023050370849537538,0.04686990296953608,3.4719381890707606,-1.0433940282638359
1664,30221577,i,5,-1.9519644052743368,0.03661591189543034,0.06354545134798784,9.583474334390376,-1.9519644052743368
1665,30221577,r,5,-1.608084576612053,0.05753127730502827,0.07703234740542553,7.71823751358108,-1.608084576612053
1666,30233091,i,10,-2.5814382444955886,0.08867670754858614,0.23862443653581877,18.514735885505438,-2.5814382444955886
1667,30233091,r,11,-2.487720579441081,0.056794733716138524,0.15655116015088488,13.826794170101483,-2.487720579441081
1668,30237372,i,8,-2.708633159556782,0.13277386262939994,0.28730888291827883,41.90291997612168,-2.708633159556782
1669,30237372,r,8,-2.573135193206923,0.21266080808124954,0.4618007141025715,24.864087189277512,-2.573135193206923
1670,3023878,g,5,-1.1258391025842096,0.18133962536821102,0.3330035117342889,3.6577138189007585,-1.1258391025842096
1671,3023878,i,6,-1.3671136148992522,0.04576782822353498,0.08454278949943261,6.169629577746974,-1.3671136148992522
1672,3023878,r,7,-1.5161565529662326,0.07011191979892883,0.13190830327424363,8.27310528375092,-1.5161565529662326
1673,30268546,g,4,-0.17459757200711912,0.13452234633161408,0.24622611110147447,0.3734664785559975,-0.17459757200711912
1674,30268546,i,11,0.6221901672670193,0.11523190640815784,0.17322054441858115,0.7831467664383226,0.6221901672670193
1675,30268546,r,13,0.11846185897601802,0.07723384429572988,0.45042438450535216,0.6045168782609779,0.11846185897601802
1676,30293988,g,2,-0.9014947497584451,0.25207847842540154,0.25207847842540154,2.472027239088185,-0.9014947497584451
1677,30293988,i,4,-0.5718449737176501,0.041855732691916,0.09187560742174816,1.7962273583119175,-0.5718449737176501
1678,30293988,r,6,-0.9670258065193968,0.1438764678859994,0.2383331574581461,4.672222320625729,-0.9670258065193968
1679,30299945,g,2,-0.49562945286219606,0.17068051962339958,0.17068051962339958,0.9035743197575696,-0.49562945286219606
1680,30299945,i,6,-0.4471029596722892,0.1444940430299177,0.23628027941633645,0.6652263170921218,-0.4471029596722892
1681,30299945,r,3,-0.745425799119023,0.014413980413325533,0.02337297567951291,2.1989268690274737,-0.745425799119023
1682,30325885,i,10,-1.6860330311552474,0.19042086849792816,0.7253783046888311,12.235729892515188,-1.6860330311552474
1683,30325885,r,9,-1.9345487809634594,0.4541176747092972,0.6653649748802302,11.244244747833868,-1.9345487809634594
1684,30374545,g,4,-1.7777846960619148,0.14604859746304966,0.3637500378934846,5.440221652849457,-1.7777846960619148
1685,30374545,i,13,-2.749887117822079,0.04901949195384914,0.09112693207999989,22.548783428265246,-2.749887117822079
1686,30374545,r,15,-2.666486092218074,0.04819896183469563,0.13189682637624234,17.419257895523817,-2.666486092218074
1687,30381676,i,9,-2.045259950879678,0.07441230001867138,0.20428475092053922,25.518779868632798,-2.045259950879678
1688,30381676,r,7,-1.9526098162329015,0.030815057707816118,0.11511225248009227,13.151311424412821,-1.9526098162329015
1689,30390793,g,5,-1.3563000513788357,0.053077789809595544,0.09847888334313248,6.4215014783570155,-1.3563000513788357
1690,30390793,i,9,-2.2227277070797564,0.5184604048595336,0.7476884335251244,12.528551483500753,-2.2227277070797564
1691,30390793,r,12,-1.6535647156356497,0.14556961553075198,0.47861523967255115,11.127672046486074,-1.6535647156356497
1692,30413133,g,4,-1.379605426453555,0.2561604704532714,0.5044725028973758,5.7349318998606,-1.379605426453555
1693,30413133,i,3,-1.6789691231246233,0.03329517474674981,0.13075660524918997,9.881478285842176,-1.6789691231246233
1694,30413133,r,9,-1.5581069875004774,0.12351249411881371,0.4016088262576607,11.845627694753848,-1.5581069875004774
1695,30432989,g,5,-0.8088350593856124,0.07649675261033217,0.1309618365218741,1.6013887617193283,-0.8088350593856124
1696,30432989,i,8,-0.7340700850026316,0.25988630875849505,0.6760879704823465,1.636784168235216,-0.7340700850026316
1697,30432989,r,11,-1.022862835848238,0.1703300269891821,0.3766901490360941,4.2969301215388835,-1.022862835848238
1698,30451491,g,2,-1.1899084860421794,0.0650952059707558,0.06509520597075569,4.449710408134289,-1.1899084860421794
1699,30451491,i,8,-2.1840152383515106,0.04719860728651759,0.09553323579309847,16.531965511075345,-2.1840152383515106
1700,30451491,r,7,-1.9633444086975511,0.042621663758172,0.09470740083631157,15.786313048836737,-1.9633444086975511
1701,30603696,i,7,-2.0230013676852945,0.048676849066256356,0.1207160840022492,21.18548059892604,-2.0230013676852945
1702,30603696,r,6,-2.067243534976396,0.05829666290926072,0.11072381899825467,13.77355904847399,-2.067243534976396
1703,30612332,i,10,-1.6096014487881387,0.24440893667460317,0.4045685835394317,6.770139048891305,-1.6096014487881387
1704,30612332,r,8,-1.662121921807409,0.40092935651658523,0.7442490171756178,6.592518278652037,-1.662121921807409
1705,30612332,u,2,-1.5758889086830965,0.40532235840919584,0.40532235840919606,4.4608731327066735,-1.5758889086830965
1706,30733190,g,3,-1.2891508607302218,0.03373312586367394,0.2670880925056709,4.2549802974449555,-1.2891508607302218
1707,30733190,i,10,-1.695636189764048,0.11245383232770167,0.2578860840448125,13.753408222035873,-1.695636189764048
1708,30733190,r,5,-1.6211238595387973,0.08519440980186932,0.08572805986993814,11.288458832859572,-1.6211238595387973
1709,30775236,g,4,-0.7429077732480553,0.020857388254037157,0.2456500899290437,1.527534349102609,-0.7429077732480553
1710,30775236,i,7,0.15488424707085957,0.05534071248638972,0.30801644927247374,0.14086980089477105,0.15488424707085957
1711,30775236,r,9,-0.47608438143184184,0.09355996827706692,0.5219494471212351,2.9999032490745656,-0.47608438143184184
1712,30775236,u,4,-0.32602723369132036,0.03276866474597062,0.06357424820252677,0.26253285290067246,-0.32602723369132036
1713,30839909,g,2,-0.7116369259650758,0.08144417040139407,0.08144417040139396,1.2759797652313964,-0.7116369259650758
1714,30839909,i,3,-0.7030735630737142,0.0752344610441521,0.1601323485796512,1.3760643182643497,-0.7030735630737142
1715,30839909,r,6,-0.8954696857363458,0.056696840367257695,0.11645928003970185,2.6402664766913797,-0.8954696857363458
1716,30851632,i,6,-1.2973279367332837,0.09390311219003655,0.15687504333628977,2.946559576887383,-1.2973279367332837
1717,30851632,r,7,-1.4112838394568383,0.030063078967931922,0.06994756654705192,3.2276882552901696,-1.4112838394568383
1718,30888526,i,11,-1.8814436353780508,0.044869946610565536,0.17415225551527147,9.536671233505778,-1.8814436353780508
1719,30888526,r,7,-1.684214470548961,0.16391463874494416,0.2202895845355306,6.432341440840257,-1.684214470548961
1720,30914713,g,2,-0.8127606996301978,0.042791948109386246,0.042791948109386135,2.333862918492912,-0.8127606996301978
1721,30914713,i,5,-1.0880255449355205,0.23305789663160326,0.4572873235635566,5.8242679490396645,-1.0880255449355205
1722,30914713,r,5,-1.2033620391671063,0.05837964914453009,0.09276732275898358,8.7991370126408,-1.2033620391671063
1723,30978713,g,4,-0.9698693817227801,0.1846054695000931,0.3921508698011591,2.4335877700308854,-0.9698693817227801
1724,30978713,i,15,-1.6176415362662457,0.22156400434411938,0.45310234013245454,7.659025823803936,-1.6176415362662457
1725,30978713,r,15,-1.7043023468692875,0.110617629691941,0.21528787051465725,7.06703225268355,-1.7043023468692875
1726,30979251,g,4,-0.654632674344588,0.030026974969420972,0.1449995383931867,0.90144767241551,-0.654632674344588
1727,30979251,i,7,-0.335181887722786,0.27660133734495373,0.6135026087204264,1.0975732930718067,-0.335181887722786
1728,30979251,r,8,-0.3624497839694065,0.240816901781856,0.33017035555516216,0.6804673904344002,-0.3624497839694065
1729,30989090,i,6,-1.529219609308115,0.45014009544781863,0.8028781840333534,10.057641131176945,-1.529219609308115
1730,30989090,r,7,-1.2598050729349173,0.0830006739213287,0.514070178424731,8.027258996034277,-1.2598050729349173
1731,31125069,g,4,-0.9372412537082369,0.15135067766025478,0.2248585529753595,2.2325978325466935,-0.9372412537082369
1732,31125069,i,12,-2.044443317132794,0.05895394936476839,0.08206504295151484,10.624977331460174,-2.044443317132794
1733,31125069,r,9,-1.8562685124084932,0.19449201762375457,0.4811960053661575,9.927374817179714,-1.8562685124084932
1734,31202756,i,8,-0.3175342708359811,0.08718647990682092,0.14110052480617696,0.30147937095120825,-0.3175342708359811
1735,31202756,r,13,-0.5045696599526907,0.07093958257332034,0.12302193872086764,0.8482436822835062,-0.5045696599526907
1736,31202756,u,4,-0.9037216659262151,0.06518872197491477,0.1181220656128843,1.2176746271693137,-0.9037216659262151
1737,31209913,g,4,-0.8991394324601705,0.06997364572021525,0.183621492840927,1.95802380314075,-0.8991394324601705
1738,31209913,i,7,-0.8214703488998559,0.11067887617681271,0.1812330500588738,2.2675025631013237,-0.8214703488998559
1739,31209913,r,9,-1.116193053982934,0.11677279486056391,0.2217634837858573,4.693794733470028,-1.116193053982934
1740,31224457,i,9,-1.5385984864026316,0.12282452875244898,0.17614375792187387,6.332991462774236,-1.5385984864026316
1741,31224457,r,9,-1.34402089313423,0.12513404712379694,0.18657925027091427,8.750404870129001,-1.34402089313423
1742,31224624,g,3,-0.778559670646044,0.0011324140002194616,0.1532497147217523,2.6911105128154453,-0.778559670646044
1743,31224624,i,5,-0.6702445660611782,0.16678634615144872,0.22105259246256048,1.6313775908726877,-0.6702445660611782
1744,31224624,r,8,-1.1865074817334014,0.06737028073664142,0.18151035891971734,6.510860178024311,-1.1865074817334014
1745,31228152,g,4,-1.3120993423243181,0.01652601788956154,0.11342521026485608,5.991291722274134,-1.3120993423243181
1746,31228152,i,11,-2.8583091385839507,0.12259767823491607,0.24487695620963024,26.389187992056158,-2.8583091385839507
1747,31228152,r,12,-2.5550874550360883,0.12587956783108933,0.2662389662107625,20.793825414756686,-2.5550874550360883
1748,31283667,i,5,-1.2961749196035304,0.3308993824471478,0.45998892414364856,4.637283265735247,-1.2961749196035304
1749,31283667,r,5,-1.090284644063522,0.23210180712471384,0.8189566553610232,3.1975874137893365,-1.090284644063522
1750,31395234,g,3,-1.0801997559413823,0.00533768478258656,0.017718625706250934,3.0353834380280293,-1.0801997559413823
1751,31395234,i,5,-0.9789279592958766,0.03911966130459632,0.07684362345397777,3.582834900701539,-0.9789279592958766
1752,31395234,r,7,-1.2450286540732611,0.03253794771374108,0.09746352593835672,5.693376180039889,-1.2450286540732611
1753,31395234,u,2,-1.8924414161217342,0.03004644277359869,0.03004644277359869,6.100474826021059,-1.8924414161217342
1754,31511211,i,6,-1.9361976858033627,0.26150879893209744,0.4908974093758771,14.263066753948818,-1.9361976858033627
1755,31511211,r,5,-1.870656469512756,0.20092106111811114,0.299539473987807,14.477447333034778,-1.870656469512756
1756,31517446,g,2,-1.1871155965115694,0.15587622817422464,0.15587622817422475,3.3535889458100003,-1.1871155965115694
1757,31517446,i,8,-1.123554301124925,0.48692048131769466,0.8253047514475763,3.509872987587504,-1.123554301124925
1758,31517446,r,8,-1.3331845790345818,0.29576297618292263,0.40442592513760434,4.411573090803193,-1.3331845790345818
1759,31544027,i,4,-1.8919876617186673,0.0795029574012519,0.14862295181586482,20.694794905332035,-1.8919876617186673
1760,31544027,r,6,-1.9426820843865857,0.06773666922953214,0.13092099981250316,13.548852268478562,-1.9426820843865857
1761,31580475,g,3,-0.7553607053039901,0.02974424161786815,0.04226773711258558,2.0337449345096092,-0.7553607053039901
1762,31580475,i,18,-1.0237968620060425,0.27621454314912225,0.5382455008657963,2.730555725190529,-1.0237968620060425
1763,31580475,r,13,-1.1091190201382288,0.21487251190405932,0.39174443905319223,4.746561416948377,-1.1091190201382288
1764,31584149,i,8,-1.523746080970409,0.23619847836149566,0.799063374587069,13.024358417726857,-1.523746080970409
1765,31584149,r,7,-1.2452237494647316,0.11733278649466361,0.48612889943417237,6.916390898346025,-1.2452237494647316
1766,3158424,i,6,-0.6799947559449442,0.0854302879204068,0.2339544095573401,2.6408547178852646,-0.6799947559449442
1767,3158424,r,5,-0.985337860291554,0.14589738590764012,0.23085243598198302,6.091532948590523,-0.985337860291554
1768,31631816,i,12,-1.2491344118462169,0.0792566413825585,0.1262752219260852,5.617392048025117,-1.2491344118462169
1769,31631816,r,7,-1.1612920189007931,0.08102213746873699,0.15809497737903944,5.70667619421698,-1.1612920189007931
1770,31649559,g,4,-0.7716879952173257,0.035630736574057575,0.09741639400782964,1.0322775780811098,-0.7716879952173257
1771,31649559,i,3,-0.9330539998763113,0.010167596584172434,0.2516159068021331,2.6009023422256576,-0.9330539998763113
1772,31649559,r,6,-1.1654478435962572,0.15936190305309328,0.23907278576931845,3.1768701370237533,-1.1654478435962572
1773,31651214,g,2,-1.0784417477088573,0.12428759486213015,0.12428759486213026,3.7204112056960916,-1.0784417477088573
1774,31651214,i,12,-1.9276235000083028,0.2675397511130033,0.520672171108377,13.865966673955846,-1.9276235000083028
1775,31651214,r,13,-1.9422855590442731,0.08763431076527484,0.10510061769614198,11.077400527334218,-1.9422855590442731
1776,31671968,g,4,-0.9345148543585855,0.04798701144353035,0.09182490968474932,2.9941389794937607,-0.9345148543585855
1777,31671968,i,6,-1.515306953599255,0.2667794042613961,0.46289777790484354,8.855338862363704,-1.515306953599255
1778,31671968,r,8,-1.509598770769472,0.2560495302968129,0.7624442867079009,10.140516758619755,-1.509598770769472
1779,31678326,g,3,-0.2727674497671607,0.2877367825844146,0.3253167467060029,0.5414325585875543,-0.2727674497671607
1780,31678326,i,3,-0.6187161544114155,0.03545533690856828,0.07411584999260157,1.6411181485034978,-0.6187161544114155
1781,31678326,r,3,-0.6020518949909677,0.043741654682145414,0.32952875974963103,0.5425186797557814,-0.6020518949909677
1782,31678326,u,2,0.09632890019420948,0.18559923344329843,0.18559923344329843,0.11612772816598069,0.09632890019420948
1783,31744127,i,4,-1.5951121843223603,0.23178033540089615,0.49881177659650766,5.295491427583956,-1.5951121843223603
1784,31744127,r,7,-1.6221251873790956,0.06108521852512139,0.0996421515566106,4.326765049530097,-1.6221251873790956
1785,31756688,i,8,-1.3683857062347033,0.11792881111470677,0.2120482639433463,11.472984233710145,-1.3683857062347033
1786,31756688,r,7,-1.7033854918296623,0.12479971984598692,0.2124757561586983,10.81348446759001,-1.7033854918296623
1787,31785648,i,5,-1.4697679857837525,0.14242730720158825,0.14842014427137995,5.268012012388704,-1.4697679857837525
1788,31785648,r,5,-1.5066738129199195,0.08625941059015241,0.11392413602474671,4.692065750187742,-1.5066738129199195
1789,31787163,g,3,-1.2325344015682582,0.0397907876447261,0.1209955649956258,4.705593996376432,-1.2325344015682582
1790,31787163,i,7,-1.6464251623558601,0.03543222620760256,0.3421141971616264,11.325876527515438,-1.6464251623558601
1791,31787163,r,6,-1.5846852683333852,0.0443716809468816,0.28397321663274644,10.446488176470108,-1.5846852683333852
1792,31800481,i,7,-1.2095537119217432,0.2371019049696348,0.5939896071619504,9.675453840042724,-1.2095537119217432
1793,31800481,r,7,-1.483915243036447,0.16264804847051284,0.3436345157367091,6.660865869747893,-1.483915243036447
1794,31808358,g,2,-0.97247654669047,0.0049612133372273215,0.0049612133372274325,3.008779406281077,-0.97247654669047
1795,31808358,i,12,-1.3771000585804054,0.1946659009066367,0.39443349301002417,6.787699099057463,-1.3771000585804054
1796,31808358,r,11,-1.3758409633618658,0.02190899366497212,0.041548452911323475,8.183618285316543,-1.3758409633618658
1797,31846919,g,2,-1.9866016463782694,0.3733822826333104,0.3733822826333102,5.650669286491937,-1.9866016463782694
1798,31846919,i,12,-1.8724007011759012,0.09131183241659202,0.16418184089803511,16.14712308001899,-1.8724007011759012
1799,31846919,r,5,-2.1772148317050375,0.06013353342701455,0.09273444973030864,13.035241124037217,-2.1772148317050375
1800,31863666,i,6,-2.2080334123507823,0.07300918509495413,0.11422559832947377,20.850353836538947,-2.2080334123507823
1801,31863666,r,5,-2.137519692589162,0.07538005054074759,0.09084646461881185,12.965674939722884,-2.137519692589162
1802,31985552,i,4,-1.0196399989930756,0.08527044329993927,0.11527080847453597,2.881668683100675,-1.0196399989930756
1803,31985552,r,7,-1.2843178490063187,0.06338064800075238,0.15477919625316017,3.729495477104194,-1.2843178490063187
1804,32032836,g,3,-1.2805638811453373,0.062387143284525104,0.07861445491604968,5.634450882709518,-1.2805638811453373
1805,32032836,i,7,-2.8745825551757287,0.1348668531473316,0.2944642384626168,27.971803133127377,-2.8745825551757287
1806,32032836,r,9,-2.7167394655019157,0.143914749666465,0.2925360821985561,22.77978590349718,-2.7167394655019157
1807,32047732,i,10,-0.9371454985907353,0.046769037298779514,0.08726776267507363,3.591330258380487,-0.9371454985907353
1808,32047732,r,6,-1.1141455461317349,0.020747997473117175,0.0323862279746574,5.915835124305161,-1.1141455461317349
1809,32077370,i,6,-2.280520852034199,0.04419301603079839,0.07200224593018634,9.57498938651367,-2.280520852034199
1810,32077370,r,5,-2.2079835889829575,0.04613430884992953,0.08880293822687646,9.923950678741928,-2.2079835889829575
1811,32111192,i,7,-3.1639846500383593,0.15877452672094883,0.19689515486613107,41.21673575904925,-3.1639846500383593
1812,32111192,r,5,-2.8578549633153605,0.07223767079344956,0.2514047078724837,23.02826330902814,-2.8578549633153605
1813,32151933,i,7,-1.371410923817273,0.06551530428519703,0.26875741941406783,7.209719279861463,-1.371410923817273
1814,32151933,r,5,-1.5733700478069332,0.08415493562831089,0.15935329582325064,10.679231923349867,-1.5733700478069332
1815,32243945,i,13,-1.7782665375503643,0.09207413971269984,0.17038971821442694,9.45940190379076,-1.7782665375503643
1816,32243945,r,14,-1.96589615633644,0.04120659075572264,0.1568623108388716,8.322836105815641,-1.96589615633644
1817,32252066,g,2,-1.9921170445210286,0.65061365243644,0.6506136524364401,6.360360158539949,-1.9921170445210286
1818,32252066,i,3,-2.1582886884217483,0.013570234761645317,0.0643385881505063,25.087528155452002,-2.1582886884217483
1819,32252066,r,7,-2.0510008744774018,0.13656113504878786,0.23692053872838148,9.967941846611918,-2.0510008744774018
1820,32304254,g,2,-0.9130977028622169,0.0005118650949312298,0.0005118650949312853,2.350514735411298,-0.9130977028622169
1821,32304254,i,5,-0.814552805813214,0.12490986115038072,0.6836008930047462,4.003914712803327,-0.814552805813214
1822,32304254,r,7,-1.1974075217493367,0.07384456276985008,0.2060965980299505,7.141241675120155,-1.1974075217493367
1823,32305286,g,4,-0.69771036736479,0.06331713652628101,0.11098786281736073,1.1256126347220186,-0.69771036736479
1824,32305286,i,8,-0.8242617238648329,0.31132945487528396,0.5332371412586087,1.607854273075754,-0.8242617238648329
1825,32305286,r,11,-0.9567296996059746,0.16400926716789144,0.25986269278888197,2.388652348877091,-0.9567296996059746
1826,32361342,g,3,-0.7790118740251653,0.0006953417538796414,0.034613743475853775,1.5923833425051208,-0.7790118740251653
1827,32361342,i,6,-0.8492174705548385,0.06449725214844404,0.435567677418763,4.839557707873435,-0.8492174705548385
1828,32361342,r,6,-1.1454393745903735,0.1074240442516351,0.24770258576823312,5.728914278216749,-1.1454393745903735
1829,32368686,i,8,-1.916968589133079,0.10540274222643875,0.19876056936260267,14.545318692645765,-1.916968589133079
1830,32368686,r,8,-1.6613405401469585,0.15755481470315447,0.25864820061288296,7.141344087740631,-1.6613405401469585
1831,32426362,i,4,-0.8247834816775907,0.0718808679980319,0.13231789584315545,1.684759343246191,-0.8247834816775907
1832,32426362,r,7,-1.1401136142177926,0.048488064570438194,0.10593133916950292,2.9383510797943364,-1.1401136142177926
1833,32434569,i,7,-1.6406662478869274,0.3181508920594047,0.7385523033623318,6.041064678918224,-1.6406662478869274
1834,32434569,r,8,-1.6280722555886393,0.34504740201124307,0.7000486678588613,9.931493938561772,-1.6280722555886393
1835,3252511,g,3,-0.6838378575286966,0.22583459054195687,0.23391060353334492,1.8216733165029926,-0.6838378575286966
1836,3252511,i,15,-1.3688870639101536,0.1931498505493361,0.3236925487952589,3.7878305812312543,-1.3688870639101536
1837,3252511,r,12,-0.9699857343184788,0.41684067741064035,0.8513006984683024,3.0348979877709596,-0.9699857343184788
1838,32619207,g,2,-0.2067775449008431,0.2764829049430977,0.2764829049430977,0.34224689157692195,-0.2067775449008431
1839,32619207,i,8,-0.5511627328167403,0.10010924025127199,0.39203627190234464,1.4800536315819293,-0.5511627328167403
1840,32619207,r,4,-0.786109189762896,0.1518591843393775,0.32237916569934066,2.720449690304873,-0.786109189762896
1841,32629819,g,5,-1.6093446671250904,0.07063947480486155,0.5349592913511487,6.8735378574015416,-1.6093446671250904
1842,32629819,i,7,-1.434567909525509,0.4795744278248737,0.7489755895888079,7.127983908970632,-1.434567909525509
1843,32629819,r,10,-1.8127197661301357,0.3599879854462068,0.9488107922436484,9.73628872570137,-1.8127197661301357
1844,3265093,i,7,-2.15265566437016,0.16491970291365377,0.26269407370195763,19.231000095211918,-2.15265566437016
1845,3265093,r,9,-2.002368475429001,0.05199414806052305,0.08802984570550154,14.486790014167987,-2.002368475429001
1846,32725719,g,2,-0.40195533387327687,0.009690247310000233,0.009690247310000233,0.25322344737859726,-0.40195533387327687
1847,32725719,i,9,-1.3694136605448612,0.05628638227221483,0.09175523832129295,4.320454194503459,-1.3694136605448612
1848,32725719,r,11,-1.3097328600897193,0.025146182431636577,0.04337628002071381,4.990539472003046,-1.3097328600897193
1849,32726052,g,2,-1.1285363408858422,0.11173869530946845,0.11173869530946834,3.2703739582823292,-1.1285363408858422
1850,32726052,i,5,-1.5685512835448046,0.08250812343224001,0.09636693519331363,13.998956531275212,-1.5685512835448046
1851,32726052,r,5,-1.8539074248378515,0.03807681689684639,0.054379101149977904,10.83327644882708,-1.8539074248378515
1852,32744690,g,4,-1.3843306315637127,0.05172136092357049,0.11702769043037042,6.416179714634351,-1.3843306315637127
1853,32744690,i,3,-2.2448264485085163,0.283802695997466,0.5668307974807376,12.209230461593087,-2.2448264485085163
1854,32744690,r,6,-1.8517316318858947,0.16496264077007827,0.47412674781136,11.883893003733787,-1.8517316318858947
1855,32750020,g,4,-1.395696718089019,0.04678256053404917,0.06861355680587278,6.292896285710688,-1.395696718089019
1856,32750020,i,7,-2.1270059343330834,0.03485312847084332,0.20667850137204025,13.09853453638756,-2.1270059343330834
1857,32750020,r,9,-1.8724332644370225,0.027169054443683116,0.09066298850067067,11.940345343823394,-1.8724332644370225
1858,32778839,i,6,-2.8095051287903834,0.09563889222359512,0.17420908587319595,27.611272669607953,-2.8095051287903834
1859,32778839,r,8,-2.7298698972875814,0.0852016193595595,0.15875530287563588,19.549530069303756,-2.7298698972875814
1860,32841864,g,3,-1.04552450100879,0.1628448980715671,0.31288772833198264,3.2187032267532802,-1.04552450100879
1861,32841864,i,9,-1.529374334406961,0.20182037951426923,0.6119131500697683,4.39982756659882,-1.529374334406961
1862,32841864,r,10,-1.3895526932885294,0.1069650650024413,0.19429414357760666,3.908294474207222,-1.3895526932885294
1863,32847323,g,4,-0.41616527217116994,0.04003971361611336,0.08119571691865873,0.3984134302882779,-0.41616527217116994
1864,32847323,i,6,-0.4276772532724767,0.15178712501146596,0.24324322728051084,1.1379083130911407,-0.4276772532724767
1865,32847323,r,7,-0.9222840487400474,0.12384427180294266,0.4442128584094324,2.6634859616903817,-0.9222840487400474
1866,32888302,g,3,-0.9642912155581932,0.012919282018306277,0.09802019930262285,4.05603930907854,-0.9642912155581932
1867,32888302,i,6,-1.6314429444518102,0.06804435672730569,0.12233620463204398,6.616689395281916,-1.6314429444518102
1868,32888302,r,8,-1.419875790875576,0.03838845631254639,0.08237607354864407,7.095000447245788,-1.419875790875576
1869,32893983,g,2,-0.9169797226220835,0.07986207209489837,0.07986207209489837,2.371856528948221,-0.9169797226220835
1870,32893983,i,4,-1.4099144643868051,0.15231875662689742,0.2769931636603693,8.486503524010496,-1.4099144643868051
1871,32893983,r,6,-1.3278223019700435,0.0270723390414771,0.044611858661976145,6.613252139435121,-1.3278223019700435
1872,32898112,g,2,-1.6237448153536391,0.7613761146504946,0.7613761146504945,2.373308273157045,-1.6237448153536391
1873,32898112,i,8,-1.9177642373133534,0.0653059897499888,0.1181993104175112,12.818993707459594,-1.9177642373133534
1874,32898112,r,5,-2.0883933308390166,0.22339406846582155,0.3571930174279536,8.949162602892489,-2.0883933308390166
1875,32905950,i,7,-2.0771188497465913,0.13473780389053536,0.39909255832533286,11.95598145683684,-2.0771188497465913
1876,32905950,r,5,-1.9736430465037815,0.05813205439251745,0.1596487643970419,8.19645780001986,-1.9736430465037815
1877,32908959,g,2,-0.3257760686659207,0.1092597340650433,0.1092597340650433,0.32619143319151184,-0.3257760686659207
1878,32908959,i,7,-0.08941028798805473,0.13336960975555098,0.5168327556605913,0.33739380508294275,-0.08941028798805473
1879,32908959,r,8,-0.08280713326159239,0.22152499707166207,0.36561254648856206,0.29205826455938483,-0.08280713326159239
1880,32921588,g,6,-0.8458675720132725,0.06756692063564057,0.20842833786863924,2.6959275412488832,-0.8458675720132725
1881,32921588,i,9,-1.3985529427180101,0.0377941203128731,0.30135228506744594,12.064102016221613,-1.3985529427180101
1882,32921588,r,10,-1.7630320628360177,0.05721525298987262,0.3139701465074094,11.736395099551284,-1.7630320628360177
1883,32954707,i,9,-3.08004931589581,0.11132636469318591,0.20765352015241412,36.907899493667685,-3.08004931589581
1884,32954707,r,7,-2.605603016844888,0.19222400737679868,0.3516649057887644,27.3167650749301,-2.605603016844888
1885,32972048,g,3,-1.1140040307774624,0.2044978562580091,0.26513167659481074,3.868494022001242,-1.1140040307774624
1886,32972048,i,6,-1.3922830798028927,0.17233309337377167,0.2613881187986502,10.817506598027173,-1.3922830798028927
1887,32972048,r,5,-1.5375764685039721,0.030823628202305553,0.04363327140605899,12.257275553705826,-1.5375764685039721
1888,32976632,g,2,-0.9134684428866413,0.040705756156476314,0.040705756156476314,1.7066189333339357,-0.9134684428866413
1889,32976632,i,9,-1.13032616194933,0.11971085136630455,0.2845221987487281,2.689349939976263,-1.13032616194933
1890,32976632,r,6,-1.0864966695741036,0.01320191705080731,0.021068243357544647,3.09184974167051,-1.0864966695741036
1891,33022344,i,6,-2.419242897172422,0.22896612175746878,0.49930586561682766,16.36567019105038,-2.419242897172422
1892,33022344,r,6,-2.1732276828319073,0.15862282872571698,0.3805254387751211,15.789311827661278,-2.1732276828319073
1893,33023981,g,2,-1.851580864510181,0.03395354976185272,0.03395354976185261,8.003648381617495,-1.851580864510181
1894,33023981,i,10,-2.9822091333742518,0.054029969494326924,0.09934401690302774,25.50058916306985,-2.9822091333742518
1895,33023981,r,7,-2.8472529086180955,0.033538966673476,0.16713119107128538,21.674038650775532,-2.8472529086180955
1896,33112943,g,2,-1.3036536215863852,0.1677865886506611,0.1677865886506611,5.575785347428608,-1.3036536215863852
1897,33112943,i,10,-1.895520109370398,0.4357851121292601,0.7950050950680749,10.955628327205277,-1.895520109370398
1898,33112943,r,10,-2.3962698467221335,0.2684738045204056,0.44094282172246047,10.616801771236961,-2.3962698467221335
1899,33185101,g,2,-1.1798115486024365,0.00431175248259974,0.00431175248259974,3.557677991745315,-1.1798115486024365
1900,33185101,i,14,-2.0669584380093444,0.12276654001157161,0.1983376478653205,11.367450592870197,-2.0669584380093444
1901,33185101,r,10,-2.022724957270528,0.10335162584154522,0.16450342373345261,10.723786036813042,-2.022724957270528
1902,33249674,g,5,-1.203147634564992,0.05144704963883151,0.061315452884866506,4.363865531231019,-1.203147634564992
1903,33249674,i,6,-1.636454150332971,0.6875192354853765,1.2624846574836075,6.482908504270615,-1.636454150332971
1904,33249674,r,10,-1.593063752988276,0.426726967644805,1.0528896538502315,7.582342316434984,-1.593063752988276
1905,33249674,u,5,-1.668976873477126,0.1697108392465041,0.8045364835136821,6.676427085672932,-1.668976873477126
1906,3325977,g,5,-0.8607706687469454,0.02018042483601379,0.7380850302561681,1.1780181046368328,-0.8607706687469454
1907,3325977,i,7,-0.7764983476742208,0.5123233482563413,0.7610670854757473,2.77182187547212,-0.7764983476742208
1908,3325977,r,9,-1.499583856071896,0.07450431783803824,0.37339909788707293,4.557271707180634,-1.499583856071896
1909,3325977,u,2,0.3783734685907283,0.7901189256232097,0.7901189256232097,0.5441298502364512,0.3783734685907283
1910,33277141,i,9,-1.2885024144462214,0.04362491078483033,0.15196533860479944,8.451540019488894,-1.2885024144462214
1911,33277141,r,8,-1.5402264759397433,0.07149677093294682,0.1521933142930545,6.894135564418278,-1.5402264759397433
1912,33301163,g,3,-0.8292532760233506,0.001955702474152554,0.015158988322037215,2.676642365130443,-0.8292532760233506
1913,33301163,i,14,0.04760546468614413,0.17850278351519766,0.40123593638075894,0.6373627412431959,0.04760546468614413
1914,33301163,r,15,-0.7404996539370252,0.20037778299944864,0.41659613077184454,2.698928088522476,-0.7404996539370252
1915,33336007,g,3,-0.8253451442202129,0.07952048606870699,0.08898965976844109,2.6603122810777378,-0.8253451442202129
1916,33336007,i,3,-0.6884952901954967,0.019920576671289436,0.0240543155962597,3.1786050318794756,-0.6884952901954967
1917,33336007,r,6,-0.9483381706290723,0.0869897555445453,0.13309668241791828,5.7596432574665455,-0.9483381706290723
1918,33349491,i,9,-1.1685706749381577,0.11819298949241475,0.17941576974042395,5.423651851846806,-1.1685706749381577
1919,33349491,r,13,-1.2478969696317141,0.07838314630267429,0.18779849439840213,5.157320474256547,-1.2478969696317141
1920,33406524,i,6,-1.201861425948843,0.17338314315287673,0.27249357494963267,4.342454951295862,-1.201861425948843
1921,33406524,r,7,-1.3857894370035155,0.07223479007602496,0.12928683650833328,3.6975236296197687,-1.3857894370035155
1922,3342815,g,5,-0.8160232624649757,0.3262357274627521,0.9311413868075749,1.9302230808422016,-0.8160232624649757
1923,3342815,i,6,-0.8642933834729826,0.26306370628613,0.49930740211034386,1.884045814016219,-0.8642933834729826
1924,3342815,r,7,-1.0590276355174468,0.09522144256191933,0.2470348976808211,2.823069552385417,-1.0590276355174468
1925,3342815,u,2,-0.8218229441547626,0.8727593377129168,0.8727593377129169,1.497622436095109,-0.8218229441547626
1926,33481164,i,11,-1.9100815716806254,0.09620735019573923,0.16296250857080463,10.881908998999387,-1.9100815716806254
1927,33481164,r,5,-1.6747582929295541,0.045011527302424525,0.08717164798099253,13.440177138753816,-1.6747582929295541
1928,33576846,i,12,-2.7593274230316247,0.1057993364760057,0.17689288173062412,34.17995846676464,-2.7593274230316247
1929,33576846,r,10,-2.6816169692272105,0.10484447986298084,0.17755904534064282,20.151763391119008,-2.6816169692272105
1930,33588951,g,4,-1.5001249305039766,0.23243383265689743,0.4765933157246791,4.198991753802178,-1.5001249305039766
1931,33588951,i,8,-1.5063686536291354,0.7274532726211415,1.2784368889776707,6.467922644912013,-1.5063686536291354
1932,33588951,r,8,-2.0357956529305925,0.2821535292143662,0.7178342150506225,8.151917472783506,-2.0357956529305925
1933,33610656,i,8,-1.4887210257957848,0.14554301064433384,0.28237587104392925,9.417389135693723,-1.4887210257957848
1934,33610656,r,5,-1.3438566017373286,0.0418323079146834,0.0624394919031368,9.745700021557836,-1.3438566017373286
1935,33610935,i,7,-0.8706442473571068,0.057917632000275,0.5094642115749496,0.9586123610429313,-0.8706442473571068
1936,33610935,r,5,0.24157281470775627,1.0888571472144706,3.7861857761827804,2.1312666034484984,0.24157281470775627
1937,33610935,u,3,2.9032652765117715,0.04226951879067675,1.413554084990101,3.2651290425699826,2.9032652765117715
1938,33613212,i,9,-2.6858593819964387,0.13054363395483914,0.21531619752612796,35.74555253388652,-2.6858593819964387
1939,33613212,r,3,-2.7013830277149857,0.04046901166883554,0.15422944234806346,29.022377006175375,-2.7013830277149857
1940,33654325,i,9,-2.4302983204903157,0.3041739008801603,0.8432890757011717,11.995206370585448,-2.4302983204903157
1941,33654325,r,8,-2.354107186774666,0.25383450417114184,0.6177017567771919,11.313232391724874,-2.354107186774666
1942,33668755,g,5,-0.36148676367642985,0.17891826462632554,0.2969509843741275,0.3968606387919348,-0.36148676367642985
1943,33668755,i,6,-0.6541314883215416,0.06986340296942872,0.19030380183437678,2.765896448995545,-0.6541314883215416
1944,33668755,r,9,-0.7401038821614088,0.12984945736376208,0.2744439697366462,2.3130401569457977,-0.7401038821614088
1945,33709150,i,4,-2.435710686730798,0.06650875538761358,0.1611597139284182,20.586804959589994,-2.435710686730798
1946,33709150,r,8,-2.320546448250145,0.2011260783279658,0.34746561815838106,18.877069011973973,-2.320546448250145
1947,33721483,g,3,-0.8825343927503098,0.05378058485205517,0.056677104961004754,2.999828894581596,-0.8825343927503098
1948,33721483,i,4,-1.1137418994756414,0.21377924863422237,0.39370162726819546,3.735847218093132,-1.1137418994756414
1949,33721483,r,4,-1.0597926426956745,0.01655064728446065,0.12622201503647767,6.34350730678715,-1.0597926426956745
1950,33858203,g,2,-0.8905264916996458,0.18409718651468987,0.18409718651468987,1.293150122777293,-0.8905264916996458
1951,33858203,i,8,-1.5406305754846037,0.1694050911079844,0.33705475789262573,7.745657838439575,-1.5406305754846037
1952,33858203,r,9,-1.4592712229141678,0.19847045409830755,0.35208547127652445,4.303867902100858,-1.4592712229141678
1953,33859631,g,3,-0.982257569703257,0.013677004090339118,0.016594083455919395,3.45640728270214,-0.982257569703257
1954,33859631,i,11,-1.4574496179690197,0.07238432404546802,0.17689082528225963,11.257456046890221,-1.4574496179690197
1955,33859631,r,13,-1.5127630037980562,0.03965504800785791,0.06071953918477746,10.300340134921653,-1.5127630037980562
1956,33861687,g,3,-0.5608332326597598,0.05289292083203834,0.13955354507943885,1.1650432075079513,-0.5608332326597598
1957,33861687,i,8,-1.121738918885475,0.2084525630599976,0.46914003266609916,2.3743771739887847,-1.121738918885475
1958,33861687,r,9,-0.8371823016227955,0.07327756302027344,0.08052538995364544,2.866608917473723,-0.8371823016227955
1959,33873097,g,3,-0.6579179129089869,0.01804462141346952,0.055062231697349584,2.0997886078980317,-0.6579179129089869
1960,33873097,i,7,-0.44391182343773883,0.07703431985697895,0.20860654153158464,0.6764324240799037,-0.44391182343773883
1961,33873097,r,8,-0.45606475532351964,0.10135945648271696,0.17593621965558887,1.1058739339639923,-0.45606475532351964
1962,3390177,i,5,-1.158173612192983,0.050983438140221216,0.0627515427959191,6.116867312274197,-1.158173612192983
1963,3390177,r,5,-1.2234755458056292,0.015002733361201503,0.022431145894085347,6.545917076612101,-1.2234755458056292
1964,33928318,g,2,-0.7902738904510944,8.99080283887077e-05,8.99080283887077e-05,1.9135122488330076,-0.7902738904510944
1965,33928318,i,6,-0.5382007267385528,0.3581477574546582,0.7802815139734227,1.5936714533036562,-0.5382007267385528
1966,33928318,r,12,-1.3497793044521917,0.1101600778675651,0.5092363837743878,4.161609834052393,-1.3497793044521917
1967,33944342,i,5,-1.888708065276715,0.03596660316875688,0.03888083232335093,16.04196072572892,-1.888708065276715
1968,33944342,r,8,-1.9162558669741565,0.06250075475100758,0.09877996953591128,10.54282817190538,-1.9162558669741565
1969,33958146,g,6,-0.6886408304064733,0.09006274461919384,0.149395019880594,1.4788118684509401,-0.6886408304064733
1970,33958146,i,11,-0.45235624608540276,0.05663032577445154,0.1895478583158523,0.9939817854713501,-0.45235624608540276
1971,33958146,r,15,-0.8884883834502961,0.09424694142634704,0.18766449673971308,2.4679365282191097,-0.8884883834502961
1972,34058119,g,4,-0.507162370690715,0.13327267432664436,0.24479137739775741,0.7548067170724047,-0.507162370690715
1973,34058119,i,10,-0.43674297624455727,0.08287042158103697,0.551084500791416,0.4408130388721432,-0.43674297624455727
1974,34058119,r,12,-0.6895967078044456,0.07155592768268626,0.14645682137409,1.316848043836002,-0.6895967078044456
1975,34096612,g,2,-1.1695599522160165,0.0016144375575828374,0.0016144375575826153,4.475096426237359,-1.1695599522160165
1976,34096612,i,11,-1.825828044881991,0.12877673589581473,0.2033551517402521,16.32284553879103,-1.825828044881991
1977,34096612,r,7,-1.9339943904291925,0.037255903562529724,0.07225800614900502,15.928881598955986,-1.9339943904291925
1978,34129791,g,2,-1.224789303181452,0.17891570866794693,0.17891570866794693,4.2688594865605465,-1.224789303181452
1979,34129791,i,13,-1.9049862576661298,0.5846075067528198,1.1071477121763424,6.708314753636286,-1.9049862576661298
1980,34129791,r,9,-1.2893931941950418,0.40388062024612525,0.8474509593139663,6.102639016458973,-1.2893931941950418
1981,34138563,g,2,-1.180488044122806,0.10686146843285083,0.1068614684328506,2.7559259546642476,-1.180488044122806
1982,34138563,i,11,-1.5700978744875602,0.14389194422775797,0.26104941545072213,8.236271130807584,-1.5700978744875602
1983,34138563,r,15,-1.680976762854387,0.13214650780974058,0.24523202217614126,7.712617055653472,-1.680976762854387
1984,34226554,g,3,-0.9210617020509182,0.01730975860815942,0.06054711399415247,2.2780987320024617,-0.9210617020509182
1985,34226554,i,11,-1.6023136823782904,0.12696721980827608,0.48548815654284505,7.1868373610241525,-1.6023136823782904
1986,34226554,r,11,-1.4405374296696354,0.05181732392433003,0.07008854171760448,6.000243721583467,-1.4405374296696354
1987,34277507,g,2,-1.0928550478809462,0.19273004505219649,0.19273004505219637,3.900048634361247,-1.0928550478809462
1988,34277507,i,4,-1.6669049898133532,0.14356358735607921,0.3748122868549071,14.03990257334822,-1.6669049898133532
1989,34277507,r,6,-1.7376392899411486,0.061449411087864614,0.09430460934771312,13.009622913019541,-1.7376392899411486
1990,34324301,i,11,-2.8098027378507,0.13804173760947958,0.368928546166885,30.8854814032527,-2.8098027378507
1991,34324301,r,14,-2.7424794537710824,0.10859362263217442,0.22605915280538103,19.44922214781381,-2.7424794537710824
1992,34370093,i,7,-1.770311977826273,0.23962498662853515,0.41188555878211863,13.946128143793002,-1.770311977826273
1993,34370093,r,4,-1.866969055855864,0.08588979648486661,0.1987356738840127,13.77560214075851,-1.866969055855864
1994,34451826,i,9,-1.5683669960757625,0.26289685500047266,0.4789808885157445,8.854794726036513,-1.5683669960757625
1995,34451826,r,7,-1.3377819181288688,0.07293792239956742,0.13982890479069665,7.356716659715853,-1.3377819181288688
1996,34508244,i,7,-2.1562628049129904,0.06142561985072037,0.32814508318532587,22.22884009198741,-2.1562628049129904
1997,34508244,r,6,-1.9818880601818698,0.18110882226649427,0.3205669831832252,19.027214098541986,-1.9818880601818698
1998,34521856,g,4,-0.2089802093356632,0.09061931204117735,0.2169776716054707,0.23813542044166153,-0.2089802093356632
1999,34521856,i,4,-0.771738868478366,0.00978451730408697,0.03707126338294209,2.6652391278989693,-0.771738868478366
2000,34521856,r,6,-0.822900463428421,0.0935804551869705,0.1418864370755064,1.9776361499308717,-0.822900463428421
2001,34543595,g,2,-1.398995198403329,0.25901249145470906,0.25901249145470895,5.213165221997295,-1.398995198403329
2002,34543595,i,11,-2.448587840577663,0.2022406434587607,0.8337803385711728,12.690195199927665,-2.448587840577663
2003,34543595,r,11,-2.0384193484254336,0.2766354425431228,0.5640482728643827,10.948136689013804,-2.0384193484254336
2004,34577389,g,4,-0.7454099924453879,0.12257890843402153,0.21557334174632192,2.1851740894327567,-0.7454099924453879
2005,34577389,i,4,-0.8479901059454418,0.2543685738942786,0.6736334872292149,2.926106273013068,-0.8479901059454418
2006,34577389,r,6,-1.3668643774235285,0.5767123456761662,1.061058372177397,5.194234475685925,-1.3668643774235285
2007,34603878,g,2,-0.598613227008842,0.005118158314540766,0.005118158314540766,1.3931585078363073,-0.598613227008842
2008,34603878,i,5,-0.9681806623108746,0.09368029898503027,0.3331025019327296,2.785180771496523,-0.9681806623108746
2009,34603878,r,7,-0.7680099233309322,0.06772121415359533,0.1398363938401882,2.3910819540262933,-0.7680099233309322
2010,34618131,g,6,-1.0975269608227705,0.05766392129693376,0.09691157823683394,4.237376934056344,-1.0975269608227705
2011,34618131,i,12,-1.9320171679819351,0.12141554894724749,0.23529876121616145,18.406377935514247,-1.9320171679819351
2012,34618131,r,10,-1.8094950690419505,0.06980092039666286,0.11726752536884066,14.66871336507592,-1.8094950690419505
2013,34716040,g,2,-0.9181998937430207,0.06489213641068936,0.06489213641068936,3.1338936999508205,-0.9181998937430207
2014,34716040,i,11,-0.838616133259799,0.18254250432101715,0.2759848765405606,3.897265711180179,-0.838616133259799
2015,34716040,r,12,-1.109931996393603,0.05885840902063366,0.2278369854759238,4.837526362201996,-1.109931996393603
2016,34734266,g,4,-1.0165028372381608,0.2540383610412199,0.49435227651432845,3.103132963638278,-1.0165028372381608
2017,34734266,i,13,-1.3230996888935156,0.2707332014913375,0.5180421148664134,5.768305569299408,-1.3230996888935156
2018,34734266,r,12,-1.3759867572030111,0.27153812059984406,0.4798177549975904,5.649198356624557,-1.3759867572030111
2019,34734266,u,4,-1.604978123125865,0.0924819233112979,0.33857211248384256,3.1488133331080066,-1.604978123125865
2020,34750811,i,6,-1.3450277214914028,0.09685263506731845,0.1641033334491544,3.8491606128251843,-1.3450277214914028
2021,34750811,r,5,-1.444180851163467,0.08614901988627,0.091789848360877,3.862651515505192,-1.444180851163467
2022,34767784,i,12,-2.366186544422746,0.14878108100180443,0.20973034606574226,27.764879360471955,-2.366186544422746
2023,34767784,r,14,-2.4147169524716947,0.18637183315117345,0.2971930695389067,18.311129153775575,-2.4147169524716947
2024,34791623,g,3,-0.37634533675737636,0.14829923686865998,0.3097856553862638,0.9510808491316626,-0.37634533675737636
2025,34791623,i,12,-0.5645510766523093,0.1931039162359856,0.6436048231807846,0.672641543927686,-0.5645510766523093
2026,34791623,r,11,-0.6860298044080746,0.07047859167800152,0.31928241647355926,1.3170958870779883,-0.6860298044080746
2027,34825004,g,4,-0.8557703510380875,0.10321240616488059,0.14495724903074536,1.3853351085550225,-0.8557703510380875
2028,34825004,i,8,-1.0092868392515395,0.1182751622846146,0.21554769833857423,2.522560794551713,-1.0092868392515395
2029,34825004,r,8,-1.1210696406417988,0.08906008241991337,0.3264341166094751,4.02470565973517,-1.1210696406417988
2030,34907885,i,11,-1.6319573557830898,0.1407303643406883,0.2715473225439724,12.064098607946205,-1.6319573557830898
2031,34907885,r,7,-1.644676220945701,0.08711973748700963,0.13330921814257812,8.63191907011166,-1.644676220945701
2032,34911057,g,3,-0.7837474816548804,0.15926170349121094,0.17425221377509836,2.061865709552093,-0.7837474816548804
2033,34911057,i,7,-1.4281118703677116,0.04023515091116159,0.09879841227717923,9.049936525421435,-1.4281118703677116
2034,34911057,r,7,-1.264617392916027,0.12886847109754318,0.19478348999385542,7.265567097514323,-1.264617392916027
2035,34924154,g,3,-1.47545785147646,0.2064095405197901,0.3954882161274722,4.006489310814346,-1.47545785147646
2036,34924154,i,7,-0.9445010067572943,0.27600390232314864,1.1006776140472148,4.775701456412144,-0.9445010067572943
2037,34924154,r,9,-1.0652425582012799,0.2730127348339918,0.9324858684265661,6.016905102360335,-1.0652425582012799
2038,34995236,i,12,-1.9138213799489012,0.2729071807588681,0.5515480474760961,6.671920944426425,-1.9138213799489012
2039,34995236,r,3,-2.325825807338772,0.0028262516576451624,0.41565296945877384,6.764578961096575,-2.325825807338772
2040,34999245,g,4,-0.6406553067231457,0.1641224215517907,0.25464344236886083,0.57135069300603,-0.6406553067231457
2041,34999245,i,14,-0.6927223911231672,0.12329698884086465,0.2449241051908555,1.3295959054328923,-0.6927223911231672
2042,34999245,r,12,-0.9770613632183648,0.1785590062631469,0.551904867715455,2.6510797844674467,-0.9770613632183648
2043,35020940,i,6,-0.5853591997119489,0.1466872938976573,0.24682733777506555,1.9222062767318644,-0.5853591997119489
2044,35020940,r,4,-1.0003266790997132,0.10415322813272987,0.18151649174004525,3.9533935041451898,-1.0003266790997132
2045,35046676,g,5,-1.45815596386204,0.22305782568191868,0.4599207860934664,3.800948318088325,-1.45815596386204
2046,35046676,i,11,-1.4478925463279895,0.5889087813217022,1.164811289822476,5.129748519631452,-1.4478925463279895
2047,35046676,r,14,-1.5066186824510566,0.1985965830074855,0.41961142586761135,5.929347023566754,-1.5066186824510566
2048,35046676,u,2,-1.886826178171145,0.25034007334965525,0.25034007334965547,3.8308817015178147,-1.886826178171145
2049,35049875,g,5,-1.099208488703567,0.11679597738738101,0.23145228450119448,4.08678530045165,-1.099208488703567
2050,35049875,i,6,-1.3461410586828997,0.09824386460706225,0.15336203894937195,8.883820475949355,-1.3461410586828997
2051,35049875,r,7,-1.33138586535156,0.01933671614076271,0.04586385075241983,8.7555862823392,-1.33138586535156
2052,350768,i,8,-1.3870848559036646,0.10638524285974427,0.19436329904050287,6.5410470016167075,-1.3870848559036646
2053,350768,r,3,-1.3041180869656017,0.014496843024734307,0.08939244787300704,6.18743795325491,-1.3041180869656017
2054,35092492,g,3,-0.6814610929331921,0.16681624467766154,0.1807645771586469,1.7434855080409977,-0.6814610929331921
2055,35092492,i,3,-1.4293050638668594,0.042942073722116225,0.10789860950515462,11.472248741736713,-1.4293050638668594
2056,35092492,r,7,-1.2023800944057397,0.09441547409572659,0.14949233691828767,8.46105816355183,-1.2023800944057397
2057,35175595,g,4,-1.0463307585614314,0.10453435186506788,0.18921420562967295,3.5135240588368912,-1.0463307585614314
2058,35175595,i,8,-1.2793122705792852,0.1908455974803196,0.4889788776749229,6.610050227013033,-1.2793122705792852
2059,35175595,r,6,-1.5693241773456053,0.07159197952394625,0.12496903002730209,9.659443282444698,-1.5693241773456053
2060,35180833,i,9,-1.1133376493231921,0.19807876549738412,0.3453834077105675,2.155181650188586,-1.1133376493231921
2061,35180833,r,2,-1.1587123957843888,0.0011809866015991544,0.0011809866015990433,2.200710555521886,-1.1587123957843888
2062,3526683,i,9,-1.5004075716510687,0.3880320150620442,0.46080407945066915,15.102707357759991,-1.5004075716510687
2063,3526683,r,4,-1.5623566819341068,0.2378674180558641,0.37947277447919014,9.557487004826308,-1.5623566819341068
2064,3527182,i,9,-1.5760675044564274,0.14617289096251507,0.24522406770324423,14.537157985778173,-1.5760675044564274
2065,3527182,r,6,-1.5803415295377379,0.0644578970555344,0.13558265988101548,12.300126234444507,-1.5803415295377379
2066,35280939,i,8,-0.8674651786556891,0.08056438518955489,0.42023991066118116,4.299752040240362,-0.8674651786556891
2067,35280939,r,9,-1.1815410080775206,0.5763070869399911,0.9068428775748498,5.581714792109181,-1.1815410080775206
2068,35292606,g,2,-1.7708960319643519,0.4102938946399386,0.4102938946399388,6.950772508195264,-1.7708960319643519
2069,35292606,i,8,-1.924035475562103,0.10869089466616044,0.2805368682694609,18.082501640421164,-1.924035475562103
2070,35292606,r,6,-1.9506351877257522,0.07725549461862813,0.12428025190224545,15.260539688658234,-1.9506351877257522
2071,35293054,i,9,-2.0860429781726895,0.05734491600909308,0.09209710584476971,28.19267129991583,-2.0860429781726895
2072,35293054,r,3,-2.135603761469125,0.04420295194004531,0.06660226682823289,20.92787629695528,-2.135603761469125
2073,35310715,i,7,-1.2125499465754102,0.22754586024559964,0.4130885603190073,6.663566978808395,-1.2125499465754102
2074,35310715,r,5,-1.3479617708617428,0.019849877955730122,0.030332422667213477,7.330230781802648,-1.3479617708617428
2075,35426336,g,2,-0.7618217941797658,0.11281905997949115,0.11281905997949115,1.633670865053718,-0.7618217941797658
2076,35426336,i,10,-0.7519258675890115,0.1616191562904576,0.3793697855551075,2.985448636042847,-0.7519258675890115
2077,35426336,r,4,-1.0438997765625062,0.026219462577152686,0.13588268102122703,7.9649152153789124,-1.0438997765625062
2078,35443920,i,10,-1.9031155170834197,0.254150622101035,0.4189511510576511,11.968300533750007,-1.9031155170834197
2079,35443920,r,4,-1.9785072088511766,0.03643622466020302,0.1974643910020475,6.92860277324308,-1.9785072088511766
2080,35467613,g,4,-1.0308513003618947,0.2158395366194425,0.4296761973834675,3.091133193705268,-1.0308513003618947
2081,35467613,i,13,-1.1924385868743714,0.13923726387883506,0.24304885195650106,3.4480151629972293,-1.1924385868743714
2082,35467613,r,14,-1.0025388033747444,0.06819577183101322,0.15293684091299986,5.778888661723697,-1.0025388033747444
2083,3547740,i,8,-1.7468140867789872,0.054186210508349264,0.10618317187366455,15.71009311870726,-1.7468140867789872
2084,3547740,r,9,-2.009457142288026,0.04984844982495917,0.19666800953290564,12.55348858474588,-2.009457142288026
2085,35526679,g,2,-0.7152444874148836,0.1301246711840165,0.1301246711840165,1.4245070770613881,-0.7152444874148836
2086,35526679,i,5,-0.7615128476975167,0.03192702869475483,0.06275921736936041,3.5074939760847768,-0.7615128476975167
2087,35526679,r,7,-0.9860099004037054,0.06894004449152147,0.10754510325859679,4.826384964427648,-0.9860099004037054
2088,35530284,i,7,-1.4883369302167526,0.08794263963003379,0.2781593274185905,5.778238424117774,-1.4883369302167526
2089,35530284,r,4,-1.2821902815704243,0.061592292513269586,0.171732449488055,7.724415303518113,-1.2821902815704243
2090,35544450,g,3,-1.2901015076765932,0.04359218118599695,0.365329315466167,2.309527572549001,-1.2901015076765932
2091,35544450,i,14,-1.3017544331244655,0.04984374120891788,0.14340837942362894,5.639935538539859,-1.3017544331244655
2092,35544450,r,10,-1.3003023252485812,0.05230970508794497,0.12731432512244978,4.715816266709976,-1.3003023252485812
2093,35544450,u,2,-2.2680101172751685,0.08343172581981917,0.08343172581981895,7.609124106209008,-2.2680101172751685
2094,35614945,g,2,-0.6040541349196469,0.07465603840111301,0.07465603840111301,1.5564097658244749,-0.6040541349196469
2095,35614945,i,4,-0.05787901714069661,0.03757838093306122,0.07209573949412301,0.043126845240579526,-0.05787901714069661
2096,35614945,r,5,-0.4281176278762572,0.02203675360063373,0.11020761721128364,0.9187672919757797,-0.4281176278762572
2097,35656830,g,3,-1.5560067955648484,0.0393306635721713,0.2915606102777635,4.4206378974145535,-1.5560067955648484
2098,35656830,i,3,-1.558575255613226,0.17453206617345152,0.23255999282795248,7.477315549018627,-1.558575255613226
2099,35656830,r,6,-1.8084047916479862,0.049692196582987735,0.26501537983849865,9.059980462621871,-1.8084047916479862
2100,35683574,g,7,-2.020423059999052,0.09685365474604746,0.39833814884992247,8.279906708179569,-2.020423059999052
2101,35683574,i,16,-2.2496632380779213,0.31333752777027035,0.4863916888048294,13.503621645126895,-2.2496632380779213
2102,35683574,r,13,-2.1181593177957536,0.06502284910916467,0.12134416951528948,11.120682163538827,-2.1181593177957536
2103,35694384,g,4,-0.6634679398288004,0.1172715496956277,0.2542503011226702,1.7653406226824486,-0.6634679398288004
2104,35694384,i,12,-0.8708760747593072,0.06928568271712837,0.16572009406145138,1.8330924565357976,-0.8708760747593072
2105,35694384,r,13,-0.7004498302301039,0.16914368243801348,0.35653404634092023,2.3669269350808344,-0.7004498302301039
2106,35838077,i,7,-2.0421059496595757,0.028049427523563875,0.08920201704813291,12.786588413766468,-2.0421059496595757
2107,35838077,r,4,-1.6025303915417912,0.007776453954252194,0.024739354226293697,8.178098271508588,-1.6025303915417912
2108,3586658,g,7,-1.3866359269296469,0.1842569998035759,0.30009211534469915,5.267559172942419,-1.3866359269296469
2109,3586658,i,16,-1.7050827802855855,0.5597878073414949,0.9643873017222622,9.041892047099925,-1.7050827802855855
2110,3586658,r,15,-1.7223276881193166,0.11004636001384327,0.20797718521928865,8.774336340110041,-1.7223276881193166
2111,3588299,g,2,-0.7154855007220973,0.004721387836166879,0.004721387836166824,1.8035677559263115,-0.7154855007220973
2112,3588299,i,7,-0.7286571812497955,0.07201207613862648,0.1498655545592411,1.8684548122391427,-0.7286571812497955
2113,3588299,r,9,-0.948562003615852,0.11386498045124704,0.25778607816167376,5.029312548639772,-0.948562003615852
2114,35916480,g,4,-1.6593530744702076,0.09459835173104159,0.31373325158122567,4.342252954092013,-1.6593530744702076
2115,35916480,i,4,-0.7372366513631283,0.07499414448494601,0.35261727745414295,4.348886968710639,-0.7372366513631283
2116,35916480,r,6,-1.4557752323640072,0.5443500036568081,1.054072114572087,6.200117575048954,-1.4557752323640072
2117,35929209,i,6,-1.3239336512815534,0.031499205255035245,0.05462183930011455,5.341721049919646,-1.3239336512815534
2118,35929209,r,5,-1.2451857435455151,0.08413887023925781,0.09823241639241109,7.434668257301692,-1.2451857435455151
2119,35942399,g,2,-0.41100133131281863,0.09752277713182161,0.09752277713182156,0.7866812681918754,-0.41100133131281863
2120,35942399,i,4,-0.35008917126706646,0.09589807957045166,0.23812927775618703,0.7653447130095854,-0.35008917126706646
2121,35942399,r,6,-0.42368149474226063,0.12075534019823186,0.23929106356785035,1.0326143825986944,-0.42368149474226063
2122,35952183,g,4,-0.9156123717858167,0.12053594737256168,0.2387854489529141,2.302250745992457,-0.9156123717858167
2123,35952183,i,7,-0.7353918297232767,0.10846814222361101,0.37675217315667364,2.8382379428615527,-0.7353918297232767
2124,35952183,r,8,-1.1484437177174167,0.05749287802401981,0.16627215424660502,4.34305911005428,-1.1484437177174167
2125,35952183,u,3,-1.1115478321570773,0.08062375661442056,0.2570880726199749,3.0278059062556886,-1.1115478321570773
2126,36020765,g,2,-1.6756814333804533,0.2010698673126231,0.20106986731262322,8.118873706857642,-1.6756814333804533
2127,36020765,i,4,-2.021324425965614,0.038317342929481746,0.08431048701772359,26.74152665344642,-2.021324425965614
2128,36020765,r,5,-2.4201497030866657,0.31002602636771615,0.5366739298842607,14.633576287729761,-2.4201497030866657
2129,36032175,i,4,-1.706161309172646,0.11185828326946634,0.1916163665612065,14.834655679821362,-1.706161309172646
2130,36032175,r,6,-1.7657689486033137,0.10225820224180515,0.15557476564843786,17.050410647373056,-1.7657689486033137
2131,36038094,i,12,-1.9836422416599326,0.2553879507002441,0.41500360829864036,15.522459428541021,-1.9836422416599326
2132,36038094,r,3,-1.9101706337069504,0.051111134654965085,0.05658979936301822,11.659245711890057,-1.9101706337069504
2133,36056322,g,2,-0.7227396379063874,0.029109085291024628,0.02910908529102474,2.189914137464157,-0.7227396379063874
2134,36056322,i,9,-0.772427600335444,0.11211107827623656,0.19952720372549382,2.27680614373768,-0.772427600335444
2135,36056322,r,8,-0.9044199955146468,0.03865220982198164,0.058801449665701444,4.852705690424521,-0.9044199955146468
2136,36067646,g,2,-1.012895903005499,0.059832209777293865,0.059832209777293865,3.7843126108363165,-1.012895903005499
2137,36067646,i,13,-1.3600844271576409,0.04919228037340928,0.17289298778387785,5.578315030442847,-1.3600844271576409
2138,36067646,r,10,-1.4424480219946285,0.08557811984257646,0.1469478309810437,7.192850194916565,-1.4424480219946285
2139,36094710,g,2,-1.3151263059702019,0.050448417663574,0.05044841766357422,1.2624356510247108,-1.3151263059702019
2140,36094710,i,6,-1.5900098955024062,0.040461560341280345,0.06204713432572717,7.2300302006137125,-1.5900098955024062
2141,36094710,r,9,-1.738317180708205,0.06355109819119642,0.11945627024972394,9.03941933285889,-1.738317180708205
2142,36141375,i,6,0.8932005364260103,0.05568567414252118,0.23394513236352488,1.2599271726085821,0.8932005364260103
2143,36141375,r,4,0.03837873268476946,0.12172540781207167,0.22066998536407906,0.2368861533766081,0.03837873268476946
2144,36246649,i,6,-2.6723817934077267,0.10293014904372777,0.1726888489561551,17.76490516294096,-2.6723817934077267
2145,36246649,r,8,-2.4787819358753422,0.08779847910068517,0.13791037044111842,12.349268886430833,-2.4787819358753422
2146,36252410,g,3,-1.7715029432318774,0.0550275085921581,0.07590796397492827,2.711194273913346,-1.7715029432318774
2147,36252410,i,9,-1.7303492313127458,0.6083015146152397,1.0823539644456268,6.715575134336857,-1.7303492313127458
2148,36252410,r,9,-1.6090330101088959,0.23660383133495388,0.38907982557842513,6.203588590800175,-1.6090330101088959
2149,3625623,i,12,-1.3362262702463195,0.6205243138031834,1.0965030956302728,3.292789410098008,-1.3362262702463195
2150,3625623,r,8,-1.3676132138178916,0.6302073786562179,1.196336222155741,5.292989965293112,-1.3676132138178916
2151,36309192,g,3,-0.5866194630916244,0.1147943358221718,0.31137185061105965,2.358932576136571,-0.5866194630916244
2152,36309192,i,9,-0.9812342337397437,0.3633785175775607,0.7768227413926926,2.9555877487296183,-0.9812342337397437
2153,36309192,r,8,-0.6775641446966694,0.1500549931526452,0.26829216938043576,2.1874093709656863,-0.6775641446966694
2154,36317411,i,6,-1.949219815360781,0.1566051573531807,0.23765431928434588,20.57142878439206,-1.949219815360781
2155,36317411,r,6,-1.829567399456147,0.07545911384406778,0.15824770680852995,15.484764463777045,-1.829567399456147
2156,36323668,i,8,-2.3986994650052123,0.22574409157741826,0.44280526596394676,16.973157539973275,-2.3986994650052123
2157,36323668,r,4,-2.1486643528750085,0.08164395539669189,0.1486431466374416,15.846592226260656,-2.1486643528750085
2158,3633096,g,2,-1.8481450729848063,0.8945387210591487,0.8945387210591489,4.664574280176748,-1.8481450729848063
2159,3633096,i,11,-2.0288212342580634,0.18694389897616448,0.35206684008848166,16.35851251402549,-2.0288212342580634
2160,3633096,r,3,-1.8758366113356661,0.16298918419479702,0.44839677289322166,9.704805166702608,-1.8758366113356661
2161,36371591,g,8,-0.8905735822858,0.07500909471345873,0.132707094851371,1.9892580568980571,-0.8905735822858
2162,36371591,i,9,-0.9084666416601499,0.047375621275998925,0.6392660372151977,5.905549957439585,-0.9084666416601499
2163,36371591,r,10,-1.251663186320871,0.10149676511507577,0.27492163523571733,6.82388931690115,-1.251663186320871
2164,36378611,i,6,-1.997284909597894,0.26397143613611984,0.49012736370332455,15.894227422119437,-1.997284909597894
2165,36378611,r,5,-1.7205399535360806,0.013632100667487324,0.022072828303628667,11.228793340746979,-1.7205399535360806
2166,3639820,i,4,-1.4188219945602634,0.5236325717494613,0.9796914997699616,6.948606566482341,-1.4188219945602634
2167,3639820,r,6,-1.2817243025584166,0.06673805968854174,0.10672321168506071,7.828510766173576,-1.2817243025584166
2168,36409698,g,3,-1.3091897054282753,0.12009978462320792,0.16926586299345203,1.6594448485826445,-1.3091897054282753
2169,36409698,i,5,-1.901745673756819,0.12847123075905764,0.16019677529537502,17.726266911944993,-1.901745673756819
2170,36409698,r,9,-2.0994408272167417,0.04785917378792881,0.29524013843782737,9.878908745487117,-2.0994408272167417
2171,36414551,i,9,-1.4158351559146272,0.07241967320814524,0.1603729505271012,8.733909691566845,-1.4158351559146272
2172,36414551,r,8,-1.7866529546762266,0.15081808335848534,0.22377675038491818,8.19987094789577,-1.7866529546762266
2173,36419328,g,2,-0.6667195388048824,0.16175009998483414,0.16175009998483403,1.5709682562929297,-0.6667195388048824
2174,36419328,i,5,-1.6136035958751873,0.06944061825197356,0.3980361904899381,8.295024753744343,-1.6136035958751873
2175,36419328,r,5,-1.451040085596131,0.09351541523653095,0.13759555348950925,8.741291505689471,-1.451040085596131
2176,36432094,i,3,-1.9695053881464908,0.06877359874073186,0.08891329699113415,28.4037282084914,-1.9695053881464908
2177,36432094,r,7,-2.095903389071486,0.08327733184826203,0.17756954704212213,19.7680711358559,-2.095903389071486
2178,36477568,g,4,-2.016891272133857,0.025730543077261192,0.08779629459193816,2.5286552078938422,-2.016891272133857
2179,36477568,i,8,-1.5159353171797145,0.16851081996941686,0.31442937935735116,7.537537916745531,-1.5159353171797145
2180,36477568,r,7,-1.4834432865949378,0.14653202240216734,0.3779925834586275,4.8439280389095725,-1.4834432865949378
2181,36501632,i,5,-0.8079002272072012,0.1373711483674941,0.26765207050906625,1.4530675314268855,-0.8079002272072012
2182,36501632,r,5,-0.9066832055871425,0.19857115067309294,0.20952192381957035,1.9799938650420756,-0.9066832055871425
2183,36575692,g,2,-0.7166885124358381,0.07202553587860827,0.07202553587860838,1.390243704807858,-0.7166885124358381
2184,36575692,i,11,-1.0724233203901372,0.2959494607220814,0.4630166399916449,3.504369118533842,-1.0724233203901372
2185,36575692,r,6,-0.8510174816979642,0.09534273461605369,0.15734385055849776,3.3279762788803358,-0.8510174816979642
2186,36589498,g,3,-1.0160407981693271,0.011719248984366049,0.033646808923073146,3.803920110194296,-1.0160407981693271
2187,36589498,i,7,-1.6512802842557204,0.0902035384670945,0.22064823438776093,14.537482309705654,-1.6512802842557204
2188,36589498,r,8,-1.4992725570481105,0.06660466172416812,0.11741743585282838,12.412756352174224,-1.4992725570481105
2189,36609468,g,2,-1.4431612279878057,0.2987042879063979,0.2987042879063977,4.060426685069749,-1.4431612279878057
2190,36609468,i,6,-1.892902734016714,0.05505651174222215,0.16302085109403563,10.62099161168056,-1.892902734016714
2191,36609468,r,6,-2.006790858431185,0.04140194044803014,0.07922984424470636,10.339000604056366,-2.006790858431185
2192,36619411,g,2,-1.2181471758140776,0.003220693398655272,0.003220693398655383,4.305711157042237,-1.2181471758140776
2193,36619411,i,9,-1.685085147384066,0.1305227071698858,0.23343279875539102,5.380975986563226,-1.685085147384066
2194,36619411,r,3,-1.7506522944187344,0.2844880702806052,0.4643914335602557,5.8308887005567955,-1.7506522944187344
2195,36656280,g,3,-1.614668761488827,0.036101506587551624,0.1679618347133771,4.073568182519657,-1.614668761488827
2196,36656280,i,6,-1.7702972170528342,0.23165393002887102,0.584336091764591,7.831404279345034,-1.7702972170528342
2197,36656280,r,9,-1.7565968997945398,0.1334864617209106,0.18216140803037706,7.304012713425834,-1.7565968997945398
2198,36670391,g,3,-0.7927789733240553,0.060514760047994276,0.08453491582118855,0.9776963334422432,-0.7927789733240553
2199,36670391,i,6,-1.959483356348875,0.08087535035137594,0.3039115788445481,10.50158384430165,-1.959483356348875
2200,36670391,r,7,-1.707514127702841,0.10341282158310738,0.18364824931298895,7.112897875900505,-1.707514127702841
2201,36684359,g,7,-0.7245916257905738,0.06922693006547664,0.1740706469337321,1.2357703225642358,-0.7245916257905738
2202,36684359,i,9,-0.6334893694064713,0.045005486678495576,0.13707282653295638,1.0696586058679267,-0.6334893694064713
2203,36684359,r,10,-0.9378145989454172,0.039599988937605746,0.07538534711680334,2.7597531203322268,-0.9378145989454172
2204,36752712,i,7,-1.4226500976184648,0.26041947695635925,0.8232007900805971,3.840970671259908,-1.4226500976184648
2205,36752712,r,7,-1.292189753137909,0.5357802765912503,0.877534406379405,5.1706598469749085,-1.292189753137909
2206,36770969,g,3,-0.9300614368158451,0.03460993608352014,0.04178186572656584,2.16780252774122,-0.9300614368158451
2207,36770969,i,13,-0.9899211223638666,0.4433677698543541,0.6372856539752128,2.372701170218913,-0.9899211223638666
2208,36770969,r,8,-1.051141755883671,0.10282815812808838,0.1908783868145516,2.917330250035932,-1.051141755883671
2209,36791595,i,8,-1.2530574687597067,0.15715340353486928,0.2881233378496699,5.5018668769278705,-1.2530574687597067
2210,36791595,r,7,-1.3104231324871678,0.06301896060966516,0.16098384197833782,5.040862269992059,-1.3104231324871678
2211,36800453,i,5,-0.6640780189096278,0.04453458663665755,0.08057994423220816,1.0256132372193554,-0.6640780189096278
2212,36800453,r,7,-0.8649389167716612,0.0897657565938943,0.09878924781102982,1.4707725403817442,-0.8649389167716612
2213,36806135,i,4,-1.591623620981378,0.13655350350520812,0.2488596981867206,9.234863099227752,-1.591623620981378
2214,36806135,r,6,-1.5799981452028289,0.16287733178106545,0.5212202383770579,7.699540175438215,-1.5799981452028289
2215,36827292,i,7,-1.7167605179614358,0.21457000969087936,0.39013801627956557,8.501513699664486,-1.7167605179614358
2216,36827292,r,8,-1.486881768881803,0.1455527062937262,0.25403853895399964,11.656938265316883,-1.486881768881803
2217,37096417,g,4,-0.7645771372460095,0.015354129446800036,0.12005807049066586,1.1838660969170214,-0.7645771372460095
2218,37096417,i,5,-1.3010450948902748,0.2113884750465691,0.3152805845711959,3.4320110744691634,-1.3010450948902748
2219,37096417,r,6,-1.244460333676565,0.05335124713390538,0.1396498121045644,4.2349188800871405,-1.244460333676565
2220,37099656,g,4,-0.4675095934451502,0.22100743094978204,0.6922087859474034,0.6966439670906437,-0.4675095934451502
2221,37099656,i,9,-0.44253632725274705,0.06995658859884346,0.11772650707075571,0.7579055925736944,-0.44253632725274705
2222,37099656,r,7,-0.5864302808745224,0.01883419404019593,0.07130833372141376,1.0413233274630405,-0.5864302808745224
2223,37110630,g,6,-0.8639453327440022,0.2027570311518868,0.4771125366817387,2.449151639808535,-0.8639453327440022
2224,37110630,i,7,-1.3937572763747266,0.308320507183073,0.4392863023563498,4.16439882402038,-1.3937572763747266
2225,37110630,r,11,-1.444043102235578,0.09581740438591257,0.15624068583699535,6.188279584625854,-1.444043102235578
2226,37202176,g,3,-1.1223635657272133,0.19330349882184406,0.32344565586030294,3.2018623454539177,-1.1223635657272133
2227,37202176,i,3,-1.4171589474744755,0.10918020221570357,0.13306289914970626,10.703628834666183,-1.4171589474744755
2228,37202176,r,8,-1.4080497914642351,0.09158310577433415,0.21167768653198715,7.111403910250516,-1.4080497914642351
2229,37206814,i,8,-2.952833991846951,0.11128571288500377,0.2130956178271215,42.7651962134191,-2.952833991846951
2230,37206814,r,7,-2.7988086169668493,0.09214935979060446,0.13809881078801922,25.369134239676004,-2.7988086169668493
2231,37226557,g,2,-0.781785395939428,0.002572236425634533,0.002572236425634644,2.028056650006012,-0.781785395939428
2232,37226557,i,9,-0.7974801065290645,0.21408028882582553,0.41455665463533065,3.176434967970731,-0.7974801065290645
2233,37226557,r,7,-0.9724352715561275,0.134912379206104,0.21782974745532424,5.287547085493986,-0.9724352715561275
2234,37250651,i,6,-1.5097943623438437,0.21390470788318883,0.39637080484567355,10.393745889345082,-1.5097943623438437
2235,37250651,r,8,-1.707640678161522,0.025772999144302755,0.03467404491034376,13.576579430979717,-1.707640678161522
2236,37325049,i,6,-1.7567986396366835,0.23921185933709255,0.38922338730381645,5.472260534246804,-1.7567986396366835
2237,37325049,r,4,-1.9424355454118523,0.13964070384603522,0.19265715341237444,6.701225053684029,-1.9424355454118523
2238,37333924,g,3,-1.0235563122281826,0.031031381510553624,0.051498164295177284,2.3086334347186823,-1.0235563122281826
2239,37333924,i,8,-1.1949527823732962,0.25135607611586297,0.5526575388246457,2.970797323479148,-1.1949527823732962
2240,37333924,r,10,-1.3919988324831616,0.29414598553523286,0.6798391299389726,4.084801862131346,-1.3919988324831616
2241,37368590,i,7,-1.1353550342553422,0.09595249956565222,0.1743920080538195,5.64712193356893,-1.1353550342553422
2242,37368590,r,4,-0.9240129786080746,0.061919799501521544,0.12448587367318309,5.448649918217766,-0.9240129786080746
2243,37385612,i,5,-2.2705382620915016,0.012592513695044438,0.013250061999462659,14.616526549443545,-2.2705382620915016
2244,37385612,r,5,-2.033094346923379,0.07288198153850312,0.14677908742729961,12.06423453748752,-2.033094346923379
2245,37412550,i,8,-3.3231339013678785,0.14828539036784605,0.28835116377159764,54.396661471583386,-3.3231339013678785
2246,37412550,r,6,-2.8764166241294085,0.12780369294758098,0.2516564225423221,32.214880785260284,-2.8764166241294085
2247,37470929,g,4,-0.08229061257958348,0.023560232765580613,0.035601792634272766,0.011981716410876059,-0.08229061257958348
2248,37470929,i,9,0.6241064551493691,0.14986071795540878,0.7233783997019557,0.5883283466143119,0.6241064551493691
2249,37470929,r,10,-0.017276308595403633,0.3204306272335823,0.7117928526504012,0.766477374452558,-0.017276308595403633
2250,37473112,g,3,-0.9528915381239036,0.008085835046388157,0.10290864636312669,2.6065015270389087,-0.9528915381239036
2251,37473112,i,5,-1.076825013414214,0.09063587098807813,0.1619509234814409,3.158500240776248,-1.076825013414214
2252,37473112,r,6,-1.238933375143676,0.11044277995454543,0.1663167556505798,5.0539994113774265,-1.238933375143676
2253,37498969,i,5,-1.250534239950217,0.4347095454414559,1.0717202711806166,3.695688710182212,-1.250534239950217
2254,37498969,r,6,-1.4315700858922282,0.11065912289257274,0.31981909404413944,5.37787029254424,-1.4315700858922282
2255,37553160,g,2,-1.013993788096725,0.010697374816501015,0.010697374816501126,3.400770629072598,-1.013993788096725
2256,37553160,i,8,-1.6613893946189466,0.05425263723132534,0.10120013614774681,10.7905552443411,-1.6613893946189466
2257,37553160,r,11,-1.7308014333851371,0.05826765933893596,0.12582328346624827,9.005227934902592,-1.7308014333851371
2258,375924,i,11,-1.1429201551069834,0.06160704377745585,0.2635631101404249,4.052462502810761,-1.1429201551069834
2259,375924,r,4,-1.1166593989897216,0.07906098917325255,0.1178709950003447,3.7489155340915676,-1.1166593989897216
2260,37599684,g,3,-1.0482785546755427,0.12420692298482772,0.2471999827165099,2.6144399258213364,-1.0482785546755427
2261,37599684,i,10,-2.0979305948643816,0.025672547270332746,0.041753582499980624,13.3017471405664,-2.0979305948643816
2262,37599684,r,10,-1.96498881822671,0.08826308528088234,0.15796999661283873,9.597124112531487,-1.96498881822671
2263,37607480,i,10,-2.0136226629252216,0.23860475405826986,0.4640053688710166,11.905551360854224,-2.0136226629252216
2264,37607480,r,4,-2.2197178993663984,0.14222023553600294,0.25108236188184696,11.891065336748682,-2.2197178993663984
2265,37622135,g,3,-0.6698339871869359,0.1043986729074351,0.17720517969403604,1.6618740481667247,-0.6698339871869359
2266,37622135,i,5,-1.1046067500349726,0.1739498192415434,0.35059013910278447,5.816589741899316,-1.1046067500349726
2267,37622135,r,6,-1.1696654649405716,0.02332368156197162,0.04344003251149897,5.960905868110761,-1.1696654649405716
2268,37626040,g,3,-0.3263856683328652,0.06353086825136245,0.06472903964643728,0.21801522723475608,-0.3263856683328652
2269,37626040,i,4,-0.466012374772439,0.04801305994201882,0.1198896326040616,0.5254824395201082,-0.466012374772439
2270,37626040,r,6,-0.5678375936502968,0.06109226194768813,0.13963566192531973,0.7979582799685122,-0.5678375936502968
2271,37733662,g,7,-1.3154274972626512,0.2961770211837935,0.44391618989010384,3.7374384472812214,-1.3154274972626512
2272,37733662,i,10,-1.1546136742822808,0.37806960179979343,0.6549610827159744,2.72297987761483,-1.1546136742822808
2273,37733662,r,12,-1.4696616166626124,0.3483605860107436,0.633001325917175,4.403886199864256,-1.4696616166626124
2274,37733662,u,5,-1.1323823890502753,0.2219516282300873,0.4167666144203399,1.8952621711942865,-1.1323823890502753
2275,37767685,g,3,-1.3928107608597569,0.07328673221148496,0.5584301183522309,5.614756595871906,-1.3928107608597569
2276,37767685,i,19,-3.2052281692970093,0.11517072345544177,0.18529866536365258,30.6352324313932,-3.2052281692970093
2277,37767685,r,15,-2.8629148242147653,0.10329252468006533,0.20730621462788168,20.355271618648043,-2.8629148242147653
2278,37791364,g,2,-1.926899757593685,0.055208260116955676,0.055208260116955454,8.477310564916937,-1.926899757593685
2279,37791364,i,10,-2.1809903613100845,0.44815269657195145,0.6046328195766373,14.935561103952313,-2.1809903613100845
2280,37791364,r,10,-2.176543196186773,0.19760732301284423,0.31416389655892285,12.000668218056967,-2.176543196186773
2281,37798212,i,9,-1.5529776884513853,0.19696400988756113,0.5326014364096547,12.821840054362838,-1.5529776884513853
2282,37798212,r,4,-1.545052790621899,0.25911354428097844,0.44536722380378957,8.40480167153699,-1.545052790621899
2283,37801360,g,3,-0.7200356998426484,0.0941201761749989,0.13062610593809643,1.7402128409599884,-0.7200356998426484
2284,37801360,i,6,-1.0852713833712353,0.2208390755891193,0.3503568962541176,3.666352718600638,-1.0852713833712353
2285,37801360,r,10,-1.181185213283008,0.10979744463984342,0.3261617992417114,4.940825789817575,-1.181185213283008
2286,37802580,i,11,-2.919172430766907,0.09084275295361754,0.17456599524497118,23.68094021667101,-2.919172430766907
2287,37802580,r,12,-2.716130733236271,0.04759258968857538,0.0817324377467612,19.71906042988784,-2.716130733236271
2288,37879023,i,4,-1.1763726468919278,0.3679454614604651,0.6304127166571604,4.38234111110988,-1.1763726468919278
2289,37879023,r,7,-1.2289759877271798,0.34494021464954283,0.5565472204226151,5.877807122190631,-1.2289759877271798
2290,37950655,g,2,-1.3298319531185845,0.23834357256368188,0.238343572563682,5.640706766086683,-1.3298319531185845
2291,37950655,i,6,-1.8727143805802697,0.10180732801863268,0.2502112114815993,13.65340629551231,-1.8727143805802697
2292,37950655,r,7,-1.57253695611191,0.08168690174232962,0.14573097490121878,8.813661795608342,-1.57253695611191
2293,37964438,g,2,-1.5485906948372963,0.08612952057125156,0.08612952057125156,7.787014203601497,-1.5485906948372963
2294,37964438,i,10,-2.177714221341563,0.42214846557103236,0.9373288100793806,12.84940305651494,-2.177714221341563
2295,37964438,r,9,-1.8513891941332026,0.1099581149240152,0.20730160027137345,11.95703148678357,-1.8513891941332026
2296,37983047,g,2,-0.5905533106512102,0.038392417987671346,0.038392417987671346,1.2680905497862773,-0.5905533106512102
2297,37983047,i,4,-0.7642619248141281,0.061052535118757634,0.1840002604557316,1.3032217608009244,-0.7642619248141281
2298,37983047,r,5,-0.6736039960217666,0.022964274162200704,0.040414145221663755,1.6372610173298547,-0.6736039960217666
2299,38098054,i,13,-3.097688142432583,0.12048851259576754,0.43078602279145484,17.808456540999973,-3.097688142432583
2300,38098054,r,6,-2.110497681741987,0.08111100694212148,0.14513072360112744,10.040528677947469,-2.110497681741987
2301,38184731,i,7,-0.7448214488873269,0.09359416776933638,0.16438280701385122,2.424131172298412,-0.7448214488873269
2302,38184731,r,6,-0.7833343742464693,0.0283101861412266,0.10457369358161583,2.743964446506926,-0.7833343742464693
2303,38233300,g,4,-1.0104190509105953,0.09110663134029823,0.195518350086044,1.7588993968798516,-1.0104190509105953
2304,38233300,i,6,-1.5399636924657174,0.1497540620101694,0.3020100140635833,6.08638710824346,-1.5399636924657174
2305,38233300,r,6,-1.5710967522951838,0.09665348921265149,0.17433170837802003,7.949912960679133,-1.5710967522951838
2306,38236799,g,3,-0.641201173965815,0.06781940122605223,0.23494441294363533,1.7274963599584658,-0.641201173965815
2307,38236799,i,5,-1.1543247486275365,0.19311834545622353,0.3829744253836308,1.4995650290249718,-1.1543247486275365
2308,38236799,r,5,-0.775364804642311,0.005812116840538284,0.18821128188834035,1.683640118375753,-0.775364804642311
2309,38258874,g,2,-1.4536929530759446,0.01974587592856114,0.01974587592856114,5.0593549425471505,-1.4536929530759446
2310,38258874,i,9,-2.020625752677544,0.3373835581889377,0.8775517110616775,7.320735705729182,-2.020625752677544
2311,38258874,r,5,-1.522223058852577,0.05411103855830457,0.4538260977425834,6.771860393088206,-1.522223058852577
2312,3827015,i,7,-2.153650059485802,0.20111783897112168,0.4174709667025547,14.817387801769058,-2.153650059485802
2313,3827015,r,4,-2.0627998522616338,0.026794177340863756,0.06347716871763609,16.533715968027895,-2.0627998522616338
2314,38304359,i,10,-1.050262257426432,0.30866710336593367,0.48131072388283724,4.066934764161741,-1.050262257426432
2315,38304359,r,8,-0.833570351746171,0.04889877418391614,0.23571657013217806,4.450297495678966,-0.833570351746171
2316,3836589,i,8,-1.6248694104893695,0.8199702414365942,1.1543639358111342,6.816642018805663,-1.6248694104893695
2317,3836589,r,5,-1.8017083647706598,0.4241506720914521,0.7218324982123643,5.592202467346255,-1.8017083647706598
2318,3836794,g,3,-1.9947715916480488,0.1623429317751719,0.6368960296813264,4.768122369694848,-1.9947715916480488
2319,3836794,i,6,-0.8398502740669813,0.4263648624202401,1.4504380980731766,3.5893843366671434,-0.8398502740669813
2320,3836794,r,7,-1.5081714396688586,0.5274147320047685,0.9684281945905948,6.500097698555563,-1.5081714396688586
2321,38398942,i,8,-0.8006455374477492,0.15070597674496472,0.2770042077972805,2.3773179968538822,-0.8006455374477492
2322,38398942,r,5,-1.0344774673377262,0.10613202388196763,0.2060007130816266,2.9143104797715984,-1.0344774673377262
2323,38408513,i,4,-0.2815218871593887,0.13999680020674438,0.3678151967240661,2.4138037935071175,-0.2815218871593887
2324,38408513,r,6,-1.0705784977519297,0.23874460997924024,0.4449963186732664,6.513328518591142,-1.0705784977519297
2325,38447007,g,3,-1.408570815200402,0.011242138084613718,0.037607051268123026,4.026478932700191,-1.408570815200402
2326,38447007,i,3,-1.878749306718673,0.1145873733091729,0.7611860558504961,4.596510681342136,-1.878749306718673
2327,38447007,r,4,-1.5814103273495725,0.3002906050889257,0.4281118049275352,6.026214395046894,-1.5814103273495725
2328,3846596,i,10,-2.2538382420863066,0.2580732604783489,0.5139650754276652,11.88870046070586,-2.2538382420863066
2329,3846596,r,10,-1.9657556934705647,0.23186081105397338,0.40541229691728886,8.862567979251018,-1.9657556934705647
2330,3851060,g,2,-0.9903367984232716,0.1642489467361013,0.16424894673610135,2.4932177228429167,-0.9903367984232716
2331,3851060,i,6,-1.7390188405823273,0.1458199968617978,0.3216534321188689,8.658160537244926,-1.7390188405823273
2332,3851060,r,5,-1.8354565663094664,0.015389558255489044,0.45346671981805886,9.537921657988973,-1.8354565663094664
2333,3851060,u,2,0.41127517303174055,0.08512107319740081,0.08512107319740081,0.4233584379863861,0.41127517303174055
2334,38558364,i,10,-1.5380887914973833,0.18433720128669295,0.26663518587962165,11.590775362975455,-1.5380887914973833
2335,38558364,r,5,-1.5784928256804365,0.09230663453366295,0.1705342826030687,11.34491324094958,-1.5784928256804365
2336,38590139,g,2,-1.2129797171996384,0.019448508378421492,0.01944850837842127,3.794894301014038,-1.2129797171996384
2337,38590139,i,18,-2.541124480568226,0.0924267101865981,0.30496958949412933,21.5870753064866,-2.541124480568226
2338,38590139,r,12,-2.4434655876429545,0.16617083954547707,0.3497850954067112,18.062398007026626,-2.4434655876429545
2339,38604357,i,5,-2.2779422349935396,0.016341780749388857,0.0306981540909117,35.417890740069126,-2.2779422349935396
2340,38604357,r,6,-1.9073518737317414,0.08918135859836984,0.1349757813713015,21.480210155702867,-1.9073518737317414
2341,38645281,g,2,-1.0996211753351128,0.012235976025427808,0.012235976025427586,3.314820650209664,-1.0996211753351128
2342,38645281,i,8,-1.5100691969272935,0.48914563742836914,0.9096072192812288,7.248173631300613,-1.5100691969272935
2343,38645281,r,6,-1.2594457744308796,0.2872424917047275,1.2042515888166947,4.387504450331112,-1.2594457744308796
2344,38651965,g,2,-1.0953835380559527,0.023261056886771492,0.023261056886771492,2.7947873829082317,-1.0953835380559527
2345,38651965,i,12,-2.249489499554708,0.15797851634131854,0.2689675055529017,15.26328786851704,-2.249489499554708
2346,38651965,r,11,-2.2124614338003576,0.07741596231268044,0.13838788237623145,11.664597180038987,-2.2124614338003576
2347,38679731,g,2,-0.7861911078615607,0.02359853000850448,0.023598530008504537,2.5373977047232343,-0.7861911078615607
2348,38679731,i,5,-0.48588421636423706,0.23298743841993252,0.37496631305969075,0.8499354952918374,-0.48588421636423706
2349,38679731,r,5,-0.5918979524162192,0.18849580652254683,0.3585038125866896,3.2363468671813513,-0.5918979524162192
2350,38686627,g,2,-1.140936930585077,0.0380259475443161,0.0380259475443161,4.364053388518505,-1.140936930585077
2351,38686627,i,9,-2.4746771030616106,0.08145378397260039,0.11440986161375521,15.650175963760141,-2.4746771030616106
2352,38686627,r,8,-2.2752004301229083,0.09620572863654964,0.20213290550066754,18.84698025696724,-2.2752004301229083
2353,38750122,g,2,-0.8789051028822464,0.037778060970996896,0.037778060970996785,2.2039864513489715,-0.8789051028822464
2354,38750122,i,9,-1.7415767951141585,0.0524297420850357,0.102877092253572,14.442876796987516,-1.7415767951141585
2355,38750122,r,9,-1.8773551560131951,0.024148198667788723,0.07402084316835289,13.311930370183813,-1.8773551560131951
2356,38768651,i,5,-1.581632339233642,0.4200786091145692,0.7983259883726033,7.373547222250269,-1.581632339233642
2357,38768651,r,7,-1.7356056172973098,0.1456029186726442,0.5181780991833458,6.2276961619749915,-1.7356056172973098
2358,38790441,g,5,-1.1837939660804935,0.05735679968350227,0.15957635779594703,3.86916246964478,-1.1837939660804935
2359,38790441,i,8,-2.051445770134359,0.10446549587108789,0.2309454197607952,19.319483264056338,-2.051445770134359
2360,38790441,r,6,-1.8776300223704014,0.04144338922561652,0.06635246883788493,14.234555715578379,-1.8776300223704014
2361,38804807,g,3,-1.2586934482796759,0.06527428964360649,0.10050888847827699,5.045036148847676,-1.2586934482796759
2362,38804807,i,3,-2.052398590992495,0.049548409749954114,0.062032126995545944,14.61584904206864,-2.052398590992495
2363,38804807,r,5,-2.113552386291377,0.03952310598536668,0.06934968612305203,16.285619642757645,-2.113552386291377
2364,38867731,g,2,-1.549687036904515,0.5691074271054339,0.5691074271054342,5.618882085422939,-1.549687036904515
2365,38867731,i,12,-1.741065642555824,0.31139716607219414,0.7381641523113212,13.282947379872946,-1.741065642555824
2366,38867731,r,15,-1.5693170947320256,0.1435854161913741,0.5013490138353518,11.376625041462944,-1.5693170947320256
2367,38883170,g,3,-1.48980266102423,0.07371031620055124,0.23529515845742743,3.169850747358565,-1.48980266102423
2368,38883170,i,3,-1.542080602241299,0.40847024997865145,0.6103118814583404,3.882337682273562,-1.542080602241299
2369,38883170,r,5,-1.3919893344081367,0.21083520703411152,0.28491323641339283,3.876821304299144,-1.3919893344081367
2370,38885725,i,7,-2.9156974199272767,0.08007582163975213,0.7870844137025124,10.986508477135406,-2.9156974199272767
2371,38885725,r,4,-2.4598654198052965,0.22510895990924862,0.4274668204400114,15.277082628968635,-2.4598654198052965
2372,38922307,g,4,-0.5588641334272947,0.16441324318239325,0.34713718129887206,1.1486190206994062,-0.5588641334272947
2373,38922307,i,6,-1.312609259444566,0.06252892568404611,0.09785896050208587,4.440347951015159,-1.312609259444566
2374,38922307,r,4,-1.1240834776313973,0.11106273263457178,0.23669890778239067,5.689784301655995,-1.1240834776313973
2375,38923485,g,4,-0.5876593722954943,0.09668299149394322,0.5561448559534079,1.18270100770219,-0.5876593722954943
2376,38923485,i,11,-0.419342868284843,0.07649214261661469,0.34316435010991697,0.5245014288982589,-0.419342868284843
2377,38923485,r,8,-0.6341104627422129,0.06925496183626695,0.20241850055125388,1.1654541784335173,-0.6341104627422129
2378,38960380,i,12,-0.6924977677703217,0.20333314234897784,0.5187983993877323,2.085780620591884,-0.6924977677703217
2379,38960380,r,9,-1.065204170102913,0.1752122563056513,0.31078882413917563,3.2514032796665893,-1.065204170102913
2380,38966982,i,6,-1.2983195951333615,0.0770712850009947,0.12796407109045593,6.360797959844106,-1.2983195951333615
2381,38966982,r,6,-1.2650429555098477,0.027596657638341182,0.1136872039653869,5.603217618416149,-1.2650429555098477
2382,38969848,i,8,-2.873993527462572,0.16119496013173285,0.2808471174885243,38.10829743343613,-2.873993527462572
2383,38969848,r,8,-2.797343049240159,0.1046883620944219,0.24212652358218367,27.243579486404048,-2.797343049240159
2384,39000696,g,2,-0.5691628313949844,0.22559305385152495,0.22559305385152495,0.5017602166552392,-0.5691628313949844
2385,39000696,i,6,-0.35049785577485326,0.2929918159174756,0.6689868638900507,0.4587388593614093,-0.35049785577485326
2386,39000696,r,5,-0.5438957561492457,0.38298928899724216,0.9354779673631639,0.6160608908603444,-0.5438957561492457
2387,3900153,g,2,-1.1086562024405282,0.20282301420442417,0.20282301420442406,3.5617252848432184,-1.1086562024405282
2388,3900153,i,4,-1.7594003452683933,0.04861224023304045,0.14135717893490574,17.949520622056912,-1.7594003452683933
2389,3900153,r,7,-1.7646737679689806,0.030104336568276047,0.08558997814487901,13.711658123943495,-1.7646737679689806
2390,39025137,g,4,-0.7183659877244759,0.07618244891243908,0.18671039249246024,2.365131218155862,-0.7183659877244759
2391,39025137,i,10,-0.8072285974471887,0.09812149513636792,0.20545680175908465,2.6593063417217517,-0.8072285974471887
2392,39025137,r,8,-0.9474822757243803,0.13133068365644485,0.2697473620946126,3.703832674586833,-0.9474822757243803
2393,39032170,i,6,-1.9846424962691325,0.1028966912375977,0.1703638882194003,28.154993341435897,-1.9846424962691325
2394,39032170,r,7,-2.062843527021638,0.06271415636171129,0.1131239340637209,19.66763578130652,-2.062843527021638
2395,39141012,g,4,-0.8334293444910214,0.012726317131574572,0.08905372821938273,1.5691284010052209,-0.8334293444910214
2396,39141012,i,5,-1.3308676622869906,0.06366625624128397,0.10214137689121716,3.1101171965701075,-1.3308676622869906
2397,39141012,r,9,-1.3832702044732899,0.0972268183395344,0.2841263993379699,4.288763525372939,-1.3832702044732899
2398,39165689,i,9,-1.2415638751743632,0.5978249978997998,1.3040736339896644,4.3366162130915,-1.2415638751743632
2399,39165689,r,7,-2.070800908711846,0.26875892260775736,0.5791004369320611,6.665431201770251,-2.070800908711846
2400,39199350,g,5,-0.95289193925296,0.06541166337221782,0.11301869509305928,3.2251490391401334,-0.95289193925296
2401,39199350,i,7,-1.815829192926956,0.11797856701630605,0.3515660874527349,17.33069210847917,-1.815829192926956
2402,39199350,r,9,-1.7148585111606702,0.16345295155569062,0.37012268015798644,13.048761174449915,-1.7148585111606702
2403,39241447,g,5,-0.8446901174190105,0.05266880208271041,0.07175587065168687,2.5864953139760734,-0.8446901174190105
2404,39241447,i,6,-1.1866143234255548,0.31420348518579455,0.5513676792016415,3.4665674545147325,-1.1866143234255548
2405,39241447,r,6,-1.2079788333004213,0.22606933239171717,0.42974174534712484,5.605431332028416,-1.2079788333004213
2406,39242897,g,2,-1.1600744331100763,0.019916991037849607,0.01991699103784983,4.294783358355562,-1.1600744331100763
2407,39242897,i,9,-2.2395420385383336,0.0393630035665975,0.083137924833808,31.171070849750134,-2.2395420385383336
2408,39242897,r,10,-2.100933049717641,0.09990391464034065,0.6017807895436103,12.128297213686322,-2.100933049717641
2409,39245091,i,11,-1.897465509218569,0.06588199138704365,0.1644144324159147,13.052385150771862,-1.897465509218569
2410,39245091,r,5,-1.7203651590999807,0.027891800135398492,0.0348459423296974,8.654807906353458,-1.7203651590999807
2411,39247533,g,2,-0.8748798133730338,0.1433591301514192,0.1433591301514192,2.523160881647106,-0.8748798133730338
2412,39247533,i,7,-1.7093180776214647,0.12761944086027843,0.19525650239182646,11.573346679469713,-1.7093180776214647
2413,39247533,r,7,-1.7556674676072304,0.05375767058983594,0.11419986639140434,12.586260683019063,-1.7556674676072304
2414,39251523,g,3,-1.8474546016080287,0.31574891736362387,0.40640303178772674,6.966278465345712,-1.8474546016080287
2415,39251523,i,8,-2.376993546332841,0.3062003409431511,0.5828532981536632,13.862909973003852,-2.376993546332841
2416,39251523,r,7,-1.8224407661394284,0.2959396247256596,0.43267390448623444,10.292788330685964,-1.8224407661394284
2417,39276537,g,2,-1.233074580028605,0.018004472215598977,0.018004472215598977,4.519321990601716,-1.233074580028605
2418,39276537,i,8,-2.2006013054495677,0.1668224673589489,0.28083900222348257,21.839441499868826,-2.2006013054495677
2419,39276537,r,6,-1.9610180924782283,0.08323128239664879,0.16887515896798666,17.77605796206093,-1.9610180924782283
2420,39295615,g,2,-1.5675088201893126,0.03677470483179046,0.03677470483179035,7.176105464317733,-1.5675088201893126
2421,39295615,i,7,-3.204111188627558,0.05962853028925075,0.11309482025725037,37.94599350001102,-3.204111188627558
2422,39295615,r,9,-2.860930306367841,0.09118406256179679,0.1661805771376077,21.462483921295213,-2.860930306367841
2423,39334968,i,7,-1.7325569290484522,0.2935102085665815,0.9140646383514399,12.740123636001602,-1.7325569290484522
2424,39334968,r,5,-1.8918651282726409,0.23500321471440255,0.3847678689980001,12.738035202432034,-1.8918651282726409
2425,39354496,i,7,-1.4254271420584423,0.06571117236448942,0.27075220291184876,5.549872583461192,-1.4254271420584423
2426,39354496,r,4,-1.2886011555972647,0.07395703506094509,0.13545675757861741,4.747574592787474,-1.2886011555972647
2427,39362722,g,5,-1.2910616929539969,0.17958429503300932,0.22394575167626884,2.6869189875810546,-1.2910616929539969
2428,39362722,i,9,-1.5372942963190783,0.21123335301478052,0.7677580096120482,8.245689024682969,-1.5372942963190783
2429,39362722,r,7,-1.3967392876353664,0.2435414148974897,0.5482958133701483,5.054349933114744,-1.3967392876353664
2430,39370292,i,12,-1.5161087570322014,0.2198866631565911,0.5344078971489186,5.652373860682649,-1.5161087570322014
2431,39370292,r,10,-1.356480910442651,0.029775766714168483,0.18996416701948493,5.424820143322404,-1.356480910442651
2432,3942448,i,3,-1.451330955025959,0.07224302234210289,0.2889877737697626,8.342837847975943,-1.451330955025959
2433,3942448,r,7,-1.6113465266644105,0.17258664927473166,0.33565902561179284,7.561072355692274,-1.6113465266644105
2434,39501989,g,4,-0.7400076995242384,0.17796776909320722,0.32375936553974527,2.120220822880707,-0.7400076995242384
2435,39501989,i,8,-1.146515821919857,0.22760193432350373,0.6115428760749693,9.89563868690922,-1.146515821919857
2436,39501989,r,7,-1.7041440539388897,0.06843015521419304,0.6756725262228327,10.881311498978619,-1.7041440539388897
2437,39519123,g,3,-1.5693540476714696,0.1381716006399083,0.41275041270167034,2.9878703098383377,-1.5693540476714696
2438,39519123,i,7,-1.469837136323842,0.3490225703749825,0.6637052281670417,4.009655895205187,-1.469837136323842
2439,39519123,r,7,-1.8862415467981273,0.4350098917253904,1.157553850972695,5.566276918840353,-1.8862415467981273
2440,39530489,i,10,-2.277857931805615,0.052848070361108945,0.10592917841667537,15.957013600376005,-2.277857931805615
2441,39530489,r,7,-1.9689738460001545,0.08399630669943248,0.22044884099255913,9.709380674681785,-1.9689738460001545
2442,39554756,g,2,-0.2837437554187361,0.07451096949943259,0.07451096949943259,0.26439942032414454,-0.2837437554187361
2443,39554756,i,7,-0.16511587479878997,0.24568186177241236,0.37651589161905763,0.6200678479377835,-0.16511587479878997
2444,39554756,r,8,-0.68920096613699,0.12332310595125495,0.25118100545195565,2.417805932801033,-0.68920096613699
2445,39564757,g,3,-1.3692675734759792,0.15944138481937165,0.21646066808108566,6.4417456903364005,-1.3692675734759792
2446,39564757,i,12,-2.2341175014462467,0.16845021648808234,0.2744442522776458,16.659194177242643,-2.2341175014462467
2447,39564757,r,14,-1.958638773929592,0.052515814270961414,0.09081173772925899,15.728468361627112,-1.958638773929592
2448,39595346,g,2,-0.6703326336829782,0.0016358408741750097,0.0016358408741750097,0.6767795102990699,-0.6703326336829782
2449,39595346,i,5,-1.2988589721819306,0.10427611832045303,0.2665220674539497,3.337068518054462,-1.2988589721819306
2450,39595346,r,5,-1.3195002407489511,0.02773378341026822,0.0716637197041492,3.166938742695895,-1.3195002407489511
2451,39664484,g,6,-0.5896678520157732,0.017616338754893268,0.03154514241144524,1.0735819285467783,-0.5896678520157732
2452,39664484,i,8,-0.9412240240430056,0.11913686897986109,0.3089542464677817,2.205353863920697,-0.9412240240430056
2453,39664484,r,8,-0.7346129528384828,0.1245879243324367,0.2145918706530059,2.34753692743251,-0.7346129528384828
2454,39668371,i,9,-1.1118196699162497,0.23652190059460354,0.4977101752930778,2.9824416162801186,-1.1118196699162497
2455,39668371,r,6,-1.072590802341696,0.14755586409913696,0.23006715939098965,5.056860418603946,-1.072590802341696
2456,39677049,g,2,-0.5361748428752744,0.21899428817518407,0.21899428817518407,0.9221120153707077,-0.5361748428752744
2457,39677049,i,7,-0.913568950638908,0.22578560352010357,0.493195809713592,5.157480358941536,-0.913568950638908
2458,39677049,r,5,-1.2289096619382507,0.1931476571960664,0.377861336565829,4.284965109891397,-1.2289096619382507
2459,3973833,g,3,-0.8921029717198643,0.1158793317507707,0.23486556649572254,1.0858631467178637,-0.8921029717198643
2460,3973833,i,3,-0.9801676348481472,0.015275278303987339,0.0632136694974117,5.042919387153972,-0.9801676348481472
2461,3973833,r,6,-1.3112886904249712,0.06977934446043565,0.12058453881494335,4.1364941415405445,-1.3112886904249712
2462,39753609,g,2,-1.1561489248935917,0.4197599228333376,0.4197599228333375,3.596093310372794,-1.1561489248935917
2463,39753609,i,5,-1.336759974734728,0.17973636687896044,0.20193750665974064,6.646430794798446,-1.336759974734728
2464,39753609,r,6,-1.480528605382174,0.1401340516921744,0.22355929894780657,6.450057798648433,-1.480528605382174
2465,39755247,g,4,-1.4289022703379042,0.05833869692999949,0.24011515294980335,3.636880253922688,-1.4289022703379042
2466,39755247,i,6,-1.2702563357387402,0.28194788098181167,0.48875314231984024,3.357701228462613,-1.2702563357387402
2467,39755247,r,7,-1.5068957609465532,0.3060355239606358,0.8177838443345464,5.494217074880301,-1.5068957609465532
2468,39767077,g,6,-0.7725102408731344,0.10343817630090324,0.686348624723196,1.1575951894693786,-0.7725102408731344
2469,39767077,i,7,-1.2561484586440002,0.10919784278493516,0.27525086527903375,3.456551826443927,-1.2561484586440002
2470,39767077,r,8,-1.2657205219631016,0.06392355237997394,0.11345444116950887,4.545745685243841,-1.2657205219631016
2471,3978946,g,6,-1.8154794334328708,0.04406479570102917,0.07391147335670611,5.8762267120905065,-1.8154794334328708
2472,3978946,i,13,-1.7128241219490732,0.310806347656982,0.616790348750742,10.34369150431212,-1.7128241219490732
2473,3978946,r,12,-2.0525793333310345,0.16319785884272353,0.7423019330931397,10.242859752053832,-2.0525793333310345
2474,39791561,i,8,-2.5488011020802355,0.1858592027716588,0.36799891081953273,24.22853630269696,-2.5488011020802355
2475,39791561,r,4,-2.2673741407335477,0.024545516714201687,0.07414482326319494,28.072810242616338,-2.2673741407335477
2476,39897933,i,6,-0.4464361563846606,0.19704408168748472,0.40132911099814794,0.8289853042739693,-0.4464361563846606
2477,39897933,r,7,-0.976426562346131,0.3128457351874623,0.37535806689666984,3.3339371388419514,-0.976426562346131
2478,39939789,g,2,-1.0245408028171994,0.1308416155837968,0.1308416155837967,3.9216883277794885,-1.0245408028171994
2479,39939789,i,6,-1.3818094922406625,0.1437481524046963,0.21761607104047687,10.94037325942863,-1.3818094922406625
2480,39939789,r,7,-1.547464906090557,0.06859872904474096,0.17286526408343916,13.598880499247405,-1.547464906090557
2481,40025663,g,7,-0.2890206046416396,0.0830438958175399,0.14461442142983388,0.49506943894145156,-0.2890206046416396
2482,40025663,i,3,-0.565560560579484,0.14744040327223928,0.16425065759335872,1.1683746661628207,-0.565560560579484
2483,40025663,r,4,-0.08905649207556628,0.03024578094482422,0.06157984999120677,0.0615228872817279,-0.08905649207556628
2484,40079124,g,4,-1.4448329911942903,0.12277332659557971,0.3374595322677354,6.41761436773368,-1.4448329911942903
2485,40079124,i,8,-2.9571556222488735,0.07676932587475749,0.18824037185466347,44.56152412873385,-2.9571556222488735
2486,40079124,r,8,-2.799597691891237,0.06284139805894218,0.11007210356761155,25.234129298612793,-2.799597691891237
2487,40295224,g,4,-1.0053241247001803,0.019422125075788554,0.025029054685672958,3.5939492616604554,-1.0053241247001803
2488,40295224,i,5,-1.6832231984954202,0.29307431837680054,0.5266810850701913,10.632959511219667,-1.6832231984954202
2489,40295224,r,8,-1.4304107154480845,0.01705794677062633,0.06060454628168932,7.720344639015357,-1.4304107154480845
2490,40304596,g,2,-0.9247726614844582,0.07382416520460383,0.07382416520460378,2.8565722876148896,-0.9247726614844582
2491,40304596,i,5,-1.3078634755476668,0.013947816075658093,0.4057804250949294,5.196532284533288,-1.3078634755476668
2492,40304596,r,5,-1.1580510420725454,0.1372541421514082,0.3511180827920941,7.896941313574918,-1.1580510420725454
2493,40343382,g,3,-0.7580848706416499,0.18685635840318127,0.42585135338479996,1.5187238288780893,-0.7580848706416499
2494,40343382,i,8,-0.9675284175297945,0.043868330654665055,0.1281414840241346,5.323166847108833,-0.9675284175297945
2495,40343382,r,10,-1.2569409430823344,0.052307882149265406,0.08902872733418832,4.978805269712591,-1.2569409430823344
2496,40355872,g,5,-1.0254777367314882,0.036241887114488947,0.09688676078756164,3.0226917808825187,-1.0254777367314882
2497,40355872,i,7,-1.5663633432201622,0.0719457615405783,0.19177243278531853,10.012751578520342,-1.5663633432201622
2498,40355872,r,8,-1.5112134858953028,0.11307165973129574,0.21965005879182442,6.743592781473414,-1.5112134858953028
2499,40377387,g,7,-0.8728201901616803,0.02263325371178948,0.04284740876609894,2.3343181279579057,-0.8728201901616803
2500,40377387,i,13,-1.3307166998839013,0.29973954084106325,0.6974532520706783,3.9079086800087834,-1.3307166998839013
2501,40377387,r,15,-1.4093140000068476,0.19187908484806782,0.3875544318091704,5.541178369754201,-1.4093140000068476
2502,40427456,g,3,-1.0277545395835799,0.07875218202823997,0.17084732585675055,4.001072836995333,-1.0277545395835799
2503,40427456,i,4,-1.9105591712927903,0.17920167564326217,0.36191977898916705,12.238781935098546,-1.9105591712927903
2504,40427456,r,5,-1.7427705124915134,0.04746851766118265,0.06906077412887246,16.79740799558514,-1.7427705124915134
2505,40487499,i,12,-2.14664884022044,0.15007445939820863,0.4910581611323046,12.041396275658068,-2.14664884022044
2506,40487499,r,11,-2.1315109804909027,0.2974033454891458,0.434973794478025,11.831204606634882,-2.1315109804909027
2507,40495817,i,6,-0.27781860369326966,0.14917532726887298,0.25152308899481945,0.5753449050561826,-0.27781860369326966
2508,40495817,r,7,-0.5342002631386971,0.15020236943816456,0.22612249598574474,1.6107162237337043,-0.5342002631386971
2509,40511947,g,3,-0.9596366015447872,0.028747336790153843,0.16120580664477424,2.2757331992055687,-0.9596366015447872
2510,40511947,i,17,-2.601092008211914,0.09168322695099018,0.17553822519665463,26.194246598847865,-2.601092008211914
2511,40511947,r,18,-2.5088510506896498,0.16716186207662376,0.3044123857553003,18.767705499585887,-2.5088510506896498
2512,40539372,g,2,-0.528817988183379,0.06493916334793082,0.06493916334793082,0.8055925587128555,-0.528817988183379
2513,40539372,i,6,-0.5777473923165055,0.02808608245715427,0.055797190622310255,0.8520809869709914,-0.5777473923165055
2514,40539372,r,8,-0.5711216828593264,0.1617021247675885,0.2671301600676063,1.084364593291024,-0.5711216828593264
2515,40541639,i,9,-1.048112696151823,0.24457679948890254,0.5810560236317153,3.0749476598340237,-1.048112696151823
2516,40541639,r,8,-1.078444023914396,0.04473167212839557,0.07540719775921856,3.4645857843874586,-1.078444023914396
2517,40542001,g,2,-0.840244253667891,0.07661726054215201,0.07661726054215201,2.724537220692217,-0.840244253667891
2518,40542001,i,5,-1.047785961353534,0.08508676462906606,0.14176850869993762,4.617609531645841,-1.047785961353534
2519,40542001,r,6,-1.5366637538236647,0.4389742228336503,0.806678187894017,6.616625310516483,-1.5366637538236647
2520,40635449,i,11,-0.6915066878154046,0.0956176714174386,0.18004064047420254,1.3877702555869411,-0.6915066878154046
2521,40635449,r,12,-0.9586861097088341,0.139983627127374,0.26957093818870337,2.948250030995473,-0.9586861097088341
2522,40647627,g,2,-0.8289621306068373,0.02471370238106546,0.024713702381065406,2.9313152955933273,-0.8289621306068373
2523,40647627,i,14,-0.7555261753482071,0.10421441115587937,0.18542104538555548,1.7099444941090627,-0.7555261753482071
2524,40647627,r,7,-0.9553348406421315,0.0321865240567879,0.045368424622797,5.119213575639098,-0.9553348406421315
2525,40656670,i,10,-1.5227966954859045,0.1469974532056414,0.4077629260938842,9.239832545004539,-1.5227966954859045
2526,40656670,r,9,-1.4794325452021848,0.0787956590996346,0.13470693541247392,5.907423895801546,-1.4794325452021848
2527,40664756,i,8,-3.1170091164742297,0.07223037059441362,0.10033970637849032,44.479988030464796,-3.1170091164742297
2528,40664756,r,3,-2.517771476859696,0.06538921801167641,0.19360839848705513,25.003237475801754,-2.517771476859696
2529,40700388,i,7,-1.5505210885413068,0.20366634823893404,0.3395923490589037,10.20906783495765,-1.5505210885413068
2530,40700388,r,4,-1.5192699360048039,0.20669143993741312,0.4202595035108001,7.780848425344661,-1.5192699360048039
2531,40706066,i,4,-1.486146279391618,0.04739641523645033,0.10720516917310308,5.128728527287845,-1.486146279391618
2532,40706066,r,8,-1.4978500117644287,0.0744877867209498,0.15367216892212454,5.666543229303507,-1.4978500117644287
2533,40754084,g,2,-0.9869741178384842,0.019706362970457802,0.01970636297045769,3.570437497818956,-0.9869741178384842
2534,40754084,i,12,-1.7524366337697836,0.09941972423048573,0.2177590848977169,9.228890305673598,-1.7524366337697836
2535,40754084,r,12,-1.3774702394618892,0.09665280489890327,0.19729396565776502,6.707580742564242,-1.3774702394618892
2536,40794795,g,2,-1.0073953661972777,0.101824294568153,0.1018242945681529,3.5617329941666975,-1.0073953661972777
2537,40794795,i,9,-1.465961394656197,0.0801191425832466,0.23218536883479501,6.103903320097318,-1.465961394656197
2538,40794795,r,6,-1.4996552124980562,0.1337436047959355,0.24301709639548097,8.78796814230367,-1.4996552124980562
2539,40818756,i,8,-2.402685515821455,0.060718263528726224,0.07060668479568566,30.889214255323846,-2.402685515821455
2540,40818756,r,4,-2.427925519988975,0.019512285335187673,0.030679765209887133,23.32977994056404,-2.427925519988975
2541,40823388,g,2,-1.021918728315801,0.11077375963066483,0.11077375963066471,2.6117192237552906,-1.021918728315801
2542,40823388,i,8,-2.006997251687279,0.16888592808683767,0.3464134108129979,19.409329011519677,-2.006997251687279
2543,40823388,r,11,-1.9664034687118377,0.11183917417835265,0.1905043638886348,11.065660291296513,-1.9664034687118377
2544,40848774,g,2,-1.948454886542079,0.11992252042338225,0.11992252042338203,7.691434747791914,-1.948454886542079
2545,40848774,i,8,-2.907301909097816,0.16518695912817938,0.34241812617765044,30.00626689752397,-2.907301909097816
2546,40848774,r,11,-2.7279438736077335,0.1246505434409122,0.3357381223009015,21.3587582280332,-2.7279438736077335
2547,40876224,i,5,-2.06795924045169,0.06419625170399046,0.17267599217140095,13.78078871334014,-2.06795924045169
2548,40876224,r,9,-2.1171296174432324,0.1348356064966807,0.2549361234954379,12.099605343165331,-2.1171296174432324
2549,40909637,i,10,-1.4911306838390301,0.08239872270449011,0.14926495909519866,4.4614976566786035,-1.4911306838390301
2550,40909637,r,9,-1.5526367169456223,0.17154874282531107,0.31655010232354797,3.9523183326658904,-1.5526367169456223
2551,40963506,g,3,-0.6139446590981168,0.027613536287018237,0.17328636127421282,0.636792931529057,-0.6139446590981168
2552,40963506,i,4,0.3080119799690064,0.10572824515184231,0.2598510937108569,0.4507764590185478,0.3080119799690064
2553,40963506,r,5,-0.2446185745147108,0.014588091779042967,0.031933935698032156,0.1562454147293741,-0.2446185745147108
2554,41007830,g,6,-0.7091740456173489,0.08650908904955779,0.14687842715840893,1.5261543088325986,-0.7091740456173489
2555,41007830,i,5,-0.36867887375795955,0.03275798902211108,0.03487960123893186,0.4198047650409801,-0.36867887375795955
2556,41007830,r,8,-0.5211241869241818,0.08059270373437549,0.1825448817955822,1.1547102489255883,-0.5211241869241818
2557,41007830,u,2,-0.06398502157995511,0.028792169909550802,0.028792169909550802,0.014680175327797546,-0.06398502157995511
2558,41027842,g,3,-0.9137049310775913,0.02688414310959608,0.20041641319718673,2.1752136619800386,-0.9137049310775913
2559,41027842,i,13,-1.0155326256768102,0.08019928912198704,0.14276370670431182,3.1598263857245197,-1.0155326256768102
2560,41027842,r,8,-1.1574167286241996,0.07078709578029274,0.10398670160698376,5.1099103458266875,-1.1574167286241996
2561,4104436,i,8,-1.7790228177624283,0.3861058043004545,0.6630593479638283,11.558868970064374,-1.7790228177624283
2562,4104436,r,8,-2.0348133940404267,0.2484443928730674,0.5817641318879605,11.08665808418096,-2.0348133940404267
2563,4104822,g,3,-0.9916024752268351,0.0029415833829099514,0.04801512105133687,3.585266496917652,-0.9916024752268351
2564,4104822,i,5,-1.143286152999452,0.1353318781372692,0.2021367652136692,3.8163262937871907,-1.143286152999452
2565,4104822,r,6,-1.3627278653528754,0.053086955860948803,0.08907763449653605,8.419628984731373,-1.3627278653528754
2566,41078015,i,8,-1.313780603902964,0.047853459075013705,0.4499777871389059,11.008840391266638,-1.313780603902964
2567,41078015,r,8,-1.297404820024508,0.04908099494465368,0.12306983756261358,7.329878563916233,-1.297404820024508
2568,4108206,g,4,-1.6885751870481536,0.15008960248015324,0.2891913170735452,7.984223822097487,-1.6885751870481536
2569,4108206,i,10,-2.404414280225593,0.35250153305685905,0.6019327960205931,12.573238204623197,-2.404414280225593
2570,4108206,r,11,-2.3135465614854045,0.220064544032196,0.4281088704674243,9.2698283692777,-2.3135465614854045
2571,41178491,g,3,-1.2662042328939092,0.06092214524106776,0.06520661922756643,4.74287291799206,-1.2662042328939092
2572,41178491,i,11,-2.0631617494022256,0.13961174628232698,0.3750137443878767,22.208810500943997,-2.0631617494022256
2573,41178491,r,6,-2.007629112214774,0.09887518167700415,0.18148218183472586,18.846072545262114,-2.007629112214774
2574,41199585,g,3,-0.7590844442040635,0.01598691351273207,0.19473569183544526,1.6925791250269693,-0.7590844442040635
2575,41199585,i,7,-0.6958265721202528,0.012295878206855293,0.0717768633578374,2.664142923166299,-0.6958265721202528
2576,41199585,r,4,-0.716307126380304,0.24613642390525958,0.566145516341537,3.491148500766786,-0.716307126380304
2577,41199585,u,3,-0.10152798567450905,9.109575890864363e-05,0.025076358873973303,0.020233773166197115,-0.10152798567450905
2578,41207695,g,4,-1.413360498664468,0.3303762409224831,0.6665874578093336,2.4107662592686965,-1.413360498664468
2579,41207695,i,4,-2.0163065903269737,0.13195152204098348,0.4167222188634252,6.355564109515605,-2.0163065903269737
2580,41207695,r,4,-1.2329517718421732,0.18372651168323278,0.4153468089321626,5.984879413092661,-1.2329517718421732
2581,41232877,g,3,-1.1861400962637363,0.014579047212101015,0.018358295330423102,4.458420059113295,-1.1861400962637363
2582,41232877,i,10,-1.5717451169108907,0.11700569688235873,0.20919269458355383,12.800712070858571,-1.5717451169108907
2583,41232877,r,11,-1.70743856006326,0.07227483389157818,0.11217517896950113,12.469427643584096,-1.70743856006326
2584,41251417,i,7,-2.2481990081867256,0.10081922044571368,0.2992142334961114,13.141347117229357,-2.2481990081867256
2585,41251417,r,8,-2.228858881157268,0.07360027689910109,0.21590798225456886,10.790179329742408,-2.228858881157268
2586,41295905,i,8,-2.639881384319091,0.1496222153335547,0.34721329829368086,14.685672000927681,-2.639881384319091
2587,41295905,r,7,-2.442894714160918,0.09859620350341913,0.20991998373863474,9.923903193434228,-2.442894714160918
2588,41334118,i,7,-0.8705947316516189,0.20114253684425787,0.2498785642177117,3.812903543233276,-0.8705947316516189
2589,41334118,r,7,-1.1767635797025755,0.053236923385344914,0.10768728200108235,6.095913416214726,-1.1767635797025755
2590,41340666,g,3,-0.99895254273175,0.17099307266599173,0.39173199190635555,4.0846176409010475,-0.99895254273175
2591,41340666,i,6,-1.326911752175743,0.039427729780642684,0.061163140573560204,9.739950127063521,-1.326911752175743
2592,41340666,r,8,-1.387181905929659,0.056522332612220505,0.11550081512508892,10.302952620496564,-1.387181905929659
2593,41362082,i,8,-2.2991004777179374,0.15041925387231037,0.35498745217072436,18.058138299585263,-2.2991004777179374
2594,41362082,r,8,-1.9568756964580463,0.1667431981379709,0.3840550526739661,17.12187934179102,-1.9568756964580463
2595,41397154,g,2,-0.9507300935772994,0.21921358869649532,0.2192135886964952,1.569648306665219,-0.9507300935772994
2596,41397154,i,8,-1.536038677588849,0.18565021930440084,0.3684489047912536,8.3427207250981,-1.536038677588849
2597,41397154,r,6,-1.1920769957021715,0.02512844368838063,0.047566545319285725,8.697012502373893,-1.1920769957021715
2598,41529871,g,2,-0.606525885676299,0.33872835345680796,0.33872835345680796,1.6974974133070866,-0.606525885676299
2599,41529871,i,5,-0.8643907387262102,0.15572904695425516,0.17227386513422238,2.7884532769413193,-0.8643907387262102
2600,41529871,r,8,-0.9385965960734376,0.053630905821031805,0.11882059787828192,2.921998334804444,-0.9385965960734376
2601,41575066,g,2,-0.8184287366294211,0.26750697857239947,0.26750697857239936,2.6462845949732223,-0.8184287366294211
2602,41575066,i,7,-1.2341413123868186,0.13017159586924243,0.22073258714597044,7.965873058931282,-1.2341413123868186
2603,41575066,r,6,-1.2782980902973475,0.11774766507060841,0.18730741927064165,8.619297565950207,-1.2782980902973475
2604,41692239,i,8,-0.8752694257443834,0.3233686385859213,0.5351101388068593,1.4052885279984106,-0.8752694257443834
2605,41692239,r,6,-0.9530698591974647,0.03795625499143773,0.2210391241815285,1.7812459477471962,-0.9530698591974647
2606,41717878,g,4,-0.8947983041553855,0.09804336691204629,0.17233506807814192,1.8191231950344282,-0.8947983041553855
2607,41717878,i,6,-1.1221835512671774,0.13110726083722024,0.24329850532458008,3.350775054313893,-1.1221835512671774
2608,41717878,r,7,-1.2863737638243558,0.03631709122962934,0.08437898121020737,4.457386774970368,-1.2863737638243558
2609,41728823,i,6,-2.0197062677533526,0.4630310975510741,0.8945851755462744,11.868103713963094,-2.0197062677533526
2610,41728823,r,6,-2.098872892244109,0.18385533700569834,0.7060197222026834,9.14860540726839,-2.098872892244109
2611,41818593,i,7,-2.4802921499489976,0.14696546211811157,0.2194490705095289,25.074414802045276,-2.4802921499489976
2612,41818593,r,5,-2.190341998988653,0.14574205174563337,0.17110712059084054,13.490132222437717,-2.190341998988653
2613,41880866,g,2,-1.3177853402271362,0.42292059228955736,0.42292059228955736,1.6060553167170828,-1.3177853402271362
2614,41880866,i,7,-1.2492080372243266,0.20573399957419558,0.29777335144007155,4.650158150465918,-1.2492080372243266
2615,41880866,r,4,-1.1935212713279888,0.19698995688997534,0.38940305519088225,2.8147734473015467,-1.1935212713279888
2616,41918218,i,6,-1.845954213979958,0.12746918288505782,0.19874900352075597,20.01356873539433,-1.845954213979958
2617,41918218,r,5,-1.9144998450714557,0.06037286323068458,0.20360876652393745,17.260367185645777,-1.9144998450714557
2618,41998032,g,2,-1.0370437297001618,0.07668661330116022,0.07668661330116033,3.2534689858828756,-1.0370437297001618
2619,41998032,i,5,-1.147393879564518,0.0646556726475489,0.4356806837674986,5.06817309957655,-1.147393879564518
2620,41998032,r,10,-1.3831657655415122,0.055725025429783526,0.17535620577995692,6.578838151936599,-1.3831657655415122
2621,42104507,g,4,-0.6925096289436795,0.10144757441645069,0.16011363002131063,1.8557599662179485,-0.6925096289436795
2622,42104507,i,4,-0.6439076382890919,0.07769638598315926,0.20837003345614158,1.316372274073066,-0.6439076382890919
2623,42104507,r,5,-0.6009696706826115,0.07571386441689909,0.3293977455375924,2.2745033619042037,-0.6009696706826115
2624,42176839,g,5,-1.3579450797054968,0.02909764086174116,0.04516444378128437,3.304234742178081,-1.3579450797054968
2625,42176839,i,10,-1.1748574279029043,0.49320191078692627,0.8552517844914588,3.461149845713672,-1.1748574279029043
2626,42176839,r,6,-1.0988873886845962,0.4086323164644456,0.7672260333937096,4.092161111259954,-1.0988873886845962
2627,4226103,g,4,-1.8793357686532937,0.10371715327399722,0.44764690835394316,2.811327277917315,-1.8793357686532937
2628,4226103,i,6,-1.7607111541932192,0.08072778646614431,0.2781755932238439,5.002688875964406,-1.7607111541932192
2629,4226103,r,10,-1.449818470125692,0.21521445580063636,0.41873221291126983,3.9927180971722516,-1.449818470125692
2630,42328208,g,4,-0.8558430543422827,0.17946859277154337,0.40798353867404535,1.6992733813071355,-0.8558430543422827
2631,42328208,i,9,-1.5265291077341765,0.20350623142512658,0.3403929783548165,8.551952883804113,-1.5265291077341765
2632,42328208,r,7,-1.6297458047257956,0.14887927386599387,0.3078370519336533,7.247219234048478,-1.6297458047257956
2633,4232852,i,7,-0.9948911669147027,0.06223787503262268,0.0953613258833439,1.5631589696962673,-0.9948911669147027
2634,4232852,r,4,-1.0563066782739328,0.08970574158127176,0.18539468819038085,2.759891067035263,-1.0563066782739328
2635,42331692,g,5,-0.9328781639431303,0.07849555307465639,0.4691954846361268,3.8861966348924,-0.9328781639431303
2636,42331692,i,4,-0.7450423732928799,0.015923281113606025,0.02153666598715509,4.317314584202441,-0.7450423732928799
2637,42331692,r,9,-0.9880834748796017,0.044037317120705355,0.45255470474587167,6.636650023041306,-0.9880834748796017
2638,42331692,u,3,-0.8345063909406263,0.07348639630330256,0.35712155801661094,2.765432885635821,-0.8345063909406263
2639,42333281,i,9,-1.797615430921904,0.04772884484384643,0.09461454506553979,8.3195356862103,-1.797615430921904
2640,42333281,r,9,-1.4366631688849065,0.11056366512011873,0.17253814051336303,5.028388441611696,-1.4366631688849065
2641,42402899,i,14,-3.0372232134436836,0.1906024442596621,0.38261765844658324,29.900543581167117,-3.0372232134436836
2642,42402899,r,16,-2.8398562394000435,0.054109596526249026,0.2425048915427812,21.23124224219654,-2.8398562394000435
2643,42409170,i,7,-0.8799847428257228,0.0915571876855853,0.16848098694784386,3.8686871999539254,-0.8799847428257228
2644,42409170,r,5,-0.42469018010656967,0.08548470171104228,0.14890944168424358,1.442354150247746,-0.42469018010656967
2645,42468210,i,5,-1.7339017735002513,0.12053664988357982,0.1914584370768777,18.22218698231701,-1.7339017735002513
2646,42468210,r,6,-1.631148250093615,0.054116020871907144,0.08370391569070912,10.519486070575113,-1.631148250093615
2647,42496867,g,2,-1.364060853869713,0.2536499392329574,0.2536499392329574,2.751657833902816,-1.364060853869713
2648,42496867,i,11,-1.0724158350652724,0.16069495908758014,0.27928276924833506,4.024424977011306,-1.0724158350652724
2649,42496867,r,7,-1.3075733461437749,0.2356618851319432,0.4823294133664162,4.34852070578802,-1.3075733461437749
2650,42537933,g,4,-1.4798745857265319,0.40129351149136727,0.7667411028602591,5.279755791124691,-1.4798745857265319
2651,42537933,i,4,-1.8229519302588155,0.09007971352823507,0.16835772630153856,10.725511590788798,-1.8229519302588155
2652,42537933,r,5,-1.6254627148255638,0.05366403465404934,0.0690748931744205,11.179684254884696,-1.6254627148255638
2653,42576523,i,11,-1.4742659866804941,0.049206669318150986,0.12095855645708298,4.465056971439184,-1.4742659866804941
2654,42576523,r,8,-1.338102200267025,0.010294278356600683,0.059719280659620066,3.4253083241414397,-1.338102200267025
2655,42630027,i,6,-1.3224569776422759,0.1670635906572221,0.2939826121890545,3.116728468204252,-1.3224569776422759
2656,42630027,r,6,-1.2415513221764596,0.07031252903906071,0.13814634501199818,3.196262402288264,-1.2415513221764596
2657,42684098,i,6,-1.4107648002903712,0.07907037594753652,0.15462347366402485,4.983473870686196,-1.4107648002903712
2658,42684098,r,5,-1.4233708734955668,0.012656335796406015,0.04282155737157689,4.189253737587114,-1.4233708734955668
2659,42685437,i,10,-2.148549170865375,0.04554861491279416,0.13433515310709376,24.502869764511374,-2.148549170865375
2660,42685437,r,4,-2.090361015337758,0.1711033551502954,0.2660854872760301,12.48912830731685,-2.090361015337758
2661,42810860,g,3,-0.8982454993813991,0.03601674654777032,0.08434777506559299,1.1136822368634145,-0.8982454993813991
2662,42810860,i,10,-0.40106403785258754,0.06549961652955705,0.17573241729667521,0.3094679930351326,-0.40106403785258754
2663,42810860,r,10,-0.6974413631517825,0.145028589700129,0.27202938329509996,0.8163982477578982,-0.6974413631517825
2664,42838765,i,8,-0.9462604926809467,0.12371983389466401,0.20874387712439402,3.2395773052257546,-0.9462604926809467
2665,42838765,r,4,-1.3000453567496173,0.036909463768540984,0.06015342919302413,4.8948606440734315,-1.3000453567496173
2666,42871581,g,3,-1.35207403629772,0.04626492686841788,0.1279695611628069,4.4772916931450775,-1.35207403629772
2667,42871581,i,13,-1.6196268160405034,0.34476579558725917,0.8122856634773692,7.362513850858971,-1.6196268160405034
2668,42871581,r,11,-1.70121678709353,0.2191618098840229,0.5764780963712544,6.88071056987105,-1.70121678709353
2669,42871581,u,3,-1.7076437422532793,0.2817685582255036,0.38203688234413713,4.911076159387581,-1.7076437422532793
2670,42883041,g,3,-1.4284838136797966,0.04573041761459451,0.30062711770491024,2.3900360529525964,-1.4284838136797966
2671,42883041,i,12,-1.7987300825178627,0.15370711031731332,0.5148977131524162,16.260392369107155,-1.7987300825178627
2672,42883041,r,11,-1.7247721599606853,0.12128684409189927,0.3374159753898447,12.288969927097723,-1.7247721599606853
2673,42909343,g,3,-0.9829728935935655,0.10224367823607139,0.1236387394573859,1.2586791772661081,-0.9829728935935655
2674,42909343,i,11,-1.1765835339681683,0.1632140617416642,0.2189509683181211,2.613364978680727,-1.1765835339681683
2675,42909343,r,9,-1.323505691167882,0.06259474992777125,0.09081408410097191,3.5639753473066906,-1.323505691167882
2676,42932453,g,3,-0.8014944347312327,0.0055442242680618925,0.017319208268698594,1.3330807645843274,-0.8014944347312327
2677,42932453,i,5,-1.5029559631351241,0.0473547450402787,0.40582623325582445,3.6760447738702853,-1.5029559631351241
2678,42932453,r,5,-1.3703208566018539,0.013163864998404717,0.015123468637602278,4.73521728496041,-1.3703208566018539
2679,43115606,g,2,-0.7145904158256746,0.0587580499500755,0.0587580499500755,1.9528859455303316,-0.7145904158256746
2680,43115606,i,8,-0.6869317489547795,0.07029350049401656,0.0976142986979941,2.3160835340535764,-0.6869317489547795
2681,43115606,r,11,-0.9025298291054391,0.0970344180346786,0.1668058863633023,3.230880192320597,-0.9025298291054391
2682,43210385,i,14,-1.453108709415495,0.25706861900495215,0.6109218867234352,11.141128233613902,-1.453108709415495
2683,43210385,r,11,-1.4737321020943834,0.13640984540416934,0.27625479106900674,10.709649531667827,-1.4737321020943834
2684,43267087,g,2,-0.5434402333163003,0.05720988286256945,0.05720988286256934,0.7302378564722131,-0.5434402333163003
2685,43267087,i,8,-1.1636103056215865,0.16292990004903657,0.33540316571401474,4.32520889662394,-1.1636103056215865
2686,43267087,r,10,-1.2973589968934656,0.07640546210995447,0.14057132130317895,4.585509207548315,-1.2973589968934656
2687,43267914,i,12,-2.438378277040612,0.17531662330200892,0.34988171259796497,15.068265886030206,-2.438378277040612
2688,43267914,r,4,-2.2808215925130177,0.01852549276324611,0.1137219060692547,14.117006826259432,-2.2808215925130177
2689,43331723,i,9,-1.7062088089477327,0.12847954105265003,0.34964520834260604,11.316760691004864,-1.7062088089477327
2690,43331723,r,5,-1.9190250531928255,0.024219161224658725,0.08617689328647038,13.837369161872536,-1.9190250531928255
2691,43368218,g,2,-2.282176034084431,0.23757982590023397,0.2375798259002342,9.173173208485741,-2.282176034084431
2692,43368218,i,9,-2.1718844102083814,0.13542207535607798,0.22173013790185525,21.76663839913737,-2.1718844102083814
2693,43368218,r,8,-2.143719273667079,0.06491039589658731,0.08936115409400314,10.623468262686977,-2.143719273667079
2694,43381157,i,5,-1.658656403388386,0.20879937071640176,0.2638647238787437,16.547254978022465,-1.658656403388386
2695,43381157,r,6,-1.5416199836609494,0.21264242642813902,0.3968396804785914,8.084891251532204,-1.5416199836609494
2696,43472780,i,11,-1.3548462139499045,0.18412969052065553,0.32429188445597656,7.6748914339969785,-1.3548462139499045
2697,43472780,r,12,-1.2374423712743743,0.0825313009353642,0.17131707581810596,6.533627029355646,-1.2374423712743743
2698,43483078,g,4,-0.7594295421856587,0.18005198750535562,0.4231219216253661,1.8735211603555906,-0.7594295421856587
2699,43483078,i,6,-0.9617390104885896,0.05008738409013214,0.08410429630578875,5.048877164810752,-0.9617390104885896
2700,43483078,r,4,-1.2290906175668752,0.05169892900379658,0.08068933247129384,5.615270598163368,-1.2290906175668752
2701,43542364,g,2,-1.06509744175751,0.008596045929649465,0.008596045929649687,2.0547146963108665,-1.06509744175751
2702,43542364,i,8,-1.3391029790335067,0.28039945440573755,0.49284757213965036,8.573199178174999,-1.3391029790335067
2703,43542364,r,7,-1.498975710593479,0.0428566663798744,0.06725118476158709,8.891884051381078,-1.498975710593479
2704,43581798,g,3,-0.23792868417465018,0.21484774227119008,0.2151661384967548,0.21308137547262337,-0.23792868417465018
2705,43581798,i,7,-0.8943075923458867,0.11205581962510558,0.24839412962087415,2.4912032962869546,-0.8943075923458867
2706,43581798,r,6,-0.8348998850467102,0.07637917763788893,0.12389583689645245,2.4437358601003654,-0.8348998850467102
2707,43639856,i,6,-2.8128238084990995,0.15630478617589194,0.2607430803620301,46.56389576394901,-2.8128238084990995
2708,43639856,r,7,-2.8781167834006385,0.04486857753808726,0.1249931304592109,31.545225725452035,-2.8781167834006385
2709,43642361,i,7,-1.8293731879806712,0.09236971006904149,0.16475477540757844,15.64392296882377,-1.8293731879806712
2710,43642361,r,5,-1.8921562139195869,0.09586266226668982,0.26755428829583416,11.88249099233053,-1.8921562139195869
2711,43659375,i,9,-2.8173184515830987,0.1591705667122958,0.2248609380015072,28.89841639053439,-2.8173184515830987
2712,43659375,r,9,-2.6905544363136222,0.08484298395434564,0.13888698297591562,17.915045888975992,-2.6905544363136222
2713,43674398,g,2,-0.37896774590423665,0.016932571637188643,0.016932571637188643,0.3720469934694559,-0.37896774590423665
2714,43674398,i,4,-0.9195098357153441,0.09524577501925524,0.16834566697949893,6.059536461810131,-0.9195098357153441
2715,43674398,r,5,-0.9907370265143545,0.13897411258007608,0.1601611868290509,4.058223819502738,-0.9907370265143545
2716,43708704,g,4,-1.1335632862572085,0.09985362667259501,0.19275089570217552,4.367464861173437,-1.1335632862572085
2717,43708704,i,10,-1.7505212714076408,0.07285526548078347,0.12797353891383145,9.988448460481147,-1.7505212714076408
2718,43708704,r,10,-1.7621832387251992,0.13384440821495414,0.22814177844036942,10.627988151372296,-1.7621832387251992
2719,4373549,i,8,-1.4746098368744274,0.14534479135171696,0.228146273213911,11.294721968851341,-1.4746098368744274
2720,4373549,r,5,-1.543424247688837,0.06488663408057693,0.08481914485407116,12.296957139133363,-1.543424247688837
2721,43777090,g,3,-0.9658649863429734,0.06992278579798483,0.536405677976572,3.2866750170384598,-0.9658649863429734
2722,43777090,i,12,-1.2901656015734533,0.09661216473710099,0.16154939347462238,5.515769623197474,-1.2901656015734533
2723,43777090,r,8,-1.3548226070265277,0.2682367279733979,0.3641960803653468,5.331210548575384,-1.3548226070265277
2724,43807618,i,10,-3.0546414359545246,0.12430708356588793,0.25152796610011086,26.48371299511741,-3.0546414359545246
2725,43807618,r,12,-2.8883645315621282,0.07685165603011024,0.16004085325787187,19.77484825139758,-2.8883645315621282
2726,43808093,i,7,-1.5992605539238458,0.10672918161213918,0.1602824644691596,7.707562691478349,-1.5992605539238458
2727,43808093,r,9,-1.461593155981684,0.07650644996552747,0.08328817417625789,5.731630732010199,-1.461593155981684
2728,4382155,g,2,-0.60348147309303,0.09260831365114375,0.09260831365114375,1.4787634107968457,-0.60348147309303
2729,4382155,i,7,-0.7929423225376727,0.06365107695823646,0.582373010523228,1.246071626520463,-0.7929423225376727
2730,4382155,r,11,-0.6155832067492079,0.22895698763801986,0.4538101273770677,1.5273893506003626,-0.6155832067492079
2731,43824849,i,6,-1.9819989216075713,0.08090165091077739,0.15096185072121404,22.394871979339147,-1.9819989216075713
2732,43824849,r,6,-1.9700655045117368,0.03127429060148357,0.04755605184598499,13.981638520344342,-1.9700655045117368
2733,4383548,i,7,-1.9403077621770028,0.19097954579053877,0.23697901257786236,14.450820268534473,-1.9403077621770028
2734,4383548,r,6,-2.0247878286786882,0.05102736293237764,0.08192201397817112,15.442032818587258,-2.0247878286786882
2735,4384566,g,3,-1.3831104305417548,0.3296510417887428,0.33236024156350163,3.094430237317598,-1.3831104305417548
2736,4384566,i,7,-1.773250991631433,0.051333928837397735,0.18977514372635063,17.679234419362537,-1.773250991631433
2737,4384566,r,7,-2.07276237454944,0.13712594163248282,0.2972880628631085,13.761709025622496,-2.07276237454944
2738,43846297,g,3,-1.391604542422424,0.021819331673885056,0.04446412341807071,4.213770923890689,-1.391604542422424
2739,43846297,i,10,-1.2870873851763154,0.3149988398415692,0.5405681790337112,4.063871670355337,-1.2870873851763154
2740,43846297,r,7,-1.4796076558146058,0.323152980846662,0.7560192301417996,5.032612944679128,-1.4796076558146058
2741,43846297,u,2,-1.7852085773873927,0.04805001871208092,0.048050018712081144,5.240609552957496,-1.7852085773873927
2742,43887940,i,7,-0.10642393270106693,0.05418472883576006,0.15536497036250863,0.1415000747317276,-0.10642393270106693
2743,43887940,r,7,-0.48266536279854233,0.05801501727074376,0.14393833584538007,1.3910030286304138,-0.48266536279854233
2744,43891336,i,3,-1.4863035581582558,0.021735210389492554,0.07998586018468723,11.015976858521368,-1.4863035581582558
2745,43891336,r,7,-1.6068445274509409,0.06837226628157778,0.14074853932972342,10.196902141599365,-1.6068445274509409
2746,43895793,g,5,-1.145214958126343,0.05700182197576331,0.2282084311646293,2.53852358379982,-1.145214958126343
2747,43895793,i,8,-1.968405765984793,0.1711429201531698,0.3974558019291494,6.527548050713772,-1.968405765984793
2748,43895793,r,9,-1.8209176178290967,0.055122953476751224,0.12065004350030684,9.464880693352665,-1.8209176178290967
2749,43908198,g,2,-0.730254449886353,0.12780205441672882,0.12780205441672876,2.10897767006677,-0.730254449886353
2750,43908198,i,3,-1.271429767655616,0.01803956340350399,0.27143374222857686,9.862156498880822,-1.271429767655616
2751,43908198,r,6,-1.4109675133787638,0.142943081190135,0.2577822813452777,7.616758354184205,-1.4109675133787638
2752,43921515,i,5,-1.7844443356698727,0.09536771958901835,0.1182228999645405,17.87551021007893,-1.7844443356698727
2753,43921515,r,6,-1.8842418992855396,0.07022516467447526,0.12390291855164026,15.80619924262077,-1.8842418992855396
2754,4394065,g,4,-0.8723785088136032,0.00782095140515049,0.012180520219064017,2.791002155300526,-0.8723785088136032
2755,4394065,i,5,-1.4670340604137966,0.051356809958204463,0.1365010189664655,4.963849890202779,-1.4670340604137966
2756,4394065,r,6,-1.1732073046276148,0.03363549714307512,0.09467654751811083,5.449998081099861,-1.1732073046276148
2757,43948028,i,6,-0.8466348625517524,0.30381229549344585,0.5860726450715581,2.6520900587838407,-0.8466348625517524
2758,43948028,r,5,-0.9881385438626921,0.25374582328354556,0.35485420861897077,5.640110567202612,-0.9881385438626921
2759,43955468,i,9,-1.7071087572514219,0.3274654315937515,1.0057475534078146,13.247261396163879,-1.7071087572514219
2760,43955468,r,4,-1.7518449826862375,0.04858098725844273,0.17863117823463193,11.413306627599113,-1.7518449826862375
2761,44051876,g,5,-0.8516307906740239,0.27122573751194934,0.6488636731886357,2.551135786517656,-0.8516307906740239
2762,44051876,i,16,-1.2845490896139076,0.12681226824124348,0.22424991612251155,5.431370123636851,-1.2845490896139076
2763,44051876,r,16,-1.1991606356101316,0.026849153512371715,0.0875446740852992,4.342093450002447,-1.1991606356101316
2764,44095719,g,2,-0.40632188069772834,0.1765228963224671,0.1765228963224671,0.7801800452885778,-0.40632188069772834
2765,44095719,i,14,-0.3493239175193147,0.2532309483319991,0.39508719583413954,0.7136759391204689,-0.3493239175193147
2766,44095719,r,10,-0.28438069937094446,0.15414897432233748,0.44926931024446376,0.6012940654803586,-0.28438069937094446
2767,44102955,g,3,-0.9572231927041983,0.046463203765807704,0.06236894357919942,3.8417129140310546,-0.9572231927041983
2768,44102955,i,5,-0.8411718393006145,0.06161616848596818,0.14779084765940242,3.5083124782059536,-0.8411718393006145
2769,44102955,r,7,-1.2176231499704304,0.07883804050638976,0.1572008899012387,8.15176750451364,-1.2176231499704304
2770,44125831,i,8,-1.5309382151195827,0.13278460269276715,0.27971096645533144,4.775777936427197,-1.5309382151195827
2771,44125831,r,13,-1.495440436130833,0.14549294421511672,0.3459900976086445,5.110208214494416,-1.495440436130833
2772,44130335,g,6,-1.3569943369736068,0.20653973322413166,0.3993518094845121,2.964287907257711,-1.3569943369736068
2773,44130335,i,11,-1.703764977883074,0.2562580662712881,0.511465778801572,7.869875326593017,-1.703764977883074
2774,44130335,r,13,-1.8139290479618602,0.16928179254422737,0.4373858824108834,8.749946144293231,-1.8139290479618602
2775,44137451,i,5,-0.6967750451681789,0.19338740701116341,0.37334438060364206,1.9540142605565443,-0.6967750451681789
2776,44137451,r,7,-0.8569740463219652,0.2416039440212896,0.338390934742572,2.599977102157993,-0.8569740463219652
2777,44167217,i,4,-1.9060572580370936,0.5962657957318191,1.1853288871745755,12.02068414128282,-1.9060572580370936
2778,44167217,r,8,-2.1223420942469655,0.3537881436086443,0.732606885120882,11.969192144841278,-2.1223420942469655
2779,44188835,g,2,-0.869599484135701,0.017857399976172084,0.017857399976172195,2.950702175961751,-0.869599484135701
2780,44188835,i,3,-0.6404259394638998,0.028265485542329882,0.21731088584225117,1.451265560178211,-0.6404259394638998
2781,44188835,r,7,-1.12620078482678,0.04274335965041387,0.06323118040882547,6.114940859703689,-1.12620078482678
2782,44212414,i,9,-1.1306183947850077,0.11414743851483888,0.13629268286303442,3.578083547142837,-1.1306183947850077
2783,44212414,r,4,-1.1653426204176272,0.11089185897124976,0.30085815316229514,6.537068686130045,-1.1653426204176272
2784,44213200,g,4,-1.1177377502362127,0.15728674745722404,0.32302848973656884,4.1944239996368475,-1.1177377502362127
2785,44213200,i,12,-1.4823045663581766,0.2434620210423405,0.45007341674628387,6.233369831360846,-1.4823045663581766
2786,44213200,r,11,-1.3848740708703133,0.12871366180537147,0.23390240513421134,8.636343193850974,-1.3848740708703133
2787,44220974,i,6,-1.3276611844354154,0.06477554101478555,0.09759660525966618,4.951126824499599,-1.3276611844354154
2788,44220974,r,6,-1.5158827895381641,0.13882291437004612,0.25625762213411996,5.61795115601549,-1.5158827895381641
2789,44227755,g,4,-1.3730378537144656,0.16460276149892095,0.36160824377515555,5.3250162563697865,-1.3730378537144656
2790,44227755,i,11,-1.8173408843309398,0.5462108183577772,0.9679053374217657,10.173742228037002,-1.8173408843309398
2791,44227755,r,11,-1.9221708221539333,0.2929844591220174,0.554522890725369,8.911915918213538,-1.9221708221539333
2792,4426845,g,2,-1.664873658170765,0.6269514537856651,0.6269514537856651,3.341945781104021,-1.664873658170765
2793,4426845,i,11,-2.202934735059416,0.10933219721389253,0.23037122426807466,10.218363857678838,-2.202934735059416
2794,4426845,r,6,-1.8581104112124174,0.24924568734799002,0.41393487350972347,8.147540147714189,-1.8581104112124174
2795,44326474,i,8,-2.2535985096318196,0.06191274229189658,0.08535557837775931,15.662000500934768,-2.2535985096318196
2796,44326474,r,6,-2.2484751549467705,0.18477327375499475,0.3244530742956111,15.067339769598435,-2.2484751549467705
2797,44385331,g,2,-1.0786497413459402,0.0014361685893242715,0.0014361685893242715,3.960682959586206,-1.0786497413459402
2798,44385331,i,4,-1.155356520865352,0.10114165970088485,0.19430219297550733,6.5871107894495955,-1.155356520865352
2799,44385331,r,5,-1.4214716907174172,0.0148188896247059,0.026007808131177423,8.17281102012542,-1.4214716907174172
2800,44431927,i,9,-2.3186727148881587,0.14020095286273815,0.21331188584223248,20.299984564923808,-2.3186727148881587
2801,44431927,r,5,-2.2132368456505347,0.1444896282338206,0.27380994564456795,10.575806869538109,-2.2132368456505347
2802,44480124,i,10,-1.760423245368098,0.21277196055827763,0.40363785653406437,9.415023771322002,-1.760423245368098
2803,44480124,r,8,-1.6520802917559654,0.07948429744682262,0.16462628619400288,9.792977781039038,-1.6520802917559654
2804,44498503,g,3,-1.3096944525858585,0.18737960140578247,0.43051297409896505,5.611775232806661,-1.3096944525858585
2805,44498503,i,12,-2.256762659589325,0.2795250260223128,0.5702009990296626,12.224790021927154,-2.256762659589325
2806,44498503,r,14,-1.63290151631303,0.27271469164093043,0.6969826446814744,10.246336172699538,-1.63290151631303
2807,44499941,g,2,-0.7235110991464041,0.07363835357161241,0.07363835357161252,1.3747096363245515,-0.7235110991464041
2808,44499941,i,9,-0.781319347286727,0.10046325334249184,0.17023271391880612,1.5382274575207022,-0.781319347286727
2809,44499941,r,12,-1.0334459981034876,0.20257201320755658,0.6380799657062475,2.5617716919117117,-1.0334459981034876
2810,44506911,g,3,-0.7304810454332775,0.02497046619850818,0.05172484919708853,1.9956621026081256,-0.7304810454332775
2811,44506911,i,6,-0.7065299065876995,0.1058557943429348,0.16612032124461895,2.097851897294855,-0.7065299065876995
2812,44506911,r,7,-0.6726489303018743,0.20905330878562733,0.2836931037554594,3.8254839579795474,-0.6726489303018743
2813,44535957,i,11,-1.5913399195542781,0.29162552753728543,0.5317613687262712,8.018126698380131,-1.5913399195542781
2814,44535957,r,7,-1.4658506571031202,0.14826937939840135,0.542578240327904,5.3490353143481695,-1.4658506571031202
2815,44546244,i,5,-1.922132690663343,0.3054008033459814,0.31926526847514625,19.03234803544126,-1.922132690663343
2816,44546244,r,6,-1.9935605758507349,0.027669378034318015,0.044101314251250745,12.974371257053738,-1.9935605758507349
2817,44549311,g,4,-1.4581409202704676,0.4009348462278819,0.8126008375803964,5.151854251003484,-1.4581409202704676
2818,44549311,i,4,-1.9576486759758,0.06393426115301803,0.13827871216352472,18.95213452712729,-1.9576486759758
2819,44549311,r,5,-2.1991035349743875,0.251168694657246,0.27080984445777356,12.854228024636194,-2.1991035349743875
2820,44550348,g,2,-1.1245419463101332,0.0052655634772974524,0.0052655634772975635,4.445254638627737,-1.1245419463101332
2821,44550348,i,10,-2.6497106787263087,0.17167905290544927,0.3176878900357627,32.669186206940786,-2.6497106787263087
2822,44550348,r,7,-2.4322724415655235,0.125422220727482,0.26013498792166034,24.56242218810771,-2.4322724415655235
2823,44560464,g,2,-0.35925007458108993,0.14815762697986112,0.14815762697986112,0.35278023807483117,-0.35925007458108993
2824,44560464,i,15,-0.693549801997402,0.15545654277354326,0.3830450371870163,1.2278943801155582,-0.693549801997402
2825,44560464,r,11,-0.8218159403464216,0.4539559553587904,1.240570124201097,1.5009128805278273,-0.8218159403464216
2826,44653856,g,2,-1.0385642435216325,0.25732829144645897,0.25732829144645886,2.450127568648621,-1.0385642435216325
2827,44653856,i,10,-0.7512190718383525,0.25647264338245834,1.6188195646708752,3.6529752018327235,-0.7512190718383525
2828,44653856,r,10,-0.697193538869483,0.1591861774292768,0.9363962577383356,2.6152560690632307,-0.697193538869483
2829,44658494,i,6,-1.5934616663159318,0.12212929859833555,0.28522888694923054,8.534998212890972,-1.5934616663159318
2830,44658494,r,7,-2.030096926712605,0.17568984854539993,0.45140618940654864,10.455247584375353,-2.030096926712605
2831,44674169,i,4,-0.6300809710279776,0.11972892407497032,0.2747630445418565,2.0396576164368576,-0.6300809710279776
2832,44674169,r,7,-1.188802971517146,0.29322824619124366,0.6085792388852211,5.071081583240676,-1.188802971517146
2833,44714423,i,13,-1.4700759924735443,0.09053968928297418,0.16972350173560047,4.467475489966392,-1.4700759924735443
2834,44714423,r,8,-1.4745384349860027,0.06664544568718911,0.20160678696775713,5.314759544891295,-1.4745384349860027
2835,44759114,i,9,-0.8421691435108843,0.028580250040477484,0.3062725232845175,2.0262376112980665,-0.8421691435108843
2836,44759114,r,9,-1.0685991443707243,0.02437178694646014,0.12015259492188068,3.2958466385692113,-1.0685991443707243
2837,44832962,g,6,-1.1676279415074582,0.03726252968126709,0.06240568101931898,4.372686083632918,-1.1676279415074582
2838,44832962,i,4,-1.9439619831375445,0.05105552113747902,0.2182079106217889,16.01508455428993,-1.9439619831375445
2839,44832962,r,5,-1.9684161457003535,0.06736823344533738,0.1186527082174198,19.929820134159336,-1.9684161457003535
2840,44836134,i,8,-1.4144162311161312,0.1794072170972798,0.33448953765082057,7.809857613670587,-1.4144162311161312
2841,44836134,r,7,-1.3154368461209924,0.09698306321793182,0.1495356129827472,8.04192616856691,-1.3154368461209924
2842,44846805,g,3,-0.7394496486729654,0.05724302931169034,0.45905646387717947,1.7787478813031539,-0.7394496486729654
2843,44846805,i,5,-0.3877756178770114,0.15848263332490345,0.22895115433454097,0.5363971814084647,-0.3877756178770114
2844,44846805,r,7,-0.24203394111644963,0.16554745885231972,0.27349189217569636,0.5363605487968442,-0.24203394111644963
2845,4492631,i,6,-1.078385589158279,0.23121383075770396,0.5489041073855361,3.305856133640635,-1.078385589158279
2846,4492631,r,8,-0.9467650887231644,0.19045546863904733,0.3292127662327732,3.088529552742224,-0.9467650887231644
2847,44948011,g,8,-1.9130624444186188,0.06676275616925942,0.0893438414571388,5.400790737231198,-1.9130624444186188
2848,44948011,i,17,-2.1472802586798094,0.3238122231777185,0.6156087715749445,11.032621877195279,-2.1472802586798094
2849,44948011,r,14,-2.4409743101330448,0.1069097427124508,0.684713328576332,10.96996159284056,-2.4409743101330448
2850,44960334,g,4,-0.9893350070113887,0.07922268317859404,0.19516521017376998,2.2044270661386403,-0.9893350070113887
2851,44960334,i,9,-1.6477372233228116,0.14629752294920806,0.3499936317669825,7.4483083960642205,-1.6477372233228116
2852,44960334,r,12,-1.567114684857232,0.10182235623315883,0.26193806174058176,6.299108775982721,-1.567114684857232
2853,44967396,g,4,-1.2182527845120967,0.05637277209204661,0.1486827124353043,4.713891497277016,-1.2182527845120967
2854,44967396,i,10,-2.236539392863813,0.16839627482865693,0.2794646521087003,18.95919429813168,-2.236539392863813
2855,44967396,r,5,-2.1722678812255944,0.20793420628520298,0.2738898354538901,19.25688940779359,-2.1722678812255944
2856,45009952,g,3,-0.5502769094131035,0.17875147361888444,0.3759816037420456,0.9945141382054121,-0.5502769094131035
2857,45009952,i,9,-0.25362792094914643,0.1594326099055428,0.4599050590534238,0.47750803853709173,-0.25362792094914643
2858,45009952,r,11,-0.8750728047382665,0.04351103753115726,0.3520555784988224,3.3053661616118664,-0.8750728047382665
2859,45009952,u,2,-0.3911849422980376,0.060818671605424646,0.060818671605424646,0.4302809161319412,-0.3911849422980376
2860,45029478,g,3,-1.4689641565245273,0.19839679209309669,0.24045994127535586,4.740036882032565,-1.4689641565245273
2861,45029478,i,9,-1.364230029195748,0.4125433729554673,0.6626285680821159,5.574466376116735,-1.364230029195748
2862,45029478,r,10,-1.6993138734978084,0.19903039362525055,0.37235104090376336,6.714136438013571,-1.6993138734978084
2863,45033919,i,8,-0.8963214396186933,0.11524201005249957,0.23226416914057713,3.8597119591877878,-0.8963214396186933
2864,45033919,r,4,-1.171448816949804,0.03383654985707296,0.07709168444149328,8.62754934908869,-1.171448816949804
2865,45034104,g,2,-1.408817357260376,0.26207578084708294,0.26207578084708305,5.168284668222919,-1.408817357260376
2866,45034104,i,8,-2.393919652636616,0.10697069103801526,0.1719177831305303,18.8308668055438,-2.393919652636616
2867,45034104,r,4,-2.014841005880257,0.055915005579777355,0.07636446120959461,17.59024952648991,-2.014841005880257
2868,45079341,g,3,-0.4976446570541153,0.22772292024506235,0.2578610636252714,0.42798800815395116,-0.4976446570541153
2869,45079341,i,5,-0.7269374942083999,0.04049976116703535,0.04070362322457033,1.4360581716263985,-0.7269374942083999
2870,45079341,r,5,-0.8653506174532619,0.054282301795547605,0.05947554542572253,2.371815573491954,-0.8653506174532619
2871,45097255,g,2,-0.7766742657883636,0.19618358554657167,0.19618358554657167,2.223591423633125,-0.7766742657883636
2872,45097255,i,5,-0.29941441969477434,0.1613753370926907,0.2031030251985424,0.7018552452044569,-0.29941441969477434
2873,45097255,r,5,-1.0168944255233208,0.07747706516971586,0.3086792460673822,5.929803989507582,-1.0168944255233208
2874,45132427,g,3,-1.7970194496454748,0.09482136117414686,0.11065533768258895,8.611346850299606,-1.7970194496454748
2875,45132427,i,8,-3.26633882226822,0.06067267763290807,0.14884330196869788,28.7780569328594,-3.26633882226822
2876,45132427,r,5,-2.5277737510375204,0.05864298675232904,0.23731512506368313,18.984400673514415,-2.5277737510375204
2877,45201228,g,4,-0.822388326917869,0.06831996355155956,0.11395167186164279,1.5145974906621822,-0.822388326917869
2878,45201228,i,12,-0.7821817154863591,0.26113297027478655,0.5670363601982079,0.97633515927856,-0.7821817154863591
2879,45201228,r,7,-0.9807046877701716,0.08133641093312727,0.15283190946144654,2.1234094919020556,-0.9807046877701716
2880,45205345,i,11,-0.927079014964489,0.05923320192530057,0.10287697827207154,3.3220272492138445,-0.927079014964489
2881,45205345,r,10,-1.2588937405896101,0.03789542360168785,0.06861548960227526,5.372798458644924,-1.2588937405896101
2882,45238074,g,5,-1.0158872027301102,0.04314729025969943,0.06008248786620318,1.5274376226511044,-1.0158872027301102
2883,45238074,i,11,-1.3744931157513403,0.18712618001533454,0.3553349784302562,4.574417993066262,-1.3744931157513403
2884,45238074,r,14,-1.3403497270125675,0.04766148897452738,0.3506108112061961,3.910672091962497,-1.3403497270125675
2885,45238074,u,2,-0.35442354213623406,0.03843135156301991,0.03843135156301991,0.09623789778347826,-0.35442354213623406
2886,45326457,g,4,-0.91357471878451,0.03147845579434971,0.13835187322280196,2.5812224550464413,-0.91357471878451
2887,45326457,i,3,-1.1949266220177321,0.01274084721759361,0.05465716004083032,3.0796535027415914,-1.1949266220177321
2888,45326457,r,7,-1.3051174557005336,0.023785179226420983,0.0369008500978214,6.984285484349911,-1.3051174557005336
2889,45382458,g,3,-0.7863590599235822,0.05211710202623976,0.0612224790811533,2.4238049516933367,-0.7863590599235822
2890,45382458,i,5,-0.8184607106350796,0.09902595015306648,0.15467870378119675,2.246323859611635,-0.8184607106350796
2891,45382458,r,6,-0.7546470271616007,0.06158173988033633,0.27076405136623605,2.7472073753324486,-0.7546470271616007
2892,45514590,g,2,-1.050655293776399,0.007874171450807821,0.00787417145080771,3.6887697349624906,-1.050655293776399
2893,45514590,i,9,-2.5916689660905106,0.054139747812965044,0.2581825242729274,30.72454310614049,-2.5916689660905106
2894,45514590,r,6,-2.303922423319394,0.06636979354190231,0.10653717923434369,24.43575383198818,-2.303922423319394
2895,45574915,i,7,-3.235088657161253,0.12041810601225267,0.2629725934195579,35.78168896625142,-3.235088657161253
2896,45574915,r,10,-2.780910401711198,0.16736576198661268,0.3847891848941343,18.343747004504717,-2.780910401711198
2897,45642434,g,4,-1.6773972681853464,0.03218655198288789,0.10159496668908741,5.138236796188846,-1.6773972681853464
2898,45642434,i,8,-1.6015904010812636,0.4830877513631945,0.7993467368377747,9.656632474025479,-1.6015904010812636
2899,45642434,r,7,-2.114795541318005,0.1552157485994594,0.869133883840518,9.73954873469208,-2.114795541318005
2900,45694349,g,4,-1.6172098055359698,0.10602356402161961,0.24552482331494563,3.621553858286134,-1.6172098055359698
2901,45694349,i,10,-1.7172465427652788,0.4065154382948726,0.9154625772145641,6.435775271485139,-1.7172465427652788
2902,45694349,r,10,-1.8489513340624908,0.344871788164157,0.8489015151787944,6.971784143430665,-1.8489513340624908
2903,45706520,g,3,-1.1034749006940072,0.17275369097327564,0.18470859017240193,3.7047721861011684,-1.1034749006940072
2904,45706520,i,5,-1.1744378606672732,0.1893437666922393,0.2002193793181053,5.0521677354304355,-1.1744378606672732
2905,45706520,r,5,-1.3841880137411067,0.14770108570059715,0.5402962753095331,8.694993042847603,-1.3841880137411067
2906,45742069,g,3,-1.019149218774037,0.011305175983975735,0.05895614291397222,3.8649955216167853,-1.019149218774037
2907,45742069,i,3,-1.3854214068991597,0.16324921245138224,0.2443509134860098,6.753176640248321,-1.3854214068991597
2908,45742069,r,5,-1.559079336298006,0.08137802288475449,0.13463884789346547,12.52982327594216,-1.559079336298006
2909,45756696,g,3,-1.4959572927226932,0.028974204524251146,0.2492304475658007,4.319725280317426,-1.4959572927226932
2910,45756696,i,5,-1.3415355190367961,0.4619913980472721,0.7508610130935884,3.126081938230292,-1.3415355190367961
2911,45756696,r,9,-1.5849474079082229,0.19026634710690438,0.567939684840367,3.6531639938130556,-1.5849474079082229
2912,45770981,i,12,-1.861744663950161,0.16812208049025257,0.31362826692851464,16.200791660133756,-1.861744663950161
2913,45770981,r,4,-1.7781441513355487,0.17540499707660395,0.3069174254350566,7.895196382673325,-1.7781441513355487
2914,45786732,i,6,-1.504160609740671,0.1248886959188178,0.2412318805521798,13.850940032987715,-1.504160609740671
2915,45786732,r,7,-1.5351114574967437,0.15751926237661218,0.43578529864475946,7.191075188362417,-1.5351114574967437
2916,4592179,g,3,-1.0683293240253218,0.2917431482909827,0.706148995437366,2.963294718845754,-1.0683293240253218
2917,4592179,i,5,-1.278822270774024,0.269770475832253,1.4957911842049914,7.51983091624369,-1.278822270774024
2918,4592179,r,6,-1.2886857033525225,0.1361598237699574,0.2323011258047163,6.344901271395886,-1.2886857033525225
2919,45975286,i,7,-1.3477490254142341,0.17258436367964802,0.24607689753383943,6.282915398245719,-1.3477490254142341
2920,45975286,r,5,-1.4761871854475006,0.1815757147801671,0.20284969340760095,7.548951212310948,-1.4761871854475006
2921,45998249,g,2,-1.2605399569445797,0.1479511057844759,0.147951105784476,4.7891377929939045,-1.2605399569445797
2922,45998249,i,6,-1.7459265133578699,0.105053093594769,0.16915128665015966,17.28995017098483,-1.7459265133578699
2923,45998249,r,8,-1.861162180766102,0.05872742156865263,0.11819648483958889,17.973814492754645,-1.861162180766102
2924,46009357,g,3,-0.5618509396542448,0.006289050336344304,0.31844607466827424,1.966336975556213,-0.5618509396542448
2925,46009357,i,10,-0.7270784069177678,0.19452370457318513,0.4209189164563576,0.9435795616906454,-0.7270784069177678
2926,46009357,r,8,-0.7956751235156485,0.37638904717646254,0.725097829871203,1.6486201352577778,-0.7956751235156485
2927,46009357,u,2,0.622746920796871,0.15431008810911173,0.15431008810911173,1.1785084040059945,0.622746920796871
2928,4603783,g,4,-1.666850749187275,0.08505237149816869,0.2390680866160244,4.371171557833741,-1.666850749187275
2929,4603783,i,10,-1.3360079140279413,0.24287785207226065,0.4740687136900761,6.363344239142657,-1.3360079140279413
2930,4603783,r,12,-1.3662904810059062,0.11036089718079511,0.17999614828067467,6.987674483089479,-1.3662904810059062
2931,46108621,g,2,-1.050984633600954,0.39660662385039525,0.39660662385039536,3.35753023603353,-1.050984633600954
2932,46108621,i,7,-1.7110227665427757,0.3272709115815431,0.8895491738719863,4.93102706125769,-1.7110227665427757
2933,46108621,r,4,-1.4421465979998151,0.3742925595131108,0.7323521151110783,4.837631804246378,-1.4421465979998151
2934,46109752,i,11,-2.5621401954475487,0.028933907207706167,0.0409018641312362,17.71447946840345,-2.5621401954475487
2935,46109752,r,7,-2.4808542079263245,0.11253116162085108,0.21686751890250688,15.020151380061291,-2.4808542079263245
2936,46116238,g,2,-1.0262822201844604,0.308254806731014,0.3082548067310139,2.67323237689197,-1.0262822201844604
2937,46116238,i,5,-1.4221864636980708,0.10083972003083308,0.12973780791786105,6.603770836386964,-1.4221864636980708
2938,46116238,r,5,-1.313703228012746,0.04036225464603982,0.07841887823330285,4.656424007987914,-1.313703228012746
2939,46117073,g,5,-1.203852236119691,0.028503090537138842,0.16228213085828314,3.7717944537728436,-1.203852236119691
2940,46117073,i,8,-1.2623646916264517,0.7012382424532992,1.3523954531433902,4.1231741639685335,-1.2623646916264517
2941,46117073,r,8,-1.3653966702529123,0.5295061008590518,0.7571309145974617,5.645829216832758,-1.3653966702529123
2942,46234624,g,4,-1.1762260598399625,0.0245059338812762,0.05018549228707614,4.4460148147534575,-1.1762260598399625
2943,46234624,i,4,-0.9857587051591458,0.15338018674920884,0.5268365194093356,4.496162823394058,-0.9857587051591458
2944,46234624,r,4,-0.862390626720809,0.16774852938978008,0.44063324129506865,4.988124842029365,-0.862390626720809
2945,46246279,g,2,-0.887649298298461,0.08017789673308368,0.08017789673308362,3.0475589640754004,-0.887649298298461
2946,46246279,i,6,-1.4083093973588148,0.1715168479373682,0.3558037918768764,7.221327890181982,-1.4083093973588148
2947,46246279,r,5,-1.1352263586329856,0.19260705359384833,0.33946035517200834,3.984182442274527,-1.1352263586329856
2948,46352916,i,5,-1.7644899879023765,0.06262643542008717,0.14171377183335387,12.25190895960031,-1.7644899879023765
2949,46352916,r,7,-1.465683059814816,0.06532563597205066,0.1681155214215766,8.17580292761818,-1.465683059814816
2950,4636240,i,9,-1.2335613368009184,0.17821168676339116,0.3335456664456271,4.015177959727371,-1.2335613368009184
2951,4636240,r,9,-1.3254367927324935,0.05393570820290172,0.08145964877768264,4.899393397733846,-1.3254367927324935
2952,46371657,i,9,-1.8756159278248379,0.25043072463528016,0.45391597580026133,10.62631513751419,-1.8756159278248379
2953,46371657,r,7,-1.9717840530560633,0.11992361786603456,0.2725847390917102,7.213286890924203,-1.9717840530560633
2954,46416120,g,2,-0.5982509905181213,0.17084101999207557,0.17084101999207557,1.2758487044268436,-0.5982509905181213
2955,46416120,i,5,-1.0125806578718106,0.09483983831610576,0.4429467873369197,4.411298441803582,-1.0125806578718106
2956,46416120,r,6,-1.0973149622761302,0.07244306630534258,0.22604198363917138,6.624246486839454,-1.0973149622761302
2957,46434647,g,3,-0.7294366231637817,0.02312704332011717,0.14753858907978046,1.0635463107169592,-0.7294366231637817
2958,46434647,i,6,-0.6352622919848077,0.02842322242814388,0.04568699546908517,1.154064687588313,-0.6352622919848077
2959,46434647,r,6,-0.8457689282014342,0.11224483798879226,0.20038182091179857,2.4456444757916036,-0.8457689282014342
2960,4646989,g,4,-1.200170675191027,0.28745989192428456,0.5659888688131595,3.4882892875574694,-1.200170675191027
2961,4646989,i,6,-1.1635208739212346,0.3444369938982894,0.5577161376260189,3.87774015128762,-1.1635208739212346
2962,4646989,r,11,-1.2183239152169563,0.09438011287028747,0.16804797083915846,3.5425054505527824,-1.2183239152169563
2963,46523054,g,2,-1.3470149254646184,0.078065360336808,0.078065360336808,6.0302808258774565,-1.3470149254646184
2964,46523054,i,15,-1.891340011706638,0.3333106763335394,0.6881770623136276,10.544771230457206,-1.891340011706638
2965,46523054,r,13,-2.1083885375176985,0.1982093550435411,0.3816610054961811,10.374975143674511,-2.1083885375176985
2966,4659823,i,9,-0.9264744226294251,0.16293151914730664,0.7749218371033186,3.1666403318510206,-0.9264744226294251
2967,4659823,r,3,-0.7475361799601864,0.2126169319797072,0.3180714422633144,1.4074161453737197,-0.7475361799601864
2968,46606063,i,10,-2.128696095978129,0.06723572601283401,0.23416402116896506,21.089458538948374,-2.128696095978129
2969,46606063,r,6,-1.9833996755262338,0.10092509094903657,0.21793369019567077,22.407629954415487,-1.9833996755262338
2970,4665468,g,4,-1.5967456258503856,0.15587965387417402,0.2908473350851213,6.766104911892732,-1.5967456258503856
2971,4665468,i,4,-2.077884490284204,0.020892063286488405,0.09842865118613586,23.76947354012576,-2.077884490284204
2972,4665468,r,5,-2.0199016276412083,0.02138226608621041,0.08077234755576379,16.79373597790255,-2.0199016276412083
2973,46656529,i,8,-1.184124507625825,0.15211694883649862,0.39450773255651383,3.8256739694377875,-1.184124507625825
2974,46656529,r,7,-1.0546210638917763,0.1067639913775782,0.163586144991408,2.8396818490177815,-1.0546210638917763
2975,46705451,g,5,-0.5929532993908149,0.10512269954521702,0.25379519193111033,0.967564822822753,-0.5929532993908149
2976,46705451,i,5,-0.2842556863228181,0.06999499131066139,0.1288262397195281,0.1963416354202833,-0.2842556863228181
2977,46705451,r,8,-0.38949956329156216,0.08739426553622845,0.1764583050573355,0.49873309750887174,-0.38949956329156216
2978,46709234,g,4,-1.245066666046776,0.11695580132202998,0.27941531057716085,4.413095646089346,-1.245066666046776
2979,46709234,i,2,-1.7190532415734587,0.11572807499867632,0.11572807499867621,21.048644743592337,-1.7190532415734587
2980,46709234,r,7,-1.7470224358065345,0.1580859171432334,0.2717268488216191,13.670975684648875,-1.7470224358065345
2981,46752896,g,4,-1.2944401007181578,0.19503238011120172,0.4012888470162659,2.0167137229478653,-1.2944401007181578
2982,46752896,i,5,-1.4527580542112621,0.49247255692487446,0.6555993444764463,4.523298006534613,-1.4527580542112621
2983,46752896,r,5,-1.1880607094627937,0.24836797954693335,0.27364749387987564,3.2976084397219525,-1.1880607094627937
2984,46752896,u,3,-1.1867132704847005,0.38633481394511504,0.838042475111733,4.15968616340193,-1.1867132704847005
2985,46863920,i,6,0.6457607415386878,0.10481094707389338,0.5595864979320668,0.6638542610971417,0.6457607415386878
2986,46863920,r,4,-0.4619181904181982,0.07682103802048812,0.1460494193984026,1.4927567905367818,-0.4619181904181982
2987,46919406,i,8,-1.6635873356030106,0.21918404025683125,0.2995256534084447,8.95078434448187,-1.6635873356030106
2988,46919406,r,10,-1.928048600906337,0.11638750235573458,0.2942351643665515,9.070393925617072,-1.928048600906337
2989,46954203,g,3,-1.1617821200093092,0.03889405465066598,0.06747849504892711,4.466631613194149,-1.1617821200093092
2990,46954203,i,12,-1.9850146536492836,0.053884634125433095,0.09974272140848228,9.932453374556514,-1.9850146536492836
2991,46954203,r,7,-1.8273600846907445,0.11160140272311869,0.3552976872429223,10.797273748061029,-1.8273600846907445
2992,47026403,i,6,-1.8451418962479744,0.08007915767050944,0.12279724469232933,13.829885483263647,-1.8451418962479744
2993,47026403,r,6,-2.0444569694543024,0.06817711160114048,0.12401893828592447,8.08471510068007,-2.0444569694543024
2994,47029905,g,2,-0.9034632260328029,0.038838244980961334,0.03883824498096122,2.2444033575971254,-0.9034632260328029
2995,47029905,i,11,-1.0194205615255685,0.06268889130601107,0.1754526815664157,3.573739049941969,-1.0194205615255685
2996,47029905,r,8,-1.2288238414133839,0.03725100806501547,0.07295172934132022,7.699566893443308,-1.2288238414133839
2997,47094148,g,5,-0.8438916902847684,0.15998523563454814,0.2228473530135695,1.4193458629976459,-0.8438916902847684
2998,47094148,i,12,-1.2121833195050509,0.1527664322584401,0.32667991728499524,4.759812805889652,-1.2121833195050509
2999,47094148,r,14,-1.247789386857129,0.16119954263044578,0.3500785621375826,4.490894337969207,-1.247789386857129
3000,47100063,i,5,-1.2978058480165555,0.4919379032769253,0.6286734106369085,3.923752247799571,-1.2978058480165555
3001,47100063,r,6,-1.4543470627140556,0.07299682906784144,0.13516520141348587,4.0561287209527555,-1.4543470627140556
3002,47122382,i,5,-1.6775301926921418,0.5131870562997809,0.9341892380384123,5.252364122017999,-1.6775301926921418
3003,47122382,r,6,-1.0578879557158944,0.1565937809539132,0.2987168658274397,5.03837544599457,-1.0578879557158944
3004,47190154,g,5,-0.7204784511185326,0.08079201571900563,0.09958595198447151,2.1843158703489403,-0.7204784511185326
3005,47190154,i,9,-0.5940933585151855,0.1053274467753682,0.24824335773559247,0.8436657396909241,-0.5940933585151855
3006,47190154,r,12,-0.734398536347812,0.06568267258163729,0.12327377330162614,2.102430309627475,-0.734398536347812
3007,47267167,g,4,-0.8581362639904531,0.06786053467194608,0.1170766120516904,2.2205965888853583,-0.8581362639904531
3008,47267167,i,5,-0.6173203145741146,0.09781995716560243,0.1305097584011874,1.8470590720609237,-0.6173203145741146
3009,47267167,r,3,-1.0329630867502888,0.03983604045255973,0.0683369113453105,5.432628173546205,-1.0329630867502888
3010,47309724,g,2,-0.4222072749811334,0.059067331399716094,0.059067331399716094,0.42657376418091986,-0.4222072749811334
3011,47309724,i,8,-0.838199149593026,0.0875195162937758,0.15924214666707792,3.1897253183385437,-0.838199149593026
3012,47309724,r,8,-0.9998489869963217,0.15091461297587083,0.4405152967449225,2.641549872188572,-0.9998489869963217
3013,47319600,g,4,-1.608082230628902,0.1459188682153867,0.2037749847080932,4.923518709621767,-1.608082230628902
3014,47319600,i,9,-1.5533573285410944,0.33342060698773945,0.6651287287157941,9.004222163152452,-1.5533573285410944
3015,47319600,r,8,-1.8085397316282483,0.13508729903826722,0.19443076458841735,9.026525214794205,-1.8085397316282483
3016,47320713,g,2,-0.02534688626694581,0.09869576175883166,0.09869576175883166,0.02802634026221154,-0.02534688626694581
3017,47320713,i,5,0.6014799575462275,0.4366223250297325,0.9732803060435423,0.974601885525669,0.6014799575462275
3018,47320713,r,5,0.309921271355841,0.2011400056766135,0.23036819732700708,0.3506882134862602,0.309921271355841
3019,47322644,g,2,-1.486157767558986,0.030430786972180823,0.030430786972180934,6.990850190818378,-1.486157767558986
3020,47322644,i,12,-2.095598450718507,0.08384144604809918,0.19508356466784127,20.313404196413657,-2.095598450718507
3021,47322644,r,11,-2.0618259616627945,0.0696285104357548,0.14133930193462296,14.608762017427365,-2.0618259616627945
3022,47364720,g,2,-0.6544562041139279,0.18303576086827245,0.18303576086827245,1.56014709222951,-0.6544562041139279
3023,47364720,i,11,-1.0091945682009178,0.14837976884193926,0.3011099813354444,2.961924902634362,-1.0091945682009178
3024,47364720,r,6,-1.1967530287560328,0.050776495469346705,0.10214933243813262,6.558324073788043,-1.1967530287560328
3025,47408058,i,9,-2.2336267057909813,0.20519975868167206,0.3523487831828809,23.916733479139772,-2.2336267057909813
3026,47408058,r,5,-2.3003909641833626,0.042753247041591,0.04675261094238836,18.545968460354565,-2.3003909641833626
3027,47408775,g,2,-0.9645996357684843,0.06471345762969749,0.06471345762969749,2.42297320900859,-0.9645996357684843
3028,47408775,i,9,-1.720447813716281,0.23899014065849555,0.4959260556095555,10.203798349270828,-1.720447813716281
3029,47408775,r,11,-1.5421191939144716,0.14739394944331652,0.4489756723012075,11.042290011508067,-1.5421191939144716
3030,47416567,g,5,-0.861497823907452,0.17072724287604524,0.9047870579974698,2.9639799560040023,-0.861497823907452
3031,47416567,i,12,-1.4920743454704237,0.19276210081172085,0.340194339772085,5.616028635241719,-1.4920743454704237
3032,47416567,r,8,-1.294604058675371,0.10590461491874303,0.20054820790376393,5.170855600770677,-1.294604058675371
3033,47426483,g,2,-0.938632951392234,0.18918118026651998,0.18918118026651998,2.9699351751129424,-0.938632951392234
3034,47426483,i,6,-1.8968285619664909,0.1584276212387521,0.39630059946840746,14.336349279261476,-1.8968285619664909
3035,47426483,r,5,-1.670969479164877,0.05977389828563151,0.12436701062886746,11.967329146057251,-1.670969479164877
3036,47506920,g,3,-1.3837118906282868,0.04380552168576268,0.06524864094849514,5.551115432749064,-1.3837118906282868
3037,47506920,i,4,-2.1144349756422365,0.07415291252127032,0.12664768546519278,18.503372845391674,-2.1144349756422365
3038,47506920,r,5,-2.0959672062001253,0.00817512463928427,0.009423030629836404,19.701959774457116,-2.0959672062001253
3039,47634977,g,4,0.011270203362996334,0.10953382556975799,0.2630500688366294,0.4540271411194355,0.011270203362996334
3040,47634977,i,5,0.36478914442413535,0.12159968291022194,0.14800531949740353,0.2400113449563755,0.36478914442413535
3041,47634977,r,11,0.02505855071098284,0.10702996856802494,0.22799571436969016,0.2636117484470866,0.02505855071098284
3042,47636387,g,2,-0.6989814788664128,0.09562512914969701,0.09562512914969701,1.503833217074006,-0.6989814788664128
3043,47636387,i,7,-0.609505896673628,0.4787743929322763,0.7270072590445754,1.1371640732599608,-0.609505896673628
3044,47636387,r,6,-0.7012672194708005,0.3799756043488475,0.7076831637031519,1.6865075644682486,-0.7012672194708005
3045,47712043,i,6,-2.8044314594410826,0.03779021524628856,0.1407890712130193,30.263261743309002,-2.8044314594410826
3046,47712043,r,6,-2.689154273927367,0.10158877803873279,0.31076674401156223,28.53781879299413,-2.689154273927367
3047,47739880,g,3,-0.7232539913830589,0.04832096348414283,0.19442386393002542,1.0419395677008676,-0.7232539913830589
3048,47739880,i,5,-0.5732258222268303,0.07633912809670684,0.2517712519385813,0.914767553829836,-0.5732258222268303
3049,47739880,r,6,-0.7834302255744109,0.03855736195090603,0.058856185706116504,2.1492584636533807,-0.7834302255744109
3050,47740002,i,9,-2.4809703980658524,0.10474781068085992,0.19065232548408861,22.686877285245878,-2.4809703980658524
3051,47740002,r,8,-2.419477219432185,0.05976400361847145,0.16847610045738826,21.230736418801428,-2.419477219432185
3052,47789034,i,7,-2.04135925686211,0.0889093029273702,0.43933645207549654,16.740641715011527,-2.04135925686211
3053,47789034,r,6,-2.2599390249389675,0.09399022188172745,0.1517492500571791,12.258063865461338,-2.2599390249389675
3054,47863693,g,2,-0.7647485867112735,0.012468909306914133,0.012468909306914133,2.2701992937120545,-0.7647485867112735
3055,47863693,i,4,-0.865173867079597,0.13312522921605768,0.15873162272985752,2.282184325522701,-0.865173867079597
3056,47863693,r,7,-0.7544781495206709,0.03535699774921908,0.10538274891250532,3.8635656482511416,-0.7544781495206709
3057,47876109,g,3,-0.8587757452962678,0.03630008757100134,0.03704614669077411,2.7225228454238803,-0.8587757452962678
3058,47876109,i,5,-0.5700512249114641,0.07455486667167344,0.5044530433403736,4.123298450312723,-0.5700512249114641
3059,47876109,r,2,-1.1553778327449733,0.012031599792892145,0.012031599792892145,8.52612050833818,-1.1553778327449733
3060,47876109,u,2,-0.6183811010976594,0.016897201538085938,0.016897201538085938,0.8099972522485339,-0.6183811010976594
3061,47881281,i,10,-1.6354893486350686,0.0752550696990193,0.2877381052900587,13.574631854238216,-1.6354893486350686
3062,47881281,r,9,-1.9290031368167653,0.1188182810817382,0.14196085253179436,10.134490498998652,-1.9290031368167653
3063,47941557,g,2,-1.1596269880238066,0.09279417081848385,0.09279417081848385,2.2968184997101426,-1.1596269880238066
3064,47941557,i,9,-1.9903347244781968,0.1855083632044039,0.32349842663834627,18.37316995221184,-1.9903347244781968
3065,47941557,r,7,-1.940081902308746,0.08430265469276432,0.16374919408810928,10.203549251614655,-1.940081902308746
3066,47978167,i,5,-1.2421144131871378,0.4096091393967034,0.7414147498168622,3.1083812105252084,-1.2421144131871378
3067,47978167,r,5,-1.186808449495087,0.14237377756008351,0.939504674347168,5.046325476233912,-1.186808449495087
3068,48034459,i,7,-1.9511267219423567,0.09940751610662102,0.30072198125422345,12.593111710478178,-1.9511267219423567
3069,48034459,r,4,-1.8257196854623141,0.08843510298287238,0.1642421513781389,10.817993559306549,-1.8257196854623141
3070,4804881,g,2,-0.5908057204448216,0.1417690567372234,0.1417690567372234,1.0455926951694983,-0.5908057204448216
3071,4804881,i,5,-1.2864302981486735,0.05292484962667876,0.09050713575807512,6.834145401633601,-1.2864302981486735
3072,4804881,r,4,-0.7470128635592523,0.09137952400649779,0.1936749509279414,2.3656009463770893,-0.7470128635592523
3073,48111516,i,9,-0.7778427442053251,0.06811639835784633,0.11688665359937733,1.7954214125406454,-0.7778427442053251
3074,48111516,r,5,-1.1138166086458101,0.0037191976891848277,0.05395651860836859,3.8135194740895075,-1.1138166086458101
3075,48231264,g,3,-1.4750018946585717,0.10179287958430971,0.38333392703824964,6.3656459015320435,-1.4750018946585717
3076,48231264,i,11,-1.8451227985361451,0.08749174708839247,0.5355149517221269,8.303909324614809,-1.8451227985361451
3077,48231264,r,12,-2.050490862333726,0.09467259423836438,0.27709923270248615,9.068824805844093,-2.050490862333726
3078,48231264,u,2,-2.326137636776944,0.02751172879359487,0.02751172879359487,9.666700520748442,-2.326137636776944
3079,48248805,i,10,-2.4798234743058805,0.1404742737600877,0.24212175586826223,30.671545430753223,-2.4798234743058805
3080,48248805,r,5,-2.195284251474864,0.05400380065408772,0.10607192411393074,26.69023729901442,-2.195284251474864
3081,4827975,i,8,-1.0327175791358236,0.23454500478922258,0.7053817003533327,5.5645266773479465,-1.0327175791358236
3082,4827975,r,6,-1.4673064742288195,0.05031683132975462,0.24373319652743541,8.342813277784474,-1.4673064742288195
3083,48337861,g,2,-0.43429766705047146,0.03832427263114613,0.03832427263114613,0.3276814745736638,-0.43429766705047146
3084,48337861,i,13,-1.500253464083985,0.11923635844472091,0.2510725704029175,4.393716460319721,-1.500253464083985
3085,48337861,r,6,-1.3353924549596328,0.060062781140847066,0.10378406146813979,4.783136188537896,-1.3353924549596328
3086,48435083,i,13,-2.0781226685891028,0.14526307653373216,0.3165874474707584,11.714704191659036,-2.0781226685891028
3087,48435083,r,5,-1.811551606696045,0.04459404223243002,0.31705546371406035,9.743077256458099,-1.811551606696045
3088,48458162,g,3,-0.5002821145133429,0.17150370848662355,1.3165896164143616,1.3010831879903444,-0.5002821145133429
3089,48458162,i,9,-0.30616041748948464,0.2772111506992082,0.5513356449151214,0.3722742792635208,-0.30616041748948464
3090,48458162,r,10,-0.6630987684851575,0.15729954635217813,0.5317935646649498,1.2589027741577092,-0.6630987684851575
3091,48458162,u,2,0.3468795479505228,0.054559343415221284,0.054559343415221284,0.29110749747573383,0.3468795479505228
3092,48488147,g,5,-1.7769269079314922,0.11079424852224129,0.12186177658229536,5.6479325719662725,-1.7769269079314922
3093,48488147,i,17,-1.601707240632538,0.11776366840178554,0.22505188348681293,10.638350905098374,-1.601707240632538
3094,48488147,r,16,-1.8349162494763278,0.1040649885557775,0.3095498137712178,10.062793994046952,-1.8349162494763278
3095,48590855,g,4,-0.9943615624720723,0.08814031767322406,0.12065007718796594,1.740358607409084,-0.9943615624720723
3096,48590855,i,4,-1.1672124776013701,0.14196963140043228,0.3316439485128777,6.031205325214209,-1.1672124776013701
3097,48590855,r,5,-1.0276536348173952,0.07083728869360584,0.2941056227259994,5.118971972660203,-1.0276536348173952
3098,48666482,g,2,-0.7997997105466189,0.22368708006230797,0.22368708006230809,1.8930070049574406,-0.7997997105466189
3099,48666482,i,9,-1.5661108265867112,0.16065656527356742,0.27878395173852066,7.769543161760337,-1.5661108265867112
3100,48666482,r,7,-1.6313051860190861,0.1895290174557358,0.3707563277560295,7.0482119512069215,-1.6313051860190861
3101,48667218,g,3,-0.6799021852284031,0.012001703589004764,0.17143817778070247,1.8514304610460701,-0.6799021852284031
3102,48667218,i,16,-0.8063282110034875,0.28327066555083036,0.5255539367774642,1.7214268561270158,-0.8063282110034875
3103,48667218,r,13,-1.0108512007102413,0.053825833244477206,0.24943729420180627,2.1925581984539417,-1.0108512007102413
3104,48667218,u,5,-0.7140315276024265,0.30464269049765935,0.3859934237517795,1.111712058775765,-0.7140315276024265
3105,48669324,i,8,-0.18420994846614408,0.08810923536045845,0.3784092432343493,0.10748259495912194,-0.18420994846614408
3106,48669324,u,2,-0.05496280699587697,0.45590344294974594,0.45590344294974594,0.3224591343135381,-0.05496280699587697
3107,48686339,i,6,-0.9754063830107261,0.03507523296156062,0.05416528819179822,3.2885929303464074,-0.9754063830107261
3108,48686339,r,5,-1.3197670988084826,0.016497292409034747,0.02674758357715401,5.548156108450545,-1.3197670988084826
3109,48786146,i,8,-0.9451144462203629,0.26693606157782296,0.48114118798918704,2.35112755236159,-0.9451144462203629
3110,48786146,r,7,-1.1597844395185206,0.06280866227306658,0.1112851306007474,2.2399596307821485,-1.1597844395185206
3111,48955172,g,5,-1.7815097467720227,0.15443713516912627,0.28293795411302813,5.242826286970128,-1.7815097467720227
3112,48955172,i,7,-2.1287774651632105,0.3187807931191746,0.5144422921373177,10.556037225369764,-2.1287774651632105
3113,48955172,r,6,-2.2660380511249603,0.05303265882148778,0.08341451237151798,9.681432359247351,-2.2660380511249603
3114,4895894,i,8,-1.7194083756183056,0.04648097473329882,0.08927896295415305,15.83207371686213,-1.7194083756183056
3115,4895894,r,7,-1.8189772442948762,0.03117363877360768,0.08379926097548407,10.73799868749988,-1.8189772442948762
3116,4900169,i,5,-3.067740438283221,0.11353291520055908,0.22537084269216745,37.796061636605145,-3.067740438283221
3117,4900169,r,7,-2.641641389607825,0.05998368162951628,0.14909415295580608,19.105341785489124,-2.641641389607825
3118,49049631,i,11,-1.6639048112479657,0.08021836036365415,0.16465225579084786,11.648449439316227,-1.6639048112479657
3119,49049631,r,7,-1.7378047261461957,0.03788454672551711,0.06389931063199006,10.854383489977682,-1.7378047261461957
3120,49080497,g,3,-1.5959955788091162,0.06151876081847174,0.45923001943556385,7.892231756295092,-1.5959955788091162
3121,49080497,i,10,-2.983334455320752,0.13750103150684012,0.2575084953419098,22.509384478846492,-2.983334455320752
3122,49080497,r,8,-2.862463239678223,0.21565903778734485,0.3397484027727491,16.13507722226108,-2.862463239678223
3123,49118945,g,4,-1.6939914877283053,0.3636707327867259,0.606469867380161,4.786522905632838,-1.6939914877283053
3124,49118945,i,6,-1.7801935197970464,0.28231678917250846,0.5006013718304534,10.981135050144568,-1.7801935197970464
3125,49118945,r,7,-1.942640607560132,0.1719807600237444,0.30982974113983586,9.092157642650447,-1.942640607560132
3126,49126726,g,2,-1.396248888319414,0.16834295322755388,0.168342953227554,2.460081718366523,-1.396248888319414
3127,49126726,i,11,-0.7349124563805268,0.2396915346187405,0.4641543083568631,2.641539794729773,-0.7349124563805268
3128,49126726,r,9,-1.259280732327136,0.16347756623986753,0.312327265731585,5.2007218245607,-1.259280732327136
3129,49126726,u,2,-1.4460085612211322,0.1072739273791381,0.1072739273791381,4.114641959804563,-1.4460085612211322
3130,49176650,g,6,-0.9814030563100875,0.027817449385829862,0.054431027417929156,2.911764888213444,-0.9814030563100875
3131,49176650,i,10,-1.2774339155133725,0.5062891770101533,0.8031639396563148,4.972468337722835,-1.2774339155133725
3132,49176650,r,9,-1.184135244922036,0.28293292953110516,0.4816471210638188,5.1208620330096855,-1.184135244922036
3133,49233872,i,8,-1.4564222317406208,0.06187335291960072,0.13452090060468436,9.106974230031089,-1.4564222317406208
3134,49233872,r,9,-1.6773539322516007,0.07641637416117608,0.11870456443345478,8.993675092474938,-1.6773539322516007
3135,49234101,i,11,-0.6323526566490637,0.1326607607261795,0.20954702105403034,0.8641002734927561,-0.6323526566490637
3136,49234101,r,8,-0.9337734858891906,0.08016696156100012,0.11885609253568596,2.326094807329615,-0.9337734858891906
3137,49268341,i,8,-1.7551060554935305,0.04164179762818876,0.08796144107366777,19.448761144532227,-1.7551060554935305
3138,49268341,r,8,-2.0214523869523893,0.030934489983320157,0.11085479847372759,18.26547430971432,-2.0214523869523893
3139,49289036,g,3,-0.2246623397079297,0.08732502023197108,0.3273688047535388,0.36991201679499525,-0.2246623397079297
3140,49289036,i,12,-1.696227023554176,0.1671207347183381,0.6104112729736115,8.657846410080593,-1.696227023554176
3141,49289036,r,15,-1.5015858950535295,0.08390833447908363,0.18475514595878373,6.685214273968577,-1.5015858950535295
3142,49295307,g,2,-1.2806587715204594,0.011023962000169307,0.011023962000169085,0.9443744116727195,-1.2806587715204594
3143,49295307,i,4,-1.0291067906263285,0.06412405856081849,0.12018300945020566,1.9234132318120256,-1.0291067906263285
3144,49295307,r,6,-1.212636204474081,0.022495577246995135,0.13986626520655254,2.6905951210322727,-1.212636204474081
3145,49353068,g,4,-1.2669299916680665,0.08340674711058826,0.18008940025851894,1.315608592461523,-1.2669299916680665
3146,49353068,i,6,-1.0111179590067585,0.20093007513391997,0.3023416886419892,2.1146971826996066,-1.0111179590067585
3147,49353068,r,4,-0.9599007041251066,0.07417025601225569,0.11052310569472845,1.7725871224253105,-0.9599007041251066
3148,49371236,i,15,-1.9009017580958778,0.16101715138321637,0.45025875187220876,11.938595696979734,-1.9009017580958778
3149,49371236,r,7,-1.7529318560574723,0.44477727453081695,0.573695496632654,7.8168679852807825,-1.7529318560574723
3150,49384394,g,3,-1.4525714696517273,0.09354152732378362,0.3489365701060565,2.156137736348901,-1.4525714696517273
3151,49384394,i,7,-0.6856681197273158,0.1198093428082313,0.502996357797098,3.2153190896892627,-0.6856681197273158
3152,49384394,r,8,-1.1124416341604708,0.1494847485562647,0.28622991301474,4.299991948131153,-1.1124416341604708
3153,49384394,u,2,-1.1458691609039706,0.5180549538960386,0.5180549538960385,2.361880386576236,-1.1458691609039706
3154,49423196,g,2,-1.7934940662904462,0.0013657187123976566,0.0013657187123974346,3.0347423327913132,-1.7934940662904462
3155,49423196,i,7,-1.5107012754858817,0.06263272834870226,0.48540903996931295,15.284112563511055,-1.5107012754858817
3156,49423196,r,3,-1.7932366114898537,0.06474961315798611,0.09168496183648034,5.075283770729643,-1.7932366114898537
3157,49458150,i,14,-1.16494485954347,0.2490660301151163,0.5652848552488093,3.1151361904883217,-1.16494485954347
3158,49458150,r,12,-1.2511076354782316,0.166283604781577,0.3045412298215324,3.5383583928152085,-1.2511076354782316
3159,49547401,g,2,-1.8342532150012532,0.03357346651597404,0.03357346651597415,3.5788203667916116,-1.8342532150012532
3160,49547401,i,8,-1.444634488848354,0.16579774392891755,0.21750581041925332,5.25843323319825,-1.444634488848354
3161,49547401,r,8,-1.324677130982625,0.03520145000022379,0.09323524427827956,5.585803769816309,-1.324677130982625
3162,49547401,u,2,-1.7323826868689365,0.21337778593614387,0.21337778593614365,2.602515574447529,-1.7323826868689365
3163,49550735,g,2,-1.0142029167380513,0.06829198329130165,0.0682919832913017,3.7859380281328407,-1.0142029167380513
3164,49550735,i,4,-1.381726647163796,0.04790308595548287,0.0871004165902618,6.473418576872203,-1.381726647163796
3165,49550735,r,5,-1.4164572823774206,0.0856429674328949,0.2000629200547026,8.843911758435228,-1.4164572823774206
3166,49583738,i,5,-0.050684923305288676,0.10899312150486493,0.13230571766707006,0.26772448872307425,-0.050684923305288676
3167,49583738,r,6,-0.14945631316565317,0.3365345772895689,0.5864443541826486,0.7275139704588359,-0.14945631316565317
3168,49648527,g,6,-0.4875036761097803,0.07652842090937023,0.1525282607173094,0.960026381070144,-0.4875036761097803
3169,49648527,i,2,0.5325346282978742,0.21396218850368648,0.21396218850368653,0.7083615823177096,0.5325346282978742
3170,49648527,r,5,-0.2687824656702693,0.09014610290501018,0.1620015007871125,0.6090416220681515,-0.2687824656702693
3171,49648527,u,3,0.11694493683287788,0.006118383908100267,0.16355123980461528,0.22779894332572556,0.11694493683287788
3172,49683929,i,6,-0.6154761809700531,0.07386721010468078,0.12001134815527537,1.7349977783727581,-0.6154761809700531
3173,49683929,r,6,-1.1449707460519303,0.20912293052718722,0.31793824596796183,4.311261295245162,-1.1449707460519303
3174,49724786,i,7,-1.9295034731246932,0.20455005732027676,0.31285956322734476,17.168210165805533,-1.9295034731246932
3175,49724786,r,6,-1.959182077632568,0.08425867444894442,0.14093257547730986,13.778322436358211,-1.959182077632568
3176,49742432,g,2,-1.591797886230035,0.12590066482413742,0.1259006648241372,5.4652786800139745,-1.591797886230035
3177,49742432,i,9,-1.504843926721363,0.49838392795178277,0.7928795689669925,6.407518576370601,-1.504843926721363
3178,49742432,r,9,-1.8638635733380986,0.36177523823790025,0.642399275050461,7.588456962744112,-1.8638635733380986
3179,49743682,i,11,-1.679204950355513,0.3217696582135974,0.680126914197273,9.988414021166916,-1.679204950355513
3180,49743682,r,4,-1.6693343452611047,0.16844645355367183,0.42277205699875364,9.25206658714755,-1.6693343452611047
3181,49773312,i,5,-1.1787288757463894,0.10526593305908905,0.3523339487078492,2.0972004259604815,-1.1787288757463894
3182,49773312,r,9,-0.9290298168715428,0.08398048879796116,0.501166323163989,2.5743803415901017,-0.9290298168715428
3183,49781214,g,2,-0.8342168376897944,0.010070251304873934,0.010070251304873823,2.603521451917504,-0.8342168376897944
3184,49781214,i,11,-1.5334079493859631,0.08688802739036738,0.26637459707870637,5.15689386223585,-1.5334079493859631
3185,49781214,r,11,-1.3321084909258032,0.11223425650582408,0.1945200763480177,6.066395585374966,-1.3321084909258032
3186,49792834,g,3,-0.6045703524759577,0.04085822685506846,0.06764701732287359,1.5886672479272657,-0.6045703524759577
3187,49792834,i,6,-0.5582477068737858,0.1411481803449782,0.3929127855503029,1.5618689265256636,-0.5582477068737858
3188,49792834,r,6,-0.7383114626699878,0.19017972143348771,0.2975488601422007,2.8870388540523764,-0.7383114626699878
3189,49847271,g,2,-0.8882181584109503,0.014303816938057656,0.014303816938057712,3.0877266897158764,-0.8882181584109503
3190,49847271,i,7,-0.45443170027391244,0.3044855116811145,0.5472976466741948,1.3037631032409798,-0.45443170027391244
3191,49847271,r,4,-0.821287042500742,0.3956739205590951,0.8278210355477277,4.464392573514244,-0.821287042500742
3192,49895176,g,2,-1.0932550890855475,0.0196040237756403,0.0196040237756403,3.676535633156501,-1.0932550890855475
3193,49895176,i,7,-1.619255470806427,0.3817656772951721,0.9020751824833518,3.7827187364603634,-1.619255470806427
3194,49895176,r,6,-1.4144317947414393,0.6796629537656919,1.261718957569622,5.128694535002979,-1.4144317947414393
3195,49895176,u,2,-1.056405422279131,0.06892169926465685,0.06892169926465685,3.015266485539091,-1.056405422279131
3196,49910653,g,5,-1.6059900160305949,0.08953404764428363,0.11792365356990153,4.887851212753428,-1.6059900160305949
3197,49910653,i,10,-1.809278222794371,0.3050696145786673,0.5581061804199559,7.379635346678209,-1.809278222794371
3198,49910653,r,12,-1.6941960108298333,0.12835390521496604,0.3001919761432319,7.058211414936189,-1.6941960108298333
3199,49932638,i,5,-1.8859082735399277,0.22887540888540103,0.5824594897021624,14.467410511422376,-1.8859082735399277
3200,49932638,r,6,-2.0743347820239784,0.2531635279227,0.43329876325968275,10.445696462429904,-2.0743347820239784
3201,49946825,i,5,-1.585470321849664,0.07544379647997057,0.0957556590704316,7.586865108981437,-1.585470321849664
3202,49946825,r,7,-1.337673068912788,0.057676676150656414,0.2073539231374646,5.083920624831448,-1.337673068912788
3203,49985821,i,8,-2.3417329669608176,0.05043246117786948,0.10474727478587198,28.207274944503833,-2.3417329669608176
3204,49985821,r,8,-2.2088181661379425,0.11051844690773294,0.3250328631623023,15.796350103661077,-2.2088181661379425
3205,50006733,g,3,-0.965409633768501,0.04279718758144124,0.3335016508307884,1.4712957993204059,-0.965409633768501
3206,50006733,i,8,-1.4154910133262861,0.11409979319539143,0.2500523755468973,6.437179238144653,-1.4154910133262861
3207,50006733,r,10,-1.2904065531495168,0.022731370320350996,0.04464498090917779,7.8196835038437085,-1.2904065531495168
3208,50018615,g,3,-0.8026724632697742,0.08626632372706688,0.10706076593309155,2.1218461340609975,-0.8026724632697742
3209,50018615,i,8,-1.1717600558405086,0.10070343495336864,0.26750272171406775,3.177790567667699,-1.1717600558405086
3210,50018615,r,8,-1.2767075321115162,0.21157835828310134,0.43133495777909303,6.02779398198958,-1.2767075321115162
3211,50032268,g,6,-0.8639640365928372,0.07693227895807647,0.11841580898691251,1.7222477921138888,-0.8639640365928372
3212,50032268,i,15,-1.2986952507263627,0.22682329354360853,0.44102107279408886,3.9425177354463377,-1.2986952507263627
3213,50032268,r,13,-1.38164389044596,0.11603142725341731,0.18950960855846488,4.751273543521413,-1.38164389044596
3214,50076203,g,2,-0.8028448274153805,0.0336720423284152,0.03367204232841525,2.2671240781475532,-0.8028448274153805
3215,50076203,i,6,-1.4067542862081805,0.14627440750851983,0.2371836352263208,6.971979559263803,-1.4067542862081805
3216,50076203,r,3,-1.385606221363091,0.07361512338729348,0.14368715105060836,9.290996398521003,-1.385606221363091
3217,50109675,i,7,-1.9869511262847446,0.13355472828548076,0.5340436110999089,12.484209462500406,-1.9869511262847446
3218,50109675,r,7,-1.6467149107762882,0.06102357038253392,0.16377901781101878,10.726005336907816,-1.6467149107762882
3219,50171046,g,3,-0.9267102862026988,0.09226615694257345,0.5317681915878574,3.863492070643891,-0.9267102862026988
3220,50171046,i,8,-1.6564608288905407,0.40404506980854094,0.6997699207936972,9.080158129418614,-1.6564608288905407
3221,50171046,r,9,-1.3604893072750737,0.2010442583628762,1.0685355611696026,9.381403769762075,-1.3604893072750737
3222,501874,g,3,-1.0536558698843979,0.023071860659640064,0.04349725575471264,2.917681162691815,-1.0536558698843979
3223,501874,i,9,-1.4260176591204272,0.10558533122836744,0.3547600986601147,8.207442817059315,-1.4260176591204272
3224,501874,r,7,-1.5857171371057004,0.10227672517610387,0.1600871042687806,9.742457786967659,-1.5857171371057004
3225,5019117,i,12,-1.6305031997432913,0.20588294538231466,0.3359312865004829,6.34958403991559,-1.6305031997432913
3226,5019117,r,13,-1.3756536322375852,0.05418374700207429,0.14768462587257325,6.708710520008601,-1.3756536322375852
3227,50214950,g,2,-0.5109513847246203,0.14878282815258426,0.14878282815258426,0.4288203074570329,-0.5109513847246203
3228,50214950,i,5,-1.5280639390763695,0.08063951252513513,0.11244806084747316,4.915692467197136,-1.5280639390763695
3229,50214950,r,14,-1.2565072697561943,0.018128000568030433,0.02649023968482145,4.797842243154925,-1.2565072697561943
3230,50318662,g,5,-0.7895729168790623,0.05006062084800411,0.07638186203179465,2.277459891616172,-0.7895729168790623
3231,50318662,i,9,-1.2182485202351014,0.29012597920286276,0.4139343539609195,4.1794828975838225,-1.2182485202351014
3232,50318662,r,6,-1.0306160031096123,0.050990330153178665,0.08290362394341244,5.537129617558609,-1.0306160031096123
3233,5034149,i,13,-1.0337973539965057,0.0706227346736803,0.1129183393358808,3.3472127390517263,-1.0337973539965057
3234,5034149,r,9,-1.1332015872228958,0.06859503850396242,0.15778890638032328,4.766841011026247,-1.1332015872228958
3235,50377639,i,8,-0.9378330831277151,0.14967283666566938,0.33283424769510817,5.669702734832494,-0.9378330831277151
3236,50377639,r,3,-1.7059078986122482,0.14847536458573307,0.31981122115218863,6.735848991745466,-1.7059078986122482
3237,50378499,i,7,-0.8966849953532521,0.035695970615344574,0.0882649967031115,2.5459658601199946,-0.8966849953532521
3238,50378499,r,4,-1.053160249125869,0.08978948523562136,0.16020758575312355,3.2795456281016406,-1.053160249125869
3239,50385791,i,10,-1.815599283925525,0.0888615950102597,0.1517253517703845,6.594660710016159,-1.815599283925525
3240,50385791,r,6,-1.5768202149715957,0.1900071360888771,0.5090296163367922,3.994242137649055,-1.5768202149715957
3241,50403028,i,9,-1.71418337782578,0.11585975444389951,0.15635290346644704,14.092206242385657,-1.71418337782578
3242,50403028,r,8,-1.7303418728393523,0.18197015221473867,0.2458864066374451,12.184005351821519,-1.7303418728393523
3243,5040779,g,3,-0.7050751771939914,0.07047836308468303,0.2730317818075031,2.3416112072605313,-0.7050751771939914
3244,5040779,i,10,-1.4454684106067486,0.17060947256175518,0.33915786114690794,9.986465054754047,-1.4454684106067486
3245,5040779,r,11,-1.4448037952804733,0.09722010994872665,0.18148744221134305,8.319319628007007,-1.4448037952804733
3246,50425275,i,6,-1.2109899195389584,0.08941944967452853,0.27370300563531114,2.4269738044883002,-1.2109899195389584
3247,50425275,r,4,-0.9990366743347323,0.07923442110145629,0.1893563488640797,3.225113417756531,-0.9990366743347323
3248,5052451,i,8,-1.7297033348299782,0.1268702475173331,0.6764541330807823,7.988506946452047,-1.7297033348299782
3249,5052451,r,4,-1.7791700267094765,0.10201927719421411,0.15659708185172705,5.488628565183008,-1.7791700267094765
3250,50536357,i,15,-0.8763607785491108,0.10151637287777815,0.3303349478782398,3.661572486213708,-0.8763607785491108
3251,50536357,r,9,-1.0880212696182774,0.09104854326550638,0.22926247281048373,4.5518727296965675,-1.0880212696182774
3252,50538344,g,2,-1.1887389244760926,0.07605126137307194,0.07605126137307172,4.289380062629856,-1.1887389244760926
3253,50538344,i,5,-1.773629911360408,0.32256962446680615,0.3570406134386217,16.340317064224628,-1.773629911360408
3254,50538344,r,7,-1.5971527189140984,0.07746770737920805,0.1341730567611621,11.476822196757498,-1.5971527189140984
3255,50561088,i,13,-1.7718685311235158,0.21446213056505004,0.29715589723385527,10.864844557170214,-1.7718685311235158
3256,50561088,r,9,-1.8462570937545553,0.2305119627850476,0.5031424562712883,9.024065380019723,-1.8462570937545553
3257,5057207,g,4,-0.9093203647717599,0.1851799561885522,0.3022570699258196,1.885963769953535,-0.9093203647717599
3258,5057207,i,8,-0.948398142958077,0.08751751907689587,0.17833864292885493,4.362406069636098,-0.948398142958077
3259,5057207,r,10,-1.235665934350873,0.05348703220427631,0.11147508536116257,5.310955119488551,-1.235665934350873
3260,5057207,u,2,-1.7950928829191795,0.08701238717256077,0.08701238717256077,6.545255904912201,-1.7950928829191795
3261,50639649,i,8,-1.4274993453933158,0.05179571893795898,0.22208322178383266,2.549288923592951,-1.4274993453933158
3262,50639649,r,7,-1.4728100253325456,0.1845658543822204,0.5031422060132742,2.8336843832723346,-1.4728100253325456
3263,50648952,i,7,-1.8681890663316503,0.23972961467129772,0.3000951956552189,10.312175600163144,-1.8681890663316503
3264,50648952,r,10,-1.6250943733137453,0.17537649625144658,0.6741518313806483,4.3899886418149805,-1.6250943733137453
3265,50653879,g,4,-1.210865137889668,0.14215665414871848,0.2472048436654739,4.431366211168246,-1.210865137889668
3266,50653879,i,9,-1.5393987152898998,0.418768901756984,0.5368756159040335,12.375154343787699,-1.5393987152898998
3267,50653879,r,13,-1.763478899645574,0.35339759653898395,0.7820056097383161,11.263512466085057,-1.763478899645574
3268,50669220,g,4,-1.0742586535781262,0.006435256229524011,0.03196207670269269,2.112839467672297,-1.0742586535781262
3269,50669220,i,9,-1.0662497304509175,0.2454644875273474,0.3778131254472371,2.8191947805054793,-1.0662497304509175
3270,50669220,r,11,-1.2011697188207815,0.07393295533800748,0.11633227090405862,4.049098331562302,-1.2011697188207815
3271,5085381,g,3,-0.9556435830305965,0.043107526540430596,0.05723019592312906,2.3022670408654924,-0.9556435830305965
3272,5085381,i,5,-1.697280703530419,0.06436478864808515,0.07207406299354191,8.095378429999231,-1.697280703530419
3273,5085381,r,5,-1.4789866685647013,0.03959177341843101,0.05252132136321319,6.8814305304320245,-1.4789866685647013
3274,50882413,g,3,-1.1778442966331568,0.008039127995443929,0.03894484887067762,4.527090906701713,-1.1778442966331568
3275,50882413,i,10,-2.502518495299266,0.2083268506720788,0.4119612423826351,25.07767425925225,-2.502518495299266
3276,50882413,r,10,-2.522427368546386,0.12359304395695725,0.22993907961163984,17.662074445530124,-2.522427368546386
3277,50892502,i,6,-2.6292760952680547,0.10474841295640025,0.19487082811932455,15.14211641060519,-2.6292760952680547
3278,50892502,r,5,-2.454767849945891,0.09949152773252656,0.1817566076301116,13.384525844597519,-2.454767849945891
3279,50975105,g,4,-0.3441855130157683,0.18630854685067966,0.35636836135128264,0.5728692778237402,-0.3441855130157683
3280,50975105,i,5,-0.615705672425868,0.1184559847737115,0.22421794269946466,1.229897483236365,-0.615705672425868
3281,50975105,r,7,-0.7836475023877263,0.018291796261205917,0.10019646843501429,2.1832817939286335,-0.7836475023877263
3282,51060756,g,3,-1.006360699949219,0.0007965414830695128,0.4162254000424763,3.994886780194465,-1.006360699949219
3283,51060756,i,6,-1.2493185293571365,0.03861418216010837,0.21744847201403306,10.021615880296434,-1.2493185293571365
3284,51060756,r,6,-1.5594626154061682,0.13792171429566102,0.7652296367056681,10.538381341327863,-1.5594626154061682
3285,51060756,u,2,-1.1598871445891057,0.06578776423736099,0.06578776423736121,2.5520457577556948,-1.1598871445891057
3286,51082417,i,7,-2.362213125115404,0.05170832540924453,0.13707268177913612,17.086891924204615,-2.362213125115404
3287,51082417,r,5,-2.060732468917964,0.18876592204839016,0.2137625756585071,10.75294256091117,-2.060732468917964
3288,5108394,g,5,-0.7759791811324028,0.1463875757040899,0.5141506841883122,2.5225933320890213,-0.7759791811324028
3289,5108394,i,5,-1.7671867597055064,0.15132087711795106,0.6230021605461271,9.154510418889286,-1.7671867597055064
3290,5108394,r,8,-1.8065483750581925,0.04211548342530402,0.23099295017667854,7.486653709836681,-1.8065483750581925
3291,51119581,i,9,-0.9553253903382632,0.09174503736205608,0.1685954626929833,2.6694260085686694,-0.9553253903382632
3292,51119581,r,10,-1.117118316250138,0.05487820647249053,0.0966766750112995,4.737817839726533,-1.117118316250138
3293,51128003,i,6,-0.9843354744317797,0.05206329618930838,0.17615275256618323,5.75578251413605,-0.9843354744317797
3294,51128003,r,6,-1.2875000386512323,0.015810045615039847,0.036877727061470855,9.744228636772261,-1.2875000386512323
3295,51310537,g,2,-1.5767934880854797,0.1133998230953801,0.1133998230953801,6.234862940401268,-1.5767934880854797
3296,51310537,i,9,-2.480020625228559,0.23543764372541043,0.4538828909529884,20.79223588175079,-2.480020625228559
3297,51310537,r,8,-2.1374862205177143,0.1813229952501394,0.35520620751148635,14.452345086246702,-2.1374862205177143
3298,51409000,i,6,-1.6766665375345071,0.08715504617225545,0.13393988597915008,14.439577498149177,-1.6766665375345071
3299,51409000,r,6,-1.7952054572927265,0.10882953447946875,0.18077872273402296,11.955181617900777,-1.7952054572927265
3300,51415179,i,9,-0.9303707666002252,0.22964537010421626,0.3271404395894877,3.0660857623970283,-0.9303707666002252
3301,51415179,r,8,-1.2551886649965542,0.13142394941613378,0.5909840492959086,3.8085228331700214,-1.2551886649965542
3302,51459831,i,6,-2.1942953392422586,0.18144442494809998,0.3673089294458307,18.747636789551716,-2.1942953392422586
3303,51459831,r,9,-2.278495734523953,0.2337875411927941,0.3420161335774594,13.518996959458661,-2.278495734523953
3304,51539207,g,4,-1.0401142978411255,0.15947248022448235,0.3076886778407475,3.3977797040185904,-1.0401142978411255
3305,51539207,i,3,-1.4100380262436953,0.005711374920701395,0.5151630086472951,11.361882101076683,-1.4100380262436953
3306,51539207,r,5,-1.5269342462018085,0.21991874019263125,0.342099900087387,10.079094340190462,-1.5269342462018085
3307,51565970,g,5,-1.1056991797138807,0.12868219145399973,1.073372868499408,4.1984136143113595,-1.1056991797138807
3308,51565970,i,11,-2.2018639217291396,0.059614012221755885,0.09089181206740893,16.767240302489956,-2.2018639217291396
3309,51565970,r,13,-1.9322056944234667,0.06760135752829388,0.10542946843632328,8.909671102664996,-1.9322056944234667
3310,51575782,g,3,-0.8075000312751426,0.07006807575829965,0.08740909641661743,2.496904793496516,-0.8075000312751426
3311,51575782,i,5,-1.3442929628364335,0.10104415040156445,0.15175112699872706,7.369433490194669,-1.3442929628364335
3312,51575782,r,11,-1.66369590623953,0.12673921491150364,0.376914872908062,8.22964317227253,-1.66369590623953
3313,51667318,g,3,-1.1039017910863302,0.0005305975393241624,0.043737456485124726,1.4854772437037604,-1.1039017910863302
3314,51667318,i,7,-1.1565239164133532,0.17729157432759768,0.2898163628786923,2.6472671647744654,-1.1565239164133532
3315,51667318,r,8,-1.4779465389583575,0.041884054183116026,0.13584761544027435,3.456507230462103,-1.4779465389583575
3316,51678266,i,7,-1.9307791566874983,0.19592359655680802,0.33815574624968847,13.854550392020172,-1.9307791566874983
3317,51678266,r,4,-1.9942160233035893,0.1182775833124663,0.22736118970218566,14.066829233079199,-1.9942160233035893
3318,51685452,i,11,-2.0093769591358446,0.08563009417340739,0.26239350159137165,14.473679403818636,-2.0093769591358446
3319,51685452,r,4,-1.7330757384435456,0.0624701026404374,0.1224121531112663,16.33932948062134,-1.7330757384435456
3320,51696924,g,4,-1.8323755045321435,0.3214638915678667,0.36107322650785134,5.658730316616034,-1.8323755045321435
3321,51696924,i,10,-1.7746978294100866,0.15833703766052742,0.23775360834287262,11.196148093364242,-1.7746978294100866
3322,51696924,r,6,-2.077218353477704,0.10977805800833007,0.2809731446298911,7.266748431931478,-2.077218353477704
3323,51731986,g,4,-1.3123907548281515,0.0858974522319298,0.24029153324781172,3.1604963687536447,-1.3123907548281515
3324,51731986,i,18,-1.1138849763809038,0.5808102290299548,1.2599415509813987,4.50896610004141,-1.1138849763809038
3325,51731986,r,16,-1.5718582397857588,0.3750513445460474,0.9998000592400704,5.295682960883929,-1.5718582397857588
3326,51731986,u,4,-0.8591237036920716,0.742794338825049,1.458358813812578,2.252581019921098,-0.8591237036920716
3327,51736587,i,11,-2.7618861578528486,0.104880480408573,0.28257968835051495,33.83904187948095,-2.7618861578528486
3328,51736587,r,6,-2.514386026139706,0.04881825346371116,0.08613615269643082,29.886121867708642,-2.514386026139706
3329,51766163,g,3,-0.40862530134277186,0.004192017305832962,0.09490682117858606,0.524186129512673,-0.40862530134277186
3330,51766163,i,8,-0.744298493742402,0.11145490701389382,0.16774044270939026,1.8985259370937781,-0.744298493742402
3331,51766163,r,8,-0.956958860346746,0.07202374227120156,0.1220435747593287,3.1626470335861008,-0.956958860346746
3332,51788084,g,3,-0.83625416336424,0.2511444091796875,0.46606128079187714,2.137421514223576,-0.83625416336424
3333,51788084,i,6,-1.2618437028296903,0.04417009819806883,0.07935429640549296,9.154071956139548,-1.2618437028296903
3334,51788084,r,8,-1.2358319307748036,0.07222218953157122,0.13193923201182223,5.063189435828935,-1.2358319307748036
3335,51867708,g,2,-1.453496176270299,0.17139535907316827,0.1713953590731685,5.877189416430232,-1.453496176270299
3336,51867708,i,9,-1.5922998451021584,0.3649470386205784,0.7021915832083476,9.35713232133414,-1.5922998451021584
3337,51867708,r,5,-1.9173557302082713,0.2533769786656803,0.6701249523985695,8.577130173461555,-1.9173557302082713
3338,51875953,i,8,-1.6971444578090997,0.33413921485966847,1.1956398775120916,4.952971579332725,-1.6971444578090997
3339,51875953,r,6,-1.1833377579610036,0.19746804747244673,0.684068878076395,6.597486050671602,-1.1833377579610036
3340,51888026,g,3,-0.5433790917363082,0.08138212819911161,0.1748890568327094,1.7517779274034633,-0.5433790917363082
3341,51888026,i,6,-1.0311817309212494,0.17171444321563933,0.32918457186126326,2.1401660916110905,-1.0311817309212494
3342,51888026,r,2,-0.4536086534938031,0.024287919239426997,0.024287919239427025,1.561833718858858,-0.4536086534938031
3343,52001720,i,7,-1.8778495941681834,0.11345505174798065,0.22666590130695852,18.32519520385726,-1.8778495941681834
3344,52001720,r,5,-1.806434255488271,0.08164978426381264,0.13665860133774044,11.197209471389828,-1.806434255488271
3345,52021332,g,2,-0.7118745604775172,0.2102057015847114,0.2102057015847114,1.9725930402921372,-0.7118745604775172
3346,52021332,i,8,-1.3065362307476152,0.19734367830476907,0.5312069148073681,8.731725849552998,-1.3065362307476152
3347,52021332,r,6,-1.3069638655927238,0.13869465597001074,0.23789378615226697,9.536885377208606,-1.3069638655927238
3348,52045194,g,3,-0.7850285097042955,0.011771012627813215,0.06646933682646328,1.8246577278416922,-0.7850285097042955
3349,52045194,i,5,-0.5358658232472191,0.03929305022717128,0.12131723249533632,0.9279153989684275,-0.5358658232472191
3350,52045194,r,7,-0.838619647055117,0.03441109809936249,0.04786976505282525,2.195987958987932,-0.838619647055117
3351,52049012,g,5,-1.1911225051705017,0.047610558069453024,0.19273152151755446,5.228337030357196,-1.1911225051705017
3352,52049012,i,9,-2.2049218378207485,0.06828590499811771,0.10359180503820875,12.782848713445667,-2.2049218378207485
3353,52049012,r,7,-1.9679782382426856,0.07980284755313405,0.13248326814256384,15.957914654729644,-1.9679782382426856
3354,52117024,g,2,-0.9689447123919493,0.017418411827119784,0.017418411827119895,1.9140807611192243,-0.9689447123919493
3355,52117024,i,10,-1.5128677343631223,0.18760198998174216,0.3458429298689074,6.164271672626109,-1.5128677343631223
3356,52117024,r,10,-1.4722395712352332,0.09986686949991008,0.1677286226042236,5.825885216148721,-1.4722395712352332
3357,52174164,g,2,-0.6151239812491677,0.16024983895721878,0.1602498389572189,1.373062390845473,-0.6151239812491677
3358,52174164,i,9,-1.5197967184704693,0.12295805235510326,0.1856463494662235,8.792141905469995,-1.5197967184704693
3359,52174164,r,6,-1.6736972651143232,0.07406843841196842,0.18760377788175164,9.049175761994418,-1.6736972651143232
3360,52181085,g,3,-2.348672799120003,0.08076783024712553,0.24858373380056253,10.012662541499491,-2.348672799120003
3361,52181085,i,5,-2.26404047623138,0.04735388649436034,0.17629206917019768,19.71535320588341,-2.26404047623138
3362,52181085,r,7,-2.4352733858769353,0.15249753616943984,0.3065026083061215,14.816767490829065,-2.4352733858769353
3363,5219,i,6,-1.7553605202736604,0.0934443035683048,0.14854167813058128,15.344590134325932,-1.7553605202736604
3364,5219,r,6,-1.8232050260156334,0.055972498898273715,0.0987092161937817,12.681877377507703,-1.8232050260156334
3365,52190401,i,5,-2.224458720395419,0.047397816018510674,0.049881810587522946,24.52980196235138,-2.224458720395419
3366,52190401,r,7,-2.152424005141466,0.07996291481593865,0.21800997519322074,24.751437170710197,-2.152424005141466
3367,52274131,g,5,-0.737645146500758,0.04657694843596616,0.0873559509760331,1.7823940538438712,-0.737645146500758
3368,52274131,r,6,-0.23335144741503577,0.07984296636389365,0.15538198224775074,0.154847008197174,-0.23335144741503577
3369,52317803,i,5,-1.7794755644388804,0.05500816227949468,0.09752846796781078,10.337683868780783,-1.7794755644388804
3370,52317803,r,6,-1.0903511738386977,0.4749577495950177,0.9001302419180113,3.443840323773244,-1.0903511738386977
3371,52349329,g,3,-0.6890861437957118,0.08817794523849665,0.40996622914343134,1.4438107342581388,-0.6890861437957118
3372,52349329,i,11,-0.6111394567597719,0.14034324664717457,0.2703807147416206,1.514463502510619,-0.6111394567597719
3373,52349329,r,6,-0.818426280297988,0.033367460586366804,0.1142644523126205,2.763985689066564,-0.818426280297988
3374,52350620,g,4,-1.043080628182231,0.04361886798113068,0.1131057127288786,2.5896775743897242,-1.043080628182231
3375,52350620,i,14,-1.6164156615271512,0.30247060608091336,0.5878023466259767,6.730787325155279,-1.6164156615271512
3376,52350620,r,11,-1.4053133278004513,0.053961519166103145,0.15318814322140284,5.223244517653468,-1.4053133278004513
3377,52388497,i,8,-1.175243080661489,0.1360610993903063,0.25516304769807996,5.437869272517654,-1.175243080661489
3378,52388497,r,5,-1.5014366268243373,0.07235799889873062,0.10435480347623693,10.993323270556733,-1.5014366268243373
3379,52397978,g,2,-1.0755559637902357,0.00645326370645305,0.0064532637064529386,4.148461697332995,-1.0755559637902357
3380,52397978,i,17,-1.8521317191122737,0.13816282414397985,0.26074449096701446,11.815253251471304,-1.8521317191122737
3381,52397978,r,14,-1.58838353649088,0.1085461228602066,0.2816689004894457,8.839463739026401,-1.58838353649088
3382,52404292,i,19,-2.7333124293980102,0.2636011279058139,0.46606490092826736,27.199036944807414,-2.7333124293980102
3383,52404292,r,16,-2.6441610136853306,0.18144529004036447,0.3338048682044352,20.494353917103474,-2.6441610136853306
3384,52602102,g,2,-1.395395579623409,0.014376577851704209,0.014376577851704209,6.425303421602102,-1.395395579623409
3385,52602102,i,3,-1.7391465484560404,0.03362998378846749,0.07971513992133583,16.6621287558943,-1.7391465484560404
3386,52602102,r,7,-1.7709287175029815,0.04441091375879891,0.1067075420762078,13.389136030143137,-1.7709287175029815
3387,5263661,g,4,-0.5887352432188908,0.05980115771185601,0.10734857020377553,0.986285206673963,-0.5887352432188908
3388,5263661,i,6,-0.673946189956506,0.07267050351957405,0.11930830997190167,1.1576065426753817,-0.673946189956506
3389,5263661,r,9,-0.8856815165068745,0.1574425675662836,0.229082538973848,1.8552114160126258,-0.8856815165068745
3390,52694338,i,11,-1.149862497901609,0.08127898341715345,0.25455711389466107,4.418949542417135,-1.149862497901609
3391,52694338,r,7,-1.1765988670245267,0.0742128924839327,0.11566688556478266,6.733569932646037,-1.1765988670245267
3392,52708711,g,3,-1.6168219052080834,0.03287869608954308,0.153585808528375,4.753984545039593,-1.6168219052080834
3393,52708711,i,8,-1.5392288515535464,0.5960749953913971,1.1445305771620191,7.711912105149197,-1.5392288515535464
3394,52708711,r,10,-2.0879829529923395,0.12977769076128354,0.5110858606767634,9.162328972999674,-2.0879829529923395
3395,52733938,i,6,-0.3122774403055715,0.12261372182011758,0.3290683813524239,0.9539952950234175,-0.3122774403055715
3396,52733938,r,4,-0.41357701677598674,0.1199353675216398,0.3263850086672706,1.3362243100934865,-0.41357701677598674
3397,527429,g,2,-1.165596692743533,0.09477061010076049,0.09477061010076038,4.8225558298110895,-1.165596692743533
3398,527429,i,12,-2.3033740114145944,0.30896859247292774,1.2540161816721858,11.018768955568921,-2.3033740114145944
3399,527429,r,12,-2.024550415697753,0.44288364652540324,0.8329040007516784,11.25436010990606,-2.024550415697753
3400,52795022,g,4,-0.7498331465257884,0.022708670064735703,0.04642273639600247,2.333712110861067,-0.7498331465257884
3401,52795022,i,12,-1.39415885820693,0.0705491073075808,0.34675541267200516,6.95907412859269,-1.39415885820693
3402,52795022,r,13,-1.5408768379645044,0.21371718268913376,0.34117524112375075,9.396843628823113,-1.5408768379645044
3403,52795698,i,12,-2.7580393480170096,0.06256721702932322,0.12289061969956805,26.370035954640915,-2.7580393480170096
3404,52795698,r,7,-2.1615843233507195,0.08827815795210414,0.19088768234745634,22.013617863077634,-2.1615843233507195
3405,52871684,g,2,-1.3807857461983044,0.08767302220861772,0.08767302220861772,5.897670555865506,-1.3807857461983044
3406,52871684,i,12,-2.1600546477993308,0.1300383527883513,0.26526643846386566,24.08669914980248,-2.1600546477993308
3407,52871684,r,9,-2.0523174653721497,0.03956731381880019,0.1215445709732288,17.886850075363878,-2.0523174653721497
3408,52885322,i,14,-2.285620907681196,0.12538846870379494,0.2039675860801169,27.947393064210388,-2.285620907681196
3409,52885322,r,8,-2.1368125689644146,0.07138609713164379,0.13706782676010842,20.414093730774155,-2.1368125689644146
3410,53017951,i,8,-1.8713785942943537,0.23117014894647536,0.4212224964386595,13.944328975661302,-1.8713785942943537
3411,53017951,r,4,-2.202744558286697,0.28073412464135017,0.5802135043892882,10.85330488987989,-2.202744558286697
3412,53037855,g,4,-0.8531088437229303,0.05121860291242675,0.0717686292874734,1.7132816356888378,-0.8531088437229303
3413,53037855,i,4,-0.6303474192864338,0.09123932631976356,0.2458484455377734,0.9997032682172204,-0.6303474192864338
3414,53037855,r,8,-0.936212865474106,0.059184396620306334,0.10817875539985722,2.543176411879255,-0.936212865474106
3415,53043282,i,6,-0.35564272865009017,0.2389868074874008,0.3629539511017309,1.2484793215434618,-0.35564272865009017
3416,53043282,r,7,-0.6714940777992742,0.10164437114720304,0.16956232320880182,1.704078470390465,-0.6714940777992742
3417,53096578,i,13,-1.5981064629452755,0.17283615932944674,0.28415181245862575,6.8023520906551544,-1.5981064629452755
3418,53096578,r,12,-1.3746511445724225,0.04335353897198724,0.08489755366300544,5.330234704557902,-1.3746511445724225
3419,53134741,g,3,-1.4170925691021878,0.03205400611629883,0.0881787332339925,7.036453617546485,-1.4170925691021878
3420,53134741,i,6,-2.162055994360862,0.4203688202183793,0.6385589993913765,15.308035710961917,-2.162055994360862
3421,53134741,r,8,-2.0717618474939568,0.19276336529083282,0.41581607029464407,11.255417964211064,-2.0717618474939568
3422,53174117,g,5,-1.3720888361828911,0.13159843836835794,0.268947231420402,4.148303358035729,-1.3720888361828911
3423,53174117,i,13,-1.2066320288954686,0.6469083832729907,1.134048652166515,3.0726306898153903,-1.2066320288954686
3424,53174117,r,10,-1.464787973224205,0.23505611644525448,0.458724856858268,5.380448579426617,-1.464787973224205
3425,53174117,u,3,-1.6559476071900616,0.15570045590708537,0.19829919205485735,3.814965002988592,-1.6559476071900616
3426,53187476,i,5,-0.37315983161025085,0.057725528753030886,0.40124579933515847,1.0880952417307597,-0.37315983161025085
3427,53187476,r,6,-0.7179863697923214,0.12131264341586434,0.45876184696190214,2.886684579137992,-0.7179863697923214
3428,53210885,i,6,-1.9211895339377674,0.07169395147301139,0.10765331465757844,12.794869468659634,-1.9211895339377674
3429,53210885,r,7,-1.9044336475199422,0.07626814746571431,0.16854523515813247,11.909764878894832,-1.9044336475199422
3430,53260794,i,6,-1.1702585231664022,0.10802826562158385,0.1799486277144855,5.445217741387517,-1.1702585231664022
3431,53260794,r,4,-1.290621679508338,0.03563969334550454,0.07362553232276015,10.791160732502965,-1.290621679508338
3432,53267913,i,7,-1.2473501088458976,0.5200853845002321,1.220723129202432,5.072951348469844,-1.2473501088458976
3433,53267913,r,12,-1.556004206965817,0.20694236647322117,0.4612725715585859,4.80272386602838,-1.556004206965817
3434,53348886,g,4,-1.0522983176663439,0.3223144496206175,0.6460807326663973,3.557050873562203,-1.0522983176663439
3435,53348886,i,15,-2.0321419038949604,0.06417763292658707,0.13103735101916425,14.378751292012959,-2.0321419038949604
3436,53348886,r,12,-2.0011868034191416,0.04041337819681168,0.07131241709493485,10.637715134382299,-2.0011868034191416
3437,53348886,u,2,-2.1724856039632514,0.09210309546002904,0.09210309546002904,9.742370229031513,-2.1724856039632514
3438,53426143,g,3,-1.1266985198529689,0.13363363578903886,0.19415855906604973,3.5804840311918635,-1.1266985198529689
3439,53426143,i,9,-1.6885096350118705,0.34808632247351046,0.61243286141144,8.025722930078807,-1.6885096350118705
3440,53426143,r,9,-1.8132786663687375,0.167208873760617,0.23746225766581586,10.142072659977885,-1.8132786663687375
3441,53498092,i,13,-1.3889836757105054,0.26366855842270254,0.5271584851937352,5.745678167157124,-1.3889836757105054
3442,53498092,r,10,-1.3626623849640318,0.12835183558867624,0.21833303202857457,6.379810610836712,-1.3626623849640318
3443,53540599,g,10,-0.9988598860637096,0.048006135106336556,0.3408402384009779,2.4951716931917955,-0.9988598860637096
3444,53540599,i,17,-1.2007245426888793,0.16557070647332406,0.3085462990041594,4.071544667274175,-1.2007245426888793
3445,53540599,r,16,-1.3301187566531951,0.11908945842609253,0.3192656035445478,4.985676163419319,-1.3301187566531951
3446,53566106,g,2,-0.6532700043090234,0.060346195345369946,0.06034619534537,1.7901646311057162,-0.6532700043090234
3447,53566106,i,8,-1.1104525334520656,0.26143113017367925,0.5191698433292855,3.766537249109521,-1.1104525334520656
3448,53566106,r,7,-0.967793004249646,0.05212790580789928,0.0651860345554246,5.596430761129743,-0.967793004249646
3449,53622045,g,4,-0.9785019634347635,0.08959274724217192,0.13442181091605765,2.0712245181436595,-0.9785019634347635
3450,53622045,i,4,-0.8891660341907381,0.05037824025146048,0.14696072557895734,2.73132087517545,-0.8891660341907381
3451,53622045,r,4,-1.1257992138162813,0.1338731751123312,0.21252460603176848,4.642568486583205,-1.1257992138162813
3452,53630742,g,2,-1.02138657340676,0.0007958269437666754,0.0007958269437668974,3.153393915437552,-1.02138657340676
3453,53630742,i,7,-1.3011169301959535,0.13751721571727993,0.28182674999451596,7.555280820879324,-1.3011169301959535
3454,53630742,r,6,-1.4317740806476882,0.10796862701642196,0.2705878987399968,8.631496031369618,-1.4317740806476882
3455,53637172,g,2,-0.8772557199934261,0.17785092479124526,0.1778509247912453,2.6725263330552442,-0.8772557199934261
3456,53637172,i,9,-1.2560404614396092,0.0313496821842969,0.25894346705789006,7.667509938749561,-1.2560404614396092
3457,53637172,r,6,-1.4918894577172208,0.12378962886424594,0.20019538406039827,10.208061016298183,-1.4918894577172208
3458,53678888,i,7,-0.9543490813601687,0.12456252987608074,0.2534484248676695,1.6330010511944104,-0.9543490813601687
3459,53678888,r,7,-0.9623797086187933,0.05519481054325104,0.3266963773197138,2.2835729913711917,-0.9623797086187933
3460,53702549,g,4,-1.2626606565314036,0.05394654083551087,0.1242260689231034,1.937024692920032,-1.2626606565314036
3461,53702549,i,6,-1.1131306980460725,0.11841487416814139,0.19487123346665403,6.254012640819281,-1.1131306980460725
3462,53702549,r,10,-1.2598879872083268,0.09556366616026646,0.1506927385490724,5.105873270552736,-1.2598879872083268
3463,53721100,i,19,-1.1908372461952754,0.11229164472378828,0.2607744541803163,3.2632884004877725,-1.1908372461952754
3464,53721100,r,14,-1.2104708499557593,0.047024571613167754,0.1372175495556216,3.251519064100717,-1.2104708499557593
3465,53755044,i,6,-2.0751501001433654,0.04390427986358203,0.11129302380491479,11.746757602398153,-2.0751501001433654
3466,53755044,r,6,-1.8466156005886014,0.09009322982655332,0.3512937442797903,8.678987635773334,-1.8466156005886014
3467,53780651,i,5,-1.0790352408010084,0.07920615899466066,0.16628415459787438,7.409906121809071,-1.0790352408010084
3468,53780651,r,5,-1.4109664704582316,0.11320575032006763,0.11732728987956786,10.944556002291701,-1.4109664704582316
3469,53794468,g,2,-0.7135612851101609,0.055856470019949755,0.055856470019949755,1.1385443141154368,-0.7135612851101609
3470,53794468,i,9,-1.0037212205745303,0.22250485170296197,0.31079418325040264,2.052738393626566,-1.0037212205745303
3471,53794468,r,5,-0.9066432911189809,0.08807358414980959,0.16480856180922443,2.9823297149516454,-0.9066432911189809
3472,53901961,g,3,-1.3313496679653773,0.030689188884840624,0.4230166811014051,6.2967471393867855,-1.3313496679653773
3473,53901961,i,7,-1.9732268550766392,0.1484005751373485,0.2781989731046661,13.833777819519185,-1.9732268550766392
3474,53901961,r,9,-1.7710799203313505,0.24913422586345035,0.7796099403114822,11.07815197318677,-1.7710799203313505
3475,53929023,i,5,-1.5126941217544245,0.21159776606491398,0.4395148881666262,7.457353451548892,-1.5126941217544245
3476,53929023,r,5,-1.3499914266556008,0.07284933252045,0.12509501319588012,8.922231895609693,-1.3499914266556008
3477,53953939,g,3,-1.7218986130883005,0.3394730735350815,0.3457297425961301,7.127343139813452,-1.7218986130883005
3478,53953939,i,9,-2.172137976077699,0.22233919437615768,0.541773677763401,12.7375443370904,-2.172137976077699
3479,53953939,r,11,-2.182744682848983,0.17660378511374875,0.24156337715057763,11.06721568467361,-2.182744682848983
3480,53968479,g,2,-1.8863060354837309,0.26205500254910585,0.26205500254910574,8.226253392657572,-1.8863060354837309
3481,53968479,i,7,-2.0083425633512535,0.15387399298595028,0.44032131679217557,13.3464702030978,-2.0083425633512535
3482,53968479,r,7,-2.047308807577978,0.13014596237831588,0.18391549781640038,11.70142619579387,-2.047308807577978
3483,54021534,g,6,-1.6686246474232138,0.07141806953030017,0.11761118691978667,5.383109925981824,-1.6686246474232138
3484,54021534,i,12,-1.8723826037193299,0.2655762338421783,0.4716333076176005,9.884129456354641,-1.8723826037193299
3485,54021534,r,9,-1.9992896780581277,0.15908998176865796,0.4619588309803393,9.730813156060966,-1.9992896780581277
3486,54029061,g,2,-1.114581944468671,0.26964823269361604,0.26964823269361604,3.5626828163512885,-1.114581944468671
3487,54029061,i,13,-2.4205216351756818,0.030279044145197,0.05821327685969546,20.08348957916039,-2.4205216351756818
3488,54029061,r,9,-2.1958010492253734,0.14060544637147476,0.16801545416402508,12.871778448685475,-2.1958010492253734
3489,54049156,i,7,-2.0379612438307193,0.09144546554633948,0.2492970435543609,19.00848860942651,-2.0379612438307193
3490,54049156,r,4,-1.8709908387214926,0.08179383410677288,0.15366879398625466,15.228051164593717,-1.8709908387214926
3491,54151868,i,8,-2.0368487746210273,0.29115528691110903,0.48381237662656895,14.214479750496581,-2.0368487746210273
3492,54151868,r,6,-2.121721738940747,0.15962115405489374,0.26239583452901205,12.45464588949419,-2.121721738940747
3493,54163570,i,4,-3.0284015617039826,0.015053557074099055,0.05560131779835409,34.352036509786146,-3.0284015617039826
3494,54163570,r,7,-2.863916420000264,0.04962273373875137,0.08968372481305664,21.546729315671694,-2.863916420000264
3495,54175483,g,3,-0.8091354224739775,0.1506506151852538,0.24120781342418562,2.143675448492331,-0.8091354224739775
3496,54175483,i,6,-0.8092256121238799,0.09889885583802427,0.16609155311576496,2.3458280216326086,-0.8092256121238799
3497,54175483,r,5,-0.9665705399795668,0.08748996019085897,0.16717526177055486,4.346611561006409,-0.9665705399795668
3498,54303980,i,6,-1.2144056945897042,0.10641231782912497,0.16582445533964751,8.745843514102583,-1.2144056945897042
3499,54303980,r,5,-1.389224135738821,0.08211734710646845,0.15444587002388332,9.30140082271151,-1.389224135738821
3500,5432083,i,5,-1.692726710606185,0.18904491676201207,0.39274810501309454,17.586860239662254,-1.692726710606185
3501,5432083,r,7,-1.4342472746963257,0.18606884717777206,0.39950095827854115,6.989070708852522,-1.4342472746963257
3502,54327077,g,4,-1.285325802565008,0.04910330676124686,0.15006927879625942,5.55701819320727,-1.285325802565008
3503,54327077,i,4,-2.1359924024391574,0.43451061753304443,0.8202322494945322,9.256585841785242,-2.1359924024391574
3504,54327077,r,3,-1.9349531331473007,0.18398059411572887,0.2914800559142572,8.932262093974119,-1.9349531331473007
3505,54333260,g,4,-1.4996285463332384,0.07533598421057286,0.10543124723365849,4.417014539026378,-1.4996285463332384
3506,54333260,i,12,-1.5049283352117278,0.41613166831043036,0.8494136061225146,7.711995818065678,-1.5049283352117278
3507,54333260,r,10,-1.7263188494728965,0.3184473234899867,0.5283851842482943,8.9010061995778,-1.7263188494728965
3508,544123,g,2,-1.205994492879777,0.03259664821056896,0.032596648210568846,5.5747040216861965,-1.205994492879777
3509,544123,i,5,-1.7503141742235426,0.03758810941084989,0.37799771566739193,9.632204550009085,-1.7503141742235426
3510,544123,r,5,-1.8820067120562283,0.02713414539029646,0.04517287334569997,18.848695550311568,-1.8820067120562283
3511,54424490,g,3,-0.705879095972918,0.1422545724958697,0.4916342078676639,0.9240991554093237,-0.705879095972918
3512,54424490,i,4,-1.0120790083134974,0.20831435935158626,0.39179376360611573,3.878417118966709,-1.0120790083134974
3513,54424490,r,5,-1.1737148715521095,0.09568492109223947,0.12094529936366039,3.925993280426885,-1.1737148715521095
3514,54583453,i,11,-2.54511235133047,0.05612401892578722,0.1090777667892695,33.01320172181656,-2.54511235133047
3515,54583453,r,10,-2.3789167554513693,0.09199215888418699,0.16663951315345749,24.085034097155436,-2.3789167554513693
3516,54583846,g,2,-0.8119441501659095,0.048058705328179574,0.048058705328179574,2.8003094258626486,-0.8119441501659095
3517,54583846,i,3,-0.44269194488585206,0.07397460912445997,0.10110573859008487,1.1755210760802537,-0.44269194488585206
3518,54583846,r,7,-0.6991596640948168,0.12060753360763377,0.24438145830163438,3.2642259533399494,-0.6991596640948168
3519,54587117,g,7,-1.5444341644758346,0.16371044007291413,0.9148041914990668,3.471539502279111,-1.5444341644758346
3520,54587117,i,7,-1.1063578826130902,0.20213923962092206,0.7952134595812786,3.359693148084233,-1.1063578826130902
3521,54587117,r,6,-1.743959691787441,0.06379052015808973,0.9436978708436571,4.311284274776642,-1.743959691787441
3522,54587117,u,2,-1.0249355808742797,0.4681815496994408,0.4681815496994407,2.174899458085537,-1.0249355808742797
3523,54625576,i,5,-0.652531316379859,0.0922662001200848,0.12728908877081735,1.6638512393183134,-0.652531316379859
3524,54625576,r,6,-0.7824291712020244,0.07165221854619958,0.12142287902728277,2.514440937951159,-0.7824291712020244
3525,54634062,i,7,-3.021787698292811,0.1293170521808511,0.20603692651901895,30.500296308287098,-3.021787698292811
3526,54634062,r,6,-2.6536318271232453,0.17516404284667675,0.3405644294611596,27.46726417895901,-2.6536318271232453
3527,54663153,i,5,-2.0432749754238895,0.174273963513919,0.3136906857433279,19.147930391309615,-2.0432749754238895
3528,54663153,r,6,-1.6264748591314189,0.04669381428847086,0.07031692960618541,8.391389939489393,-1.6264748591314189
3529,54664477,g,2,-1.8931144967978275,0.009857177734374889,0.009857177734374778,2.0843153746831793,-1.8931144967978275
3530,54664477,i,5,-1.2788589318160382,0.1916687636544976,0.6038569728402023,2.8472826509155205,-1.2788589318160382
3531,54664477,r,7,-1.1063692243808858,0.2327721734902437,0.6283237743256425,3.961330888389295,-1.1063692243808858
3532,54664477,u,2,-0.9162288592137835,0.3806202916700059,0.3806202916700059,2.127133085476824,-0.9162288592137835
3533,54708608,i,8,-0.8973039585152267,0.05942601709583378,0.13224198700354484,1.9618910227939086,-0.8973039585152267
3534,54708608,r,8,-1.2688532608737741,0.06660734983726269,0.11924017132430698,5.084020439880804,-1.2688532608737741
3535,54715782,g,2,-0.9807672225734074,0.0154901805426233,0.0154901805426233,2.2142333456300634,-0.9807672225734074
3536,54715782,i,7,-1.8097815907175152,0.1975295529321046,0.3581695044351416,9.817713840215912,-1.8097815907175152
3537,54715782,r,9,-1.6555487701621194,0.12407469976063101,0.1842343008058871,5.9716847061029945,-1.6555487701621194
3538,54769018,g,4,-1.389198117224259,0.10610943382218752,0.20033727488848552,3.374542008182199,-1.389198117224259
3539,54769018,i,6,-1.2918034001846892,0.06711540112853254,0.11756534497862847,3.1553831699732733,-1.2918034001846892
3540,54769018,r,6,-1.2566957889251247,0.17566370507949525,0.7187099235247629,4.570435645016661,-1.2566957889251247
3541,54769018,u,2,-1.3566563074929132,0.2150208344369735,0.21502083443697328,2.142543037316855,-1.3566563074929132
3542,54794431,i,7,-1.6303369248960726,0.03404575705878843,0.09204597982531326,10.745510854876118,-1.6303369248960726
3543,54794431,r,8,-1.6482974158523094,0.0898701262705377,0.16082410899016542,10.395684019065634,-1.6482974158523094
3544,54813678,g,3,-0.7399880503898713,0.052070614151731975,0.06761505871186413,1.4302730094505585,-0.7399880503898713
3545,54813678,i,7,-0.5512921862510682,0.05058034029650482,0.08059477192587866,1.1608857014941347,-0.5512921862510682
3546,54813678,r,6,-0.8843661443843858,0.04907035508198587,0.07734253479307474,2.5506495980204478,-0.8843661443843858
3547,54833624,g,3,-0.7327368350012095,0.15668786334170448,0.16071658331190775,2.160665060064188,-0.7327368350012095
3548,54833624,i,7,-0.44534745939987974,0.11217768354401297,0.2528333766387785,1.2156160625815484,-0.44534745939987974
3549,54833624,r,5,-0.6891089536043424,0.12420702761925806,0.20986212790820624,2.427444068389531,-0.6891089536043424
3550,54836478,i,8,-1.9128566225453598,0.33928180231655636,0.8636562363296938,16.01330427978919,-1.9128566225453598
3551,54836478,r,9,-2.0009894335491145,0.35810507455892515,0.555740877771381,11.720546906483834,-2.0009894335491145
3552,54860793,i,6,-1.9217835574651174,0.18026639157907431,0.338059990842849,5.393772357169463,-1.9217835574651174
3553,54860793,r,5,-2.0970952969421717,0.10586939992936006,0.1616966050446229,7.263625119200398,-2.0970952969421717
3554,54926253,g,7,-0.4261676462921933,0.046390572188095947,0.06750746223853132,0.4848168083605775,-0.4261676462921933
3555,54926253,i,10,-0.8951259750071849,0.16426881991591852,0.3000814590868419,2.848028876724816,-0.8951259750071849
3556,54926253,r,10,-0.7711328833562497,0.1655575778770325,0.32517214129936334,2.4677878938499997,-0.7711328833562497
3557,54927831,i,9,-2.031387796631642,0.1416701153494464,0.2641982548547086,14.133932585381906,-2.031387796631642
3558,54927831,r,5,-1.8350974693235653,0.11825548985002965,0.23001163510082057,12.360059253934311,-1.8350974693235653
3559,54929728,g,5,-1.0523098026946178,0.030267336868443406,0.03862639212853747,3.118984188504755,-1.0523098026946178
3560,54929728,i,7,-1.895626442442655,0.11584978492386622,0.3427892614364145,9.311450757402715,-1.895626442442655
3561,54929728,r,7,-1.4584397302896623,0.4027041257441928,1.1712018077566366,5.449315249162479,-1.4584397302896623
3562,54952921,g,5,-0.944058665066636,0.15621624665920897,0.8370698583819911,3.7984394106648396,-0.944058665066636
3563,54952921,r,2,-0.7162979925541773,0.2260413660026207,0.2260413660026206,1.6320660971051035,-0.7162979925541773
3564,54952921,u,4,-1.347372872099662,0.6160963376542208,1.2298396013819426,3.1697482022309784,-1.347372872099662
3565,54973569,i,16,-1.7893239424989504,0.13541742235285636,0.31620810319974924,15.29276326359075,-1.7893239424989504
3566,54973569,r,12,-1.6562427236683388,0.10008991221260743,0.2040698751843848,9.470352377729734,-1.6562427236683388
3567,55000037,i,8,-0.987883071733,0.39638348486362934,0.6398317786561706,2.318165722013239,-0.987883071733
3568,55000037,r,5,-0.010706634580798013,0.09336633883796175,0.17239083950580913,0.1035210128707756,-0.010706634580798013
3569,55018028,g,4,-0.4148186610284917,0.22229074491973738,0.4508340730405914,0.6133906480297876,-0.4148186610284917
3570,55018028,i,6,-0.5048541240836156,0.09328375188138979,0.1745753220617806,0.6387178039717621,-0.5048541240836156
3571,55018028,r,5,-0.4130029328066326,0.17374399252732786,0.2960155304305342,0.78214613750291,-0.4130029328066326
3572,55112213,i,4,-0.5903722008300263,0.13506429418357502,0.31230045673815277,0.6484857710378565,-0.5903722008300263
3573,55112213,r,5,-0.6072355168570008,0.046008074922497255,0.14843366380743417,1.9052776212259448,-0.6072355168570008
3574,55112213,u,3,-0.09382974354244888,0.11166049729273064,0.1270283016166709,0.048331208051784084,-0.09382974354244888
3575,55142983,g,2,-0.8405702673105337,0.048751386500256455,0.048751386500256455,1.7128788453163069,-0.8405702673105337
3576,55142983,i,7,-1.205605893875422,0.2442614997073016,0.3966812381175515,3.2377873294864274,-1.205605893875422
3577,55142983,r,3,-1.1354631456787434,0.023928757261006073,0.18728212143571188,4.666594582446028,-1.1354631456787434
3578,55153367,i,11,-2.456522564515849,0.11080762034372871,0.2712018069721478,22.144064321847797,-2.456522564515849
3579,55153367,r,7,-2.2899725935317337,0.1853957245229907,0.35914490486573225,20.378865024012896,-2.2899725935317337
3580,55165305,g,2,-1.0548389500824213,0.09736741441687624,0.09736741441687635,4.252958788277259,-1.0548389500824213
3581,55165305,i,7,-2.1449256984428122,0.3034960009555294,0.5453285437145055,15.898982333911405,-2.1449256984428122
3582,55165305,r,9,-2.0790283685591926,0.1694716794392157,0.3209294305659376,12.567424937123393,-2.0790283685591926
3583,55250798,g,2,-0.5587632402647577,0.23887969175456158,0.23887969175456164,1.0908290215183734,-0.5587632402647577
3584,55250798,i,10,-0.7818643697651115,0.22126314033354894,0.3160747955065566,2.5059197561446274,-0.7818643697651115
3585,55250798,r,7,-0.9792769579443277,0.06862118458817457,0.13821493421235065,3.4281644018812574,-0.9792769579443277
3586,55355208,g,3,-0.9109501671274269,0.05910000358940137,0.27818097744887527,2.2950978616847677,-0.9109501671274269
3587,55355208,i,8,-0.8633149459169929,0.08510276515029636,0.16877529323901297,2.860314216834733,-0.8633149459169929
3588,55355208,r,6,-1.156365795507942,0.044316950631100194,0.07246285832176214,5.911234317173741,-1.156365795507942
3589,55410560,g,2,-1.360770867211174,0.1170884952571204,0.11708849525712028,6.380404877845666,-1.360770867211174
3590,55410560,i,8,-2.434662033962563,0.28385284076872197,0.8661361866844559,12.589938369578661,-2.434662033962563
3591,55410560,r,8,-2.389566307657778,0.15136286699095214,0.7818034069585107,11.251200186104263,-2.389566307657778
3592,55472763,g,3,-0.8078127108578675,0.1152902996746038,0.12004857578564776,2.589441855201078,-0.8078127108578675
3593,55472763,i,7,-0.9381344050635242,0.06547104936032555,0.22310091517821418,2.47503554901493,-0.9381344050635242
3594,55472763,r,10,-1.0269809934838494,0.20348556808415286,0.4694463870050244,4.08331248879089,-1.0269809934838494
3595,55476747,g,4,-1.3608714379315283,0.2352495613370682,0.4403334506739016,2.937946647138273,-1.3608714379315283
3596,55476747,i,10,-1.8371985344631665,0.1718876002441796,0.24483764773634364,8.413914555720119,-1.8371985344631665
3597,55476747,r,11,-1.8936677132611965,0.11687561729079698,0.3649175583463762,8.662708842906001,-1.8936677132611965
3598,554778,i,7,-1.9368307790178103,0.5960997833209376,0.9542344471043882,9.374124088276293,-1.9368307790178103
3599,554778,r,6,-2.329319692685357,0.22460717388620255,0.7622038650769813,10.337450232174415,-2.329319692685357
3600,55494179,i,5,-1.4455088077329525,0.08440804721686423,0.09077352602896394,10.426302905951342,-1.4455088077329525
3601,55494179,r,5,-1.737888992488994,0.0286604808476425,0.14237680553828502,11.35409841159312,-1.737888992488994
3602,55601999,g,4,-1.3922905653219746,0.5737924240010899,1.1464913483216637,3.3593267523186436,-1.3922905653219746
3603,55601999,i,12,-1.6238259460774298,0.18353623776021855,0.5686843181960048,5.531626732786132,-1.6238259460774298
3604,55601999,r,12,-1.3089849693125761,0.08647186965448617,0.1645557364983541,6.566064315512253,-1.3089849693125761
3605,55615165,g,2,-1.2779427186924215,0.013976346093700132,0.01397634609369991,0.7548845314382117,-1.2779427186924215
3606,55615165,i,5,-0.9817051738446204,0.08330229752905083,0.11653299591636779,2.844525981414349,-0.9817051738446204
3607,55615165,r,5,-1.2149511808095435,0.10373763887951948,0.10684435355139832,3.9366738447856795,-1.2149511808095435
3608,55624281,g,4,-0.5565868556372633,0.01420643460643689,0.03188938402276842,0.9139108930142881,-0.5565868556372633
3609,55624281,i,10,-0.604359470566307,0.04201124479560242,0.07953366418212382,1.5011127243234639,-0.604359470566307
3610,55624281,r,9,-0.8954364502985258,0.026607516876064552,0.09108534462967666,2.585199660551424,-0.8954364502985258
3611,55632669,i,8,-0.7465464768975887,0.20020746350437618,0.25872075252617943,1.6465474643454254,-0.7465464768975887
3612,55632669,r,4,-0.6382094167442534,0.23280820451892864,0.39917724079673544,1.6270536307967751,-0.6382094167442534
3613,55700652,g,4,-1.868624018294585,0.09522142417943513,0.1762058445557213,5.350025741466497,-1.868624018294585
3614,55700652,i,4,-2.2892365618850317,0.2140094606555194,0.4436709780967045,12.891243861936712,-2.2892365618850317
3615,55700652,r,4,-2.2888914039380097,0.02236196312641736,0.09505965233429148,9.853093342913679,-2.2888914039380097
3616,55755219,g,4,-1.357161187714004,0.10651825692208183,0.20787150679770172,4.097906773795602,-1.357161187714004
3617,55755219,i,10,-1.5574920015943805,0.33703568230940484,0.6074805503112781,5.466613588987732,-1.5574920015943805
3618,55755219,r,8,-1.4178108772564757,0.10271815813791185,0.11843446723337148,7.263319713555811,-1.4178108772564757
3619,55755219,u,3,-1.79931639276447,0.014433099870690302,0.22472963711301364,5.571833936015712,-1.79931639276447
3620,5578300,g,4,-0.8736687995682142,0.07547428333495404,0.141561122530657,2.8688871301222054,-0.8736687995682142
3621,5578300,i,5,-1.3843288323183942,0.35483550716257084,0.8599343789297835,7.32415079794024,-1.3843288323183942
3622,5578300,r,3,-1.1817475649418767,0.026434704246281138,0.4874737525778179,7.802928949383791,-1.1817475649418767
3623,55799918,i,6,-2.003363543063683,0.26874137997536685,0.7317432578291856,9.03113293001435,-2.003363543063683
3624,55799918,r,6,-2.087843158037283,0.24107098250741776,0.636977646787976,10.22147370704067,-2.087843158037283
3625,55827550,g,4,-1.4322931988073917,0.040806604209203345,0.08191690655010575,4.81481361468788,-1.4322931988073917
3626,55827550,i,10,-1.382208990847785,0.317802186456589,0.5763168295040781,9.643219308013206,-1.382208990847785
3627,55827550,r,8,-1.2828889577376499,0.24861832845590348,0.47305840543485056,7.601598217999337,-1.2828889577376499
3628,55837762,g,3,-0.8732800798696125,0.10248340558630387,0.153410644068529,1.8124504645557735,-0.8732800798696125
3629,55837762,i,7,-1.385256755228483,0.09526284741278301,0.1754868074093643,5.691596415604105,-1.385256755228483
3630,55837762,r,10,-1.4421245633943816,0.0467007269834554,0.07592252890964168,7.213174143994135,-1.4421245633943816
3631,55866690,i,8,-2.0799439705425287,0.0698392617558321,0.14102746151340328,8.680329654809881,-2.0799439705425287
3632,55866690,r,5,-1.7580901591411835,0.14068296560205962,0.18608155777830104,5.154391770175009,-1.7580901591411835
3633,55882024,g,5,-0.8749075434378095,0.02946030204859107,0.08868104256295828,2.647326030029676,-0.8749075434378095
3634,55882024,i,6,-0.7548743616194551,0.1671883768846142,0.3029962666010697,3.800666265170017,-0.7548743616194551
3635,55882024,r,8,-1.129336611216642,0.09695057845032251,0.222535538315896,6.822042897059607,-1.129336611216642
3636,55937738,g,4,-1.0464898113736645,0.09181644173497305,0.15202364194657547,2.786751465433355,-1.0464898113736645
3637,55937738,i,6,-1.8067680278372866,0.16168255694030265,0.2866891053593239,8.738996047451163,-1.8067680278372866
3638,55937738,r,7,-1.528619500667217,0.08010610787138228,0.10254043339838259,6.390735757661866,-1.528619500667217
3639,55998702,g,2,-1.2510037203231268,0.05725652831924055,0.05725652831924055,4.860353554980435,-1.2510037203231268
3640,55998702,i,8,-2.287968413061401,0.11519282709989387,0.18356750249761777,16.03260610285629,-2.287968413061401
3641,55998702,r,11,-2.147163462829862,0.1934891437743036,0.3248025027754273,11.30390957618487,-2.147163462829862
3642,56016255,i,8,-0.7005105466198602,0.34409106287382946,0.6159534211841369,1.9432998197240678,-0.7005105466198602
3643,56016255,r,4,-0.9104891647813544,0.40615202420529956,0.9477055323159339,2.5214003085307235,-0.9104891647813544
3644,56074196,i,9,-2.7929446734865824,0.12808073047730195,0.22082186705037676,29.227012994569108,-2.7929446734865824
3645,56074196,r,7,-2.689584212845589,0.036532477421793,0.13419579762012068,25.067815906679566,-2.689584212845589
3646,5614315,i,7,-1.8692470195445738,0.6646647885524544,1.0579935479576008,7.899405916897844,-1.8692470195445738
3647,5614315,r,4,-1.3704251517156625,0.151645934684849,0.36367532662104196,8.854892714968864,-1.3704251517156625
3648,56178002,g,3,-1.0354376616243255,0.027435110791112605,0.19691566120373527,4.694058572848097,-1.0354376616243255
3649,56178002,i,2,-1.3336622899644799,0.14526256970033813,0.14526256970033802,10.183406950601759,-1.3336622899644799
3650,56178002,r,7,-1.4104246542942573,0.022866940901879573,0.20262527792962892,9.481148489502392,-1.4104246542942573
3651,56255332,g,3,-1.8895896524410456,0.18839558640695464,0.47398939343529056,7.728041226908306,-1.8895896524410456
3652,56255332,i,6,-2.003094334825677,0.10657470437377192,0.17393577969391405,17.326355271390685,-2.003094334825677
3653,56255332,r,11,-2.133535635681443,0.08444031956920917,0.14117200362104798,14.857107240591374,-2.133535635681443
3654,56286713,g,7,-1.4114242707784737,0.11808945221676792,0.4539745576930787,3.6912288993902718,-1.4114242707784737
3655,56286713,i,4,-1.6007524380468148,0.4400224855585929,0.7106358930671177,6.303531909237819,-1.6007524380468148
3656,56286713,r,9,-1.7827998504623157,0.1815651085111003,0.9567418238159222,7.072165024323514,-1.7827998504623157
3657,56334132,g,2,-0.7255919230521097,0.025945663452148438,0.025945663452148438,1.8125159130666249,-0.7255919230521097
3658,56334132,i,4,-0.970392207332534,0.18744427414352677,0.36710924455666594,6.567653602667317,-0.970392207332534
3659,56334132,r,7,-0.9024979639238129,0.10098768719599871,0.17135903659877938,4.3174698450938545,-0.9024979639238129
3660,56366375,i,9,-2.598323626374795,0.15211341175821147,0.9796425234369237,24.592357916673045,-2.598323626374795
3661,56366375,r,9,-2.551464709417842,0.5165409212761456,0.9971943609396883,20.0719581567749,-2.551464709417842
3662,56400024,i,7,-1.6484488292124595,0.17985176859297458,0.75466892082996,5.431939172213831,-1.6484488292124595
3663,56400024,r,6,-1.3348467861932871,0.09610214813256801,0.34516738153120663,3.6015265141913866,-1.3348467861932871
3664,56400335,i,4,-1.9973778867364778,0.054491038292697636,0.12876275935432036,10.731406127263996,-1.9973778867364778
3665,56400335,r,7,-1.648351272011397,0.08914351756163574,0.18788564855454704,9.265451307480618,-1.648351272011397
3666,56420404,i,5,-1.1616682780231544,0.13757133477304917,0.2105569527085085,6.406632092505492,-1.1616682780231544
3667,56420404,r,6,-1.234877307012213,0.06330902433626051,0.17332784571385362,7.0435680041503375,-1.234877307012213
3668,56446901,g,2,-1.1047658612004856,0.1322828995948293,0.1322828995948293,3.8220281723823364,-1.1047658612004856
3669,56446901,i,6,-1.646916360971682,0.1206395806354994,0.18795826504336044,14.186952884689468,-1.646916360971682
3670,56446901,r,9,-1.6062219694453967,0.03675616072748067,0.10211401017165445,9.581430706573334,-1.6062219694453967
3671,56449602,g,4,-0.30056161896040545,0.04902338406170714,0.15399032669878926,0.1838888923030919,-0.30056161896040545
3672,56449602,i,6,-0.40302226757271525,0.23167511414862313,0.3880880744783203,0.8313610128431105,-0.40302226757271525
3673,56449602,r,9,-0.1985520724511956,0.23827378603697785,0.4199494490661191,0.46162959989652474,-0.1985520724511956
3674,56461969,i,7,-2.332354691507256,0.03410230522487234,0.045805558214230935,27.067694011379018,-2.332354691507256
3675,56461969,r,5,-2.089003194896133,0.07861230491544013,0.1530229564288117,16.019668501858135,-2.089003194896133
3676,56491843,i,7,-1.2138271673439975,0.04198194021721435,0.3022183241153604,4.660238660922,-1.2138271673439975
3677,56491843,r,4,-1.2664591955036135,0.08214749813957245,0.15756250150948725,7.342497899886166,-1.2664591955036135
3678,56497286,g,2,-0.41728262787934267,0.05666789558565166,0.05666789558565166,0.29831955821514056,-0.41728262787934267
3679,56497286,i,8,-0.7650212741492532,0.04639485192331272,0.06898531353194093,1.2058654668635413,-0.7650212741492532
3680,56497286,r,11,-0.8965834981968386,0.04386080496943823,0.08078848742322131,1.890768371619407,-0.8965834981968386
3681,56531780,g,2,-1.2991466389740953,0.06101185188155234,0.06101185188155256,5.710356088935484,-1.2991466389740953
3682,56531780,i,12,-1.7647369755141762,0.15488104217355958,0.2565375758606663,11.441139106613464,-1.7647369755141762
3683,56531780,r,7,-1.6282738330805187,0.05266068068631746,0.09272414847254362,11.101439120906791,-1.6282738330805187
3684,5654529,i,7,-1.869677486542661,0.30431450792023296,0.6072702451749019,13.66812889637755,-1.869677486542661
3685,5654529,r,4,-2.158295931369958,0.08001682508015784,0.1673527845114795,10.648640962574428,-2.158295931369958
3686,56549114,i,13,-2.1574755496374785,0.10686712013303801,0.1966727155730723,13.81886191536974,-2.1574755496374785
3687,56549114,r,6,-2.0837901033462476,0.09669625958791717,0.16761580150931188,13.674987870903047,-2.0837901033462476
3688,56612625,i,8,-2.436317712396339,0.10768814308914632,0.39667443033138206,11.48381056035922,-2.436317712396339
3689,56612625,r,9,-2.243262015368037,0.153266835118397,0.26312502585283504,9.3285724820897,-2.243262015368037
3690,56618907,g,2,-1.5090715192665827,0.19728731207669814,0.19728731207669825,2.69742240895589,-1.5090715192665827
3691,56618907,i,7,-1.3976981536491304,0.4776176479481665,0.8507688479991717,4.790226284452074,-1.3976981536491304
3692,56618907,r,5,-1.0512346884044876,0.14954100558270533,0.15276011909802079,3.37843879414634,-1.0512346884044876
3693,5663296,g,2,-0.3411735397906688,0.02188742301543889,0.02188742301543889,0.26093839990064827,-0.3411735397906688
3694,5663296,i,9,-0.33431130833723277,0.23209206565840768,0.402948652603931,0.5487241358937193,-0.33431130833723277
3695,5663296,r,7,-0.4161140964280172,0.21229073515389407,0.8176885383195756,0.49652170238630894,-0.4161140964280172
3696,56636845,g,3,-1.8781685736492666,0.1026202263812872,0.2697211799936281,5.165435457761696,-1.8781685736492666
3697,56636845,i,8,-1.6515009315387528,0.23334235533471792,0.4356999303660598,11.12299068273777,-1.6515009315387528
3698,56636845,r,7,-1.5758017646887503,0.18438544680690994,0.3976794657712919,7.817246228156856,-1.5758017646887503
3699,56674387,g,6,-1.8096211672895155,0.03826079495959911,0.12568355674451337,5.17031291616723,-1.8096211672895155
3700,56674387,i,11,-1.6670516858510767,0.6455781105680525,1.3043191129565304,9.802317969138024,-1.6670516858510767
3701,56674387,r,9,-1.8485388443258173,0.3455636579034955,0.5536874816420736,9.10114825079112,-1.8485388443258173
3702,56674805,g,2,-0.5024827345243346,0.5035859453722396,0.5035859453722396,1.9538594270947296,-0.5024827345243346
3703,56674805,i,6,-0.5960636575513669,0.14411040406530523,0.2471033353493588,1.5892578992438462,-0.5960636575513669
3704,56674805,r,6,-0.8546671270364711,0.0662745389752546,0.2151715296367036,3.393102618611408,-0.8546671270364711
3705,56717897,g,3,-1.3907171976247472,0.0354498457780652,0.05520515119478686,2.815499661681569,-1.3907171976247472
3706,56717897,i,10,-1.4125837992526764,0.23371662339097732,0.3865265903214308,6.422212234394796,-1.4125837992526764
3707,56717897,r,10,-1.6514150380995343,0.17131303517920726,0.29087768809162795,6.703355030329268,-1.6514150380995343
3708,5672526,g,3,-1.2488635923287252,0.09902612202252747,0.13037132783209548,4.150371193074631,-1.2488635923287252
3709,5672526,i,6,-1.526931844895706,0.07096038816511718,0.10869366081540166,15.207236851204017,-1.526931844895706
3710,5672526,r,5,-1.5359990204677079,0.09391771747786781,0.17977326563315832,10.67300571019849,-1.5359990204677079
3711,56767171,g,2,-0.8755841092008125,0.019411882046687756,0.019411882046687756,1.6786642050243223,-0.8755841092008125
3712,56767171,i,7,-1.9155597669395275,0.0364223258471561,0.08523955666911287,14.596064321856955,-1.9155597669395275
3713,56767171,r,6,-1.8216133926516913,0.06510700161210836,0.09995391538213005,10.139170337691704,-1.8216133926516913
3714,56773817,i,6,-1.2446533418051557,0.11134373495485772,0.17281022325611328,2.6956752080137942,-1.2446533418051557
3715,56773817,r,5,-1.3124674971094188,0.1125223096185417,0.21922331334333744,2.961898678039127,-1.3124674971094188
3716,56806936,i,9,-1.9117093748872005,0.11453075360190046,0.16325369889436847,12.366430007969791,-1.9117093748872005
3717,56806936,r,7,-1.7661442765335158,0.06734517264811446,0.10761413887629212,9.411858091385117,-1.7661442765335158
3718,56821108,g,3,-1.9748627832724832,0.1550762070979239,0.28443306495747844,7.387436702805325,-1.9748627832724832
3719,56821108,i,12,-2.2004453374559434,0.2885802037718852,0.5211787661772196,14.645843050545063,-2.2004453374559434
3720,56821108,r,9,-2.201241369887298,0.14606793199840729,0.24214286051684386,11.45832569805229,-2.201241369887298
3721,56842900,g,2,-1.3524626642980688,0.09731029667773705,0.09731029667773727,2.140675682066598,-1.3524626642980688
3722,56842900,i,9,-0.9078146735216382,0.3744763312898819,1.0258023689507896,3.9181670352183193,-0.9078146735216382
3723,56842900,r,11,-1.4544889494707627,0.18779275776826876,0.3320007363190971,4.0856804359108025,-1.4544889494707627
3724,56882181,i,7,-0.9954298587440362,0.05151778705622001,0.055982918266480275,1.9464434812050473,-0.9954298587440362
3725,56882181,r,8,-1.1178532422809753,0.047476594409748274,0.0850822313982551,2.2728019139975544,-1.1178532422809753
3726,56909433,g,2,-0.8803137782129737,0.07954258850304985,0.07954258850304985,0.9976321603376452,-0.8803137782129737
3727,56909433,i,8,-1.1822952789176413,0.042393895832747996,0.08503654609501177,2.9374164623954053,-1.1822952789176413
3728,56909433,r,6,-1.3896734604353826,0.05286259142539351,0.15797493874107094,3.2452930304772694,-1.3896734604353826
3729,5695493,i,6,-3.0818134726416333,0.23185961142911515,0.44982060477212027,38.604573731402766,-3.0818134726416333
3730,5695493,r,7,-2.584321407830919,0.06430597385888293,0.20496155429393959,30.863300950394166,-2.584321407830919
3731,56963672,g,3,-0.4586403064247295,0.07247462482857969,0.10883330394820745,0.33136123082879626,-0.4586403064247295
3732,56963672,i,7,-0.17797482482864557,0.20384081803925425,0.24217259488057646,0.16686191202224882,-0.17797482482864557
3733,56963672,r,11,-0.22784508159332595,0.011362554171292949,0.02917340201943952,0.10825837745212717,-0.22784508159332595
3734,57021620,g,4,-1.1879292179365342,0.003990589206855244,0.02818006308079024,4.378112765319796,-1.1879292179365342
3735,57021620,i,9,-1.5946058075210074,0.2276495445197968,0.4012082032873092,14.30501826567634,-1.5946058075210074
3736,57021620,r,4,-1.906802461333378,0.03170476298907887,0.08227109973156388,17.74730681126962,-1.906802461333378
3737,57044081,g,4,-0.8486556760515891,0.015133538161943683,0.03480392569094748,2.3636897218429267,-0.8486556760515891
3738,57044081,i,12,-1.5280007921257108,0.03495604319230483,0.0633483200233802,7.983785554023254,-1.5280007921257108
3739,57044081,r,9,-1.2102320479653503,0.03367238656823113,0.055168722283336136,7.499603587142415,-1.2102320479653503
3740,57058043,i,11,-1.799828721407522,0.1074927262224985,0.2714733147782793,12.826885733114597,-1.799828721407522
3741,57058043,r,7,-1.8631603806293433,0.0723487124234794,0.3296627293386951,8.993600234246268,-1.8631603806293433
3742,57085329,i,6,-1.434685084242882,0.11300216405483277,0.1993843546580767,7.927945823096781,-1.434685084242882
3743,57085329,r,5,-1.4567521511125,0.11990673033784094,0.12969632103099382,9.524163513160683,-1.4567521511125
3744,57103008,g,4,-1.523006899587644,0.09746109610146925,0.19955920487918988,5.495352264694795,-1.523006899587644
3745,57103008,i,7,-2.0072804578449124,0.5419349739486554,0.8938588147643367,10.721080940766553,-2.0072804578449124
3746,57103008,r,7,-2.163308590010679,0.24416440698642372,0.2770494675009685,10.193519316163782,-2.163308590010679
3747,57110184,g,6,-0.9049737318796405,0.11575627008900369,0.37742122712131976,2.9803032465318147,-0.9049737318796405
3748,57110184,i,5,-1.9374058061856365,0.33952498846544055,0.6266697963271048,7.483092650041503,-1.9374058061856365
3749,57110184,r,7,-1.7302931129238215,0.3232491755945488,0.5736749892620228,6.899931963993053,-1.7302931129238215
3750,57123247,g,2,-0.4459137531693499,0.06374417607506111,0.06374417607506111,0.6013691035653674,-0.4459137531693499
3751,57123247,i,6,-0.5067424539179297,0.13553996700801274,0.2797192202719029,1.3367353729745695,-0.5067424539179297
3752,57123247,r,11,-0.7104945971971484,0.16762868871099967,0.2908846168977727,2.075342549533458,-0.7104945971971484
3753,57138915,g,2,-1.0273400566844704,0.018855927328794708,0.01885592732879493,1.7854971220878877,-1.0273400566844704
3754,57138915,i,7,-0.7650150946885028,0.08408658408634484,0.3753354985439148,2.821555760996421,-0.7650150946885028
3755,57138915,r,8,-0.9670182169507107,0.2656344532383342,0.5302080629943872,3.234124911187071,-0.9670182169507107
3756,57182478,g,3,-1.0070060051865601,0.033659283894969416,0.07741367951144817,3.501980725714008,-1.0070060051865601
3757,57182478,i,10,-1.5608570520057827,0.2097890242451067,0.5944648577237954,6.256448238371723,-1.5608570520057827
3758,57182478,r,10,-1.380028358795435,0.09566108701777043,0.28380232699675356,7.418656428353605,-1.380028358795435
3759,57255612,g,3,-0.7769638833317022,0.040493429246085344,0.49401912899684786,3.2055161930366496,-0.7769638833317022
3760,57255612,i,6,-1.2198373927305866,0.546328465794454,1.1752853269626589,4.68191501536877,-1.2198373927305866
3761,57255612,r,10,-2.0221155557633326,0.1807490857646683,0.8610063276965345,6.8763224236495475,-2.0221155557633326
3762,57263837,i,11,-3.1642798837303747,0.12742566574770864,0.19882277234414403,29.39029429570044,-3.1642798837303747
3763,57263837,r,10,-2.929528392829315,0.11001909113265529,0.34796083759557916,20.720573477027305,-2.929528392829315
3764,57285110,g,2,-1.7202916755043305,0.06384849548339844,0.06384849548339844,2.066468174480224,-1.7202916755043305
3765,57285110,i,6,-1.989958575509252,0.18985729795040207,1.1744488635984398,5.240764628265926,-1.989958575509252
3766,57285110,r,5,-2.078590213912384,0.20039018131467445,0.21758451970025972,6.696949726886887,-2.078590213912384
3767,57300074,g,5,-2.1061928803153926,0.03508366658140316,0.03936662185118145,3.707375200942215,-2.1061928803153926
3768,57300074,i,5,-1.5267485149933167,0.41772808830549524,0.5656878759789723,10.111363721011449,-1.5267485149933167
3769,57300074,r,7,-1.9615713040810636,0.06937291919520261,0.20868817327348976,6.688923990166008,-1.9615713040810636
3770,57373986,i,10,-1.7018856514336804,0.02310310610998234,0.04103575088177247,12.518143555561092,-1.7018856514336804
3771,57373986,r,7,-1.8235859856771541,0.08437848261547365,0.15394141230265812,13.666800129382507,-1.8235859856771541
3772,57381920,i,6,-1.677750411589343,0.24396704762057464,0.4158212588705614,13.499022325244255,-1.677750411589343
3773,57381920,r,5,-1.9064479876501752,0.3562644067200933,0.5299739471314469,10.801111789716213,-1.9064479876501752
3774,57442199,i,9,-2.0303796744130604,0.09580702793636231,0.14296779078145594,19.414922363236066,-2.0303796744130604
3775,57442199,r,7,-1.8533583554627049,0.100294664942991,0.14533701397715215,19.070588779154424,-1.8533583554627049
3776,57463043,g,2,-0.9515349784539671,0.04733372583265116,0.04733372583265116,1.912182483191334,-0.9515349784539671
3777,57463043,i,8,-1.2710508203220507,0.1667673951308466,0.3106333464903628,4.719091377498173,-1.2710508203220507
3778,57463043,r,7,-1.2951163989140748,0.04763756244499562,0.21049974054735254,4.753784094193348,-1.2951163989140748
3779,57480253,i,8,-2.1011722005107183,0.03406553565841319,0.044932275841586655,19.92723970336582,-2.1011722005107183
3780,57480253,r,6,-2.2367053007268045,0.03279013989580859,0.07700005411206678,19.107764782190824,-2.2367053007268045
3781,5749146,i,8,-1.026709587489226,0.1425793700850987,0.21523171688537268,1.9804918393708315,-1.026709587489226
3782,5749146,r,10,-0.9146640447885556,0.18505944305833566,0.37477972877941457,2.5128454431582283,-0.9146640447885556
3783,57529155,i,9,-0.3970283052603423,0.07072190754637608,0.11927842251535414,0.4434194541687149,-0.3970283052603423
3784,57529155,r,4,-0.5261052583044311,0.08677230656022927,0.11750400096153751,0.6677739267800963,-0.5261052583044311
3785,57533050,g,2,-0.8536609386187726,0.10910415649414062,0.10910415649414062,2.5279876858745673,-0.8536609386187726
3786,57533050,i,7,-0.894987976876215,0.12646042422851178,0.20430171383410345,4.561729029072684,-0.894987976876215
3787,57533050,r,8,-1.1151693735945312,0.12248946546384021,0.24033364459758877,6.880233701272639,-1.1151693735945312
3788,57542529,i,8,-1.2758883064656912,0.08637960267543321,0.1773349791287917,6.323245189784931,-1.2758883064656912
3789,57542529,r,8,-1.393340570533307,0.052709804621767775,0.08704143308647572,6.475261621840511,-1.393340570533307
3790,57560722,g,3,-1.446671727643781,0.1362872483722697,0.14662073625748895,4.050613611574385,-1.446671727643781
3791,57560722,i,6,-1.1165413670936364,0.35203112953735266,0.6547608565803162,3.7484287710482,-1.1165413670936364
3792,57560722,r,6,-1.3505275428047656,0.35445817999352935,0.6024853379933015,5.497527895485782,-1.3505275428047656
3793,57594007,g,4,-1.3998062386692265,0.4102623360703618,0.8661936535898147,3.8111120708107866,-1.3998062386692265
3794,57594007,i,5,-0.8872455717649451,0.22121761772681647,0.7627637589084802,3.925115996028402,-0.8872455717649451
3795,57594007,r,5,-0.9678493965199596,0.10090709813305654,0.2156493428629681,6.22635922824315,-0.9678493965199596
3796,57594007,u,3,-2.688356260901535,0.08889469533230798,0.9720187667590794,5.886980801895537,-2.688356260901535
3797,57599608,i,8,-0.5940877926400225,0.18229922296091722,0.28369644283340634,1.9754901414727781,-0.5940877926400225
3798,57599608,r,7,-0.9552274333387578,0.02943649242728985,0.047717748145772676,4.537386594113284,-0.9552274333387578
3799,57648145,g,5,-0.5876424498446324,0.014253184507142969,0.02815368841704924,0.8353479253046647,-0.5876424498446324
3800,57648145,r,6,-0.428920977420183,0.1398686878695651,0.22003179153862001,0.7704425492787248,-0.428920977420183
3801,57713204,g,3,-1.380971304488459,0.1415116950460753,0.45017752321357873,3.525407740107365,-1.380971304488459
3802,57713204,i,4,-1.1367267533721654,0.8463552629733684,1.6822409101922087,2.862752736534213,-1.1367267533721654
3803,57713204,r,4,-0.9630454613402931,0.5890103256066082,1.1188015281431885,3.141135303016028,-0.9630454613402931
3804,57713204,u,2,-0.40966650742723953,0.027587469165893164,0.027587469165893164,0.5232171251111455,-0.40966650742723953
3805,57762223,g,3,-1.7871395716641625,0.11303084049282952,0.29887115672608067,7.475576526125253,-1.7871395716641625
3806,57762223,i,10,-2.2454620671201613,0.10973279379891676,0.20098947004352663,18.64970504680527,-2.2454620671201613
3807,57762223,r,12,-2.0052735161981,0.13255941836315577,0.2683794085974305,14.692453150869197,-2.0052735161981
3808,57794391,i,6,-0.7085107781463604,0.30599334984775406,0.46853699252254644,1.6917618433749413,-0.7085107781463604
3809,57794391,r,7,-1.2540738091185286,0.1324840975236341,0.5433510770093897,3.639465191894342,-1.2540738091185286
3810,57864975,i,12,-1.6749584363469139,0.05123157452414828,0.09649324015942518,8.566649881524034,-1.6749584363469139
3811,57864975,r,7,-1.7146911613704725,0.05377762580139378,0.11092420995217722,7.9148286145405295,-1.7146911613704725
3812,57869979,i,9,-1.5905000680531232,0.09897142581213614,0.15417367842102037,6.114981021879135,-1.5905000680531232
3813,57869979,r,5,-1.8224215179901657,0.025816350812701172,0.035401995978211476,13.617717445441452,-1.8224215179901657
3814,57886516,g,3,-0.47689752103716176,0.044712036817715406,0.13462586719058756,0.47227995686483965,-0.47689752103716176
3815,57886516,i,5,-0.3385104179650369,0.05775884648385188,0.09123953431491627,0.29779344715273554,-0.3385104179650369
3816,57886516,r,9,-0.5127617204985314,0.10104203501728337,0.1670026914077245,0.7377640116629485,-0.5127617204985314
3817,57952140,i,7,-1.3910712987194542,0.05370165718959097,0.08988522287192335,4.720076856664822,-1.3910712987194542
3818,57952140,r,5,-1.4353327003067593,0.05455780485082595,0.07501934154751688,5.313561434588245,-1.4353327003067593
3819,57990429,i,7,-1.7228343206665122,0.1517846433460135,0.39831951042146874,7.8655957154562595,-1.7228343206665122
3820,57990429,r,7,-1.373202817237548,0.18803757204834914,0.27816266057229777,6.733804893073852,-1.373202817237548
3821,58003120,g,4,-0.6374319499209069,0.05177627594497597,0.11348198494389905,1.6249512150608605,-0.6374319499209069
3822,58003120,i,3,-0.8092561324762535,0.0729388372580908,0.1302686956784862,1.7311700761069575,-0.8092561324762535
3823,58003120,r,6,-0.6463527571556762,0.20051844770796334,0.43648475803062503,2.8999884074910223,-0.6463527571556762
3824,58026932,i,6,-0.43244489636530764,0.20622892996529663,0.33674696680268656,1.432373966108794,-0.43244489636530764
3825,58026932,r,5,-1.0117793439730787,0.11609654978938178,0.12238099015391013,6.99091453839875,-1.0117793439730787
3826,58057896,i,8,-0.7390599351243707,0.12629466973350517,0.22027128409902363,2.50212367000848,-0.7390599351243707
3827,58057896,r,6,-1.155403294664106,0.03614931361449769,0.054260182290034376,6.602104000282918,-1.155403294664106
3828,58106376,i,11,-0.7761420104809149,0.12319306931469831,0.19538824344927241,1.9222149417870873,-0.7761420104809149
3829,58106376,r,7,-0.9807491245631104,0.07764679640697336,0.20685103874628574,3.8643852357349466,-0.9807491245631104
3830,58160725,i,7,-2.1605867898843405,0.21039369909950967,0.39404342586030383,12.520968739102184,-2.1605867898843405
3831,58160725,r,4,-2.216546058113615,0.03015947533274077,0.23292477307621384,10.895306678670629,-2.216546058113615
3832,58171835,g,4,-0.7709827694833392,0.02617383885820923,0.1527738815083759,2.906555906860471,-0.7709827694833392
3833,58171835,i,5,-0.7955673298802078,0.6519437382709806,1.605181676471171,2.20545498051452,-0.7955673298802078
3834,58171835,r,8,-1.8962840895962523,0.13525731615396608,1.0816751033986458,3.7863891176604723,-1.8962840895962523
3835,58171835,u,5,-1.147737109827954,0.09351609968714403,0.5482997521278872,1.249927956479362,-1.147737109827954
3836,58174710,i,8,-0.6434893372199488,0.07857536850217711,0.17548847960615965,1.0891761917051104,-0.6434893372199488
3837,58174710,r,7,-0.8051642629978699,0.10415121623829937,0.18910321140736086,2.343089793697053,-0.8051642629978699
3838,58212276,g,2,-1.0750228233017145,0.0246439903191199,0.024643990319120013,4.200516002687288,-1.0750228233017145
3839,58212276,i,5,-1.658207476031344,0.18958420777841178,0.2071343129391816,6.99131749248064,-1.658207476031344
3840,58212276,r,6,-1.384579079666978,0.06759055324039132,0.14135604513353117,6.428664748802056,-1.384579079666978
3841,5822646,i,3,-1.6222887817007088,0.1967964284343604,0.2077650364053787,8.079130635852815,-1.6222887817007088
3842,5822646,r,7,-1.7316029770702044,0.0801244851730405,0.1265559013449522,9.513127207156696,-1.7316029770702044
3843,58277645,g,3,-1.2565182885751895,0.23697455356148955,0.34214704123677375,4.007987163522973,-1.2565182885751895
3844,58277645,r,5,-1.3324401919607007,0.39817202579620414,1.00934877995554,6.343825962468268,-1.3324401919607007
3845,58277645,u,2,-1.4867211586559625,0.23297210459856754,0.23297210459856776,4.875666761870876,-1.4867211586559625
3846,58290813,g,7,-0.7716558886645764,0.011552573806187683,0.02461764722643478,1.8357226213661106,-0.7716558886645764
3847,58290813,i,10,-0.8314567675681206,0.27946164914090743,0.7055524088065586,1.139240530173191,-0.8314567675681206
3848,58290813,r,13,-0.9283439848162728,0.11971261214331896,0.22463930867544646,2.894050993535053,-0.9283439848162728
3849,58318658,g,3,-1.7637330133671933,0.20591227554205505,0.22017744260255623,7.261538792953156,-1.7637330133671933
3850,58318658,i,7,-2.0627563821183594,0.17525878758914537,0.2994971079346629,16.069130051995096,-2.0627563821183594
3851,58318658,r,10,-2.0012150668831317,0.124955852016982,0.22535532237973888,10.101245494694233,-2.0012150668831317
3852,58357196,g,3,-1.0296330835351808,0.024594464409349426,0.1589242304029268,3.5164330659866843,-1.0296330835351808
3853,58357196,i,8,-1.2874573694793523,0.2734929874969995,0.3715258297815969,3.84634576894255,-1.2874573694793523
3854,58357196,r,12,-1.090431325327641,0.17293684269562115,0.31290720351267487,4.002622557952782,-1.090431325327641
3855,58386802,i,5,-1.3770141491544645,0.06708403639936766,0.06881040872137745,4.561673232164408,-1.3770141491544645
3856,58386802,r,5,-1.446370152764743,0.07978911847862613,0.08385114025732299,5.69036917063163,-1.446370152764743
3857,58437762,i,10,-1.9224070550339354,0.09812122244701771,0.1830253011899372,14.83975059637333,-1.9224070550339354
3858,58437762,r,3,-1.9116276830115555,0.018860459718821776,0.15616640411102778,15.231220667326548,-1.9116276830115555
3859,58454020,g,2,-0.8793746695949664,0.08283798614866666,0.08283798614866655,2.7522790425801045,-0.8793746695949664
3860,58454020,i,10,-0.9916570342491344,0.10606829785941496,0.22795964265901236,5.641554113806765,-0.9916570342491344
3861,58454020,r,14,-1.0603415042546525,0.1069962638995452,0.2036188029330639,6.945096444860958,-1.0603415042546525
3862,58543008,i,7,-1.172932568002138,0.39397031204704636,0.607048088417316,3.6411788523154334,-1.172932568002138
3863,58543008,r,3,-0.8452094494798764,0.005099658135368834,0.3570388971362365,4.844616089989532,-0.8452094494798764
3864,58568849,i,6,-2.383607060302072,0.057534159628073844,0.08630243714144248,30.06572813191571,-2.383607060302072
3865,58568849,r,5,-2.2434967400506283,0.07812005988976489,0.22072472120113984,22.139067880416665,-2.2434967400506283
3866,58633311,i,7,-3.0147649536113112,0.12222144374682564,0.2545012038270693,36.57108028077944,-3.0147649536113112
3867,58633311,r,4,-2.8410599586304244,0.02807539947665072,0.07891017437326164,25.6568207329365,-2.8410599586304244
3868,58641475,g,2,-1.0277605225324016,0.09028497864141449,0.09028497864141438,2.4385209901719387,-1.0277605225324016
3869,58641475,i,9,-1.7191965258778499,0.198854923123434,0.45328297397331707,12.802294781370742,-1.7191965258778499
3870,58641475,r,7,-1.662481249436173,0.08609899060002246,0.13668799920593044,9.59247149640719,-1.662481249436173
3871,58668267,g,4,-1.1743875343883703,0.025770721273950636,0.047778281138629364,3.6211881794413796,-1.1743875343883703
3872,58668267,i,8,-1.9718955147385255,0.1610279771012102,0.30002461717403817,9.722363415286882,-1.9718955147385255
3873,58668267,r,5,-1.8755663163736687,0.048231386307490576,0.08416425844744269,9.816122735505832,-1.8755663163736687
3874,58705346,g,3,-0.8765883095840964,0.009797647034926582,0.04447172886237882,3.091994395700246,-0.8765883095840964
3875,58705346,i,3,-0.9090032740405826,0.15194624137572188,0.32453056699222715,5.229435829884864,-0.9090032740405826
3876,58705346,r,5,-1.0903646694639373,0.011604663741294097,0.018719667069705626,7.857501368575756,-1.0903646694639373
3877,58754665,i,6,-2.3697008816466205,0.08107200436290429,0.13272503001357183,36.27275293819045,-2.3697008816466205
3878,58754665,r,6,-2.300956978622241,0.11641187437656852,0.2302910745521909,23.415120908265745,-2.300956978622241
3879,58836105,g,3,-0.8523038738059868,0.006612530641324166,0.07207178476962417,2.5275287369220183,-0.8523038738059868
3880,58836105,i,4,-0.9493363781278592,0.023740261998171197,0.03794797123306137,2.9694019712436837,-0.9493363781278592
3881,58836105,r,6,-1.0254977718393397,0.03828029850289527,0.1549639706499506,5.465970192733471,-1.0254977718393397
3882,58836105,u,2,-0.6029679767115181,0.014521580495049813,0.014521580495049813,0.9264088796744253,-0.6029679767115181
3883,58843798,g,2,-1.1675626842368363,0.012170174892250696,0.012170174892250696,4.173428220664816,-1.1675626842368363
3884,58843798,i,3,-1.8479443842970344,0.12554421981446118,0.2091651218904742,20.4899611877883,-1.8479443842970344
3885,58843798,r,7,-1.9170850460651028,0.14449872986989232,0.3628896662453256,13.862616667721086,-1.9170850460651028
3886,58861320,g,2,-1.0633929021742121,0.3993779968821779,0.3993779968821778,2.6759558579013363,-1.0633929021742121
3887,58861320,i,7,-1.6808877435150489,0.07108958137655419,0.1991180136942272,8.079743731434112,-1.6808877435150489
3888,58861320,r,2,-1.402275435858742,0.4451528803841468,0.4451528803841469,6.564554439920041,-1.402275435858742
3889,58933850,i,8,-2.3841299743837805,0.4179030926816232,1.4489973108513285,11.550183611817458,-2.3841299743837805
3890,58933850,r,6,-2.344562426341496,0.3167419489997121,0.888383758490052,9.542918171118876,-2.344562426341496
3891,58933878,i,7,-1.337342657336852,0.3410049713131109,0.5341254285406534,9.157415026434204,-1.337342657336852
3892,58933878,r,6,-1.6658570002610529,0.13641649622657814,0.253253605338958,7.851986566276142,-1.6658570002610529
3893,58945924,g,5,-1.2112745276271657,0.12760362620164623,0.19540926794562363,3.5509504380986217,-1.2112745276271657
3894,58945924,i,7,-1.0301227634434336,0.5186259631992347,1.3216168937004364,5.019223836371732,-1.0301227634434336
3895,58945924,r,7,-1.341752413216141,0.31491919135328095,0.7339098046536601,6.406923520783384,-1.341752413216141
3896,58948339,g,5,-0.746640055505138,0.04885735103086919,0.08013799401120147,1.2067205282250983,-0.746640055505138
3897,58948339,i,13,-0.87243324435558,0.06780598763377677,0.16811342532038398,2.0360056729197913,-0.87243324435558
3898,58948339,r,14,-1.1229406794879582,0.12172245071093668,0.5308292383361303,2.8320515415514094,-1.1229406794879582
3899,58978262,i,13,-1.5486221780670424,0.07176883030341674,0.14186692198384376,7.488029834592173,-1.5486221780670424
3900,58978262,r,9,-1.4644769445067327,0.06371764470891961,0.09828542638424542,7.483168096244806,-1.4644769445067327
3901,5898733,i,6,-1.735554963341603,0.050379174041680685,0.26927225912394226,7.132640778947466,-1.735554963341603
3902,5898733,r,6,-1.4858673996807061,0.06026771207505677,0.11093881283056328,5.432390185081761,-1.4858673996807061
3903,58989546,i,10,-2.1715009366833975,0.07368739067253127,0.19224945718001418,28.059382092170484,-2.1715009366833975
3904,58989546,r,8,-2.3617910171014653,0.0966469593910424,0.23237708594297102,16.996762876842908,-2.3617910171014653
3905,59034063,i,9,-2.095908360544666,0.05511514749992008,0.2424386823326241,14.726463181983096,-2.095908360544666
3906,59034063,r,10,-2.044285834663629,0.2639052957988659,0.5012576798222377,13.583861722930958,-2.044285834663629
3907,59037315,g,3,-1.1456394126832368,0.03396948883310347,0.25043928936264104,3.101631138819832,-1.1456394126832368
3908,59037315,i,10,-1.6438717775571836,0.1787425557679324,0.3370180193980452,8.003165719733982,-1.6438717775571836
3909,59037315,r,9,-1.7458927939151474,0.12879535694251176,0.21546833535659604,9.039915233270083,-1.7458927939151474
3910,59077744,i,5,-0.11307969025786535,0.05853682339834779,0.09414732888408239,0.16334761759812041,-0.11307969025786535
3911,59077744,r,5,-0.7166790724947358,0.07855236163049706,0.12517288325912324,1.8780067328132788,-0.7166790724947358
3912,59086584,g,3,-1.0804467083125133,0.14220620165254028,0.14724651446367654,1.5850219557865983,-1.0804467083125133
3913,59086584,i,5,-1.2857074192845817,0.017580939600063683,0.028824877851884256,11.385571544251444,-1.2857074192845817
3914,59086584,r,5,-1.5785367712764282,0.06804375610544144,0.10922212073337567,6.116985200566805,-1.5785367712764282
3915,59118387,i,5,-1.6053832386803712,0.08936197087253084,0.14321228358555893,15.335677350321461,-1.6053832386803712
3916,59118387,r,5,-1.6541903724410778,0.0742028986838692,0.1405165604774492,13.285172748226335,-1.6541903724410778
3917,59179173,g,4,-0.6458425308819513,0.1154148034574346,0.22400077426748466,1.44314005867253,-0.6458425308819513
3918,59179173,i,10,-0.608708203603421,0.10424726544917085,0.2044059968373737,1.187800355942194,-0.608708203603421
3919,59179173,r,8,-0.8020746631757723,0.11513632048171785,0.23302040250870082,2.174816418832158,-0.8020746631757723
3920,59191513,g,3,-1.2044813758464132,0.3668080767829758,0.47717591434378903,2.6409418726914864,-1.2044813758464132
3921,59191513,i,5,-1.6030836796724137,0.12509577052638,0.28670929288926916,5.571125624036659,-1.6030836796724137
3922,59191513,r,4,-1.1950965658681372,0.08616385347898492,0.12400022514650422,2.7055399243330083,-1.1950965658681372
3923,59214796,i,9,-1.0422804403194257,0.025434893869048514,0.050459739198205567,3.525872062898878,-1.0422804403194257
3924,59214796,r,4,-0.8565712604602769,0.04756164573631755,0.07341373929358597,2.3523658870827124,-0.8565712604602769
3925,59219305,i,6,-1.3282225741619427,0.13077719409650446,0.21846307154181588,7.395676831364402,-1.3282225741619427
3926,59219305,r,6,-1.6964361329522035,0.36175843914453276,0.5858019309683522,9.043342005359111,-1.6964361329522035
3927,59220033,i,6,-1.420147971692933,0.0626050316021125,0.10252915665366658,4.757027302342653,-1.420147971692933
3928,59220033,r,8,-1.4338023320990478,0.13636999866182553,0.29122051304673824,6.266395392070261,-1.4338023320990478
3929,59245211,i,7,-1.0185257864353565,0.15082245726842736,0.2971855871096747,4.714241125078544,-1.0185257864353565
3930,59245211,r,6,-1.431392275497965,0.13833310432147672,0.23435375572425166,7.548156473118123,-1.431392275497965
3931,59245630,g,3,-0.9214061243280507,0.015390005137305707,0.11010732922305655,3.1243576849160326,-0.9214061243280507
3932,59245630,i,3,-1.5802968323179154,0.15154226694561124,0.2797645944405298,7.024830110777216,-1.5802968323179154
3933,59245630,r,5,-1.6278188603117492,0.0757747969495266,0.14063732511401272,12.198194305313864,-1.6278188603117492
3934,5924862,i,10,-1.3322314182122361,0.08203184368994076,0.15097653333745376,4.754366676995737,-1.3322314182122361
3935,5924862,r,10,-1.3196419519977005,0.05304467202832819,0.09832157447036427,4.802610432592905,-1.3196419519977005
3936,59248989,g,3,-0.10135085547645994,0.003687061652330792,0.011811760954730688,0.03448971484372399,-0.10135085547645994
3937,59248989,i,8,-1.1768172772443046,0.09589237277910889,0.5005513339327348,2.638645849069153,-1.1768172772443046
3938,59248989,r,3,0.07872906127077778,0.026534043990068035,0.29330407335292275,0.13412702030167659,0.07872906127077778
3939,59277288,i,19,-1.5032753781509556,0.10889187831264757,0.19849800806185058,4.753517936527839,-1.5032753781509556
3940,59277288,r,12,-1.2952258894016322,0.07384605269552946,0.1703828577744504,4.8429188297932155,-1.2952258894016322
3941,59296009,g,2,-1.1368731294545895,0.017386976100294715,0.017386976100294493,3.9677826231567264,-1.1368731294545895
3942,59296009,i,7,-1.6671494429283866,0.2511547624621464,0.4693996325244907,12.855548010699383,-1.6671494429283866
3943,59296009,r,8,-1.5827129575119634,0.16857912738010172,0.34275031379040755,11.365259738892183,-1.5827129575119634
3944,59343921,g,2,-1.1272135519148518,0.03330578998495248,0.03330578998495248,4.096873733716267,-1.1272135519148518
3945,59343921,i,4,-1.7725644137823506,0.05379014795290904,0.15073123026933755,19.442502968713875,-1.7725644137823506
3946,59343921,r,5,-1.9120125158041965,0.04017656411514903,0.07490425460536532,17.792540637727807,-1.9120125158041965
3947,59397879,g,2,-0.768213621754962,0.2079758513950969,0.2079758513950969,2.0918646877847147,-0.768213621754962
3948,59397879,i,4,-1.8025256696052732,0.14782471448495504,0.19512572216742896,18.46990354126312,-1.8025256696052732
3949,59397879,r,5,-1.7421324215083627,0.08703460816221309,0.16621218745879318,15.4992767482164,-1.7421324215083627
3950,59450946,i,8,-1.0336443058964166,0.04682674521367619,0.12068391608091233,2.499633705611757,-1.0336443058964166
3951,59450946,r,5,-0.6442453114967119,0.04536302468360687,0.24057810904838395,1.307424436269939,-0.6442453114967119
3952,59502452,i,19,-2.169338170813935,0.3125359389306208,0.5940483408306139,12.782185087326207,-2.169338170813935
3953,59502452,r,16,-2.0969899200207776,0.31746025854454807,0.8468269595031734,10.97494121645909,-2.0969899200207776
3954,5954674,i,6,-1.928834517307342,0.05986972982321115,0.10679683435959308,13.439936261521652,-1.928834517307342
3955,5954674,r,9,-2.0024979468052315,0.08155994236256792,0.18284781497614433,13.170438083340926,-2.0024979468052315
3956,5954674,u,2,-2.4044083711115247,0.2708690536179623,0.27086905361796276,12.293922425930443,-2.4044083711115247
3957,59576599,g,2,-2.363868824806438,0.3852081187328379,0.3852081187328378,9.497790318800927,-2.363868824806438
3958,59576599,i,3,-2.4016263446078945,0.09684194470719554,0.17311280702384035,23.172252780537335,-2.4016263446078945
3959,59576599,r,10,-2.1676075389808407,0.16965100011139966,0.310565071363317,11.410222010830555,-2.1676075389808407
3960,59609194,i,6,-2.399338153462699,0.16293725987575214,0.3476090272856118,30.27115825945872,-2.399338153462699
3961,59609194,r,5,-2.135588326752193,0.1028794965583204,0.15117218354681983,17.489437134463326,-2.135588326752193
3962,59618201,g,5,-0.7191390965256134,0.014929347247560565,0.021728312905881175,1.8537347768713144,-0.7191390965256134
3963,59618201,i,9,-0.8057889834205614,0.10042424532210781,0.36962945138146275,3.9437698616925476,-0.8057889834205614
3964,59618201,r,8,-1.2383660516164663,0.028663860395696794,0.2858984653275012,5.2494851531171784,-1.2383660516164663
3965,59618201,u,3,-0.12379635049947257,0.001743819929592938,0.019759323513189764,0.0340560236969007,-0.12379635049947257
3966,59658315,i,9,-1.3397436127407918,0.42966133970609044,0.5216420248853382,3.865295128342194,-1.3397436127407918
3967,59658315,r,5,-1.930093610160421,0.013190610009739645,0.01857699238145938,7.088516405117588,-1.930093610160421
3968,59687620,g,2,-1.3225997813612902,0.2694845199584961,0.2694845199584961,5.561183782880522,-1.3225997813612902
3969,59687620,i,4,-2.016866190817298,0.1311587789788492,0.2865202026050351,26.63341197898366,-2.016866190817298
3970,59687620,r,10,-1.918212987921582,0.04825330862981747,0.0839164511561794,17.170381213325214,-1.918212987921582
3971,59727145,i,10,-1.0480258440670873,0.07459336918878595,0.12310349956405042,2.459053640488272,-1.0480258440670873
3972,59727145,r,10,-1.0417414768752762,0.11577137944591853,0.19672121115713936,3.8053497803357894,-1.0417414768752762
3973,5974023,i,8,-2.381963870499641,0.21433495782227374,0.3205011681405079,23.378042419648196,-2.381963870499641
3974,5974023,r,5,-2.4297540342676047,0.19592884998127946,0.45673927999008335,11.7080695613355,-2.4297540342676047
3975,59753132,g,2,-1.2882935890596938,0.013341440150896777,0.013341440150896888,5.850704758769798,-1.2882935890596938
3976,59753132,i,6,-1.4152340320689674,0.13693203317075475,0.2458696897074515,11.15761165364092,-1.4152340320689674
3977,59753132,r,10,-1.4823146623617012,0.1238454884192357,0.31598576402980494,8.86515032198999,-1.4823146623617012
3978,59753246,g,5,-1.124305956447768,0.021213500524631,0.02147604375067802,3.832003322124577,-1.124305956447768
3979,59753246,i,15,-0.694724037252898,0.09697726320382749,0.35963412812670503,4.337119898771991,-0.694724037252898
3980,59753246,r,15,-0.9989919588227605,0.20257182271853447,0.48176011453335965,5.085116253625754,-0.9989919588227605
3981,59766511,i,6,-1.6627404808553117,0.13714971040122514,0.22117266466236662,10.065212836362635,-1.6627404808553117
3982,59766511,r,4,-1.6860751693447327,0.03516841221037026,0.12188225868652225,8.375292454618172,-1.6860751693447327
3983,59768025,i,5,-0.3334412472760392,0.16108175740944364,0.23202019033251509,0.3853310908211866,-0.3334412472760392
3984,59768025,r,7,-1.114221287906461,0.16745182940909298,0.24997811279617987,7.560009042292194,-1.114221287906461
3985,59780458,g,2,-1.6360632307679737,0.3008344824121644,0.30083448241216426,6.548033639632704,-1.6360632307679737
3986,59780458,i,8,-1.6313277752167443,0.29312712427074383,0.5427465939096265,9.80105308105976,-1.6313277752167443
3987,59780458,r,8,-1.6118197383593063,0.2299969041180614,0.4636116042802765,11.385598217789896,-1.6118197383593063
3988,59796843,i,8,-2.3373491012617253,0.25735310843280224,0.5875739314249055,14.123022719732756,-2.3373491012617253
3989,59796843,r,12,-1.7672531838222294,0.3892270796869879,0.7625951495067549,10.401246977439262,-1.7672531838222294
3990,59821222,i,4,-1.904640245100214,0.014536108878936416,0.04783280325900896,11.008190486178869,-1.904640245100214
3991,59821222,r,8,-1.5817303312084028,0.11346330712053732,0.18378242756561436,6.929517193227036,-1.5817303312084028
3992,59824193,g,2,-0.8632996374769484,0.10242653384642786,0.10242653384642786,1.2024113474594704,-0.8632996374769484
3993,59824193,i,5,-1.36572997308103,0.07344816453622482,0.1316725511222696,4.330251362649331,-1.36572997308103
3994,59824193,r,7,-1.4179805909645429,0.04476885468207836,0.08266794971845437,4.4878248443570845,-1.4179805909645429
3995,59871183,g,2,-1.5971263141637115,0.08158755983589416,0.08158755983589439,4.117190890684243,-1.5971263141637115
3996,59871183,i,10,-1.2406341514682233,0.37779096489970304,0.8908973156647122,4.506455156693866,-1.2406341514682233
3997,59871183,r,10,-1.5124320406306357,0.2872074993163829,0.7738502748156131,6.637038894362327,-1.5124320406306357
3998,59913825,g,6,-0.8827256902252747,0.07120476343074483,0.13922746437954048,2.440982888654366,-0.8827256902252747
3999,59913825,i,10,-0.808046334820619,0.09979435640687939,0.19790284314982243,2.4160583293356224,-0.808046334820619
4000,59913825,r,10,-1.1032164438137977,0.03330414366970014,0.05153425458895411,4.801403984280734,-1.1032164438137977
4001,59913825,u,4,-0.3876627515677802,0.08524506292988088,0.13053015276058033,0.4587882340259611,-0.3876627515677802
4002,59943948,i,7,-2.155352791831418,0.2570919399407148,0.5987053003816101,11.046845544475909,-2.155352791831418
4003,59943948,r,6,-2.2564510013116577,0.1868923730009482,0.3271039700287184,9.549866910167307,-2.2564510013116577
4004,5998297,g,5,-1.3584094375503426,0.18841707440551447,0.3490283044493885,3.4048639143093467,-1.3584094375503426
4005,5998297,i,10,-1.1039879436904723,0.1677551219889879,0.42020124721900776,3.3619473708320227,-1.1039879436904723
4006,5998297,r,12,-1.3471282777580385,0.20348273054732946,0.4316032076094789,4.355031964883398,-1.3471282777580385
4007,60047586,i,5,-0.28377222781786915,0.08962872702949398,0.15352561718769842,0.16238756441552465,-0.28377222781786915
4008,60047586,r,5,-0.61501403609762,0.05155517264169829,0.09154425107681674,0.6191287107680312,-0.61501403609762
4009,6013063,g,2,-0.6837774507980849,0.027802665317677278,0.027802665317677278,1.8576437093567,-0.6837774507980849
4010,6013063,i,5,-0.34365351407626177,0.32935706685401067,0.6277430461017837,1.3834425802613879,-0.34365351407626177
4011,6013063,r,4,-0.77883529163894,0.11598974938485784,0.24155678764728916,4.036407287828361,-0.77883529163894
4012,60171808,g,5,-1.1169262856916506,0.026841879145230063,0.046301503981580394,2.7878517241650846,-1.1169262856916506
4013,60171808,i,9,-1.7400423453724312,0.18092845554338766,0.3167829997320921,12.19331348306704,-1.7400423453724312
4014,60171808,r,10,-1.842669579365261,0.11113352624254214,0.14126011762124957,8.912088998935186,-1.842669579365261
4015,60177221,i,6,-1.857192799859885,0.06020115916141955,0.09516082169278217,8.051574064042194,-1.857192799859885
4016,60177221,r,5,-1.8061782934651296,0.0483713388349587,0.06274642893092075,6.032397940389204,-1.8061782934651296
4017,60183651,g,4,-1.0258962881564264,0.284670647228314,0.7037326760347761,3.5929978488367063,-1.0258962881564264
4018,60183651,i,22,-1.8131244429829192,0.3403924892482628,0.6174196352444563,6.54793059491547,-1.8131244429829192
4019,60183651,r,22,-1.6272621351728045,0.2838106032850667,0.5355334049800955,6.43467501386725,-1.6272621351728045
4020,60214317,g,3,-0.2717871182058187,0.06488842677835605,0.07486234665888403,0.12283849575077892,-0.2717871182058187
4021,60214317,i,5,-0.6367452068030561,0.05835962061561428,0.09003582238788377,1.3344404672616306,-0.6367452068030561
4022,60214317,r,7,-0.678671175471688,0.04439193775201089,0.07923190231122657,1.5942429845454913,-0.678671175471688
4023,60236783,g,3,-0.4228793939659047,0.060411489056878875,0.14274503591027538,1.0719924337612936,-0.4228793939659047
4024,60236783,i,11,-0.19538475884813153,0.10347087453805706,0.22159048472234114,0.3359981585679926,-0.19538475884813153
4025,60236783,r,10,-0.34375785802676795,0.08575547898326119,0.15942034897390422,0.7469795623945672,-0.34375785802676795
4026,60258122,i,7,-1.2265687307886772,0.0655899821797683,0.12245495958101982,7.921796981244151,-1.2265687307886772
4027,60258122,r,4,-1.4242562198301871,0.028143089369227825,0.05974950579543181,7.700887268690543,-1.4242562198301871
4028,60298562,g,2,-1.1095665665760266,0.07978159561689069,0.0797815956168908,4.446040889000784,-1.1095665665760266
4029,60298562,i,12,-1.7519303856771713,0.1070170054191042,0.22212307345127824,8.869918910868732,-1.7519303856771713
4030,60298562,r,7,-1.3636057720174226,0.09720458792953024,0.1461257174307502,9.107451831989808,-1.3636057720174226
4031,60412539,g,3,-1.4545849226284253,0.053020304495827286,0.10538824196323571,3.019148173216209,-1.4545849226284253
4032,60412539,i,10,-1.1644867190456738,0.1993629395589389,0.37934724878126,3.6086809706462746,-1.1644867190456738
4033,60412539,r,12,-1.4405662763071305,0.22679783725887237,0.4097106174890237,4.843834208603446,-1.4405662763071305
4034,60418510,g,2,-1.1195188179088347,0.022368164990600126,0.022368164990600237,3.898788495107964,-1.1195188179088347
4035,60418510,i,11,-2.6959295409466817,0.09567362581278616,0.22830619336588853,27.518317200278275,-2.6959295409466817
4036,60418510,r,14,-2.6317704805338384,0.15645827478378704,0.3896263023740496,20.017328468498953,-2.6317704805338384
4037,6043346,i,11,-0.7898080744821495,0.2551966246474674,0.41246551016853705,1.6830724458573452,-0.7898080744821495
4038,6043346,r,8,-0.9904327542823292,0.08531278865950309,0.22168735761039104,3.007424483542386,-0.9904327542823292
4039,60437346,g,3,-0.6528429117766916,0.26851931416404584,0.29385956658749446,1.533755521973857,-0.6528429117766916
4040,60437346,i,17,-1.1745809772395397,0.058135082066899324,0.12566643139104294,4.021065425170803,-1.1745809772395397
4041,60437346,r,9,-1.3118583120092207,0.13117333303298206,0.3003286939160419,4.848399376552597,-1.3118583120092207
4042,60500854,g,2,-0.8426711946487115,0.057759371943705506,0.057759371943705506,1.2383373350378424,-0.8426711946487115
4043,60500854,i,11,-0.8635037832243507,0.17207629227601895,0.31997948658319475,1.231141651557204,-0.8635037832243507
4044,60500854,r,12,-1.0935360340920537,0.12446142041545222,0.3398544471208559,2.659187733419192,-1.0935360340920537
4045,60521482,g,3,-0.6798649995869606,0.059531838226283273,0.16408073676462176,0.9236236200468585,-0.6798649995869606
4046,60521482,i,10,-1.3932356220564754,0.2520867911069645,0.49196881206619114,4.730122745153106,-1.3932356220564754
4047,60521482,r,10,-1.4244068045030953,0.08666167600889318,0.16323404629422655,4.257900952477025,-1.4244068045030953
4048,60524977,i,6,0.10989969979893865,0.1808180038734825,0.3894267715529007,0.10405971284651994,0.10989969979893865
4049,60524977,r,6,-0.2388105539008577,0.1620793493984698,0.2657935325694986,0.40998545630369027,-0.2388105539008577
4050,60533678,i,5,-1.2866104937519867,0.1476478852795824,0.23266859839685639,7.944664425295348,-1.2866104937519867
4051,60533678,r,5,-1.4292873270301216,0.068984859934488,0.12697081180708292,8.791299953977957,-1.4292873270301216
4052,60594302,g,4,-0.2690891573538776,0.19501137348514175,0.391977128493847,0.26614152398795554,-0.2690891573538776
4053,60594302,i,2,-0.8359718028716505,0.05050269347246189,0.050502693472461835,1.6897353537512356,-0.8359718028716505
4054,60594302,r,5,-0.8811813972883267,0.007236200232082712,0.009589934541021305,2.2453893326818393,-0.8811813972883267
4055,60717367,g,2,-0.7399814630314899,0.07575397876726797,0.07575397876726808,1.468380645816095,-0.7399814630314899
4056,60717367,i,4,-0.775453353499405,0.1976018130418436,0.42670380823243104,1.597230475316525,-0.775453353499405
4057,60717367,r,5,-0.7990895455059798,0.01799837816373151,0.3347202542512131,2.821255643809907,-0.7990895455059798
4058,60735052,g,5,-0.9127094020697053,0.12457342760623047,0.21070788096491988,2.685538729841134,-0.9127094020697053
4059,60735052,i,10,-1.1951527543009917,0.22264745664118235,0.5977730176081002,6.5765264215906045,-1.1951527543009917
4060,60735052,r,10,-1.1363157299571525,0.08924443616583999,0.20688339914740017,7.075783355996114,-1.1363157299571525
4061,60748883,g,3,-1.1648195375671482,0.17265095506446282,0.5049197653979767,3.78345030970527,-1.1648195375671482
4062,60748883,i,13,-1.6524268678079834,0.5478964646838238,0.7919995839405503,8.926957268596704,-1.6524268678079834
4063,60748883,r,12,-1.4863866472951508,0.17137270237406543,0.34600544134820077,9.349012895371153,-1.4863866472951508
4064,60782885,i,9,-1.8433027267445115,0.12057388161307347,0.16825519680826417,12.430161056792667,-1.8433027267445115
4065,60782885,r,6,-1.5357210964119057,0.12645900287450473,0.2194117031389935,9.614874263320411,-1.5357210964119057
4066,60838979,g,4,-0.7854794070248985,0.05145030256658617,0.060122684356544775,2.3010185389837132,-0.7854794070248985
4067,60838979,i,9,-0.7527732729367989,0.15542747999991136,0.3788924986676968,3.501428160226005,-0.7527732729367989
4068,60838979,r,6,-1.1049039758182337,0.0759809920254313,0.177805688119125,6.154050715194017,-1.1049039758182337
4069,60850574,g,5,-0.6841047896875772,0.3146875472445996,0.49972648165960365,1.02180197278938,-0.6841047896875772
4070,60850574,i,15,-0.889895337720194,0.35218954325303586,0.5787062706902417,1.4746669513573916,-0.889895337720194
4071,60850574,r,16,-0.9567957853774984,0.08794013109423438,0.1612374553825634,2.091130599284142,-0.9567957853774984
4072,60850574,u,2,-0.15427276101026677,0.004041053875978751,0.004041053875978751,0.07150080075129245,-0.15427276101026677
4073,60862707,i,6,-1.456034686762841,0.009177770112096417,0.014276380580390935,6.405013603433933,-1.456034686762841
4074,60862707,r,7,-1.4976692263590765,0.07687778943464507,0.18238053477449068,5.493732914705718,-1.4976692263590765
4075,60863797,g,3,-2.1292550958092002,0.1684529393632328,0.7408277258699227,2.0719983433737004,-2.1292550958092002
4076,60863797,i,5,-1.7763208486239774,0.09912441811671413,0.1713364396709396,12.987574623807427,-1.7763208486239774
4077,60863797,r,3,-2.1063718560171574,0.03342125610991209,0.1772147052994335,4.529459697843962,-2.1063718560171574
4078,60910723,g,8,-1.5073832865700516,0.06863818552264211,0.23281780816234798,6.5793946170024835,-1.5073832865700516
4079,60910723,i,11,-2.203057004673231,0.07045240698215949,0.26699736841533417,15.157111214435671,-2.203057004673231
4080,60910723,r,13,-2.004362104981346,0.06276959244995428,0.08848267121758413,12.617348210333748,-2.004362104981346
4081,6091759,i,4,-0.6411172134228232,0.10051738388119047,0.2080569647838213,1.5660343012270657,-0.6411172134228232
4082,6091759,r,6,-0.9034222741509607,0.1061812941884932,0.17569100895086998,2.21391583885368,-0.9034222741509607
4083,61030979,i,9,-0.8581812299193559,0.1395589393399841,0.2686210642868794,4.8490520598494875,-0.8581812299193559
4084,61030979,r,7,-0.9688779617355313,0.06797075581073198,0.09641944411487768,5.2830617772147885,-0.9688779617355313
4085,61200024,i,15,-1.8630117048523727,0.23481334630339834,0.5155313702579283,13.81077926766787,-1.8630117048523727
4086,61200024,r,7,-1.9076152739969368,0.20922719316463811,0.44540198862963587,12.59366975344368,-1.9076152739969368
4087,61224383,g,4,-1.7033815276195055,0.005758533327057003,0.039027474968064135,2.6667983520019236,-1.7033815276195055
4088,61224383,i,12,-1.3710849770605693,0.54992268350996,1.105156442872933,4.939526555791651,-1.3710849770605693
4089,61224383,r,11,-1.4787179500438923,0.5270646616180709,0.8641032665541324,5.710293947486924,-1.4787179500438923
4090,61250796,g,3,-0.3732372225492684,0.10768784769029249,0.2989960691438882,0.2759987685481508,-0.3732372225492684
4091,61250796,i,6,0.8333499788831339,0.18945424686833356,0.2944521853330413,1.0115819557087276,0.8333499788831339
4092,61250796,r,6,0.4016793792443756,0.16163746344920826,0.24359971380688655,0.28467470396957834,0.4016793792443756
4093,61294990,i,4,-1.3857796904114847,0.03498207984634405,0.052871173896497314,8.243193978105587,-1.3857796904114847
4094,61294990,r,7,-1.236504650684155,0.07335275249950302,0.11648367957306194,3.5893147157699006,-1.236504650684155
4095,61321977,g,2,-0.9702129852565715,0.023800593537862236,0.023800593537862236,2.8211839290618466,-0.9702129852565715
4096,61321977,i,8,-1.4223138291971966,0.1964072139690335,0.3598039809621887,6.167829690243242,-1.4223138291971966
4097,61321977,r,11,-1.3839679798707034,0.08177774528244708,0.22695222695771466,6.205444900865604,-1.3839679798707034
4098,61337216,g,3,-1.0216809406410927,0.03868211198931637,0.049282610299886453,3.9537718691794104,-1.0216809406410927
4099,61337216,i,11,-1.1835839146545557,0.06069376889196265,0.16468710994201086,5.154334467161291,-1.1835839146545557
4100,61337216,r,12,-1.2853392783047632,0.07705439960008276,0.1724287376929421,5.9299346525150725,-1.2853392783047632
4101,6136324,i,6,-1.683597660304569,0.13809920925273167,0.23681673378075185,15.224099887478795,-1.683597660304569
4102,6136324,r,5,-1.4879032174019606,0.07541201555945509,0.10258404972937818,12.783861789673699,-1.4879032174019606
4103,61413272,g,2,-0.8506185724864843,0.1656987512251491,0.1656987512251491,1.6140317180673662,-0.8506185724864843
4104,61413272,i,11,-1.225939028908823,0.31939697038031034,0.5805314683281471,6.177768935182866,-1.225939028908823
4105,61413272,r,6,-1.225112033643567,0.026118451367526885,0.05411098076553711,7.35925782753296,-1.225112033643567
4106,61436079,i,8,-1.787801569821893,0.36057423551905754,0.7357547888865623,8.910980688460235,-1.787801569821893
4107,61436079,r,4,-1.9591489120560266,0.1442435322940241,0.3220281295195875,9.120008968314664,-1.9591489120560266
4108,61466536,g,5,-0.7451910271445343,0.27890686089854466,0.47894595914546767,1.3479648946594593,-0.7451910271445343
4109,61466536,i,16,-0.6582696857302239,0.257056292985228,0.4505285441999567,1.1337420202847837,-0.6582696857302239
4110,61466536,r,13,-0.8993906107169249,0.203767377779978,0.38446722330746286,2.1669021338325427,-0.8993906107169249
4111,61478517,i,10,-1.3429375997412847,0.09461952929995698,0.15037136792857853,4.906586435881836,-1.3429375997412847
4112,61478517,r,8,-1.3561220497215973,0.040509095254428584,0.08646406981649024,5.027883243135539,-1.3561220497215973
4113,61481266,g,3,-0.3836866811226165,0.1276573066482909,0.21878174531896533,0.5547441371612197,-0.3836866811226165
4114,61481266,i,11,-0.6223709249626553,0.08794379210358927,0.13871975774909995,1.411595371410876,-0.6223709249626553
4115,61481266,r,10,-0.9478457526790615,0.08955386860532133,0.172483104008343,4.331895436773127,-0.9478457526790615
4116,61481266,u,3,-0.44392991080786937,0.058205815734130084,0.07052547292204325,0.4834311940847573,-0.44392991080786937
4117,61556714,g,3,-0.7748764187799115,0.01173038673601301,0.020605223811131945,1.7979985440797162,-0.7748764187799115
4118,61556714,i,12,-1.3677474312745694,0.19338169603403432,0.3513645133525438,3.531752687329392,-1.3677474312745694
4119,61556714,r,12,-1.356558035627242,0.07489297363286973,0.156231657702244,4.8359479119230535,-1.356558035627242
4120,61570282,g,4,-0.8337080110290651,0.09343467612510487,0.28720569595046797,2.8481712008441984,-0.8337080110290651
4121,61570282,i,13,-1.0933052907850118,0.4231724131782256,0.5992817729442353,4.002561416539584,-1.0933052907850118
4122,61570282,r,11,-1.1800340082301863,0.5562769113928793,1.1678176160205433,5.029484302460373,-1.1800340082301863
4123,61591660,i,9,-1.2459094087324485,0.06475959144027144,0.1267181783849043,4.592188852253944,-1.2459094087324485
4124,61591660,r,11,-1.4309270285916387,0.11825744392920212,0.2429160232022738,5.208742625851432,-1.4309270285916387
4125,61670050,i,9,-0.9431278689902709,0.16387176680809823,0.27239499273956913,4.21541587372972,-0.9431278689902709
4126,61670050,r,12,-1.1331372415043088,0.24366682863347744,0.4885269387997375,5.2939158645137425,-1.1331372415043088
4127,61753553,g,2,-0.23697064725586986,0.15543366183904367,0.15543366183904364,0.259066620609238,-0.23697064725586986
4128,61753553,i,5,-1.7156486285636812,0.17415824554011405,0.3010015654482645,14.605807284565438,-1.7156486285636812
4129,61753553,r,4,-1.0065316908686341,0.07469789511732172,0.14238352631930185,6.164451199233736,-1.0065316908686341
4130,61772906,g,2,-1.1092826172026289,0.025323495807202168,0.025323495807202168,3.3650355532425777,-1.1092826172026289
4131,61772906,i,6,-1.1967617172010114,0.2249860036980943,0.41561861985361226,9.157746633655476,-1.1967617172010114
4132,61772906,r,11,-1.3387071122244703,0.17820705194887765,0.3240989928594695,8.239284037409977,-1.3387071122244703
4133,61832962,g,2,-1.0829025860822834,0.2756481330052981,0.275648133005298,3.649768737914005,-1.0829025860822834
4134,61832962,i,5,-2.142343957574794,0.09349488813719686,0.17058214683980788,15.039103652551637,-2.142343957574794
4135,61832962,r,6,-2.0039396763346895,0.10827679254164502,0.19272056248135794,11.627808699102877,-2.0039396763346895
4136,6191294,g,3,-0.9731630768469532,0.02466812229646631,0.07775573530557534,3.184588278055168,-0.9731630768469532
4137,6191294,i,5,-2.1367378245654414,0.0914752737161284,0.17992148423800902,19.135870331299913,-2.1367378245654414
4138,6191294,r,7,-1.9193749578337473,0.1879259278873846,0.2326793441204993,15.781093594765375,-1.9193749578337473
4139,61918805,g,4,-1.7322018523274003,0.052139634818518354,0.12178082682249936,5.964989238397514,-1.7322018523274003
4140,61918805,i,9,-1.8064451562940191,0.1556507543505128,0.2427202454833255,8.914431527758925,-1.8064451562940191
4141,61918805,r,7,-2.061116629921293,0.0811024222254415,0.4548190387259199,9.36994571868992,-2.061116629921293
4142,62011145,g,2,-0.8269810016420529,0.05211061145391915,0.05211061145391915,1.812026468545743,-0.8269810016420529
4143,62011145,i,9,-0.722766881861689,0.15439315533720754,0.17774165243346085,1.8917138165513272,-0.722766881861689
4144,62011145,r,7,-1.1118603903039257,0.014037582569320639,0.06757866135130919,5.661354582295089,-1.1118603903039257
4145,6207555,i,5,-1.010652236152119,0.20763989487015988,0.36915749488268323,5.6066332307650315,-1.010652236152119
4146,6207555,r,5,-1.3752472660184978,0.10677046976264615,0.12442096876283415,9.062399539744364,-1.3752472660184978
4147,62101692,g,2,-0.651104093020722,0.09843890634294816,0.09843890634294827,1.7507548681904448,-0.651104093020722
4148,62101692,i,5,-0.04400996582194905,0.38130306063691144,0.7370484722913652,0.6044846428885567,-0.04400996582194905
4149,62101692,r,4,-0.712213138764066,0.17994232046664593,0.2977982003315227,2.614903974469742,-0.712213138764066
4150,62119108,i,7,-2.4056173004496078,0.15290927461022807,0.6631494016763675,11.183688545531437,-2.4056173004496078
4151,62119108,r,5,-1.5076434833933146,0.3084900898803222,0.48730009796696305,8.709120497883466,-1.5076434833933146
4152,62165735,g,4,-1.1976201384133556,0.09053069306399775,0.20248048863580315,2.82380841380741,-1.1976201384133556
4153,62165735,i,12,-1.9389628032056048,0.2680543873413207,0.4737670041178266,10.777203993957535,-1.9389628032056048
4154,62165735,r,14,-1.9280920949445348,0.10230902212490223,0.18189460683260106,9.841400039049686,-1.9280920949445348
4155,62200324,i,6,-1.104079315242884,0.20205131389996522,0.3286001981205404,2.468973046689278,-1.104079315242884
4156,62200324,r,6,-1.0748093860672856,0.26115597582265837,0.4590297877584274,2.366652211455074,-1.0748093860672856
4157,6221851,g,2,-1.086053100779933,0.1972375215737594,0.1972375215737595,3.7395600338087185,-1.086053100779933
4158,6221851,i,9,-2.2400728121804243,0.20238567312422218,0.3193736670535534,17.564695219704717,-2.2400728121804243
4159,6221851,r,8,-2.058760112587576,0.11896149389624688,0.27030433615913574,15.115062625597535,-2.058760112587576
4160,62257847,i,4,-1.8085182703620521,0.05282665551857468,0.16523132904297877,12.459692606171117,-1.8085182703620521
4161,62257847,r,6,-1.488199128028147,0.05567333355591697,0.12686924990466064,9.102635117419135,-1.488199128028147
4162,62265635,g,3,-0.6399815511663585,0.04704142023324742,0.08427669042899377,0.5904190910994499,-0.6399815511663585
4163,62265635,i,5,-0.11659430503139334,0.09889861987636062,0.2688710618123682,0.18818528965300804,-0.11659430503139334
4164,62265635,r,6,-0.4177136838215365,0.027337435753688244,0.04246436263883929,0.3479131673803433,-0.4177136838215365
4165,62272267,g,2,-1.2316636052254286,0.03469945174537348,0.03469945174537359,4.531257844957762,-1.2316636052254286
4166,62272267,i,6,-1.2070345711449888,0.1652726609682843,0.2873250742800353,8.909090910744743,-1.2070345711449888
4167,62272267,r,9,-1.6923635710846072,0.11821018749683909,0.23977298693234106,7.271082304983703,-1.6923635710846072
4168,62300939,i,6,-2.1893043414360287,0.09624579274756018,0.22775951897598334,26.422637179614096,-2.1893043414360287
4169,62300939,r,5,-1.7722508969552346,0.10483548634238193,0.18053403938035784,17.44019409547236,-1.7722508969552346
4170,62393050,i,4,-1.3590104808217713,0.05959687922209167,0.12023373594311848,7.687864721984967,-1.3590104808217713
4171,62393050,r,7,-1.3531028366440354,0.10344378746474203,0.15485458395262097,6.448741305758614,-1.3531028366440354
4172,62425609,g,6,-0.9903940330353738,0.02001547923552205,0.41920421913921646,3.9856573660268655,-0.9903940330353738
4173,62425609,i,10,-1.6093664790478548,0.4028860749035399,0.6719245164168566,5.983770342199338,-1.6093664790478548
4174,62425609,r,11,-1.7223413878257423,0.43944024187999275,0.9269975742830165,6.947220393558762,-1.7223413878257423
4175,62425609,u,2,-1.0784299491787523,0.2274811307783393,0.2274811307783393,2.9364393745135633,-1.0784299491787523
4176,62485323,i,8,-0.610833751221546,0.08048811818490792,0.23407893218466247,1.2120777798457527,-0.610833751221546
4177,62485323,r,6,-0.6987081371448256,0.08113037351932212,0.1441122778490187,1.2943191871681072,-0.6987081371448256
4178,62537942,i,9,-1.4176273130103723,0.3134165237149802,0.8236000207424254,10.620458850645651,-1.4176273130103723
4179,62537942,r,11,-1.7266168480498216,0.3889348581708776,0.738396185709449,9.762901574541624,-1.7266168480498216
4180,62586315,g,2,-0.489066223799586,0.020911251657111274,0.020911251657111274,1.1593576452178729,-0.489066223799586
4181,62586315,i,15,-0.7694812086020919,0.3888167791102535,0.8653505627908088,1.675837599951111,-0.7694812086020919
4182,62586315,r,9,-0.4721885951626271,0.04958932007922556,0.18381135621193323,2.086042297791993,-0.4721885951626271
4183,62629769,g,5,-0.9974968285628467,0.042095544455861056,0.1522481574175787,2.2964262627876226,-0.9974968285628467
4184,62629769,i,5,-1.2776185685416976,0.20519012474763154,0.40951162417324505,4.037896456488595,-1.2776185685416976
4185,62629769,r,10,-1.6458390931336575,0.15591609173735166,0.42301402509241903,4.732453142070922,-1.6458390931336575
4186,62649977,g,2,-0.7594899891407444,0.06945388622078186,0.06945388622078186,2.0146264412352766,-0.7594899891407444
4187,62649977,i,8,-2.622905290903577,0.12826689733409902,0.3051075243409933,17.559460742051925,-2.622905290903577
4188,62649977,r,7,-2.3451172865052676,0.19346615591778615,0.7214249671080468,22.573095575504343,-2.3451172865052676
4189,6266871,g,3,-0.7074816064424043,0.08525261832315056,0.12181455063336766,1.6443994613964883,-0.7074816064424043
4190,6266871,i,5,-1.1476869663017424,0.09456834460400199,0.39109900845047707,5.8233860505286215,-1.1476869663017424
4191,6266871,r,4,-1.3470009049045633,0.022629881029585852,0.04010385285287854,8.306075237039698,-1.3470009049045633
4192,62692682,g,2,-0.7856962956287865,0.024724682596744596,0.02472468259674454,2.5620998761796745,-0.7856962956287865
4193,62692682,i,13,-1.3939795948759817,0.11333483072745443,0.2341913295875322,4.728853741288194,-1.3939795948759817
4194,62692682,r,12,-1.319814499700676,0.17699418309696124,0.2559953451454189,5.389684137019883,-1.319814499700676
4195,62692682,u,2,-0.8113061800649684,0.444052578810604,0.444052578810604,1.7824883638102567,-0.8113061800649684
4196,62701608,g,2,-0.7426556999004539,0.08263764556080433,0.08263764556080444,2.372543404894617,-0.7426556999004539
4197,62701608,i,6,-0.6102635549037596,0.22704939251821815,0.39294467510303577,2.001006595339248,-0.6102635549037596
4198,62701608,r,3,-0.9354663072134748,0.008126698548000966,0.01561547457865764,5.981993613849652,-0.9354663072134748
4199,6272306,g,2,-1.2443631293581903,0.20709317886627854,0.20709317886627843,2.8524712881085366,-1.2443631293581903
4200,6272306,i,11,-1.87105878955867,0.11402758505693811,0.2001223884984431,14.388925647668124,-1.87105878955867
4201,6272306,r,16,-1.9589698196612217,0.0587919998792763,0.10507282702697318,11.498956996082581,-1.9589698196612217
4202,62763163,i,9,-1.4424690144724053,0.20347349948465654,0.4466268322208502,8.237276729118612,-1.4424690144724053
4203,62763163,r,6,-1.7513924194461308,0.34043555051075247,0.5372684488875552,7.802888291890237,-1.7513924194461308
4204,62771192,i,8,-1.190241139451825,0.10142332078240013,0.3056619287935537,2.401547605695421,-1.190241139451825
4205,62771192,r,5,-1.4074689262534315,0.13339531405228477,0.2319173042920819,4.070023536209164,-1.4074689262534315
4206,6278341,g,3,-1.5529098792462366,0.0032493081727089645,0.16109464764964954,3.133666520853525,-1.5529098792462366
4207,6278341,i,2,-1.6795584165751145,0.43416921083220705,0.43416921083220705,4.461680802035882,-1.6795584165751145
4208,6278341,r,6,-1.4131623640684823,0.02656744249364773,0.04018508095918105,3.686850151064893,-1.4131623640684823
4209,6278341,u,3,-1.710783374092327,0.08484426077471907,0.14997386926830547,4.316097392404723,-1.710783374092327
4210,62803504,i,6,-0.1795735203775819,0.044276131398817586,0.06780670499257124,0.23136404008892064,-0.1795735203775819
4211,62803504,r,9,-0.46730520112500606,0.10614490193008574,0.17523502461522433,0.6334453136818319,-0.46730520112500606
4212,62803504,u,2,-0.20786835236075385,0.25151183262457977,0.25151183262457977,0.36420930516657346,-0.20786835236075385
4213,62812885,i,6,-2.1527977332763255,0.05166502929214878,0.36422846843342715,7.305722997638406,-2.1527977332763255
4214,62812885,r,6,-1.6044619604769874,0.2652753084721382,0.49710590445040403,7.152569827839582,-1.6044619604769874
4215,62841320,g,9,-0.30011949878716226,0.1376613532223081,0.5562039443159476,0.5878326942935773,-0.30011949878716226
4216,62841320,i,6,-0.36591306615885005,0.15993895666183117,0.2781836201355752,0.605027800539564,-0.36591306615885005
4217,62841320,r,8,-0.15756049418812318,0.33861516124518726,0.6092587961127593,0.5013494811654393,-0.15756049418812318
4218,62841320,u,3,-0.11683942376788092,0.011253893321045094,0.29822957247783366,0.16728792539301496,-0.11683942376788092
4219,62858337,g,2,-1.6568947454344811,0.11368093385404265,0.11368093385404276,3.9032620250117382,-1.6568947454344811
4220,62858337,i,6,-1.6401628634405467,0.42611382295071243,0.8071873032219721,5.941513201063746,-1.6401628634405467
4221,62858337,r,7,-1.4144614434867662,0.148933379725102,0.2573330309723898,6.220292460422448,-1.4144614434867662
4222,62859398,g,3,-1.388930596547238,0.04339651090477137,0.05655152424448939,6.359634091706623,-1.388930596547238
4223,62859398,i,8,-2.320720503886192,0.0773789095386781,0.14411345039017265,15.022453060679954,-2.320720503886192
4224,62859398,r,11,-1.992033310469838,0.11762718573496089,0.26330175405257816,13.405397213163196,-1.992033310469838
4225,6292486,i,5,-1.7703375422755006,0.18042758950715188,0.23566308640346945,14.484000783297166,-1.7703375422755006
4226,6292486,r,5,-1.8951555040874033,0.11293445270117797,0.2109928726802961,17.829323976561348,-1.8951555040874033
4227,6301045,i,10,-0.4928339490099385,0.06480091789319864,0.1600496138769918,0.6969851337231423,-0.4928339490099385
4228,63015692,i,9,-1.3813196359813222,0.1059529030136348,0.1537919936943395,9.918531375453105,-1.3813196359813222
4229,63015692,r,6,-1.6704186579299936,0.03908212352425766,0.09003567361105014,9.48325594403174,-1.6704186579299936
4230,63028648,i,5,-1.02298332300577,0.12107315711826172,0.23786697916722943,5.174366665956093,-1.02298332300577
4231,63028648,r,5,-1.5032719899868978,0.04795738223685553,0.24942546218063089,9.222152665130345,-1.5032719899868978
4232,63051114,g,2,-0.7949556217061945,0.4606205796434454,0.4606205796434455,1.0320042107218759,-0.7949556217061945
4233,63051114,i,10,-0.8939519361133754,0.05472819174253185,0.10863661580192518,2.173173889879069,-0.8939519361133754
4234,63051114,r,8,-1.1615084297877072,0.04944978339773598,0.07241599702925483,3.4146153356492013,-1.1615084297877072
4235,63058639,g,2,-1.2995069769050471,0.0898129403431146,0.08981294034311449,4.051122920115491,-1.2995069769050471
4236,63058639,i,8,-1.1075001510759335,0.6961915288027152,1.1719844772333303,2.824412847649057,-1.1075001510759335
4237,63058639,r,9,-1.6008474508924848,0.4627419816668017,0.8755815561204627,4.798453939980804,-1.6008474508924848
4238,63058639,u,3,-1.7122590894664733,0.2374831566085196,0.3487616974162522,3.278039365296115,-1.7122590894664733
4239,63083728,g,2,-1.3476955792257281,0.025607162082347812,0.0256071620823477,2.637142344337191,-1.3476955792257281
4240,63083728,i,5,-0.9899986930746882,0.09121808602824322,0.2670412250075177,5.016695101108093,-0.9899986930746882
4241,63083728,r,4,-1.2766771177005,0.03407842772108871,0.057988291235603784,3.233748076708202,-1.2766771177005
4242,6310884,g,2,-1.1641265960589737,0.06363855129630169,0.0636385512963018,3.257438266633079,-1.1641265960589737
4243,6310884,i,12,-1.8099756584283326,0.10354645232688386,0.3069282328341767,7.73756974898125,-1.8099756584283326
4244,6310884,r,9,-1.5596918371663846,0.12135208119687846,0.19943091348367314,6.647904503675729,-1.5596918371663846
4245,63231733,g,3,-0.8046028470636049,0.11541554918702412,0.1604624562254653,2.792881089346419,-0.8046028470636049
4246,63231733,i,3,-1.5090890422410637,0.09206802062137531,0.24077573602575986,4.704622800143408,-1.5090890422410637
4247,63231733,r,7,-1.6183082615340336,0.04724284122205824,0.21512736121477394,6.698177279656254,-1.6183082615340336
4248,63248413,g,2,-0.941818438374955,0.08839199768453643,0.08839199768453643,2.967094136319305,-0.941818438374955
4249,63248413,i,4,-1.1717771986317809,0.10198401893150888,0.14056760959895875,6.354865794231888,-1.1717771986317809
4250,63248413,r,6,-1.3393982610604054,0.04958888623592628,0.1444066179899115,6.5980883572714335,-1.3393982610604054
4251,63305526,g,4,-0.7841186152697919,0.03246596698834153,0.07433157908891153,1.554452588763237,-0.7841186152697919
4252,63305526,i,4,-0.9411991417181904,0.09213583056909003,0.22080962212333144,2.0666476209119287,-0.9411991417181904
4253,63305526,r,5,-1.2122783595096156,0.03524201639211255,0.058410736457736645,3.3155158964567795,-1.2122783595096156
4254,63431912,i,7,-2.1055029686037954,0.1236963981912953,0.28921076432327397,14.700829053209864,-2.1055029686037954
4255,63431912,r,6,-2.2623960623711956,0.17331672186001001,0.33460658853991365,13.648959950866896,-2.2623960623711956
4256,63467964,g,3,-0.9717659419931111,0.008965818125704406,0.12660029907725656,3.004224278154497,-0.9717659419931111
4257,63467964,i,10,-1.2895360698984673,0.15484848424275355,0.7225803200576681,2.150560125047956,-1.2895360698984673
4258,63467964,r,12,-1.3998905162441033,0.18254895597834375,0.3021342381436174,3.4446271854844634,-1.3998905162441033
4259,63478660,g,5,-1.1123270329270651,0.035517656690335686,0.6777202327251004,3.8018687154427417,-1.1123270329270651
4260,63478660,i,10,-2.4235955785084795,0.11556352900211264,0.2458547415645569,19.202897609405895,-2.4235955785084795
4261,63478660,r,9,-2.1657842184551996,0.12807383514171233,0.2619694461861082,16.00742510140657,-2.1657842184551996
4262,63505288,i,6,-1.4074877536249908,0.16806897393359443,0.3084517596630332,10.358001468844696,-1.4074877536249908
4263,63505288,r,9,-1.4809323910555874,0.0767823273448458,0.18313030607129321,4.418949258536023,-1.4809323910555874
4264,63557067,i,10,-2.496755109087256,0.2561429796889123,0.7246891328792016,11.943505695504527,-2.496755109087256
4265,63557067,r,10,-2.135626949372738,0.2900495273807009,0.4471424494091949,10.233239843729208,-2.135626949372738
4266,63570301,i,5,-1.9955546615618436,0.13761922420182748,0.2352809395439457,11.120495312265884,-1.9955546615618436
4267,63570301,r,6,-1.8975284672625186,0.03680048562874383,0.05632752052590484,7.96818019701075,-1.8975284672625186
4268,63616558,g,3,-1.0896694957911377,0.16722082813407546,0.23199965742888606,4.080714611879341,-1.0896694957911377
4269,63616558,i,8,-1.29114133089979,0.032972860290509276,0.07552237222075742,4.798057697981029,-1.29114133089979
4270,63616558,r,3,-1.409934401949321,0.11306279500192606,0.20936067099334998,5.879610957649774,-1.409934401949321
4271,63630163,g,2,-0.7777485473142132,0.05596429721081564,0.05596429721081564,1.3652156959398913,-0.7777485473142132
4272,63630163,i,6,-0.7248245951671093,0.09198115562077408,0.5821694072208183,0.9230689503848165,-0.7248245951671093
4273,63630163,r,8,-0.9653004790725643,0.06023808496530603,0.1829167588547702,2.615441316847223,-0.9653004790725643
4274,63672420,i,10,-0.4908196698564683,0.02178980260543978,0.034886369538581985,0.6740291361916194,-0.4908196698564683
4275,63672420,r,8,-0.7771920448023965,0.024153837295207592,0.04980088950783024,1.7198607038435936,-0.7771920448023965
4276,63690613,i,7,-1.9333408239408472,0.08861446301214815,0.14676887812821082,21.438862098653196,-1.9333408239408472
4277,63690613,r,6,-1.9335466014956597,0.11410887865422326,0.17780745874753112,16.503693896024057,-1.9335466014956597
4278,63719988,g,2,-0.8055345934029294,0.017401958246775928,0.017401958246775928,2.633635272499845,-0.8055345934029294
4279,63719988,r,9,-0.735349560000855,0.05567670313127571,0.7908753947082903,2.7156010413225014,-0.735349560000855
4280,63719988,u,2,-0.35485763707385676,0.09494051074054921,0.09494051074054921,0.347431999153629,-0.35485763707385676
4281,63774463,g,4,-1.5254827061917648,0.12619105787745333,0.2442671514934065,4.5299331513020125,-1.5254827061917648
4282,63774463,i,12,-1.3452179747031145,0.38523348950762293,0.6687350453636122,4.5356150287901595,-1.3452179747031145
4283,63774463,r,14,-1.6759600328015432,0.11578074530455429,0.22610533558299206,6.197910637462804,-1.6759600328015432
4284,63785171,g,2,-0.5052859050007321,0.07267980976676558,0.07267980976676558,1.0490025463002601,-0.5052859050007321
4285,63785171,i,3,-0.4973036221605575,0.06643679864685198,0.1290372027176252,1.281574326073348,-0.4973036221605575
4286,63785171,r,8,-0.7412989400996353,0.14994287365354259,0.2981572111359675,3.430739122417594,-0.7412989400996353
4287,63792131,g,4,-1.6505896258493413,0.48224102401573954,0.951157515139589,3.8041655285084435,-1.6505896258493413
4288,63792131,i,10,-1.9766090809457602,0.32300389273606966,0.5138170084770513,8.69037350501625,-1.9766090809457602
4289,63792131,r,10,-2.0087965939172547,0.09485539080614269,0.14253414330350123,6.858020280477038,-2.0087965939172547
4290,63822861,i,5,-1.7540067018476568,0.03755269114857929,0.07471997759074767,21.54992696242457,-1.7540067018476568
4291,63822861,r,7,-1.9319080790354508,0.19264644570046063,0.3470241982156943,18.413584016465514,-1.9319080790354508
4292,63838713,i,13,-2.0735877015545725,0.17365584388277266,0.2677068886516276,14.40356780660614,-2.0735877015545725
4293,63838713,r,7,-1.857678602310499,0.07026385686264347,0.10759897135424978,12.31046565071655,-1.857678602310499
4294,63895587,g,4,-0.984989202096078,0.037406779062918116,0.11837732253512345,3.214473352986746,-0.984989202096078
4295,63895587,i,8,-1.866472769699664,0.2451564974344903,0.4405021349744911,13.26548109045136,-1.866472769699664
4296,63895587,r,11,-1.6665277773908422,0.12283624011118754,0.2074785941106736,14.387422268023663,-1.6665277773908422
4297,6391353,g,5,-0.6960998770989408,0.18629897757493818,0.2487707995293813,0.8043449210868573,-0.6960998770989408
4298,6391353,i,14,-0.9803785236117453,0.10343284046897461,0.2574120037757859,2.679007096405986,-0.9803785236117453
4299,6391353,r,14,-1.2304610018139237,0.07869721197438251,0.14048695817448986,3.4467548941314523,-1.2304610018139237
4300,63938585,i,8,0.13137449143407082,0.20184922142800824,0.37199256278201503,0.30243880646653815,0.13137449143407082
4301,63938585,r,6,-0.47738565206812006,0.07884854980247669,0.37224256775105513,1.1570074305714113,-0.47738565206812006
4302,64010463,g,2,-1.028957881888154,0.002167989478026433,0.002167989478026211,4.0653644224438095,-1.028957881888154
4303,64010463,i,7,-1.1454181282027338,0.29054752168983966,0.6587323930948437,6.5249713692002915,-1.1454181282027338
4304,64010463,r,10,-1.2953829381355724,0.05608409704856776,0.15929399567447078,8.216663126667864,-1.2953829381355724
4305,64021465,g,6,-1.0962141603185709,0.08284718395456026,0.14416809578855494,3.4240740440213098,-1.0962141603185709
4306,64021465,i,7,-1.5454484947476113,0.2601626960796002,0.383289410066479,5.791903519610599,-1.5454484947476113
4307,64021465,r,14,-1.6442897954065,0.17004375923563897,0.35596599185982236,7.877037102893817,-1.6442897954065
4308,64028508,g,4,-1.3898755470694653,0.0693801498473523,0.15603202183717113,5.925611840461086,-1.3898755470694653
4309,64028508,i,6,-1.596817834823593,0.16280329184797337,0.2508754415561514,10.550433981902787,-1.596817834823593
4310,64028508,r,3,-2.0586411133106517,0.055029828277177284,0.05674496860231404,18.494510764661815,-2.0586411133106517
4311,6405155,i,11,-1.602418268987121,0.020570959358742646,0.061345282330602435,6.10278620243362,-1.602418268987121
4312,6405155,r,9,-1.357851738316942,0.028795709561645566,0.05274105691356157,4.525431668133312,-1.357851738316942
4313,64076753,g,2,-0.5907384488785389,0.13201088780891268,0.13201088780891257,0.7011172775948058,-0.5907384488785389
4314,64076753,i,6,-0.9844122718082803,0.17728368263022537,0.2763940537406506,5.048182361021279,-0.9844122718082803
4315,64076753,r,8,-1.028705931591876,0.1175694525328409,0.22540963106398082,4.45559839068773,-1.028705931591876
4316,64078105,i,9,-1.2376482097617911,0.16677643837056966,0.5229365366181615,3.4969062163275084,-1.2376482097617911
4317,64078105,r,10,-1.1889196484612958,0.0767856023954755,0.297512168355319,3.6201451110325493,-1.1889196484612958
4318,64114506,i,4,-0.6043907289015565,0.03238269905536384,0.10362683877564238,0.8955313145278786,-0.6043907289015565
4319,64114506,r,6,-0.9322037335811684,0.01992623673973659,0.03512482594513744,1.8281960298910775,-0.9322037335811684
4320,64164060,g,6,-0.4816352612735175,0.20371637252386532,0.44219213756377035,0.4800119286439928,-0.4816352612735175
4321,64164060,i,8,-0.5043966095124466,0.0442399489467995,0.08873794304427152,0.6301778774538331,-0.5043966095124466
4322,64164060,r,12,-0.6926642313034892,0.11049346837111035,0.2863298586585751,1.3734852237742003,-0.6926642313034892
4323,64181883,g,2,-1.0963311941102587,0.05909325470650695,0.05909325470650706,3.4999314913223234,-1.0963311941102587
4324,64181883,i,6,-0.5442157546831996,0.09020059095866356,0.3334398350010441,1.5318717062574185,-0.5442157546831996
4325,64181883,r,7,-1.1903658443714893,0.15424100124376472,0.27258357599531013,4.261587279832928,-1.1903658443714893
4326,64181883,u,2,-1.6168778773653165,0.08788371394955741,0.08788371394955741,3.322490179587289,-1.6168778773653165
4327,64219237,g,5,-0.8644266036350083,0.0831426468312475,0.6275128383164239,3.0381026059808423,-0.8644266036350083
4328,64219237,i,13,-1.7584766672945875,0.3196065126749579,0.7735993991331116,5.875883877128486,-1.7584766672945875
4329,64219237,r,12,-1.779861881082472,0.2853492048103339,1.129918915125073,6.003478252244652,-1.779861881082472
4330,6422966,i,4,-1.9683714464715252,0.10500432963311734,0.22265385150769723,7.349743017564184,-1.9683714464715252
4331,6422966,r,6,-1.8362125321937475,0.1534189330429252,0.2708486126688159,7.662829809255411,-1.8362125321937475
4332,6431015,i,9,-2.358090319657799,0.20236020408389832,0.2261474852736911,26.475299481158135,-2.358090319657799
4333,6431015,r,8,-2.5280321865972475,0.11510177709815816,0.19093569405410493,20.4576160795309,-2.5280321865972475
4334,64327555,g,3,-1.3686905182298013,0.007397727575918278,0.39705960011982055,3.1063230992650457,-1.3686905182298013
4335,64327555,i,4,-0.46767302879048855,0.10437987345034855,0.2920513894715251,1.4841416145112494,-0.46767302879048855
4336,64327555,r,6,-0.5490724128263849,0.1305707133627403,0.7643189802581719,2.723965708057225,-0.5490724128263849
4337,64427279,g,6,-0.6387494902179967,0.05115809590676307,0.14269508851952795,1.083669820372389,-0.6387494902179967
4338,64427279,i,9,-0.8302721610637687,0.2752825223649076,0.6530884675373007,1.2895312371454344,-0.8302721610637687
4339,64427279,r,10,-0.9466494552480574,0.15663832631470986,0.3703082337373682,1.6465500217034894,-0.9466494552480574
4340,644352,g,5,-1.1782643659129843,0.09929077134893527,0.2168626498824433,5.133172518072844,-1.1782643659129843
4341,644352,i,7,-1.4639031743725854,0.10359129117503985,0.2858272069457968,11.036651713661348,-1.4639031743725854
4342,644352,r,7,-1.6272205177368777,0.07788819933450752,0.08524190678553367,11.404257360315322,-1.6272205177368777
4343,64439750,i,5,-1.7831100822234305,0.5069561271695471,0.6128851856602004,11.249449559677984,-1.7831100822234305
4344,64439750,r,6,-2.157340008136736,0.389819603129433,0.8506695504475097,10.41933223606187,-2.157340008136736
4345,64460280,g,2,-0.8170076578671316,0.15233917181037437,0.15233917181037437,2.3130972024480574,-0.8170076578671316
4346,64460280,i,8,-1.8791093260914429,0.19443826718125368,0.42576219247572844,7.634906201790142,-1.8791093260914429
4347,64460280,r,5,-1.4479112597887571,0.21623853765467804,0.28249138096551296,8.58696250098901,-1.4479112597887571
4348,64563153,g,2,-0.6801309555753219,0.11064952038926168,0.11064952038926168,1.2716857962673918,-0.6801309555753219
4349,64563153,i,5,-0.5117025214218021,0.011245571247320285,0.04075405801447185,0.7538599588748524,-0.5117025214218021
4350,64563153,r,7,-0.8300943608906218,0.05335187536574626,0.11787692720279419,2.1731991358074114,-0.8300943608906218
4351,64563153,u,3,0.5414086648093406,0.1033458548636057,0.7676745769878599,1.0935036933953803,0.5414086648093406
4352,64577025,g,3,-1.4021662498251084,0.11487903393735444,0.18365183039880306,4.59579493200826,-1.4021662498251084
4353,64577025,i,4,-1.9414283860705086,0.3046501857138485,0.548559387005862,8.411346612160813,-1.9414283860705086
4354,64577025,r,5,-1.7207593915226935,0.16572275362065092,0.2400858231456413,8.40418408426954,-1.7207593915226935
4355,64580624,i,4,-1.8068656454875915,0.248745119075944,0.609529653169615,6.823528356334052,-1.8068656454875915
4356,64580624,r,6,-2.122594184696643,0.20376211685916035,0.7979504506350164,8.95839664958598,-2.122594184696643
4357,64616786,g,3,-1.3059887403857493,0.29222253211307514,0.43080095683285435,3.2207943764902933,-1.3059887403857493
4358,64616786,i,13,-1.3470640251620976,0.49994062128935024,0.8262409348034234,4.086731198742421,-1.3470640251620976
4359,64616786,r,12,-0.9519477424005806,0.21320078013905835,0.9779293883271959,5.7263180779886556,-0.9519477424005806
4360,64618435,i,7,-0.8841430501433627,0.059620421006123525,0.11412462038484805,1.1035493095260716,-0.8841430501433627
4361,64618435,r,7,-1.1319072647783974,0.03940702523736017,0.09965174868380666,1.9510850248548905,-1.1319072647783974
4362,64669271,g,2,-0.31611941872124527,0.5097633952168994,0.5097633952168994,0.7921625735922729,-0.31611941872124527
4363,64669271,i,8,-0.7796112144268694,0.114253350049073,0.2523863626180264,1.159920558276381,-0.7796112144268694
4364,64669271,r,8,-0.9937853478629641,0.1082781874506974,0.247587085353417,2.251903741948966,-0.9937853478629641
4365,64683207,g,6,-0.5653740517557015,0.035519780547651925,0.06339665204921274,1.4279404704279575,-0.5653740517557015
4366,64683207,i,13,-0.9923078859687751,0.17517467861990488,0.31614388888296086,3.1731965829033966,-0.9923078859687751
4367,64683207,r,15,-0.8596510953626668,0.15525611127593963,0.4468787589216314,3.626549128002502,-0.8596510953626668
4368,64685265,i,9,-2.1006776206218443,0.07329576521797465,0.11172625294948979,9.165725263520113,-2.1006776206218443
4369,64685265,r,4,-2.1174529691227337,0.019091758403531944,0.04260087150216041,8.784072210104117,-2.1174529691227337
4370,64686205,g,3,-2.013123654203194,0.27312703386308046,0.2782819603259581,7.847679703130711,-2.013123654203194
4371,64686205,i,8,-1.8526565610161727,0.260390173980232,0.6983710998770223,14.074684511685742,-1.8526565610161727
4372,64686205,r,8,-2.004939389501968,0.17344736578815023,0.31944198065713225,10.700738311265987,-2.004939389501968
4373,6474276,g,3,-0.7770723574966598,0.10983151217974507,0.11035311997113173,2.056801887479129,-0.7770723574966598
4374,6474276,i,4,-1.607272802506622,0.15843049091574546,0.3865194522985371,4.621995247812205,-1.607272802506622
4375,6474276,r,6,-1.108458249023014,0.09930229176489813,0.1859816064901274,5.1044649540317435,-1.108458249023014
4376,64800585,g,5,0.20054374055032365,0.203048227048656,0.6642801106732477,0.18699791705412822,0.20054374055032365
4377,64800585,i,11,-0.6681267055903009,0.05912993342123407,0.10604410514494367,1.3861964065329913,-0.6681267055903009
4378,64800585,r,14,-0.7807694646698164,0.08570950506465574,0.24253671383736186,1.8270882173508405,-0.7807694646698164
4379,64814201,g,6,-1.0113651540629065,0.0809200632530403,0.14909719425212176,3.426187092671731,-1.0113651540629065
4380,64814201,i,2,-0.9836206871100743,0.32494102862153434,0.3249410286215343,6.915509118452502,-0.9836206871100743
4381,64814201,r,5,-1.1945233886259756,0.09338690478678213,0.16527351579117355,7.9385650514709125,-1.1945233886259756
4382,64885099,i,12,-2.9370062612383148,0.21969026768242683,0.4713588773049957,26.891732341039553,-2.9370062612383148
4383,64885099,r,8,-2.3246109672214654,0.06729860403171117,0.08791598459223193,17.368982293687218,-2.3246109672214654
4384,6493439,g,3,-1.1880179194054037,0.023488695957970762,0.3092056765963447,2.925680220483217,-1.1880179194054037
4385,6493439,i,7,-2.255238794114644,0.14583691774491792,0.35572282720366255,17.55577304618737,-2.255238794114644
4386,6493439,r,8,-2.2934163726867567,0.09975256334527138,0.3109369966280462,12.945220555248055,-2.2934163726867567
4387,64990142,g,3,-0.8495601286949414,0.016976725367421452,0.08509958731563594,2.4283576796185895,-0.8495601286949414
4388,64990142,i,8,-0.7771586686146559,0.08936265842219743,0.1784697468926456,1.3343798548665262,-0.7771586686146559
4389,64990142,r,9,-0.8559219256092394,0.07417102832394695,0.10303449951328814,2.148731665975836,-0.8559219256092394
4390,64990142,u,2,-1.0171709721340607,0.1569546097741601,0.1569546097741602,2.181217174832976,-1.0171709721340607
4391,65062622,i,9,-0.4445775604421986,0.085545192470934,0.13255239016680243,0.6241208736570826,-0.4445775604421986
4392,65062622,r,7,-0.7123760136233628,0.1279248230523582,0.21010347021107512,2.0567772022170425,-0.7123760136233628
4393,6510320,i,7,-2.4803483932702055,0.09447238614698916,0.24526254770200406,29.026901104967347,-2.4803483932702055
4394,6510320,r,4,-2.155751427488682,0.040619782254536885,0.059395535100128516,17.321390580494658,-2.155751427488682
4395,65103878,g,4,-0.8494373609966512,0.17975837165134123,0.210293017059209,2.066231804972985,-0.8494373609966512
4396,65103878,i,8,-1.5171025613163742,0.09188576145401739,0.2771033539202046,8.65328971429712,-1.5171025613163742
4397,65103878,r,7,-1.5222346594876908,0.10780125665596696,0.17210622004058984,9.85134601862943,-1.5222346594876908
4398,65137716,g,2,-1.1434646913511974,0.0003395403215017412,0.0003395403215018522,4.112670134793369,-1.1434646913511974
4399,65137716,i,8,-1.5557380594982724,0.10666091605465411,0.4081420009276642,10.391113560927314,-1.5557380594982724
4400,65137716,r,10,-1.5538937550461118,0.18648009133208499,0.34246459226066905,10.752213531755388,-1.5538937550461118
4401,65185006,i,6,-0.7731574507270899,0.2656069562887844,0.5543948821346304,1.7152480840336148,-0.7731574507270899
4402,65185006,r,5,-1.1871925109854473,0.20432398112845207,0.6354770496459943,2.888871513411998,-1.1871925109854473
4403,6521144,g,4,-1.2293683400834534,0.05722243129867832,0.29112219026905106,5.410970621467755,-1.2293683400834534
4404,6521144,i,15,-2.38510967751591,0.2396324503884939,1.1635461111586933,12.081161529895981,-2.38510967751591
4405,6521144,r,12,-2.385955061060807,0.23751362326736225,0.8712028426048761,11.407214754933456,-2.385955061060807
4406,65279680,g,4,-0.8328353753987109,0.02993128059005412,0.24041377840873068,3.035845419391494,-0.8328353753987109
4407,65279680,i,14,-1.0679844401632501,0.36301562998235287,0.6316057047048989,2.3902870568175194,-1.0679844401632501
4408,65279680,r,16,-1.059908675976907,0.5949856489590108,1.1455289351997207,2.9027526463367956,-1.059908675976907
4409,65279680,u,5,-0.4846094596786803,0.1807140221135568,0.18983822994620847,1.0738807518809517,-0.4846094596786803
4410,65298506,i,8,-1.7754679664028306,0.024166641104208075,0.11330946370055961,9.646126800782058,-1.7754679664028306
4411,65298506,r,7,-1.5603579412063069,0.044964464360511824,0.08527918939104451,6.594710514688564,-1.5603579412063069
4412,65305875,i,7,-1.7498939810530199,0.04422391596443287,0.23945527727397575,18.924419524950185,-1.7498939810530199
4413,65305875,r,7,-1.7768342767937688,0.07031958854484688,0.12043484036620256,10.94453382507037,-1.7768342767937688
4414,65310348,i,7,-1.7903392131682836,0.4709779167574619,0.7576808478766868,13.441882050034419,-1.7903392131682836
4415,65310348,r,9,-1.7237978998836678,0.35288083022344185,0.6471025875706695,11.010537838338601,-1.7237978998836678
4416,65394110,i,6,-1.502113132012283,0.11717652645823051,0.2587599969917418,10.326778879467607,-1.502113132012283
4417,65394110,r,6,-1.5788680638900323,0.10601514114916821,0.20162466018427105,6.484115360974361,-1.5788680638900323
4418,6548391,g,3,-1.5533283923494214,0.282647197920054,0.2830174409458561,4.029727626623565,-1.5533283923494214
4419,6548391,i,8,-1.8808197387617462,0.21837217119613828,0.4648862107549123,5.059909333243688,-1.8808197387617462
4420,6548391,r,10,-2.0647519845076365,0.1570067555805683,0.21676741084034656,7.189235020979394,-2.0647519845076365
4421,65566882,g,2,-0.9301275831875901,0.007882309120030628,0.007882309120030628,3.3402146543874203,-0.9301275831875901
4422,65566882,i,3,-0.5771251864645265,0.12915364315552225,0.16990417536844726,2.3283355092673417,-0.5771251864645265
4423,65566882,r,6,-0.9384528386303899,0.19364466290347537,0.33955937155978466,5.161295655724163,-0.9384528386303899
4424,65607966,g,2,-0.9597238628595102,0.023253258494895734,0.02325325849489579,3.4431956502000567,-0.9597238628595102
4425,65607966,i,8,-1.4401995072731113,0.07743893359668197,0.15772481312859088,9.092698866491794,-1.4401995072731113
4426,65607966,r,10,-1.3861566527763063,0.03793453652611756,0.08652000792142078,10.73040756401674,-1.3861566527763063
4427,65667129,i,9,-0.9095738529581632,0.23488500956200697,0.5084276784036882,2.4088774559804618,-0.9095738529581632
4428,65667129,r,4,-1.094549928649387,0.03359201598289152,0.06751996231008017,4.187836970592586,-1.094549928649387
4429,6571089,g,6,-0.99333242830387,0.05198714882858246,0.09267935663111526,3.034909590348212,-0.99333242830387
4430,6571089,i,10,-1.8176936000102548,0.1295049280575995,0.3488079252128211,8.772742227473568,-1.8176936000102548
4431,6571089,r,10,-1.7820823544824833,0.16495790724349013,0.3349822534485809,9.868985553309987,-1.7820823544824833
4432,65761621,g,6,-0.7743906552479275,0.022953990533049473,0.29415692252875547,1.4594844824554556,-0.7743906552479275
4433,65761621,i,7,-0.9129721230604837,0.3722714425350935,1.38044794662785,2.2130892689404025,-0.9129721230604837
4434,65761621,r,8,-1.1922385755813862,0.046979922479860825,0.4808761989970889,3.2908235727727817,-1.1922385755813862
4435,65770708,i,5,-1.3927646464341266,0.1967435663749295,0.32819080602374684,9.979185968209993,-1.3927646464341266
4436,65770708,r,7,-2.1478255861448945,0.060594107890914906,0.436888755733728,8.536268661420168,-2.1478255861448945
4437,65817380,g,3,-0.4238352009076731,0.0636515615399933,0.18623178851991584,0.9059937523962844,-0.4238352009076731
4438,65817380,i,9,-1.3220547997213772,0.15048507664719946,0.25050508120084025,5.148655335967368,-1.3220547997213772
4439,65817380,r,7,-1.29224128632919,0.09151279761677134,0.15993847494582036,4.9957813939649895,-1.29224128632919
4440,65880014,i,9,-1.7906044712369236,0.08197503509764359,0.1525622274670113,16.925121028288352,-1.7906044712369236
4441,65880014,r,5,-1.9785383992793597,0.052047258412077246,0.059344476651225886,16.45078294445903,-1.9785383992793597
4442,65895511,g,3,-1.5197063785381668,0.05828517331337979,0.060636305651474265,5.493967002797103,-1.5197063785381668
4443,65895511,i,7,-1.635616955718847,0.29690555367926175,0.5725078673146238,9.21866429328604,-1.635616955718847
4444,65895511,r,5,-1.8319505913612204,0.2607907116827817,0.3231568222208101,11.522398514698649,-1.8319505913612204
4445,65898523,i,6,-2.1664549430372873,0.08025110251604883,0.14507427126639127,18.911986557145713,-2.1664549430372873
4446,65898523,r,6,-2.073273109909498,0.019887210497004704,0.056198758924339565,14.839648268529686,-2.073273109909498
4447,65902910,i,2,-1.6522197080548446,0.11198828617197154,0.11198828617197143,5.919602857013954,-1.6522197080548446
4448,65902910,r,8,-1.9134918499167983,0.2884587305057461,0.6340987487761096,10.36381265248346,-1.9134918499167983
4449,65922236,g,2,-1.562002268913397,0.03702038985519618,0.03702038985519618,7.1104837359127835,-1.562002268913397
4450,65922236,i,4,-2.20263965030927,0.12511130126725156,0.25172309070310916,26.276293843666537,-2.20263965030927
4451,65922236,r,6,-2.0478124809928056,0.024470506545337223,0.13262732676728284,19.76708113296704,-2.0478124809928056
4452,65994574,g,3,-1.2960210756312784,0.007609866059403947,0.08151615971349724,5.330489426961829,-1.2960210756312784
4453,65994574,i,4,-1.4003338544432862,0.11449747565990964,0.2783555533642297,9.060896182527726,-1.4003338544432862
4454,65994574,r,4,-1.5567304084146432,0.02643237097731488,0.04587405943695355,12.834357033432482,-1.5567304084146432
4455,6599762,i,5,-1.4246144721831613,0.17596045838946428,0.20107574365326641,4.5425839697996535,-1.4246144721831613
4456,6599762,r,7,-1.518596653367858,0.03874884883445784,0.135980102141269,3.176641530624907,-1.518596653367858
4457,66011307,i,6,-1.8191241607108273,0.14028374041718172,0.22995566035208825,15.169668692252651,-1.8191241607108273
4458,66011307,r,6,-1.8240024869187312,0.12650446900305645,0.19825658504934562,11.307575809587226,-1.8240024869187312
4459,66028358,i,6,-1.336669354484357,0.719301296029873,1.1546300339075,5.3312401323714536,-1.336669354484357
4460,66028358,r,4,-1.4684284878051743,0.3146950846804418,0.3727566422230677,6.486643553123758,-1.4684284878051743
4461,66078871,g,2,-1.3068175269540703,0.48626963020597724,0.48626963020597724,1.5482292894631566,-1.3068175269540703
4462,66078871,i,10,-1.5333647654316962,0.24243099451012162,0.4908804074925226,6.174019346027977,-1.5333647654316962
4463,66078871,r,8,-1.6392504049453385,0.10997217021501171,0.2897305182156651,3.9099763513581305,-1.6392504049453385
4464,66125370,g,7,-1.1724767121793815,0.15054382849402637,0.9484211577469346,3.7741689791049136,-1.1724767121793815
4465,66125370,i,11,-1.7806337766531835,0.08483515680068399,0.15746214906644784,8.153868359149534,-1.7806337766531835
4466,66125370,r,13,-1.7805605147809487,0.057077984789709824,0.11774188318407108,7.521442426146968,-1.7805605147809487
4467,66170860,i,6,-2.491066231498066,0.0588106742411425,0.08839120224852959,14.305055132410828,-2.491066231498066
4468,66170860,r,9,-2.4500421579408527,0.11137603101792104,0.15954768989559165,15.451690395319288,-2.4500421579408527
4469,66205757,i,8,-0.8117000296511626,0.3228067941110926,0.5353859166173894,1.415590212921598,-0.8117000296511626
4470,66205757,r,8,-0.8844345780412379,0.22087200409282048,0.3872111922506729,2.8045938491368774,-0.8844345780412379
4471,66210107,i,7,-2.3098725084414733,0.11781251951289651,0.2195168457173362,34.14957945470944,-2.3098725084414733
4472,66210107,r,4,-2.4171983507759363,0.12300790027593367,0.22232249449216734,28.637572480878895,-2.4171983507759363
4473,66297235,g,7,-1.3159518201839069,0.03707429844771459,0.2099861474890503,6.474625432268321,-1.3159518201839069
4474,66297235,i,4,-2.000180251630746,0.09690390751413314,0.14451338474216646,14.979060765884864,-2.000180251630746
4475,66297235,r,4,-2.1207839307581393,0.030049367935727433,0.0525641697239152,20.74215982536122,-2.1207839307581393
4476,66424207,g,2,-0.8101966109654481,0.05654169065269876,0.05654169065269876,2.379143646334881,-0.8101966109654481
4477,66424207,i,8,-1.6419507791587504,0.11108798940605225,0.2184246507236285,11.752051819960808,-1.6419507791587504
4478,66424207,r,6,-1.6590624678580572,0.12718012015393187,0.23597455778226983,13.103383489094208,-1.6590624678580572
4479,66523494,g,3,-1.2845192905593295,0.2809113029447359,0.4808124869723993,4.2810428716397455,-1.2845192905593295
4480,66523494,i,10,-1.6910833058215478,0.44519624130995805,0.7290729745750117,7.75958846617999,-1.6910833058215478
4481,66523494,r,15,-1.8468985921980716,0.1318585849193361,0.2126691061697581,8.478701566746814,-1.8468985921980716
4482,66561716,g,5,-0.9324611500432918,0.21005715463773256,0.2650675328731509,2.00879843354569,-0.9324611500432918
4483,66561716,i,10,-1.5577491585224115,0.12284444122691018,0.19979528226741983,6.866966783376765,-1.5577491585224115
4484,66561716,r,15,-1.6430817908578619,0.10469564576917856,0.19774800948349913,7.969305847931002,-1.6430817908578619
4485,66588865,i,6,-1.1258828726757961,0.10413972917663761,0.1855322829306254,4.4832096542023985,-1.1258828726757961
4486,66588865,r,5,-0.9406666871189824,0.042604790100284395,0.15666321071528366,2.8280793265334667,-0.9406666871189824
4487,66594249,g,3,-1.0102094239634067,0.16832092973762547,0.20520031293286922,3.357918262161046,-1.0102094239634067
4488,66594249,i,10,-2.1447335629618567,0.1464794384365644,0.38335183295252806,18.511685910455125,-2.1447335629618567
4489,66594249,r,8,-2.0510268746179943,0.1458999480327412,0.2693435169796863,20.57654275238642,-2.0510268746179943
4490,66637210,i,9,-2.7608227466526643,0.06547384030145276,0.3012578179919658,25.861265463296636,-2.7608227466526643
4491,66637210,r,11,-2.485625499008444,0.1224294274528539,0.19667298007604161,21.017862727793133,-2.485625499008444
4492,66654940,i,19,-0.7946024814294547,0.2779104013159245,0.41900954148260205,1.524996935678296,-0.7946024814294547
4493,66654940,r,16,-1.0846949247401445,0.22925031269718388,0.4451269791367338,2.9442758307697376,-1.0846949247401445
4494,66738080,g,2,-0.9193561250089797,0.16779789361948616,0.16779789361948616,2.570696751613828,-0.9193561250089797
4495,66738080,i,4,-1.1922101554820221,0.10775952629819086,0.24347745255403597,5.8178898275689965,-1.1922101554820221
4496,66738080,r,7,-1.5669179293745066,0.07153759118680969,0.17742320043373838,7.097124077854844,-1.5669179293745066
4497,66741211,g,3,-1.2016496302916782,0.027444457915761777,0.043386846378413724,5.111035418602181,-1.2016496302916782
4498,66741211,i,14,-1.8457895242094617,0.257466386742364,0.5602423301429982,10.701706469236429,-1.8457895242094617
4499,66741211,r,10,-1.577310000196865,0.07034249560608075,0.12737178610644984,10.415292737346945,-1.577310000196865
4500,6677443,i,5,-3.1310475023545754,0.03431083983679306,0.06364423469812364,26.583960134618973,-3.1310475023545754
4501,6677443,r,8,-2.966783226883967,0.0591678248800358,0.0930036243752852,19.37455173053462,-2.966783226883967
4502,66779282,g,2,-1.0623347197327973,0.23076847019776192,0.23076847019776192,4.055076692534378,-1.0623347197327973
4503,66779282,i,11,-1.854704816993928,0.1889982332711715,0.4169682448799792,10.418287447759127,-1.854704816993928
4504,66779282,r,15,-1.4894669672327083,0.101730650200474,0.1496287397711955,8.764434927562144,-1.4894669672327083
4505,6678276,i,9,-1.6334001052700273,0.13206638049229946,0.39713539855093205,7.545353415241272,-1.6334001052700273
4506,6678276,r,9,-1.3382625046190535,0.08183932535552074,0.17619549898792086,5.180446074655046,-1.3382625046190535
4507,66798636,g,2,-0.874855913694769,0.044922820967318366,0.04492282096731848,2.7428973771604843,-0.874855913694769
4508,66798636,i,10,-0.9091238105379327,0.10717730412288073,0.14737815148586808,2.6866077627598934,-0.9091238105379327
4509,66798636,r,11,-1.1772770077739274,0.040469445913594804,0.06565283752701001,4.783748401191112,-1.1772770077739274
4510,66843847,g,3,-0.8954187752470791,0.0013339475786187105,0.004592956890200561,3.0747397716283142,-0.8954187752470791
4511,66843847,i,9,-1.215749578075081,0.3109071999524957,0.3639442856161752,5.226064073649706,-1.215749578075081
4512,66843847,r,5,-1.4894440052541014,0.01843984073760163,0.16874756946060376,5.9457828081625035,-1.4894440052541014
4513,66843847,u,3,-0.5332294922099616,0.013279647836165864,0.03070956599296748,0.6867122318468653,-0.5332294922099616
4514,66845231,i,11,-2.0096066970261326,0.049588750359191636,0.09857027431189702,22.26422663070554,-2.0096066970261326
4515,66845231,r,6,-1.8871267834483727,0.08760643919276356,0.14034787500431323,17.408006983430234,-1.8871267834483727
4516,66867969,g,2,-1.5474423126289325,0.0664071572156939,0.06640715721569412,3.1735912368999437,-1.5474423126289325
4517,66867969,i,10,-1.5012808442064123,0.11205306020266304,0.19950587101860062,7.5721579346344114,-1.5012808442064123
4518,66867969,r,9,-1.7160078818646982,0.12450624806949206,0.3008080438755494,8.097601877508739,-1.7160078818646982
4519,66915578,g,2,-0.8121467745970845,0.0059878566522652,0.005987856652265311,2.4557401807218913,-0.8121467745970845
4520,66915578,i,7,-1.8776328371256987,0.11103602668660462,0.3359803666223731,11.272280875209574,-1.8776328371256987
4521,66915578,r,6,-1.5166229457490847,0.03466282220663974,0.30391058832705564,12.373364131312165,-1.5166229457490847
4522,66939106,g,5,-1.1291545908431866,0.06333591210746303,0.10065609526493424,4.4609866602311,-1.1291545908431866
4523,66939106,i,11,-2.4215157549481594,0.17319517379706717,0.23834303941894985,19.793120401872685,-2.4215157549481594
4524,66939106,r,9,-2.3033825558912993,0.17974428809476883,0.4705886333124547,18.002512240011818,-2.3033825558912993
4525,67120326,i,8,-2.2858413502321975,0.2687509775833017,0.8022615297486821,11.535899075117882,-2.2858413502321975
4526,67120326,r,6,-1.8657548025431845,0.3545967251515828,0.703759426069781,10.483404033705723,-1.8657548025431845
4527,67128,i,10,-1.4690133995373293,0.05271269558483971,0.09724424770011231,5.444529198687489,-1.4690133995373293
4528,67128,r,8,-1.4199131869923691,0.04430657381745007,0.09695307142210052,4.716550342998908,-1.4199131869923691
4529,67155942,g,2,-0.8999395241603538,0.28155718899735316,0.28155718899735316,2.0360624370028444,-0.8999395241603538
4530,67155942,i,6,-0.6066346385941611,0.2003492644979722,0.3196679789228438,1.8674435866017625,-0.6066346385941611
4531,67155942,r,6,-1.0089252678595972,0.054221457198911915,0.21865010638948523,5.119264929514315,-1.0089252678595972
4532,67162041,g,2,-1.333666978393902,0.3307599097417375,0.3307599097417375,3.790685200587856,-1.333666978393902
4533,67162041,i,8,-1.9597057354181895,0.2748898445494391,0.4603843681114175,7.544805817430399,-1.9597057354181895
4534,67162041,r,6,-1.859582982640761,0.1200672986012481,0.5108964970699903,7.646905091496369,-1.859582982640761
4535,67186420,i,8,-1.6605870456727148,0.26430893824663426,0.4628950400098548,8.782353765333983,-1.6605870456727148
4536,67186420,r,6,-1.639393571475142,0.06008985710746473,0.10384280453338146,7.210748389071457,-1.639393571475142
4537,67202997,g,6,-0.7419641192355476,0.011219045379555925,0.017798077378329058,1.54668760533336,-0.7419641192355476
4538,67202997,i,17,-0.8930041148961819,0.21273905402394122,0.4510195599823066,1.709725019715945,-0.8930041148961819
4539,67202997,r,15,-0.8926514362386435,0.22202261729626782,0.35373661753225827,2.896162359528756,-0.8926514362386435
4540,67202997,u,2,-0.049181139985160716,0.0006936680036022658,0.0006936680036022658,0.007283326529787082,-0.049181139985160716
4541,67203174,g,2,-1.1066048143068052,0.23335266428151913,0.23335266428151913,4.536966727526509,-1.1066048143068052
4542,67203174,i,13,-1.360192668855033,0.10713662717117933,0.22469599143086771,6.809126682249275,-1.360192668855033
4543,67203174,r,8,-1.3426443109969146,0.07551407517013153,0.13653346348049,8.38641953457016,-1.3426443109969146
4544,67289272,i,9,-0.9896559717639676,0.15929675338431337,0.18435580153320574,2.3018496678119296,-0.9896559717639676
4545,67289272,r,7,-1.1026799542851071,0.5121405009796216,0.7977023723982815,3.0134762094693834,-1.1026799542851071
4546,67338544,g,5,-1.1363238933772202,0.27776097006416123,0.4596654750821705,2.4233002832073174,-1.1363238933772202
4547,67338544,i,10,-1.1482164473974588,0.18682115368623092,0.5010535650564554,4.111610257746899,-1.1482164473974588
4548,67338544,r,8,-1.2137865321045722,0.27346369088782996,0.5493637074716938,4.796082882727358,-1.2137865321045722
4549,67369430,g,7,-0.9631513819056838,0.42522946231501146,0.6410759266655817,1.8038460394937768,-0.9631513819056838
4550,67369430,i,16,-0.9794212123537833,0.24777909535861742,0.43828223524632903,2.2618777168087556,-0.9794212123537833
4551,67369430,r,13,-1.12375220123984,0.31420691854018856,0.3873124890174857,3.3023591680395015,-1.12375220123984
4552,67420514,g,6,-1.2126561208553959,0.1902041305391028,0.29151300072466957,3.596689175222283,-1.2126561208553959
4553,67420514,i,3,-1.8669341106439643,0.05047581330476869,0.390862355443236,16.20410184766132,-1.8669341106439643
4554,67420514,r,3,-1.5003093562863232,0.0013005428938255292,0.1967211922211154,9.091131286679182,-1.5003093562863232
4555,67489214,i,7,-1.258203050643845,0.09007144058902794,0.16058593564386126,3.8793730481552102,-1.258203050643845
4556,67489214,r,4,-1.4353352255170955,0.10975619858275565,0.20446073251666563,5.030249845100936,-1.4353352255170955
4557,67509414,i,6,-0.48945543537231395,0.10442876269441087,0.15881511574620055,0.4468729159794633,-0.48945543537231395
4558,67509414,r,6,-0.7591004475542271,0.08593198915713085,0.14502063663216613,1.0751061119734577,-0.7591004475542271
4559,67534815,i,7,-2.2592986938662514,0.09696266607494941,0.15479941842098288,18.292746599797216,-2.2592986938662514
4560,67534815,r,4,-2.0642497680241996,0.05747757494603423,0.13022265430572455,16.07042387564395,-2.0642497680241996
4561,67587514,g,9,-0.6385278816047071,0.052974708750931576,0.08722262996145103,1.2889947418311185,-0.6385278816047071
4562,67587514,i,11,-0.6469713556215588,0.1074637191375265,0.18971543985284778,1.558955290485924,-0.6469713556215588
4563,67587514,r,15,-0.6804269282027167,0.03654858669449457,0.15673382489665766,2.7877666098506695,-0.6804269282027167
4564,67587514,u,5,0.6086312579096842,0.03105147208454806,0.115015792714114,0.849994496112941,0.6086312579096842
4565,67590355,g,4,-0.9551150861064002,0.050406437635627466,0.11928795914803847,2.364541035923141,-0.9551150861064002
4566,67590355,i,4,-1.003999611871662,0.05386065364091053,0.1888803038066782,4.880418970269037,-1.003999611871662
4567,67590355,r,6,-1.0518525534922816,0.0845235426925598,0.24361422576614733,5.682309126706372,-1.0518525534922816
4568,67597083,i,6,-0.38240205974605557,0.1633094670826098,0.3061106053471784,1.2122895848186277,-0.38240205974605557
4569,67597083,r,4,-0.9880584892622781,0.11911527951033918,0.14244353318218095,4.468332802954286,-0.9880584892622781
4570,67747637,i,9,-1.9676207895903697,0.06186960169361733,0.14692560405607136,13.07155868662067,-1.9676207895903697
4571,67747637,r,5,-1.5475766149683337,0.03841650686255038,0.038935284683794036,7.411641253156903,-1.5475766149683337
4572,67820842,i,7,-1.1101751137722797,0.0829661513105957,0.1798770209112397,5.445185607266237,-1.1101751137722797
4573,67820842,r,6,-1.2101649911399472,0.019531500841277083,0.07935540018429577,8.46053706088671,-1.2101649911399472
4574,6784867,i,18,-1.768563673319149,0.1929058028172147,0.36956176681144814,12.63736245548403,-1.768563673319149
4575,6784867,r,8,-1.5969544742465285,0.08877196855691416,0.16420305865273166,12.250515744079955,-1.5969544742465285
4576,6786114,i,11,-3.1067460497627724,0.17988548391906445,0.33438996257366504,38.46593173920674,-3.1067460497627724
4577,6786114,r,9,-2.900194024760226,0.18534194581846108,0.23184776242210692,22.697849191347057,-2.900194024760226
4578,67913505,g,2,-1.2316395462734202,0.0012457724585223096,0.0012457724585221985,5.171738054887809,-1.2316395462734202
4579,67913505,i,7,-1.7728246956142149,0.10094136999249215,0.20638634571089187,12.827083334453164,-1.7728246956142149
4580,67913505,r,8,-1.2963444344073434,0.18131713273880912,0.3667444443927701,6.673048529826527,-1.2963444344073434
4581,67946009,i,5,-2.5499818095126146,0.1327902291111691,0.16458164624384608,41.69005493703869,-2.5499818095126146
4582,67946009,r,6,-2.402288758003607,0.07812889881529195,0.11926696639352485,24.173607630706694,-2.402288758003607
4583,67952982,i,5,-1.0880145903978569,0.7419295326718822,0.9391549488658639,2.800117773633428,-1.0880145903978569
4584,67952982,r,8,-1.6344925733225684,0.15562275972892936,1.2795031144999962,4.151654777699719,-1.6344925733225684
4585,67967146,g,3,-0.6818603308053807,0.03316259747126138,0.19706660632725082,1.3864020772237324,-0.6818603308053807
4586,67967146,i,3,-0.5351821047800809,0.07315142704649635,0.11521827250789463,1.3142967462913722,-0.5351821047800809
4587,67967146,r,6,-0.6012570314344614,0.02362396792164384,0.0974217975906504,2.5441640474746214,-0.6012570314344614
4588,68001574,i,13,-2.174247598330979,0.24486891474637074,0.37970812737138493,17.661753667133585,-2.174247598330979
4589,68001574,r,10,-2.064168772679821,0.10733627947673297,0.30177453592005254,13.727189306083854,-2.064168772679821
4590,68003823,g,3,-0.8252446998765741,0.01437878707624396,0.302717506394079,1.827066521530042,-0.8252446998765741
4591,68003823,i,4,0.22678920106568387,0.2490863254689497,0.6391771579837031,0.599286115260519,0.22678920106568387
4592,68003823,r,8,-0.47135613587509007,0.2557755026847877,0.4761080657158945,1.42082467864546,-0.47135613587509007
4593,68003823,u,2,0.1166638963136335,0.02222933986830844,0.02222933986830844,0.035840836560390325,0.1166638963136335
4594,68077671,i,5,-1.9634869110037134,0.027945196159789187,0.041997153367473006,24.69610176132945,-1.9634869110037134
4595,68077671,r,7,-1.978910306196913,0.05345235416969896,0.07034909060020844,19.81858447899705,-1.978910306196913
4596,68110956,g,3,-0.7784058240205889,0.01445631494776145,0.07840182538159557,2.434334455991973,-0.7784058240205889
4597,68110956,i,9,-1.6227843997400941,0.2146740217413292,0.36713084072852453,8.195796639936141,-1.6227843997400941
4598,68110956,r,4,-1.2600703323348919,0.04870384369087488,0.10209237293180462,6.763732617965421,-1.2600703323348919
4599,68114456,g,3,-1.011937404076972,0.06087667550938214,0.17816801929989845,2.5749387886690496,-1.011937404076972
4600,68114456,i,5,-1.7065288181970193,0.19483205530410408,0.30187707424291865,8.3470030535832,-1.7065288181970193
4601,68114456,r,6,-1.4894036986139514,0.10947076253677013,0.21482519046127613,8.157719330322104,-1.4894036986139514
4602,68119929,i,7,-1.0228779713242373,0.33681983373072244,0.5603604404181886,3.5874760411811906,-1.0228779713242373
4603,68119929,r,5,-1.2477862169091414,0.1653602803548515,0.23199350674746877,4.401959397839559,-1.2477862169091414
4604,68144553,g,4,-0.8751751771775304,0.005904522269781443,0.010170365415686722,1.9302675006512904,-0.8751751771775304
4605,68144553,i,11,-0.924279934018355,0.22000177703113633,0.41725939943445356,2.3169704018384354,-0.924279934018355
4606,68144553,r,10,-1.0018490660884578,0.0939454266477125,0.2878082520155498,2.7655794357897023,-1.0018490660884578
4607,68169767,g,2,-2.053333509497106,0.10085113361860454,0.10085113361860465,2.6786746309206286,-2.053333509497106
4608,68169767,i,5,-1.6217824771242717,0.41983491182499844,0.7684601111859186,6.681066276242089,-1.6217824771242717
4609,68169767,r,6,-1.9485568050335091,0.18839209257590295,0.3806684781452869,6.106971949434754,-1.9485568050335091
4610,68185560,g,3,-0.6507190391929036,0.01980289685396386,0.02018550107346151,0.8612009757703234,-0.6507190391929036
4611,68185560,i,9,-1.2524886406853184,0.08204322398521713,0.18669722941381894,2.7714032021030928,-1.2524886406853184
4612,68185560,r,6,-1.1348015419056525,0.007780363747687757,0.013942870341112856,3.3480058080747725,-1.1348015419056525
4613,68191520,g,2,-1.5888828372421417,0.05835037809448462,0.058350378094484734,7.33291007608361,-1.5888828372421417
4614,68191520,i,5,-2.0308112583233346,0.057933326436021115,0.10721346923433428,25.71815965215182,-2.0308112583233346
4615,68191520,r,6,-2.034322179399438,0.0932811788093546,0.1781178901696816,16.78063154172047,-2.034322179399438
4616,68231877,g,3,-0.5638809930556934,0.0016905120221492043,0.05183990718465137,1.2296616571066867,-0.5638809930556934
4617,68231877,i,6,-0.36106052849485515,0.10014828185755925,0.15213729408692706,0.40305774578868186,-0.36106052849485515
4618,68231877,r,7,-0.45234210615000264,0.03927320003192758,0.19471925533518947,1.3643198332578208,-0.45234210615000264
4619,68231877,u,2,0.17775704791828517,0.030271364468067108,0.030271364468067108,0.10377284486052629,0.17775704791828517
4620,68237058,i,4,-0.7843726860907188,0.01324521541468704,0.01768950547287995,2.8399101195098835,-0.7843726860907188
4621,68237058,r,7,-0.9685040215064684,0.05649340800454472,0.13970184050486412,5.965345863322631,-0.9685040215064684
4622,68281183,g,5,-0.33529164280471035,0.16253505367061383,0.342722392528653,0.4969150741679929,-0.33529164280471035
4623,68281183,i,2,0.022654615624225855,0.20941289745404643,0.2094128974540464,0.24205776481902286,0.022654615624225855
4624,68281183,r,3,0.1521587387062775,0.2100720035217727,0.2619052692410643,0.12239222210903106,0.1521587387062775
4625,68281183,u,2,-0.06118604615755341,0.0017009756958644706,0.0017009756958644706,0.01130995065861135,-0.06118604615755341
4626,68340373,i,8,-0.7151990162940637,0.14676489774531104,0.2990564629060487,1.4188115744648009,-0.7151990162940637
4627,68340373,r,11,-0.7983231222672105,0.08767055455451311,0.15032491707852957,2.2897560290040455,-0.7983231222672105
4628,68366584,i,5,-2.116016628721139,0.17252697811044015,0.2772329738096788,14.453510686481383,-2.116016628721139
4629,68366584,r,5,-2.117581060601254,0.036493747879999816,0.07204472834991549,14.80001010984795,-2.117581060601254
4630,68420312,g,2,-1.2844461026370002,0.059651427099658316,0.059651427099658205,5.077901204361728,-1.2844461026370002
4631,68420312,i,7,-1.9832924089041268,0.05366371363508127,0.12013068457761467,14.106040827204263,-1.9832924089041268
4632,68420312,r,7,-2.1345733761354215,0.04688583314749062,0.09636478137325177,14.339517020934574,-2.1345733761354215
4633,68441415,g,3,-0.7038428538077439,0.09122047225205399,0.19473082620193172,1.0580263455927679,-0.7038428538077439
4634,68441415,i,3,-1.2497399073873827,0.05792806468507772,0.06418443909430671,4.183348893174105,-1.2497399073873827
4635,68441415,r,5,-1.3130338926794685,0.0783944144259836,0.1537511900055044,4.974102699084501,-1.3130338926794685
4636,6847631,g,7,-0.5257261501021382,0.0654367114756792,0.22917432106436075,0.8762788929948988,-0.5257261501021382
4637,6847631,i,10,-0.3914795186378415,0.10154719675764051,0.22973224896859912,0.47035955899468884,-0.3914795186378415
4638,6847631,r,11,-0.5094571571653832,0.04446323984187117,0.22311227824467111,1.0562229942023291,-0.5094571571653832
4639,6847631,u,4,-0.3755484081094914,0.06581886155368577,0.09694815313959654,0.4561952846649846,-0.3755484081094914
4640,68536606,g,5,-1.6419616081366968,0.22754879074480616,0.3606600794664643,4.829499593915226,-1.6419616081366968
4641,68536606,i,12,-1.3655760947344844,0.4335925544375007,0.943262877746477,6.230787666973591,-1.3655760947344844
4642,68536606,r,13,-1.713360044658915,0.397217099949275,0.7711772118502116,7.906784362547698,-1.713360044658915
4643,68536606,u,3,-3.1373519030837276,0.11506859424299432,0.4256103255016188,9.144006723648312,-3.1373519030837276
4644,68588823,g,8,-1.395864195526123,0.12129532287639999,0.2229749698687582,3.956343018324688,-1.395864195526123
4645,68588823,i,10,-1.2247030868938293,0.21303582473933602,0.3755958122047258,4.890450962021949,-1.2247030868938293
4646,68588823,r,13,-1.4609418919592254,0.18254310022859,0.38274232245126427,5.674825999639001,-1.4609418919592254
4647,68607573,i,6,-1.8793527197059103,0.1436463288777473,0.2698229614307792,16.83470188970936,-1.8793527197059103
4648,68607573,r,5,-2.018000518139534,0.10096203459000463,0.18477667854178614,15.960446080483127,-2.018000518139534
4649,68634862,g,2,-0.8645352518260048,0.00912429546198279,0.00912429546198279,2.4807216192973356,-0.8645352518260048
4650,68634862,i,11,-0.8784363365013373,0.12669036545657353,0.24649398298325043,2.313247467463651,-0.8784363365013373
4651,68634862,r,5,-0.8851278384301584,0.1250142809477901,0.18611476294817475,4.314183546410499,-0.8851278384301584
4652,68667088,g,4,-0.7172439223417273,0.03308514386801614,0.24286604534827827,2.6544019708880064,-0.7172439223417273
4653,68667088,i,13,-1.1579898013668295,0.07337331590347773,0.11732717189616282,2.727973089765804,-1.1579898013668295
4654,68667088,r,12,-1.3348555616488151,0.15083975325323884,0.2830489600276378,3.7275314310675474,-1.3348555616488151
4655,68717830,g,4,-0.9390979875873205,0.1996896217103673,0.32432249497785015,3.3419898659807092,-0.9390979875873205
4656,68717830,i,9,-1.206093516679907,0.2747861648270995,0.5432285444738398,6.471378208349262,-1.206093516679907
4657,68717830,r,6,-1.213219244415337,0.07667882417254068,0.11574290822629396,8.572839572691626,-1.213219244415337
4658,68725235,i,7,-1.4334960594815311,0.15357426658003792,0.2999948380746724,5.753144330380879,-1.4334960594815311
4659,68725235,r,4,-1.4312372779424494,0.04819115280604269,0.12156914997249513,7.931201223015091,-1.4312372779424494
4660,68743943,i,9,-1.4095920246468046,0.0353597541871582,0.04913936804230601,6.67933898492728,-1.4095920246468046
4661,68743943,r,4,-1.2850107487232756,0.004877099196332724,0.09318320762158439,9.690056497314043,-1.2850107487232756
4662,68837237,g,2,-0.5879777439060254,0.058746265512052975,0.058746265512052975,1.5073364228306625,-0.5879777439060254
4663,68837237,i,6,-0.8346742248065628,0.13787722262185464,0.24862021206394214,2.8562776123874145,-0.8346742248065628
4664,68837237,r,4,-0.7202306003649881,0.08710270817073618,0.154256182375199,3.8994251930462323,-0.7202306003649881
4665,6886194,i,5,-0.7012315824004569,0.006681446991928519,0.01079341675746115,1.364834444711479,-0.7012315824004569
4666,6886194,r,7,-0.8001442950248456,0.08271789856602618,0.12432732742259966,1.5945154564414352,-0.8001442950248456
4667,68874426,g,3,-0.7588926755182106,0.01901431354686345,0.05780255423403502,1.8750079953046168,-0.7588926755182106
4668,68874426,i,8,-0.4981570713318775,0.11628203258861011,0.20633822746968422,0.8482001163858691,-0.4981570713318775
4669,68874426,r,8,-0.7521006982319953,0.054773849284554144,0.11079456680416377,2.8615087059363393,-0.7521006982319953
4670,68903755,g,3,-0.5367375487232151,0.014441876639433082,0.03848672365333883,1.3832322060745728,-0.5367375487232151
4671,68903755,i,8,-0.730993662971664,0.15264217961770188,0.33996018732948197,0.8948323839815617,-0.730993662971664
4672,68903755,r,9,-0.9279365069715848,0.11404557302588025,0.6760017975113224,1.4617656539614214,-0.9279365069715848
4673,68903755,u,2,-0.05047093907672473,0.1593453154368133,0.1593453154368133,0.08809113067302006,-0.05047093907672473
4674,68905272,g,5,-1.0064209970876887,0.0425227806881443,0.04407793831127882,2.6418662421359675,-1.0064209970876887
4675,68905272,i,10,-1.5227885364417735,0.11001602326993398,0.2938920577874471,6.012457693174189,-1.5227885364417735
4676,68905272,r,8,-1.3413797894843926,0.0077999802033867915,0.02525026438111233,6.545761874438837,-1.3413797894843926
4677,68969714,g,4,-0.5281472186728997,0.03835801599333111,0.11384493232700521,1.1397697383433865,-0.5281472186728997
4678,68969714,i,16,-0.5269740231168685,0.05963209563116634,0.21907194661775242,0.703009689668654,-0.5269740231168685
4679,68969714,r,8,-0.42246006357017296,0.02823202355162341,0.04691540812332634,0.6178038945109084,-0.42246006357017296
4680,68969714,u,2,-0.10246586224519372,0.018269888925456668,0.018269888925456668,0.03339572668718832,-0.10246586224519372
4681,68981995,g,3,-1.3838526711143717,0.058356870726520294,0.08549844358284142,6.84117611953522,-1.3838526711143717
4682,68981995,i,6,-2.090596490924579,0.4174998027866035,0.7399685152145203,12.006960778931493,-2.090596490924579
4683,68981995,r,10,-1.981397854117756,0.3375747877350683,0.719051445622199,11.655253781950083,-1.981397854117756
4684,69052497,g,4,-1.084475450075871,0.07214207623858404,0.07694226689265093,3.181971523248212,-1.084475450075871
4685,69052497,i,11,-2.0831454744965785,0.07502097006107045,0.2453129647605672,11.10496233782558,-2.0831454744965785
4686,69052497,r,14,-1.9809346220650483,0.179594417291966,0.29873217872463376,9.853162214185636,-1.9809346220650483
4687,69076668,g,4,-1.019997512623694,0.020340692839564634,0.06243550340769155,2.4242308651897417,-1.019997512623694
4688,69076668,i,4,-1.1454905173653396,0.12259895424451372,0.3297433849386917,6.075020039163524,-1.1454905173653396
4689,69076668,r,6,-1.2593063407004044,0.20065925182754674,0.3946554970035421,6.793553995055054,-1.2593063407004044
4690,69094650,g,4,-0.9512973788702206,0.16040597358875958,0.2643952616487818,2.244942305549185,-0.9512973788702206
4691,69094650,i,8,-1.0553743964773594,0.4059975543271923,0.829013706655883,2.8342218242197115,-1.0553743964773594
4692,69094650,r,6,-0.8400747894713791,0.11293423738814934,0.555106000620825,3.7796479636936255,-0.8400747894713791
4693,69180992,g,2,-1.254167618793936,0.2024254563015162,0.20242545630151643,4.670935408518524,-1.254167618793936
4694,69180992,i,10,-1.5327282359374022,0.34727916556133465,0.5776504588795417,8.668644817514865,-1.5327282359374022
4695,69180992,r,10,-1.7330454419612258,0.5302552193312549,0.7846671930904257,9.446530677514994,-1.7330454419612258
4696,69207412,g,3,-0.9898734175073378,0.032153042545151944,0.0364806439699934,2.092701581016638,-0.9898734175073378
4697,69207412,i,8,-1.3904782789827181,0.25973922050966936,0.6229979416152935,5.7152229133176995,-1.3904782789827181
4698,69207412,r,10,-1.2758858706389262,0.025434473796315138,0.1846449640760368,6.048195443765674,-1.2758858706389262
4699,69247060,i,9,-1.9966072740957292,0.20195589537247804,0.21179466229626542,11.71233916563922,-1.9966072740957292
4700,69247060,r,10,-1.992549917137545,0.016546746538739443,0.03930261353647224,10.241825727228093,-1.992549917137545
4701,69284636,g,2,-0.627253751505958,0.03452598069207591,0.03452598069207591,0.5911235545901603,-0.627253751505958
4702,69284636,i,11,-0.9047901319640785,0.03371778803928849,0.10257188233683923,1.7136334864160703,-0.9047901319640785
4703,69284636,r,9,-1.0802982199179554,0.026631085622349282,0.04948040647117469,2.4195158312329736,-1.0802982199179554
4704,69355394,g,2,-2.572189386086183,0.058421624256576266,0.058421624256576266,9.501749377037523,-2.572189386086183
4705,69355394,i,7,-2.544981613925291,0.2538185007462559,0.3956711282987224,21.407709668484994,-2.544981613925291
4706,69355394,r,6,-2.740081801327381,0.1927318168326524,0.42098247143998035,17.942652306341557,-2.740081801327381
4707,6935678,g,8,-1.493476535716332,0.17624717572350979,0.3438280505341571,5.336340162034235,-1.493476535716332
4708,6935678,i,16,-1.7040648155966536,0.3513541857706668,0.6847538691526709,10.035980875329615,-1.7040648155966536
4709,6935678,r,11,-2.171991969888086,0.14232416940643633,0.6033946866895534,11.118694668487004,-2.171991969888086
4710,6935678,u,2,-1.7640270446885742,0.028659094387593065,0.028659094387593065,6.408202154330942,-1.7640270446885742
4711,69361853,g,2,-0.6604326549507926,0.07352637029482278,0.07352637029482278,1.0413612705639856,-0.6604326549507926
4712,69361853,i,5,-1.005922260523554,0.1209519109700743,0.22099964780451975,2.6951541314812117,-1.005922260523554
4713,69361853,r,7,-1.1777011624791953,0.08688000970915422,0.6030707575657628,3.3195099173992992,-1.1777011624791953
4714,69375546,i,7,-1.4033157693902485,0.08185098403956736,0.11975184415851103,10.708783766610795,-1.4033157693902485
4715,69375546,r,7,-1.4565915983267486,0.05695780373103121,0.1200934441657453,7.866918687161891,-1.4565915983267486
4716,69378239,i,9,-1.3033021145723693,0.2305253997722374,0.4349145874219973,6.420032957279522,-1.3033021145723693
4717,69378239,r,9,-1.2528391300534374,0.3078901479324445,0.621637356284017,4.348267960536452,-1.2528391300534374
4718,69462211,g,2,-1.4208426327434607,0.059623059208679385,0.059623059208679274,6.91670278455134,-1.4208426327434607
4719,69462211,i,5,-1.9338411313254986,0.01349201985005477,0.014575789103775438,20.507876416427894,-1.9338411313254986
4720,69462211,r,5,-2.0367433487843267,0.05392418154797607,0.05796560197502565,20.620288498362036,-2.0367433487843267
4721,69492319,i,7,-2.3424752620582434,0.0770392472311432,0.0991683160166339,15.219811070452531,-2.3424752620582434
4722,69492319,r,9,-2.0738365891079473,0.057869151428235455,0.11237486201373148,9.05035586342104,-2.0738365891079473
4723,69505772,g,2,-0.5477912817176132,0.11496163717814573,0.11496163717814578,1.065360115280257,-0.5477912817176132
4724,69505772,i,12,-0.948625387545145,0.05830065195227385,0.12281922336674156,2.495003808610829,-0.948625387545145
4725,69505772,r,7,-0.9870028799322319,0.06145553207692678,0.09564252787836414,3.025739287308841,-0.9870028799322319
4726,69578530,g,3,-1.8540598506793562,0.05357741681128725,0.2616318040371943,2.8750552637799864,-1.8540598506793562
4727,69578530,i,12,-1.7088669629632123,0.27562982976201356,0.673454542010838,6.013252827334885,-1.7088669629632123
4728,69578530,r,8,-1.6593143584547323,0.07510838898234107,0.14568800571712726,5.317931652505283,-1.6593143584547323
4729,69618337,i,8,-1.9365558478901739,0.09275059491215532,0.17166675344907123,15.908584029370335,-1.9365558478901739
4730,69618337,r,6,-1.9259543473385823,0.14451264967288624,0.2602198392449173,16.656160622308175,-1.9259543473385823
4731,69633793,i,7,-1.5873150985581346,0.05312351188667064,0.08374261284332207,6.082424598874964,-1.5873150985581346
4732,69633793,r,7,-1.468181403582928,0.07375620809274674,0.1689788383506705,5.882524638648605,-1.468181403582928
4733,69689132,g,3,-2.1699800499259454,0.018991470336914062,0.0251550749027607,2.780125690453777,-2.1699800499259454
4734,69689132,i,8,-1.6204199724204664,0.039785394331129154,0.09780590348334361,9.607107254814991,-1.6204199724204664
4735,69689132,r,8,-1.4652832493158723,0.2503151293113085,0.5084597171185323,3.78244820158421,-1.4652832493158723
4736,69698064,i,6,-1.2572292544944423,0.09228239921542392,0.17004399307131135,9.502568998828245,-1.2572292544944423
4737,69698064,r,5,-1.181619194750585,0.036377964425775566,0.054243916939946235,5.606265307373303,-1.181619194750585
4738,69704575,g,6,-1.4929299329325703,0.10772623002478232,0.17487267006966278,4.404548816796889,-1.4929299329325703
4739,69704575,i,15,-0.7914664058097194,0.45878377055698705,0.8515760085494866,1.7684515455000631,-0.7914664058097194
4740,69704575,r,17,-1.036424869354585,0.3588044428260697,0.6673588559387685,3.3648206448420277,-1.036424869354585
4741,69715160,g,3,-1.26874492241805,0.04656432973767144,0.07485767078665351,5.171963760033574,-1.26874492241805
4742,69715160,i,12,-1.7831741648793047,0.4762724344119572,0.9146057655249269,8.284326231064986,-1.7831741648793047
4743,69715160,r,11,-1.5684975780622623,0.1527604767041013,0.5513615952618378,9.389751703157568,-1.5684975780622623
4744,69742838,i,4,-1.7032705189639785,0.21866797775263436,0.3892348618223871,7.738239882467457,-1.7032705189639785
4745,69742838,r,7,-1.6591915036899605,0.11413268864630965,0.2998640572079716,8.731158710266683,-1.6591915036899605
4746,69745586,i,6,-2.071028295362532,0.12125577075645722,0.19375338140309784,26.458321115331813,-2.071028295362532
4747,69745586,r,7,-2.0706231748860553,0.10580238722565172,0.1742958619356063,18.474712114112954,-2.0706231748860553
4748,69762320,g,3,-1.4799705986222693,0.41451434289336797,0.42586440905416567,2.704466284661889,-1.4799705986222693
4749,69762320,i,5,-1.3688824658955752,0.11234402085220863,0.34240623807158044,10.955877139587727,-1.3688824658955752
4750,69762320,r,4,-1.6040032979606131,0.10291551355401984,0.202290060448719,11.19584945864573,-1.6040032979606131
4751,69809614,g,2,-0.9661277446890525,0.3472348403996791,0.3472348403996792,0.32303207344286206,-0.9661277446890525
4752,69809614,i,3,-0.8245819016409999,0.0293293843889898,0.05753814976268856,2.9920580690621983,-0.8245819016409999
4753,69809614,r,6,-0.9198703591882801,0.05266331048142392,0.08867596121603283,4.324617442103663,-0.9198703591882801
4754,69846616,g,2,-0.49006186570730037,0.16542182209926493,0.16542182209926493,1.1265615431071678,-0.49006186570730037
4755,69846616,i,6,0.41734136024241225,0.23017294964979018,0.4704684730381834,0.406603673333184,0.41734136024241225
4756,69846616,r,6,0.22383483115887975,0.08509715254543221,0.5495639497174465,0.6168950770224048,0.22383483115887975
4757,69891165,g,2,-1.0298207815423142,0.09748551321859522,0.09748551321859511,1.625123902492317,-1.0298207815423142
4758,69891165,i,4,-0.9481976545070554,0.03657097176306073,0.16993583942893387,2.5224429166428166,-0.9481976545070554
4759,69891165,r,5,-1.3100753855392913,0.018421502315093097,0.05839199588007937,4.259749583094715,-1.3100753855392913
4760,69926198,g,4,-0.87835889650521,0.0350865363968248,0.12681075666430153,2.0080888698860084,-0.87835889650521
4761,69926198,i,15,-1.0538890485619548,0.11540149242304443,0.2022781359461021,3.6993637222008826,-1.0538890485619548
4762,69926198,r,17,-1.2702950666964825,0.07258678109974759,0.17551956014541736,5.904820251945501,-1.2702950666964825
4763,69926198,u,2,-1.224719134554879,0.15205478668212868,0.15205478668212846,3.258074579169989,-1.224719134554879
4764,69966363,i,12,-2.3015315225018353,0.03519500593725233,0.07335244913331529,13.937630965518531,-2.3015315225018353
4765,69966363,r,10,-2.1729692181528675,0.09879153944366426,0.18052187948557386,9.602152515780997,-2.1729692181528675
4766,69997206,g,6,-0.7356346023494957,0.10053971072545964,0.20199457787270414,1.2712294909606994,-0.7356346023494957
4767,69997206,i,4,-0.7869536336829304,0.07417972429089753,0.12364988439090296,1.5653496785771974,-0.7869536336829304
4768,69997206,r,5,-1.0089623831916203,0.04945061748561397,0.11814768026150091,2.3786277098564166,-1.0089623831916203
4769,70007419,g,2,-1.0183279150857416,0.004610413986759099,0.004610413986759099,3.9211714958791837,-1.0183279150857416
4770,70007419,i,4,-1.9837078802931023,0.21986281748157344,0.43879831889663645,15.092261246201497,-1.9837078802931023
4771,70007419,r,5,-1.6977992643635782,0.08759762311280528,0.38786663057889825,12.846604225903025,-1.6977992643635782
4772,7004458,g,2,-0.40636944126585045,0.005818894369400918,0.005818894369400973,0.7953303761280348,-0.40636944126585045
4773,7004458,i,6,-0.0780074619407504,0.02668129825713117,0.044089177748807,0.04055544071656888,-0.0780074619407504
4774,7004458,r,8,0.19490047790415801,0.2109427068705118,0.3919221791591097,0.25645316018628495,0.19490047790415801
4775,70081148,g,4,-0.48266900381452515,0.008029898372949873,0.014947325146592805,0.4707001922520163,-0.48266900381452515
4776,70081148,i,9,-0.8955072098066613,0.030307017010844706,0.23197520084256296,1.9257451683275018,-0.8955072098066613
4777,70081148,r,6,-0.9712737687573296,0.013874980987375829,0.030732169662803788,2.1790445759300634,-0.9712737687573296
4778,70164012,g,2,-1.8913985913985183,0.43285171905249786,0.43285171905249786,5.361847907282485,-1.8913985913985183
4779,70164012,i,8,-2.1410566322393194,0.5111156121409957,0.799790455902905,14.20959353265999,-2.1410566322393194
4780,70164012,r,6,-1.7799206889109804,0.15785818002754748,0.26154241861957894,9.094201844150938,-1.7799206889109804
4781,70173411,i,7,-1.367084127498524,0.1291844250042391,0.2658395989262481,8.287403065231917,-1.367084127498524
4782,70173411,r,5,-1.7223329858407332,0.11217268923750567,0.18689479669121556,13.553180610388086,-1.7223329858407332
4783,70216127,g,2,-1.2009757647335864,0.3512533722214434,0.3512533722214435,2.400454551385642,-1.2009757647335864
4784,70216127,i,8,-1.170215245268353,0.0893021312790988,0.17595289649766466,4.0697881478718685,-1.170215245268353
4785,70216127,r,6,-1.409728574782986,0.06591674584718699,0.1428012433491923,5.526179515588221,-1.409728574782986
4786,70248707,i,8,-1.7803700037768624,0.17912234115031023,0.3624201035376817,14.032344346705298,-1.7803700037768624
4787,70248707,r,7,-1.889941477778261,0.12175462012487404,0.34804237265798843,11.979008099638532,-1.889941477778261
4788,70363219,i,8,-1.4552968013670087,0.3045350422410177,0.5875795529547783,7.469003089860247,-1.4552968013670087
4789,70363219,r,2,-1.4183398091929365,0.07247366766602759,0.07247366766602736,11.38257461106345,-1.4183398091929365
4790,70389855,g,5,-0.6896558010720371,0.1306919007378805,0.17873033022446894,1.4603711026342556,-0.6896558010720371
4791,70389855,i,5,-0.9194351568198829,0.30999227293104514,0.34538894399808684,2.5166505399993895,-0.9194351568198829
4792,70389855,r,9,-0.9808774715776056,0.1752640199757356,0.3257598459350579,2.7632555554053995,-0.9808774715776056
4793,70453516,g,3,-1.526216468417123,0.0706319470939083,0.1805821229847533,5.473905777530059,-1.526216468417123
4794,70453516,i,5,-1.8080024948537876,0.10636802311375804,0.1305172575215794,11.299335059497665,-1.8080024948537876
4795,70453516,r,6,-1.8978257400599765,0.109442371370851,0.18901271777806716,10.033231910602309,-1.8978257400599765
4796,70458211,g,2,-1.4029759740410293,0.05047720331001859,0.0504772033100187,4.655006983010757,-1.4029759740410293
4797,70458211,i,7,-1.5293869846415062,0.20015141789648472,0.8406180151337401,11.36008834974008,-1.5293869846415062
4798,70458211,r,6,-2.136474589538885,0.17030544751438792,0.503265736594471,10.579399913275545,-2.136474589538885
4799,70503037,g,5,-1.1174993853172195,0.2199139661750924,0.4595909702071237,2.770894151650626,-1.1174993853172195
4800,70503037,i,15,-1.05949590839928,0.1227127896911604,0.23975771460903217,2.868991126539688,-1.05949590839928
4801,70503037,r,17,-1.191787810070058,0.18131906494138827,0.5140058844953588,4.698540284694226,-1.191787810070058
4802,70533730,g,2,-1.4373265990036619,0.1468624890285377,0.1468624890285377,3.8457060014164517,-1.4373265990036619
4803,70533730,i,3,-1.588957638648958,0.05788705287821472,0.09318174716393135,13.953270406917396,-1.588957638648958
4804,70533730,r,7,-1.6790496938056467,0.10581595294854784,0.1999509364337242,8.365504050606642,-1.6790496938056467
4805,70570398,i,11,-1.8710796487113144,0.1887447472411221,0.27820301305136885,17.03482205175848,-1.8710796487113144
4806,70570398,r,9,-1.5043793858451409,0.08414356419205538,0.14308548229883922,12.995108148934378,-1.5043793858451409
4807,70572576,g,4,-1.0850107401847975,0.13432481996189916,0.29008341765611,3.74819079981573,-1.0850107401847975
4808,70572576,i,6,-1.5301570949585728,0.13614505211786176,0.25234344010344323,5.837055302448596,-1.5301570949585728
4809,70572576,r,5,-1.6205218851009189,0.04866989781448838,0.050305094819811824,8.774505099994988,-1.6205218851009189
4810,70633274,i,8,-1.689641528841526,0.14885205046874073,0.26635810684818595,11.460474894096974,-1.689641528841526
4811,70633274,r,8,-1.6291350198801875,0.18871437812898806,0.3685256556740908,12.741081800825253,-1.6291350198801875
4812,70647409,i,4,-2.2783166346835624,0.07944178369422294,0.2394997701042918,16.8028250652712,-2.2783166346835624
4813,70647409,r,7,-2.057335482593965,0.07283537176409682,0.18777977943863422,11.316252174346094,-2.057335482593965
4814,70670921,i,10,-2.334322771900906,0.1341655343385859,0.24288084813865396,16.279018460252995,-2.334322771900906
4815,70670921,r,7,-2.06691056584021,0.007097419286519191,0.12315350621756815,10.402866788527513,-2.06691056584021
4816,70702763,i,5,-2.3547638428628552,0.09317695743679577,0.3642439626102232,24.609266949210465,-2.3547638428628552
4817,70702763,r,7,-2.591544135264279,0.232432969644218,0.3589128161132322,17.63629952408993,-2.591544135264279
4818,70789071,g,3,-0.5925406592885949,0.11799830534790112,0.1736534376017984,1.1510014594082005,-0.5925406592885949
4819,70789071,i,5,-0.855497987626282,0.031617662816545766,0.39524866844187756,1.922069534340374,-0.855497987626282
4820,70789071,r,9,-0.9411745467166908,0.06460812527621695,0.10257474164051028,2.0117145990711975,-0.9411745467166908
4821,70819065,g,2,-1.9806053626609526,0.10772311437275661,0.10772311437275661,6.67660741881911,-1.9806053626609526
4822,70819065,i,14,-1.781137676743949,0.5736746077539479,1.0701794631241377,11.496815149309507,-1.781137676743949
4823,70819065,r,12,-1.527254984160944,0.18729071009801457,0.6676067164093067,10.390965894365342,-1.527254984160944
4824,70833968,i,7,-1.4070421870658554,0.22943874090608896,0.5072242661507758,7.5210281191116914,-1.4070421870658554
4825,70833968,r,4,-1.3744664466091479,0.110864336168225,0.20957911778006255,8.840517837957075,-1.3744664466091479
4826,70878332,i,6,-3.111313066591606,0.12816417869192342,0.20827112980619633,29.440467151404793,-3.111313066591606
4827,70878332,r,5,-2.826760190777732,0.010052519004423832,0.058070900268987646,25.961341625511302,-2.826760190777732
4828,70933838,i,5,-2.9592006424685366,0.1260699710231572,0.19349990189440236,32.479572756139575,-2.9592006424685366
4829,70933838,r,5,-2.9028082169717253,0.11464947092740196,0.397786754569899,24.082545615224873,-2.9028082169717253
4830,70942733,g,3,-1.3985485288328652,0.0006923675537109375,0.002496688806960634,6.249247260057899,-1.3985485288328652
4831,70942733,i,5,-2.832989623590567,0.07390526948927834,0.49720925160492335,42.27618020862183,-2.832989623590567
4832,70942733,r,8,-2.8225181376662327,0.1253246805480175,0.23293115000088038,24.030903506341772,-2.8225181376662327
4833,70992060,g,5,-1.0136294577474294,0.024211586192785184,0.051627815441502634,3.205922278021329,-1.0136294577474294
4834,70992060,i,7,-1.7047090777124911,0.08000525882024556,0.12307167997467272,12.47146522283352,-1.7047090777124911
4835,70992060,r,7,-1.9532114976989767,0.025802292147558026,0.13774099542271867,10.417364662986955,-1.9532114976989767
4836,71046231,g,9,-1.3028929629996493,0.03610701287180418,0.1104626176612642,3.7388559921721773,-1.3028929629996493
4837,71046231,i,11,-0.8987882223885681,0.07481559395246484,0.2617620461262389,1.6120677523052942,-0.8987882223885681
4838,71046231,r,12,-1.1429510781431182,0.2792951864662997,0.9131423769294478,2.765151893407861,-1.1429510781431182
4839,71046231,u,3,-1.4265959994180069,0.02397341779044293,0.611876924732333,1.9632075637081396,-1.4265959994180069
4840,7104706,g,4,-0.6924005987339703,0.009835401614991413,0.10844231674126792,1.3631096490274273,-0.6924005987339703
4841,7104706,i,14,-1.2340775082920883,0.2697422341207736,0.7063708875197946,2.8608942878603463,-1.2340775082920883
4842,7104706,r,13,-1.2514954197964312,0.1026987365250005,0.47057818757949876,3.2692313594286544,-1.2514954197964312
4843,7104706,u,3,0.11120181843448274,0.045349874696312575,0.21271902303316814,0.07265958467074503,0.11120181843448274
4844,71066668,g,5,-0.7120016998719908,0.031516233079914024,0.04951727286668384,2.035488399658456,-0.7120016998719908
4845,71066668,i,10,-1.1269383896166458,0.2902962876590221,0.5848062057334138,3.9572469630655944,-1.1269383896166458
4846,71066668,r,9,-1.0761043505364654,0.09938441537299192,0.19209917252045194,4.985205474101627,-1.0761043505364654
4847,71089735,i,11,-2.6978290828450717,0.05426592513103845,0.10471414681999391,13.737134118353952,-2.6978290828450717
4848,71089735,r,7,-2.236799603074834,0.30108886193602435,0.541678955698427,10.084240816101344,-2.236799603074834
4849,71115499,i,8,-0.4490307031816864,0.14565428103255568,0.2633784898806359,1.8011750068607346,-0.4490307031816864
4850,71115499,r,6,-0.611311797669922,0.045726426319035784,0.06982291276396546,0.8704176410875396,-0.611311797669922
4851,71152290,g,2,-1.4172868543401238,0.003486672458305584,0.003486672458305584,4.391001723455697,-1.4172868543401238
4852,71152290,i,6,-2.2387225192565223,0.03195298356100529,0.06453029156211931,26.485384094008726,-2.2387225192565223
4853,71152290,r,5,-2.059438141611153,0.04121545746651467,0.0913597414799443,12.324345737206594,-2.059438141611153
4854,71353551,i,6,-2.2469717779596943,0.04519517829399189,0.06922116562418745,17.056737666397336,-2.2469717779596943
4855,71353551,r,6,-2.1466143425468704,0.07504430743673773,0.11695086899145979,15.07383903709166,-2.1466143425468704
4856,71380639,g,5,-1.249542223079885,0.13284923422836203,0.3587885273362741,4.372678252449878,-1.249542223079885
4857,71380639,i,6,-1.7170767366779789,0.32058875510814944,0.5828573725276862,7.343828743229607,-1.7170767366779789
4858,71380639,r,10,-1.635536436708911,0.4938511795046451,0.9646159398328873,8.533471961949019,-1.635536436708911
4859,71433979,g,4,-1.2891090771675686,0.11477268928688611,0.16402707262706473,3.881484221202323,-1.2891090771675686
4860,71433979,i,8,-2.1334347985862987,0.11232339402895142,0.3605440628920995,10.655726385239037,-2.1334347985862987
4861,71433979,r,6,-2.3594117841489837,0.06409816908317656,0.2146185465194419,9.617682038408965,-2.3594117841489837
4862,71484609,i,13,-2.3604186872761224,0.07382671905208493,0.11860142377960514,22.626626580801354,-2.3604186872761224
4863,71484609,r,9,-2.209216702219275,0.0596913640181671,0.0953577617469259,16.65632302022895,-2.209216702219275
4864,71488465,i,8,-1.4343125020256786,0.03285040765651848,0.05802535984668444,4.602979875648158,-1.4343125020256786
4865,71488465,r,4,-1.4046541502414813,0.012304718005783366,0.03586346937776774,3.9764364767782907,-1.4046541502414813
4866,71492758,g,3,-1.3197165288789983,0.12244392110411795,0.24816731959662386,4.608113278372777,-1.3197165288789983
4867,71492758,i,8,-1.7851463095633706,0.3781974745636121,0.7369455445868787,7.471139485485334,-1.7851463095633706
4868,71492758,r,8,-1.2004303109682937,0.18192654482340342,0.5228175331369374,7.022264280289752,-1.2004303109682937
4869,71497931,i,11,-2.0174368600631167,0.14538971128954437,0.20389713708403745,14.379719775064126,-2.0174368600631167
4870,71497931,r,5,-1.7745045840660267,0.018400565890555276,0.07308052880689453,9.779866464083426,-1.7745045840660267
4871,71512753,i,3,-0.8806943400532181,0.04049118607625557,0.06171597948862284,4.743015612093683,-0.8806943400532181
4872,71512753,r,8,-1.0122271310082798,0.0456445655087514,0.11791031611609815,5.792053483026619,-1.0122271310082798
4873,71570419,g,6,-0.8244629614549182,0.06717973740712346,0.2435195752812861,2.5534711900101117,-0.8244629614549182
4874,71570419,i,14,-1.7251100421517576,0.09299240048508806,0.2032827225755498,7.399113895581203,-1.7251100421517576
4875,71570419,r,16,-1.400429634316406,0.05032558664401077,0.12571346657204385,6.873442328520072,-1.400429634316406
4876,71573671,g,5,-0.6311193083421252,0.06149175403075702,0.11571638657992667,1.6400908402912957,-0.6311193083421252
4877,71573671,i,3,-1.0905450309247664,0.00678740944823808,0.2158010935881005,1.9743536089115654,-1.0905450309247664
4878,71573671,r,3,-0.8999854890270589,0.20553227138027497,0.21158463658310556,5.27301952157876,-0.8999854890270589
4879,71577980,i,8,-2.2895623340538913,0.08581861621701736,0.16586966074878484,15.087228180478743,-2.2895623340538913
4880,71577980,r,3,-2.219875624641948,0.06614684888705691,0.10584880388838558,10.593524574765363,-2.219875624641948
4881,71622757,g,2,-1.134029676644393,0.1799757051384001,0.1799757051383999,4.528273232734121,-1.134029676644393
4882,71622757,i,4,-1.7364700079179802,0.05250239165363335,0.1464371536123028,14.714825939396395,-1.7364700079179802
4883,71622757,r,5,-1.7559486454449036,0.05852091904197221,0.07716089985317653,11.717297330979651,-1.7559486454449036
4884,71710005,i,7,-1.3265064108161806,0.1846180063990408,0.41484454295309137,3.9651038516104498,-1.3265064108161806
4885,71710005,r,6,-0.9349413658097614,0.12981000304305024,0.2458924646271491,4.48724646164404,-0.9349413658097614
4886,71716667,i,8,-1.5934956365969724,0.1603126886501557,0.25274172566198194,5.146182566189656,-1.5934956365969724
4887,71716667,r,6,-1.6032370980855977,0.08891453737139354,0.1391669388214949,6.023545897907862,-1.6032370980855977
4888,71759889,i,10,-1.9731957451449027,0.13817045519011517,0.45107413715596234,18.576104321242134,-1.9731957451449027
4889,71759889,r,6,-2.023506903439597,0.04615857627165476,0.08447590502845093,15.569573668951335,-2.023506903439597
4890,71808012,g,2,-0.2020398852181966,0.5176120318545236,0.5176120318545236,0.6134719803922205,-0.2020398852181966
4891,71808012,i,11,-0.9451015278013946,0.2339525611704304,0.32550889277251427,2.379839081305513,-0.9451015278013946
4892,71808012,r,15,-1.111070086261264,0.38176088416092724,0.685314189442551,2.8063974204583433,-1.111070086261264
4893,71853710,i,8,-1.4642313804105158,0.23139258860731093,0.5183951124434996,9.236240995745986,-1.4642313804105158
4894,71853710,r,10,-1.612333495115693,0.1538629421263309,0.3713533293322493,6.564098261524967,-1.612333495115693
4895,71855158,i,6,-1.1816763295459134,0.6037098730584898,1.1991171934377558,4.593880734158753,-1.1816763295459134
4896,71855158,r,4,-2.147559446527559,0.15293556755741045,0.5549351147805699,7.423551335664289,-2.147559446527559
4897,71924691,g,4,-1.6180886448729286,0.07399661684776038,0.22202414542190851,4.828777525233247,-1.6180886448729286
4898,71924691,i,8,-1.6814714437790061,0.2178030450255256,0.45720645087375167,7.825984990310317,-1.6814714437790061
4899,71924691,r,10,-1.6655870664435612,0.3487392521262036,0.7780002745986749,6.177734359097085,-1.6655870664435612
4900,71981138,g,5,-1.1623809158637566,0.06352242861125834,0.06366853098171998,4.750173124876353,-1.1623809158637566
4901,71981138,i,2,-1.5655773172072742,0.0351197283642557,0.035119728364255476,16.231660425001195,-1.5655773172072742
4902,71981138,r,4,-1.7116640396037626,0.0374811082016725,0.08703840040888045,12.727741685560902,-1.7116640396037626
4903,71999282,g,2,-0.5564772398987409,0.01629994077250574,0.01629994077250574,1.4780884398813847,-0.5564772398987409
4904,71999282,i,6,-0.9984541979780359,0.3324577228248944,0.5217480923893772,2.1436010575233095,-0.9984541979780359
4905,71999282,r,6,-0.4202681788684871,0.0322563176196789,0.05056857424077621,1.587322447798685,-0.4202681788684871
4906,72037319,i,15,-2.156115500244371,0.09399154426178002,0.1532538307498834,12.877990625669248,-2.156115500244371
4907,72037319,r,6,-1.807947980213589,0.2168855712078377,0.3499430611638208,5.64954284859109,-1.807947980213589
4908,72042988,g,3,-1.032582894627726,0.029605334701853003,0.035150413883288545,3.883247593986365,-1.032582894627726
4909,72042988,i,15,-1.480685654145712,0.0671561492072843,0.1827335783110864,8.74671133563079,-1.480685654145712
4910,72042988,r,9,-1.4617940178677942,0.05670261976029045,0.18755641952507385,9.324649445980503,-1.4617940178677942
4911,72048219,i,8,-2.2567583697065254,0.3697205930167805,0.5580438352782782,10.99994014558281,-2.2567583697065254
4912,72048219,r,8,-2.1536071131602235,0.2561304113968491,0.6012666030040061,10.677886156508682,-2.1536071131602235
4913,72058490,i,9,-2.2337383327737546,0.06186482007365157,0.08595011355573945,26.776333686717333,-2.2337383327737546
4914,72058490,r,8,-2.1317482746503207,0.0988628458796208,0.16704241393636288,21.04112126980555,-2.1317482746503207
4915,72079649,g,3,-1.0495471317917193,0.031126708324392904,0.11435141311828123,3.8499560333648843,-1.0495471317917193
4916,72079649,i,9,-1.936440062160606,0.16524015993581043,0.32439026175644825,11.121995027685266,-1.936440062160606
4917,72079649,r,9,-1.5634773782816918,0.03652983926793496,0.1648750423166101,9.501471654995683,-1.5634773782816918
4918,72079731,i,9,-1.8879731650788123,0.12225321199292605,0.18438105979826758,19.832223529507417,-1.8879731650788123
4919,72079731,r,5,-1.9834027055246342,0.08453413956197808,0.11658552625051488,18.746308320601663,-1.9834027055246342
4920,72080584,g,3,-0.6610907915698451,0.05439227617732534,0.08340939111879686,2.093569972735256,-0.6610907915698451
4921,72080584,i,4,-1.546362845195505,0.4578336683759423,0.8787744813340281,4.53562045355197,-1.546362845195505
4922,72080584,r,7,-0.6680588598997383,0.053470190788921235,0.5590379328060351,4.143027172974542,-0.6680588598997383
4923,72080584,u,4,-0.6239423610081812,0.03286072767209469,0.27699771813071994,1.7344275322659466,-0.6239423610081812
4924,72102208,g,2,-2.069232175449889,0.3504526599995397,0.3504526599995399,6.107094402719998,-2.069232175449889
4925,72102208,i,8,-2.1879901575313934,0.3295073158260706,0.7101802993063044,16.113453720486373,-2.1879901575313934
4926,72102208,r,5,-2.3292607236616565,0.18654449285272756,0.31113599990428,8.012936146074235,-2.3292607236616565
4927,72159061,i,7,-1.0718214611254324,0.15914558069819518,0.5144618737230563,7.752641119119377,-1.0718214611254324
4928,72159061,r,6,-1.2320219355285813,0.11145698476577681,0.1767476266421173,7.621543090291765,-1.2320219355285813
4929,72174849,g,3,-1.102675795172597,0.1333487371198785,0.3070881918392341,3.3761936997409463,-1.102675795172597
4930,72174849,i,4,-2.1675668926830585,0.46224169072288035,0.8504466117689804,9.470615409454822,-2.1675668926830585
4931,72174849,r,7,-1.747930501246511,0.23376525058923248,0.4492298383780291,10.07543290794662,-1.747930501246511
4932,72176833,i,7,-0.8231003526670864,0.06511257988246655,0.1558979146454097,3.2124899905570934,-0.8231003526670864
4933,72176833,r,8,-1.1242945259465258,0.010043358235006017,0.03274210443553516,6.0202155888594735,-1.1242945259465258
4934,72177744,g,2,-0.9713225675861217,0.16668772830156375,0.16668772830156386,2.437776161417564,-0.9713225675861217
4935,72177744,i,10,-2.1534984227800975,0.046750581203909736,0.13306267861311571,14.783801332923309,-2.1534984227800975
4936,72177744,r,9,-1.9306489520313175,0.1822180025735718,0.2529473740725736,10.023667096998393,-1.9306489520313175
4937,72218917,g,4,-0.4434294787590257,0.40071271707037204,0.8765091748946874,1.3443800793680074,-0.4434294787590257
4938,72218917,i,11,-0.2136659418371322,0.45372657662881855,0.6095590335955592,1.8877701207286828,-0.2136659418371322
4939,72218917,r,8,-0.707902878864743,0.0324923961988316,0.0700206143819464,1.911898969196488,-0.707902878864743
4940,72230464,i,8,-2.047530026075867,0.06081530613388719,0.0974844720434056,21.03845234382084,-2.047530026075867
4941,72230464,r,8,-2.032903805495693,0.10262381461932013,0.19607993266774626,15.98711115502294,-2.032903805495693
4942,72293467,i,6,-2.355704012751409,0.08175077763796179,0.17590609684468816,33.08344967650025,-2.355704012751409
4943,72293467,r,5,-2.2724441950483913,0.07026567090624924,0.08953840645370681,25.437301419214744,-2.2724441950483913
4944,72311368,g,2,-1.0108064432453217,0.012878501489564431,0.012878501489564487,3.281799933044182,-1.0108064432453217
4945,72311368,i,10,-2.230027925878968,0.08398715308127058,0.19356686723655336,24.35199169312674,-2.230027925878968
4946,72311368,r,11,-2.251901656504476,0.1626559962807521,0.23828296347881928,20.652040704017242,-2.251901656504476
4947,72331905,g,4,-1.1212110895386036,0.22414667210451722,0.2717559386984518,2.63035339805145,-1.1212110895386036
4948,72331905,i,7,-1.4383818837511826,0.1422150129588715,0.29416452508731594,3.745955587067049,-1.4383818837511826
4949,72331905,r,10,-1.1765144194819543,0.15672267023672548,0.25439501673353115,3.532725569633425,-1.1765144194819543
4950,72348244,i,12,-1.1882265379053658,0.17101202177816266,0.31847690781054605,4.855158715910249,-1.1882265379053658
4951,72348244,r,10,-1.3976609239661217,0.05889103285075148,0.11298695636530875,5.559443436463338,-1.3976609239661217
4952,72349404,i,6,-0.6675164786362269,0.08001197425465933,0.13193817063915125,1.2908074283214594,-0.6675164786362269
4953,72349404,r,6,-0.6627544147063409,0.1303818815179138,0.2001559850920963,1.9761746550265187,-0.6627544147063409
4954,72358245,g,2,-1.232395252809026,0.24033023649670782,0.24033023649670793,3.368294743832217,-1.232395252809026
4955,72358245,i,6,-1.5689370265774665,0.1743776839348795,0.2752947490740443,8.749315590897195,-1.5689370265774665
4956,72358245,r,7,-1.7463697148480768,0.3337253093236874,0.5124783032802742,9.004642329118255,-1.7463697148480768
4957,72393863,g,3,-0.8011878103213164,0.2779889417115671,0.2829190742967249,1.146252034377803,-0.8011878103213164
4958,72393863,i,15,-1.2909110206348091,0.11797224828636055,0.4802958900324066,2.6544969259635125,-1.2909110206348091
4959,72393863,r,13,-0.8812219124670093,0.43619834706008187,1.3521010047933344,2.5965497728407203,-0.8812219124670093
4960,72426970,i,7,-0.836726217534832,0.021986207143201986,0.09109464376564946,4.683317857963112,-0.836726217534832
4961,72426970,r,3,-0.8115649299914646,0.0021950963812984448,0.016869840347704335,5.543094868911258,-0.8115649299914646
4962,72478613,i,6,-1.9568013220089369,0.38700382595823724,0.9387797401821154,13.27176704768375,-1.9568013220089369
4963,72478613,r,5,-1.9346110664226734,0.12158596526959675,0.2374874514269445,11.14190902011442,-1.9346110664226734
4964,72490517,i,8,-1.9523637797906397,0.03731063015737057,0.0920703034861825,14.188011331640084,-1.9523637797906397
4965,72490517,r,5,-2.0672781422901054,0.07088558857207916,0.09452770337845529,14.389705889292864,-2.0672781422901054
4966,72529669,g,2,-1.2595037992687157,0.021677261478847187,0.021677261478846965,5.29246199255938,-1.2595037992687157
4967,72529669,i,9,-1.8221781617090267,0.3372544737440464,0.5476537011562206,10.571320923562146,-1.8221781617090267
4968,72529669,r,4,-1.8657509714324116,0.05079017462456137,0.08278318932025819,11.914325521016291,-1.8657509714324116
4969,72544760,g,2,-0.6296904030395636,0.12794608767494853,0.12794608767494853,1.359096802025039,-0.6296904030395636
4970,72544760,i,11,-0.7924952174994646,0.1033398345674813,0.1868493645194409,1.8938429809846078,-0.7924952174994646
4971,72544760,r,9,-0.9261200492589863,0.030340469708896034,0.046131915651052235,3.2741366574801343,-0.9261200492589863
4972,7255225,i,11,-1.5949536034809773,0.35263528300753166,1.087311396241485,13.42123594655389,-1.5949536034809773
4973,7255225,r,7,-2.1501683523647444,0.42464268030776786,0.681123756323113,10.888143321608416,-2.1501683523647444
4974,72628718,i,7,-3.0514530770104478,0.27642352904877576,0.5333711822783402,33.302398710271184,-3.0514530770104478
4975,72628718,r,4,-2.515064744996852,0.01437140292022665,0.10201793165522277,24.92660160129189,-2.515064744996852
4976,72640090,g,3,-0.9574856418685854,0.05350932097388095,0.1946104035734888,3.954310619276093,-0.9574856418685854
4977,72640090,i,5,-1.8190413090246502,0.14000264419454478,0.4074454236661702,7.014053974107499,-1.8190413090246502
4978,72640090,r,8,-1.4776947299159628,0.06768670019691514,0.11532300895952408,8.06565536769763,-1.4776947299159628
4979,72665056,i,15,-1.37273391695058,0.15542786954291232,0.5797317018987378,4.5641422038617465,-1.37273391695058
4980,72665056,r,16,-1.205007630336175,0.20659586851749895,0.3920815216384006,4.726425296912632,-1.205007630336175
4981,72733701,g,4,-1.2309938095839348,0.19275856018066417,0.269331962284419,2.0086289069906247,-1.2309938095839348
4982,72733701,i,8,-1.238970411613497,0.10544983273963326,0.21269444315110908,5.285516264650842,-1.238970411613497
4983,72733701,r,7,-1.3947597369769875,0.02299823151358038,0.08355926221088161,4.810200031034591,-1.3947597369769875
4984,72751524,g,3,-1.0124028756769419,0.06489901222749028,0.10791993458148652,3.812948646472897,-1.0124028756769419
4985,72751524,i,11,-1.8451122537572038,0.09413154222095832,0.3431524991684687,9.635097557196206,-1.8451122537572038
4986,72751524,r,10,-1.5558353236669034,0.09704616387195486,0.20351643692693266,8.793595404628807,-1.5558353236669034
4987,72792618,i,7,-1.4246074733260867,0.2305017821724853,0.6121338329538066,11.869513176644059,-1.4246074733260867
4988,72792618,r,4,-1.9616546433552293,0.043838120278104076,0.07518134753996919,11.361599724081579,-1.9616546433552293
4989,72809103,i,6,-1.781155524423165,0.4796052422524717,0.7461339616445224,5.88270965736952,-1.781155524423165
4990,72809103,r,5,-1.7054097226642144,0.08961109205035678,0.4909829429014918,5.454190690819954,-1.7054097226642144
4991,72880724,g,3,-1.3072502058716247,0.23087029294029415,0.2360693260925184,5.429129422367434,-1.3072502058716247
4992,72880724,i,18,-1.8747883791925377,0.19331385857407835,0.3562377438304003,16.083671120950395,-1.8747883791925377
4993,72880724,r,10,-1.8216140899901303,0.06560944872487728,0.11500016577927696,14.837537589710049,-1.8216140899901303
4994,72899564,g,2,-0.8271121417997109,0.01396595676781276,0.01396595676781276,1.8155741865544304,-0.8271121417997109
4995,72899564,i,8,-0.9497253212297814,0.1857521697469371,0.3563644597859471,3.9193282866288284,-0.9497253212297814
4996,72899564,r,3,-1.313789547712336,0.005193814909140615,0.07123755083496608,5.546460470084257,-1.313789547712336
4997,7293404,g,3,-0.8780227069728068,0.17063726377538968,0.4233320864367509,3.0927106305383423,-0.8780227069728068
4998,7293404,i,5,-1.2917143328086065,0.028558793672689875,0.04777111056915606,3.9187381876910563,-1.2917143328086065
4999,7293404,r,3,-0.7862276964186489,0.08784344285379375,0.10417441725912924,3.431896446431248,-0.7862276964186489
5000,7293404,u,2,-0.47187996052333736,0.07948503299238319,0.07948503299238324,0.6261686945309278,-0.47187996052333736
5001,72977250,i,9,-1.473744445072367,0.19271283825602703,0.2894096776971584,5.364585552810599,-1.473744445072367
5002,72977250,r,5,-1.3596014542850274,0.04003733857739977,0.07293065055590109,10.357528289439827,-1.3596014542850274
5003,72983797,g,5,0.02220527723464416,0.3186083759145786,0.38237494170226705,0.18233252287429846,0.02220527723464416
5004,72983797,i,12,0.5507210712856392,0.22140819020929448,0.3853353109561084,0.6269239709271376,0.5507210712856392
5005,72983797,r,12,0.1485498127231516,0.11087857238509863,0.2115655244617003,0.10947439552979409,0.1485498127231516
5006,72983797,u,2,0.5785742944176284,0.37273563195165393,0.37273563195165393,1.2432637493702419,0.5785742944176284
5007,73005924,g,4,-0.6009328743748166,0.013198880333646412,0.20300586216267358,1.225604594187298,-0.6009328743748166
5008,73005924,i,15,0.2500933522424713,0.20143106030413827,0.6241419750262536,0.37296762387356863,0.2500933522424713
5009,73005924,r,12,0.0344669199507715,0.19462750146653707,0.43012647648125024,0.5168564335995259,0.0344669199507715
5010,73005924,u,2,0.30780726495901645,0.07431772298419137,0.07431772298419137,0.2646357136910404,0.30780726495901645
5011,73060415,g,4,-0.79540436869119,0.06862210579087619,0.123124729664702,2.448987899666138,-0.79540436869119
5012,73060415,i,4,-1.4934678122020615,0.05058773868898492,0.094747626678374,10.73062637161797,-1.4934678122020615
5013,73060415,r,6,-1.5192925180277457,0.059228111079589696,0.12304360248209711,13.15358447606497,-1.5192925180277457
5014,73068580,g,2,-0.7232347097307591,0.2848539419012003,0.2848539419012004,2.075345745511945,-0.7232347097307591
5015,73068580,i,5,-1.1312469362329205,0.19487597814283653,0.42312814419364897,6.693520967938407,-1.1312469362329205
5016,73068580,r,9,-1.4125722282359352,0.12277589787254839,0.23171138498871846,6.108277257899577,-1.4125722282359352
5017,73092855,i,6,-1.7633947978060183,0.16059009605982189,0.3138130649423605,17.233967714289776,-1.7633947978060183
5018,73092855,r,5,-1.832150632309552,0.04194510784978278,0.04885020614707658,14.532824145628805,-1.832150632309552
5019,73107372,i,5,-0.5701095257322232,0.2839281098448072,0.558823340990524,1.0277397419813217,-0.5701095257322232
5020,73107372,r,7,-0.8896193649240963,0.11709278770408038,0.4694479548681312,2.4735744207541943,-0.8896193649240963
5021,7322459,i,9,-1.3980672232578968,0.04084732726887408,0.11357623038060538,7.495199047993156,-1.3980672232578968
5022,7322459,r,3,-1.319343016685713,0.20797178524596682,0.2085057465356659,5.281740346440359,-1.319343016685713
5023,73230832,g,2,-0.8706295864145196,0.20874865116577623,0.20874865116577612,1.6984188743796027,-0.8706295864145196
5024,73230832,i,15,-0.9550419132158391,0.03471251579193557,0.06368701488780903,3.8794935682390257,-0.9550419132158391
5025,73230832,r,5,-1.2678691925444237,0.01627222403848938,0.018939734841347144,4.254558954676364,-1.2678691925444237
5026,73231763,i,10,-2.9925767361315727,0.1149233581255702,0.14701697401757663,35.35911490500847,-2.9925767361315727
5027,73231763,r,5,-2.9912828961071085,0.09545967383536347,0.16988332580817467,20.685086575057127,-2.9912828961071085
5028,73254539,g,3,-1.1630921664977312,0.27310393506014996,0.3667664651777296,4.078979006964679,-1.1630921664977312
5029,73254539,i,2,-2.1409548323823273,0.022021153776775826,0.022021153776775826,9.731804868579186,-2.1409548323823273
5030,73254539,r,3,-2.1463757469328115,0.07024860645331277,0.5539361541974137,9.041753618998408,-2.1463757469328115
5031,73254539,u,3,-2.620454925724524,0.1012338767255363,0.6228453636926203,8.468570630887314,-2.620454925724524
5032,73255684,i,10,-1.2417222096262075,0.2527270517059966,0.4057633025853161,4.5451574191214155,-1.2417222096262075
5033,73255684,r,8,-1.3684016011957818,0.10044899992099454,0.19327577806496632,4.7917285989787555,-1.3684016011957818
5034,73289265,i,10,-2.570748993006175,0.060675207526134756,0.19270772190667618,34.24519051327213,-2.570748993006175
5035,73289265,r,2,-2.227968387677034,0.15705443485827852,0.1570544348582783,22.608453576437558,-2.227968387677034
5036,73392525,g,2,-0.9434761508397453,0.00020750181995926598,0.0002075018199593215,3.0243564083746017,-0.9434761508397453
5037,73392525,i,5,-1.2134875528440812,0.3330883359643577,0.6216239753225948,5.70947229902071,-1.2134875528440812
5038,73392525,r,7,-1.2806356731163273,0.11433428477940577,0.1789262263466389,7.2408726073677,-1.2806356731163273
5039,73435302,i,11,-1.1290761354538579,0.10017308905711975,0.17605300262070211,3.1507860071229388,-1.1290761354538579
5040,73435302,r,10,-1.1639034710130014,0.06289824632398422,0.12092746736825832,4.341703396931526,-1.1639034710130014
5041,73452099,g,2,-0.5660085699788966,0.023008412666065237,0.023008412666065237,0.47497990520685685,-0.5660085699788966
5042,73452099,i,7,-0.34561511514412535,0.053232424614310936,0.10194577943887884,0.5694472291897209,-0.34561511514412535
5043,73452099,r,5,-0.5241752222481662,0.023704684630462047,0.02997032132340327,0.7697553871063729,-0.5241752222481662
5044,73469265,g,2,-0.8753096322151795,0.04077177019674305,0.04077177019674294,2.2524972714177176,-0.8753096322151795
5045,73469265,i,13,-1.4635609740935598,0.17556004067406228,0.28808630230145527,6.660596325408833,-1.4635609740935598
5046,73469265,r,7,-1.3433209646202011,0.10720419658328306,0.20004248500763344,6.317433028606007,-1.3433209646202011
5047,735223,g,2,-1.4181498574872913,0.006684627056926962,0.00668462705692674,6.071598628257891,-1.4181498574872913
5048,735223,i,4,-1.9539952339951911,0.009626554504312601,0.08332849782284124,19.97117356075845,-1.9539952339951911
5049,735223,r,5,-1.9522364426233978,0.17146719741852823,0.38998492274417496,14.030360157298635,-1.9522364426233978
5050,73587103,i,6,-1.2293166121198866,0.07078714417059495,0.13025069866211236,3.4419142371491454,-1.2293166121198866
5051,73587103,r,7,-1.3625619541178902,0.053038507053211115,0.1161612834136827,4.386702373501857,-1.3625619541178902
5052,73613078,g,3,-1.3586393956043028,0.07258655428047667,0.2643268709563116,2.8928836523383854,-1.3586393956043028
5053,73613078,i,7,-0.5764949749812277,0.18505817672230984,0.3337854566005529,1.2288025857225786,-0.5764949749812277
5054,73613078,r,9,-0.8952446863402624,0.1411935666695988,0.22149302349111133,3.26509166793608,-0.8952446863402624
5055,73619020,i,8,-1.2615124483853926,0.1627816791726177,0.30779882656272894,5.049698833422134,-1.2615124483853926
5056,73619020,r,7,-1.3234471908936618,0.05772258952558018,0.13184098768252062,6.255914802770862,-1.3234471908936618
5057,73646601,i,7,-1.1935693638158893,0.044166607513797196,0.11072957415720408,7.544364113437455,-1.1935693638158893
5058,73646601,r,4,-1.4327464842558602,0.07127498243354724,0.14582120869037207,7.665450502441432,-1.4327464842558602
5059,73705508,g,2,-0.5011618347775828,0.07120620467481409,0.07120620467481409,0.5886514518285757,-0.5011618347775828
5060,73705508,i,6,-0.40107985495259435,0.09748408624092547,0.18693890338717223,0.4004632372611889,-0.40107985495259435
5061,73705508,r,6,-0.6068734114670085,0.08144766115366409,0.15452863552782836,0.9765014996786988,-0.6068734114670085
5062,73722756,g,2,-0.9316183378866174,0.1992134924926437,0.19921349249264364,3.2447899632191604,-0.9316183378866174
5063,73722756,i,5,-1.1950019910424783,0.057367127162751164,0.08326900215575606,10.3350088869414,-1.1950019910424783
5064,73722756,r,7,-1.3419597738482303,0.03447427764225641,0.14522534675482324,9.396118854966497,-1.3419597738482303
5065,73761850,g,3,-0.8252764196551097,0.007704757684804164,0.1546023042388286,1.7587847880936105,-0.8252764196551097
5066,73761850,i,6,-0.5878602758350345,0.1049904496280909,0.1782521321664421,1.0819283932596326,-0.5878602758350345
5067,73761850,r,6,-0.7948227504880231,0.022202847652229463,0.04147733497770745,1.955009521609415,-0.7948227504880231
5068,73778041,g,2,-0.7724799951363288,0.10219354309288664,0.10219354309288664,1.077727069323494,-0.7724799951363288
5069,73778041,i,11,-0.7010906418160027,0.11772284855700954,0.281907107499201,1.3255605305398752,-0.7010906418160027
5070,73778041,r,6,-1.0842278862265373,0.07248275836084384,0.18463076684690172,2.266277055056658,-1.0842278862265373
5071,73877780,i,9,-1.0998230057906289,0.12437793442178768,0.25473413014908,3.025632614627505,-1.0998230057906289
5072,73877780,r,10,-1.253897573395864,0.15007803724930135,0.35477618895531615,4.245542456036418,-1.253897573395864
5073,73883669,g,3,-0.592975412743484,0.05548070252199988,0.08613356342354284,1.7731688355917103,-0.592975412743484
5074,73883669,i,8,-0.3399181749922484,0.07515241331392256,0.15112734831243635,0.633240681665628,-0.3399181749922484
5075,73883669,r,9,-0.42919480625543904,0.07243733367069716,0.22034251193860294,1.5023575564886302,-0.42919480625543904
5076,73890507,g,3,-1.2124963607669836,0.023775404138688838,0.22256223143941023,1.3463431117824098,-1.2124963607669836
5077,73890507,i,4,-0.8788670533371115,0.04549355019470663,0.15796974093942007,1.5175177869596221,-0.8788670533371115
5078,73890507,r,7,-0.974601008056422,0.04544018062882671,0.0737245795854653,3.211700866992735,-0.974601008056422
5079,73892405,i,8,-1.2822774368126473,0.5196582823491603,0.7122590410327836,3.394338833653649,-1.2822774368126473
5080,73892405,r,7,-1.0664556122781979,0.12488985095309557,0.20168431574852663,3.4167605180698017,-1.0664556122781979
5081,73893190,i,9,-0.842705462009497,0.060700857781999074,0.08749652260747554,2.7854238575669115,-0.842705462009497
5082,73893190,r,8,-1.076479050413492,0.09683378886792893,0.17421131290858183,4.409469777515512,-1.076479050413492
5083,7390302,g,4,-1.200065899827862,0.22661656628303528,0.40028147563065786,3.4501596381359283,-1.200065899827862
5084,7390302,i,5,-0.8992446196102569,0.18695215579183955,0.9854629885100661,4.431855434095501,-0.8992446196102569
5085,7390302,r,10,-0.987766320957089,0.21033640944535548,0.6872518069049411,5.595263894659699,-0.987766320957089
5086,7390302,u,4,-0.5775482601542998,0.12843920710625834,0.2572034479297627,1.0603468836572956,-0.5775482601542998
5087,73920750,g,2,-1.7140136917998043,0.0072545428483532515,0.007254542848353029,6.869215676567366,-1.7140136917998043
5088,73920750,i,5,-2.068032501039517,0.08984248918896753,0.09489898979475253,13.072758987453676,-2.068032501039517
5089,73920750,r,5,-2.059703624420153,0.0772501585191363,0.12983074616955648,11.028512614436085,-2.059703624420153
5090,73933331,g,7,-1.1241835487506882,0.18161546351858293,0.56792174023129,3.3022446986665526,-1.1241835487506882
5091,73933331,i,10,-1.4126647909589654,0.14495454747738845,0.3134416079937614,6.256613789687518,-1.4126647909589654
5092,73933331,r,10,-1.3523167786064048,0.09339878191821627,0.18912178873868268,7.584161157778182,-1.3523167786064048
5093,73933331,u,2,-0.9593391872598456,0.5148312349181821,0.5148312349181822,2.234355895671522,-0.9593391872598456
5094,73950093,g,4,-0.6794889450829028,0.03547177242308752,0.2754153108138102,2.5142136409675526,-0.6794889450829028
5095,73950093,i,2,-1.8830758323783912,0.15169428584406686,0.15169428584406708,5.7371974675688575,-1.8830758323783912
5096,73950093,r,4,-1.1373365235106356,0.5475941619688824,1.0943230276454279,4.775916745550257,-1.1373365235106356
5097,73950093,u,3,-0.39190600944294895,0.012045909211740424,0.13493179799905108,0.591951606203763,-0.39190600944294895
5098,73977356,g,7,-0.721960813961347,0.02392376631363724,0.03711036152460245,2.3040781355022024,-0.721960813961347
5099,73977356,i,8,-0.8545897717218007,0.16926650379562153,0.3632848564504876,3.392144203506858,-0.8545897717218007
5100,73977356,r,8,-0.8932661295776709,0.0341389213689508,0.08028168855462625,5.072196378562921,-0.8932661295776709
5101,73989423,g,2,-0.9422777621391807,0.042518066636890284,0.042518066636890284,3.2910867939984385,-0.9422777621391807
5102,73989423,i,6,-1.2906812321304868,0.5645402843984132,1.0039748203072203,3.448350316319981,-1.2906812321304868
5103,73989423,r,8,-1.0982295234524302,0.2635015707685235,1.1009476561978997,5.624570472314254,-1.0982295234524302
5104,74010256,g,2,-1.6215202611751853,0.1316596756698334,0.1316596756698334,4.274874005363763,-1.6215202611751853
5105,74010256,i,6,-1.6018969503155986,0.36653482768546564,0.6828123617938353,8.247520733260435,-1.6018969503155986
5106,74010256,r,10,-2.0341328498688496,0.15547455786354125,0.6902732164728334,8.8935169452478,-2.0341328498688496
5107,74070518,i,6,-0.9007169581878852,0.022401178096201346,0.039079214092167636,3.843056763233443,-0.9007169581878852
5108,74070518,r,7,-1.2003876259279926,0.027833293031218176,0.042793481624186835,9.62229351363717,-1.2003876259279926
5109,74070518,u,3,-0.9141237904943287,0.03260107147137026,0.08256383620074104,2.0098646533067743,-0.9141237904943287
5110,74103832,g,5,-1.0888932565067595,0.06042904301787755,0.08973924483566598,3.58188158561686,-1.0888932565067595
5111,74103832,i,13,-1.8064564516013808,0.08367713872079974,0.453813110650227,7.495806097860723,-1.8064564516013808
5112,74103832,r,10,-1.483766817095526,0.040062198476367605,0.0921988008721275,9.99455562976565,-1.483766817095526
5113,74104142,i,5,-1.3947521238879346,0.05939800985761434,0.17660974840273713,8.282407073646926,-1.3947521238879346
5114,74104142,r,7,-1.3702177715664372,0.06933215401089621,0.11360800794732939,8.621011988853965,-1.3702177715664372
5115,74136596,i,11,-1.2921430541568664,0.0634012291402728,0.198414015992598,5.62025326601694,-1.2921430541568664
5116,74136596,r,13,-1.245555357213615,0.03042323024192961,0.1327791809247718,6.710597420893158,-1.245555357213615
5117,7441208,i,7,-2.6643909193832154,0.3620998825858499,0.489645032252088,13.720621837004247,-2.6643909193832154
5118,7441208,r,4,-2.300354401068689,0.16047007858079732,0.4251755909562429,11.725333730577194,-2.300354401068689
5119,7510598,i,14,-1.7660689275311472,0.13491955587343718,0.2378158295331705,7.10662407887723,-1.7660689275311472
5120,7510598,r,12,-1.9774054644191814,0.1746050692461072,0.37538216802451574,9.271042028487205,-1.9774054644191814
5121,7510620,g,4,-0.9417972450435248,0.0802892174137142,0.14841654457559006,2.5945853096897395,-0.9417972450435248
5122,7510620,i,14,-2.1570514527904114,0.11250269641142707,0.19926406622459325,16.128661655315863,-2.1570514527904114
5123,7510620,r,8,-1.945451345176691,0.03464553333680176,0.047494116398063335,12.528241405872286,-1.945451345176691
5124,7512399,g,2,-1.0369646176845684,0.1377068072596208,0.13770680725962092,3.450261502337668,-1.0369646176845684
5125,7512399,i,13,-1.3983383057248875,0.1642682559167663,0.3178469299014175,8.683563975692179,-1.3983383057248875
5126,7512399,r,7,-1.6467676538422198,0.03695302456917293,0.17955633558363537,10.802326011804936,-1.6467676538422198
5127,7592369,g,4,-0.9599789615189649,0.08373792944466107,0.1874022586603441,2.8209449043548713,-0.9599789615189649
5128,7592369,i,5,-1.2594738526069236,0.023204272023748418,0.24031410421111632,8.19219380106788,-1.2594738526069236
5129,7592369,r,7,-1.3164550687692245,0.05030906488662046,0.08294665397202117,8.849314328508495,-1.3164550687692245
5130,7643095,g,6,-0.7920606531983408,0.027536183390968638,0.041787166963866085,1.455829869991071,-0.7920606531983408
5131,7643095,i,12,-1.0342832442205494,0.2956874811586526,0.6844819022093582,2.4916140089858767,-1.0342832442205494
5132,7643095,r,11,-1.3579763928718014,0.04043631752412025,0.2801130776288079,3.5774939211527963,-1.3579763928718014
5133,7704397,g,6,-0.7168752486325065,0.016853581315299848,0.25011136874304796,2.57744463082708,-0.7168752486325065
5134,7704397,i,9,-1.1907226973243679,0.15283920768652992,0.2547328320406237,4.848043204357684,-1.1907226973243679
5135,7704397,r,9,-1.2746864091629106,0.21346739971541107,0.4126445329438744,6.427106462271609,-1.2746864091629106
5136,7736354,g,2,-0.5680895356689876,0.12079695446537897,0.12079695446537886,1.3052914397942297,-0.5680895356689876
5137,7736354,i,8,-0.44465003879546683,0.0986753603137489,0.21907173604114322,1.179874934772212,-0.44465003879546683
5138,7736354,r,9,-0.44889310223826717,0.12886341165199022,0.2149792703614989,0.9478614004229426,-0.44889310223826717
5139,7743748,g,4,-1.6752441303165,0.17146890555032201,0.29804643942565057,8.047816328817627,-1.6752441303165
5140,7743748,i,4,-2.205006098254139,0.19082983648832696,0.3444473497324825,16.847482836073315,-2.205006098254139
5141,7743748,r,6,-1.7220620649803824,0.11212723920012047,0.522060644039523,11.705192050238843,-1.7220620649803824
5142,7791954,g,2,-0.8747310231499688,0.2467857918954024,0.2467857918954024,1.9409176573552085,-0.8747310231499688
5143,7791954,i,6,-1.685751210972636,0.12438685557678153,0.22211663801851333,10.865756233051279,-1.685751210972636
5144,7791954,r,6,-1.536193587897034,0.05117894613199114,0.22502451111378874,7.372063585583607,-1.536193587897034
5145,787097,g,4,-1.1054875064512957,0.053246818579092525,0.23790038232488486,2.4203822783357145,-1.1054875064512957
5146,787097,i,6,-1.495169489778415,0.1261180150892527,0.2023481505634217,5.257175042966438,-1.495169489778415
5147,787097,r,9,-1.6220608316406877,0.14145354379020803,0.30178411459210963,6.58936078664682,-1.6220608316406877
5148,7911849,g,3,-1.0953572766064106,9.814331651591957e-05,0.1265510811318904,3.8204769584088205,-1.0953572766064106
5149,7911849,i,9,-1.4849631362714417,0.2785731763887269,0.505006766623987,3.7066361064364863,-1.4849631362714417
5150,7911849,r,6,-1.164594867318237,0.14876698005026673,0.760466945989932,3.9192095073930844,-1.164594867318237
5151,7947526,g,2,-1.5662788295413046,0.5223107545136312,0.5223107545136312,3.280732167200073,-1.5662788295413046
5152,7947526,i,6,-1.853361503846594,0.04528182868702024,0.07592573643144584,8.35393915726936,-1.853361503846594
5153,7947526,r,6,-1.4790382947103573,0.03763778164557485,0.056653247499767634,7.2337938890376785,-1.4790382947103573
5154,7951434,i,11,-0.8989588469545223,0.1524221333519079,0.38886741279326187,1.8123428024117503,-0.8989588469545223
5155,7951434,r,12,-1.1420023336748346,0.1103932883052533,0.21186332621000736,4.053018977341435,-1.1420023336748346
5156,7979767,i,5,-1.739608428911973,0.17235542187660413,0.42525447228710744,11.58163522351662,-1.739608428911973
5157,7979767,r,5,-1.6025068693190592,0.038360379860789884,0.047031427603986264,10.785764960324006,-1.6025068693190592
5158,8008661,i,6,-0.6173163776611923,0.08289379236928857,0.21078796347211448,2.1325962973844104,-0.6173163776611923
5159,8008661,r,7,-0.9884598223092717,0.03063035205852771,0.09719078890500255,4.912035391378319,-0.9884598223092717
5160,8041470,i,8,-2.210101559384891,0.11172652305309905,0.24960256863305164,17.63613654043508,-2.210101559384891
5161,8041470,r,6,-2.0752181696784286,0.11054671958417928,0.46607908749126103,11.875517906167508,-2.0752181696784286
5162,8049482,g,3,-2.8292035395086197,0.00398220559407525,0.843422432190648,6.7454230975469045,-2.8292035395086197
5163,8049482,i,9,-2.1253186839653555,0.11809325053601682,0.34989345843275776,17.257151361948594,-2.1253186839653555
5164,8049482,r,5,-2.0813785158193596,0.07239774111524833,0.10691421837913895,18.024993693293823,-2.0813785158193596
5165,808443,g,2,-1.2763523028023571,0.18668990411217024,0.18668990411217012,5.49721802252665,-1.2763523028023571
5166,808443,i,6,-1.6101021442850618,0.07407112513925274,0.1747406120464805,10.848112095231615,-1.6101021442850618
5167,808443,r,5,-1.7854835939512388,0.10194777012424128,0.19857041640371542,10.482783901650023,-1.7854835939512388
5168,810685,g,3,-1.1793110590020475,0.06913336185522234,0.145967998065911,4.591163740996695,-1.1793110590020475
5169,810685,i,11,-1.62333355250178,0.10807092372574534,0.22704198395488606,14.430152919392146,-1.62333355250178
5170,810685,r,6,-1.7002034697681019,0.07944345375380757,0.1387168150633149,15.336968780759717,-1.7002034697681019
5171,8135927,i,8,-1.8367251540791243,0.20966378993124568,0.5218772631510786,16.69000454263328,-1.8367251540791243
5172,8135927,r,4,-1.6150153267206624,0.032743061973305676,0.05829861062207198,8.371826955188052,-1.6150153267206624
5173,8268170,g,2,-1.0335239838450063,0.024916777218353392,0.024916777218353392,3.3765539777047664,-1.0335239838450063
5174,8268170,i,4,-1.6913514537278,0.05422458354426307,0.1135354414996328,14.365287978046945,-1.6913514537278
5175,8268170,r,5,-1.6998692281181145,0.09929894980948384,0.15347793927839826,11.518404277857663,-1.6998692281181145
5176,8288890,g,5,-1.0648300305390417,0.07269073087031375,0.14331191171649227,2.8130402493985405,-1.0648300305390417
5177,8288890,i,10,-2.048812766787777,0.15806850681132922,0.34184291731407024,10.755553111664522,-2.048812766787777
5178,8288890,r,10,-1.7607282447056356,0.025610102817802294,0.49940802036435183,6.072263850093968,-1.7607282447056356
5179,830312,g,3,-1.2327481051338354,0.05436533655879039,0.32050654598434036,5.000565512060937,-1.2327481051338354
5180,830312,i,8,-2.2343375009487456,0.1002337709212151,0.34339004468436984,11.80307590477529,-2.2343375009487456
5181,830312,r,9,-2.227037666987941,0.16350208512167974,0.3636369657555063,11.501033229585055,-2.227037666987941
5182,835083,g,4,-1.792643789085004,0.2831639045778981,0.5822006893569756,4.32234056859711,-1.792643789085004
5183,835083,i,5,-1.5135807664887682,0.2640951963346696,0.5340132672932549,11.781931752098021,-1.5135807664887682
5184,835083,r,3,-1.802358714279124,0.12082173737445245,0.16704066853253807,7.324845165175301,-1.802358714279124
5185,8369509,g,2,-0.7266520839275625,0.008699464908721088,0.008699464908721088,1.7634078498553611,-0.7266520839275625
5186,8369509,i,8,-0.8062892107744594,0.2464457646811825,0.4366353234558945,3.5242376573970287,-0.8062892107744594
5187,8369509,r,8,-0.8153645525898929,0.11004649840977765,0.3150550055740551,3.455992063852911,-0.8153645525898929
5188,8374906,g,3,-1.5068680037420417,0.0603167515215044,0.1068728607726539,6.346124140239582,-1.5068680037420417
5189,8374906,i,8,-2.194351116208333,0.49981416888843677,0.8936131142229726,15.204813398666955,-2.194351116208333
5190,8374906,r,5,-1.8855257958494844,0.3591596542214006,0.671222211846408,10.984333655673304,-1.8855257958494844
5191,839486,g,3,0.13050076691567192,0.11946825633241298,0.43329087809541644,0.4261732811477203,0.13050076691567192
5192,839486,i,7,-0.742733265201069,0.3616809814738837,0.6938390907937477,4.420652301335844,-0.742733265201069
5193,839486,r,10,-0.7527602830581234,0.10283729707025313,0.23158803188467936,2.654658941778758,-0.7527602830581234
5194,8407649,g,2,-0.9405899352319109,0.02296279501486631,0.02296279501486631,2.838722916700829,-0.9405899352319109
5195,8407649,i,4,-1.0662434993092815,0.14157917316350455,0.22287669971041146,3.4089314696925186,-1.0662434993092815
5196,8407649,r,5,-1.1062045431927499,0.09817272630236662,0.20187271733588452,6.347274161770753,-1.1062045431927499
5197,8408290,i,7,-2.2143711636990044,0.03673071580210685,0.06837471865868405,16.380213147409428,-2.2143711636990044
5198,8408290,r,14,-1.9717786531936548,0.0989095792257344,0.2297575663891238,11.83932104218709,-1.9717786531936548
5199,8423634,i,7,-2.2510495094265894,0.10173114593114052,0.39721096214578,18.627367280403266,-2.2510495094265894
5200,8423634,r,10,-2.171697230322236,0.22004071173527096,0.39974419956506635,13.882314730702694,-2.171697230322236
5201,8434561,i,7,0.18622445321260317,0.275188024006616,0.38100308818590045,0.2886739764824613,0.18622445321260317
5202,8434561,r,4,0.09513893740104362,0.06331156453815079,0.12637179442988067,0.08544634498703634,0.09513893740104362
5203,848036,i,7,-2.446204174725122,0.27978980716324475,0.45685671908851555,13.935644776702771,-2.446204174725122
5204,848036,r,9,-2.402518239505883,0.3597406792240929,0.7283228850804309,11.63848934005719,-2.402518239505883
5205,8495799,g,2,-0.9573074082559883,0.19352460188895693,0.19352460188895693,1.3292877937934895,-0.9573074082559883
5206,8495799,i,7,-0.8463554663556929,0.3891804963199825,0.5516904294379181,1.7217499219890489,-0.8463554663556929
5207,8495799,r,4,-1.1512360251095048,0.20103507615109784,0.3627035224662367,2.4699499685892174,-1.1512360251095048
5208,8496802,g,3,-0.8846429088024421,0.029849854387571262,0.038195532344157734,2.9966665046744687,-0.8846429088024421
5209,8496802,i,6,-1.1243923126334066,0.12129265056363303,0.4241621497488721,3.6285929878502383,-1.1243923126334066
5210,8496802,r,5,-1.1705508193011742,0.10602960455086707,0.3515540744577135,6.044976374059959,-1.1705508193011742
5211,8531626,g,2,-2.0417054700717943,0.026325589769390145,0.02632558976939059,9.776177264708434,-2.0417054700717943
5212,8531626,i,6,-2.1023257653141103,0.08753993480235156,0.13836332260084472,11.86194201345006,-2.1023257653141103
5213,8531626,r,8,-2.128581021674848,0.10066602122387103,0.1671703966560374,10.383505526084335,-2.128581021674848
5214,8558290,g,5,-0.8421075659765044,0.053330905686001295,0.1940035043617695,3.264718101215949,-0.8421075659765044
5215,8558290,i,2,-1.7815796569383358,0.01803473659329069,0.018034736593290912,5.736663614572668,-1.7815796569383358
5216,8558290,r,4,-1.3840321746471833,0.1577958460946005,0.44387564285565007,9.854358653842155,-1.3840321746471833
5217,8587233,i,6,-2.2369489074362425,0.04458221303652721,0.09116920786291427,23.760082348647714,-2.2369489074362425
5218,8587233,r,4,-2.1679791905103896,0.07824950238698114,0.145977971486265,16.820070573128476,-2.1679791905103896
5219,8596654,g,7,-1.265523744215244,0.2403367230974438,0.4325571697527175,3.240638164062965,-1.265523744215244
5220,8596654,i,10,-1.2328712492293443,0.096962163264394,0.3261489836421123,8.217794131438383,-1.2328712492293443
5221,8596654,r,11,-1.6074965941248618,0.22641602063624755,0.443024512839024,7.931687525592252,-1.6074965941248618
5222,8597676,g,9,-0.34185039953314134,0.04616630961827528,0.06941972507314242,0.43001458459674397,-0.34185039953314134
5223,8597676,i,7,-0.591757853334607,0.06800162695372647,0.13765448558604287,1.1705739227147112,-0.591757853334607
5224,8597676,r,6,-0.2737642510887432,0.0293057956807153,0.047096990472388994,0.41394290975271825,-0.2737642510887432
5225,8597676,u,2,1.6430754821568483,0.1580602755322792,0.1580602755322793,7.472731913431334,1.6430754821568483
5226,8644060,i,6,-1.8436245311319372,0.5169330499620425,1.0366885593558461,11.138987317738346,-1.8436245311319372
5227,8644060,r,5,-1.9443150342415172,0.11470116860925406,0.2288319340981111,7.0427877623663395,-1.9443150342415172
5228,865294,g,4,-0.6822901270760575,0.036934425689290507,0.0769501283157612,1.7926554655736249,-0.6822901270760575
5229,865294,i,12,-1.0698851822244069,0.12125900355958641,0.2464907716323278,2.2963867556100874,-1.0698851822244069
5230,865294,r,13,-1.1428362013619195,0.055627345661486194,0.2281734652039762,3.139663970918548,-1.1428362013619195
5231,8697137,i,6,-1.6155166669406635,0.10089930161415805,0.18741201249184147,13.437389634386951,-1.6155166669406635
5232,8697137,r,7,-1.7038440417553975,0.17496054944320427,0.29077246418471625,13.363240707502237,-1.7038440417553975
5233,8728290,i,7,-1.3619830451373893,0.20083266930263877,0.3162623058702778,4.487815430658826,-1.3619830451373893
5234,8728290,r,7,-1.44554850781953,0.1431398236152206,0.2766625679323018,5.515174745855121,-1.44554850781953
5235,8805210,i,7,-0.06954739823215572,0.10246749148459011,0.18909718142298454,0.22891421303716866,-0.06954739823215572
5236,8805210,r,6,-0.7810792629948395,0.04076833836356636,0.1425194307644989,1.5072907761876904,-0.7810792629948395
5237,8806843,g,2,-0.38067301452365976,0.04372704667611671,0.04372704667611671,0.5251731717313457,-0.38067301452365976
5238,8806843,i,13,-0.6165867487850276,0.0896463608328203,0.5514227014786277,0.9336041476259512,-0.6165867487850276
5239,8806843,r,15,-0.7203852350367723,0.06563228860057713,0.2794182157314389,1.613150933977632,-0.7203852350367723
5240,8852578,i,6,-1.8004609465029553,0.5721075695192142,1.001745373103035,8.052438358742803,-1.8004609465029553
5241,8852578,r,4,-2.005671487743522,0.1038968469306274,0.15409188628746895,8.958995264552378,-2.005671487743522
5242,8852761,i,6,-1.8090756063814744,0.12121536303466296,0.2775990000147177,13.125889772457612,-1.8090756063814744
5243,8852761,r,5,-1.961234676662706,0.04374072423462838,0.19299282973488419,15.47097470900994,-1.961234676662706
5244,8886791,i,7,-1.9010237774293919,0.03328914303374053,0.2656175149174471,22.112393364402614,-1.9010237774293919
5245,8886791,r,5,-1.9191144442177865,0.06797996379780735,0.19015661273059425,13.581561478490062,-1.9191144442177865
5246,8887788,i,8,-0.7981386775331936,0.21121121560928835,0.27817816453945277,1.4862737687986818,-0.7981386775331936
5247,8887788,r,2,-0.5344778413213633,0.0633333650471411,0.06333336504714115,1.5204550940802517,-0.5344778413213633
5248,8925559,i,10,-1.7958942221951721,0.09067095539949555,0.14082908590662302,8.242888236473558,-1.7958942221951721
5249,8925559,r,9,-1.7242930415531892,0.061690579575978344,0.12107513394651126,7.894122270177456,-1.7242930415531892
5250,892991,g,2,-1.1274011580462409,0.003793187542771581,0.003793187542771692,4.097593925654225,-1.1274011580462409
5251,892991,i,6,-1.2510280722967329,0.1343711886673319,0.2672044692538784,7.458872163097857,-1.2510280722967329
5252,892991,r,5,-1.2962815881899423,0.10562469772969085,0.35546309746650206,9.232744108787843,-1.2962815881899423
5253,9003109,i,7,-3.198584809379813,0.0673379991926435,0.09123228337359635,31.892925806634157,-3.198584809379813
5254,9003109,r,5,-2.923489326288787,0.11563005190342412,0.2321525206083641,21.888009124936456,-2.923489326288787
5255,9020986,g,3,-0.8473630751899741,0.1198091635105869,0.1866964441905551,2.1128496859049144,-0.8473630751899741
5256,9020986,i,6,-1.5294657944834358,0.013154975420579973,0.197095603053826,5.437617375683811,-1.5294657944834358
5257,9020986,r,4,-1.2080325718979432,0.028830954476025794,0.054763928350072266,6.247467424579449,-1.2080325718979432
5258,9146534,g,3,-1.2317804424190666,0.017604153347387186,0.06942871950934593,4.48227794644307,-1.2317804424190666
5259,9146534,i,2,-1.5626537715144384,0.1948526551291021,0.1948526551291021,10.366216204510742,-1.5626537715144384
5260,9146534,r,7,-1.6854391458380906,0.11725955269510813,0.21854344488247657,13.473314353379124,-1.6854391458380906
5261,9179077,i,18,-2.4555378105634684,0.20535403154229215,0.6548689204581986,11.1905146190469,-2.4555378105634684
5262,9179077,r,5,-1.5314892919279333,0.1429838175100775,0.2657259592457535,9.108776087088895,-1.5314892919279333
5263,9243406,i,8,-1.6763648878458794,0.05641683192910785,0.11065172339171214,6.363175947200357,-1.6763648878458794
5264,9243406,r,8,-1.0917433728560024,0.0916885346481432,0.18780729733849677,2.6538690828151545,-1.0917433728560024
5265,9260824,i,9,-0.92632258540738,0.06324554031348195,0.12733402673493477,2.879262804617904,-0.92632258540738
5266,9260824,r,10,-0.9806765750936857,0.13466981119264065,0.17056412461770631,2.5228401255697555,-0.9806765750936857
5267,9365641,g,2,-1.0763554347970143,0.470430875619647,0.47043087561964714,3.1218235027690295,-1.0763554347970143
5268,9365641,i,4,-0.8284441593316061,0.21912883417286372,0.2718232587789874,1.2900512004398008,-0.8284441593316061
5269,9365641,r,8,-1.3311262513228246,0.1362621670166817,0.2314765524331146,3.6172581151693213,-1.3311262513228246
5270,9370433,i,5,-1.3737971651353296,0.11135097907904967,0.12169908496789006,5.48733263484913,-1.3737971651353296
5271,9370433,r,5,-1.4741247430660687,0.03827716438700435,0.37372133389083806,8.465363924564333,-1.4741247430660687
5272,9402538,g,3,-1.303575405270177,0.2228200001638836,0.23009327267020918,3.0602809734450656,-1.303575405270177
5273,9402538,i,6,-1.696439017162161,0.2013307092456581,0.7263894010517182,4.596596014829035,-1.696439017162161
5274,9402538,r,5,-1.9278639222519565,0.15387476893458985,0.8112270269595849,6.132143082397713,-1.9278639222519565
5275,941044,g,7,-1.5713221115367535,0.12954988047560922,0.7320906797950286,4.235642736190553,-1.5713221115367535
5276,941044,i,14,-1.7146099537786195,0.3683677316571672,0.713770897401325,7.251215582920752,-1.7146099537786195
5277,941044,r,15,-1.8229222881911076,0.219506087688635,0.36859742901648596,7.669569277287053,-1.8229222881911076
5278,941044,u,3,-1.091104628577348,0.38093167951702744,0.950815147896807,4.5876679150913935,-1.091104628577348
5279,9412029,g,5,-1.062631862494381,0.08312975819086477,0.16164158769464643,1.5382317311944875,-1.062631862494381
5280,9412029,i,10,-1.0824461778360115,0.06362725269924341,0.21789256406079383,4.306877940902543,-1.0824461778360115
5281,9412029,r,10,-1.2808585898237177,0.06424248485186057,0.13164979531990806,3.324812193732856,-1.2808585898237177
5282,9423823,g,3,-1.3404658084250989,0.34448826704108537,0.4177109117899491,3.654896209274462,-1.3404658084250989
5283,9423823,i,9,-2.5175568937232224,0.1346171255178792,0.2514826012498985,25.577137258527504,-2.5175568937232224
5284,9423823,r,7,-2.5592108415315735,0.21201252109118318,0.3418455724052105,17.896892312537478,-2.5592108415315735
5285,9432814,g,2,-0.8617270803350094,0.0862188222307334,0.0862188222307334,1.0298011421451108,-0.8617270803350094
5286,9432814,i,6,-1.311389181349358,0.20470352580613516,0.3109190366608674,5.068092483258586,-1.311389181349358
5287,9432814,r,4,-1.3617505368709106,0.040638057532400795,0.06371709433792416,5.911157847030424,-1.3617505368709106
5288,9475743,g,5,-0.31838815849765734,0.05700751601716969,0.3457537373017585,0.2754277383957951,-0.31838815849765734
5289,9475743,i,7,0.5238726560941779,0.2447492572551338,0.5523171485823113,0.534678770874689,0.5238726560941779
5290,9475743,r,10,-0.08500549158655651,0.16519429193695195,0.30500559770276103,0.3543492742972359,-0.08500549158655651
5291,9498274,g,3,-1.4491664380700882,0.027843709949171735,0.038908063258296544,5.922380926429862,-1.4491664380700882
5292,9498274,i,7,-2.1106276391288814,0.09265464489252473,0.25421501299936367,17.12257523662003,-2.1106276391288814
5293,9498274,r,9,-2.0830445306756387,0.11585852399796925,0.1749011501027118,16.443222099024506,-2.0830445306756387
5294,9547419,g,4,-0.5788437770054082,0.08942445797106258,0.15430894298514863,1.192813564147786,-0.5788437770054082
5295,9547419,i,6,-0.22072719933900908,0.16981037939385557,0.2728275592543016,0.137813073386573,-0.22072719933900908
5296,9547419,r,5,-0.4355268786254478,0.1562815994753759,0.18295232234951697,0.42934411901849473,-0.4355268786254478
5297,9623559,g,6,-0.915228556654471,0.027172407875270754,0.3514563764735241,2.4384263801066224,-0.915228556654471
5298,9623559,i,10,-0.8570408258174794,0.11752251631507094,0.2868573384667644,2.223462263359023,-0.8570408258174794
5299,9623559,r,14,-1.1759983438707462,0.24001322685305881,0.4424136063742934,3.8762561672710625,-1.1759983438707462
5300,9629644,g,2,-2.2102694142818935,0.20846172913509187,0.2084617291350921,8.397696917915654,-2.2102694142818935
5301,9629644,i,13,-2.9140005535049514,0.09100507257840196,0.11822221240262332,35.71480043626657,-2.9140005535049514
5302,9629644,r,13,-2.712888342515386,0.12077831494495372,0.22665613910097715,23.313628477393333,-2.712888342515386
5303,9665456,g,4,-1.5091464691770926,0.16934845707513801,0.18762575212909893,5.098034009238303,-1.5091464691770926
5304,9665456,i,4,-1.9682295447059057,0.13742097829276412,0.28973338063578113,26.466125520146548,-1.9682295447059057
5305,9665456,r,7,-1.5565114085696132,0.2928391287332681,0.3730366118845654,7.848493297445229,-1.5565114085696132
5306,9671086,g,3,-1.0989450650806118,0.2738996125819628,0.2876312022557975,3.1820381022384487,-1.0989450650806118
5307,9671086,i,18,-1.0557699949683674,0.2538310765901248,0.4026439704905871,3.4188784113427046,-1.0557699949683674
5308,9671086,r,17,-1.2532440784464949,0.06407261781987006,0.11449984369112376,4.132415744387582,-1.2532440784464949
5309,9717688,g,2,-1.124140734817248,0.009719463147167762,0.009719463147167762,4.525226863579775,-1.124140734817248
5310,9717688,i,8,-1.8741011160297674,0.14465872141686098,0.4330179340945568,6.9280704867193945,-1.8741011160297674
5311,9717688,r,9,-1.354815432572542,0.28525176343622105,1.3549815009901625,4.463869340170067,-1.354815432572542
5312,9745350,g,4,-0.8657945692839532,0.050182323815825824,0.2267037185331514,2.3408737280481047,-0.8657945692839532
5313,9745350,i,10,-1.0454242327663148,0.18385391293990672,0.3665068844340298,2.5842355144479607,-1.0454242327663148
5314,9745350,r,11,-1.1282659096798424,0.10875845091825154,0.20082984983285423,3.800151914490564,-1.1282659096798424
5315,9750054,i,5,-2.903445787835678,0.07651431403042785,0.14285133512621595,44.38358772652669,-2.903445787835678
5316,9750054,r,6,-2.776550963876808,0.05512344730582397,0.08466000849555,22.403355109443282,-2.776550963876808
5317,9777392,i,8,-1.3075889092907285,0.13261275974583608,0.24935759748915443,4.091960841008874,-1.3075889092907285
5318,9777392,r,6,-1.4704672885059635,0.07236096692049365,0.12513706215592002,4.494995794839226,-1.4704672885059635
5319,9838202,i,11,-1.3864104883571036,0.21150083390681274,0.535223100211855,9.837531650968765,-1.3864104883571036
5320,9838202,r,12,-1.5315864039721179,0.126800193274339,0.2107867855356671,9.533470019785625,-1.5315864039721179
5321,9897161,g,2,-1.64522065237459,0.10803436558203927,0.10803436558203927,4.7683492383987245,-1.64522065237459
5322,9897161,i,11,-1.8711693300601635,0.188762471635741,0.2769189139986774,7.034809804038783,-1.8711693300601635
5323,9897161,r,10,-1.9206037992766418,0.08039172553115104,0.14528318129047735,7.370655618800633,-1.9206037992766418
5324,9908043,g,2,-0.8419603590582277,0.2889192256533929,0.288919225653393,1.857749623182487,-0.8419603590582277
5325,9908043,i,7,-1.397374858050734,0.2637940987277272,0.4066099208368028,8.760739136660822,-1.397374858050734
5326,9908043,r,7,-1.030171538363345,0.053315633415919494,0.4392055180600801,6.673209427233823,-1.030171538363345
5327,9922215,g,4,-0.1870543629078244,0.01581977735631468,0.045423123823010725,0.061079232642942814,-0.1870543629078244
5328,9922215,i,4,-0.4708999264705219,0.10567329024580696,0.22688031861665536,1.3652069924584138,-0.4708999264705219
5329,9922215,r,6,-0.5572491122320902,0.43297811881074766,0.9765520920677746,2.0906111709342032,-0.5572491122320902
5330,9933440,g,2,-1.0781304456103595,0.13351970892212228,0.1335197089221225,3.31053893374538,-1.0781304456103595
5331,9933440,i,7,-1.3057790994434975,0.16457013667013265,0.2747994186842495,7.715475970487662,-1.3057790994434975
5332,9933440,r,10,-1.388722912893873,0.11146799572772192,0.1839163304762732,9.14866008333436,-1.388722912893873
5333,9990337,i,6,-1.7737422430957197,0.20715778415230046,0.3163878733654062,8.21441973170831,-1.7737422430957197
5334,9990337,r,9,-1.5726795732167052,0.16890851688342834,0.3512555220829059,8.590502794690288,-1.5726795732167052
