,SNID,Filter,n_points,GOPREAUX_bias,GOPREAUX_mad,GOPREAUX_iqr,GOPREAUX_chi2,median_residuals
0,1009013,g,2,-1.0368776594000892,0.035785241781862154,0.03578524178186204,3.3859206580070103,-1.0368776594000892
1,1009013,i,5,-0.5765443034501405,0.0434759995039844,0.05714571058378737,1.737719834591596,-0.5765443034501405
2,1009013,r,6,-0.8121019366412174,0.030131800618687032,0.047676526987989964,3.8414562511891694,-0.8121019366412174
3,10219720,i,4,-0.42921772373347444,0.09152522524154189,0.15816047309516273,1.2023320651830947,-0.42921772373347444
4,10219720,r,7,-0.8169778682757416,0.10574693389508139,0.25198003882937625,2.7242553048691205,-0.8169778682757416
5,10251795,i,8,-1.63523456113797,0.05425841727811054,0.1020690611769215,15.207999864512278,-1.63523456113797
6,10251795,r,3,-1.6135675923799422,0.008393799645044497,0.0718898832380761,14.190941819628563,-1.6135675923799422
7,10295832,i,9,-0.355109175019765,0.17999814635846567,0.765558738197287,1.971102080577769,-0.355109175019765
8,10295832,r,10,-0.4205860161616865,0.41471939132709773,0.671671173960563,1.6771855124948343,-0.4205860161616865
9,10295832,u,2,-2.160675395275402,0.02151483808944099,0.02151483808944077,3.377198618111189,-2.160675395275402
10,1032484,g,4,-0.6574761457875463,0.024061248252404577,0.051833365518225816,1.6336872469584551,-0.6574761457875463
11,1032484,i,6,-0.3300039592876266,0.03311040497421536,0.05064140959977076,0.5358037872318037,-0.3300039592876266
12,1032484,r,6,-0.4282936241229707,0.090091225698442,0.14364740125869963,1.1844513961002425,-0.4282936241229707
13,10378962,i,8,-0.4179250231883078,0.1624261643916915,0.32896642944176024,1.054264365432871,-0.4179250231883078
14,10378962,r,7,-0.46967575085547664,0.13098538373317437,0.2213012838181989,1.089975585656233,-0.46967575085547664
15,10492487,g,2,-0.887019094228184,0.06432455251978653,0.06432455251978664,1.980301768074294,-0.887019094228184
16,10492487,i,5,-0.9724045180404545,0.2582309104613768,0.6275763828238246,4.871920266263521,-0.9724045180404545
17,10492487,r,5,-1.1072661704417404,0.05664353726656879,0.0837589428338974,7.767642756711693,-1.1072661704417404
18,10501169,i,11,-1.4644838541677287,0.07867964407626493,0.134149637250228,11.366055302142287,-1.4644838541677287
19,10501169,r,10,-1.7014901911869518,0.043476642680426725,0.1296925442294241,10.735025486988455,-1.7014901911869518
20,10501231,g,3,-0.39388069653989977,0.07799263347977314,0.1351668569433262,0.2916025976262037,-0.39388069653989977
21,10501231,i,15,-0.8375974260841247,0.09586129896977491,0.20486685233614366,3.4562646193319235,-0.8375974260841247
22,10501231,r,15,-0.8482123297319749,0.11182648353820579,0.23262488556053207,3.522184084776272,-0.8482123297319749
23,10589173,i,5,-0.498503454591334,0.10928898137689685,0.21773921424570042,1.1484952796907493,-0.498503454591334
24,10589173,r,8,-0.8573234449811807,0.12798731512881922,0.2328909159829865,3.1310557882171697,-0.8573234449811807
25,10623420,g,5,-0.8347278132013258,0.07643427285463344,0.1296589082762103,0.8805139243426187,-0.8347278132013258
26,10623420,i,5,-0.6257221901930208,0.04156264626667272,0.08408820924646221,1.3407735437375645,-0.6257221901930208
27,10623420,r,12,-1.120461717274609,0.1632909918680353,1.2021604486182256,4.421348009815575,-1.120461717274609
28,10705623,i,8,-1.923172223172712,0.2121467976049597,0.4002377522569951,22.352397489431986,-1.923172223172712
29,10705623,r,8,-1.929303663999949,0.12841940033291321,0.2563874327440656,17.819232010283347,-1.929303663999949
30,10726819,i,4,-0.5539955012376234,0.043461135451273336,0.1319346185922291,1.204397850487457,-0.5539955012376234
31,10726819,r,7,-0.7851343375711859,0.13028370697559022,0.15032135908948352,2.8001405659652385,-0.7851343375711859
32,10748376,g,2,-1.0377390922801824,0.14946116539993481,0.14946116539993493,1.9833703142157335,-1.0377390922801824
33,10748376,i,10,-1.4907391869406026,0.1524789363878314,0.19184028260657016,9.381832310463853,-1.4907391869406026
34,10748376,r,10,-1.5655953107456368,0.1430307024841705,0.26584974269239803,8.01421834864664,-1.5655953107456368
35,10783028,g,2,-0.33744412847265837,0.056603416857427646,0.056603416857427646,0.23649243375597842,-0.33744412847265837
36,10783028,i,9,-0.14522911891253004,0.1729633995243868,0.36651118778622566,0.3524915249745465,-0.14522911891253004
37,10783028,r,7,-0.1541259450707766,0.1050265017332539,0.17151641891194513,0.23179851770807486,-0.1541259450707766
38,10784725,g,6,-0.004995516397956257,0.10700951785352586,0.16254488018934804,0.0669938726448556,-0.004995516397956257
39,10784725,i,4,-0.22597221741203055,0.12681463520544234,0.39250092660253005,1.3868090086450693,-0.22597221741203055
40,10784725,r,8,0.5208375405215312,0.187146120721765,0.3076784150771531,1.972192686132947,0.5208375405215312
41,10789011,i,5,-1.3212763817474078,0.10376424678997731,0.19180631936050596,9.28458292456849,-1.3212763817474078
42,10789011,r,5,-1.0388015959505412,0.10602224720322062,0.1799271492832446,6.1133080857561755,-1.0388015959505412
43,10828264,g,2,-0.6887884279957974,0.08213261675772565,0.08213261675772565,0.4695613604053479,-0.6887884279957974
44,10828264,i,10,-0.4349922765433343,0.29407478448865276,0.9441228547512379,1.4743249144663726,-0.4349922765433343
45,10828264,r,8,-0.7627127315584484,0.28392255932941834,0.6473619115959124,1.6261609405512467,-0.7627127315584484
46,10839223,g,3,-0.638952106663962,0.2545523223798031,0.3664369601216599,1.3834344682192974,-0.638952106663962
47,10839223,i,13,-0.20282822714919702,0.053311334716882985,0.0725238838565389,0.35833411114159425,-0.20282822714919702
48,10839223,r,16,-0.3986287801813936,0.15385604906314068,0.3833077678634408,1.461981377078579,-0.3986287801813936
49,10888747,i,3,-1.6670845161391326,0.11642277534866174,0.14397274061592413,16.918856314389604,-1.6670845161391326
50,10888747,r,8,-1.7239041357056628,0.10485354068025388,0.44190737050923845,15.347276877139851,-1.7239041357056628
51,10945069,g,3,-0.5490851761307245,0.024710154938673567,0.15545887958179716,1.294153711337088,-0.5490851761307245
52,10945069,i,6,-0.8101542806480416,0.21871270759892536,0.3475260854817631,3.8135632023326984,-0.8101542806480416
53,10945069,r,3,-0.7727115187198008,0.1050431133053531,0.1341981806928555,3.6320886757418247,-0.7727115187198008
54,10968066,g,3,-0.84365481072155,0.2523588246072883,0.29875625962920804,1.213652946332678,-0.84365481072155
55,10968066,i,8,0.10495972264484543,0.2133866924622236,0.3489242752744637,0.6270710178920688,0.10495972264484543
56,10968066,r,8,-0.09845215661527484,0.17731819538742685,0.3061510538929659,0.3417057822729948,-0.09845215661527484
57,10970880,g,4,-0.6973143716202455,0.020038864301834436,0.028553945930120506,1.7543648712745599,-0.6973143716202455
58,10970880,i,4,-0.43499693114539695,0.16967911095543547,0.2706514645808388,1.0512805817747424,-0.43499693114539695
59,10970880,r,3,-0.5653957693059329,0.0008732762726785248,0.03226052513553612,2.4371246396453845,-0.5653957693059329
60,11050689,i,11,-1.114430484064285,0.08639706296796179,0.16725424826672042,6.4912942294335645,-1.114430484064285
61,11050689,r,9,-1.2352283943302051,0.09327659573537295,0.13167520735640226,6.983719161892796,-1.2352283943302051
62,11080869,g,6,-0.2587641525003441,0.1049685029105909,0.1599785442556172,0.2776204499485036,-0.2587641525003441
63,11080869,i,6,-0.7227699993006245,0.0729511283611235,0.12951581890359587,2.5202193518327576,-0.7227699993006245
64,11080869,r,6,-0.215719351958927,0.06370504820395007,0.10546436456231759,0.26221619634600757,-0.215719351958927
65,11113643,g,2,-0.1736144910824987,0.21458162210229548,0.21458162210229548,0.4261198002854931,-0.1736144910824987
66,11113643,i,4,0.18734870829454314,0.07044228940854144,0.14714508396104548,0.18607288631376726,0.18734870829454314
67,11113643,r,3,0.033384296469255836,0.04474555283989423,0.07932238996484482,0.03845530500252237,0.033384296469255836
68,11113643,u,2,-1.4487116686829762,0.07992720477151383,0.0799272047715136,2.8689013767921634,-1.4487116686829762
69,11117383,g,2,-1.2670916434487363,0.2026823888249013,0.2026823888249012,2.7453023118409168,-1.2670916434487363
70,11117383,i,7,-1.8620854331143946,0.04433481304770526,0.1149785602472031,18.157268941353752,-1.8620854331143946
71,11117383,r,6,-2.064183863722418,0.0654817659119844,0.11202164177527951,23.64614002684179,-2.064183863722418
72,11177818,g,2,-0.34253004037675583,0.39946106012581206,0.3994610601258121,1.0676691131930574,-0.34253004037675583
73,11177818,i,5,0.20617400543292058,0.05718285231665582,0.09071532077939559,0.2937914523172222,0.20617400543292058
74,11177818,r,5,0.19624859636080816,0.34973722696780274,0.541649802720724,0.816199576492423,0.19624859636080816
75,11177818,u,3,-0.23362033267463023,0.10204491596548682,0.26539758745307274,0.16356348927958256,-0.23362033267463023
76,11242871,g,3,-0.6431310439175058,0.18895108181033704,0.23641567795148455,0.9924123968460492,-0.6431310439175058
77,11242871,i,5,-0.9995870004258849,0.028055759613864417,0.0408899430648797,4.019286204245148,-0.9995870004258849
78,11242871,r,10,-1.0846302184591963,0.07691732809155827,0.14404951484405415,7.31716895608275,-1.0846302184591963
79,11248717,g,4,-0.5712225002433269,0.1797244672890434,0.35175897427451913,1.2613801829360924,-0.5712225002433269
80,11248717,i,16,-1.0931487242795717,0.07367245095025277,0.14925563752952153,5.978054061415869,-1.0931487242795717
81,11248717,r,12,-1.0250386607619844,0.14335810099362678,0.2718259660610639,6.260065916349713,-1.0250386607619844
82,11315542,g,2,-1.1121043803505195,0.026651488996793038,0.026651488996793038,1.405118420889448,-1.1121043803505195
83,11315542,i,10,-0.23911124369279674,0.12696084491419918,0.2354584103936624,0.5100187188289443,-0.23911124369279674
84,11315542,r,9,-1.030121176475545,0.09667692197110944,0.18791068961509394,3.647385565790044,-1.030121176475545
85,11334203,i,9,-0.2661461159281277,0.07540741447704241,0.1118625867063015,0.5099521605307576,-0.2661461159281277
86,11334203,r,3,-0.5402130564377341,0.0795758356520565,0.29747047341226773,1.537232615094931,-0.5402130564377341
87,11343675,i,6,-0.5235079725974183,0.06310190141876396,0.1153647225986914,1.5098399990810698,-0.5235079725974183
88,11343675,r,10,-0.7191151644797141,0.1290798608885943,0.23675555356109967,2.982735717524238,-0.7191151644797141
89,1139703,g,2,-1.0773639845392897,0.045127755899187716,0.04512775589918783,1.855880240534531,-1.0773639845392897
90,1139703,i,7,-1.417078595789549,0.10138619876227417,0.14828917076452597,11.009175293690301,-1.417078595789549
91,1139703,r,5,-1.539999946577099,0.013223306538025392,0.062370346567253154,12.063888738113965,-1.539999946577099
92,11407339,g,2,-0.5219725774054051,0.1323451623337517,0.1323451623337517,0.43194201775074786,-0.5219725774054051
93,11407339,i,6,-0.25922615217292255,0.09722392929655743,0.7940095506113272,1.6529771554725177,-0.25922615217292255
94,11407339,r,5,-0.7811612358781082,0.052676718454506055,0.11916201487934064,2.037993425281217,-0.7811612358781082
95,1150412,g,4,-0.6876184268339129,0.04130318051232318,0.07546264665551161,0.8097442872175227,-0.6876184268339129
96,1150412,i,4,-0.2760774870767801,0.16006319590893348,0.2766309744388934,0.906687617179996,-0.2760774870767801
97,1150412,r,7,0.1371969570561936,0.19017922505772644,0.7954108846646604,1.4044144175850484,0.1371969570561936
98,1150412,u,2,-1.952957454479879,0.3418432523209083,0.3418432523209085,2.7181789038870727,-1.952957454479879
99,11543155,g,5,-0.713558401467836,0.029440272461529027,0.0562048393742256,1.9527664576453265,-0.713558401467836
100,11543155,i,4,-0.40250091065704413,0.07486448014786151,0.09083252846257955,0.8006246997970656,-0.40250091065704413
101,11543155,r,6,-0.6606741286606999,0.039217357849603784,0.10062615604417091,2.278828489758746,-0.6606741286606999
102,11610027,i,7,-0.3477834520855667,0.07011900369171098,0.12025474746801895,0.7670649825978237,-0.3477834520855667
103,11610027,r,4,-0.5505706529619113,0.0800381678350025,0.13477285072578948,1.389324601026151,-0.5505706529619113
104,11616487,g,4,-0.6068565279671394,0.10789485362459428,0.1905590502834853,1.331332032574513,-0.6068565279671394
105,11616487,i,7,-0.7391848096394724,0.17006053099013263,0.3378755073942722,2.91714277499824,-0.7391848096394724
106,11616487,r,6,-0.5614516501905717,0.02767091369437108,0.04891144993030572,1.8538381406781008,-0.5614516501905717
107,11616487,u,2,0.2726981075988283,0.12425930014786235,0.12425930014786235,0.13281476919036148,0.2726981075988283
108,11635121,g,5,-0.956111304039716,0.06755865679110395,0.3656755661648481,1.5780462475043229,-0.956111304039716
109,11635121,i,10,-0.11805366801927597,0.24281263528909308,0.442335728655745,0.3087314621123999,-0.11805366801927597
110,11635121,r,16,-0.3996957044663034,0.10831856426122594,0.1875629880429544,0.8541763256999819,-0.3996957044663034
111,11643781,g,6,-0.5961961132660142,0.04912938738613948,0.24283812859437626,0.7016000437539577,-0.5961961132660142
112,11643781,i,9,-0.34110412203535556,0.2695193330540502,0.5304685087159874,0.888427390975787,-0.34110412203535556
113,11643781,r,9,-0.2895976504159184,0.054655115927663644,0.08514127379623737,0.7388258951574636,-0.2895976504159184
114,11653135,i,3,0.14681699924304137,0.09098994223680673,0.15622698895958068,0.15252539599563877,0.14681699924304137
115,11653135,r,7,-0.023445273578593606,0.3495912621340098,0.47566236870938916,1.537271905989987,-0.023445273578593606
116,11653135,u,2,-1.861685685352245,0.025961868317472048,0.02596186831747227,2.714197657255008,-1.861685685352245
117,11670339,i,7,-0.8569832391635525,0.07426626130343317,0.1938043374132321,3.6991743687216485,-0.8569832391635525
118,11670339,r,4,-0.9619670238510407,0.03659365769323203,0.08771516514025757,5.620921191247072,-0.9619670238510407
119,11857593,g,4,-0.6864026473398116,0.014844537598957486,0.03066078417781848,1.9932673662435705,-0.6864026473398116
120,11857593,i,16,-0.6751860703153437,0.0812918203028895,0.15178732110267457,2.144554166398409,-0.6751860703153437
121,11857593,r,17,-0.6773765029865462,0.02490737865278203,0.03780552202685172,1.7202179599419296,-0.6773765029865462
122,11870189,g,2,-1.0324918413016608,0.13800298489903873,0.13800298489903862,1.0833102327409259,-1.0324918413016608
123,11870189,i,3,0.4723718135802901,0.3378309324708399,0.4446110152632934,2.173824736683907,0.4723718135802901
124,11870189,r,5,-0.9822711774494484,0.18002480304919288,0.5724929175558435,2.384566067302919,-0.9822711774494484
125,11893171,g,3,-0.7051894835872221,0.010484004818317016,0.019800338981239896,2.262481236258498,-0.7051894835872221
126,11893171,i,5,-0.5253321288809245,0.029033277240395394,0.05347650185456143,1.2470763657926753,-0.5253321288809245
127,11893171,r,5,-0.560132536399637,0.03959556928115315,0.05528024994378922,1.9805859489411666,-0.560132536399637
128,11896966,g,3,-0.8906823652732674,0.035552205956497884,0.04339357973956537,2.42802546052005,-0.8906823652732674
129,11896966,i,2,-0.9259045987740131,0.03466694297466838,0.034666942974668324,5.018385379728868,-0.9259045987740131
130,11896966,r,9,-1.1086948033433741,0.08410695238172372,0.16944603004554493,6.562056403961524,-1.1086948033433741
131,11905259,g,2,-0.8034191945396638,0.0660400390625,0.0660400390625,1.7203408395386384,-0.8034191945396638
132,11905259,i,5,-0.4795436723966896,0.06949756278874453,0.1325790495026431,1.66231067936411,-0.4795436723966896
133,11905259,r,7,-0.8258406199205156,0.1570594703892848,0.21686582996201464,5.341879449098309,-0.8258406199205156
134,12013313,g,2,-0.5675075073702724,0.08878258813813034,0.08878258813813034,1.0629465618112448,-0.5675075073702724
135,12013313,i,10,-0.56623898801278,0.15043310766584198,0.2704679527299566,2.0642150830936155,-0.56623898801278
136,12013313,r,14,-0.8216118258932263,0.15737159185589605,0.3159438391436846,2.2732773938325237,-0.8216118258932263
137,12083016,g,3,-0.6592189521165173,0.006600241755921443,0.13324509402686646,1.603625404253725,-0.6592189521165173
138,12083016,i,8,-0.2525668378711165,0.11919983951673967,0.20675575543007624,0.6715155979519503,-0.2525668378711165
139,12083016,r,7,-0.340979291801343,0.11471051470576155,0.20438219786324824,0.9469090400042413,-0.340979291801343
140,12083016,u,5,-0.19950927954987785,0.016192658891725387,0.022432897085358006,0.10144623857274697,-0.19950927954987785
141,12099750,i,6,-0.22652391003252112,0.05383134739143865,0.10116964956865032,0.4200403969048696,-0.22652391003252112
142,12099750,r,4,-0.47025636110940106,0.03414084358564512,0.05341023873261663,1.5821585985000053,-0.47025636110940106
143,12142893,g,2,-1.3863094644106764,0.16944845165047173,0.16944845165047173,3.217488175508198,-1.3863094644106764
144,12142893,i,8,-1.2639452822466501,0.06143188051937509,0.11433758147062578,7.979192261596197,-1.2639452822466501
145,12142893,r,10,-1.4587731281789957,0.15105596702849766,0.22932256803980966,8.842348361601227,-1.4587731281789957
146,1214501,g,2,-0.7845407824150191,0.051373290368524116,0.051373290368524005,2.225696922849081,-0.7845407824150191
147,1214501,i,6,-0.5444483245918459,0.23145786097358279,0.3638478338116471,1.6149504048841534,-0.5444483245918459
148,1214501,r,6,-0.9654597673345748,0.02488682073275328,0.09140318780188328,4.789499368362375,-0.9654597673345748
149,12253368,g,3,-1.5416480393533183,0.020694735097636086,0.0557236039653326,3.54321359766619,-1.5416480393533183
150,12253368,i,2,-0.6160717864825156,0.08009839273725627,0.08009839273725627,2.2662740355576187,-0.6160717864825156
151,12253368,r,7,-1.1734779132510613,0.05342841323095571,0.10808745814975618,6.063717103722892,-1.1734779132510613
152,12288853,g,3,-0.40253492446359784,0.02030975500540455,0.04850793310324619,0.35602117309401377,-0.40253492446359784
153,12288853,i,9,-0.4038769987602683,0.040345382602478996,0.09881393007009598,1.3034336480226811,-0.4038769987602683
154,12288853,r,6,-0.495433890048396,0.04584407114211708,0.07219880026925324,1.0689307685297427,-0.495433890048396
155,12332854,g,3,-0.9762621157012372,0.022610014827374014,0.04462946296670178,2.2713175256103377,-0.9762621157012372
156,12332854,i,5,-0.7288189481859101,0.13216963348590982,0.16502862206038127,3.231723298652605,-0.7288189481859101
157,12332854,r,8,-0.8635762893524549,0.09050085735801783,0.1798344159552503,4.298524827332559,-0.8635762893524549
158,123573,g,2,-1.388377909873667,0.02854106813069146,0.02854106813069146,3.7278139694664763,-1.388377909873667
159,123573,i,9,-1.5377316705520525,0.08520844147285511,0.3962532508485903,14.322773048143107,-1.5377316705520525
160,123573,r,7,-1.4669658351547175,0.168706174545191,0.29633222207800003,11.665901491010468,-1.4669658351547175
161,12449240,i,7,-1.3319989432896582,0.06949424657633485,0.156244016979465,8.733537699371828,-1.3319989432896582
162,12449240,r,3,-1.6074698181182896,0.02982277899238439,0.06086451920229741,14.692109437158782,-1.6074698181182896
163,12475497,g,5,-0.5987281124354321,0.11317740261288278,0.15053697792221643,1.2109105576448784,-0.5987281124354321
164,12475497,i,13,-0.7055369019847635,0.11922127697495366,0.28230645438204927,3.056375759470522,-0.7055369019847635
165,12475497,r,16,-0.6218780391334274,0.027126015429720818,0.059048989031067034,1.7844225294282972,-0.6218780391334274
166,12519050,i,6,-1.191133183037734,0.05330180614314206,0.2666575053546174,5.964750427323307,-1.191133183037734
167,12519050,r,9,-1.2974733186302279,0.10160512156254642,0.17617352921679497,6.860265539896222,-1.2974733186302279
168,12581455,g,3,-0.44712175001297805,0.08272442161308913,0.12240756784990592,0.3235277055338542,-0.44712175001297805
169,12581455,i,8,-0.4184301831243516,0.03353247853175073,0.09996739538301935,0.8824351027376747,-0.4184301831243516
170,12581455,r,6,-0.6009263437147752,0.11164767515823681,0.20137946884260727,1.7619412135237147,-0.6009263437147752
171,12611617,g,2,-0.9315266828496204,0.23368323250785894,0.23368323250785905,2.014016573447254,-0.9315266828496204
172,12611617,i,4,-0.919693759719143,0.047788989351705,0.1206140310067706,3.669735875429868,-0.919693759719143
173,12611617,r,6,-1.2210170456394303,0.10071709007679919,0.17719387160325972,5.565386207887696,-1.2210170456394303
174,12716500,g,2,-0.6769120645979891,0.13129072573937361,0.13129072573937361,0.7209696044957319,-0.6769120645979891
175,12716500,i,7,-0.5440719862857295,0.05806931495949075,0.3032644960134846,1.9797950427054796,-0.5440719862857295
176,12716500,r,6,-0.7142159713722587,0.033556075791929985,0.05885673978886741,3.1748546936112603,-0.7142159713722587
177,12738282,i,7,-0.25418915743006465,0.11092132389831055,0.1736591215137066,0.4800994831380344,-0.25418915743006465
178,12738282,r,9,-0.5129625277184022,0.06297739741338271,0.11117422283861167,1.6124299545921645,-0.5129625277184022
179,12830954,g,4,-0.7558706776623075,0.03898716489747278,0.060726004591049265,1.494711348233623,-0.7558706776623075
180,12830954,i,10,-0.7112521648392479,0.059843645058984485,0.10427605990167599,2.6783226578755426,-0.7112521648392479
181,12830954,r,11,-0.9457376505541216,0.04374523866182167,0.0757166322429581,4.644933246910136,-0.9457376505541216
182,12849874,g,4,-0.0844960807756806,0.06623146102554023,0.10903697771733159,0.09226894534238361,-0.0844960807756806
183,12849874,i,4,0.013799338850889464,0.26970675722793663,0.5315547605540248,0.4074566220007666,0.013799338850889464
184,12849874,r,6,0.5391863115633835,0.25337024449112616,0.510672036922669,2.0973625313826076,0.5391863115633835
185,12870340,g,7,-0.3789205012640773,0.25206111516982044,0.45781936799856304,0.6192329539724684,-0.3789205012640773
186,12870340,i,4,0.18238732066047858,0.3164002195773488,0.3745918706963437,1.1757061317690052,0.18238732066047858
187,12870340,r,6,-0.2181351739816448,0.138842495899293,0.3199708814909795,0.4678566392405507,-0.2181351739816448
188,12870340,u,5,-1.4903630802210626,0.28181281273258696,0.426672815697839,1.552514972915357,-1.4903630802210626
189,12989151,g,2,-0.8803944217958618,0.0772343022898695,0.0772343022898696,1.2229347009040055,-0.8803944217958618
190,12989151,i,6,-1.2591454105690498,0.05159048509265496,0.08802210421887868,8.59727206288104,-1.2591454105690498
191,12989151,r,5,-1.2461948888044971,0.06883516239090426,0.0907285274998797,7.775124051416995,-1.2461948888044971
192,13068800,g,5,-0.7431551793889026,0.0551623245888917,0.08677101699027823,1.555406237708897,-0.7431551793889026
193,13068800,i,4,-0.2383755653438973,0.012153934503624134,0.025019061504098716,0.24189932122265984,-0.2383755653438973
194,13068800,r,7,-0.5137091044055343,0.07668567785239044,0.12022586417847425,1.176777735092766,-0.5137091044055343
195,13087076,i,11,-1.087232070535276,0.0954843810827457,0.14122211580200528,6.258192065105447,-1.087232070535276
196,13087076,r,10,-1.2007955098339687,0.0724006707845728,0.1346021846551957,7.183646450609318,-1.2007955098339687
197,13104542,i,6,-1.4000658059943933,0.041166305520692226,0.08132013968664875,9.347420836291702,-1.4000658059943933
198,13104542,r,4,-1.251483344579969,0.267547738585879,0.49161655279052596,7.302819196516799,-1.251483344579969
199,13139222,g,5,-1.3799493425536287,0.11026632715364304,0.12435413585522004,2.856343044935007,-1.3799493425536287
200,13139222,i,4,-1.5576635713506362,0.05396478192651455,0.10094445464896062,15.813635596327734,-1.5576635713506362
201,13139222,r,7,-1.6413342685101897,0.041260083323060304,0.11531842295624051,14.163370261681964,-1.6413342685101897
202,13148187,i,9,-1.470285199373727,0.11741173497100288,0.16230532799389152,11.159982416775916,-1.470285199373727
203,13148187,r,6,-1.5386970047274215,0.05703617849146614,0.10373210810571831,12.075508641169122,-1.5386970047274215
204,13168942,g,3,-0.9212853399160084,0.005559133352460499,0.0404864775689322,1.9282168754288869,-0.9212853399160084
205,13168942,i,14,-0.4226682477017784,0.08678256873240303,0.11762813772371933,1.2836899038602847,-0.4226682477017784
206,13168942,r,14,-0.7528441179723734,0.0719775743824781,0.15930206347282205,3.6664257870436288,-0.7528441179723734
207,13288264,i,7,-0.655403109487735,0.2327856020343373,0.37620186730495986,2.3667620428476455,-0.655403109487735
208,13288264,r,6,-0.6180914592581628,0.050456470817910104,0.09791543717484252,2.4824173936183755,-0.6180914592581628
209,13335693,g,3,-0.17961772589649438,0.0821741629450321,0.1252623698886306,0.15178182412540123,-0.17961772589649438
210,13335693,i,8,0.0781483726260554,0.20324023730723445,0.4067054716501952,0.6955644617200339,0.0781483726260554
211,13335693,r,7,0.39719794100920147,0.1145571159614669,0.40498320167289836,1.1722585526287934,0.39719794100920147
212,13350158,g,6,-0.4494798803083726,0.038341993035337696,0.21077604346564732,0.6241229886032965,-0.4494798803083726
213,13350158,i,17,-0.20148694846823134,0.11110568409619567,0.1862347241560417,0.47299647841965586,-0.20148694846823134
214,13350158,r,17,-0.6253736672574985,0.18952197938886362,0.3408555816146782,2.626884930398114,-0.6253736672574985
215,13379322,i,7,-2.6418476569700275,0.10593794056869488,0.22288670530444232,39.190580546898424,-2.6418476569700275
216,13379322,r,6,-2.4012315417720784,0.04178587456308791,0.070965682313048,32.10611359252186,-2.4012315417720784
217,13416933,i,11,-1.3640965081600358,0.09426688395499871,0.16224160586463565,9.610256076097807,-1.3640965081600358
218,13416933,r,9,-1.3335222034865373,0.09192324708740496,0.26769549972121576,7.356419710732204,-1.3335222034865373
219,13488829,g,2,-0.5906941194263368,0.09978197670205902,0.09978197670205913,1.002403796902665,-0.5906941194263368
220,13488829,i,11,0.014085335455540915,0.28819056514903607,1.0039178853330277,2.6408044961188377,0.014085335455540915
221,13488829,r,9,0.3506709037456307,0.7999740547616258,1.482961653053863,3.6365327525919935,0.3506709037456307
222,13548666,g,4,-0.7295831323913688,0.08350730183922328,0.1863338171836566,0.7973776590677023,-0.7295831323913688
223,13548666,i,8,0.14936279658786938,0.16169869490387073,0.32478748946511954,0.2639689010572982,0.14936279658786938
224,13548666,r,7,-0.5350977350877609,0.07416141547562305,0.28665002189839733,1.1132367424558585,-0.5350977350877609
225,13571856,g,4,-0.42374433746737683,0.18896408018347188,0.37653487304448446,0.5691141882905778,-0.42374433746737683
226,13571856,i,11,-0.25502018787221215,0.07858502720043836,0.14473439874654054,0.6134851843968965,-0.25502018787221215
227,13571856,r,11,-0.41628404478504305,0.18391398230895878,0.33146610158323875,1.3789461686968592,-0.41628404478504305
228,13581011,g,2,-1.3602613008596824,0.1036386131067043,0.10363861310670441,4.239500816930102,-1.3602613008596824
229,13581011,i,7,-1.3041647222199626,0.03784186163065195,0.10378777721367971,10.950115834361588,-1.3041647222199626
230,13581011,r,3,-1.391228047006893,0.007931732727092689,0.07584491054067977,8.067676034367263,-1.391228047006893
231,1362652,g,6,-0.6645720062904551,0.10652164447746942,0.2311350939016492,1.2854013151169716,-0.6645720062904551
232,1362652,i,10,-0.9458200896177318,0.19409926985329573,0.34723705337931343,4.91101114552292,-0.9458200896177318
233,1362652,r,10,-0.896120694245735,0.13872354876646398,0.27316882677551935,4.823565586842127,-0.896120694245735
234,13649273,i,7,-2.3612711033095146,0.027049466678977563,0.08510626950995981,33.498727642377915,-2.3612711033095146
235,13649273,r,4,-2.2112122145764244,0.04967288088913557,0.0693683695360976,24.71330702305163,-2.2112122145764244
236,13663470,g,2,-1.1601160921063454,0.3055222219719836,0.30552222197198353,4.27410486343054,-1.1601160921063454
237,13663470,i,12,-1.1196167133314008,0.19650738023261466,0.3909406291749491,6.898255142244511,-1.1196167133314008
238,13663470,r,13,-0.9997912623326242,0.1793428924490721,0.28925841371259253,5.981242562473648,-0.9997912623326242
239,13670634,i,9,-1.980534655962391,0.07254899127646874,0.11812255466636956,23.969384701287122,-1.980534655962391
240,13670634,r,8,-2.012493387695681,0.0597376817481281,0.11031378327349373,17.44493112795024,-2.012493387695681
241,13782606,i,7,-1.4298735022556217,0.030684261201039176,0.3395412911376461,9.267521823597306,-1.4298735022556217
242,13782606,r,4,-1.3430642483964887,0.010786202963761093,0.02002414068908731,13.14099010210954,-1.3430642483964887
243,13823386,g,3,-0.3348698632241487,0.014555357685165915,0.2213692310598981,0.8406461342155431,-0.3348698632241487
244,13823386,r,4,0.23293532293731167,0.06623281537188364,0.11696220181862793,0.195212329162362,0.23293532293731167
245,13823386,u,4,-0.5315142292818398,0.30447994615909235,0.7129024125729108,0.6979032233012858,-0.5315142292818398
246,13841975,i,7,-0.9217673914993726,0.05718839520180341,0.12805172844499735,6.075776768511885,-0.9217673914993726
247,13841975,r,6,-1.152484380866428,0.07068508931934891,0.11206026906367139,6.633464708561832,-1.152484380866428
248,13910776,g,2,-0.8162453790660809,0.12048132777992882,0.12048132777992882,2.8003064455540128,-0.8162453790660809
249,13910776,i,7,-0.3586137306714541,0.10321249595013082,0.19947229778592437,0.5914595746366302,-0.3586137306714541
250,13910776,r,9,-0.40652286299249,0.04766346598817134,0.09063726898090352,0.7867879213045393,-0.40652286299249
251,13928616,g,5,-0.7020326787753899,0.059192224302181184,0.10502150595349558,1.1966535751557597,-0.7020326787753899
252,13928616,i,7,-0.12208132482704315,0.14582413225919877,0.5970495408391174,1.1204010785293317,-0.12208132482704315
253,13928616,r,4,0.17906689713083448,0.31782179065244165,0.6490693342151408,1.1852480811715438,0.17906689713083448
254,14108239,i,6,-1.3217483211905667,0.04430138909700676,0.11326707636229405,10.707079233642842,-1.3217483211905667
255,14108239,r,7,-1.4533273779456972,0.05312852349232533,0.10923892032278038,10.361880873709215,-1.4533273779456972
256,1413893,i,5,-2.2971353801474677,0.07301460842314533,0.13062496755435893,31.49690498712902,-2.2971353801474677
257,1413893,r,9,-2.2459264165049713,0.043706357621497105,0.07560668502384127,20.01993967734737,-2.2459264165049713
258,14200080,g,4,-0.9681905880580777,0.13865446231257772,0.20736157989356352,2.624298403742342,-0.9681905880580777
259,14200080,i,7,-1.0057873273929097,0.04222216358708841,0.10868212726222104,5.657869862848007,-1.0057873273929097
260,14200080,r,4,-1.223475835964347,0.0685823883093466,0.12086001797900936,9.478698312466843,-1.223475835964347
261,14289090,g,4,-0.4462601568607173,0.07636876093173184,0.16521337054699697,0.6421546326288666,-0.4462601568607173
262,14289090,i,12,-0.22354842397597174,0.05712465858171693,0.09994936678474672,0.3333663891674082,-0.22354842397597174
263,14289090,r,6,-0.254183670536705,0.05361606926368906,0.08082869324350972,0.40166632171165223,-0.254183670536705
264,14291683,i,10,-0.9128339706690773,0.11923243963780672,0.1969662251253126,4.613528629226961,-0.9128339706690773
265,14291683,r,10,-1.3240272106975044,0.07647350066848535,0.17691393396218102,8.976691258501184,-1.3240272106975044
266,14312710,g,4,-0.7393275854436533,0.04123394890292731,0.16693095353642196,1.1366814622660295,-0.7393275854436533
267,14312710,i,10,-0.5697182308818882,0.06119235905577253,0.2545051915533423,2.5385088726852283,-0.5697182308818882
268,14312710,r,12,-0.7863402051635041,0.03339073988050156,0.1584819603341765,4.340457594179152,-0.7863402051635041
269,14397172,g,5,-0.14510685470109186,0.1408712898322051,0.2036468967593026,0.16662384419307355,-0.14510685470109186
270,14397172,i,8,0.4128524040400161,0.4471229169302786,0.6901652311982894,1.8286710883299413,0.4128524040400161
271,14397172,r,8,-0.08018174509727527,0.3704014846494914,0.9663950628168837,1.648721981367652,-0.08018174509727527
272,14397172,u,2,-0.012265238001508028,0.27562333500683245,0.27562333500683245,0.06352676262809526,-0.012265238001508028
273,14447099,i,10,-0.28992318290540026,0.12777423197875212,0.22477358030046207,0.4338924642413309,-0.28992318290540026
274,14447099,r,8,-0.3473718739809307,0.042125424235942566,0.07920259805006769,0.4707644351328431,-0.3473718739809307
275,14461342,g,3,-1.1865188791708965,0.1854752986151933,0.1897852450910329,1.5849182850330836,-1.1865188791708965
276,14461342,i,9,0.2933464824990204,0.13015358737260818,0.3205739217460677,0.6453678723324159,0.2933464824990204
277,14461342,r,8,-0.6137116057239806,0.31479120788406856,0.5862239374648296,1.5331378199045722,-0.6137116057239806
278,14461342,u,3,-2.764512451431684,0.020112646160663328,0.020675691210337632,4.849604390733242,-2.764512451431684
279,14487140,g,3,-0.5164265063919116,0.001077973471609095,0.08692661496126841,0.8981437967519222,-0.5164265063919116
280,14487140,i,8,-0.5797934503251195,0.06644236395529979,0.1759015824721346,1.8605952762201499,-0.5797934503251195
281,14487140,r,10,-0.8362277050779698,0.049722349385556086,0.12739080875474817,4.261797814988904,-0.8362277050779698
282,14491955,i,3,0.04459862413457866,0.030070167000366882,0.0953301035047548,0.07701146851798835,0.04459862413457866
283,14491955,r,9,-0.3228663112478524,0.05071022064587255,0.2761155074918434,0.549773140213133,-0.3228663112478524
284,14506336,g,3,-0.8961584652133703,0.014416333883065846,0.040088559593217,2.0388201787473603,-0.8961584652133703
285,14506336,i,10,-1.0321337210004977,0.12292848191832606,0.2382937199586912,5.767486347767304,-1.0321337210004977
286,14506336,r,14,-1.3173849892383895,0.030525388340304938,0.1066493075557704,9.72596270266743,-1.3173849892383895
287,14510980,g,3,-0.5521471674152725,0.0019051937715746092,0.21166197322499625,1.0959949559727826,-0.5521471674152725
288,14510980,i,6,-0.029349096049387985,0.32610075544869455,0.5070924945419157,0.5493048974780504,-0.029349096049387985
289,14510980,r,7,0.019623500176435854,0.28555179560805777,0.496016479355179,0.29245697536892573,0.019623500176435854
290,14510980,u,4,-1.3323188329062663,0.12759112979020382,0.5067699073877399,1.9304164279191462,-1.3323188329062663
291,14523973,g,4,-0.7378901870753865,0.256856296268982,0.5352877536239274,1.5911968657455664,-0.7378901870753865
292,14523973,i,8,-1.0928441316155055,0.06912766277557647,0.1812569664490249,6.881653155818402,-1.0928441316155055
293,14523973,r,10,-1.1381288465805932,0.11096929361593932,0.23492528549185554,8.757880670092149,-1.1381288465805932
294,1459762,g,4,-0.3226385995821265,0.10470554100238871,0.23647241973618127,0.21122763333207195,-0.3226385995821265
295,1459762,i,6,-0.23455147411884592,0.2708277377214444,0.5275768622944008,1.1211099917555514,-0.23455147411884592
296,1459762,r,7,-0.28822042262224845,0.21787685044380756,0.25279847499607555,0.36408702816651406,-0.28822042262224845
297,14673835,g,4,-0.2863728099437905,0.19415515483359508,0.4196943966262099,0.6907526308217871,-0.2863728099437905
298,14673835,i,7,-0.7793365138691758,0.08210886847466337,0.1611253450967277,3.3804104269939876,-0.7793365138691758
299,14673835,r,14,-0.6196113500184359,0.17346797945757214,0.3561370305339553,2.376799682154481,-0.6196113500184359
300,14676873,i,6,-1.8892600162048971,0.06300114865379547,0.09697343060365538,15.939276519275403,-1.8892600162048971
301,14676873,r,7,-2.0474711486283446,0.033614837276400245,0.08332849542855891,13.509675695323184,-2.0474711486283446
302,14679069,i,7,-0.2768586058958642,0.06315637683690531,0.09299963208029466,0.4278553997225921,-0.2768586058958642
303,14679069,r,6,-0.2658435246556315,0.05251403425311102,0.08475825944792864,0.4074282106936937,-0.2658435246556315
304,14709682,i,6,-0.957729119044936,0.12484947752864489,0.214839949986115,3.6735603405770747,-0.957729119044936
305,14709682,r,7,-1.1891646806674174,0.10648727852928941,0.22793251365835832,4.934054245568626,-1.1891646806674174
306,14728853,i,9,-0.5839632599062082,0.2079433621183514,0.40569050280505736,1.8205897547871241,-0.5839632599062082
307,14728853,r,4,-1.0449461191341114,0.021220993774220043,0.042450340399670106,7.013252167774892,-1.0449461191341114
308,14729542,i,9,-1.707914368162116,0.09525474790615385,0.15912050417251877,16.670619554128766,-1.707914368162116
309,14729542,r,4,-1.7509681737427978,0.026356845575549737,0.12617134386022122,12.736742667233436,-1.7509681737427978
310,1473267,i,4,-0.5543785953085185,0.04926860590722737,0.08748320014457645,1.3046151964416293,-0.5543785953085185
311,1473267,r,6,-0.5331953715923419,0.10224662889273028,0.22810635402120977,1.2709008771284713,-0.5331953715923419
312,14765775,i,7,-0.2684515124785899,0.1300346183960563,0.1917145342419279,0.5884149074552069,-0.2684515124785899
313,14765775,r,7,-0.33157707676529036,0.27028131608708683,0.3813844340820212,1.059983343524653,-0.33157707676529036
314,14833666,g,3,-0.8991711103487383,0.09066411444084033,0.37668596249540676,1.4151008046190867,-0.8991711103487383
315,14833666,i,5,-0.8580014721544835,0.023950372931171193,0.03518168841048164,4.173650982008694,-0.8580014721544835
316,14833666,r,9,-1.107638455522338,0.06591970662661573,0.20417401349110098,6.406492513802448,-1.107638455522338
317,14846730,i,5,-0.7382699631634676,0.011080945008783427,0.02142736136553436,2.1065503562225665,-0.7382699631634676
318,14846730,r,7,-1.0676179292182826,0.10676291699901919,0.17330167963207144,5.204206635489165,-1.0676179292182826
319,14915954,g,3,-0.6939156031139423,0.01798206874614483,0.05975333830553442,1.8920453394244936,-0.6939156031139423
320,14915954,i,3,-0.43260787370405046,0.0069714430933076055,0.11731133858121356,1.3242483478512792,-0.43260787370405046
321,14915954,r,5,-0.5764995265678255,0.09376779348662123,0.09913388683664748,1.2384684962702626,-0.5764995265678255
322,14915954,u,2,0.1132296168093071,0.033793144507128114,0.033793144507128114,0.013974080250372651,0.1132296168093071
323,1494648,i,6,-0.7158995916191587,0.01668342339748674,0.02590425771196614,3.183350807055321,-0.7158995916191587
324,1494648,r,9,-1.006441694244209,0.1470049030020344,0.25340673831870486,6.501426515780433,-1.006441694244209
325,14950095,g,2,-0.3575876236730997,0.07290873724281233,0.07290873724281233,0.27781192328414045,-0.3575876236730997
326,14950095,i,6,-0.1393865614819691,0.12080694591983732,0.18240094777951463,0.5522661437048216,-0.1393865614819691
327,14950095,r,4,0.15869217156517035,0.07353504915720765,0.34250567200499027,0.5998987173769257,0.15869217156517035
328,14954196,i,3,-0.33100765242282953,0.12303598815673761,0.27393017799607056,0.42739455346727445,-0.33100765242282953
329,14954196,r,6,0.003071584204894229,0.07865434711419121,0.12856448538557924,0.2072510397759039,0.003071584204894229
330,14969348,i,8,-0.9702602774351863,0.07255897979745307,0.15713470422953468,5.013975450475928,-0.9702602774351863
331,14969348,r,5,-1.0647623600039646,0.12233451431281939,0.22566409843541924,6.74178495837936,-1.0647623600039646
332,14999752,g,2,-1.1218953667563245,0.03460742852391907,0.03460742852391929,2.4302147913188366,-1.1218953667563245
333,14999752,i,4,-1.367721610575635,0.1291180461542516,0.1868544822855016,8.272044923197345,-1.367721610575635
334,14999752,r,5,-1.4758547324174065,0.11394045119133844,0.1795662014671462,10.13567572270251,-1.4758547324174065
335,15075023,g,2,-0.13878833879570196,0.47051931974668826,0.47051931974668826,0.5300521189223074,-0.13878833879570196
336,15075023,i,8,0.4181292644710143,0.4786070892285554,0.9272609168961236,2.5611078333283084,0.4181292644710143
337,15075023,r,6,0.3245199626950217,0.3133080082299692,0.6589767143995828,1.5721051958994898,0.3245199626950217
338,15081858,g,5,0.07947687525524039,0.07797715158732288,0.09290460184862126,0.08425056105483361,0.07947687525524039
339,15081858,i,7,0.06160495443766323,0.3655015947218022,0.9995437086583052,2.371396628849499,0.06160495443766323
340,15081858,r,9,0.49867048253223745,0.48747980753178954,1.0387946492010842,2.049561062941672,0.49867048253223745
341,1509092,g,4,-1.0100113328402678,0.15314304540503676,0.25839930877975714,3.772774937337669,-1.0100113328402678
342,1509092,i,11,0.02768545433615415,0.14140112299001473,0.33038059966321,0.4437042188058648,0.02768545433615415
343,1509092,r,13,-0.2248140986536462,0.30026016742304484,0.42036560291495345,1.2854769960574663,-0.2248140986536462
344,15213793,i,6,-1.6553876990909755,0.09936207842552347,0.1681311713076128,13.292048713422789,-1.6553876990909755
345,15213793,r,5,-1.5480015118305144,0.12120893592095183,0.19342159088360367,12.338832310914466,-1.5480015118305144
346,15259594,g,3,0.3005349786451572,0.03522244449825673,0.37871061223551317,0.19938320708912927,0.3005349786451572
347,15259594,i,9,1.093181822935587,0.10571585269758432,0.39806037317547527,5.36121802979282,1.093181822935587
348,15259594,r,10,-0.22020009599672163,0.24813058121609055,0.7746377379265437,1.028326127741384,-0.22020009599672163
349,15306644,g,6,-0.708133697788842,0.1461891718753071,0.24008206932165055,1.0833767488241561,-0.708133697788842
350,15306644,i,6,-1.7885120700101176,0.0884973385356429,0.15314542606858272,18.3677025566287,-1.7885120700101176
351,15306644,r,10,-1.6926419325630147,0.028065686228971765,0.051403985681308884,18.471867546772792,-1.6926419325630147
352,15332289,i,15,-0.8497989883311399,0.06856485661213085,0.12310947596854149,4.004551330224428,-0.8497989883311399
353,15332289,r,16,-0.9724081721499511,0.03607020848209319,0.06780831057019543,4.321313373553468,-0.9724081721499511
354,15364909,g,2,-0.5899205436678514,0.20668921159376197,0.20668921159376197,0.7433963962284014,-0.5899205436678514
355,15364909,i,7,0.12421108600084962,0.5397828403727548,0.9828479658876077,1.6288182735396621,0.12421108600084962
356,15364909,r,9,-0.6905366479780648,0.47067074502028095,0.8681066261530022,2.3734179296196154,-0.6905366479780648
357,1537502,i,7,-1.2254199030593753,0.19782340199096726,0.3379412869468419,6.02403117496505,-1.2254199030593753
358,1537502,r,5,-1.4587687744533673,0.060653697156277,0.10582271952960354,7.364932139216847,-1.4587687744533673
359,15419206,i,8,-0.5269728201665143,0.086553418329394,0.25927033270714916,1.3250871690013106,-0.5269728201665143
360,15419206,r,9,-0.6726741495753572,0.11235421833744264,0.21995227532850548,2.7107034852594283,-0.6726741495753572
361,15438310,g,2,-0.6687871225351427,0.06612330180749715,0.06612330180749715,0.46951724407974604,-0.6687871225351427
362,15438310,i,6,0.3212243286937411,0.09662819862478811,0.16687722877976943,1.6646766301229914,0.3212243286937411
363,15438310,r,3,0.3413296569999258,0.1915425653803824,0.491961680460022,1.0074088593095383,0.3413296569999258
364,15483917,g,3,-0.5250375243294334,0.03548260920558377,0.34168511904403354,0.3443573778355102,-0.5250375243294334
365,15483917,i,7,0.302412947902267,0.32319903826557794,0.37662461873270076,0.6273087978549304,0.302412947902267
366,15483917,r,8,-0.5380903097045054,0.0959041775911359,0.2648063490315533,1.2506829224383744,-0.5380903097045054
367,15503815,g,5,-0.9099505284946843,0.20958635545798798,0.23902008462758584,0.9870617341659867,-0.9099505284946843
368,15503815,i,4,0.09611997692475137,0.33671455493128266,0.3592150681232944,1.0776181956772861,0.09611997692475137
369,15503815,r,9,-0.3556109967628991,0.15741569069161288,0.3381509261082656,0.6386243833377281,-0.3556109967628991
370,1551977,i,4,-1.2123043425458266,0.2656611012714468,0.5670344684894464,8.03968104661993,-1.2123043425458266
371,1551977,r,6,-1.4358414980909249,0.09644377555210326,0.19929759702111705,12.56647351761587,-1.4358414980909249
372,15529573,i,7,-0.48167559822731587,0.04760382409634578,0.09702666922152914,1.2747715036101808,-0.48167559822731587
373,15529573,r,8,-0.8008699087265931,0.04705576905103104,0.09456299030573634,3.832692322463674,-0.8008699087265931
374,15553925,i,8,-0.6079772719883001,0.08373351620573233,0.1780978345394303,1.5204212506186419,-0.6079772719883001
375,15553925,r,8,-0.9078493523467354,0.12350780143612194,0.25463226671427375,3.466211348683907,-0.9078493523467354
376,15580036,g,5,-1.0566498910332203,0.018538081932907735,0.41224487092501994,2.329902664230789,-1.0566498910332203
377,15580036,i,12,-1.0409405331123738,0.06435149363719944,0.12466529101867985,5.736524171053962,-1.0409405331123738
378,15580036,r,14,-1.1129140002865143,0.09943391830297177,0.22437497206155177,5.858009524458761,-1.1129140002865143
379,1558842,g,2,-0.5649619759849245,0.2072250603053869,0.2072250603053869,1.0825708779088845,-0.5649619759849245
380,1558842,i,8,-1.2523967093633308,0.21676208577882905,0.4303089855840012,9.31866024979222,-1.2523967093633308
381,1558842,r,6,-1.4031538875302276,0.07527218801551916,0.2058363618411121,10.966111607429331,-1.4031538875302276
382,15614235,g,2,-0.9995695393513908,0.04504944217311513,0.04504944217311513,0.9882052808491033,-0.9995695393513908
383,15614235,i,5,-1.0843641694703372,0.04273217434540322,0.049527866938716913,6.91973417413332,-1.0843641694703372
384,15614235,r,7,-1.3082765736009725,0.1303634428018714,0.1536224544478053,5.010988776262016,-1.3082765736009725
385,15656430,i,7,-0.9850800346726662,0.0784004519192587,0.18795581925576466,5.576028784484417,-0.9850800346726662
386,15656430,r,5,-1.1430102945218645,0.06690952045961573,0.12498354935545519,7.627473189268386,-1.1430102945218645
387,15679255,i,7,-0.6206554934131304,0.20784841599878806,0.35903129088101965,2.0109123560475473,-0.6206554934131304
388,15679255,r,7,-0.7984335696671874,0.1954062506396732,0.2918317600848268,4.4783861459652154,-0.7984335696671874
389,15685883,i,9,-1.871320793119409,0.14019786784908939,0.23629898494600554,19.545628329064872,-1.871320793119409
390,15685883,r,8,-1.8184464445380282,0.10360658561140523,0.20264705950079387,17.33906470907909,-1.8184464445380282
391,15688628,g,2,-0.6371470874626696,0.09225620769980603,0.09225620769980591,0.9576752451080527,-0.6371470874626696
392,15688628,i,6,-0.615824053103749,0.0658123106153739,0.11401554802142144,2.4927666492203913,-0.615824053103749
393,15688628,r,8,-0.5643522177328264,0.1744974792710557,0.2469061229495092,1.822888815533028,-0.5643522177328264
394,15702028,g,3,-0.9716054475964033,0.1078640377000033,0.11028741562225874,2.457405849911416,-0.9716054475964033
395,15702028,i,6,-1.3686621852926883,0.058231945977744615,0.10276100791732534,9.090397634451426,-1.3686621852926883
396,15702028,r,4,-1.3692593897076233,0.032839002378175164,0.09701227074468766,8.592154638282373,-1.3692593897076233
397,15763777,g,2,-0.9337586374728406,0.007095809223033378,0.0070958092230334335,2.5024381270778666,-0.9337586374728406
398,15763777,i,3,-0.5437481851549327,0.15982326756528736,0.187864528184278,1.5905099861089635,-0.5437481851549327
399,15763777,r,7,-0.8929276820188168,0.03157533424737102,0.05818717132110529,4.203622755979647,-0.8929276820188168
400,1581587,g,2,-0.515483356389838,0.14616190360847597,0.14616190360847592,1.1717819352958336,-0.515483356389838
401,1581587,i,9,-0.3542426775994767,0.0840355193212311,0.15664115355350416,0.9818445325104553,-0.3542426775994767
402,1581587,r,15,-0.44878562605604766,0.09593105998098994,0.19291040714707225,0.9975062725030797,-0.44878562605604766
403,15916785,g,3,-0.695493049887077,0.15231955231597638,0.2354634460900329,0.7892449507487602,-0.695493049887077
404,15916785,i,7,-0.05540655968393267,0.20359994794266595,0.2641881894723659,0.6496751228042612,-0.05540655968393267
405,15916785,r,7,-0.5926191811544554,0.09243527650110117,0.1699378943765994,2.151424079053523,-0.5926191811544554
406,15955652,i,5,-1.9468265170462755,0.08940211905218498,0.15032401359750613,19.814118217966413,-1.9468265170462755
407,15955652,r,8,-1.8932923596237572,0.08066506281206942,0.1720920940720343,12.453481239341087,-1.8932923596237572
408,16011927,g,2,-0.5910488115011886,0.12193155152861646,0.12193155152861634,0.8220425064671752,-0.5910488115011886
409,16011927,i,8,-1.2870264746170799,0.13564306963081452,0.32111426269566556,10.029330204522278,-1.2870264746170799
410,16011927,r,10,-1.477585193600528,0.16709341255059418,0.3118007941180263,12.416177856560195,-1.477585193600528
411,16081906,i,6,-1.533472441473807,0.022496851561429887,0.18834476921986876,9.535842504203558,-1.533472441473807
412,16081906,r,8,-1.5788384962848334,0.06884081918955998,0.2331606843515288,7.28332842950573,-1.5788384962848334
413,16100460,g,3,-0.8649286166864358,0.03664477972193669,0.12813642688589466,1.6063484629802023,-0.8649286166864358
414,16100460,i,6,-1.372193313069764,0.07215633893616935,0.134720180577919,9.19585428261817,-1.372193313069764
415,16100460,r,9,-1.4412742736092372,0.06493648187721779,0.11999745994530975,11.202588097207082,-1.4412742736092372
416,16154697,g,2,-0.8006498690909252,0.19391179612998122,0.19391179612998122,1.4525514723440516,-0.8006498690909252
417,16154697,i,5,-0.1547280517588988,0.07582071109179933,0.8219329542649678,1.7896262924206134,-0.1547280517588988
418,16154697,r,7,-0.49848494810854715,0.048160890181351945,0.08934871912568199,2.1598382504583538,-0.49848494810854715
419,16157583,g,3,-0.6354402463077377,0.13575869705072552,0.14381763786035728,1.9549840139400956,-0.6354402463077377
420,16157583,i,5,-0.09321737722051249,0.18752167990109425,0.20898171889197528,0.24514657803874607,-0.09321737722051249
421,16157583,r,6,-0.18949476581822416,0.14505460158615247,0.23409234901700623,0.3314390516997225,-0.18949476581822416
422,16166624,g,3,-0.2928859395913701,0.022981456031428316,0.24365979852811326,0.651587182712657,-0.2928859395913701
423,16166624,i,8,-0.7107837656116871,0.14445469815231898,0.2670347250866638,2.761163739088124,-0.7107837656116871
424,16166624,r,7,-0.6474395995028348,0.07127449913385886,0.22787826451555981,3.4778477346011814,-0.6474395995028348
425,16189737,g,3,-1.0974612551502838,0.04157719148678929,0.10656398568803072,2.01007569690605,-1.0974612551502838
426,16189737,i,4,-1.1046387927685153,0.03505392725861145,0.06739548685209296,7.456657854551056,-1.1046387927685153
427,16189737,r,6,-1.247820850162031,0.06269129535074269,0.13051032879957036,9.679762882105972,-1.247820850162031
428,16195320,g,5,-0.7934006862661453,0.020978874021679417,0.030835794705630137,1.7446651977354342,-0.7934006862661453
429,16195320,i,6,-0.5646018045161736,0.1326602845104375,0.20444077458312793,1.5536786092394923,-0.5646018045161736
430,16195320,r,11,-0.7531365922334801,0.05864060503507362,0.13308490136847095,3.2481104945014994,-0.7531365922334801
431,16205466,i,9,-0.7944395144365044,0.06660998824850406,0.11175864829403992,3.5881853029679323,-0.7944395144365044
432,16205466,r,7,-0.8681769258109624,0.046440452272467514,0.10454350867736328,5.110557855430868,-0.8681769258109624
433,16279811,g,3,-0.9597081695581169,0.07135783911633498,0.2596398071584316,2.555480468826899,-0.9597081695581169
434,16279811,i,11,-0.21653829625674048,0.10586939518568317,0.1950183028598097,0.43692131992816735,-0.21653829625674048
435,16279811,r,8,-0.3857206024238107,0.07567141936497515,0.12885582928862332,0.9571295648745144,-0.3857206024238107
436,16342600,g,5,-0.5863030766648973,0.20156088126341964,0.30712502582336176,1.8741234803656213,-0.5863030766648973
437,16342600,i,8,-0.046302036111377065,0.3642997420620521,0.7182596416358243,0.9421378396848554,-0.046302036111377065
438,16342600,r,8,-0.4557635984509779,0.1971089707413307,0.6962752321501712,1.2975461961475083,-0.4557635984509779
439,16342600,u,6,-0.448065382436452,0.05939368941875145,0.1088967737606521,0.3792137631864037,-0.448065382436452
440,16373402,i,7,-0.3616386056224888,0.0362536711153254,0.06423580596771233,0.6216213350879632,-0.3616386056224888
441,16373402,r,7,-0.5553306095688018,0.1091988039691798,0.1867323657023668,1.5170371467399082,-0.5553306095688018
442,16396743,i,10,-0.16285876744333994,0.09235444873891191,0.24010597233115974,0.1673007434219108,-0.16285876744333994
443,16396743,r,6,-0.8274727329627873,0.0638164988148005,0.2186176851169459,3.070895380909729,-0.8274727329627873
444,16413724,i,7,-0.649515964470536,0.17181902285220263,0.36389320668776226,2.6934689482979364,-0.649515964470536
445,16413724,r,4,-1.2380806647409688,0.1311267710655375,0.18061689202437048,5.178255882988561,-1.2380806647409688
446,16415853,g,5,-0.43978668375152097,0.16611636392483753,0.3642436405983236,0.41661428425675584,-0.43978668375152097
447,16415853,i,10,0.48345698936122555,0.1907891889458922,0.5486519200986144,1.4777258575569083,0.48345698936122555
448,16415853,r,11,0.3254173796382124,0.2873554224871212,0.5896750481827209,1.0468508513866217,0.3254173796382124
449,16420386,i,9,-1.3876610904870321,0.11813251218034981,0.18104407805728906,10.227981678034864,-1.3876610904870321
450,16420386,r,2,-1.0404285016759258,0.04686643287723946,0.04686643287723946,4.906420725597468,-1.0404285016759258
451,16489628,g,3,-0.48098024286317465,0.028564950987222115,0.08786507054946013,0.46802941771157996,-0.48098024286317465
452,16489628,i,6,0.30346289887419836,0.23709561572190901,0.44401353341868843,0.673236219401233,0.30346289887419836
453,16489628,r,9,-0.33651346561040874,0.2657565285794459,0.4940738637872793,0.73896634447001,-0.33651346561040874
454,16516562,g,4,-0.7312210414198275,0.07053810699035712,0.13922558278057862,1.680301146499318,-0.7312210414198275
455,16516562,i,8,-0.6405041298166774,0.052536359763380225,0.08276740257713988,2.1135998474476536,-0.6405041298166774
456,16516562,r,14,-0.7629831891861371,0.054309446543098605,0.13072619629342497,3.7022440653152855,-0.7629831891861371
457,16517449,i,6,-0.5815974468270164,0.08547521719935453,0.14598963497326234,2.19860511407211,-0.5815974468270164
458,16517449,r,5,-0.9752399922496042,0.1614738531259483,0.1835361158255927,4.124092837563977,-0.9752399922496042
459,16546870,g,3,-0.9005712120714479,0.055504813365313765,0.11034200251550119,2.463315278626505,-0.9005712120714479
460,16546870,i,7,-0.3553898508565493,0.032790579237168826,0.06730061465154763,0.9045969736748727,-0.3553898508565493
461,16546870,r,5,-0.5915675896347554,0.07722734613705695,0.23340918230000796,3.048426136380693,-0.5915675896347554
462,16563799,g,3,-1.9622122701673201,0.08932327398436857,0.10310167790156743,7.987846531539389,-1.9622122701673201
463,16563799,i,4,-2.4863486194235556,0.1442399803977894,0.2547360128832965,34.83405794882827,-2.4863486194235556
464,16563799,r,5,-2.3414569495978097,0.05216775230448212,0.14110291406758035,26.380170305871104,-2.3414569495978097
465,16633281,g,3,-0.8260870755812397,0.0491701134128637,0.21019647822593102,1.4602601079726272,-0.8260870755812397
466,16633281,i,2,0.4779362040619166,0.09070379345884841,0.09070379345884844,1.274440159258184,0.4779362040619166
467,16633281,r,6,-0.1052592636708832,0.12879880305129507,0.207428902793525,0.26970169138289246,-0.1052592636708832
468,16708585,g,6,-0.4811001460931341,0.028829682258803335,0.09633942268833418,1.1722177304260113,-0.4811001460931341
469,16708585,i,8,-0.17227317071903525,0.11376661033583796,0.28454716483037823,0.2529407061342476,-0.17227317071903525
470,16708585,r,13,-0.17948283589347455,0.03533668872840587,0.06833453014318461,0.21861987307724376,-0.17948283589347455
471,16748216,i,9,-1.3353469668946976,0.14007611099481587,0.17112718596139342,9.348538487551755,-1.3353469668946976
472,16748216,r,11,-1.3510059499723783,0.10846723313678197,0.20332004209263688,9.13259646806406,-1.3510059499723783
473,16761351,g,5,-0.4449404490993618,0.06066274528178739,0.11689648545790998,0.8759359290893268,-0.4449404490993618
474,16761351,i,6,-1.4227009008698124,0.07710805417151756,0.18838441208756973,11.493800105603988,-1.4227009008698124
475,16761351,r,6,-1.2809132451311354,0.16275518664095712,0.29282761113388034,9.066245903479663,-1.2809132451311354
476,16778873,i,3,-0.4934515630491139,0.008998311511700996,0.04243967268597648,1.0850453749080495,-0.4934515630491139
477,16778873,r,9,-0.6639760219062598,0.05337433188599894,0.09925627322807662,2.4605701855658486,-0.6639760219062598
478,16870041,g,8,-0.30084960677218353,0.13824339558490262,0.233382698745923,0.3728802941360021,-0.30084960677218353
479,16870041,i,10,-0.10019063899606417,0.1802012172522644,0.48236665120420674,0.9764900063978483,-0.10019063899606417
480,16870041,r,19,-0.003186365151017334,0.26836446538892655,0.8464080219860819,1.3034660649960454,-0.003186365151017334
481,16870041,u,2,-0.37432283657231946,0.030361257926207808,0.030361257926207808,0.13261650308421075,-0.37432283657231946
482,1694489,g,2,-0.3803045264835929,0.18803326383936492,0.18803326383936492,0.27881923678532533,-0.3803045264835929
483,1694489,i,8,-0.45706438212471945,0.06750002534667193,0.1454562611995116,0.8733561619015413,-0.45706438212471945
484,1694489,r,6,-0.6650211056388353,0.07761115616879166,0.12282711549966796,2.038651917165151,-0.6650211056388353
485,16978208,i,8,-0.11747589956003324,0.05136265846528548,0.09032459193145477,0.06957208252085074,-0.11747589956003324
486,16978208,r,4,-0.2770163220609001,0.09320289301011925,0.15597798829511872,0.6375237490001671,-0.2770163220609001
487,16990077,i,11,-2.5072783210155545,0.09143947815746634,0.14048754157477195,32.34951239860765,-2.5072783210155545
488,16990077,r,7,-2.4121759522771145,0.10234811091038054,0.14097209789286813,25.968318746110317,-2.4121759522771145
489,17007295,g,2,-0.7838769331234151,0.0032824007858459625,0.0032824007858460735,0.9966847444546962,-0.7838769331234151
490,17007295,i,8,-0.7825952046852009,0.08667779273434684,0.20523609369066298,2.992878696858872,-0.7825952046852009
491,17007295,r,8,-0.7545866471621373,0.06139943257769509,0.09722937158611356,2.228160229502291,-0.7545866471621373
492,17013086,g,2,-0.6210358907353261,0.006031481929405946,0.006031481929406057,1.7191681117443973,-0.6210358907353261
493,17013086,i,9,-0.47405473483756894,0.10022609038772679,0.19872974530806303,1.9488123999960751,-0.47405473483756894
494,17013086,r,7,-0.46258224500182116,0.062295483935494944,0.49114018428248335,3.0996975056342335,-0.46258224500182116
495,17047023,i,5,-0.3710915334614209,0.011196917890566038,0.0636430482470996,0.5417074676488214,-0.3710915334614209
496,17047023,r,5,-0.6058478156196125,0.12748840172935294,0.15435068754317116,1.7172661962950286,-0.6058478156196125
497,17081309,g,2,-0.36313919980043885,0.032023194629306695,0.032023194629306695,0.3980256354620769,-0.36313919980043885
498,17081309,i,4,-0.17561302760790556,0.06814624510933222,0.2135731501720953,0.2119514862639683,-0.17561302760790556
499,17081309,r,4,0.22711412368092992,0.3537100579677827,0.668972359287897,0.6028342027425135,0.22711412368092992
500,17092665,i,5,-0.2057002750868997,0.10428969527869758,0.14441608560683628,0.478338801092934,-0.2057002750868997
501,17092665,r,4,-0.20330058307315513,0.18376680030899367,0.4270726106793956,0.6153763318265869,-0.20330058307315513
502,1716158,g,3,-0.9484290616907516,0.020492273780894132,0.03727533674552874,2.544543016451648,-0.9484290616907516
503,1716158,i,13,-0.8996378773647259,0.1691174202304927,0.36523348051718485,3.69187391871692,-0.8996378773647259
504,1716158,r,8,-1.0345591614454137,0.14219256549935017,0.31335913293821627,4.00483733517202,-1.0345591614454137
505,17176973,g,2,-1.033766246728605,0.16523701484985265,0.16523701484985254,3.143613146639166,-1.033766246728605
506,17176973,i,4,-0.04542694211578585,0.16904699904999274,0.30113431613796626,0.25819856890795134,-0.04542694211578585
507,17176973,r,10,-0.33741070125279216,0.15148629911056,0.2575578831884112,1.0271611055413454,-0.33741070125279216
508,17236546,g,3,-0.6412259567057864,0.11783729346852267,0.3133933424897491,1.01584008952278,-0.6412259567057864
509,17236546,i,6,-0.09353074708349327,0.12193268534154075,0.2856773626110831,0.55917529535263,-0.09353074708349327
510,17236546,r,9,-0.26275530717684825,0.06429641171172973,0.20628657194208966,0.5678204533097242,-0.26275530717684825
511,17280414,g,3,-0.5021506779121889,0.015434384309875204,0.0858600756443656,0.24347233652341338,-0.5021506779121889
512,17280414,i,4,0.3300159261772494,0.3230216342832033,0.4672732376858518,1.4681768985358432,0.3300159261772494
513,17280414,r,8,-0.19040145610132408,0.055170455207879,0.12550963672581378,0.37467478602240434,-0.19040145610132408
514,17299977,g,3,-1.0080869621767747,0.1613217959504798,0.20766236684319983,2.0534660290686046,-1.0080869621767747
515,17299977,i,7,-0.08691957569305758,0.25871465145527806,0.5644171860298468,0.7500997938342275,-0.08691957569305758
516,17299977,r,10,-0.5141473273114783,0.18616818044340055,0.4071727871364288,2.1507331241678918,-0.5141473273114783
517,17309910,i,6,-0.42562690846283463,0.1463179445860054,0.321679532057622,0.7783562979812167,-0.42562690846283463
518,17309910,r,5,-0.2544147070983778,0.03050393347781538,0.04545506802777055,0.6260971830158387,-0.2544147070983778
519,17348709,i,6,-0.6757355304612449,0.07554936475673807,0.12930948849072765,2.7858280277212195,-0.6757355304612449
520,17348709,r,9,-1.159049687036687,0.2500342860346816,0.469682869805387,5.090238256220079,-1.159049687036687
521,17426529,g,4,-0.25918149918928146,0.07332433496067359,0.18967798416503695,0.14184195771414976,-0.25918149918928146
522,17426529,i,8,0.5163281921712336,0.6742045344231573,1.3360352900048813,3.0456179702859587,0.5163281921712336
523,17426529,r,6,0.11967584581509105,0.2315420255267115,0.5348334852881615,0.6508951343311783,0.11967584581509105
524,17454628,i,9,-0.3860029339907127,0.14017777356359395,0.2778275502413561,0.6954519587062422,-0.3860029339907127
525,17454628,r,6,-0.5249822885430491,0.1064088299641387,0.22060406469017924,1.0017193773841055,-0.5249822885430491
526,175124,i,5,-1.4579932839627932,0.14710329855944382,0.18406709179064373,12.815594597648479,-1.4579932839627932
527,175124,r,6,-1.6702925466459755,0.053706331165480625,0.14017240338931436,11.843891618669224,-1.6702925466459755
528,17526099,i,10,-0.766498144295702,0.11612280818065424,0.18366109205901338,3.22598042587787,-0.766498144295702
529,17526099,r,5,-1.0114720891289908,0.07355957245246914,0.14967510385201388,5.63590266874189,-1.0114720891289908
530,17559483,g,5,-0.8903276898151289,0.053946661757012127,0.07074649381918108,2.307872057528328,-0.8903276898151289
531,17559483,i,6,0.06993479637903997,0.25621797385929057,0.5182729813739646,0.524314559128988,0.06993479637903997
532,17559483,r,10,-0.35032158758890547,0.18539634608093983,0.3007152387529972,0.9814884664956633,-0.35032158758890547
533,17584228,i,6,-0.6773793263635111,0.2374448059134392,0.375924248399113,2.9229366809873816,-0.6773793263635111
534,17584228,r,5,-0.9427947367870388,0.00867296643718185,0.02171882880650211,4.277305658982115,-0.9427947367870388
535,17705199,g,2,-1.1366913884976078,0.02323261383231323,0.023232613832313342,2.542526714054658,-1.1366913884976078
536,17705199,i,8,-1.6887337620173524,0.04080532757372379,0.07171191527480936,16.111871285624808,-1.6887337620173524
537,17705199,r,6,-1.4199574785717815,0.06523146291024484,0.1025569802934887,8.515730727594175,-1.4199574785717815
538,17764839,g,3,-0.8022915521957876,0.06098442247297409,0.09233991938195496,2.2394534034386466,-0.8022915521957876
539,17764839,i,9,-0.9488993541497487,0.2564153128063479,0.31129803931147115,5.195608517949956,-0.9488993541497487
540,17764839,r,11,-0.7786596292131713,0.10535529518613762,0.2669172272642617,3.7820106022179276,-0.7786596292131713
541,17768488,g,2,-0.9691832530010351,0.036402445521815485,0.036402445521815485,1.28043808698329,-0.9691832530010351
542,17768488,i,10,-0.9163919379813582,0.1602722533578727,0.2556019068800759,5.1166821856383224,-0.9163919379813582
543,17768488,r,5,-1.146452489686419,0.04228922559887338,0.1739476440767147,7.238733391855066,-1.146452489686419
544,17773949,g,4,-0.9921129267561527,0.22896828194305918,0.46669259521792483,1.3442399756003136,-0.9921129267561527
545,17773949,i,8,-0.1637514461844688,0.19571398318209454,0.45634987411568606,0.5839682851418851,-0.1637514461844688
546,17773949,r,9,-0.9062006549615491,0.13460111940118935,0.46180891212801223,2.18832626216727,-0.9062006549615491
547,17773949,u,2,-2.074682602110335,0.3239739372190995,0.32397393721909973,2.951030177512372,-2.074682602110335
548,17819017,i,6,0.03127088631045982,0.2925785950808937,0.6021945828334492,0.8960863198653821,0.03127088631045982
549,17819017,r,7,0.4723590162509974,0.3774888321878178,1.156859468915648,2.437458469696352,0.4723590162509974
550,17834352,g,3,-0.3661464632582403,0.08397283817673884,0.1265773073361569,0.3056403487832718,-0.3661464632582403
551,17834352,i,5,-0.8207572436186821,0.028806829026765013,0.04902723205457726,3.6543197711362962,-0.8207572436186821
552,17834352,r,6,-0.814067978082348,0.020682586466017838,0.07297187333022281,3.0335457373767234,-0.814067978082348
553,17842881,i,7,-2.0475950525850934,0.12518324681382564,0.3052585469144331,18.59358789534647,-2.0475950525850934
554,17842881,r,3,-1.6503345140652455,0.0018058419694519934,0.013411869801173815,8.209518936577574,-1.6503345140652455
555,17852011,i,8,-0.8349923385676217,0.24375486555299125,0.3875097662121014,4.405946343750451,-0.8349923385676217
556,17852011,r,4,-0.966412426338477,0.11808176569327022,0.2149642685704316,4.382572379317728,-0.966412426338477
557,17871473,g,5,-0.529137797512842,0.02585091091163849,0.11713773530285754,0.5693099516190109,-0.529137797512842
558,17871473,i,7,-0.12537354182891447,0.11797360815575086,0.2313198701216635,0.5986478273818119,-0.12537354182891447
559,17871473,r,7,-0.6787932088687705,0.30098105561827904,0.4853482002672253,1.5543781545343134,-0.6787932088687705
560,17915655,g,3,-0.4405475552968967,0.10564960680183333,0.3947109299006256,1.0402627767445836,-0.4405475552968967
561,17915655,i,7,-0.7520403395003726,0.10307375100948635,0.18791515535918102,2.7759076112759096,-0.7520403395003726
562,17915655,r,13,-1.0286740802225314,0.12683700543592513,0.21411516623542837,4.289641236454912,-1.0286740802225314
563,17942610,g,3,-0.7969126378179543,0.07083876103834008,0.1342384638326537,0.5574382813927178,-0.7969126378179543
564,17942610,i,4,-0.180834591312221,0.4011411052839506,0.7896242948248371,0.8405737415863299,-0.180834591312221
565,17942610,r,5,-0.3993193506453445,0.38752760147689813,0.8414857507014422,1.280031299360391,-0.3993193506453445
566,17953887,g,3,-0.508043605146612,0.1345070181571133,0.1365741118441186,0.6960886443946227,-0.508043605146612
567,17953887,i,3,-0.4937077658306136,0.002927346293075672,0.02211984954704327,1.1993988131534834,-0.4937077658306136
568,17953887,r,5,-0.5273626843147695,0.10117700094137361,0.11884623824058127,1.4332545855292482,-0.5273626843147695
569,17977128,i,9,-1.663326144898377,0.09898117507616222,0.18251125847240468,13.981432835040081,-1.663326144898377
570,17977128,r,3,-1.648308262167304,0.020823573311166577,0.07028992504653542,8.973151616924454,-1.648308262167304
571,18034416,i,4,-0.7415477576235789,0.08007006236494257,0.1601303074796676,2.7071299981884085,-0.7415477576235789
572,18034416,r,7,-0.7819703994055298,0.13503394445369676,0.21580599014102242,2.717520660208577,-0.7819703994055298
573,18173315,i,8,-1.41064539651896,0.08424405600041762,0.13944567056525403,10.922550652759867,-1.41064539651896
574,18173315,r,3,-1.430256509287469,0.09983580940046144,0.2159466923624067,10.040917720999033,-1.430256509287469
575,1819987,g,2,-0.49565727747993227,0.02132639441215123,0.021326394412151284,0.3335874356012558,-0.49565727747993227
576,1819987,i,10,-0.8529689346483647,0.3197473271930372,0.6057840493148827,4.20550298153599,-0.8529689346483647
577,1819987,r,13,-1.0087592708424031,0.04575002749017143,0.08783084292846466,4.263283500059229,-1.0087592708424031
578,18200792,g,2,-0.8567163522205322,0.06960133292350246,0.06960133292350235,0.9664561816949901,-0.8567163522205322
579,18200792,i,4,-0.5928311872043688,0.21919500715150914,0.37549640769622894,2.5566201198655945,-0.5928311872043688
580,18200792,r,5,-0.7536694244388649,0.009218558522686937,0.05850331664290587,2.190081195317346,-0.7536694244388649
581,18265679,g,2,-0.3535220614618152,0.10327789052626557,0.10327789052626557,0.2398195800040705,-0.3535220614618152
582,18265679,i,6,-0.09150350809009455,0.07696636048665922,0.533525189534662,1.5085692036911453,-0.09150350809009455
583,18265679,r,5,0.05456391584117315,0.5372582865310963,0.5636061152988684,2.0744420565458612,0.05456391584117315
584,18267995,i,5,-2.69734408943284,0.04195418512383142,0.08011806331709037,34.93608399905414,-2.69734408943284
585,18267995,r,6,-2.4623374891577043,0.02436245769887435,0.05093935414776496,28.899745905865128,-2.4623374891577043
586,18283525,i,6,-0.965057726067766,0.15023235276687547,0.38612695082561144,5.3097966942266694,-0.965057726067766
587,18283525,r,5,-0.9845289649427911,0.27728557219447447,0.3823935699811888,5.075174630993908,-0.9845289649427911
588,18293136,g,5,-1.0223961725569795,0.34334223770417616,0.4691700383070976,1.1906578678817223,-1.0223961725569795
589,18293136,r,6,-0.5520550557346304,0.08771698254920163,0.16307644073341732,1.4121965899629734,-0.5520550557346304
590,18327165,g,4,-0.9073120814592266,0.042679856548003436,0.07388918782781495,2.0771258772301615,-0.9073120814592266
591,18327165,i,9,-0.7459398318200495,0.0685659197396048,0.10065460133218451,2.546265485749867,-0.7459398318200495
592,18327165,r,5,-0.9535034335231475,0.12449891159919024,0.22312156613761336,4.499528214716326,-0.9535034335231475
593,18345593,g,5,-0.8841532074266628,0.1460135947066442,0.16478853954388994,2.8891132035442992,-0.8841532074266628
594,18345593,i,4,-0.024432929956264976,0.22292652807179003,0.36021667958308456,0.38467456814221607,-0.024432929956264976
595,18345593,r,4,-0.40165462973565547,0.09185695713891251,0.23187780905686967,0.9286352544184163,-0.40165462973565547
596,18440202,i,8,-0.13121426651955803,0.15678589419433886,0.7461775192055433,0.9544409586460031,-0.13121426651955803
597,18440202,r,7,-0.012559889013859404,0.1348342732975336,0.5094230569187173,0.8066831960615847,-0.012559889013859404
598,18440707,g,4,-1.2209612484618395,0.03064941318842529,0.05973807288556787,2.107865419516627,-1.2209612484618395
599,18440707,i,9,-1.5556755176077983,0.032923708651107386,0.08313617807532303,13.95684649352269,-1.5556755176077983
600,18440707,r,12,-1.4160099827118853,0.043883814746914274,0.22564370004073386,8.661560457766482,-1.4160099827118853
601,1860226,i,11,-0.4879633212089678,0.03663972168878776,0.0741908860820003,1.5728690559351883,-0.4879633212089678
602,1860226,r,10,-0.6611276206128303,0.09047904251471328,0.1575328351984805,2.4510171914149548,-0.6611276206128303
603,18655899,g,2,-1.1240102978393636,0.06758841725121545,0.06758841725121534,1.891103661403358,-1.1240102978393636
604,18655899,i,5,0.09290330809402873,0.6794383704528337,1.1740073813856764,1.6700328173923153,0.09290330809402873
605,18655899,r,3,-0.4384174248480559,0.025557411664524632,0.2829731389776377,0.785392241260409,-0.4384174248480559
606,18685889,i,7,-0.37989311515486013,0.2988772581324025,0.7369662200176997,1.1439163492082416,-0.37989311515486013
607,18685889,r,5,-0.5187261578790388,0.16595928287193829,0.2795242579718482,0.9280043365238402,-0.5187261578790388
608,18694492,i,13,-0.8857331011440044,0.07140280496332041,0.12555548183704313,4.308334702420716,-0.8857331011440044
609,18694492,r,6,-1.0902990068545555,0.04784613078821387,0.0753079942632584,6.674414896727906,-1.0902990068545555
610,18724975,i,9,-2.3111069508074547,0.10245880414206487,0.28861066034435456,29.954250180377414,-2.3111069508074547
611,18724975,r,8,-1.8518837004452777,0.13321309329404651,0.22369115553240415,14.629523173177256,-1.8518837004452777
612,18743803,i,9,-0.24035910612249411,0.04428056510275269,0.11474461607368558,0.3189131816447762,-0.24035910612249411
613,18743803,r,9,-0.45617009184920265,0.13873153298513152,0.35175587749402415,0.9557902918850582,-0.45617009184920265
614,18760336,g,2,-0.6158120078853935,0.06194470119435436,0.06194470119435436,0.8235550383606141,-0.6158120078853935
615,18760336,i,9,-0.09890855572949608,0.1425824203947903,0.4495370658074003,0.3288559880178717,-0.09890855572949608
616,18760336,r,5,-0.4535370757747279,0.09894225809687374,0.13889361730777705,0.8091612035248508,-0.4535370757747279
617,18786677,g,2,-0.5293712687092569,0.021484443245900486,0.021484443245900486,0.6105610820325953,-0.5293712687092569
618,18786677,i,8,-0.32722460288877386,0.056109399657163356,0.08999849618414002,0.6989100975070262,-0.32722460288877386
619,18786677,r,8,-0.5776525015526706,0.06055698499382278,0.09716378855715746,1.9105180890205347,-0.5776525015526706
620,18810917,g,2,-0.26346850746335837,0.061155380572949114,0.061155380572949114,0.3001497212834008,-0.26346850746335837
621,18810917,i,6,-0.8396146236199795,0.056705521899732936,0.10934235861265573,4.194855745410504,-0.8396146236199795
622,18810917,r,4,-0.7459308865639532,0.03582689925072213,0.1069734105789063,3.497674576268199,-0.7459308865639532
623,18818580,i,6,-0.44612951254715105,0.09344434710668914,0.2251923376489256,0.9028764863961655,-0.44612951254715105
624,18818580,r,5,-0.5648692086676913,0.12986135890925887,0.20389818476962107,1.7838617197042108,-0.5648692086676913
625,18881155,g,3,-0.402648153900945,0.04001327104847685,0.09928416919231309,0.4946299133662381,-0.402648153900945
626,18881155,i,6,1.0404861117348299,0.2810747157869621,0.8368190494448235,5.269888866299097,1.0404861117348299
627,18881155,r,7,-0.24522777469829493,0.2940048823871053,1.0183434166031553,1.3050069008292116,-0.24522777469829493
628,18916010,i,4,-0.793219007955337,0.09719383282112593,0.18930387830416195,2.6985206048042576,-0.793219007955337
629,18916010,r,9,-0.4504373296820132,0.05032509281229747,0.09670982828130414,0.981469759304439,-0.4504373296820132
630,1893940,g,3,-0.2326991119265962,0.08041802607157433,0.1769634127581653,0.18188842355367493,-0.2326991119265962
631,1893940,i,3,-0.6426006121969169,0.006792582639465028,0.17430292102405243,2.649940360838594,-0.6426006121969169
632,1893940,r,6,-0.6792858927808174,0.1028703771852914,0.2162278831475254,2.2501081744037763,-0.6792858927808174
633,19000678,g,2,-0.7722006856959199,0.0818852996551741,0.081885299655174,1.2446991480363838,-0.7722006856959199
634,19000678,i,5,-1.2104435222822096,0.05747503231566786,0.0802591141585407,7.8879666025479676,-1.2104435222822096
635,19000678,r,4,-1.3131086194896116,0.024103831871310932,0.09612707226935346,6.435741432790625,-1.3131086194896116
636,19036284,g,2,-0.8581195781075308,0.09803277376646213,0.09803277376646213,2.1459425240945174,-0.8581195781075308
637,19036284,i,5,0.13319535194338117,0.16807301312407696,0.558224933339333,0.40646801720118003,0.13319535194338117
638,19036284,r,6,-0.3283046048460901,0.20828193709932963,0.3915846541703441,0.6999278692255014,-0.3283046048460901
639,1904787,g,2,-1.091415053778963,0.043029909492099616,0.043029909492099616,2.468711985564042,-1.091415053778963
640,1904787,i,5,-0.37347445349346875,0.016765244358261877,0.019617970260739304,0.602339512163663,-0.37347445349346875
641,1904787,r,5,-0.8547736387242256,0.1423997248431561,0.22227100884100537,3.5717637949969143,-0.8547736387242256
642,19155842,g,2,-0.9484658954125059,0.04671484600775666,0.04671484600775666,2.8929138749269736,-0.9484658954125059
643,19155842,i,6,-0.513647877169659,0.14196597806418682,0.21965226552558748,1.7659279496487585,-0.513647877169659
644,19155842,r,6,-0.7208090480868392,0.11500586126338574,0.19470028245188398,3.560126092498624,-0.7208090480868392
645,19170782,g,2,-0.5838735207640323,0.10673916607894773,0.10673916607894784,1.4892582523749633,-0.5838735207640323
646,19170782,i,14,-0.7845919916845234,0.13862211225146875,0.2708517085304606,3.557295172766406,-0.7845919916845234
647,19170782,r,15,-0.7411155956228421,0.15128953595328176,0.3632259093263867,2.0610715944482827,-0.7411155956228421
648,1917607,g,5,-0.21376145146387104,0.015455364144462358,0.17687588576711155,0.4144312355200167,-0.21376145146387104
649,1917607,i,13,-0.015887152348287747,0.08501119987112837,0.2067171267577086,0.05608702819185685,-0.015887152348287747
650,1917607,r,13,-0.03109698306149722,0.08962539772007418,0.21159092600103602,0.06523154117048241,-0.03109698306149722
651,1917607,u,2,0.21271888232296632,0.008329494732308818,0.008329494732308818,0.06258102761187709,0.21271888232296632
652,19266139,i,10,-0.9277981521070977,0.10100469623641983,0.22863194563505918,4.200965011681036,-0.9277981521070977
653,19266139,r,6,-0.9857373666701843,0.12317890092235484,0.23555911137294416,3.838002881324733,-0.9857373666701843
654,19320932,i,6,-0.711073081864062,0.08352758215281797,0.13643282904372034,3.105608679075527,-0.711073081864062
655,19320932,r,6,-0.6153987240101286,0.05485947712945577,0.09057126304077545,3.1418678114856786,-0.6153987240101286
656,19347969,g,4,-0.5786816500719738,0.06358060845330771,0.13081808760435898,1.0959934065870012,-0.5786816500719738
657,19347969,i,8,-0.32854812062878935,0.10477878182039285,0.16201782005274667,0.6619432542547915,-0.32854812062878935
658,19347969,r,14,-0.45642012407395227,0.08649414393554833,0.13265255582705698,1.3508561252567228,-0.45642012407395227
659,19459878,i,6,-1.435037121770053,0.11042675054399131,0.19055795594099667,10.842550083336585,-1.435037121770053
660,19459878,r,5,-1.4889584735846828,0.08078731526029115,0.14538382995299437,10.180445511547807,-1.4889584735846828
661,19525288,i,7,-1.2478590013325774,0.048677586769951375,0.18910350139126608,10.040724599605019,-1.2478590013325774
662,19525288,r,4,-1.4948959711771572,0.1316729144527251,0.32395854375515976,9.462932606703076,-1.4948959711771572
663,19534445,g,4,-0.5208277809629835,0.005802853949174791,0.010291261554593034,0.8231241031942212,-0.5208277809629835
664,19534445,i,6,-0.5698199560413313,0.06844196549111886,0.11482044802279856,1.963142326296552,-0.5698199560413313
665,19534445,r,9,-0.3429752555665062,0.03964603770711994,0.06682478794998092,0.6814363348214875,-0.3429752555665062
666,19552615,g,3,-0.710151047960593,0.04368224002700982,0.10333038519217652,1.1490349482370583,-0.710151047960593
667,19552615,i,8,0.02309044766741878,0.1207256394239826,0.22098251505444724,0.13110932393127536,0.02309044766741878
668,19552615,r,9,-0.3532289997019238,0.10711494908115293,0.23528795550689038,0.5060325189016599,-0.3532289997019238
669,19599831,g,7,-0.6856819886490522,0.12733068889185128,0.23152856022598423,0.8878634925194427,-0.6856819886490522
670,19599831,i,14,-1.1123642947747878,0.09213511183553513,0.23239785576925343,5.571112619471017,-1.1123642947747878
671,19599831,r,10,-1.4028319209458913,0.03989438821925306,0.06808819612800998,9.36207877685985,-1.4028319209458913
672,19667128,g,7,-0.4751088369495676,0.04989538194297005,0.07222117716687798,1.1166967926660252,-0.4751088369495676
673,19667128,i,11,-0.6339507649465661,0.12501561229226898,0.2608134787835321,2.6555337683531106,-0.6339507649465661
674,19667128,r,12,-0.6679902006075763,0.023259752151462698,0.12178082834315718,2.6341919657313606,-0.6679902006075763
675,19667128,u,2,1.0546334134868331,0.13398469271081337,0.13398469271081326,1.3021450727434052,1.0546334134868331
676,19707628,g,3,-0.8030081608595383,0.24400244760884826,0.31585390247068545,1.1970575461584765,-0.8030081608595383
677,19707628,i,4,-0.11761315676740364,0.1933560822309317,0.287183578589017,0.4113210939476195,-0.11761315676740364
678,19707628,r,7,-0.08936854371062974,0.06751912265055751,0.1303161097579601,0.18014785740412648,-0.08936854371062974
679,19707628,u,4,-1.7699064718246131,0.051208248225701025,0.0754689770289727,4.138062842002927,-1.7699064718246131
680,19770556,g,5,-0.5774067966678498,0.2638468256283275,0.6750480858597299,1.1399989553182004,-0.5774067966678498
681,19770556,i,3,-0.2559044583468646,0.1483072193602486,0.26677737641570615,0.396183031638966,-0.2559044583468646
682,19770556,r,5,-0.42335611096088277,0.14057641380144448,0.18955851333320134,0.9404878144199982,-0.42335611096088277
683,19773678,i,5,-1.406166994626407,0.015389668606824225,0.08944565158370654,8.00791765662519,-1.406166994626407
684,19773678,r,11,-1.204330098819693,0.09921591388216067,0.24957216466100673,8.461429155993663,-1.204330098819693
685,19816614,i,7,-2.810224740478529,0.05608786332814075,0.14004037161610672,52.49094875690475,-2.810224740478529
686,19816614,r,5,-2.2384913736407115,0.10108006839879025,0.252614293121439,16.99947466356368,-2.2384913736407115
687,19836108,i,5,-0.6611099042574263,0.01628908234211901,0.028194205513532467,2.069297405201916,-0.6611099042574263
688,19836108,r,7,-0.5781036838692336,0.10877798944759653,0.1954739515766481,1.8223404877169431,-0.5781036838692336
689,19935450,g,3,-0.8715803078130251,0.0018678832752527796,0.002357017904429326,1.802271888995308,-0.8715803078130251
690,19935450,i,13,-0.5954966004602211,0.08613844879350763,0.2277128909543441,2.231578528645464,-0.5954966004602211
691,19935450,r,14,-1.0166841283541945,0.12886375809858536,0.3126150866318451,6.697779553733278,-1.0166841283541945
692,19983184,g,2,-1.310845600521025,0.2805422648163508,0.2805422648163509,3.440002572382895,-1.310845600521025
693,19983184,i,11,-2.008542819186555,0.2430971555923498,0.3859965542215109,20.789957977417046,-2.008542819186555
694,19983184,r,5,-1.9283258872263656,0.03288908017534253,0.05910384880828068,22.74416074595797,-1.9283258872263656
695,20025353,i,7,-0.16650681595031847,0.14172467921181897,0.3331884914260963,0.4694527106446536,-0.16650681595031847
696,20025353,r,7,-0.41002151594611913,0.33894383552743146,0.5720352223204747,1.0740908030666603,-0.41002151594611913
697,20061558,g,3,-0.5886129918822389,0.08866324478707388,0.09269988800398343,0.6622272717495665,-0.5886129918822389
698,20061558,i,6,-1.0026550374445795,0.036886424790414374,0.06018192684761947,6.279180633765125,-1.0026550374445795
699,20061558,r,11,-1.2388607333238004,0.053668915324895705,0.09987621102410205,8.483642259071814,-1.2388607333238004
700,20069200,g,3,-1.3616506043869419,0.017662466570960822,0.0787346033137104,2.5147960302315404,-1.3616506043869419
701,20069200,i,13,-2.4492590773277203,0.16739035305489613,0.29655528827304467,33.98786880706392,-2.4492590773277203
702,20069200,r,6,-2.347317233181339,0.03243535403320541,0.05481063306444334,26.89509053060244,-2.347317233181339
703,20116862,g,2,-0.6959714009184557,0.1717601730475431,0.1717601730475431,0.8813327417959034,-0.6959714009184557
704,20116862,i,7,-0.06244536180836935,0.17873745766224847,0.8794967303491068,1.9724591383244159,-0.06244536180836935
705,20116862,r,7,-0.6139996466410262,0.03421919924039907,0.064667176860008,1.6823674229875312,-0.6139996466410262
706,20176783,g,2,-0.6074723316201494,0.38026400777979563,0.38026400777979563,0.7273136037207892,-0.6074723316201494
707,20176783,i,8,-0.8971550032551123,0.1143663825296255,0.188435653201369,4.556239128560149,-0.8971550032551123
708,20176783,r,8,-1.215475090061752,0.047399517491556464,0.09700769299330525,5.492036682560686,-1.215475090061752
709,20221164,i,6,-0.8089384715569798,0.08856856278253133,0.14150932594858123,3.879088162274444,-0.8089384715569798
710,20221164,r,5,-1.0363103303174814,0.014690760908917078,0.022648769230327437,6.688417102996906,-1.0363103303174814
711,202808,g,4,-0.8173427975083579,0.0741878812263671,0.1096097113973834,0.9001731385016658,-0.8173427975083579
712,202808,i,4,-1.1881281240361616,0.024007402001079647,0.05829426159721485,9.387117468442536,-1.1881281240361616
713,202808,r,4,-1.150056651141832,0.1283833561833838,0.2649612423391604,6.414634970602237,-1.150056651141832
714,20284050,g,2,-0.37287532489713127,0.4319771180113523,0.4319771180113523,0.3601970512899656,-0.37287532489713127
715,20284050,i,2,-0.16633156101277813,0.19781328004273135,0.19781328004273135,0.3132991521934917,-0.16633156101277813
716,20284050,r,7,-0.8416134106493234,0.26582004891162203,0.7456168316787745,2.346249899559925,-0.8416134106493234
717,20319968,g,2,0.09406953288249598,0.12664449541121792,0.12664449541121792,0.06937557201751049,0.09406953288249598
718,20319968,i,3,0.42641808778112134,0.004718314268950308,0.37403371845712435,2.7116461513151275,0.42641808778112134
719,20319968,r,6,0.17397104328406032,0.6350098644976199,1.071736674698712,2.4737031608662017,0.17397104328406032
720,20440476,i,5,-1.6135119597510363,0.1684633307346246,0.2595660452965536,15.964826488485922,-1.6135119597510363
721,20440476,r,6,-1.7612022484740009,0.06016560088240974,0.22230801089182095,14.080741126203305,-1.7612022484740009
722,20452044,g,5,-0.8878187665460979,0.14989091562180645,0.15882954512414083,1.340062442305126,-0.8878187665460979
723,20452044,i,8,-0.029292985700978817,0.15251072791607823,0.20978142503244224,0.2645355556288198,-0.029292985700978817
724,20452044,r,10,-0.5473247059968007,0.19331455518901064,0.3530427014208055,2.207077290999905,-0.5473247059968007
725,20493160,g,3,-1.1654835047225411,0.2514156849017337,0.7053016655954005,2.8595754701210363,-1.1654835047225411
726,20493160,i,14,-0.22775179286600217,0.27251512839719905,0.5731566541885946,1.1634002607107436,-0.22775179286600217
727,20493160,r,14,-0.3380176265477479,0.18571432607427563,0.3678556596785163,1.6179857559235293,-0.3380176265477479
728,20594323,i,8,-1.02274891914867,0.041388684600614845,0.10599816050092836,6.579109763604131,-1.02274891914867
729,20594323,r,5,-1.3912368081710302,0.1999951079580986,0.2070222688199055,9.691994872342372,-1.3912368081710302
730,20683494,g,3,-0.7278240394171647,0.011432814973340921,0.07707551495663512,1.6290245423066156,-0.7278240394171647
731,20683494,i,8,-0.20581831164099246,0.11181680401494479,0.19725666228030037,0.32664071554420043,-0.20581831164099246
732,20683494,r,7,-0.45904454936596184,0.22381929375443185,0.28975072451612754,1.1261954927296176,-0.45904454936596184
733,20695302,i,9,-1.593911806857291,0.05791045145786966,0.10450172925752188,12.589533777832353,-1.593911806857291
734,20695302,r,7,-1.1316117787239715,0.01792159578054764,0.039966473385583345,9.014014741173387,-1.1316117787239715
735,2071149,g,2,-0.21477176762917904,0.011821819499486463,0.011821819499486463,0.08813532036421988,-0.21477176762917904
736,2071149,i,13,0.6249054301258623,0.3793154594861754,0.8716616944885982,2.361508203826087,0.6249054301258623
737,2071149,r,10,0.1637208807586255,0.2985031224746222,0.5253825339413567,0.8133254751673122,0.1637208807586255
738,20819334,g,2,-0.6301788851809537,0.13617932498710184,0.13617932498710172,0.6391378147087938,-0.6301788851809537
739,20819334,i,7,-0.6857369144812808,0.11043952569695215,0.18225242899555305,2.6415099150661034,-0.6857369144812808
740,20819334,r,6,-1.0075017265939314,0.09181499015937383,0.33440103160857837,5.230087521126697,-1.0075017265939314
741,20835767,i,6,-1.4635531946725595,0.07689139923042965,0.2260768349477118,11.353620951890713,-1.4635531946725595
742,20835767,r,9,-1.3224791188385263,0.10685326533521322,0.26195224338325307,9.073281140420555,-1.3224791188385263
743,20928333,g,4,-0.3326546885677884,0.1921364894781949,0.6500604308316253,1.2886664636581604,-0.3326546885677884
744,20928333,i,4,-0.6311614474949305,0.07316279667971892,0.17026710443678672,2.638507373700225,-0.6311614474949305
745,20928333,r,7,-0.7798020773328551,0.021100261081916205,0.15020001366312985,3.500870055665709,-0.7798020773328551
746,2092850,g,2,-0.762266469444241,0.00036986975629493823,0.0003698697562948272,2.675690704995435,-0.762266469444241
747,2092850,i,8,-1.1843345431597099,0.11434821458666844,0.16526724112443603,6.412703649512373,-1.1843345431597099
748,2092850,r,7,-1.0606511375104941,0.12946469709130293,0.24075113196313103,6.499584154766761,-1.0606511375104941
749,20944774,g,2,-0.7132430117187522,0.07039716420934028,0.07039716420934039,1.6842122361743366,-0.7132430117187522
750,20944774,i,6,0.12952445048391603,0.058520965080168116,0.13601892382334638,0.10400573848418866,0.12952445048391603
751,20944774,r,5,-0.16010513363901716,0.17719202942048104,0.3485024053873243,0.32572734422070065,-0.16010513363901716
752,20957630,g,2,-0.48412332539079383,0.10426346123795927,0.10426346123795921,0.4425376685790997,-0.48412332539079383
753,20957630,i,10,-1.224849328278797,0.06045259942696646,0.10502574592025105,8.565352665652382,-1.224849328278797
754,20957630,r,6,-1.2883912634632153,0.10656379860746168,0.16100273790447872,9.248123306592003,-1.2883912634632153
755,20959830,g,3,-0.3432988773862018,0.10824976803505493,0.24112569573266485,0.5002267565379873,-0.3432988773862018
756,20959830,i,9,-0.38086045468385255,0.1389476131834307,0.2893673427091348,1.0028619280501927,-0.38086045468385255
757,20959830,r,4,-0.7519281210811964,0.22152533238643002,0.45639967124789493,3.4041377878636916,-0.7519281210811964
758,20998889,g,3,-1.2901516818070664,0.07489135430259575,0.08617175430005508,1.8965700164717483,-1.2901516818070664
759,20998889,i,9,-2.2890503199740975,0.04086248645186208,0.07531718588681846,28.8832377093634,-2.2890503199740975
760,20998889,r,9,-2.478113140276175,0.027486814984715835,0.042742593778116955,26.199565035860513,-2.478113140276175
761,21005328,g,2,-0.3627780919713086,0.1560392880349053,0.1560392880349053,0.36447214392591354,-0.3627780919713086
762,21005328,i,9,-0.23612986257254764,0.10079753191419927,0.2918414311570068,0.6367627848606102,-0.23612986257254764
763,21005328,r,3,-0.4009106509566618,0.0692340267827023,0.16031006356920385,1.3997830355473653,-0.4009106509566618
764,21055112,i,7,0.16524506401461359,0.21392919140970296,0.3600448977202676,0.5790444746609251,0.16524506401461359
765,21055112,r,8,-0.3428532383753977,0.24500504689352354,0.4614039501718576,0.5380848027247495,-0.3428532383753977
766,21171508,i,5,-2.3301652945059455,0.042154928772096145,0.07546128907889216,34.05924221860223,-2.3301652945059455
767,21171508,r,7,-1.9732855424295028,0.08224074454976504,0.11137562982744953,22.73416736510657,-1.9732855424295028
768,21201384,i,6,-0.10387393183875124,0.1938533161234139,0.3337888015910639,0.41301254709832264,-0.10387393183875124
769,21201384,r,10,-0.5258805485758379,0.30881972170861055,0.6791124568686245,1.4833864276958122,-0.5258805485758379
770,21237837,i,8,-1.3390195114746057,0.06879079376885289,0.12421958970699398,8.238700348057513,-1.3390195114746057
771,21237837,r,6,-1.4424286027763218,0.08960596776700469,0.1616457901559496,7.154234805616253,-1.4424286027763218
772,21400991,i,3,0.09353137711344806,0.18630437208611084,0.48755384793454404,0.7955000904812765,0.09353137711344806
773,21400991,r,7,-0.5582592296347118,0.4321159265202642,0.9490213761558876,1.4693232175446547,-0.5582592296347118
774,21400991,u,2,-2.553093058529758,0.18564497703291982,0.18564497703291938,3.9249834667673538,-2.553093058529758
775,21420693,i,5,-1.0433670175012328,0.08748246840705443,0.1728339114643589,7.1545054541279445,-1.0433670175012328
776,21420693,r,9,-1.2437199613569994,0.13455497808710914,0.26865067141498544,7.6896951349713,-1.2437199613569994
777,21423648,g,3,-0.5719411798501723,0.03739324141350875,0.09968106184890169,1.201725058143927,-0.5719411798501723
778,21423648,i,6,-0.657887637810892,0.030582454229809874,0.055245500213513044,2.4651892401568016,-0.657887637810892
779,21423648,r,5,-0.5726639042651632,0.06350964622300836,0.08682318379066345,2.5104981949873078,-0.5726639042651632
780,21465328,g,5,-0.17172335010803663,0.065839201613475,0.23947786540822968,0.1621416597629028,-0.17172335010803663
781,21465328,i,5,-0.26617068912230446,0.01872377860902963,0.023988228143215662,0.2791822303929513,-0.26617068912230446
782,21465328,r,8,-0.3689143829055481,0.34207820359155094,1.0357817729946919,1.6148804731925055,-0.3689143829055481
783,21480736,i,6,-1.5233646122793014,0.09573298524847962,0.2419510441090782,13.19669374069349,-1.5233646122793014
784,21480736,r,6,-1.7484212461617528,0.056229952393199056,0.17178258012652448,16.769936600106014,-1.7484212461617528
785,21499124,g,5,-1.1231884836726131,0.20079740650598077,0.2663419849121731,3.1333642936938526,-1.1231884836726131
786,21499124,i,9,-0.23420552197990396,0.06480719977024563,0.10780726093409887,1.3129171072907813,-0.23420552197990396
787,21499124,r,7,-0.2513608242858707,0.2723408203611203,0.47512927513439734,0.7281274075190753,-0.2513608242858707
788,21508143,i,5,-0.5323278932873712,0.08010748351542019,0.08913274649983438,1.2099244086883636,-0.5323278932873712
789,21508143,r,8,-0.7035686876124241,0.05060105392762043,0.07222002701807406,1.9266844634240847,-0.7035686876124241
790,21543748,i,12,-0.6687246317116989,0.15279171530931662,0.280893412922235,2.424751183784055,-0.6687246317116989
791,21543748,r,12,-0.8024944559115927,0.2692207328152201,0.5189269671687786,3.6481378514783205,-0.8024944559115927
792,2157195,g,2,-0.5545759378349626,0.17487952054449307,0.17487952054449307,0.6036435602624997,-0.5545759378349626
793,2157195,i,7,-1.5422999825469323,0.06896364863208593,0.09671316845603695,14.01934383467909,-1.5422999825469323
794,2157195,r,2,-1.708948544380518,0.06920434681066512,0.06920434681066512,19.042761725152864,-1.708948544380518
795,21706560,g,6,-0.15865856931143385,0.09333746012691468,0.1588842178843327,0.14925418118094402,-0.15865856931143385
796,21706560,i,6,0.12850926704525184,0.38039057927082015,0.6894994838417464,1.2527960733800738,0.12850926704525184
797,21706560,r,10,-0.04329544859823767,0.4887848993885538,0.9147255083585893,1.653084081110191,-0.04329544859823767
798,21706560,u,2,-1.288813257272395,0.14494109433674507,0.1449410943367453,1.4112614170273825,-1.288813257272395
799,21756861,g,2,-1.321792843238756,0.024827588303551584,0.024827588303551806,3.3367252892117234,-1.321792843238756
800,21756861,i,3,-0.9835016843088242,0.12991372355334796,0.15675293234435084,5.268503057113924,-0.9835016843088242
801,21756861,r,8,-1.223703822935049,0.05729950864198763,0.13921282208133157,9.080269523635074,-1.223703822935049
802,21767327,g,2,-0.0018090286931572441,0.425502354896946,0.425502354896946,0.5284194660614572,-0.0018090286931572441
803,21767327,i,7,0.48060972612411623,0.2987629195215149,0.44681542076378844,2.0817003585217835,0.48060972612411623
804,21767327,r,8,0.08612417862788779,0.24194226482422326,0.36686037800728355,0.7189254315346121,0.08612417862788779
805,21767327,u,3,-1.5852159148611373,0.08797453152780932,0.5350028291068074,1.7643702243402546,-1.5852159148611373
806,21855324,i,11,-1.6117280373343852,0.206032428429181,0.3361691215824074,14.120031368727364,-1.6117280373343852
807,21855324,r,7,-1.8014158659232171,0.06705081148868786,0.11718513849757284,16.5932070807409,-1.8014158659232171
808,21861472,g,2,-0.43199849946231783,0.030729857596317967,0.030729857596317967,0.4073739141718936,-0.43199849946231783
809,21861472,i,5,-0.4973570916251797,0.154666937582016,0.1988814855640847,1.5240053777428213,-0.4973570916251797
810,21861472,r,6,-0.4136428949262374,0.0633715164862042,0.1399504618829549,1.227863411869578,-0.4136428949262374
811,21862232,i,8,-2.244660203044628,0.09620245796319682,0.1755276369657066,34.69810947412586,-2.244660203044628
812,21862232,r,7,-2.308890640600014,0.04942284969987387,0.08295575867446114,24.150964718206275,-2.308890640600014
813,21882108,g,2,-0.6104859753229677,0.04467056980327233,0.04467056980327233,1.3620520705819796,-0.6104859753229677
814,21882108,i,5,-0.29560419028345297,0.06283431305346987,0.21562080041242881,0.30345549279081263,-0.29560419028345297
815,21882108,r,6,-0.46708250522700756,0.32352916396755227,0.6064805043710009,1.1948598832085036,-0.46708250522700756
816,21888873,i,5,-1.6412106376072106,0.06278601339792367,0.098518893583873,15.20652226896858,-1.6412106376072106
817,21888873,r,6,-1.8420907230872814,0.07717588742794845,0.1348991938552666,19.098113209236956,-1.8420907230872814
818,21891162,i,9,-1.4250012179854037,0.045885962038493044,0.1166818161351244,10.560521806778258,-1.4250012179854037
819,21891162,r,5,-1.3310465988123004,0.11179219388189243,0.22294375582358206,12.175210565918066,-1.3310465988123004
820,21952595,g,4,-0.9630929411724689,0.023851271463445456,0.09674871762282833,1.9692776901444837,-0.9630929411724689
821,21952595,i,3,-0.36191591545875607,0.024807411185396033,0.02862238769361891,0.7434811352745725,-0.36191591545875607
822,21952595,r,5,-0.6657921581100535,0.036018157757016334,0.044318410487899085,2.958292103770227,-0.6657921581100535
823,21968552,g,4,-0.8764451130206534,0.08511877974631316,0.17945367115600708,2.2373268625127176,-0.8764451130206534
824,21968552,i,6,-0.3421009384236585,0.08095179105271957,0.14689127886008718,1.0989916814207479,-0.3421009384236585
825,21968552,r,7,-0.6956154836578174,0.0428064603209406,0.08920496730919014,3.1905724020235033,-0.6956154836578174
826,22016559,i,15,-0.9497484598253374,0.08729268214404373,0.20129592495405102,5.8129899529608755,-0.9497484598253374
827,22016559,r,13,-1.3506877437811173,0.2092096510365955,0.4850384974791453,7.8454300327096735,-1.3506877437811173
828,22020302,i,17,-1.5176022251781334,0.08588691810722238,0.17141503076274134,12.997477220695206,-1.5176022251781334
829,22020302,r,11,-1.7300660530881542,0.1361883455512265,0.353696877406956,12.333852898453342,-1.7300660530881542
830,22087283,i,5,-0.9290476541990895,0.03208584689827565,0.06252860668231675,5.188610422614748,-0.9290476541990895
831,22087283,r,6,-1.166754303824546,0.0862401383633361,0.14089161156310248,8.230575024283624,-1.166754303824546
832,2212611,g,3,-0.4733468891488398,0.2216404044057142,0.23368229393526613,0.8886391202768205,-0.4733468891488398
833,2212611,i,4,-0.08340183379442545,0.21959249353306148,0.32792758420683965,0.41846426236444856,-0.08340183379442545
834,2212611,r,4,0.37695426507728336,0.09301044982924384,0.32726107662067583,1.1495691747501295,0.37695426507728336
835,2219515,g,4,-0.7786167870515694,0.04471160996935708,0.08216968805845037,1.6113581052332213,-0.7786167870515694
836,2219515,i,16,0.007490692975565802,0.24344229664094502,0.49167431472544,0.5952909341977211,0.007490692975565802
837,2219515,r,14,-0.4194422742794626,0.1002288336548175,0.17328706924358533,0.9438980436598989,-0.4194422742794626
838,22221408,i,6,-1.2036306971316046,0.06531580753763022,0.10525278078870737,7.064888599338403,-1.2036306971316046
839,22221408,r,6,-1.388080638700163,0.16590815383217294,0.25162824042023324,7.50068558417625,-1.388080638700163
840,2222773,g,2,-1.0736659016761154,0.05630418658701353,0.05630418658701375,3.017766659821687,-1.0736659016761154
841,2222773,i,8,-1.6764839914462881,0.10240185797799073,0.15712970087909883,14.53539152937914,-1.6764839914462881
842,2222773,r,8,-1.8603290756710553,0.03592074512866705,0.1378573714723752,19.490517461935724,-1.8603290756710553
843,22243176,g,6,-0.5897693128157531,0.031662123243691276,0.06075567605296284,1.9917715891845413,-0.5897693128157531
844,22243176,i,10,0.08749493609194621,0.12076490693969838,0.2494816175855089,0.13983702952747662,0.08749493609194621
845,22243176,r,11,-0.17948282949272643,0.040005098809541534,0.11425744147611006,0.2047311366128441,-0.17948282949272643
846,22262277,i,8,0.037667336809781904,0.08269503092344796,0.2886108108258849,0.7004672718240459,0.037667336809781904
847,22262277,r,8,-0.4867997729309132,0.20880087386890261,0.3939768594422586,1.855902877780805,-0.4867997729309132
848,22384406,g,3,-0.30437457911082655,0.03706429596716321,0.038547125324388976,0.2281834952597431,-0.30437457911082655
849,22384406,i,11,-0.31412412123807626,0.16620000058527223,0.27051569130188247,0.7311413477812756,-0.31412412123807626
850,22384406,r,6,-0.19332186639530236,0.09678045794735118,0.17390271467788307,0.7145790090698606,-0.19332186639530236
851,22384406,u,3,-0.1543014316289022,0.36776523596410104,0.4212413505440813,0.18291377437842524,-0.1543014316289022
852,22388966,g,2,0.1154144545236323,0.1110915844611301,0.1110915844611301,0.06483009029166083,0.1154144545236323
853,22388966,i,4,-0.0072611502724016785,0.06424892494478465,0.09025033231593821,0.029688645903778572,-0.0072611502724016785
854,22388966,r,6,0.025580043195797653,0.0379281220819106,0.19026842534791538,0.05868921689301316,0.025580043195797653
855,22444452,g,2,-1.3097972643471747,0.06268093780611816,0.06268093780611794,2.1344532902057063,-1.3097972643471747
856,22444452,i,9,-0.5113754036072241,0.12641251793160524,0.37455322416468684,1.9784501149727882,-0.5113754036072241
857,22444452,r,9,-1.0415079908077858,0.15481434263893523,0.179810136934468,3.759821259775013,-1.0415079908077858
858,22453806,g,3,-0.83031156997429,0.011551634862940308,0.04108420898826104,1.966719879308185,-0.83031156997429
859,22453806,i,8,-0.8424631677882557,0.054801354108179046,0.14065963576835028,3.8722338356507344,-0.8424631677882557
860,22453806,r,6,-0.9619178504458662,0.035938394645168514,0.1272766181459819,5.260117582267629,-0.9619178504458662
861,22469069,g,2,-0.3732556103487053,0.3056493290110777,0.30564932901107766,0.9778646166573761,-0.3732556103487053
862,22469069,i,3,0.47878652573989133,0.3439567851909836,0.48471021892473243,1.6805835803276112,0.47878652573989133
863,22469069,r,5,-0.21069575623984527,0.08311161426136948,0.4763630010699491,0.7728297758952163,-0.21069575623984527
864,2247137,i,9,-1.0296182346389786,0.05206747622693775,0.09154817881265465,5.21640314255708,-1.0296182346389786
865,2247137,r,8,-1.2408699305418165,0.057269386089857766,0.13471805750601207,8.486287540098477,-1.2408699305418165
866,22502489,i,8,-2.459997673217963,0.11338152792463307,0.16614694648185724,31.376535151070705,-2.459997673217963
867,22502489,r,3,-2.2575819249706823,0.04232831389099401,0.07417364215320532,26.873496929388835,-2.2575819249706823
868,22530707,g,3,-0.30886261198638976,0.025992024001016523,0.4904594155569577,1.219445531788884,-0.30886261198638976
869,22530707,i,10,0.5204568379437896,0.8275613690411728,1.5651320369628205,4.454927308962304,0.5204568379437896
870,22530707,r,11,-0.2466690563089209,0.44101374716145436,0.8568047044111691,1.6343446122811114,-0.2466690563089209
871,22591067,i,7,-1.5952677260191388,0.06404409100016761,0.1576692819810135,12.480196806679343,-1.5952677260191388
872,22591067,r,4,-1.4077162544022448,0.14455799994484586,0.21536407196350815,7.530264030115224,-1.4077162544022448
873,22591834,g,3,-0.6351509841150892,0.1645756433359934,0.17128619504234055,1.6748236906942493,-0.6351509841150892
874,22591834,i,4,-0.22576813620354208,0.25237679758681875,0.35044074323711766,0.9442572491813652,-0.22576813620354208
875,22591834,r,8,-0.37402060915118207,0.06722627310776463,0.20221468630997513,0.4808764157760964,-0.37402060915118207
876,22722019,g,3,-0.9979785268149017,0.06301771452945504,0.31849683469505585,1.9105787035187103,-0.9979785268149017
877,22722019,i,14,-0.6359234113114792,0.04098843499710725,0.13683508094884922,2.4807169046759294,-0.6359234113114792
878,22722019,r,16,-0.8691132992006225,0.05725889489912939,0.12064836808693602,5.198080006581101,-0.8691132992006225
879,22780852,g,6,-0.41708422311871796,0.11387457223226938,0.23695173893885046,0.8296041567785654,-0.41708422311871796
880,22780852,i,7,-0.2977727731235569,0.1783773469062826,0.2867547645317827,0.818989054649222,-0.2977727731235569
881,22780852,r,7,-0.38681435692425115,0.024681250408398747,0.03245252201086812,0.823098609851532,-0.38681435692425115
882,22830785,g,2,-0.7555429490273847,0.05739016849783607,0.05739016849783618,0.9244341985579372,-0.7555429490273847
883,22830785,i,6,-0.38365033875381727,0.06683110542472087,0.12224614965269848,0.8423666314135758,-0.38365033875381727
884,22830785,r,7,-0.6930821256931575,0.0586143385818263,0.14143984287513445,2.063894044086747,-0.6930821256931575
885,22855986,i,5,-1.7683652565865915,0.03608679989622199,0.047358542497007994,14.826247316373642,-1.7683652565865915
886,22855986,r,6,-1.4819153429982843,0.06685449833167567,0.1233978904891666,12.330863846196449,-1.4819153429982843
887,22898018,i,6,-0.5713985460298318,0.05342014712542903,0.10437180881632346,1.4311995735339238,-0.5713985460298318
888,22898018,r,8,-0.861755553009518,0.0795317175443277,0.11366955369799614,2.725880915264344,-0.861755553009518
889,22906708,g,5,-0.18667362618460936,0.0530886653974727,0.15252705596796434,0.3798576456005092,-0.18667362618460936
890,22906708,i,11,-0.022960638917728815,0.035646079129581176,0.06846101033964593,0.11228945638481501,-0.022960638917728815
891,22906708,r,13,0.3019014322908172,0.0794889852878749,0.15717325331646226,0.4498885739696954,0.3019014322908172
892,22906708,u,3,0.31082555841510695,9.696501931166779e-05,0.020010619756320014,0.19348085338155618,0.31082555841510695
893,23008676,g,4,-0.9319398496695092,0.002241080078915769,0.04347551289288687,2.0304723228182238,-0.9319398496695092
894,23008676,i,7,-0.2935268712606407,0.2770258557282893,0.4303617455142234,1.2300310123081926,-0.2935268712606407
895,23008676,r,5,-0.3767611621395882,0.04245119422510846,0.07671369716919713,0.7896489954494438,-0.3767611621395882
896,23068873,i,7,0.6051273076060455,0.5913283738921942,1.0180874489744767,2.160591741677587,0.6051273076060455
897,23068873,r,3,0.6809728799088616,0.09310823926518508,0.33660701066433285,3.8667066880346805,0.6809728799088616
898,23124815,g,8,-0.32460881640170514,0.35106655331653575,0.6023849936292882,0.92603207213913,-0.32460881640170514
899,23124815,i,14,-0.43100331013839327,0.0526743195583918,0.10263929694050566,0.93311902801419,-0.43100331013839327
900,23124815,r,14,-0.509708729180465,0.024234074896205826,0.05252120160245932,1.5240753457817877,-0.509708729180465
901,23210424,g,3,-0.22886577651145834,0.06678900802430099,0.12403261310128877,0.13213908420722129,-0.22886577651145834
902,23210424,i,11,-0.3430811340359827,0.17328738469542715,0.23192317957202963,0.7186686510942913,-0.3430811340359827
903,23210424,r,11,-0.28430362926405367,0.33284485931875857,0.5561097114766749,1.2887871149737555,-0.28430362926405367
904,23213368,i,3,-0.6593613329901892,0.07091562712993882,0.34539417231371994,4.156046819832363,-0.6593613329901892
905,23213368,r,7,-0.7512211543175198,0.08918375273444146,0.14548324030932935,2.8653409724389127,-0.7512211543175198
906,23215193,g,4,-0.5927537341403618,0.032501157806503866,0.05384561473046723,1.4713313658850542,-0.5927537341403618
907,23215193,i,10,-0.32326929760976025,0.14474764902746473,0.27625489950054255,0.5457119224713141,-0.32326929760976025
908,23215193,r,9,-0.40415937271252567,0.08647543870803703,0.17868112330910146,0.9697973944439424,-0.40415937271252567
909,23231248,g,2,-1.1436599345939944,0.10907706864568367,0.10907706864568345,3.0195769080221013,-1.1436599345939944
910,23231248,i,3,-1.110370967354534,0.021059085931272703,0.06440161321409521,7.14975843758192,-1.110370967354534
911,23231248,r,7,-1.2850638070041978,0.0893689805377178,0.17294176122828975,6.59811453467613,-1.2850638070041978
912,23254698,i,5,-1.289716757095806,0.09301927347870276,0.16875561176461407,7.590966726303165,-1.289716757095806
913,23254698,r,8,-1.279819486475566,0.132576557682336,0.21708294796372019,6.660039070566895,-1.279819486475566
914,23303617,g,4,-0.3774029362653133,0.0859975511805976,0.19311826766621115,0.36299535520828985,-0.3774029362653133
915,23303617,i,7,-0.3545583124708731,0.022784103574052583,0.09784522134974577,0.9184488990926394,-0.3545583124708731
916,23303617,r,9,-0.5995660983228396,0.12074363684489031,0.23869435329455346,2.226794838862441,-0.5995660983228396
917,23309426,g,2,-0.8363963863162629,0.018632034185574353,0.018632034185574353,1.694248490969651,-0.8363963863162629
918,23309426,i,8,0.22000064491263766,0.32903528873942456,0.5820820920238144,0.7056939633934144,0.22000064491263766
919,23309426,r,5,-0.14532887261977967,0.12068185053837688,0.16286024392399123,0.2070029394745601,-0.14532887261977967
920,23337362,i,7,-0.2952812039502932,0.10358739458290867,0.26096824851249045,0.5852592689659512,-0.2952812039502932
921,23337362,r,6,-0.2950413236575564,0.12854703268074452,0.194701135712967,0.6192331668715689,-0.2950413236575564
922,23342255,g,3,-0.5163790099844041,0.05453659110128162,0.08957615105068706,1.0368235848381626,-0.5163790099844041
923,23342255,i,14,-0.2634353827199663,0.03467506382491052,0.06537810292655344,0.44044981547132295,-0.2634353827199663
924,23342255,r,14,-0.28999420795076186,0.07940480630061596,0.15469233190295834,0.5630061990276926,-0.28999420795076186
925,23342255,u,2,0.14090355973312851,0.0759341444580357,0.0759341444580357,0.03007698227921535,0.14090355973312851
926,23346396,g,4,-0.7741373626337785,0.15690527500855245,0.37579878603099837,1.121369650863873,-0.7741373626337785
927,23346396,i,14,-0.9591443640782354,0.06096583094089697,0.10425906338123125,5.332938186266143,-0.9591443640782354
928,23346396,r,8,-1.0890189621843602,0.04202912244762924,0.07494695688118402,6.625187191531564,-1.0890189621843602
929,23382422,i,7,-0.3305390471061714,0.16526541111430101,0.25260577722015254,0.8600167327764626,-0.3305390471061714
930,23382422,r,5,-0.15005398474593712,0.06313092107970769,0.0753651623016422,0.16802739047098053,-0.15005398474593712
931,23489452,g,6,-0.9357932414717065,0.0687139538650306,0.16889977255205513,2.858912495216582,-0.9357932414717065
932,23489452,i,5,-1.0137908670702807,0.07004888280696453,0.11505438348078623,5.744869820340493,-1.0137908670702807
933,23489452,r,10,-1.131007016642553,0.02883104547241544,0.05371076896894844,6.962628027182049,-1.131007016642553
934,23505686,g,3,-0.3869587025651433,0.18888060204687251,0.4105105074549855,0.945842188529582,-0.3869587025651433
935,23505686,i,6,0.8764088376713364,0.40088213467031963,0.8847669263433302,4.512416133208873,0.8764088376713364
936,23505686,r,6,-0.43371031466380616,0.0683223766758625,0.6721259583277701,1.3406951289792397,-0.43371031466380616
937,23517166,g,2,-0.4997421226728431,0.1447664760660028,0.1447664760660028,1.0471499778067805,-0.4997421226728431
938,23517166,i,8,0.6002437029633766,0.7013882056249409,1.3631797414137536,3.986302649147457,0.6002437029633766
939,23517166,r,11,-0.34721291252438746,0.41893465832433496,1.074683380233426,2.649497448962968,-0.34721291252438746
940,23545832,g,2,-0.6306230017737775,0.41905155703577823,0.41905155703577823,0.8274796223481703,-0.6306230017737775
941,23545832,i,6,-0.8601457486258997,0.10924806087524375,0.1948191996910682,2.9407028346910233,-0.8601457486258997
942,23545832,r,4,-1.4768663437350806,0.09141259028224835,0.4296160659167876,4.773382883202998,-1.4768663437350806
943,23585733,i,8,-2.566643939500152,0.09937971843099924,0.14973734069271938,34.0912425551236,-2.566643939500152
944,23585733,r,3,-2.3456721311027025,0.10940230596949352,0.11473709194179671,33.58688989254464,-2.3456721311027025
945,23586417,i,5,-1.377201015161401,0.05195022660767412,0.0737171562556791,9.147791214579865,-1.377201015161401
946,23586417,r,6,-1.2535143475395243,0.11547751172627141,0.18957813625619657,8.114110968595655,-1.2535143475395243
947,23591904,i,7,-0.3133219680267896,0.1612391691401347,0.2565350479267499,0.6430585178047801,-0.3133219680267896
948,23591904,r,6,-0.38381126351699196,0.017030342333914483,0.07159733429714166,0.838805630098079,-0.38381126351699196
949,23602153,g,3,-0.09346959973813895,0.33431637216835064,0.3986290870555538,0.1394990181667031,-0.09346959973813895
950,23602153,i,4,-0.10761285538253507,0.0318965077411244,0.07752888980856809,0.10615932170756134,-0.10761285538253507
951,23602153,r,4,-0.6599287722918435,0.08104970966257641,0.12717810023570342,1.617274914373184,-0.6599287722918435
952,23623845,g,2,-0.7771587746569955,0.1309856413956343,0.1309856413956343,0.6415932232951803,-0.7771587746569955
953,23623845,i,3,-0.028467652101661023,0.06673158573054305,0.2635689687340004,0.41711137392645853,-0.028467652101661023
954,23623845,r,6,-0.5156935832687878,0.470967296535603,0.7112033483579878,1.6031927776365575,-0.5156935832687878
955,23626280,g,2,-0.7262014482589159,0.023286844614578417,0.023286844614578417,0.7186196891671139,-0.7262014482589159
956,23626280,i,4,0.26512626983649057,0.3985072637195727,0.6936377736639847,1.897358548179823,0.26512626983649057
957,23626280,r,7,-0.6114611940704116,0.10477235009633201,0.3240386546679416,1.3368605096123585,-0.6114611940704116
958,23648508,g,4,0.05813305086985587,0.22259529082572216,0.454703661023912,0.12928144948343268,0.05813305086985587
959,23648508,i,9,0.6670050406260479,0.3312928590027746,0.49256474160586583,2.13818836903756,0.6670050406260479
960,23648508,r,7,0.5936345037323362,0.23255689450280315,0.5576860074630208,2.2745182263847363,0.5936345037323362
961,2365821,g,3,-0.951376220051525,0.06290899397588601,0.11778363640919076,2.694506454705469,-0.951376220051525
962,2365821,i,8,-0.6557030852681438,0.07958042796366244,0.15224333314540517,2.0651441600539524,-0.6557030852681438
963,2365821,r,9,-0.933673868033928,0.010199470231369023,0.019362899808924916,4.535168950220345,-0.933673868033928
964,23664891,i,6,-1.7600158445286294,0.1015383612179852,0.1586887744405756,19.642245762848674,-1.7600158445286294
965,23664891,r,6,-1.881582052398386,0.12226416192970346,0.21646012649447366,13.627065275964528,-1.881582052398386
966,23671865,i,6,-0.9755048621902185,0.07089183765551554,0.20573133611882966,4.833056534374462,-0.9755048621902185
967,23671865,r,5,-1.29407083443846,0.013185176927104747,0.016706374833568738,7.459852697175904,-1.29407083443846
968,23747590,i,11,0.07036203944156139,0.349914224130048,0.5151270820882426,1.1284967534010646,0.07036203944156139
969,23747590,r,10,0.235649255387527,0.10012155688222402,0.23129886479065825,0.4876277106208019,0.235649255387527
970,23764201,i,5,-0.3517060985502649,0.07011069725337316,0.6556934920570052,1.0552476178367338,-0.3517060985502649
971,23764201,r,3,0.5575231637739105,0.018877474522784432,0.02286572065028636,2.267834050097361,0.5575231637739105
972,23764201,u,2,-0.6360672314633664,0.14403142713594952,0.14403142713594952,0.4116428377543703,-0.6360672314633664
973,23766264,g,3,-0.7206170659895923,0.23396327606420586,0.42643335583770936,0.9939861190231424,-0.7206170659895923
974,23766264,i,3,0.10449891009315954,0.003384739421735089,0.4776795896049568,0.6922459319458268,0.10449891009315954
975,23766264,r,6,-0.3434916987119586,0.09743318660358902,0.16387468425756246,0.6269064218796656,-0.3434916987119586
976,2378003,i,9,-1.7079446945785839,0.26719831806904426,0.3946854495747192,17.68330270491109,-1.7079446945785839
977,2378003,r,6,-1.5975460355056263,0.04022949115900554,0.07407356508304375,11.923608514592678,-1.5975460355056263
978,23830689,g,7,-0.830747516809117,0.06292779627531608,0.2811173261072136,2.7521478472904204,-0.830747516809117
979,23830689,i,5,-0.3954131017107432,0.07763053246325247,0.08366619928013086,0.8672718498267153,-0.3954131017107432
980,23830689,r,8,-0.3805130362953885,0.27955124621651317,0.6401781852748644,1.934776286442851,-0.3805130362953885
981,23830689,u,3,-1.0727070117071547,0.06103326385824914,0.09023160896062987,1.073173437779192,-1.0727070117071547
982,23834058,i,7,-1.2383361041408827,0.06422947826873648,0.14922126010846348,8.452145715306253,-1.2383361041408827
983,23834058,r,4,-1.1795573394563443,0.09856353947746122,0.2223096499466981,7.982606787680831,-1.1795573394563443
984,23909995,i,10,-0.4598741316507416,0.13439411440525645,0.24556156859314404,1.1454721194307969,-0.4598741316507416
985,23909995,r,6,-0.7202116196536439,0.09911768440881435,0.15839082136575222,3.6420248170549887,-0.7202116196536439
986,23923641,i,5,-1.200294208208069,0.1678797195831745,0.17966275671953524,4.10009128201073,-1.200294208208069
987,23923641,r,7,-1.2154040178735448,0.03652357284203056,0.06153582075290642,6.993122531977478,-1.2154040178735448
988,23942564,g,7,-0.14180396556650487,0.13261733010445131,0.2069916554502218,0.11705154972157257,-0.14180396556650487
989,23942564,i,15,-0.22277922338229583,0.07881111761470813,0.36233100357657605,0.844729455732044,-0.22277922338229583
990,23942564,r,13,-0.11256540638614476,0.10815401841285166,0.5344679280394701,0.46781532820867827,-0.11256540638614476
991,23986674,g,2,-1.322507132257738,0.013558968251178305,0.013558968251178527,3.816220047075455,-1.322507132257738
992,23986674,i,7,-1.6105061566966108,0.029787536976166207,0.06998345444581178,14.912302909044588,-1.6105061566966108
993,23986674,r,4,-1.6228091860238143,0.06075009494413697,0.12232712461555062,15.80673858614691,-1.6228091860238143
994,24049947,g,3,-0.6524675342307078,0.07566387668029906,0.07880624881720011,1.1652380348452012,-0.6524675342307078
995,24049947,i,12,-0.28750876287169613,0.08568125436963414,0.14692790648256362,0.4404334115907833,-0.28750876287169613
996,24049947,r,12,-0.4178482699696232,0.1451896435288216,0.27547622154742224,1.652729236375506,-0.4178482699696232
997,24111301,i,7,-1.4000360773870777,0.12306290442147039,0.21532895778809813,9.40873353211388,-1.4000360773870777
998,24111301,r,7,-1.4338864563298654,0.07328549375721782,0.11842291207614553,11.562460727498252,-1.4338864563298654
999,24160006,g,7,-0.207256844419218,0.12650544780911743,0.30683542683507226,0.35181244808893314,-0.207256844419218
1000,24160006,i,13,-0.20713871384724514,0.046849386180046526,0.11558515996997731,0.20750925209121318,-0.20713871384724514
1001,24160006,r,12,-0.3639932626922391,0.043658849157043045,0.15440663687498643,0.5238938997091099,-0.3639932626922391
1002,2419257,i,10,-1.4000241135108262,0.13197775123352407,0.28278155170323105,9.558450215043333,-1.4000241135108262
1003,2419257,r,8,-1.3007796492675237,0.026371731499639228,0.054898633618601034,10.86405175289754,-1.3007796492675237
1004,24269072,g,3,-0.5620195164608557,0.007208343331809752,0.055418073563698766,1.1863833040204252,-0.5620195164608557
1005,24269072,i,6,-0.17676044755332976,0.09163357090446334,0.16953371406215223,0.2775969972706232,-0.17676044755332976
1006,24269072,r,5,-0.20716396091501324,0.09515310160053617,0.1763314267228604,0.32522647232509316,-0.20716396091501324
1007,24274017,g,5,-1.3814637081157013,0.12437727603135462,0.20332412108888498,3.312974882982188,-1.3814637081157013
1008,24274017,r,5,-0.47840509163303346,0.06284447258838155,0.44417566504611483,2.256119275086363,-0.47840509163303346
1009,24331737,g,5,-0.8532668242901886,0.02227172456971349,0.022662686568360457,2.522678129531052,-0.8532668242901886
1010,24331737,i,16,-0.30566966331882545,0.082784521110449,0.1583661171468677,0.5689200968654478,-0.30566966331882545
1011,24331737,r,17,-0.5672418212540622,0.14896639595356914,0.3128296409339929,2.1489796443915656,-0.5672418212540622
1012,24378026,g,2,-0.6105489733860763,0.02879526246298303,0.02879526246298303,0.8419261352254874,-0.6105489733860763
1013,24378026,i,11,-0.2306602149642887,0.06247986382511589,0.11419593433519898,0.4981223762712778,-0.2306602149642887
1014,24378026,r,8,-0.3997588822963691,0.06075005614076029,0.13639673913329986,1.2206285112251443,-0.3997588822963691
1015,24431159,g,3,-0.6534125425115986,0.07923276594232243,0.13110499895255423,0.8543489317767413,-0.6534125425115986
1016,24431159,i,6,-0.7923590352029113,0.021869881233632926,0.33026942940460047,2.729265413241366,-0.7923590352029113
1017,24431159,r,7,-0.9185692297409439,0.07415811967606267,0.11990506909207299,2.9636563307669683,-0.9185692297409439
1018,24483385,i,8,-0.10281461984168544,0.3004385092689662,0.6231997984683018,1.442460358055865,-0.10281461984168544
1019,24483385,r,8,-0.00043518677922849136,0.37704740760916966,0.6880189747237897,0.7984308403016447,-0.00043518677922849136
1020,2449044,g,2,-0.8351528424845436,0.07266399235893439,0.0726639923589345,2.4220978744117434,-0.8351528424845436
1021,2449044,i,5,-0.45921753298844326,0.04820489896711383,0.07124794531708428,1.4267228109851895,-0.45921753298844326
1022,2449044,r,5,-0.6589592277871198,0.05287608588789594,0.14639078310204445,3.417300523339057,-0.6589592277871198
1023,24491146,g,5,-0.6201369408855767,0.055775919291616516,0.19312586299316914,2.1616590116476204,-0.6201369408855767
1024,24491146,r,6,-0.45175932533013163,0.10479474635023667,0.17188950620323745,1.2678808187002804,-0.45175932533013163
1025,24501920,g,4,-0.24303185347311995,0.029688327522115587,0.07850848416252482,0.11229079114297531,-0.24303185347311995
1026,24501920,i,8,-0.7746952146687104,0.06749762623485739,0.1043713000416967,2.7986170808801063,-0.7746952146687104
1027,24501920,r,10,-0.5848258115621485,0.03472582820725445,0.07307073358490679,1.3958692029013244,-0.5848258115621485
1028,24508437,g,5,-0.8206763720021626,0.10596979573196519,0.24224172247111797,1.855952823513464,-0.8206763720021626
1029,24508437,i,4,-0.8224370803606467,0.18581504251879327,0.3931937168417433,3.0693106571525837,-0.8224370803606467
1030,24508437,r,8,-1.22002002634453,0.04023916330127586,0.07785043246794854,6.765834850945328,-1.22002002634453
1031,24651641,g,2,-1.0578787317983278,0.04793280660120702,0.04793280660120702,2.531624751024519,-1.0578787317983278
1032,24651641,i,9,-1.0820431275414917,0.13862567104450207,0.36211956197073303,5.689893729533642,-1.0820431275414917
1033,24651641,r,10,-1.335863672174509,0.019598528933864046,0.05685653756264131,8.30901132104395,-1.335863672174509
1034,24665304,i,8,0.057003990874532284,0.4675251144320271,0.8972308446036135,1.1246900259737613,0.057003990874532284
1035,24665304,r,5,-0.7327936285457195,0.17987724254317694,0.24389781858012016,2.453254801071361,-0.7327936285457195
1036,24735963,g,2,-0.9642521244903847,0.017324161323682197,0.017324161323682086,1.7541689539654866,-0.9642521244903847
1037,24735963,i,7,-0.919411299433563,0.0697002151528332,0.09892108772455221,3.9597516715800825,-0.919411299433563
1038,24735963,r,5,-1.1112232703114584,0.05109190775526362,0.10173208591970329,5.753767777304276,-1.1112232703114584
1039,24748448,i,10,-0.8146627877134198,0.05751178135890189,0.0979694590988287,3.9367991484916613,-0.8146627877134198
1040,24748448,r,5,-1.0416091405491725,0.04578153751110725,0.09873306361838474,5.231134565242635,-1.0416091405491725
1041,2484038,g,4,-0.37801208426119165,0.057387344831444864,0.07039919015469542,0.8251430166686712,-0.37801208426119165
1042,2484038,i,8,-0.10397496837262257,0.057081843545941965,0.21693489431065577,0.5443759041868746,-0.10397496837262257
1043,2484038,r,9,-0.13366764408749332,0.01857796926286523,0.036769342286878476,0.15170178872498322,-0.13366764408749332
1044,24867635,g,2,-1.3271572304072112,0.09879414668567787,0.09879414668567765,2.844971938467425,-1.3271572304072112
1045,24867635,i,5,-1.2281650847771797,0.1295597948646241,0.1500876819146275,8.949016446536206,-1.2281650847771797
1046,24867635,r,9,-1.3250178002402269,0.06798824131391656,0.14559935758166542,7.785552533548797,-1.3250178002402269
1047,24913227,g,3,-0.28673596982111005,0.4527181079921987,0.47172203769892207,0.2515788009043163,-0.28673596982111005
1048,24913227,i,10,-0.4203111773703733,0.5117305878544199,1.3684852452220522,3.271734877018845,-0.4203111773703733
1049,24913227,r,10,-0.4726844024001048,0.5299896134402106,1.2651080916412507,1.6044344356700748,-0.4726844024001048
1050,24929914,g,2,-0.7828516519616666,0.031081985080478436,0.031081985080478436,0.7916495061721688,-0.7828516519616666
1051,24929914,i,5,-0.22397225376109886,0.06416030665725447,0.282644564763971,0.22792995128774002,-0.22397225376109886
1052,24929914,r,6,-0.3982280046785588,0.15263726087127005,0.24952843381714962,0.8914442704545632,-0.3982280046785588
1053,24948340,i,6,-1.694131609300845,0.0903334552454963,0.15784312889584218,17.1441194074046,-1.694131609300845
1054,24948340,r,5,-1.9049691924636345,0.046150399977292755,0.10908109904053775,20.094284162221005,-1.9049691924636345
1055,25029888,g,5,-0.5803481288700159,0.0430072224452408,0.04466086105105305,1.8275094010713608,-0.5803481288700159
1056,25029888,i,8,0.202279381734572,0.24950493384431288,0.36386701757803186,0.5225672554255378,0.202279381734572
1057,25029888,r,9,0.07281748232601341,0.03767602394745746,0.062239511603992534,0.0768773023928698,0.07281748232601341
1058,25029888,u,3,-1.0630496667381693,0.0367501857233028,0.11385197144729164,1.6301376727664667,-1.0630496667381693
1059,25049466,g,5,-0.9547713015692747,0.15331937507388105,0.26290366365115725,1.7058893724971813,-0.9547713015692747
1060,25049466,i,4,-0.8934069365278565,0.04906873151481911,0.13943861371272792,4.130559887463588,-0.8934069365278565
1061,25049466,r,6,-1.1171786386915414,0.053230714289307035,0.09944271715195674,6.481703062529494,-1.1171786386915414
1062,25050900,g,5,-0.4020084866989546,0.019079557640874878,0.2079773860083547,1.1564589389639013,-0.4020084866989546
1063,25050900,i,2,-0.6305560678089648,0.004573348924158893,0.004573348924158949,2.013434761363187,-0.6305560678089648
1064,25050900,r,4,-0.5063834107408991,0.017799744613795354,0.06333808324471168,1.6679906577754737,-0.5063834107408991
1065,25050900,u,2,0.3988217656995957,0.24781294225849704,0.24781294225849698,0.2418557309630013,0.3988217656995957
1066,25108405,g,5,-0.910897654254804,0.03238309908365089,0.04192994793435023,2.169509439578158,-0.910897654254804
1067,25108405,i,8,-1.597127489993145,0.12968410953828002,0.20313786024532665,14.99608482962002,-1.597127489993145
1068,25108405,r,12,-1.6662942474028952,0.04916303765001895,0.11834720404663779,16.69630930413847,-1.6662942474028952
1069,25129532,g,3,-1.111961575579622,0.055855976727397616,0.14940417120431715,2.3355546393622744,-1.111961575579622
1070,25129532,i,3,-1.1254349621554205,0.07646835192053913,0.25006845936369326,7.0692268126311975,-1.1254349621554205
1071,25129532,r,6,-1.2082789044124222,0.27867040605607163,0.4778815474921716,6.152116204810419,-1.2082789044124222
1072,25129920,g,2,-0.6370329954164166,0.2131796442092465,0.2131796442092464,1.5324321537581371,-0.6370329954164166
1073,25129920,i,7,-0.667536985948749,0.055520171183089384,0.09721374150780526,2.068332497367442,-0.667536985948749
1074,25129920,r,9,-0.7939548906464433,0.07884596398680643,0.1518341256616894,3.2189938057511145,-0.7939548906464433
1075,25148189,i,6,-0.4539351744456708,0.055234498418172545,0.10119045017854145,1.2649268599011447,-0.4539351744456708
1076,25148189,r,6,-0.6320012078203269,0.06500190325796079,0.1457507574440795,2.5506110560000566,-0.6320012078203269
1077,25172560,i,7,-2.025942923356943,0.12291860391712506,0.2023204451477849,22.94815054448819,-2.025942923356943
1078,25172560,r,6,-1.9005508378056741,0.047993573690825686,0.13895048683784728,13.026323459651692,-1.9005508378056741
1079,25275796,g,2,-0.7503558939722987,0.20369915704208674,0.20369915704208674,1.582107854381701,-0.7503558939722987
1080,25275796,i,6,0.43646995248560316,0.08616802505185286,0.14097133187379918,0.9037098779096682,0.43646995248560316
1081,25275796,r,10,-0.058397248317252196,0.2524728615854477,0.48212042123500043,0.46973884600246346,-0.058397248317252196
1082,25303280,i,12,-0.5158986412852192,0.11051193909801407,0.21463274885820144,1.5550991980305318,-0.5158986412852192
1083,25303280,r,9,-0.8063977462471045,0.1205496692192497,0.20586436127103325,3.183648882036115,-0.8063977462471045
1084,25481345,g,3,-0.5075027291236949,0.020689056134950867,0.029487723503556773,0.49065607174251324,-0.5075027291236949
1085,25481345,i,6,-0.4403186653817917,0.07429272416916605,0.11984288980757707,0.914229344469336,-0.4403186653817917
1086,25481345,r,6,-0.8648147111642968,0.034128865388926344,0.05482419474571443,4.064172536428689,-0.8648147111642968
1087,2556022,i,7,-1.0707486016076495,0.047794987690072954,0.11757921422879924,6.549401016889901,-1.0707486016076495
1088,2556022,r,9,-1.3083721178893084,0.07799650721068119,0.12410384966060795,7.975331749659446,-1.3083721178893084
1089,25617928,i,7,-1.7334407334969315,0.022430018056774248,0.05918069376279966,19.250792176059626,-1.7334407334969315
1090,25617928,r,4,-2.064156398201593,0.019289316345103114,0.03947187232414118,26.349609504765866,-2.064156398201593
1091,25627849,g,3,-0.44074870138716893,0.04074047566141803,0.2934855467502919,0.3773504224512525,-0.44074870138716893
1092,25627849,i,3,-0.41099390100529565,0.11240432695847413,0.17431074818955716,0.8495710384681777,-0.41099390100529565
1093,25627849,r,6,-0.6064459166250982,0.21232334542693398,0.4093179202024372,2.080862631989907,-0.6064459166250982
1094,25630603,g,3,-0.8227802760384939,0.15824687377144264,0.20187466691893152,1.1034796807237677,-0.8227802760384939
1095,25630603,i,8,-0.5201590803197306,0.10017822948403099,0.3243785525763394,1.095931080168876,-0.5201590803197306
1096,25630603,r,8,-0.4986067248860845,0.24056601836457436,0.39615568573845983,1.3126290455776353,-0.4986067248860845
1097,25639270,i,9,-0.8692255452468629,0.05645835384432951,0.2501606651182373,4.47505161023199,-0.8692255452468629
1098,25639270,r,8,-1.2622012636264794,0.03668512420163028,0.06658774246676757,8.39607816097222,-1.2622012636264794
1099,2565472,i,7,-0.9898207882203336,0.145400955653199,0.29476032794390217,5.988257452152395,-0.9898207882203336
1100,2565472,r,6,-0.8729636685526171,0.08683879688560614,0.13548070185488104,4.85797614823939,-0.8729636685526171
1101,25669200,i,4,0.7751905171207016,0.168112095699662,0.3971871125979973,3.3655739644005958,0.7751905171207016
1102,25669200,r,8,-0.46907224751926324,0.4279007534426489,0.8965138281735049,1.3844097500442811,-0.46907224751926324
1103,25669200,u,2,-1.659201424993893,0.08600011701317944,0.08600011701317944,2.274837510257692,-1.659201424993893
1104,25730581,g,4,-0.6669760065479595,0.12338819735876605,0.25917828036680257,1.0003900272689181,-0.6669760065479595
1105,25730581,i,3,1.1253954637975168,0.02394629316951713,0.6449273305534696,4.673291946184333,1.1253954637975168
1106,25730581,r,9,0.8339532043611355,0.18643572320300894,0.8100359792720995,4.283194962408981,0.8339532043611355
1107,25730581,u,4,-0.20519746817231344,0.09440785693932674,0.217289841691105,0.10799399375327148,-0.20519746817231344
1108,25762776,g,3,-0.6515652926898419,0.027437202050359044,0.047020542958336686,0.5239700470999491,-0.6515652926898419
1109,25762776,i,4,-1.121394561046977,0.05319321615072392,0.11799334862430388,5.634712889466315,-1.121394561046977
1110,25762776,r,5,-1.1139141302960682,0.19372500513826219,0.32830195093671444,5.685814648628195,-1.1139141302960682
1111,25803170,i,7,-2.3903873052183036,0.1144981048800835,0.2459375292090873,31.388868058535234,-2.3903873052183036
1112,25803170,r,5,-2.220594023287436,0.10097010736302536,0.1868865597288325,20.05130870968909,-2.220594023287436
1113,25820395,i,4,-1.7320384272472447,0.06964815162991389,0.21822384767828074,15.687277480210327,-1.7320384272472447
1114,25820395,r,9,-1.5694048982068065,0.08193128534445981,0.18200027989689094,8.770704808133019,-1.5694048982068065
1115,25825964,i,9,-1.6394213709909617,0.10822617085683062,0.28369552246732144,14.192246317681956,-1.6394213709909617
1116,25825964,r,8,-1.7189109082862166,0.03408280891676618,0.13391023031144367,12.807854028994985,-1.7189109082862166
1117,25889024,g,4,-0.8391433588511833,0.12267038605766867,0.20006362069681916,1.0607651817092179,-0.8391433588511833
1118,25889024,i,6,0.27775707930140237,0.41618817028898486,0.806103124558234,1.423675234402439,0.27775707930140237
1119,25889024,r,8,-0.6272440743552701,0.35593189390323765,0.6016682381282066,2.1955399552089245,-0.6272440743552701
1120,25903543,i,11,0.08730341896601312,0.09871332313959014,0.5257166422062882,0.6226974288684372,0.08730341896601312
1121,25903543,r,11,-0.372652007572178,0.21638168609104103,0.40987867391840305,1.061650020418027,-0.372652007572178
1122,25903543,u,2,-1.5245717327845125,0.025529448406330313,0.025529448406330202,2.469275797380456,-1.5245717327845125
1123,25906660,i,5,-1.6161357959411955,0.036513753062569876,0.2278446142090702,14.603411583084025,-1.6161357959411955
1124,25906660,r,6,-1.863448604543734,0.03828498702446892,0.06369703528100024,18.616653476043954,-1.863448604543734
1125,25923671,g,4,-0.8451348160417387,0.2970331101145891,0.7174740385438217,1.0183124771307597,-0.8451348160417387
1126,25923671,i,12,0.055420130011096136,0.3940222297243898,1.0116781089804308,2.2494833773257072,0.055420130011096136
1127,25923671,r,8,-0.6866277132416687,0.3192700056901503,1.1309522112496315,2.843078485025946,-0.6866277132416687
1128,26025427,i,6,-0.6679618712466638,0.037238871411047814,0.21703693796502332,3.1268908635688386,-0.6679618712466638
1129,26025427,r,5,-0.6660561146338513,0.03554820405876635,0.038692543310866134,2.390490959928129,-0.6660561146338513
1130,26028365,i,11,-1.4028202679222481,0.03464320688978062,0.049309925434041224,11.346777420775247,-1.4028202679222481
1131,26028365,r,11,-1.404496597873013,0.04824435901665547,0.09324594767362249,10.458658005790511,-1.404496597873013
1132,26049408,i,4,0.9292900673109465,0.44137386775538445,0.962158070698893,3.6882943014544485,0.9292900673109465
1133,26049408,r,7,0.32856931541981393,0.4546553256502591,0.6102619842544207,2.2612901483743766,0.32856931541981393
1134,2609835,i,7,-0.45078542997967586,0.10250129431414051,0.12754160530974867,1.2009136996570613,-0.45078542997967586
1135,2609835,r,8,-0.6864932197069161,0.047774414365586104,0.07742161933680503,2.245542716389827,-0.6864932197069161
1136,26108514,g,2,-0.6569888447840384,0.06757864089395227,0.06757864089395227,0.5659019961151709,-0.6569888447840384
1137,26108514,i,5,0.13713552498812404,0.11960985960276771,0.330880662195381,0.14298038478300415,0.13713552498812404
1138,26108514,r,5,-0.5181535719270225,0.21009998971785615,0.4633174172085198,1.0216714379236493,-0.5181535719270225
1139,26162107,i,5,-0.43380409058797387,0.03571966666765847,0.06461467950953226,0.975135641784734,-0.43380409058797387
1140,26162107,r,6,-0.7951228455132576,0.1086228527498092,0.3397495375131062,4.533931985149707,-0.7951228455132576
1141,26208300,g,3,-0.7137339674184844,0.05119186711686774,0.24258967071471482,1.708479616882772,-0.7137339674184844
1142,26208300,i,5,-0.2409638234668573,0.11752912868864374,0.24959371251850454,0.42347979058504626,-0.2409638234668573
1143,26208300,r,6,-0.5323169883573831,0.02245125156661837,0.04382923656906135,1.8597946030625672,-0.5323169883573831
1144,26235829,g,3,-0.671027133213379,0.030121594510934768,0.05061177731230593,1.5246446194177319,-0.671027133213379
1145,26235829,i,7,-0.7931652481287436,0.05845958425726894,0.18421864253341524,2.6231732390323392,-0.7931652481287436
1146,26235829,r,6,-0.676819148051122,0.0340814395081081,0.06101281833398031,2.6298574323607156,-0.676819148051122
1147,26256657,g,5,-0.7595866084394451,0.008228141091096597,0.028995728926211495,1.915390658533776,-0.7595866084394451
1148,26256657,i,5,-1.1017894052994919,0.02536353783311851,0.0919277658612978,4.228293130047776,-1.1017894052994919
1149,26256657,r,7,-1.0231234040828747,0.047046473444020576,0.15947887384438153,5.40216882276252,-1.0231234040828747
1150,26272952,g,4,-0.8441622221706777,0.040814357206177265,0.0713197430514777,1.867598308687827,-0.8441622221706777
1151,26272952,i,10,-0.5983665849433488,0.11780170485047309,0.19535493419900374,2.01254839315312,-0.5983665849433488
1152,26272952,r,9,-0.7521833576753758,0.07733851047769025,0.16514612518143146,4.231699311882278,-0.7521833576753758
1153,2627298,i,8,-1.8108992664494878,0.0769620725922796,0.11913931674728451,19.71217880350278,-1.8108992664494878
1154,2627298,r,5,-2.079395672434852,0.14395391312240058,0.27292785883753545,14.954601409758874,-2.079395672434852
1155,2633544,g,5,-1.0572199078702227,0.047859227516387604,0.07093840124936945,3.5038319150708475,-1.0572199078702227
1156,2633544,i,3,-0.22983413481510867,0.0170518349726137,0.13057703142322793,0.5570377974861954,-0.22983413481510867
1157,2633544,r,3,-0.5884483941352476,0.15431001985371884,0.2377582171643765,1.7373168238504755,-0.5884483941352476
1158,26339781,g,2,-0.11777401778135854,0.23668910761147066,0.23668910761147066,0.14137639484327613,-0.11777401778135854
1159,26339781,i,5,-0.22246478305440898,0.06986357998309001,0.10512482921494853,0.31978488075794675,-0.22246478305440898
1160,26339781,r,5,-0.3486992287300681,0.01591576645252757,0.02708611283000406,0.8275617519263607,-0.3486992287300681
1161,26351347,i,11,-0.2644444961624871,0.04214171435180919,0.07515416710568273,0.4257289375328792,-0.2644444961624871
1162,26351347,r,11,-0.4481989282508109,0.05773712510156864,0.09620428295331557,1.3285443247352715,-0.4481989282508109
1163,26358330,g,2,-0.1267024865907902,0.2895293800190193,0.2895293800190193,0.2205229448629694,-0.1267024865907902
1164,26358330,i,8,-0.05220620140557755,0.27638670158290285,0.5622687008928156,1.14313124864056,-0.05220620140557755
1165,26358330,r,9,-0.3551147255334284,0.16699329088279669,0.6104819028972734,0.8207480541913406,-0.3551147255334284
1166,26439770,i,4,-0.5515934597051226,0.10395135285209933,0.20875108351081234,1.5954793150954256,-0.5515934597051226
1167,26439770,r,7,-0.8787510410183259,0.09525678113104696,0.17577822852614322,3.5357159443494948,-0.8787510410183259
1168,26445204,i,7,-1.7281064347856003,0.13944043480063906,0.2853139737584114,15.654631717627305,-1.7281064347856003
1169,26445204,r,5,-2.0445808208568548,0.05087388975353546,0.059715666861165584,14.737301214376625,-2.0445808208568548
1170,26463986,i,3,0.3353146084700998,0.04808864158727966,0.38308374043721727,0.5699675306307156,0.3353146084700998
1171,26463986,r,6,0.007938672799310306,0.43974559377937833,0.8696492200135668,0.9837955114765458,0.007938672799310306
1172,26471369,i,5,-0.0724698718932999,0.045917817050225906,0.06461812829859337,0.8693567420688255,-0.0724698718932999
1173,26471369,r,7,-0.34050781405346875,0.10365572801854928,0.16474222964419982,0.6033101434931752,-0.34050781405346875
1174,26536600,g,5,-0.7727821893485578,0.016024957517273952,0.03125194911667917,1.8172098558717646,-0.7727821893485578
1175,26536600,i,18,-0.15696562999833744,0.39086979905791386,0.7645571544112012,0.9824406707040682,-0.15696562999833744
1176,26536600,r,14,-0.39152711258425243,0.16842093679419973,0.2506438453257044,1.3580570111511954,-0.39152711258425243
1177,26536600,u,2,-1.1250064758857727,0.04710329803290292,0.047103298032902696,1.173662975553128,-1.1250064758857727
1178,26569429,i,6,-0.1896721283985181,0.11068637742779597,1.2000509860802813,3.7735998485962488,-0.1896721283985181
1179,26569429,r,4,0.6242400831464746,0.4007889398228952,0.9342733810106831,4.171271816622347,0.6242400831464746
1180,2660308,g,3,-0.6735680631238262,0.018674968461398378,0.06974429986229347,1.8319070372863242,-0.6735680631238262
1181,2660308,i,13,-0.17420052847264433,0.21208316197710597,0.41474034129011084,0.5900036745089404,-0.17420052847264433
1182,2660308,r,14,-0.4412774756308524,0.21734973328690704,0.36630821600492025,1.9110536766985917,-0.4412774756308524
1183,26615000,g,2,-0.7890923530568346,0.03551325620021323,0.03551325620021328,2.019458130958638,-0.7890923530568346
1184,26615000,i,4,-0.2142229718129534,0.03687820334226041,0.05534191333167787,0.25810983574719126,-0.2142229718129534
1185,26615000,r,5,-0.4207535346801869,0.06622795924337183,0.09808451269386353,1.1544006629697199,-0.4207535346801869
1186,26661084,i,4,-0.6269408446954012,0.041770599604716796,0.1002813154829778,2.1591098182776367,-0.6269408446954012
1187,26661084,r,6,-0.8653348114329314,0.04910071212056111,0.08738239189317931,4.119064613678257,-0.8653348114329314
1188,26670191,g,3,-0.8340957226573984,0.010254795200674738,0.19379734052748643,2.6618636970924485,-0.8340957226573984
1189,26670191,i,4,-0.41670482423240696,0.09329252197495755,0.12068684971992633,0.9343573731986211,-0.41670482423240696
1190,26670191,r,7,-0.5309089060528123,0.06768337405647562,0.08626870328866543,1.6849404877193117,-0.5309089060528123
1191,26688092,g,2,-1.0433591061327143,0.055051513465197655,0.055051513465197655,2.7936047568211615,-1.0433591061327143
1192,26688092,i,5,0.7374137541540725,0.34597235838116214,0.9376345443254828,2.887943309196613,0.7374137541540725
1193,26688092,r,5,0.36024751311616243,0.1678578348100871,0.7445524564359581,1.2008041557936084,0.36024751311616243
1194,26688092,u,3,-1.0468870967636217,0.004966714196200872,0.05384626091055089,1.114768767770465,-1.0468870967636217
1195,26696047,i,7,0.40301700078548397,0.4184042979294671,0.8873160524447363,1.4323031546931606,0.40301700078548397
1196,26696047,r,4,-0.23048278842299288,0.09652511214635184,0.18654742933809915,0.5634578525008916,-0.23048278842299288
1197,26713823,i,8,-0.5361047531966163,0.037694420441537535,0.08154798091090804,1.5344704806362501,-0.5361047531966163
1198,26713823,r,6,-0.6571141614479166,0.025222959717505766,0.039021793964171825,2.4691929901126333,-0.6571141614479166
1199,26793992,g,2,-0.6301500765037289,0.02200942281637913,0.022009422816379076,1.8048556093103592,-0.6301500765037289
1200,26793992,i,6,-0.7770074463189294,0.022848022221537978,0.037141115446754025,2.990824344552611,-0.7770074463189294
1201,26793992,r,10,-0.765036649726716,0.06798035756952991,0.13391129207483443,3.433508139404317,-0.765036649726716
1202,26797627,i,8,-1.5083264019974494,0.07703895953670326,0.153771439221982,10.856742074844412,-1.5083264019974494
1203,26797627,r,5,-1.4744879457704199,0.029692116022604464,0.16058251141435886,8.810577809988185,-1.4744879457704199
1204,27097707,i,6,-0.5203674625687078,0.13076237093198484,0.22397691037518885,1.712283482004459,-0.5203674625687078
1205,27097707,r,5,-1.1207859373717248,0.21142181619260558,0.4396175693494898,5.838539959800886,-1.1207859373717248
1206,27115680,g,3,-0.5428839561231973,0.15845896901287082,0.3513502406789135,0.6269651601819729,-0.5428839561231973
1207,27115680,i,8,-0.14882667483637213,0.12388181533198347,0.24059365484910378,0.7358354669408563,-0.14882667483637213
1208,27115680,r,9,-0.31377838764542765,0.18786895864675235,0.38011487784715103,0.6369440889946526,-0.31377838764542765
1209,27168221,i,5,-0.3112860721405987,0.0695447964437681,0.11573193505907348,0.4367402817323566,-0.3112860721405987
1210,27168221,r,9,-0.43287825006982394,0.01654668986090002,0.05826022187640423,1.1048220251001082,-0.43287825006982394
1211,27200152,g,3,-0.7645694217610588,0.1493999945360056,0.17256906418347617,1.9956098992950768,-0.7645694217610588
1212,27200152,i,8,-0.26086550030752875,0.16297186655054927,0.2915785992971661,0.7099796793066508,-0.26086550030752875
1213,27200152,r,8,-0.3557791880362727,0.09230154981531788,0.23226961814601318,0.7018915566989634,-0.3557791880362727
1214,27220130,g,3,-1.0900222732443057,0.11623066602993348,0.13344618464915392,2.6845140056713803,-1.0900222732443057
1215,27220130,i,10,-0.4936469749095802,0.05896743601874488,0.09824596670526275,1.293609913958616,-0.4936469749095802
1216,27220130,r,6,-0.8724399726574141,0.059901987943680735,0.10412426644155293,4.8892449303702294,-0.8724399726574141
1217,27220324,g,2,-0.8085068419062977,0.020038525110978922,0.020038525110978922,1.2930881043536644,-0.8085068419062977
1218,27220324,i,5,-1.1404908381277319,0.07225772222108895,0.08463861858769195,7.482412108233109,-1.1404908381277319
1219,27220324,r,8,-1.2826122336185395,0.08037231452866744,0.16932846661367673,10.532836083278172,-1.2826122336185395
1220,27222820,i,14,-1.7529210673343776,0.1348765513574307,0.24866072009925344,17.95294383277591,-1.7529210673343776
1221,27222820,r,13,-1.8333922466094918,0.08173913404731659,0.15000502162126406,18.64629186697315,-1.8333922466094918
1222,2723488,i,6,-1.277802398580443,0.11367296984117436,0.1934005906633407,7.102965710242067,-1.277802398580443
1223,2723488,r,5,-1.3720405941560507,0.05646600710663918,0.09921931755766544,12.006073351621344,-1.3720405941560507
1224,27257038,g,2,-0.2369163989819063,0.12206134532683333,0.12206134532683333,0.14237068624667762,-0.2369163989819063
1225,27257038,i,10,-0.8594253507102122,0.08933406905737107,0.2429332920471471,4.1845145738327485,-0.8594253507102122
1226,27257038,r,11,-1.1687804412089053,0.021574119565628047,0.054225631844801114,6.728684378185893,-1.1687804412089053
1227,27266870,g,3,-1.2040874714155676,0.08653488643289053,0.18182685596649972,3.8051376457975743,-1.2040874714155676
1228,27266870,i,4,-1.0578527691404707,0.06287563482334979,0.10650947296008195,4.585348083742396,-1.0578527691404707
1229,27266870,r,7,-1.463345921164101,0.062136418574029406,0.09078645923407858,9.682173709485411,-1.463345921164101
1230,27305224,g,4,-0.11773616891224303,0.11674948820384912,0.2578240328470919,0.07195645099783003,-0.11773616891224303
1231,27305224,i,6,0.28249325503815326,0.13075095741433346,0.22043645249124477,0.7833296625375518,0.28249325503815326
1232,27305224,r,9,0.18630270054688924,0.18146773577868291,0.40519005887009557,0.7398876264088783,0.18630270054688924
1233,27392390,g,2,-0.7708097015104398,0.15761675871215197,0.15761675871215197,2.2663201396804844,-0.7708097015104398
1234,27392390,i,5,-0.9398563279131027,0.02728156141297,0.04031943752629252,4.657723979663947,-0.9398563279131027
1235,27392390,r,10,-1.0075922906842854,0.02918861455079025,0.058548719494843304,4.5498830554805725,-1.0075922906842854
1236,27427299,i,6,-0.22318572028276373,0.10752691675240555,0.27680272830306357,0.30609809475011657,-0.22318572028276373
1237,27427299,r,5,-0.5047301749181397,0.01118818034839597,0.08104481960316567,1.4598820467087148,-0.5047301749181397
1238,27444875,g,5,-0.6433067253705445,0.13267718010254437,0.17860857235535876,1.5605004259481352,-0.6433067253705445
1239,27444875,i,5,-0.20089155426073202,0.10953319626782915,0.11802244085199859,1.9411170095961872,-0.20089155426073202
1240,27444875,r,12,-0.3458938523691981,0.1984458028548417,0.7514380784155132,2.3781804373051396,-0.3458938523691981
1241,27444875,u,2,-1.0341986413370183,0.3230937473353188,0.3230937473353187,1.2767721654778987,-1.0341986413370183
1242,27527296,g,2,-0.9679478707777337,0.13419303262853466,0.13419303262853455,1.6184368885814626,-0.9679478707777337
1243,27527296,i,7,-0.9572252477611268,0.10325758598516777,0.18422629430700077,4.386299742971677,-0.9572252477611268
1244,27527296,r,7,-1.2223726730884072,0.054667863285338125,0.07940457397637934,8.797534203393086,-1.2223726730884072
1245,27546995,g,4,-0.41882378564510825,0.03474279686726467,0.1394980799355255,0.6713834645400387,-0.41882378564510825
1246,27546995,i,4,-0.32371227116223156,0.02775291490635931,0.06601814676509632,0.5599424351581661,-0.32371227116223156
1247,27546995,r,4,-0.13055426686010574,0.06348504955732671,0.15253272993395814,0.1783208287472927,-0.13055426686010574
1248,27562350,i,7,-0.6648046769161187,0.13455386258597524,0.27221826307877406,3.377272085001999,-0.6648046769161187
1249,27562350,r,5,-1.102199865322139,0.11223129529113729,0.20401205174742332,6.103312727973145,-1.102199865322139
1250,27570925,g,2,-0.5316540349830766,0.00952417310999143,0.009524173109991318,0.33127112370199857,-0.5316540349830766
1251,27570925,i,9,-0.6764043091697577,0.052805764556951296,0.08204671711506717,2.8723014419934625,-0.6764043091697577
1252,27570925,r,7,-0.9072256396628355,0.09902265489174722,0.21385157813031785,4.1633428606900775,-0.9072256396628355
1253,27579436,i,7,-0.20859391837193558,0.035105299894611613,0.07819469060522247,0.3412583285085133,-0.20859391837193558
1254,27579436,r,5,-0.36741850372855966,0.016828639393700384,0.020277882325546392,0.522616665052724,-0.36741850372855966
1255,2760688,i,7,-0.6502324672118507,0.09413404495787336,0.13675865705517587,2.3007474694675096,-0.6502324672118507
1256,2760688,r,6,-0.8064428182467871,0.025643000905486435,0.07627309358716405,3.850430287442636,-0.8064428182467871
1257,27632984,i,8,-1.573387888319142,0.0736249768633076,0.149223108521509,12.721707824122554,-1.573387888319142
1258,27632984,r,4,-1.5538081739801461,0.08705853711099898,0.21161437211360434,7.9384334289079765,-1.5538081739801461
1259,27633426,g,2,-0.6970412361925449,0.3168926015210165,0.3168926015210165,1.7737937837902664,-0.6970412361925449
1260,27633426,i,6,-0.12299413911538698,0.1877158338881258,0.839497084573704,2.721561138723231,-0.12299413911538698
1261,27633426,r,6,-0.41615575968971363,0.06821918163837448,0.10646180675188516,0.8659780989465613,-0.41615575968971363
1262,27634907,g,3,-0.7787635987305891,0.040002024898462385,0.07715665060404486,1.8428158231215936,-0.7787635987305891
1263,27634907,i,8,-0.22519750280259265,0.11013671054914076,0.5850004803292774,0.9924932380368705,-0.22519750280259265
1264,27634907,r,11,0.3719714151066347,0.1349047237650458,0.5625288152784335,0.9587412888561008,0.3719714151066347
1265,27634907,u,4,-1.335483907292742,0.33663261503868047,0.7281361392431654,1.5168052523197022,-1.335483907292742
1266,27647402,i,8,-0.5245783471325962,0.12434027082780946,0.21611169974772165,1.6264910596191129,-0.5245783471325962
1267,27647402,r,3,-0.7536772260973323,0.009369147417009449,0.11629855324579608,3.1016650377056583,-0.7536772260973323
1268,27648761,g,2,-0.6212662729383633,0.04613262330575418,0.04613262330575418,1.4694063456223208,-0.6212662729383633
1269,27648761,i,10,-0.2103088548544205,0.09218277615247733,0.16992565142271765,0.31902005001297024,-0.2103088548544205
1270,27648761,r,8,-0.189132750010635,0.09067322985123405,0.18708954349321538,0.2670150873728209,-0.189132750010635
1271,27709074,g,3,-1.2765887245383107,0.020292586854027794,0.03404175366493334,4.41895384455005,-1.2765887245383107
1272,27709074,i,8,-0.8217485530940201,0.07437327611180722,0.2222197616367667,4.07479412884701,-0.8217485530940201
1273,27709074,r,8,-1.024354624865222,0.060056497138929577,0.14015931157328365,5.084714688770779,-1.024354624865222
1274,27711884,i,14,-0.37722777779295125,0.06255535073826837,0.16283405110234606,0.6165405587043625,-0.37722777779295125
1275,27711884,r,8,-0.8850940146621705,0.10396643831019947,0.15447812064085598,3.6388927880229422,-0.8850940146621705
1276,27802523,g,2,-1.4101982307435579,0.1276918533789323,0.12769185337893219,2.935739802841809,-1.4101982307435579
1277,27802523,i,7,-1.806562630484704,0.02976150832550961,0.07346245382281524,18.592328229562863,-1.806562630484704
1278,27802523,r,8,-2.0001916176900725,0.10255676275094516,0.2055138059517121,16.607938090857502,-2.0001916176900725
1279,27817829,g,4,-0.6698685825328807,0.07038948929177014,0.09401238292944047,1.938023286342769,-0.6698685825328807
1280,27817829,r,6,-0.32279154185557435,0.02639551897993264,0.04700480237413962,0.8282071101830875,-0.32279154185557435
1281,27863856,g,3,-0.5038228025879865,0.004112872356964781,0.0227725949360007,0.5940011751088132,-0.5038228025879865
1282,27863856,i,7,0.03751341538034575,0.26250875167766846,0.5573710327110217,0.6722453405376073,0.03751341538034575
1283,27863856,r,10,0.2088065773461002,0.051400699096576435,0.5774285157778739,0.583778517018804,0.2088065773461002
1284,27863856,u,2,-0.8266806915233986,0.0166644643080347,0.0166644643080347,0.5610346618919421,-0.8266806915233986
1285,27886271,g,5,-0.4883551996011406,0.06623635579627463,0.17709493555244993,1.2314839156373587,-0.4883551996011406
1286,27886271,i,4,-0.16382954713760517,0.09194865163623081,0.25015854570233154,0.44704787116902184,-0.16382954713760517
1287,27886271,r,5,-0.5878153627773904,0.1036035801824089,0.1434320609231748,1.0185707187408202,-0.5878153627773904
1288,27909896,g,4,-0.24925917837160227,0.04352830462053936,0.06675467011816988,0.13531792721624503,-0.24925917837160227
1289,27909896,i,12,-0.3973832875744367,0.027969413650647784,0.08749742213904638,0.6263910633113515,-0.3973832875744367
1290,27909896,r,9,-0.4463797395437371,0.07988180168610404,0.15893908004216784,0.8849077138805936,-0.4463797395437371
1291,27954106,i,6,-0.6619087016613727,0.07051055593751682,0.12809847871761293,2.252906111476983,-0.6619087016613727
1292,27954106,r,6,-0.6572559941377198,0.05406560219245948,0.09952349965275153,1.5943318737247412,-0.6572559941377198
1293,27979072,i,5,-0.15416286505918686,0.10611436337718638,0.5670359529197906,2.37680972500068,-0.15416286505918686
1294,27979072,r,6,-0.2561457335353362,0.3337332222752464,0.6532344154661788,0.9111285269904084,-0.2561457335353362
1295,28009834,i,7,-0.3393521526970069,0.23083318966235256,0.44469693151720957,0.8589714152239581,-0.3393521526970069
1296,28009834,r,4,-0.4703234829876679,0.17337173682680862,0.30596083573307975,1.3487328641241731,-0.4703234829876679
1297,28040254,i,6,-0.9987521757313279,0.04790985442767509,0.07415032693267087,5.268078029566441,-0.9987521757313279
1298,28040254,r,6,-1.1727029615689408,0.02084977004005506,0.04918880698051842,7.764183766987045,-1.1727029615689408
1299,2805992,g,3,-0.3508399023388873,0.06771544068942648,0.1689013117344546,0.7185302182696662,-0.3508399023388873
1300,2805992,i,8,-0.22671140211891572,0.05928090289222743,0.1075958867333798,0.5928961390148968,-0.22671140211891572
1301,2805992,r,8,-0.34579204532333835,0.05901739040043552,0.1092887629212429,1.2950220508596026,-0.34579204532333835
1302,28062026,g,6,-0.8014405569491687,0.16258758012604335,0.29475567737706854,1.3779475758083255,-0.8014405569491687
1303,28062026,i,12,-0.1586933260446718,0.29149382768892484,0.510556379497403,0.8176260035613256,-0.1586933260446718
1304,28062026,r,9,-0.10569010312203464,0.09329987484746749,0.4080360280219293,1.251407834864931,-0.10569010312203464
1305,28085315,g,5,-0.7121243460873844,0.01908944244067745,0.01950551223813335,2.0587612642830555,-0.7121243460873844
1306,28085315,i,4,-0.4686880059807896,0.11789569294877777,0.14385744156912805,0.7939147497877233,-0.4686880059807896
1307,28085315,r,3,-0.7939199972184856,0.016915959996225194,0.16819506063333023,2.1099153257555727,-0.7939199972184856
1308,28118971,g,2,-0.7774816799648971,0.02502807869517043,0.02502807869517043,0.895711946066635,-0.7774816799648971
1309,28118971,i,9,-0.6762264551797562,0.03577924921556297,0.04949993580971146,2.173618310012616,-0.6762264551797562
1310,28118971,r,5,-1.0960416183003332,0.013415590070262606,0.021486712146314035,4.610939084838446,-1.0960416183003332
1311,2828093,i,13,-1.1655770894129818,0.08143493762665854,0.14466376049577812,6.822256677620861,-1.1655770894129818
1312,2828093,r,14,-1.195862859805612,0.11358054952378294,0.20016053643216392,6.731360557550667,-1.195862859805612
1313,283831,g,6,-0.34553365061583596,0.08326543915812246,0.12534557769526178,0.29484644424472645,-0.34553365061583596
1314,283831,i,2,-0.38365034978700874,0.008490471652558035,0.008490471652558063,0.7079946226202853,-0.38365034978700874
1315,283831,r,4,-0.6860601396756727,0.015451054195032787,0.023953474072758274,2.070359009055449,-0.6860601396756727
1316,28471214,g,2,-1.343884580133899,0.07179299516194626,0.07179299516194648,3.5805434257539797,-1.343884580133899
1317,28471214,i,8,-2.33062643766268,0.06142782528730906,0.18206451089310116,33.30789175462534,-2.33062643766268
1318,28471214,r,9,-2.040935145335453,0.03463054135979515,0.06414495364278316,22.597927191963628,-2.040935145335453
1319,28479290,i,6,-1.3996998535743312,0.04754743747319845,0.0812504494557571,8.39158977127856,-1.3996998535743312
1320,28479290,r,5,-1.2081330261627306,0.13552490214310797,0.33799388931948426,6.059730444623769,-1.2081330261627306
1321,28535711,i,7,-0.9027413078437336,0.0660330184142982,0.16041463496521957,4.031378847473782,-0.9027413078437336
1322,28535711,r,6,-1.1875259582986266,0.06649681357382742,0.1459641140450374,7.4263609726252255,-1.1875259582986266
1323,28643108,i,6,-2.13940828716793,0.038396550342686186,0.2051094840170351,27.438041611258175,-2.13940828716793
1324,28643108,r,7,-1.9712849238455097,0.10803068807181893,0.14160104601624957,19.103725162529365,-1.9712849238455097
1325,28677868,i,9,-0.3409763303709211,0.03327528095356713,0.06605846110002672,0.6083939079301866,-0.3409763303709211
1326,28677868,r,11,-0.6505749115886775,0.01239930371110598,0.03794734727052451,2.496400890385557,-0.6505749115886775
1327,28741660,i,6,-1.0642600145873453,0.02706284448066687,0.09832486461385925,5.727958618654118,-1.0642600145873453
1328,28741660,r,8,-1.1828430436589172,0.10663411651353194,0.1329268462679991,6.297583511035873,-1.1828430436589172
1329,28779245,g,2,-0.3441324861429087,0.24091416370935592,0.24091416370935592,0.3347464372943543,-0.3441324861429087
1330,28779245,i,11,-0.24722022854065726,0.05587898439923153,0.09725959443573604,0.4197919181428053,-0.24722022854065726
1331,28779245,r,10,-0.35600665932124365,0.26900553191810106,0.36217337306292785,1.453160819467491,-0.35600665932124365
1332,28815872,g,3,-0.8862810980609703,0.030353621792454266,0.07462110112763232,2.1563893881448823,-0.8862810980609703
1333,28815872,i,9,-0.6064779684590985,0.08365429058255702,0.1376435779751023,1.937529928107363,-0.6064779684590985
1334,28815872,r,11,-0.8640820671122939,0.08921925643788342,0.13660696577114528,3.8322260494865983,-0.8640820671122939
1335,28822678,g,2,-0.49014049225741024,0.34047947817248264,0.3404794781724826,0.7068297084026679,-0.49014049225741024
1336,28822678,i,9,0.4218658581461213,0.498419511284108,0.8647329182877814,1.9182432498896067,0.4218658581461213
1337,28822678,r,9,-0.28965133094413864,0.3765077158089025,0.893970364655687,1.277274076692441,-0.28965133094413864
1338,28822678,u,2,-1.3452597660176333,0.2937859876586796,0.2937859876586797,1.710532168329942,-1.3452597660176333
1339,28825554,g,3,-0.7584695190552596,0.023597858797105187,0.1064404711988236,1.7260610683834319,-0.7584695190552596
1340,28825554,i,10,-0.4816570759911747,0.08294468257158105,0.1826222643267797,1.6482121425197562,-0.4816570759911747
1341,28825554,r,14,-0.5762017081642609,0.02795205905456799,0.196857431248052,2.7984364348688793,-0.5762017081642609
1342,28860550,i,9,-1.356309776584487,0.16791416324857877,0.4644908925750979,9.464459457703217,-1.356309776584487
1343,28860550,r,6,-1.5524349628626049,0.1184249152293515,0.1778116552634641,10.27191477064436,-1.5524349628626049
1344,28885739,g,3,-0.6770693655173459,0.05834420197917112,0.127312291676412,1.280968439766991,-0.6770693655173459
1345,28885739,i,8,0.11412849838549213,0.1380866874411855,0.4270173653093183,0.48018322770688926,0.11412849838549213
1346,28885739,r,5,-0.30196042783222743,0.2690605437119115,0.6222314418471276,2.410048653840642,-0.30196042783222743
1347,28885739,u,2,-1.5838856026494015,0.08899507565476705,0.08899507565476705,2.8998161171817047,-1.5838856026494015
1348,28947680,i,9,-0.5634486174109545,0.018450933991489782,0.040548039464481156,1.5520808362844094,-0.5634486174109545
1349,28947680,r,8,-0.8517601230264165,0.1130700782060734,0.20953565725903744,3.952893299609576,-0.8517601230264165
1350,28948323,i,6,-0.22188780217947018,0.43301077374027136,0.8315382658474895,1.2493254958752182,-0.22188780217947018
1351,28948323,r,4,-0.7929630460620487,0.4815666331818643,0.7039894881900026,3.0575373462359074,-0.7929630460620487
1352,28954241,i,5,-0.31674345909346546,0.07696439921473797,0.0864550913123816,0.5191527096609816,-0.31674345909346546
1353,28954241,r,7,-0.3976681859594535,0.042798172758434117,0.12615405942717384,0.9845575445797549,-0.3976681859594535
1354,28995667,i,9,-0.14379337610130305,0.11972662304525461,0.22122417533645633,1.0353414211050294,-0.14379337610130305
1355,28995667,r,5,-0.5234800426342603,0.026693298125270992,0.08558483566119013,1.3071891509380353,-0.5234800426342603
1356,29005309,i,10,-1.5923306595449895,0.03505943708858317,0.048295747326492666,13.003451617140424,-1.5923306595449895
1357,29005309,r,8,-1.4924403687848447,0.05435194142938182,0.1064682218884585,7.104623206173391,-1.4924403687848447
1358,29016511,i,12,-0.9806430255737499,0.186562044396467,0.25636607769306907,5.680483665860252,-0.9806430255737499
1359,29016511,r,10,-1.0927473298958215,0.07899933853186847,0.17720025018346353,6.216808504920406,-1.0927473298958215
1360,29037955,i,8,0.310104126991392,0.5686434911906159,1.094453059893573,2.7862416715771587,0.310104126991392
1361,29037955,r,12,0.02174467582766504,0.8505526913149034,1.328255177937237,2.7780955844678012,0.02174467582766504
1362,29095121,i,7,-1.1477230653314432,0.12852329023825448,0.2242072366572755,7.454309040944067,-1.1477230653314432
1363,29095121,r,7,-1.2638274341635376,0.3103527012368268,0.6380564273306851,6.101706265318148,-1.2638274341635376
1364,29174886,g,3,-0.5300914622349677,0.03169268420422777,0.3486739502475428,0.8554629781241875,-0.5300914622349677
1365,29174886,i,11,-0.2200168403597571,0.20149913759712068,1.4257002692937997,2.8512353996568716,-0.2200168403597571
1366,29174886,r,8,-0.4357043130295808,0.16735780000041311,0.6527426062527509,1.6626299778227356,-0.4357043130295808
1367,29176237,g,4,-1.4282493636442108,0.05657878133871774,0.10548627585196702,4.72737395052033,-1.4282493636442108
1368,29176237,i,5,-1.9870911254906791,0.18799599732044125,0.23754249822876328,20.708015146849394,-1.9870911254906791
1369,29176237,r,6,-1.760235244792181,0.09648843306487054,0.1694081669507388,11.810745125515657,-1.760235244792181
1370,29178693,i,6,-1.9484011542411088,0.07141798956458356,0.11085725025783777,22.90424682791225,-1.9484011542411088
1371,29178693,r,7,-1.8218060041352557,0.07437112796528611,0.141425619980027,20.71837743541679,-1.8218060041352557
1372,29197920,g,2,-1.0048101024195772,0.13684844970703114,0.13684844970703103,1.8900265997028716,-1.0048101024195772
1373,29197920,i,5,-1.657657085616149,0.03179518013474136,0.061304940873496694,12.413274809274558,-1.657657085616149
1374,29197920,r,5,-1.474569703870561,0.05168231843324933,0.18497826413691287,10.790763682017554,-1.474569703870561
1375,29255701,g,2,-0.9280669360319656,0.01826251019721581,0.01826251019721581,1.4137050751442715,-0.9280669360319656
1376,29255701,i,6,-0.8879652095553057,0.12642217017949026,0.3947648792732057,5.6321533702173925,-0.8879652095553057
1377,29255701,r,3,-1.1335731247055572,0.1179109893043071,0.12236515812680171,6.293723727544303,-1.1335731247055572
1378,29299636,g,3,-0.2740219234418384,0.09800046798052398,0.19907246609410678,0.5671310163151272,-0.2740219234418384
1379,29299636,i,11,-0.11868566996977967,0.06793369647973443,0.08530817424266843,0.07224515734099816,-0.11868566996977967
1380,29299636,r,7,-0.006641506973831035,0.1319638608184346,0.2631365880067744,0.10205425594980334,-0.006641506973831035
1381,29388811,i,3,-0.6474314344831134,0.07515664342714312,0.16012105484708716,1.9381440232065843,-0.6474314344831134
1382,29388811,r,7,-1.0062610621511263,0.1838513845436589,0.39786998615833613,2.78683480416619,-1.0062610621511263
1383,29396014,i,9,-1.0559455770776198,0.10995464451557857,0.20427790915149147,6.350322711494176,-1.0559455770776198
1384,29396014,r,6,-1.1244128952281311,0.07392748448010777,0.1837063947723736,7.809313679612383,-1.1244128952281311
1385,29438645,g,2,-0.03478567664798704,0.041637593078578616,0.041637593078578616,0.00586295777376039,-0.03478567664798704
1386,29438645,i,11,-1.0501149463602921,0.0833234620334613,0.20653352997701857,5.181610572251284,-1.0501149463602921
1387,29438645,r,9,-0.5769735525608606,0.12022540452736408,0.1587684414406194,1.7985816000241333,-0.5769735525608606
1388,29438645,u,2,0.442134904005548,0.06426236825495968,0.06426236825495968,0.27649609676820347,0.442134904005548
1389,29448556,g,3,-0.8347108691159921,0.1432943148645356,0.17676544958089435,1.402086692458264,-0.8347108691159921
1390,29448556,i,7,-0.022728407870019396,0.13394271267548472,0.2595723415258656,0.2104545569003196,-0.022728407870019396
1391,29448556,r,4,-0.33814736235952203,0.10156439041653653,0.19843435692356934,0.5357772997749798,-0.33814736235952203
1392,2944882,g,3,-1.362440033555738,0.011394456370737327,0.1036081314086914,2.721953185311453,-1.362440033555738
1393,2944882,i,6,-1.7562786647539257,0.07200548761694658,0.27034884047534646,18.746749929415063,-1.7562786647539257
1394,2944882,r,6,-1.7671508016100461,0.03331316537671136,0.056829620137951675,14.320542509071188,-1.7671508016100461
1395,29449500,g,2,-0.9665047785961046,0.14656713349191663,0.14656713349191652,1.953327266297934,-0.9665047785961046
1396,29449500,i,3,-1.3429227932872545,0.03356988981716946,0.04262132528795326,10.680249031331181,-1.3429227932872545
1397,29449500,r,7,-1.474191677393784,0.06991337451812729,0.10007212586059344,10.828049622677465,-1.474191677393784
1398,29499525,i,8,-0.8486095454900869,0.1040052536726852,0.18613804702667613,4.119292667090565,-0.8486095454900869
1399,29499525,r,5,-1.2484972209072964,0.0526720140069632,0.09066598796571124,9.888065954515453,-1.2484972209072964
1400,29517416,i,10,-0.2710600347694705,0.0770804850369928,0.15114750076258793,0.3615631329536967,-0.2710600347694705
1401,29517416,r,6,-0.5648365904319053,0.04166949726684577,0.0695375759475827,1.9116111817462846,-0.5648365904319053
1402,29669441,g,7,-0.5148714083503521,0.022712552391219498,0.08053385146453562,0.8384541216936308,-0.5148714083503521
1403,29669441,i,5,0.135603311118914,0.10644586359052477,0.3081576755126121,0.48401348134236655,0.135603311118914
1404,29669441,r,10,0.061372177701035896,0.1132411218159629,0.20252506603477616,0.12813102140272747,0.061372177701035896
1405,29721393,g,3,-0.5254404700713561,0.006712778221744431,0.0583593859865395,1.3984417303182959,-0.5254404700713561
1406,29721393,i,2,-0.9462128357194848,0.03507684924949761,0.0350768492494975,5.05321044732,-0.9462128357194848
1407,29721393,r,4,-0.7114159774330826,0.004853594731289712,0.009714499242266195,3.5567670429147085,-0.7114159774330826
1408,29721393,u,4,0.39953498356463724,0.3903836714980705,0.7299582570727474,0.3811500363292937,0.39953498356463724
1409,29722453,i,5,-0.43056721227319306,0.18805670305760203,0.3651372154648516,1.0587046344722786,-0.43056721227319306
1410,29722453,r,4,-0.38659776445387345,0.03627842767872674,0.08104942595926767,0.644354386410289,-0.38659776445387345
1411,29802852,g,3,-0.9725835722131455,0.008407815819011955,0.0562143033509197,1.4652962200199806,-0.9725835722131455
1412,29802852,i,5,-0.8858792707953029,0.06547115530631775,0.13038941463508602,5.027133957647676,-0.8858792707953029
1413,29802852,r,5,-1.0812161399267863,0.013928124498658212,0.019024695284765025,5.100931513877823,-1.0812161399267863
1414,29933264,g,2,-0.7756072511289838,0.11046040725707029,0.11046040725707029,0.9404850394583762,-0.7756072511289838
1415,29933264,i,13,-1.6998696924370214,0.09949677023427994,0.13686657922656464,15.136459842084802,-1.6998696924370214
1416,29933264,r,10,-1.868722433661498,0.1472150167422681,0.31749659581178125,14.691009850547573,-1.868722433661498
1417,29972505,i,8,-0.9337027773665451,0.225989462786523,0.46937770140980817,4.697578993097366,-0.9337027773665451
1418,29972505,r,6,-0.885330098826298,0.10219627296989592,0.22713109140555443,3.246530525825511,-0.885330098826298
1419,30002916,i,4,-0.8344203774826969,0.13706401330678109,0.25162888902834746,3.4940868391393964,-0.8344203774826969
1420,30002916,r,6,-1.2312658722475147,0.02743331879658839,0.08504271886397685,9.707715065955556,-1.2312658722475147
1421,30018086,i,5,-0.38285346077786486,0.40695040278744066,0.667562406970396,0.9746137457051803,-0.38285346077786486
1422,30018086,r,5,-0.4252004750754891,0.22434412235602508,0.34023037620390406,0.6199381793707186,-0.4252004750754891
1423,30018086,u,2,-2.870865736548204,0.0337860269039052,0.03378602690390542,4.965051454478914,-2.870865736548204
1424,30045847,g,4,-0.623396176267828,0.13147827622978808,0.27128242507309586,1.5955067040244688,-0.623396176267828
1425,30045847,i,4,-0.7392408002601045,0.07781508848569157,0.2089521957177387,2.1376289443516905,-0.7392408002601045
1426,30045847,r,4,-0.7437696957705018,0.10497758611800267,0.24727680976170818,2.7546720050859403,-0.7437696957705018
1427,30069437,g,2,-0.9163979228471835,0.08800456560807657,0.08800456560807657,1.4462483529785364,-0.9163979228471835
1428,30069437,i,6,-0.04737148369631812,0.22416619374894764,0.4212982278714516,0.2633800529804351,-0.04737148369631812
1429,30069437,r,4,-0.3753824331297202,0.07630150490211118,0.14188797338838072,1.075759222718928,-0.3753824331297202
1430,30089687,g,4,-0.6954927442301821,0.07955895137840524,0.1495357727527541,1.6946196573319636,-0.6954927442301821
1431,30089687,i,11,-0.07233582346721457,0.12238878289535807,0.24601212481577606,0.23569143881477259,-0.07233582346721457
1432,30089687,r,15,-0.17973337694831687,0.13965536747852508,0.24374032662139727,0.22512952720398746,-0.17973337694831687
1433,3016223,g,2,-0.9547825023647744,0.4308928838759426,0.4308928838759425,1.461086225888267,-0.9547825023647744
1434,3016223,i,5,-1.6896951386734025,0.12038155486206081,0.19524337753629917,17.596125665926262,-1.6896951386734025
1435,3016223,r,5,-1.9049510472136577,0.07373075365964454,0.09283311502670455,18.463120267345193,-1.9049510472136577
1436,30174575,i,9,-1.8090312369997628,0.06322702373720235,0.09701522148987118,16.752229852418523,-1.8090312369997628
1437,30174575,r,7,-1.5502201154396276,0.07695450297402506,0.13536076485059256,15.810902976763638,-1.5502201154396276
1438,30216585,g,3,-0.5977525090068149,0.03944569650631269,0.25059740004965086,0.7967709840028515,-0.5977525090068149
1439,30216585,i,3,-0.2243199057942042,0.05085129588245374,0.2026726027146447,0.7085967078159653,-0.2243199057942042
1440,30216585,r,5,-0.4573204467831789,0.0860343024029056,0.10965952762508302,1.0509666188196412,-0.4573204467831789
1441,30229888,g,3,-1.4652686203262881,0.05863958835528771,0.09131769374382004,2.393734367475698,-1.4652686203262881
1442,30229888,i,4,-0.7135177011070762,0.088681713166332,0.19585566074995164,3.0905746848577524,-0.7135177011070762
1443,30229888,r,6,-1.15094457374491,0.02264625786904162,0.036358767959788985,5.378726236279564,-1.15094457374491
1444,30248545,i,10,-0.3254543232374991,0.033750253944109215,0.0580388175929607,0.6891119575027311,-0.3254543232374991
1445,30248545,r,11,-0.7423223241931571,0.18880155685652888,0.41256895329374255,2.70397425767278,-0.7423223241931571
1446,30259720,i,5,-0.14210633579995224,0.09614312713125961,0.09641645446245373,0.44001348158264547,-0.14210633579995224
1447,30259720,r,5,-0.4072253899177649,0.032884511184493315,0.1517962720176116,0.5707858772533624,-0.4072253899177649
1448,30304886,g,2,-1.3819615355980979,0.039524968700944796,0.039524968700944685,2.3846940787712407,-1.3819615355980979
1449,30304886,i,5,-1.2780755165297715,0.1497031616028648,0.15662286076420884,10.035558424471002,-1.2780755165297715
1450,30304886,r,5,-1.7539706184868815,0.16826042617921733,0.20687435483386363,15.939937432913514,-1.7539706184868815
1451,30564599,g,2,-0.44431807731080586,0.05646630902090266,0.05646630902090266,0.4228687317813613,-0.44431807731080586
1452,30564599,i,6,-0.6492646223039971,0.022922202817160897,0.04050166505729369,2.212076211371698,-0.6492646223039971
1453,30564599,r,7,-0.731744400039611,0.02547252391050081,0.04966639018343333,3.1007662054813507,-0.731744400039611
1454,3059921,i,8,-2.1312837891142333,0.1002375651059868,0.18587826841701371,26.329519649395614,-2.1312837891142333
1455,3059921,r,7,-2.471847238271336,0.034811664644256,0.06281153490884916,27.620497774042462,-2.471847238271336
1456,30609402,g,3,-1.1440171360568454,0.020153489802756663,0.059573007668374256,1.977892610827804,-1.1440171360568454
1457,30609402,i,6,-1.2197434872407795,0.057163727094628025,0.09694937753209598,7.208779850895778,-1.2197434872407795
1458,30609402,r,5,-1.4370813535041165,0.1810181730926692,0.2560463700557367,8.349309951507593,-1.4370813535041165
1459,30647107,g,2,-0.6785706520635464,0.022576706092460375,0.02257670609246032,1.8383074163292412,-0.6785706520635464
1460,30647107,i,4,-0.07354986491520474,0.04755721376232558,0.26433591437011883,0.6452117293972992,-0.07354986491520474
1461,30647107,r,6,-0.2836374031709914,0.04587150912154073,0.07815150253893216,0.5199718629969413,-0.2836374031709914
1462,30665671,i,15,-1.7596727872882694,0.13679096431148996,0.2508427664494022,16.883030142450803,-1.7596727872882694
1463,30665671,r,8,-1.5822888926808871,0.05575276026078735,0.11000440058180883,12.050882739571062,-1.5822888926808871
1464,3067837,g,3,-0.6955649859354063,0.08682193129249516,0.12331806843482718,0.7314272294012462,-0.6955649859354063
1465,3067837,i,6,-0.0771662646878978,0.19627644658135898,0.38320139729296104,0.4501511985510375,-0.0771662646878978
1466,3067837,r,4,-0.1938626438958641,0.007712503367566154,0.21845716803545756,1.6206735851002734,-0.1938626438958641
1467,30721561,g,5,-0.5846362631585845,0.3922492920222401,0.4344844893911737,1.4218644446541377,-0.5846362631585845
1468,30721561,i,5,0.3721594951830749,0.14338505524708367,0.19396011966281124,1.1393790148547147,0.3721594951830749
1469,30721561,r,5,-0.04035324019189328,0.35458270093048766,0.6377036029310033,0.9790909837811148,-0.04035324019189328
1470,30721561,u,3,-1.3642771186329867,0.04651036228179661,0.10013782208338773,1.92987275436849,-1.3642771186329867
1471,30861755,g,2,-0.5074835578216427,0.09247500687961818,0.09247500687961824,0.5623526066145872,-0.5074835578216427
1472,30861755,i,5,-0.3409489732387945,0.10626730669695014,0.34332513875506404,1.1034686051120595,-0.3409489732387945
1473,30861755,r,6,-0.39950052067269065,0.029341012741060934,0.06002610109130935,0.8042993529236676,-0.39950052067269065
1474,30861755,u,2,-0.2768709690591,0.02689090095248292,0.02689090095248292,0.13833053998524636,-0.2768709690591
1475,30899044,i,14,-1.4357474185040486,0.14387444174264974,0.2725334967538222,10.772407851014636,-1.4357474185040486
1476,30899044,r,14,-1.4699522601826125,0.10971421814352444,0.18431807828793478,10.021032716708827,-1.4699522601826125
1477,30991280,g,2,-0.561508883434408,0.15130132210536185,0.15130132210536185,0.7596536138988882,-0.561508883434408
1478,30991280,i,12,-0.6207388870656665,0.05070845147749736,0.1641509058074565,2.5280096240794907,-0.6207388870656665
1479,30991280,r,10,-0.5422913430540115,0.010732310652500743,0.013410128122166132,1.3053205977233413,-0.5422913430540115
1480,30991280,u,3,0.15849182946945195,0.016077900171512116,0.04079445208623067,0.01808831015846363,0.15849182946945195
1481,31103444,i,8,-0.3612293816249689,0.39910307619507945,0.7304523635281407,1.263074950041788,-0.3612293816249689
1482,31103444,r,6,0.2543974798374372,0.0849090866953727,0.35718955994134205,0.3959758264978533,0.2543974798374372
1483,31137125,g,2,-0.5856411649007579,0.05608391469200813,0.05608391469200824,1.2464177389146363,-0.5856411649007579
1484,31137125,i,7,-0.2414987336529539,0.03218654267605367,0.05432214697611057,0.32643165079217684,-0.2414987336529539
1485,31137125,r,4,-0.5540515532224708,0.051015432618302436,0.09184548100591017,2.227937922386811,-0.5540515532224708
1486,31217169,g,4,-0.18615231154039164,0.0776407146222701,0.20233188243795414,0.3210144478610441,-0.18615231154039164
1487,31217169,i,3,-0.06733820904906956,0.0445647709195347,0.1775235348757679,0.29396314603044327,-0.06733820904906956
1488,31217169,r,7,0.40592070612674325,0.05759195904556713,0.2543923025125981,0.5981574493750041,0.40592070612674325
1489,31226713,i,9,-0.6757955222102018,0.11736774438457243,0.1681830396888746,2.1820144092396525,-0.6757955222102018
1490,31226713,r,5,-0.6934064877237676,0.09216193191367128,0.18473332990836067,2.320869831224265,-0.6934064877237676
1491,31243497,i,17,-0.7041158946664579,0.1353303723856879,0.2478452346539578,3.4776516629718066,-0.7041158946664579
1492,31243497,r,12,-0.9557460528168454,0.021509396203275577,0.04294614998116586,4.634135030091078,-0.9557460528168454
1493,31272583,g,3,-1.3562574065590374,0.2159937632482909,0.2166886613007184,1.6092758621237226,-1.3562574065590374
1494,31272583,i,4,-0.8023662904120485,0.011039414424241611,0.19046284501307864,2.0676312784264947,-0.8023662904120485
1495,31272583,r,5,-1.1909219947247758,0.09216050487992788,0.16366324817593858,3.3696358250606018,-1.1909219947247758
1496,3127935,i,5,-1.354694561692154,0.03309293739628849,0.05447358439013206,6.962792481077303,-1.354694561692154
1497,3127935,r,6,-1.3353789979012394,0.2519095177281311,0.48549635971552774,7.6011514981248505,-1.3353789979012394
1498,31309251,i,9,-0.16131882409809073,0.1845174862049197,1.0103249814217914,1.7311980556075586,-0.16131882409809073
1499,31309251,r,4,-0.3455100724445217,0.02495870576364334,0.3239015044411152,1.4663600894219784,-0.3455100724445217
1500,31344928,g,2,-1.1559495068307835,0.08157886383492041,0.08157886383492041,4.835167377170792,-1.1559495068307835
1501,31344928,i,5,-1.1455592807746613,0.37066805525103486,0.545287685100962,6.448460774927673,-1.1455592807746613
1502,31344928,r,5,-0.9410356915343355,0.5304779555470885,0.6833618647712318,6.892510547756896,-0.9410356915343355
1503,31417330,g,4,-1.4537519042651053,0.09334485537432691,0.1783629039553436,3.6837719114462932,-1.4537519042651053
1504,31417330,i,3,-1.2584321988069593,0.0025459335492188373,0.033846983036911915,9.101710047998424,-1.2584321988069593
1505,31417330,r,5,-1.3705790742317128,0.04211980561717765,0.08054702187647589,9.18785501321755,-1.3705790742317128
1506,31492967,g,2,-0.7199311304623784,0.07225826682116743,0.07225826682116732,1.5034121379117553,-0.7199311304623784
1507,31492967,i,5,-0.9289396199800205,0.08247347894587465,0.11565876955898646,4.351738930397954,-0.9289396199800205
1508,31492967,r,8,-0.9974283286930662,0.06706834977755993,0.11974013412148432,5.24749252179302,-0.9974283286930662
1509,31545315,i,6,-0.9978315666834241,0.16839209386125148,0.280487686167299,4.485616144880459,-0.9978315666834241
1510,31545315,r,7,-1.107352430512119,0.21976851808282283,0.31731793366842587,3.181927676209472,-1.107352430512119
1511,31563763,g,2,-0.7669358547505614,0.01574598430393004,0.01574598430393004,1.347803760648357,-0.7669358547505614
1512,31563763,i,10,-0.44810626521913083,0.1593833372275485,0.2799296715203559,1.2702433779794586,-0.44810626521913083
1513,31563763,r,9,-0.8506779105436051,0.1448400133153097,0.26531067448308876,4.581134825263263,-0.8506779105436051
1514,31583331,i,8,0.20981966555836512,0.3030022748835435,0.5723641300097222,0.8068088078559346,0.20981966555836512
1515,31583331,r,2,-0.04055585233689424,0.5012208131746654,0.5012208131746655,1.3499355337892052,-0.04055585233689424
1516,31584846,g,3,-0.7043910193031606,0.04231381005410295,0.05234407674734365,0.9545782106959199,-0.7043910193031606
1517,31584846,i,6,-0.8809741160475175,0.04950420722941906,0.0871281852310708,4.041746897869362,-0.8809741160475175
1518,31584846,r,7,-0.9389850400686051,0.10927633558869454,0.2691649706175805,4.337058316333076,-0.9389850400686051
1519,31675504,i,6,-0.32744543823519895,0.18583259611428954,0.4007960098040033,0.7038044165137034,-0.32744543823519895
1520,31675504,r,4,-1.0897344734094525,0.09476292331150693,0.21612509184833462,3.7974979490852316,-1.0897344734094525
1521,31697538,g,2,-0.4194852163636711,0.05478730736037152,0.05478730736037152,0.9440010981217979,-0.4194852163636711
1522,31697538,i,4,-0.3639973139320192,0.12869897978813472,0.20564330783615908,0.8195263048714998,-0.3639973139320192
1523,31697538,r,6,-0.12100323353360927,0.09239938261250112,0.1571621721512624,0.1276691661947209,-0.12100323353360927
1524,31746273,g,3,-0.532402586694813,0.05978691642805778,0.11424193874698485,0.761881044205801,-0.532402586694813
1525,31746273,i,4,0.6538014891520542,0.5528637301546797,0.8689011796604451,4.502382409291026,0.6538014891520542
1526,31746273,r,5,-0.5724701574665336,0.12315632901625495,1.0175539718111686,2.020474240503171,-0.5724701574665336
1527,317726,i,7,-2.2822580372262995,0.08672416540506456,0.168252522042585,24.211850187574136,-2.2822580372262995
1528,317726,r,6,-2.3410774608464986,0.08211800932699154,0.15298247340747473,25.226071655779815,-2.3410774608464986
1529,31796693,i,11,-1.561921341832632,0.14508673295374996,0.29446246114294805,13.164375390617959,-1.561921341832632
1530,31796693,r,11,-1.515938942824877,0.14682682278421932,0.284876887646762,9.608434796027451,-1.515938942824877
1531,3183864,i,7,-0.4007491345274301,0.03070607036328682,0.06324143082706446,0.8281999620315309,-0.4007491345274301
1532,3183864,r,4,-0.6101177067610373,0.07600347984582029,0.19082636712924106,2.636712933861487,-0.6101177067610373
1533,31908088,i,8,-1.1638670856389481,0.05413157738166663,0.1044992348602074,5.916129508692875,-1.1638670856389481
1534,31908088,r,5,-1.085655725570194,0.08166365325747127,0.15581915375350341,4.969474845973279,-1.085655725570194
1535,31994912,i,5,-2.2813347537884137,0.12443159703185636,0.2896884454807309,29.221756429492892,-2.2813347537884137
1536,31994912,r,6,-1.8978181080673335,0.12022019435055165,0.19325775851293203,22.524098186470553,-1.8978181080673335
1537,32001289,g,3,-1.149182358680482,0.01996411667549358,0.13597130163759608,2.587062443739534,-1.149182358680482
1538,32001289,i,6,0.7696357327885588,0.07654879730556213,0.38921472153130887,2.2002858102944347,0.7696357327885588
1539,32001289,r,7,-0.10555906600014076,0.21260234354977225,0.41968934340459935,0.5149881353590179,-0.10555906600014076
1540,32005683,g,3,-1.4414831110075697,0.15488179764489374,0.1623335891731741,2.754262885951357,-1.4414831110075697
1541,32005683,i,8,-2.198661878051828,0.10542230985894885,0.22013427897248716,19.226657049047873,-2.198661878051828
1542,32005683,r,5,-2.4006754085407263,0.11592707632759147,0.22263998622431203,27.5340755641476,-2.4006754085407263
1543,32033892,i,5,-0.6883955406040152,0.06355715201146939,0.10471418227535001,2.173842154488784,-0.6883955406040152
1544,32033892,r,6,-0.8591119071329985,0.11832332910229787,0.1923442289009225,2.647281614475389,-0.8591119071329985
1545,32066666,i,9,0.18111367245961213,0.26178346615432563,0.6857446602344272,1.0319901536938443,0.18111367245961213
1546,32066666,r,11,0.0734020103137552,0.3733895881182661,0.7547071698590342,0.8581676565557146,0.0734020103137552
1547,32083379,g,3,-0.7701214060406312,0.03979566468255147,0.10503526389916407,1.5983478413946035,-0.7701214060406312
1548,32083379,i,14,-0.5967319929314321,0.07299648269204911,0.16747906182633654,1.7543813441831178,-0.5967319929314321
1549,32083379,r,17,-0.7795323501616329,0.06652601171786154,0.12545580329352113,2.781311447383533,-0.7795323501616329
1550,32134391,g,2,-0.5358224594729646,0.1144729606236119,0.1144729606236119,0.9850944487269757,-0.5358224594729646
1551,32134391,i,12,-0.16552722503962855,0.15508737202654693,0.2713076934267219,0.3906453126204022,-0.16552722503962855
1552,32134391,r,8,-0.290245063300993,0.19226846386226829,0.40032346570848376,0.4898166503974945,-0.290245063300993
1553,32196167,g,5,-0.3258779668157308,0.22604096093644177,0.5494648308159661,0.9716184122758744,-0.3258779668157308
1554,32196167,i,8,-0.19493071283016455,0.12963411319260398,0.26855844172317844,0.49321289000537494,-0.19493071283016455
1555,32196167,r,8,-0.4007722128877642,0.13434478615695322,0.2305073438318601,0.7934533137706233,-0.4007722128877642
1556,32196167,u,2,-0.022701741465543268,0.3514371321916179,0.3514371321916179,0.11310434714103441,-0.022701741465543268
1557,32295024,g,2,-0.3738846782595965,0.025744728396441263,0.025744728396441263,0.536062757241559,-0.3738846782595965
1558,32295024,i,7,-0.43834498652287135,0.05031792885320008,0.1118690812669445,0.9921818527859388,-0.43834498652287135
1559,32295024,r,5,0.06235484084494611,0.0837521572112373,0.12481812745387832,0.05577791311636138,0.06235484084494611
1560,32351408,g,2,-0.9611927557983242,0.05929869919916775,0.05929869919916775,2.0849435493879573,-0.9611927557983242
1561,32351408,i,8,-0.032825981371800136,0.14718264977140236,0.33618804164546173,0.5226424937700419,-0.032825981371800136
1562,32351408,r,9,-0.4622309735855663,0.12073303708561828,0.37782129341783954,2.1698357530283072,-0.4622309735855663
1563,32387921,g,2,-0.8969710957894264,0.00667265918324178,0.00667265918324178,3.268188100633079,-0.8969710957894264
1564,32387921,i,10,-0.019276125007160236,0.09494213835199973,0.17242839865487852,0.1507980727424742,-0.019276125007160236
1565,32387921,r,7,-0.21045884639063636,0.053085030565521524,0.07411112741703835,0.22396480674858993,-0.21045884639063636
1566,32406517,g,4,-0.1634009753503055,0.04442139860180855,0.0669687486955034,0.11335887395358701,-0.1634009753503055
1567,32406517,i,8,-0.30971143848520505,0.16281558971382454,0.2821617474865593,0.8567751006750172,-0.30971143848520505
1568,32406517,r,5,0.05965932628974252,0.04599586065193334,0.07355657839726763,0.03782249497747326,0.05965932628974252
1569,32446480,g,3,-0.509197730634698,0.20631494520663196,0.3616689280182708,0.8584308636402014,-0.509197730634698
1570,32446480,i,14,-0.10741436347087074,0.1528096051086557,1.0925635818984327,2.10894365042016,-0.10741436347087074
1571,32446480,r,8,-0.360278790363306,0.055931369711427315,1.1174303183370788,1.5633540995499289,-0.360278790363306
1572,32492677,i,8,-0.7239930275871831,0.12053216171484543,0.21071319203893857,2.3122592833145097,-0.7239930275871831
1573,32492677,r,6,-0.7463636067098824,0.13553123903737052,0.24126458169333476,3.6035425916880555,-0.7463636067098824
1574,3263598,g,3,-0.47529387130403977,0.14285118946730024,0.16080395324048258,0.8540700641989863,-0.47529387130403977
1575,3263598,i,13,-0.28878975596762313,0.03203115604962692,0.17532632560213207,0.4850252805911879,-0.28878975596762313
1576,3263598,r,8,-0.3801195742020681,0.057137154999723494,0.1784020982090899,0.9588786977828809,-0.3801195742020681
1577,32711873,g,3,0.10656848920064355,0.02455156211621423,0.14676460733089547,0.0512162376651886,0.10656848920064355
1578,32711873,i,10,-0.1809356495309027,0.12643122743808388,0.21138574559748496,0.36483507407940036,-0.1809356495309027
1579,32711873,r,10,-0.012488005210152642,0.1137489235045499,0.20201034735784237,0.0677656791613537,-0.012488005210152642
1580,32736472,g,4,-0.7203473969618449,0.3485377982835639,0.71003950339534,2.319339498503724,-0.7203473969618449
1581,32736472,i,13,-0.09048381029277408,0.15384345843566027,0.5084120812363038,0.5084982599946031,-0.09048381029277408
1582,32736472,r,18,-0.2002825418339524,0.21654231707748445,0.36079729974866614,0.6071231342383707,-0.2002825418339524
1583,32738921,i,8,-0.5865095390404997,0.017377001414481563,0.03536923476785592,1.5451523396309956,-0.5865095390404997
1584,32738921,r,7,-0.7489322221834531,0.1052414474093083,0.2265621067582495,2.329265083702572,-0.7489322221834531
1585,32743031,g,5,-0.9633657006848846,0.03627207683242695,0.05738941243699802,1.5416238135750855,-0.9633657006848846
1586,32743031,i,11,-0.9243536635180771,0.11012307341769678,0.2344049546053868,5.141625540717938,-0.9243536635180771
1587,32743031,r,8,-1.0875124125644673,0.07210072028743186,0.11463698187353155,5.927222253580895,-1.0875124125644673
1588,32746834,i,9,-2.8825810014887594,0.10473119000508557,0.232651594292415,36.19404564457451,-2.8825810014887594
1589,32746834,r,5,-2.8328459425473156,0.11573537167367398,0.2317722644096718,33.38992001815719,-2.8328459425473156
1590,32776369,g,2,-0.5701075629638797,0.005601375328359914,0.005601375328359914,0.3673558241897245,-0.5701075629638797
1591,32776369,i,7,0.011482596257501143,0.23285320774890275,0.5390724476884917,0.4655589794740845,0.011482596257501143
1592,32776369,r,9,-0.5877018654357191,0.25245067176103797,0.5388789276812325,1.7948232154796773,-0.5877018654357191
1593,3293346,g,3,-1.0830838543735364,0.046920899378615655,0.11982672637433511,3.2829530020019444,-1.0830838543735364
1594,3293346,i,4,-1.1348305340125862,0.05688912520474987,0.12278707186974502,5.576403679233729,-1.1348305340125862
1595,3293346,r,5,-1.2035637251779168,0.012895327565168202,0.020371099278587934,5.661826261700438,-1.2035637251779168
1596,32937604,i,6,-1.454672699117845,0.12708956126409576,0.2103360887661032,12.674722353577529,-1.454672699117845
1597,32937604,r,7,-1.4817896089499398,0.11957336013788877,0.2204438878054893,10.945565574167551,-1.4817896089499398
1598,32968670,g,3,-0.8847191966922943,0.09020442093019776,0.09686769975485354,2.424843641280076,-0.8847191966922943
1599,32968670,i,2,0.15603257629164857,0.17359970927191104,0.173599709271911,0.2825181283661185,0.15603257629164857
1600,32968670,r,6,-0.16243597817799196,0.058684367077371014,0.10390941549168872,0.36498328451086454,-0.16243597817799196
1601,33092542,i,11,-1.9889193030880712,0.08418560533016017,0.11315327072362269,21.748642158546176,-1.9889193030880712
1602,33092542,r,7,-1.8274351328466587,0.12462587854925578,0.23434447137138648,14.468057809230288,-1.8274351328466587
1603,33208503,i,7,-1.0542989061156751,0.0939252995498725,0.17930566974934603,6.637924584668986,-1.0542989061156751
1604,33208503,r,4,-1.1649351688240404,0.009258884294889969,0.061030016524100894,6.645537414117365,-1.1649351688240404
1605,33214941,g,2,-0.8959553431214238,0.18145040260380574,0.18145040260380574,1.7945511143208703,-0.8959553431214238
1606,33214941,i,5,-0.9612957057403889,0.061818063031714554,0.07346843126425329,5.021773498559588,-0.9612957057403889
1607,33214941,r,6,-1.139223105254896,0.08399574263129317,0.13402107923629258,7.551494616819016,-1.139223105254896
1608,33230832,g,4,-0.6770380936974159,0.08489425487165447,0.18140978394246354,1.0162242450377883,-0.6770380936974159
1609,33230832,i,9,0.033003861154893066,0.17538275499499817,0.37022733864586477,0.1982231337698702,0.033003861154893066
1610,33230832,r,10,-0.46417729412262865,0.12110526045815329,0.18981736703431557,1.0823050282230429,-0.46417729412262865
1611,33314381,g,3,-0.579864509191232,0.05880754124653098,0.23924688895757895,1.0361001813630613,-0.579864509191232
1612,33314381,i,2,-0.15269891259852342,0.11107059389728247,0.11107059389728247,0.18812579587366046,-0.15269891259852342
1613,33314381,r,6,-0.2157039783061866,0.06389180294903318,0.11500945739771345,0.3417223782482952,-0.2157039783061866
1614,33314381,u,2,0.2509247580568157,0.07122815095557544,0.07122815095557544,0.07773601827757536,0.2509247580568157
1615,33352798,g,3,-0.508127830276619,0.11777708526021202,0.23071535182003033,0.9468062653907566,-0.508127830276619
1616,33352798,i,4,-0.22804772595989797,0.14689623194921772,0.27326230718649114,0.45351608613300326,-0.22804772595989797
1617,33352798,r,7,-0.3726540004761765,0.1512420195461805,0.29185145370591525,0.8814269660000494,-0.3726540004761765
1618,33352798,u,3,-1.4012367045618563,0.08833183016805535,0.10402855937178557,1.6721851232459368,-1.4012367045618563
1619,33388053,g,6,-0.2914131476274806,0.5152116955028312,0.8367707665501514,0.33279367044112723,-0.2914131476274806
1620,33388053,i,14,-0.7458778046570022,0.2091113182858919,0.3697340824950808,3.6173033077249817,-0.7458778046570022
1621,33388053,r,14,-0.8585603812246267,0.11286190936124602,0.2078893262711552,3.08794249561871,-0.8585603812246267
1622,33423231,g,7,0.6017172502016095,0.20899307669848555,0.9300427552363746,0.8398751726201883,0.6017172502016095
1623,33423231,i,5,-0.30187783329129547,0.046940814080818516,0.06894080353336163,2.5601240791709374,-0.30187783329129547
1624,33423231,r,11,0.6141322332307892,0.7139462246755046,1.5357936476543101,5.008303486085237,0.6141322332307892
1625,33428438,g,2,-0.9755870603575479,0.09009597676079328,0.09009597676079317,3.2872505786019306,-0.9755870603575479
1626,33428438,i,4,-0.9082726404683026,0.03418000888318268,0.058006062554873616,4.506321130483186,-0.9082726404683026
1627,33428438,r,5,-0.9680268029355595,0.07197620448852982,0.10750860767367754,4.775448591406534,-0.9680268029355595
1628,33456620,i,10,-1.5306420068407225,0.11172061217404083,0.20395578863735397,12.183134570708319,-1.5306420068407225
1629,33456620,r,7,-1.359114746192347,0.15274725704670367,0.275124540853835,8.644787762368486,-1.359114746192347
1630,33456826,g,2,-0.7496258231154534,0.023432495044044876,0.023432495044044765,1.2513459229558963,-0.7496258231154534
1631,33456826,i,4,-0.654536216385937,0.02667647230942105,0.06492004456347544,2.540085161170457,-0.654536216385937
1632,33456826,r,5,-0.8336204533211617,0.042318597952824444,0.11240098795652231,3.99302385753188,-0.8336204533211617
1633,33457551,i,15,-1.5550894886000475,0.05068387499772764,0.10420227652321445,11.716249412905105,-1.5550894886000475
1634,33457551,r,9,-1.670874634391333,0.0646682783864958,0.14925456901249246,9.168954325858934,-1.670874634391333
1635,33481100,i,5,-1.6302851439444113,0.11200710028492078,0.21596269032400928,14.185110958633448,-1.6302851439444113
1636,33481100,r,5,-1.8220898358898503,0.04752925543628406,0.05830102265512993,13.759093072395775,-1.8220898358898503
1637,33489149,g,4,-0.6574632424960067,0.05363285548066554,0.11381983740222201,1.3328968132573198,-0.6574632424960067
1638,33489149,i,5,-0.47136490994961877,0.19325630584899023,0.2359959952193505,1.5432641894245165,-0.47136490994961877
1639,33489149,r,4,-0.7655175377753805,0.054903949690087606,0.15526145542930136,2.4442107007656135,-0.7655175377753805
1640,33506988,g,3,-0.973464614121399,0.07975230238354047,0.1525535112091161,2.397345449621039,-0.973464614121399
1641,33506988,i,5,-0.8707791745673223,0.09330283332567368,0.13802421130414033,4.0684181307812235,-0.8707791745673223
1642,33506988,r,7,-1.149618637023941,0.17524926994148127,0.219935540964177,6.124556176999247,-1.149618637023941
1643,33517135,i,9,-1.0342547708173273,0.07730755396122402,0.2635029838766445,5.61934652925571,-1.0342547708173273
1644,33517135,r,6,-1.2676267854285717,0.07967859526345311,0.1279515012436827,8.749924226553947,-1.2676267854285717
1645,33520710,i,3,0.053318546575004344,0.019363832588895014,0.05783574781592199,0.05021678805469895,0.053318546575004344
1646,33520710,r,5,0.04946072549595237,0.45006580492730575,0.5640621359049656,0.5562831179293569,0.04946072549595237
1647,33520710,u,2,-1.1020752503401576,0.3115159830799925,0.3115159830799925,1.1302590757423552,-1.1020752503401576
1648,33540869,i,10,-0.4691024349090555,0.06331880935659129,0.14545353889766166,1.1050667482374341,-0.4691024349090555
1649,33540869,r,5,-0.5042604151458481,0.15000296020252257,0.16382326743808695,1.7009656825999706,-0.5042604151458481
1650,33564758,g,4,-0.683261469154998,0.01622791219644726,0.06063707111589023,0.8101720363238873,-0.683261469154998
1651,33564758,i,4,-0.08333969780677297,0.08111995515749493,0.12081051107612961,0.13802460458371302,-0.08333969780677297
1652,33564758,r,6,-0.233842673852495,0.3666336174820333,0.7141261913066315,0.989582372950332,-0.233842673852495
1653,33571497,i,6,-1.795003978034769,0.10301914126788225,0.20548521362144312,15.877129093467744,-1.795003978034769
1654,33571497,r,6,-1.9035179679271792,0.109460543791158,0.17109986531531418,8.843681046320865,-1.9035179679271792
1655,33576827,i,5,0.47079368679544015,0.04983548176442559,0.3854935377985558,0.5882485249218222,0.47079368679544015
1656,33576827,r,7,0.40323426420816155,0.11916715568919112,0.4003338347679589,0.7838768254166527,0.40323426420816155
1657,33619849,i,5,-0.897972498394451,0.05877233961415884,0.10899776475233092,3.955196000461421,-0.897972498394451
1658,33619849,r,10,-0.9811941563586064,0.06175977719224579,0.09748932589653536,5.87657615585872,-0.9811941563586064
1659,33709658,i,9,0.6297760693761361,0.5421764013554129,0.7148141518515072,2.5781694002580857,0.6297760693761361
1660,33709658,r,5,-0.5696662613847829,0.08668763737240104,0.7851040586200773,0.9854920343498896,-0.5696662613847829
1661,33709658,u,4,-1.1413227560950794,0.2132968454539801,0.4185957409130219,1.222553052158756,-1.1413227560950794
1662,33709882,g,5,-0.6768963116995735,0.03781587834833544,0.06110837394783797,1.8989413642351554,-0.6768963116995735
1663,33709882,i,5,-0.20470019289157526,0.011329584386152364,0.020415889527981873,0.2060199075599462,-0.20470019289157526
1664,33709882,r,5,-0.42514264940195046,0.04222837359289122,0.10735158836502051,1.0746442694524896,-0.42514264940195046
1665,33720872,g,3,-0.6628640692378935,0.06121526734132221,0.07696372933271634,1.198062871872888,-0.6628640692378935
1666,33720872,i,2,-0.15273512757279922,0.4277060324295939,0.42770603242959393,0.9564732762001498,-0.15273512757279922
1667,33720872,r,4,-0.06728352590014353,0.02085476239294093,0.14697360264702855,0.23501432571632647,-0.06728352590014353
1668,33720872,u,2,-0.2367614684004199,0.49878125578593,0.49878125578593,0.5902617966260749,-0.2367614684004199
1669,33756327,i,6,-0.12418611709443061,0.01962605557281638,0.037728963136163585,0.197087881921069,-0.12418611709443061
1670,33756327,r,5,-0.2820745176068322,0.10306452339410255,0.1220875768038665,0.4714069328450683,-0.2820745176068322
1671,33786535,g,2,-0.8689124447667865,0.19034436787951947,0.19034436787951958,1.6417780018773946,-0.8689124447667865
1672,33786535,i,4,-0.6753450318019418,0.028109449164512246,0.053148542987525804,2.4534689310952973,-0.6753450318019418
1673,33786535,r,7,-1.158116902923839,0.07650037621342487,0.14890220274651522,7.008116699626507,-1.158116902923839
1674,33810829,g,2,-0.6334910776952245,0.013821460604406532,0.013821460604406588,1.6723727838973423,-0.6334910776952245
1675,33810829,i,9,-0.6703536959453966,0.042786013836429326,0.05612004626399836,1.9946114398430832,-0.6703536959453966
1676,33810829,r,7,-0.7178559090242991,0.06929950719744771,0.09774278660024982,2.408334887682004,-0.7178559090242991
1677,33821229,i,13,-2.3416193369435865,0.15910459186078052,0.2712410842557933,29.41415614907208,-2.3416193369435865
1678,33821229,r,9,-1.9780739554750346,0.11041167446550681,0.25951726370548966,19.30762901767892,-1.9780739554750346
1679,33847601,i,6,-1.0543879648870185,0.07669188576626806,0.12713970761930504,4.809557902779935,-1.0543879648870185
1680,33847601,r,5,-1.1374181397038585,0.018945219601196994,0.0330739938884721,6.095473470747395,-1.1374181397038585
1681,33904532,g,3,-0.5793740144232098,0.035403512195618214,0.11643275642774109,1.5888544344049553,-0.5793740144232098
1682,33904532,i,10,-0.6184447338211339,0.012318072707607042,0.02570654513117221,2.060556396190659,-0.6184447338211339
1683,33904532,r,7,-0.5676637626183577,0.06834806335962884,0.12566155516553412,1.812283355162141,-0.5676637626183577
1684,33933666,i,6,-0.3224095044356461,0.09388638396772005,0.1808856291247763,0.7835564801023821,-0.3224095044356461
1685,33933666,r,5,-0.4969962763528416,0.050970394800433194,0.07594006949239562,1.5631447571102615,-0.4969962763528416
1686,33953884,g,3,-1.4582578475481056,0.006601470584414626,0.029117502193048095,4.59579155918544,-1.4582578475481056
1687,33953884,i,5,-1.59132536483841,0.02306203534177409,0.04332061309503743,15.544993143854498,-1.59132536483841
1688,33953884,r,7,-1.7081344910553389,0.036403068214633905,0.06495662663915303,16.714635411859565,-1.7081344910553389
1689,34000406,i,9,-2.7295319397285005,0.02991074022668716,0.054098495121934764,43.65541374168039,-2.7295319397285005
1690,34000406,r,8,-2.568675114968878,0.056403620793033626,0.13484159030845388,34.23453225832426,-2.568675114968878
1691,34034947,g,4,-0.3276341721933278,0.02942628901633415,0.09054799602026997,0.20875469992007467,-0.3276341721933278
1692,34034947,i,10,0.2545374949348584,0.4245781859934006,0.784234052013643,1.4703646965109343,0.2545374949348584
1693,34034947,r,12,-0.14249973379845016,0.18363888260418415,0.7757510467447952,1.1612741355861922,-0.14249973379845016
1694,3403791,g,2,-0.5730124052097386,0.4395333919502683,0.43953339195026836,0.8409278576738788,-0.5730124052097386
1695,3403791,i,10,-0.06478236651958612,0.13442598866454253,0.1921619765067777,0.2087961759180086,-0.06478236651958612
1696,3403791,r,14,-0.7589684769971922,0.3759778455860715,0.6375955103958095,3.975136432409186,-0.7589684769971922
1697,34039707,g,2,-0.8519481650798912,0.2050499415352629,0.2050499415352629,1.5115011458227272,-0.8519481650798912
1698,34039707,i,6,-0.1673294179394161,0.04304649479685388,0.5363118607008195,0.6950206177130154,-0.1673294179394161
1699,34039707,r,7,-0.5376864606222238,0.10754556734014864,0.6291941101087264,2.382415217809742,-0.5376864606222238
1700,34045897,g,3,-0.8325498043563178,0.03865197976205348,0.062265957547632866,1.5311658611649326,-0.8325498043563178
1701,34045897,i,10,-0.44907673330401593,0.09194429619536432,0.1638252576113995,1.2014689144861173,-0.44907673330401593
1702,34045897,r,8,-0.8065172287164429,0.07549115067068346,0.11721687597763697,4.238634323528529,-0.8065172287164429
1703,3407479,g,3,-0.481718792658282,0.05858053915738837,0.0721511559858059,0.7579972903271092,-0.481718792658282
1704,3407479,i,6,-0.26655582901599234,0.025515942389541857,0.04082433896640894,0.3512732591231083,-0.26655582901599234
1705,3407479,r,7,-0.41576141610067574,0.058549325899632576,0.09997038534205338,0.998548088580886,-0.41576141610067574
1706,34099404,g,3,-0.523100555067364,0.007737111972304422,0.10103677633561281,0.5478114343417883,-0.523100555067364
1707,34099404,i,9,-0.20133280822837962,0.07002890260151862,0.22723933425944276,0.2483713665438703,-0.20133280822837962
1708,34099404,r,12,-0.6849367919849829,0.11741264390755124,0.21578861327335208,1.571586921302182,-0.6849367919849829
1709,34175865,g,4,-0.8307527159207391,0.059019870077265835,0.14751106541742498,1.3219100085948154,-0.8307527159207391
1710,34175865,i,8,-0.7710491514425412,0.07084500549865491,0.12730264850847361,2.9327553559555697,-0.7710491514425412
1711,34175865,r,7,-1.034572546328992,0.06428694026351511,0.1834354110637183,6.431748457207142,-1.034572546328992
1712,34178458,i,13,-1.9286489803927547,0.23396539762977997,0.43646659625347484,22.900847762904885,-1.9286489803927547
1713,34178458,r,5,-1.9469324613212935,0.061105551426556826,0.17255991723162833,16.038489819945955,-1.9469324613212935
1714,3419396,g,5,-0.8953903515641493,0.28678116841655754,0.30355027677288193,0.8993286586564786,-0.8953903515641493
1715,3419396,i,3,-0.450203070546334,0.02225005162761029,0.26983890478696637,1.7133194711660675,-0.450203070546334
1716,3419396,r,3,-1.2576038665169942,0.25240659249077035,0.47588602355712606,4.332647585945527,-1.2576038665169942
1717,34209330,i,9,-0.9099029877262298,0.04924863062729379,0.139947199328047,4.929842259695338,-0.9099029877262298
1718,34209330,r,6,-1.2297933685598226,0.04919551079959772,0.1434287220197532,4.178651938987353,-1.2297933685598226
1719,34328682,g,2,-0.9803269772451821,0.10062438952624753,0.10062438952624753,3.955686866614192,-0.9803269772451821
1720,34328682,i,5,-1.2801135430583879,0.05310851913195358,0.07978881689846995,8.597679878243362,-1.2801135430583879
1721,34328682,r,11,-1.2353040900020966,0.02722749389550838,0.20101059551162814,9.25519180126342,-1.2353040900020966
1722,34426349,i,7,-0.9212925359539663,0.050542534462063804,0.08083118402721723,5.775432612706462,-0.9212925359539663
1723,34426349,r,4,-1.180002203803475,0.013184889058304616,0.04725768557766408,8.009726576581286,-1.180002203803475
1724,34480770,g,3,-0.2655034965044569,0.0008935523899746833,0.02470276348770417,0.14837795738799942,-0.2655034965044569
1725,34480770,i,5,-0.14879983228276816,0.11872747367082614,0.19434702745005006,0.33427852881637277,-0.14879983228276816
1726,34480770,r,9,-0.09178912430762232,0.31732583322939645,0.6041750899010936,0.5243792856686801,-0.09178912430762232
1727,34500931,g,5,-0.3930574853184541,0.4439258349758799,0.5731456960533767,1.3484220494018797,-0.3930574853184541
1728,34500931,i,17,-0.2783451758106041,0.20026331493180777,0.7197300755703345,1.1965318005579224,-0.2783451758106041
1729,34500931,r,17,-0.4308407887306229,0.10069296078372769,0.2971185670174247,0.591035557254246,-0.4308407887306229
1730,34584477,i,7,-0.8796496212285296,0.10450380933841152,0.22115365822067723,3.47228248761209,-0.8796496212285296
1731,34584477,r,5,-0.921674441972128,0.05715860448304455,0.09875416838677542,4.220693070519198,-0.921674441972128
1732,34584690,g,7,-0.3812776429371816,0.08409925725605194,0.14794956396262082,0.6664760060744925,-0.3812776429371816
1733,34584690,i,9,-0.19694852251175887,0.018660617090018095,0.06656600583901884,0.41041723733884683,-0.19694852251175887
1734,34584690,r,12,-0.3123617119270816,0.45407275411906267,0.8466594219533352,1.4602868746094912,-0.3123617119270816
1735,3460605,g,6,-0.6132508356743268,0.08464500728112545,0.20328049329296083,0.857117266139085,-0.6132508356743268
1736,3460605,i,6,-0.4419267537062984,0.1693433826590202,0.27145762218201497,1.1779896147446982,-0.4419267537062984
1737,3460605,r,6,-0.44305431181942145,0.04450377332127892,0.09801200818951006,1.5457293613499352,-0.44305431181942145
1738,34632249,i,7,-0.3686526467400809,0.12214069109094733,0.2737640797301918,0.8548265490288356,-0.3686526467400809
1739,34632249,r,4,-0.4008038233909161,0.12319614707673754,0.26170405714038647,0.9927588358849821,-0.4008038233909161
1740,34635284,i,5,-1.0871366398165285,0.04683081371063569,0.15705449940996408,6.234118709361573,-1.0871366398165285
1741,34635284,r,6,-1.1132829530367805,0.09028731599541528,0.16441687186302234,7.082329855792985,-1.1132829530367805
1742,34645198,g,4,-0.9096425014027881,0.020411614714547555,0.027407497731843145,2.5763003498296193,-0.9096425014027881
1743,34645198,i,6,0.12951106290300413,0.053816065063625164,0.09341870451257624,0.23447266061936203,0.12951106290300413
1744,34645198,r,11,-0.3454909720978944,0.0782990308437646,0.12440936334500108,0.7826964519801131,-0.3454909720978944
1745,34659448,i,4,-0.3169714527887748,0.10250548639836499,0.18658643844234402,0.6308236202580613,-0.3169714527887748
1746,34659448,r,7,-0.5694892440706351,0.030534091238611727,0.06431683820668299,2.531640941900665,-0.5694892440706351
1747,34683900,i,9,-1.089283656903573,0.051636397670737244,0.10180522093227329,6.890636458329807,-1.089283656903573
1748,34683900,r,3,-1.1940351012474548,0.013394966786212326,0.15588434695164355,10.638215763813887,-1.1940351012474548
1749,34726465,g,3,0.4986030813546828,0.16893365062401677,0.9435566440008102,2.522514543354188,0.4986030813546828
1750,34726465,i,11,-0.23367124066437606,0.08823503699120716,0.6954061964822628,2.212131241858052,-0.23367124066437606
1751,34726465,r,9,-0.39911195946892697,0.1831177422713952,0.8076546663472569,4.1201037949115245,-0.39911195946892697
1752,34727206,g,2,-1.3576532084072528,0.016337303959583327,0.016337303959583327,4.1709315424261035,-1.3576532084072528
1753,34727206,i,5,-0.19355711782531293,0.015369568833711433,0.02694430131593628,0.15910908064209842,-0.19355711782531293
1754,34727206,r,8,-0.6568927830533244,0.031266134145029656,0.06025419661533482,1.7809864620551155,-0.6568927830533244
1755,34748721,i,6,-0.7810066188217077,0.21192067270798054,0.3826141827696994,3.070939062041018,-0.7810066188217077
1756,34748721,r,5,-1.133383094737301,0.026235207688331652,0.0698122076415797,7.247514628785254,-1.133383094737301
1757,34826657,g,2,-1.3600163952118,0.1169391409998145,0.11693914099981462,3.4457972216192294,-1.3600163952118
1758,34826657,i,5,-0.0556884272910414,0.2082422698770149,0.37843029047587584,0.3764069861149966,-0.0556884272910414
1759,34826657,r,8,-0.48263048350178106,0.08319779880483597,0.16955204528946344,1.333558670722638,-0.48263048350178106
1760,34854765,g,2,-1.0572295753961969,0.12070929754973908,0.12070929754973903,3.030222589383406,-1.0572295753961969
1761,34854765,i,4,-0.5357731356766167,0.17931737591625105,0.3696106656842025,1.4802561179917026,-0.5357731356766167
1762,34854765,r,5,-0.7090156584444474,0.05302752283622403,0.07245002039704596,2.444839166573241,-0.7090156584444474
1763,34970350,g,3,-1.1401762943335472,0.016731530189887156,0.1683962919678368,2.2322181378008623,-1.1401762943335472
1764,34970350,i,10,-1.0645802934679862,0.22185657060688557,0.3656397477842297,6.649692526819848,-1.0645802934679862
1765,34970350,r,11,-1.455924163895038,0.05339075655152681,0.22804773283081814,6.339260548935797,-1.455924163895038
1766,3498672,i,6,-1.1718704368807553,0.16635806522769425,0.26458233176410006,7.044761841111924,-1.1718704368807553
1767,3498672,r,9,-1.1559035281023133,0.15751475314714103,0.3450216582371006,5.04742682331975,-1.1559035281023133
1768,35001915,g,2,0.34026180629204894,0.713318690079214,0.7133186900792141,1.0175271098572334,0.34026180629204894
1769,35001915,i,12,-0.30681369623255467,0.0685888666114607,0.10412646395578568,0.534122645995058,-0.30681369623255467
1770,35001915,r,4,-0.2910405794552775,0.05450359414282288,0.11697364495518017,0.5228505320275311,-0.2910405794552775
1771,35004525,g,3,-1.1292812514751502,0.09715165369468015,0.10921850093427254,3.5702365721234837,-1.1292812514751502
1772,35004525,i,2,-0.6985532892897958,0.25310603801774934,0.25310603801774945,3.6675551641239412,-0.6985532892897958
1773,35004525,r,7,-0.8694026975909419,0.08643653765454284,0.2712309014756058,3.358560143224449,-0.8694026975909419
1774,35009325,i,4,-1.0019047035013826,0.16572747576494262,0.36426331844438065,3.948549567228979,-1.0019047035013826
1775,35009325,r,7,-1.069765879563612,0.5112221660790557,0.9163985731396347,6.568837012973761,-1.069765879563612
1776,35100298,i,5,-1.2131133438004622,0.031119671342274113,0.12450680444359974,7.050409542366809,-1.2131133438004622
1777,35100298,r,8,-1.2094581443368995,0.13953657670594277,0.2807411552360821,6.858620168243201,-1.2094581443368995
1778,35125160,i,11,-1.307096681453619,0.15103503652228856,0.21316087288184526,7.8579620844023195,-1.307096681453619
1779,35125160,r,9,-1.351428146217984,0.11041026847057522,0.17764395254165088,6.903109309214897,-1.351428146217984
1780,35155092,g,2,-0.9128075358063272,0.50040678719781,0.50040678719781,1.9394159903259978,-0.9128075358063272
1781,35155092,i,12,-1.2285054791915986,0.12140160025115065,0.20328524239609536,8.138527466285428,-1.2285054791915986
1782,35155092,r,12,-1.1430060292241204,0.08934444926499274,0.32060999763685105,8.87468479654754,-1.1430060292241204
1783,35173883,g,3,-0.7353274911810712,0.15904967020844096,0.16207332703206923,1.6210507969781978,-0.7353274911810712
1784,35173883,i,12,-0.33518838939981443,0.3572318936298827,0.7031240011145546,1.0843174976906913,-0.33518838939981443
1785,35173883,r,6,-0.30019664845255295,0.2706317745558504,0.47011037204454553,0.9069886445213141,-0.30019664845255295
1786,35173883,u,2,-1.506101282231692,0.02613028732815803,0.02613028732815814,2.7662593532388993,-1.506101282231692
1787,35205724,g,2,-0.8273067557229892,0.01776955594056684,0.01776955594056684,1.7912521563116934,-0.8273067557229892
1788,35205724,i,10,-0.5669889298668154,0.1206831438465149,0.2234152384703077,2.003106198649682,-0.5669889298668154
1789,35205724,r,10,-0.8286134755078819,0.06148870669552281,0.3569043558577708,5.90700322788694,-0.8286134755078819
1790,35215043,i,11,-2.6853078552160943,0.16516610394035514,0.30025812973350474,42.44447599337758,-2.6853078552160943
1791,35215043,r,3,-2.367053751519599,0.08923125246418939,0.14541351499473087,22.6897689283451,-2.367053751519599
1792,35329223,g,4,-1.0289793252739634,0.017516361078731446,0.03307280031225934,2.1341996443546103,-1.0289793252739634
1793,35329223,i,3,-0.19371415209328624,0.16600707448077048,0.21326088621086803,0.4023366493266915,-0.19371415209328624
1794,35329223,r,6,-0.3871206972290323,0.07835506778329904,0.12669156543788945,0.5981425643218107,-0.3871206972290323
1795,35390376,g,3,-0.7462948020815494,0.007380455032065747,0.39493465941204,1.466055114235429,-0.7462948020815494
1796,35390376,i,8,-0.2609161720734976,0.06762682952414645,0.6197557033267043,1.7887086663647263,-0.2609161720734976
1797,35390376,r,12,-0.3173914103549683,0.0704160008450253,1.1682731795129366,2.957702841107795,-0.3173914103549683
1798,35390376,u,4,-0.1985590944679353,0.17380214900452473,0.33507502993212407,0.09712939694208371,-0.1985590944679353
1799,35410001,g,5,-0.7447989920441553,0.04022236094796772,0.07893124652726202,1.1563520047822475,-0.7447989920441553
1800,35410001,i,14,-0.5069535026771606,0.13004039343278875,0.2432538197138031,1.491294835483934,-0.5069535026771606
1801,35410001,r,13,-0.6386105443383976,0.05541485254771383,0.13076831368419617,1.8250971126176967,-0.6386105443383976
1802,35410001,u,2,0.6202035228267477,0.42254941190371786,0.42254941190371786,0.48152748153523955,0.6202035228267477
1803,35443247,g,2,-1.0671308912702917,0.19215186138239715,0.19215186138239704,1.2750264569717338,-1.0671308912702917
1804,35443247,i,10,-0.4219959867880047,0.1584548619111455,0.2861730240166905,1.0316471109829373,-0.4219959867880047
1805,35443247,r,5,-0.9691222282121579,0.20764073895579238,0.3360423044491053,3.932213087602631,-0.9691222282121579
1806,35487525,g,2,-1.0300108519557734,0.06891651139894828,0.06891651139894828,3.8518946945433097,-1.0300108519557734
1807,35487525,i,3,-1.02026513744692,0.06680141962837871,0.11379180889263996,5.698045078955619,-1.02026513744692
1808,35487525,r,8,-1.2657775038818702,0.03438747451309898,0.046265238837546185,6.784116886423026,-1.2657775038818702
1809,35549057,g,8,-0.9411570173399846,0.1387097364188461,0.27300232594240437,1.1865988119839397,-0.9411570173399846
1810,35549057,i,7,-0.8453808057557659,0.1547297932579339,0.25241082947813964,4.184997301827026,-0.8453808057557659
1811,35549057,r,3,-1.1247438724962322,0.0047984003655767715,0.02397837602198294,7.606865072526527,-1.1247438724962322
1812,35561102,g,4,-0.5773412961675082,0.1044558591447402,0.16220155977937356,0.7104378174762196,-0.5773412961675082
1813,35561102,i,4,0.004881105157724663,0.03629193194857215,0.061520831734964636,0.01586459528849915,0.004881105157724663
1814,35561102,r,3,-0.3298546176041568,0.03474435099567508,0.0514022456658354,0.5712147072031403,-0.3298546176041568
1815,35564496,g,4,-0.4335554823008628,0.04392426289838225,0.10528596824128594,0.8796635962629057,-0.4335554823008628
1816,35564496,i,9,-0.3765644940621392,0.06668204521383614,0.08783498149462937,0.8869694291605226,-0.3765644940621392
1817,35564496,r,8,-0.49011971570294705,0.011956143899252064,0.0301072215946962,1.5503300674781826,-0.49011971570294705
1818,35657547,g,6,-0.6329333845173131,0.07777629150586068,0.14080319216144876,1.9207281937015805,-0.6329333845173131
1819,35657547,i,10,-0.33891698388391134,0.036467796215415765,0.11371027896157843,0.5736826589446667,-0.33891698388391134
1820,35657547,r,13,-0.3828566410385169,0.06012248978731938,0.11723766128303936,0.9270247387131428,-0.3828566410385169
1821,35666179,g,3,-0.6074250234580585,0.03183304990066094,0.3738001112283982,0.7267807436647139,-0.6074250234580585
1822,35666179,i,6,-0.4780779536885189,0.1549777410373144,0.30193821421714256,1.4539120816150979,-0.4780779536885189
1823,35666179,r,9,-0.8340977123640647,0.029073746116886512,0.05440006622245075,4.406369530244436,-0.8340977123640647
1824,35683085,g,8,-0.6446854146908385,0.3568244192064818,0.7499887110929455,1.1725364860952832,-0.6446854146908385
1825,35683085,i,7,0.06396298494451219,0.10017943193347845,0.5314601789450627,2.2172559204623865,0.06396298494451219
1826,35683085,r,9,-0.14656768597760128,0.11146809173061945,0.4030743763444269,2.5038524371803543,-0.14656768597760128
1827,35697711,g,3,-0.06755634102031705,0.11924517733254358,0.48217042236319746,0.7384320961443445,-0.06755634102031705
1828,35697711,i,13,-0.4130910792588234,0.04557871464764229,0.11735241571615901,0.9141323554513541,-0.4130910792588234
1829,35697711,r,10,-0.6040009068379439,0.08960817386257752,0.16607755586887318,1.5060719971999834,-0.6040009068379439
1830,35716013,g,3,-0.31788243017006323,0.19961069522684982,0.31520284580261765,0.9055054813459792,-0.31788243017006323
1831,35716013,i,11,-0.16294390047840324,0.09805538163884286,0.20965860145055623,0.3011269815765103,-0.16294390047840324
1832,35716013,r,13,-0.0540008257188101,0.05158176109812512,0.09202896885754325,0.1995068639201248,-0.0540008257188101
1833,35723907,g,3,-0.18129663850224653,0.1156217888792832,0.3284526060328442,0.858518062210178,-0.18129663850224653
1834,35723907,i,4,-0.24892275871027594,0.09238908812026675,0.19607603232852344,0.39035544300280217,-0.24892275871027594
1835,35723907,r,4,-0.4127355267296909,0.05783769763449692,0.09933005545185725,1.0314606058907394,-0.4127355267296909
1836,35776569,g,2,-1.767892968661605,0.25137838816197766,0.2513783881619778,4.534873787183527,-1.767892968661605
1837,35776569,i,6,-2.1298813141143125,0.14112900565420916,0.23313362399497617,30.84841559728396,-2.1298813141143125
1838,35776569,r,7,-2.2172749110139645,0.01980244061730385,0.03950788055426724,21.70690642053855,-2.2172749110139645
1839,35821875,g,2,-0.5768687493387139,0.03197997933793273,0.03197997933793273,0.7066037360538553,-0.5768687493387139
1840,35821875,i,13,-0.18015118361382074,0.07582612305954636,0.14786103928930083,0.3301755475206096,-0.18015118361382074
1841,35821875,r,14,-0.4600762120878179,0.15225934586624684,0.366045542127833,2.0603820703383886,-0.4600762120878179
1842,35826526,i,7,-2.113695081739846,0.11428398776288518,0.1941462146156132,25.60141183233727,-2.113695081739846
1843,35826526,r,7,-2.3479091428539296,0.06254081947458179,0.18708778238495016,25.04115781809324,-2.3479091428539296
1844,35858697,g,8,-0.4912863813711771,0.043550108455513326,0.14234101043546177,0.8943783905735221,-0.4912863813711771
1845,35858697,i,8,-0.22482110456080637,0.18062466245041925,0.2956977360315458,0.6058057517061026,-0.22482110456080637
1846,35858697,r,13,-0.13175224386901307,0.06639967096511401,0.08615606618771074,0.21549505013327272,-0.13175224386901307
1847,35858697,u,4,0.14524358049189312,0.04783069949822516,0.10410953865313965,0.0419979350232942,0.14524358049189312
1848,35865540,g,3,-0.6702900594135667,0.02920880904549905,0.03128911917027577,2.400685184254799,-0.6702900594135667
1849,35865540,i,7,-0.21544140172147674,0.047229048194570966,0.09603848259982672,0.22143257283602788,-0.21544140172147674
1850,35865540,r,5,-0.4846823233756224,0.019567468022745393,0.03672200698468486,1.5357636652011792,-0.4846823233756224
1851,35865540,u,2,-0.0036761688516477875,0.06378485196066919,0.06378485196066919,0.00556597769712884,-0.0036761688516477875
1852,3588888,i,6,-0.24350666466226772,0.05585900809354202,0.114525927820544,0.38026647047517875,-0.24350666466226772
1853,3588888,r,5,-0.265861889055097,0.13925399716547937,0.19155094831647118,0.3008366398231107,-0.265861889055097
1854,35950312,g,3,-0.2591535994652099,0.057363076739476604,0.14916320145091289,0.42045460922999495,-0.2591535994652099
1855,35950312,i,2,-0.33840356700952623,0.16437352455909895,0.16437352455909898,0.7172093150748078,-0.33840356700952623
1856,35950312,r,7,-0.4480947521594143,0.19108772293045817,0.38773830449113383,1.0079933579005977,-0.4480947521594143
1857,35986005,i,9,-0.40933501410174444,0.04038943425866126,0.050406190157651576,0.9142417907883735,-0.40933501410174444
1858,35986005,r,6,-0.6748641906686886,0.06944789781503669,0.11048830064241999,2.6775871768989696,-0.6748641906686886
1859,35986840,g,2,-0.35631781521722977,0.1669829274148758,0.16698292741487586,0.5441006211422635,-0.35631781521722977
1860,35986840,i,2,0.9027021023151542,0.14420635335975346,0.1442063533597534,3.7779831718544186,0.9027021023151542
1861,35986840,r,6,0.46813693144284463,0.34802144849764777,0.6436103476087429,1.7000213055157625,0.46813693144284463
1862,35991382,i,7,-0.4677521583975428,0.048790382672677546,0.10791047121136899,1.2916169678510039,-0.4677521583975428
1863,35991382,r,8,-0.5902243803693105,0.03236986638400674,0.23319476027567398,1.3499609542369513,-0.5902243803693105
1864,36016594,g,2,-2.2041664991991503,0.043407064688513186,0.043407064688512964,4.383534142903546,-2.2041664991991503
1865,36016594,i,7,-2.5679572182509296,0.21134627604047873,0.45041960352429644,35.962339660592285,-2.5679572182509296
1866,36016594,r,7,-2.224080968000828,0.20048445516687918,0.24038210566927942,13.302370478822443,-2.224080968000828
1867,36020590,i,10,-1.858674518902228,0.16072425444651428,0.2746324793701289,18.665473096054754,-1.858674518902228
1868,36020590,r,9,-1.8732918515568666,0.1275338691542507,0.22108271933894352,17.621249526958742,-1.8732918515568666
1869,36023559,g,2,0.012338629751912245,0.2197954721017107,0.2197954721017107,0.13042678034630129,0.012338629751912245
1870,36023559,i,6,-0.3519039682494347,0.20657134660089582,0.519108129103241,1.9425431978246268,-0.3519039682494347
1871,36023559,r,3,0.33241459423355746,0.21896088571312333,0.5597200427076205,1.4298031622588647,0.33241459423355746
1872,36050664,i,7,-0.44683104560708103,0.05968925015093646,0.10379999459794209,1.1705180816997167,-0.44683104560708103
1873,36050664,r,8,-0.756497503420819,0.08240700536367918,0.1317345343300862,2.8158060075841544,-0.756497503420819
1874,36079149,g,2,-0.36491200076035246,0.15176371981436654,0.15176371981436654,0.37909377196848343,-0.36491200076035246
1875,36079149,i,8,-0.2189694387783402,0.0971625893454525,0.19415033372157153,0.7712536090567834,-0.2189694387783402
1876,36079149,r,8,-0.6212460972628419,0.056985472157793426,0.11189673554546309,2.324279106329884,-0.6212460972628419
1877,36115337,g,3,-0.6357354726046772,0.1292970081940491,0.1794048054379117,2.641743859838114,-0.6357354726046772
1878,36115337,i,4,-0.48916565353423935,0.10120373089379445,0.18789898972672353,1.0730320995126947,-0.48916565353423935
1879,36115337,r,4,-0.6643846504189785,0.013597610214116151,0.07125551288430687,2.120275900427484,-0.6643846504189785
1880,36127788,g,4,-0.24490026656171104,0.10030350125335463,0.15214026702524447,0.21440622948972463,-0.24490026656171104
1881,36127788,i,8,0.07086405142680602,0.10366714098659507,0.17507864579779664,0.15647510848019242,0.07086405142680602
1882,36127788,r,11,-0.07999628364283362,0.17766206253657957,0.3870642763176737,0.44085305843346045,-0.07999628364283362
1883,36143560,g,3,-0.9986250927032365,0.12567168532643458,0.13357225806463524,1.7025079028930288,-0.9986250927032365
1884,36143560,i,5,-0.03879654258681964,0.062374566426886796,0.19902550255082124,0.07869221071900225,-0.03879654258681964
1885,36143560,r,7,-0.7300424119215438,0.06683700268749404,0.1223049288093443,3.1172643443059584,-0.7300424119215438
1886,36161707,i,14,-0.39004821557707414,0.14304327016373797,0.23554602706797523,0.9630834351069216,-0.39004821557707414
1887,36161707,r,5,-0.3570650009509005,0.028913556255461548,0.07986504362012181,1.0680766441247385,-0.3570650009509005
1888,36216669,i,6,-0.9213617414527636,0.12664820352634976,0.223076920406571,4.235639809255838,-0.9213617414527636
1889,36216669,r,5,-1.082927970587715,0.058121597537628134,0.10877030765827156,5.037023465115295,-1.082927970587715
1890,36236708,g,2,-0.39041801366485607,0.3065157045101883,0.3065157045101883,0.4106058160871295,-0.39041801366485607
1891,36236708,i,7,-0.14458715690121615,0.19713664508207074,0.4935901811052651,0.7334332867924347,-0.14458715690121615
1892,36236708,r,4,-0.40557813873520054,0.07165428677686903,0.14919195208174213,1.0538149329832016,-0.40557813873520054
1893,36237195,g,3,-1.1714179578652824,0.15412324043793424,0.2022988566040005,3.672775045973309,-1.1714179578652824
1894,36237195,i,7,-1.502839190503881,0.07861664120520961,0.13127879439764034,13.20842698631175,-1.502839190503881
1895,36237195,r,6,-1.4475890577803208,0.08297129394004454,0.14709095607987122,12.02145698112202,-1.4475890577803208
1896,36256729,i,2,0.888505375284061,0.08533556782677765,0.08533556782677776,3.826028994821228,0.888505375284061
1897,36256729,r,11,-0.1110545524869111,0.2051262461738238,0.5123955260519617,0.7510691267855862,-0.1110545524869111
1898,36263476,i,10,-0.3613644731496439,0.08338625598460941,0.1528155205141219,0.7670218488085745,-0.3613644731496439
1899,36263476,r,7,-0.538872620152193,0.08596169147342037,0.1271915150126473,1.3277601716669483,-0.538872620152193
1900,36328575,g,2,-0.4788876427649207,0.258971119706068,0.258971119706068,0.5036092386708675,-0.4788876427649207
1901,36328575,i,12,-0.3345691381983267,0.12322577336974849,0.23727844693340022,0.6850143482200598,-0.3345691381983267
1902,36328575,r,13,-0.6947131294841649,0.10851290093657329,0.2159102578299944,2.6071428872413245,-0.6947131294841649
1903,3638902,g,4,-0.3018946030585784,0.21749819907469892,0.5096641947888545,1.8568223829185244,-0.3018946030585784
1904,3638902,i,6,0.9787413647724151,0.023093708483770403,0.035706139742520904,5.55742577283345,0.9787413647724151
1905,3638902,r,8,0.2224806064705038,0.4070965460449306,0.5937321702839526,1.6782469186466917,0.2224806064705038
1906,3638902,u,3,-0.42297896988218486,0.5062950407223115,0.91152569943225,0.6006512581922389,-0.42297896988218486
1907,36417208,i,7,-0.8265841950269007,0.21178419319760533,0.3376042981602684,3.1884442749765833,-0.8265841950269007
1908,36417208,r,7,-1.047980931519251,0.14298255183160702,0.3395093023770366,3.847111849892247,-1.047980931519251
1909,36457036,i,10,-0.2144537502813283,0.08371887231904782,0.16077392097092508,0.40810381945848384,-0.2144537502813283
1910,36457036,r,5,-0.5926761007420052,0.0680301614914518,0.09812354923883237,2.4131678673597783,-0.5926761007420052
1911,3646294,g,4,-0.9059133924157581,0.01957037972855341,0.1748739026384999,2.5743787419519264,-0.9059133924157581
1912,3646294,i,8,-0.5130746683355738,0.1069081636455248,0.20233598850035966,1.61657911583317,-0.5130746683355738
1913,3646294,r,5,-0.762700364136625,0.0972866869425083,0.14343787359060012,2.683974264068511,-0.762700364136625
1914,36469525,i,3,0.07390314850481103,0.33008216595329554,0.4772784242300433,1.0341791197012797,0.07390314850481103
1915,36469525,r,8,-0.6137918574348112,0.09438210999230612,0.22350769928664194,1.3779767337433122,-0.6137918574348112
1916,36486706,i,4,-0.5919757255249518,0.08021913025467609,0.17005812977794738,1.7030142109533961,-0.5919757255249518
1917,36486706,r,7,-1.0487053653214868,0.03294593742274432,0.06308173855835175,5.925994598124283,-1.0487053653214868
1918,36492874,g,4,-0.6245004045092666,0.049330986893306394,0.09610148920051387,1.3441345306229413,-0.6245004045092666
1919,36492874,i,3,-0.2835205247377623,0.000722889024032225,0.001091731038145416,0.4481455976694062,-0.2835205247377623
1920,36492874,r,5,-0.6105374207334288,0.028499347857600887,0.12122267823463373,2.046900418084403,-0.6105374207334288
1921,36504989,g,6,-1.1911104401311132,0.06062051329132767,0.21166315442266548,1.9175652331827358,-1.1911104401311132
1922,36504989,i,9,-0.34409338104600473,0.17449424044371598,0.32219183554218805,1.3399271314963355,-0.34409338104600473
1923,36504989,r,8,-0.9212939862422973,0.10585686026380603,0.317025004712446,3.898570287757846,-0.9212939862422973
1924,36519691,g,3,-0.5640107671364805,0.11195027041024241,0.14010362590963843,0.7150852740736671,-0.5640107671364805
1925,36519691,i,8,-1.4058146317100584,0.1542162193337655,0.37608842691966826,10.224672514928727,-1.4058146317100584
1926,36519691,r,5,-1.4874185011797068,0.010261521892783954,0.013682100937685293,14.37835161076419,-1.4874185011797068
1927,36528901,i,5,-2.6880327863105307,0.040072136888386733,0.05507214091458046,39.26995708513591,-2.6880327863105307
1928,36528901,r,6,-2.4684041532389402,0.14432304270247576,0.2300777423171101,23.875200534092752,-2.4684041532389402
1929,36549432,g,2,-0.583486827618213,0.33654195555434874,0.33654195555434874,0.8788678107738229,-0.583486827618213
1930,36549432,i,5,0.6686018657911293,0.2522234956368673,1.2390481641418025,2.480078046994172,0.6686018657911293
1931,36549432,r,5,0.19127255313469316,0.24664391893875892,0.29464938105069516,1.616929985553385,0.19127255313469316
1932,36680298,i,4,0.012280071944757207,0.16368927001215064,0.3636855260014036,0.6131981271435795,0.012280071944757207
1933,36680298,r,8,-0.19970875079255207,0.05404504677817479,0.09087503945373407,0.24003946583843547,-0.19970875079255207
1934,3672953,i,11,-0.659225098919265,0.06995439595537167,0.1294760973453022,2.075046147158342,-0.659225098919265
1935,3672953,r,10,-0.6536792136405148,0.05267483584919275,0.12607466293723135,1.852416512575505,-0.6536792136405148
1936,36735821,i,9,-1.4427672621732972,0.12140869212806993,0.3136632397446617,9.987427038996726,-1.4427672621732972
1937,36735821,r,9,-1.4858992960343382,0.13944375396929787,0.25066945047026423,8.133092940621502,-1.4858992960343382
1938,36738883,i,5,-0.4460092632106143,0.08327241246104067,0.455981316452014,0.8886570788389655,-0.4460092632106143
1939,36738883,r,7,-0.6021873465782698,0.21347226734178104,0.2375600598110736,2.1964150709232575,-0.6021873465782698
1940,3674914,g,2,-0.4606552658242184,0.0462565422876256,0.04625654228762566,1.0830637054632413,-0.4606552658242184
1941,3674914,i,4,-0.14045063409902597,0.01103938835559612,0.02886382404290541,0.10728879705604656,-0.14045063409902597
1942,3674914,r,6,-0.1672830001858654,0.00832919003526375,0.0181418064010396,0.15583577351193403,-0.1672830001858654
1943,3676846,g,3,0.23354405408896461,0.04402116730576333,0.07235136733587066,0.11156584599696805,0.23354405408896461
1944,3676846,i,9,-0.7371958327279533,0.04602055743161637,0.07520367700768404,2.4742863412927174,-0.7371958327279533
1945,3676846,r,8,0.2717540876359724,0.06568481090112421,0.2328533774240672,0.3934823400709174,0.2717540876359724
1946,36779516,i,9,-0.5080706264728099,0.07465999245215449,0.15285385096547854,1.4516600879129007,-0.5080706264728099
1947,36779516,r,6,-0.7454179501877949,0.04291033749139983,0.07260035015726474,2.9759492636192983,-0.7454179501877949
1948,36788641,g,5,-0.9166964059302125,0.0596042565934074,0.05971982052934832,1.9974389660531515,-0.9166964059302125
1949,36788641,i,17,0.00951461355716955,0.20610476653718635,0.3581057366481386,0.32253193486510673,0.00951461355716955
1950,36788641,r,15,-0.6535748055636463,0.24413348296736825,0.48762974176465723,3.170072551744173,-0.6535748055636463
1951,368125,i,8,-0.6842045387453781,0.11965191927634627,0.25564119488884196,2.9252673630716757,-0.6842045387453781
1952,368125,r,9,-1.2084991061382944,0.0850422612700863,0.16743107209049257,5.9019584628947195,-1.2084991061382944
1953,36833402,g,3,-0.6839921672573566,0.04697469085342654,0.13190664779207706,1.6409363480800299,-0.6839921672573566
1954,36833402,i,3,0.04839091461679812,0.09036871447268544,0.11992813251013006,0.051734129561574825,0.04839091461679812
1955,36833402,r,7,-0.22623919375547025,0.10253139207150558,0.15272663783406187,0.43689997944267195,-0.22623919375547025
1956,36877204,i,6,-0.31253482283683853,0.05003180125395271,0.07931643333280097,0.7290944213344006,-0.31253482283683853
1957,36877204,r,5,-0.6763565773889368,0.15455970404769315,0.21148809913553235,3.245379869863695,-0.6763565773889368
1958,36918589,g,2,-0.39034447793303184,0.12559710564757798,0.12559710564757798,0.3035802404015404,-0.39034447793303184
1959,36918589,i,11,-0.28507791659634,0.02714970369735631,0.177869792078572,0.3984732470721791,-0.28507791659634
1960,36918589,r,8,-0.5089888604095207,0.06586096630793448,0.12958210921877295,1.6043701016317617,-0.5089888604095207
1961,37043355,i,7,-0.8374684736774529,0.0769632985910127,0.101016121237682,4.309828755888124,-0.8374684736774529
1962,37043355,r,4,-1.1424659546004623,0.06119701610467354,0.11948619627846413,8.73070045227753,-1.1424659546004623
1963,37062526,g,4,-0.8749350817724689,0.1039567974004979,0.2396620332234345,1.681148384139578,-0.8749350817724689
1964,37062526,i,11,0.18108696190790385,0.46616621976015016,1.2796829833775365,4.323951106893571,0.18108696190790385
1965,37062526,r,14,-0.4600830554660369,0.3255923530672224,0.6110845715332458,1.627106692118083,-0.4600830554660369
1966,37062526,u,2,-0.8802224593177812,0.22527940944702007,0.22527940944702007,0.6281622993045515,-0.8802224593177812
1967,37078962,i,7,-0.16614142049013042,0.2472623427158382,0.40727136541982956,0.4481495527995164,-0.16614142049013042
1968,37078962,r,4,-0.5834116005998424,0.036656349628550355,0.0820728002962352,1.7637718285079227,-0.5834116005998424
1969,37125393,g,2,-0.3664960375965025,0.2658697377311965,0.2658697377311965,0.45513922529234824,-0.3664960375965025
1970,37125393,i,6,-0.33458435320405816,0.05462953553779609,0.08349600582403388,0.6325893455771571,-0.33458435320405816
1971,37125393,r,6,-0.542631634642408,0.04202526650173244,0.06493028117922162,1.903039650250994,-0.542631634642408
1972,3715723,i,9,-0.9007171704066307,0.024488431193587457,0.04051908836050955,5.948960867145762,-0.9007171704066307
1973,3715723,r,10,-1.0529489561075605,0.09925945210890813,0.1840683749362677,5.777156018287192,-1.0529489561075605
1974,37215699,i,8,-0.5861527557438151,0.05462255475999006,0.08330174556061554,2.1462483904658303,-0.5861527557438151
1975,37215699,r,5,-0.7929147400586527,0.017520060112125924,0.029659610994790198,3.941138661210099,-0.7929147400586527
1976,37275971,g,4,-1.1736940926755468,0.02128198114310087,0.0645740684750864,2.2285362642864674,-1.1736940926755468
1977,37275971,i,4,-0.5524159058269404,0.066129187342053,0.09836480086001387,2.1762890086125664,-0.5524159058269404
1978,37275971,r,7,-0.7636070969507266,0.03059543600459591,0.07967097268299694,3.225850906155166,-0.7636070969507266
1979,37307449,i,7,-0.3057360613975597,0.4013943829669828,0.6373532361718504,1.2924510957217559,-0.3057360613975597
1980,37307449,r,8,-0.3919939337537559,0.08191209407181166,0.13097169073896053,0.5540484752125037,-0.3919939337537559
1981,37364501,i,12,-0.9672243223592989,0.09147025991522889,0.18221664768291357,5.663104065734277,-0.9672243223592989
1982,37364501,r,18,-1.203381592043737,0.08925071888161384,0.156649099990273,6.960512352147247,-1.203381592043737
1983,37381242,i,7,-1.097051919584466,0.12967555098786554,0.20525403118973273,6.316316967992739,-1.097051919584466
1984,37381242,r,5,-1.3617230086409968,0.015237556085094806,0.16461536734717486,6.875683269875486,-1.3617230086409968
1985,37390564,i,13,-1.1171527319452794,0.14697972363826772,0.23560269021599134,5.638784958499012,-1.1171527319452794
1986,37390564,r,7,-0.8820234003569412,0.05458006099548851,0.2695022428223558,4.123849091289747,-0.8820234003569412
1987,37415177,i,14,-1.5511710488147208,0.15060455380040327,0.31990197062128334,14.09617864729935,-1.5511710488147208
1988,37415177,r,8,-1.6706264662311563,0.21537499627601286,0.406503592196342,16.348154549855398,-1.6706264662311563
1989,37422425,g,4,-0.5227995699610428,0.043141044415258456,0.11930425304932052,0.4201529244601011,-0.5227995699610428
1990,37422425,i,4,-0.11756676531400664,0.16912297316774727,0.37271559457159065,0.8742318185923259,-0.11756676531400664
1991,37422425,r,6,-0.29922034926334373,0.08900430529619396,0.13794944605102671,0.5854158622218365,-0.29922034926334373
1992,37452158,i,7,-0.4024163454165529,0.04809705475701209,0.2286569468484772,0.6501034199235859,-0.4024163454165529
1993,37452158,r,4,-0.4448025601435136,0.01988274132725265,0.0371765394673384,0.8977905801603638,-0.4448025601435136
1994,37491315,i,6,-0.2210153854626962,0.06379976522279865,0.09586696010655008,0.27604731598088506,-0.2210153854626962
1995,37491315,r,9,-0.4863979811692184,0.07928583928928667,0.15480023046719427,1.638542626895832,-0.4863979811692184
1996,37492275,g,3,-0.7709790591504004,0.1685390931049311,0.32159576393417244,1.096604991793585,-0.7709790591504004
1997,37492275,i,10,-0.5609335052318531,0.055153472275579984,0.07827543766637823,1.6204461341319258,-0.5609335052318531
1998,37492275,r,11,-0.9264941070510802,0.06100399564221104,0.09099423110190441,3.5712777407332257,-0.9264941070510802
1999,37497629,i,10,-0.18208837916760312,0.0444639508277119,0.07707306718235271,0.15433176916396363,-0.18208837916760312
2000,37497629,r,11,-0.2597444973798826,0.06450637587402863,0.24791057115149973,0.2658690172143526,-0.2597444973798826
2001,37508822,i,5,-0.6642105761677697,0.08971751970421915,0.2707028660796207,2.5100987534885038,-0.6642105761677697
2002,37508822,r,6,-1.0083803183935522,0.06179926548496162,0.09328406630984964,2.69304951792696,-1.0083803183935522
2003,37555213,g,4,-0.45087530242745655,0.0019560076403621895,0.0036605715445224285,0.7557776513536992,-0.45087530242745655
2004,37555213,i,9,-0.5374034179413505,0.036347016217922246,0.26164133766330677,1.8698918144314705,-0.5374034179413505
2005,37555213,r,8,-0.36703634469357727,0.10110873689637834,0.1777513574184833,0.9171753114903638,-0.36703634469357727
2006,37555213,u,5,1.4185594891479845,0.23828269741144004,1.3274399103698675,1.3140959405331294,1.4185594891479845
2007,37584314,g,2,-0.8539925455433455,0.022416725824430994,0.022416725824430994,1.5703334183061228,-0.8539925455433455
2008,37584314,i,11,-0.7321631100539528,0.04369186814032466,0.15189454258072455,2.69676876433715,-0.7321631100539528
2009,37584314,r,7,-0.8006725399144272,0.041379341291619354,0.057075022682982146,3.3385606817466544,-0.8006725399144272
2010,37593783,g,5,-1.282424982556403,0.09312753472729374,0.11170116422349663,1.9476186934019055,-1.282424982556403
2011,37593783,i,3,-0.1910155554919711,0.3287003369841608,0.3672817195294312,0.6402525357641278,-0.1910155554919711
2012,37593783,r,7,-0.5956154814258505,0.053419773355177336,0.33138293240613415,1.5142773625952088,-0.5956154814258505
2013,37600703,i,12,-1.677958847274635,0.08776611290931602,0.17521523036231912,12.899678106847665,-1.677958847274635
2014,37600703,r,6,-1.6850927872326742,0.03491702611899972,0.10713225539882876,10.060611425264307,-1.6850927872326742
2015,37667545,g,3,-0.7156752585219402,0.11708498963841307,0.30501463891943187,1.1944808032073841,-0.7156752585219402
2016,37667545,i,4,0.24399136157299756,0.5706489785500699,1.2382014832990447,2.645597313828702,0.24399136157299756
2017,37667545,r,4,-0.0897082207633056,0.10912373993843943,0.28329798472290635,0.6811680188560814,-0.0897082207633056
2018,37667545,u,3,-1.722720200621993,0.02562233675404002,0.2406512320085834,2.1594860117288825,-1.722720200621993
2019,3769070,i,11,-0.7279448672493751,0.10864389773816185,0.21901920241287298,3.0967041567811417,-0.7279448672493751
2020,3769070,r,7,-1.027178484672465,0.04819324654245882,0.09844184581278159,7.025795646550541,-1.027178484672465
2021,37710929,g,3,-0.5735868290488556,0.034980652022036596,0.05733818364211429,1.4522521952091827,-0.5735868290488556
2022,37710929,i,4,-0.25802638145117174,0.10129776897618128,0.17695085121625953,0.4596234300097565,-0.25802638145117174
2023,37710929,r,6,-0.2754966245876848,0.07133783195948173,0.11890320633703994,0.5714886228426432,-0.2754966245876848
2024,37786311,g,6,-0.5564933695430805,0.14791561224695243,0.35202462715365657,1.3700591628315273,-0.5564933695430805
2025,37786311,i,7,-0.3514622444087744,0.06276659852588151,0.10165089214058615,0.7661940735062492,-0.3514622444087744
2026,37786311,r,10,-0.5017190411397747,0.06127670011338654,0.11462385185942559,1.522025588901472,-0.5017190411397747
2027,37937298,i,8,-1.4132748266991666,0.1546995862022672,0.27788851639662804,11.249310589504066,-1.4132748266991666
2028,37937298,r,10,-1.2866096795017934,0.07964713079381136,0.24183184120206458,10.4594209121771,-1.2866096795017934
2029,37966761,i,10,-1.2332064992368001,0.10902693888498749,0.18575508860435508,8.137468171842022,-1.2332064992368001
2030,37966761,r,3,-1.552912436274464,0.023387362504351694,0.02550952920838867,8.043666135290696,-1.552912436274464
2031,38011273,g,2,-0.602943608858423,0.08528964245362847,0.08528964245362847,0.5919285786096551,-0.602943608858423
2032,38011273,i,4,0.2909557320852937,0.19984637298565924,0.5288690117182469,0.930063961005537,0.2909557320852937
2033,38011273,r,7,-0.27853350605685123,0.23884358990658439,0.4410940063362999,0.7730064773588977,-0.27853350605685123
2034,38021540,g,4,-0.4155365786291876,0.002684064373790096,0.14058978136377104,0.2534776869069215,-0.4155365786291876
2035,38021540,i,10,-0.5307363347003959,0.024689390827411006,0.05338988069865347,1.2974036695049782,-0.5307363347003959
2036,38021540,r,10,-0.6864164959318253,0.10040173719471684,0.17113379299966924,2.25501921397033,-0.6864164959318253
2037,38027094,i,9,-2.026111531358232,0.023931174065059846,0.03388540106639715,25.539408679394292,-2.026111531358232
2038,38027094,r,10,-1.834236880706443,0.040256354204414535,0.07936782904256545,18.77362823441393,-1.834236880706443
2039,38134769,g,4,-0.5501767198311462,0.04534284302669994,0.10371796994853177,1.3327396490669727,-0.5501767198311462
2040,38134769,i,7,-0.2573211664496907,0.0657753228066768,0.11831342508910964,0.40941488141192994,-0.2573211664496907
2041,38134769,r,10,-0.13904957340588447,0.06388118753922761,0.09047601715879625,0.08383117758478217,-0.13904957340588447
2042,38141425,i,4,-1.1031144120918768,0.03742207628548622,0.08872587741833082,7.368699230695649,-1.1031144120918768
2043,38141425,r,7,-1.236744492384617,0.03416994085031799,0.07431387729725003,8.57510464709703,-1.236744492384617
2044,38161333,i,7,0.22112289819479672,0.31685686348646513,0.5826179907338455,1.0350304252014786,0.22112289819479672
2045,38161333,r,4,0.290399201707885,0.09892788903058795,0.20763742048040293,0.882397436834235,0.290399201707885
2046,38173402,i,5,-0.9852996174739017,0.018242259727722976,0.08069370092266359,4.430088745519003,-0.9852996174739017
2047,38173402,r,5,-1.1369224009582164,0.02647504241918197,0.10212303932853617,7.904627982238179,-1.1369224009582164
2048,3822595,g,2,-0.4622632220934322,0.18517949442417825,0.18517949442417825,0.4635558471630387,-0.4622632220934322
2049,3822595,i,8,-0.35928763043742395,0.05426116194445013,0.11034511329982405,0.49096528487056085,-0.35928763043742395
2050,3822595,r,8,-0.5064847873203313,0.10563678478420557,0.19142760578347173,0.9437702904019922,-0.5064847873203313
2051,3824163,i,8,0.560223161121195,0.6057992593717791,1.2424083291022185,3.630451484234273,0.560223161121195
2052,3824163,r,6,-0.5365274914032706,0.13827779279647057,0.2477788544285648,1.5552040297052765,-0.5365274914032706
2053,38255815,g,6,-0.5999348668532347,0.1697579882130119,0.31511246008814925,1.4471802386359969,-0.5999348668532347
2054,38255815,i,10,-0.1980967903227608,0.07870591299519643,0.16492418977211107,0.4016262096149135,-0.1980967903227608
2055,38255815,r,12,-0.49365008611503225,0.22997894009402609,0.39015167077374646,1.496765609897581,-0.49365008611503225
2056,3829003,g,4,-0.7403837885173026,0.05685859179203373,0.2415415881084636,1.2503704725353468,-0.7403837885173026
2057,3829003,i,11,-0.4668669285012279,0.13417979334873809,0.24034784166585532,1.2012219643955484,-0.4668669285012279
2058,3829003,r,7,-0.6908126266960881,0.02292910972838147,0.04935906961907777,2.383891878242416,-0.6908126266960881
2059,38344235,i,10,-0.5279691296554804,0.05994481765962903,0.1927878949747125,1.804984881952474,-0.5279691296554804
2060,38344235,r,5,-0.7049555577802153,0.06831110933754603,0.08354069095874961,2.777466212725404,-0.7049555577802153
2061,38375876,i,6,-0.3091773666987807,0.031520137460407605,0.04883976154157582,0.6134421574991319,-0.3091773666987807
2062,38375876,r,6,-0.5076780116439049,0.012571794451476381,0.02254689802228238,1.4619759076228844,-0.5076780116439049
2063,38381006,g,3,-1.180391058430665,0.03277304673585002,0.07410381889998585,4.356041230907031,-1.180391058430665
2064,38381006,i,5,-1.332828525321648,0.08907084932693121,0.11282215368207216,7.900607944531302,-1.332828525321648
2065,38381006,r,9,-1.3191315245889401,0.14340812333514297,0.265694412481039,9.217116347959884,-1.3191315245889401
2066,38381430,i,7,-1.701962457825433,0.046184485221252736,0.25827679729997177,13.180905639143514,-1.701962457825433
2067,38381430,r,5,-1.6055774840823123,0.029497365080409566,0.05064262058266644,17.212359050774808,-1.6055774840823123
2068,38386367,g,3,-0.6138048305669235,0.0674875194657737,0.07523948922430623,1.0789149201127193,-0.6138048305669235
2069,38386367,i,8,-0.4657902943982464,0.03908930766519211,0.08186250482599561,1.1504101737705485,-0.4657902943982464
2070,38386367,r,10,-0.45225661986851196,0.047529244706081386,0.18942606510990262,0.7307074340880155,-0.45225661986851196
2071,38411258,g,3,-0.26983711248281117,0.16742117325009143,0.35879994164387785,0.38812967201265075,-0.26983711248281117
2072,38411258,i,8,-0.5869109304009816,0.0832441959176666,0.16956356711753334,1.4866471069869118,-0.5869109304009816
2073,38411258,r,16,-0.73109578357529,0.30183520732005,0.4725632606409618,2.836046295881244,-0.73109578357529
2074,38518373,g,2,-0.7702467781017726,0.005621588819207268,0.005621588819207268,2.4607026481198995,-0.7702467781017726
2075,38518373,i,7,-0.17910035639537875,0.1879086237439203,0.3442923094147801,0.2754295243920348,-0.17910035639537875
2076,38518373,r,8,-0.4001226960461166,0.1378203458105278,0.26363706492003286,0.696782103326305,-0.4001226960461166
2077,38519888,i,8,-2.2479311581445716,0.05224816938021393,0.08666057121252102,24.613489266606166,-2.2479311581445716
2078,38519888,r,4,-2.4554463914298212,0.07019893016020418,0.11709566172434371,29.841583394640317,-2.4554463914298212
2079,38550771,i,6,-0.37605986841129047,0.08943441530967428,0.1570569363904144,0.7386649040256869,-0.37605986841129047
2080,38550771,r,5,-0.44147537165422035,0.07511191760989844,0.11019845855940891,1.0751589860742923,-0.44147537165422035
2081,38552446,g,3,-0.970482196447654,0.06411980183550181,0.0689287784648267,3.0679403953281823,-0.970482196447654
2082,38552446,i,13,-0.7265003295755698,0.0321525823206934,0.056231364780892634,2.4031341773341577,-0.7265003295755698
2083,38552446,r,14,-1.0395795107027936,0.04121419685810257,0.07378612354091074,4.255103503990123,-1.0395795107027936
2084,3858917,i,5,-0.320143223122687,0.16882689633180253,0.21894464809940561,0.5433054507977699,-0.320143223122687
2085,3858917,r,8,-0.4395730370634977,0.1546039121059648,0.2883195177616455,0.8395669018743106,-0.4395730370634977
2086,38658919,g,2,-0.007569877679442283,0.12151399186364509,0.12151399186364509,0.045169804637457574,-0.007569877679442283
2087,38658919,i,5,0.6109432041982925,0.16407591195494353,0.312417526337847,2.0444971264258434,0.6109432041982925
2088,38658919,r,9,0.5905754039494377,0.12484126607715773,0.18333944850086292,2.2255176484004586,0.5905754039494377
2089,38665266,i,11,-1.3065608403691187,0.2134639178433877,0.3658180924395005,8.675917034022245,-1.3065608403691187
2090,38665266,r,8,-1.397386515019968,0.1383588631110072,0.24354110900330173,9.411763009268121,-1.397386515019968
2091,38703089,g,2,-0.9320231868792195,0.15796111856988637,0.15796111856988626,3.562265357133922,-0.9320231868792195
2092,38703089,i,12,-0.12775935658607324,0.09850511931596072,0.23799127790387742,0.3248670357139545,-0.12775935658607324
2093,38703089,r,6,-0.5467813433089684,0.03514523539005099,0.23869743867046922,1.3626400304729207,-0.5467813433089684
2094,38758515,g,3,-0.608392879622426,0.17913711910720043,0.26958210572147834,0.6391978712284282,-0.608392879622426
2095,38758515,i,5,-0.7884853937203531,0.01698480464379204,0.02374167790262116,4.1850274681217385,-0.7884853937203531
2096,38758515,r,9,-0.9855570458198524,0.11228442015286944,0.5435230992731188,7.04249291359949,-0.9855570458198524
2097,38764051,i,5,-1.502346295954784,0.21544739261077073,0.2910929809334031,10.03525257410375,-1.502346295954784
2098,38764051,r,7,-1.2727342200796103,0.09918370224053552,0.13626790640853126,6.960665874568707,-1.2727342200796103
2099,38765107,i,6,-1.4244920179927147,0.10084972945682924,0.1535492506449021,10.323668971585477,-1.4244920179927147
2100,38765107,r,5,-1.4827107027806115,0.07746841211715205,0.13495628684679928,10.630334343951686,-1.4827107027806115
2101,38884139,g,2,-0.7628814324129987,0.018681407013119156,0.018681407013119156,1.460460450689745,-0.7628814324129987
2102,38884139,i,7,-0.21702253598263577,0.12863313273968713,0.25488751005620686,0.4143824154533576,-0.21702253598263577
2103,38884139,r,7,-0.701730943508681,0.019597648763258202,0.08401599166969975,2.642850256422674,-0.701730943508681
2104,39038805,i,7,-1.2010278508083478,0.035931417970492596,0.06829298467593747,9.091769526083414,-1.2010278508083478
2105,39038805,r,6,-1.454453563529616,0.05763373787769399,0.16334676859839714,11.73937936112064,-1.454453563529616
2106,39101717,g,2,-0.10676439126612236,0.8243796156681137,0.8243796156681136,0.9551633646240778,-0.10676439126612236
2107,39101717,i,11,-0.3430365188763055,0.1373037754305103,1.7705103920844059,5.007281869978053,-0.3430365188763055
2108,39101717,r,10,-0.788212133472328,0.24691982548181102,1.0627627802253117,3.3129504547355593,-0.788212133472328
2109,39113722,i,7,-1.3019591111776954,0.11477652574823693,0.17755293159745467,9.233863902154491,-1.3019591111776954
2110,39113722,r,5,-1.395434997799247,0.0772133204014327,0.26190196243004693,8.69818148490934,-1.395434997799247
2111,39237496,i,7,-1.2030721311355816,0.03435771430624501,0.083616708632539,7.690184005261158,-1.2030721311355816
2112,39237496,r,9,-1.1782759456254834,0.058058456862396746,0.16231213644941755,8.787308614530424,-1.1782759456254834
2113,39247962,g,3,-1.4004072142770443,0.1061120165008893,0.11346004117079134,3.9766901021859344,-1.4004072142770443
2114,39247962,i,7,-0.9608828813063413,0.09364447287158861,0.14371934668457664,5.4231970421904165,-0.9608828813063413
2115,39247962,r,6,-0.9827614635268507,0.058743571532258065,0.09529378195637883,4.899428995848343,-0.9827614635268507
2116,39337056,i,6,-1.3904655080007133,0.042125224750191204,0.09478101228203273,10.676117806065152,-1.3904655080007133
2117,39337056,r,8,-1.271298821635514,0.053658016763381444,0.10482925743108207,8.982942658173155,-1.271298821635514
2118,39348503,i,6,-1.5796906041893557,0.09476664733130014,0.25764825084529375,12.621500947321744,-1.5796906041893557
2119,39348503,r,8,-1.3542211453162243,0.12900091256614266,0.30295488496740774,8.681921913963759,-1.3542211453162243
2120,39353071,i,8,-0.6855145896544832,0.037747423144383285,0.059352570459040965,2.8100766706524034,-0.6855145896544832
2121,39353071,r,6,-1.0932641332862294,0.05413507458744948,0.08889168596882446,4.944110464775979,-1.0932641332862294
2122,39378670,g,2,-1.3043647328131414,0.029910854664752295,0.029910854664752184,1.9749362798972359,-1.3043647328131414
2123,39378670,i,5,-1.3864367892001703,0.14918541506990368,0.19139283436381627,12.501986898083908,-1.3864367892001703
2124,39378670,r,4,-1.8970494455282214,0.04746180860074911,0.08336891822347048,16.535826514860783,-1.8970494455282214
2125,39385976,g,3,-0.8254861932364586,0.007100237626370909,0.03664680536540599,1.9417923495420888,-0.8254861932364586
2126,39385976,i,15,-0.41412924039479604,0.08568993414416243,0.21633947364645412,1.1894225322752712,-0.41412924039479604
2127,39385976,r,8,-0.6771695055559614,0.047192600834815135,0.0749706027918049,3.1001559700417887,-0.6771695055559614
2128,39399559,i,7,-0.6882732019777067,0.025403184754165364,0.039434775984206416,2.38870974942718,-0.6882732019777067
2129,39399559,r,4,-0.799014530604194,0.009783455008057829,0.026519058658802774,4.452175486344004,-0.799014530604194
2130,39455784,i,7,-0.9916965159399428,0.028442503219318738,0.06441933330261829,5.170330721117819,-0.9916965159399428
2131,39455784,r,5,-1.196566902486546,0.0664878918724836,0.11114055996782057,5.88881094674456,-1.196566902486546
2132,39458400,g,2,-1.0485177877529566,0.02752518207393695,0.027525182073936838,3.5190168218494096,-1.0485177877529566
2133,39458400,i,8,-0.8659069725997174,0.09994348487940469,0.17459706501944838,3.933555416503537,-0.8659069725997174
2134,39458400,r,4,-1.2688328012632626,0.04137714998873354,0.1260414939527854,5.63176372324742,-1.2688328012632626
2135,39509747,g,3,-0.8501306205480776,0.12672605513591995,0.1676961451081619,2.3992039368491316,-0.8501306205480776
2136,39509747,i,4,-0.539052095146064,0.0828732304078581,0.2015880591727215,1.7757311731656942,-0.539052095146064
2137,39509747,r,5,-0.8557722559499918,0.08766539770206794,0.11363247268587695,2.070013382581873,-0.8557722559499918
2138,39553952,i,7,-0.32572363227123674,0.060074869286083576,0.19594176705894256,0.7848285225493605,-0.32572363227123674
2139,39553952,r,6,-0.4960734954973498,0.08904305603088541,0.15891344595530987,1.1339493308899764,-0.4960734954973498
2140,39580730,i,9,-0.9121079848047181,0.017644990926951043,0.03445968099754526,5.482654813548442,-0.9121079848047181
2141,39580730,r,4,-1.1342940472066818,0.03308990387097088,0.04343143878499234,8.329179743847305,-1.1342940472066818
2142,39642244,i,9,-0.5091653740432713,0.08663939866348963,0.2281967430685673,1.8146358845712385,-0.5091653740432713
2143,39642244,r,10,-0.8815608153359953,0.07845753220932278,0.184500568733438,4.26237941616658,-0.8815608153359953
2144,3966236,g,4,-1.3627012750706355,0.06071832992027293,0.09346234665457054,2.7112108086092235,-1.3627012750706355
2145,3966236,i,4,-1.258415203902138,0.015812203763896915,0.039523475837192734,10.67368947518085,-1.258415203902138
2146,3966236,r,6,-1.3903103756269015,0.049053492934634124,0.10393051845210421,9.777216417272488,-1.3903103756269015
2147,39745857,g,2,-0.3970332506608064,0.02468149792813812,0.02468149792813812,0.2713209954110045,-0.3970332506608064
2148,39745857,i,7,-0.30084792825431694,0.24617485408355033,1.0102296193070572,1.6193323749664044,-0.30084792825431694
2149,39745857,r,6,0.43541498023972924,0.0545391384992337,0.3568890915764074,0.7498999266499561,0.43541498023972924
2150,39804755,g,6,-0.657523656860012,0.07439108361010038,0.11700802574367708,1.5608092867506365,-0.657523656860012
2151,39804755,i,13,-0.5740115135181167,0.23606046652907675,0.48903217213561767,1.642255289682752,-0.5740115135181167
2152,39804755,r,15,-0.734699260583658,0.1719815565503302,0.32558599745212047,3.556728549706292,-0.734699260583658
2153,39879773,i,5,-1.0925350987528102,0.07196776854119924,0.11167472589433691,7.229633479679814,-1.0925350987528102
2154,39879773,r,8,-1.2911788619348936,0.031216195311069672,0.05627636894289978,8.773328472010697,-1.2911788619348936
2155,3988161,g,3,-0.8082164252848257,0.03755990619162064,0.03946628397206231,1.594397132657915,-0.8082164252848257
2156,3988161,i,7,-0.33901932981778304,0.07788056422434808,0.1346340010261189,1.1729269559594637,-0.33901932981778304
2157,3988161,r,7,-0.6630312753601404,0.02273401000601505,0.03926054105708898,2.7843753512061324,-0.6630312753601404
2158,3992904,i,10,0.46016892937175635,0.5145763438475499,1.0180363209030368,2.5749237695613045,0.46016892937175635
2159,3992904,r,5,-0.6431980311247747,0.06984763716809406,0.09705202763004928,1.687978220757822,-0.6431980311247747
2160,39950420,g,3,-0.6479401648978613,0.08639036589946159,0.13895906524992008,1.2465803081438933,-0.6479401648978613
2161,39950420,i,4,-1.0066709027730973,0.024026710807815266,0.0375860738176903,4.501174896126683,-1.0066709027730973
2162,39950420,r,7,-1.1012678660176698,0.15509309605421184,0.3572313266832736,3.843810992293504,-1.1012678660176698
2163,39955009,i,5,-0.6633556649427713,0.02879598361663893,0.03414286937162214,2.562747429605756,-0.6633556649427713
2164,39955009,r,8,-0.9832692788263221,0.2062239783781571,0.32849753973087303,4.992799563859316,-0.9832692788263221
2165,39963290,g,4,-0.3569078398215656,0.04816615267043767,0.08632774778201396,0.21660297742255863,-0.3569078398215656
2166,39963290,i,14,-0.5991062496368573,0.0785313088224115,0.277821711690328,1.661910507294485,-0.5991062496368573
2167,39963290,r,15,-0.6188836245130036,0.0658239056135399,0.2015121341951528,1.6615658747975393,-0.6188836245130036
2168,39976089,g,4,-0.6859619861617832,0.06524289237520714,0.09109059213855475,2.0019113733460134,-0.6859619861617832
2169,39976089,i,3,-0.6366886472816095,0.07644918221146402,0.09528748318685065,2.148191903483719,-0.6366886472816095
2170,39976089,r,4,-0.8464956801585746,0.02421499297712315,0.06961914973076455,4.379155500258609,-0.8464956801585746
2171,39981794,g,4,-1.1334781731182737,0.019827533325584845,0.05476202825212195,2.264245458036304,-1.1334781731182737
2172,39981794,i,4,-0.7610344455473272,0.20400099317700554,0.27704220966759685,2.791567301832464,-0.7610344455473272
2173,39981794,r,4,-0.7962679632881027,0.17246312365064964,0.2276985365753672,3.315906852160405,-0.7962679632881027
2174,39989019,g,3,-1.205711297522182,0.0701368872444994,0.11948526506953328,3.5080557818142313,-1.205711297522182
2175,39989019,i,3,-1.491731725637101,0.027297737852446824,0.0620472193211179,13.81479258763551,-1.491731725637101
2176,39989019,r,10,-1.4635697498162015,0.06685662910511736,0.11373556130387041,9.095240852029104,-1.4635697498162015
2177,4007308,g,3,-0.6977676209401644,0.0999202098687757,0.23811040829347074,0.4766355595999349,-0.6977676209401644
2178,4007308,i,10,0.22011237291157723,0.41861919350268273,0.7850120220426677,1.195003000905119,0.22011237291157723
2179,4007308,r,7,-0.43243026887479896,0.4328870856412341,0.74095846063792,1.4537162931648986,-0.43243026887479896
2180,40087156,i,10,-0.5827880706631243,0.1029328741392832,0.29761563950404374,1.0376563198408804,-0.5827880706631243
2181,40087156,r,7,-0.9833966919427954,0.18483665828638562,0.37708021833781824,2.7925209777089,-0.9833966919427954
2182,40112116,g,3,-0.5917040957583022,0.024764526697230504,0.035087060796159975,0.3710636708028981,-0.5917040957583022
2183,40112116,i,5,-0.07490240720134922,0.04092752587793169,0.060407005397624336,0.3399531816574271,-0.07490240720134922
2184,40112116,r,6,-0.6036374584783564,0.06714053266494391,0.1048202208692004,1.2365340624641046,-0.6036374584783564
2185,40164478,i,7,0.11048764025069024,0.14143597138266267,0.19471679042294487,0.6380953398052058,0.11048764025069024
2186,40164478,r,5,-0.1897224217844069,0.08559649385442625,0.7629048710819575,1.05400311710823,-0.1897224217844069
2187,40177604,i,7,-1.3304354413490933,0.058878494803594084,0.13317753864273119,9.183775130171766,-1.3304354413490933
2188,40177604,r,3,-1.5426574148086223,0.007288108542671701,0.040488062019418125,9.314876082873207,-1.5426574148086223
2189,4023505,i,5,-2.7275667968431287,0.06293901202531105,0.10093384615075607,46.62189991290161,-2.7275667968431287
2190,4023505,r,9,-2.5353374436202,0.0698281194216741,0.1120269262878919,31.472723281156156,-2.5353374436202
2191,40358975,i,10,-1.5134317402871809,0.18967489042882413,0.26629079492753993,12.975317804878113,-1.5134317402871809
2192,40358975,r,4,-1.4459447033440072,0.12483628169126781,0.19658077251059103,10.923010221730149,-1.4459447033440072
2193,40364150,i,5,-0.10117474308633678,0.08311832503517719,0.18921090379624683,0.35043931616537305,-0.10117474308633678
2194,40364150,r,6,-0.15047067582201967,0.24731169649697698,0.43588605802052927,0.6562180190343604,-0.15047067582201967
2195,40379210,i,5,0.641740848141913,0.4444696806499987,0.7384251652427541,4.0266267814268035,0.641740848141913
2196,40379210,r,7,0.3727245916243559,0.21436061116028382,0.3257220880743952,1.1355378409553938,0.3727245916243559
2197,40384579,g,2,-0.7946730846031633,0.03255715621947686,0.03255715621947686,1.6681489748304517,-0.7946730846031633
2198,40384579,i,4,0.04389600136636254,0.2233309564102799,0.462640787391303,0.2666355785439057,0.04389600136636254
2199,40384579,r,5,-0.1681257119000299,0.05957187343696546,0.13611909416378465,0.12889908562917252,-0.1681257119000299
2200,40400102,g,7,-0.7029829854606608,0.08823722957301716,0.22157929823216593,1.8152249318666578,-0.7029829854606608
2201,40400102,i,10,-0.04936382023124582,0.3260506488545708,0.8471563114241943,1.2166334509728416,-0.04936382023124582
2202,40400102,r,11,-0.21296520263020718,0.1651835591599226,0.34365351499832164,0.7658588682693523,-0.21296520263020718
2203,40400102,u,2,-1.0456098192326801,0.0047438033451643324,0.00474380334516411,1.1223240001513806,-1.0456098192326801
2204,40415450,g,5,-0.7341501477243042,0.22923867825270838,0.4098754956799281,2.5230986781807365,-0.7341501477243042
2205,40415450,i,9,-0.7105107486062658,0.07870447751411369,0.147351168516773,2.5508032463352914,-0.7105107486062658
2206,40415450,r,7,-0.6800797711683361,0.0849915820016175,0.17078477722476115,2.3174812697480136,-0.6800797711683361
2207,4045976,i,7,-0.5290431290232804,0.3132738483613271,0.4283346122993118,2.032130387009848,-0.5290431290232804
2208,4045976,r,7,-1.2730165462521077,0.3108792746156106,0.38290750007364593,7.314339931976813,-1.2730165462521077
2209,40467662,g,3,-0.4954833065741977,0.038432427923173584,0.13805439020631538,1.0964888373653527,-0.4954833065741977
2210,40467662,i,7,-0.30827865816764066,0.1161513259647424,0.1661007981657378,0.5357083779119759,-0.30827865816764066
2211,40467662,r,5,-0.07733315916588936,0.02273900170402078,0.08633138961463102,0.07129215436607553,-0.07733315916588936
2212,40518783,g,5,-0.5745656430591681,0.0061780427760861345,0.00898066941431186,1.647640443452016,-0.5745656430591681
2213,40518783,i,15,-0.08605975961847573,0.19142119937370755,0.3831937111909314,0.3552881093295774,-0.08605975961847573
2214,40518783,r,18,-0.22956911839777738,0.22989821764207713,0.44036745612914596,0.5797803980374776,-0.22956911839777738
2215,40518783,u,2,-1.468290231584807,0.0007545060419182903,0.0007545060419182903,2.2604488223957206,-1.468290231584807
2216,40585669,g,4,-0.5860951013648089,0.07453158807606808,0.1624925086163907,0.8784252354998294,-0.5860951013648089
2217,40585669,i,9,-0.29771154390910426,0.09967351359951504,0.3265465548421795,0.515864652236903,-0.29771154390910426
2218,40585669,r,11,-0.5474232938067812,0.06298735464665717,0.09852669220355664,1.911695176065052,-0.5474232938067812
2219,40609164,i,9,-0.7172939830106126,0.07816504047013484,0.1895579789110311,3.778586906939724,-0.7172939830106126
2220,40609164,r,7,-1.042334271829226,0.12553969856767555,0.17251974552200477,7.095275847900676,-1.042334271829226
2221,4061963,i,6,-0.8428503577458211,0.1767435632323009,0.3999578454496817,4.203066089475784,-0.8428503577458211
2222,4061963,r,5,-0.9747782034097263,0.04424665755802559,0.06764589040576863,6.009559200844852,-0.9747782034097263
2223,40723875,g,5,-1.28547241323769,0.1934479031855172,0.4037130528317785,3.028960635575154,-1.28547241323769
2224,40723875,i,11,-1.7434459359393226,0.12121612525827574,0.2307184319329263,18.233374577532825,-1.7434459359393226
2225,40723875,r,10,-1.693043512278404,0.09458672767581111,0.1611309012933313,13.449424812402526,-1.693043512278404
2226,40763531,g,4,-0.8006349424069193,0.020988012342320284,0.05420415443525817,1.3643292055773575,-0.8006349424069193
2227,40763531,i,6,-0.012833868708094328,0.10832386989081304,0.5702710041179475,0.8387046812907611,-0.012833868708094328
2228,40763531,r,4,-0.29066679090707154,0.06366233433410379,0.09598132344907301,0.7136185380143519,-0.29066679090707154
2229,40804291,i,7,-2.479023050058658,0.027610042117469646,0.057841244928608315,39.281306936066,-2.479023050058658
2230,40804291,r,4,-1.8802865560856978,0.08888722736853172,0.11572045398541597,13.530267191358465,-1.8802865560856978
2231,4086861,g,2,-0.6085370409799304,0.005805925848093141,0.005805925848093141,1.4120365609357082,-0.6085370409799304
2232,4086861,i,9,-0.36140674880591384,0.1375417772722696,0.33719867334735176,1.0442452265019868,-0.36140674880591384
2233,4086861,r,12,-0.36518128656185267,0.054584485831791985,0.21964336598402479,1.7824327949444907,-0.36518128656185267
2234,4086861,u,4,-0.04453800104505401,0.05997429806132426,0.11374517606469742,0.030293355984778413,-0.04453800104505401
2235,41084714,i,8,-2.0372272862567025,0.11723046576413554,0.16046767018503005,19.70625862996951,-2.0372272862567025
2236,41084714,r,5,-1.963840275973347,0.06087621637666851,0.0671816675169119,22.888388721302626,-1.963840275973347
2237,41138020,g,3,-0.3402115916543922,0.46434786259279703,0.5089402776177201,0.7012593073534593,-0.3402115916543922
2238,41138020,i,4,0.43632055444135626,0.702182437316573,1.3989879014146789,3.8485656205127077,0.43632055444135626
2239,41138020,r,4,0.585845342073825,0.1449426882566981,0.36707444267394185,2.070912767741824,0.585845342073825
2240,4114663,g,6,-0.9362883016636614,0.11226374641231596,0.17813254597693917,2.9156387050119084,-0.9362883016636614
2241,4114663,i,4,-1.043726429741915,0.08799336746247471,0.1477950872290772,4.961779045121557,-1.043726429741915
2242,4114663,r,9,-1.0923283444024317,0.07269177879325595,0.1414737999813046,3.652816667530379,-1.0923283444024317
2243,4116104,g,3,-0.2498057059366796,0.17260819519166692,0.2097227085897181,0.15910509420395302,-0.2498057059366796
2244,4116104,i,3,-0.4596097759473926,0.11267718935918958,0.12867394869356868,1.112358899902171,-0.4596097759473926
2245,4116104,r,7,-0.638228991717521,0.2999837017338909,0.3868374889263938,2.6097977357155213,-0.638228991717521
2246,4121747,g,2,-1.0980909920137343,0.29022376536134287,0.29022376536134287,2.7530489064712533,-1.0980909920137343
2247,4121747,i,3,-1.404365516537983,0.08587140298886342,0.10520213489914876,8.205905994902013,-1.404365516537983
2248,4121747,r,6,-1.6179204041205115,0.12300551686665384,0.2001224016290577,11.348598723193291,-1.6179204041205115
2249,41255693,g,2,-0.934437849314589,0.14647804669904596,0.14647804669904585,1.8476092839355016,-0.934437849314589
2250,41255693,i,4,-0.6076991360993655,0.0922693832325554,0.21821024158926328,1.4218730463691565,-0.6076991360993655
2251,41255693,r,5,-0.7624758513401737,0.01578883074887205,0.09696387752260316,3.676160563192078,-0.7624758513401737
2252,41341591,i,9,0.3218273881349006,0.46384732213412266,0.7057287896533934,1.6415390330352897,0.3218273881349006
2253,41341591,r,7,-0.04558194736306283,0.21583885710368117,0.4125079557832251,0.36687391724264484,-0.04558194736306283
2254,41423831,i,5,-0.7226250499596211,0.060487572896022246,0.10234171459126529,2.8199954136118786,-0.7226250499596211
2255,41423831,r,4,-0.6903004023735932,0.03335645478309179,0.051604272149607056,2.438705413805436,-0.6903004023735932
2256,41423831,u,2,1.1537256109461875,0.304001431266101,0.304001431266101,1.8122287355582243,1.1537256109461875
2257,41426283,i,5,0.2640150498359414,0.31379123398276365,0.6403199515438811,0.7776298738339851,0.2640150498359414
2258,41426283,r,6,0.21556886163523548,0.20803348493026308,0.36504499539702895,1.0093047504307273,0.21556886163523548
2259,41437858,g,2,-1.3146700137797163,0.012330648822884704,0.012330648822884704,3.930344895106995,-1.3146700137797163
2260,41437858,i,8,-1.7781086960394301,0.06458133703463698,0.11671981796374586,16.412726325372386,-1.7781086960394301
2261,41437858,r,8,-1.648492404106637,0.03156153571024389,0.07073759387092671,11.326381306569267,-1.648492404106637
2262,41518892,i,5,-0.30658529834744686,0.06759200524899844,0.134433940179441,0.5169420975213758,-0.30658529834744686
2263,41518892,r,11,-0.25628874334555274,0.35311782767499444,0.5265932328484304,0.6967146872863853,-0.25628874334555274
2264,41518892,u,2,-2.1865993785984,0.06438255310058616,0.06438255310058638,3.6169775198885485,-2.1865993785984
2265,41604605,i,11,-0.31808100927930893,0.20322694510329886,0.3335588113089685,0.7629458588064082,-0.31808100927930893
2266,41604605,r,5,-0.29464183862066773,0.1268441985246409,0.18871411726110865,0.4834069272023287,-0.29464183862066773
2267,41640001,i,9,-1.8558289666108307,0.08760027144784233,0.16945123814234564,20.080628257856336,-1.8558289666108307
2268,41640001,r,6,-1.6773428308467027,0.09617369775775586,0.1602472970010671,13.26474934223271,-1.6773428308467027
2269,41663315,g,3,-0.30849476401009346,0.4464605300312372,0.47504444239420285,0.2977015077261734,-0.30849476401009346
2270,41663315,i,5,0.15495536157986467,0.0945095454075967,0.1693499540213972,0.46357351532888974,0.15495536157986467
2271,41663315,r,6,-0.5092608978382481,0.38031588448673326,0.7317885894423717,1.2507193605217701,-0.5092608978382481
2272,41682901,i,9,-1.6166620428194078,0.0529637930891278,0.24121527911649987,11.412477232254822,-1.6166620428194078
2273,41682901,r,7,-1.239715618908284,0.21043617095159828,0.39705378260961965,8.019555907237315,-1.239715618908284
2274,41706123,g,2,-0.547176062612929,0.16155842334711767,0.16155842334711767,0.38679571640914223,-0.547176062612929
2275,41706123,i,8,0.04779836582311135,0.21078023080138358,0.4058148245792562,0.5104668174880495,0.04779836582311135
2276,41706123,r,10,-0.758172422260877,0.15213972299966316,0.41885760498351954,1.8562901779562595,-0.758172422260877
2277,4172843,i,11,-0.6126947785754386,0.06117208209834191,0.16575368588366046,1.8150765061270406,-0.6126947785754386
2278,4172843,r,5,-0.9363767474641198,0.09518410099105434,0.190665535428165,5.783814372230156,-0.9363767474641198
2279,41780647,g,9,-0.6123149293168477,0.12498747883154837,0.24251533023247496,1.4375396241905058,-0.6123149293168477
2280,41780647,i,12,-0.11059887348103475,0.14381988035927346,0.3538228802299644,0.7940215455175541,-0.11059887348103475
2281,41780647,r,13,-0.2656488317278462,0.11460230455065129,0.3066283951375237,0.43706297775595215,-0.2656488317278462
2282,41780647,u,2,0.3869484721787344,0.12142199244390173,0.12142199244390173,0.26882163270285603,0.3869484721787344
2283,41809402,g,5,-0.45232806179263374,0.1547457372324028,0.22815263714273892,0.6621709983243249,-0.45232806179263374
2284,41809402,i,7,-1.0254289156141154,0.1340579728633262,0.3223056340026147,4.985018479179905,-1.0254289156141154
2285,41809402,r,7,-0.7307137015894866,0.10231762082196427,0.18048032530912395,2.7308036891858998,-0.7307137015894866
2286,41834517,g,3,-0.5329501306072058,0.006036424191093515,0.09911640436284697,0.9006347559178529,-0.5329501306072058
2287,41834517,i,4,-0.21169369014896788,0.06639482702381501,0.08893906407900887,0.28399674281766984,-0.21169369014896788
2288,41834517,r,4,-0.4990132146554056,0.11946846723372218,0.14108242227912238,1.9271323120080555,-0.4990132146554056
2289,41915518,i,9,-0.9902795558890471,0.045044267481987754,0.08180666129273129,5.710731984646717,-0.9902795558890471
2290,41915518,r,11,-1.2096790315289856,0.08570767909849919,0.14180095467986376,7.808217731204511,-1.2096790315289856
2291,41991960,i,6,-1.2184376924456397,0.08603376866291967,0.14311896801481194,8.874493482831378,-1.2184376924456397
2292,41991960,r,5,-1.1767981632296836,0.11603810892406519,0.1675562456585653,7.867694775955476,-1.1767981632296836
2293,42058863,i,8,-1.8686851547560759,0.0882326346491874,0.1641216446854865,19.35348446904478,-1.8686851547560759
2294,42058863,r,4,-2.1331273960832564,0.057047990342667054,0.09314816115509572,20.291468860117966,-2.1331273960832564
2295,42108106,i,6,-1.6435688308269305,0.05573291167258765,0.16034370795789532,11.682528375153685,-1.6435688308269305
2296,42108106,r,7,-1.6048166009234848,0.08509963480487825,0.3020238551053769,8.26769647108746,-1.6048166009234848
2297,42121512,i,5,-0.5991662206766915,0.05579317594813982,0.07247319242572203,2.1181116129081063,-0.5991662206766915
2298,42121512,r,7,-0.8228200667554835,0.0873321107222399,0.20703900612677328,3.9918090368215915,-0.8228200667554835
2299,42187289,i,8,-0.41518953407283116,0.2826644940529979,0.6642379359039529,1.5928457247331123,-0.41518953407283116
2300,42187289,r,9,-0.5137026216319516,0.2636312926595028,0.5225562599287805,1.2543537839275045,-0.5137026216319516
2301,42217652,g,2,-0.7720954944187306,0.020078056700160885,0.02007805670016094,2.732397451105869,-0.7720954944187306
2302,42217652,i,5,-0.3550046974846831,0.009604932962006263,0.03697823336467998,0.5906352617337955,-0.3550046974846831
2303,42217652,r,8,-0.4230740622855203,0.04658295883200364,0.09982263334316899,1.2606150543665788,-0.4230740622855203
2304,42280384,g,3,-0.9680875805938625,0.24145943774900158,0.2987255472594309,2.438540097261598,-0.9680875805938625
2305,42280384,i,11,-1.0876910574255811,0.060296107223120954,0.3126578799882518,4.3791255276139776,-1.0876910574255811
2306,42280384,r,11,-1.0549951201726355,0.1279059543863681,0.29083949703970646,3.8373058670346865,-1.0549951201726355
2307,42334490,i,3,-0.31691242695937505,0.1876476254121766,0.7192039520011088,1.7427059965220189,-0.31691242695937505
2308,42334490,r,7,-0.8743029061996452,0.12533619815413255,0.8057510715245768,3.104664335659344,-0.8743029061996452
2309,42338970,i,10,-0.5440737027479088,0.29277572898247683,0.4525534932117689,1.848521261712183,-0.5440737027479088
2310,42338970,r,7,-0.5687977224517482,0.15046322488649078,0.22036198847433597,1.9887220479115388,-0.5687977224517482
2311,42396396,i,9,-1.3034790164218488,0.15509842883916058,0.27452717693689976,9.466339789426957,-1.3034790164218488
2312,42396396,r,10,-1.3381191721899437,0.18804754002771984,0.35047648731059855,5.802655520178802,-1.3381191721899437
2313,42396884,g,3,-0.5942378287690477,0.18344151859314706,0.22213700821225635,1.3898700765773713,-0.5942378287690477
2314,42396884,i,6,-0.3985412142284837,0.08071290724529376,0.13961174776335367,0.8607754858130109,-0.3985412142284837
2315,42396884,r,6,-0.7496019861300782,0.010908093630050686,0.06053987170356234,2.6908215710347445,-0.7496019861300782
2316,42401456,g,2,-0.17159338474227026,0.1981759549550578,0.1981759549550578,0.2445676464227539,-0.17159338474227026
2317,42401456,i,9,-0.09894577623400531,0.07495993070465196,0.1349724980050021,0.13975272686514223,-0.09894577623400531
2318,42401456,r,8,-0.27947042872648276,0.052129008665532106,0.10763175853925067,0.5695302135047569,-0.27947042872648276
2319,42403486,g,2,-0.8756310919725379,0.06743212559462464,0.06743212559462464,1.9978403565371226,-0.8756310919725379
2320,42403486,i,7,-0.6436679411573052,0.04483088191799023,0.13821011434213826,1.958499324405673,-0.6436679411573052
2321,42403486,r,10,-0.8772040532811358,0.07220780729608406,0.15825931365785895,5.671746158582678,-0.8772040532811358
2322,42427119,g,3,-0.9016344758045813,0.10930705304912625,0.11770672711370178,2.1097404980814094,-0.9016344758045813
2323,42427119,i,9,-0.5866585887438477,0.061949714251174015,0.17449445312696604,1.6670223203984995,-0.5866585887438477
2324,42427119,r,8,-0.9193871335935769,0.04090124304784992,0.10039360534175801,5.029235248827857,-0.9193871335935769
2325,42540198,i,7,-0.7165739814623442,0.023231564952431283,0.08964022335913424,2.2336750279844875,-0.7165739814623442
2326,42540198,r,9,-0.9045755093451336,0.1142412386358812,0.1666644376123323,3.8545306758300333,-0.9045755093451336
2327,42550020,g,4,-0.6997846486665245,0.16460704822958216,0.3128692672590737,0.737859823434486,-0.6997846486665245
2328,42550020,i,5,-1.266479798426086,0.026192606189171963,0.16851475252583836,11.118442411558938,-1.266479798426086
2329,42550020,r,7,-1.4100809223714743,0.06649127120268994,0.1064400812885058,6.950526158382698,-1.4100809223714743
2330,42574251,g,5,-0.7228340700122995,0.021513823279210254,0.04278803873871628,2.218176687680641,-0.7228340700122995
2331,42574251,i,3,0.1052173202371709,0.007287742515104945,0.036127961559174734,0.03360322031072336,0.1052173202371709
2332,42574251,r,4,-0.1825994006480215,0.06361310647615773,0.10707510611732478,0.2881108329678167,-0.1825994006480215
2333,42636805,i,8,-1.1148388721318814,0.10502131847843821,0.19913560792001328,6.510155494507069,-1.1148388721318814
2334,42636805,r,6,-1.3007268900384008,0.06624859514439985,0.1159043548821368,8.490712628002754,-1.3007268900384008
2335,42730958,g,4,-0.5730832440473149,0.06096726345758863,0.1141475898093971,1.1134463914995987,-0.5730832440473149
2336,42730958,i,11,-0.2860543480418857,0.12416136166999636,0.2398904196547623,0.4709621208815054,-0.2860543480418857
2337,42730958,r,10,-0.49747136085537713,0.09177298197116918,0.3255797517520569,2.640397257541608,-0.49747136085537713
2338,42742706,g,3,-0.679647531584513,0.1789137518384991,0.24380376170799345,1.1528938327527467,-0.679647531584513
2339,42742706,i,5,-0.7257936851172131,0.05296790019156872,0.09474152545584336,3.104611758700334,-0.7257936851172131
2340,42742706,r,4,-0.972326555305401,0.006118817063029081,0.033276462325869005,6.185284047696454,-0.972326555305401
2341,42744060,g,2,-0.8539822738622267,0.06288544734466234,0.06288544734466239,2.3410928607683203,-0.8539822738622267
2342,42744060,i,12,-0.376143763195894,0.08602442032351129,0.1829240817981807,1.2477148381340228,-0.376143763195894
2343,42744060,r,12,-0.6325598964025352,0.1333145496022913,0.2541034769573123,2.413011102277152,-0.6325598964025352
2344,42778752,g,3,-0.8093375958768276,0.061495426657023344,0.30728895722950433,1.582933560501246,-0.8093375958768276
2345,42778752,i,13,-0.027149039879764265,0.1250474966182636,0.4243090681636818,0.7042624963161997,-0.027149039879764265
2346,42778752,r,8,-0.33766682116407276,0.0682856589037677,0.14963219739194797,0.7055695813651899,-0.33766682116407276
2347,42779327,g,4,-0.518348594547621,0.09270328783709869,0.2219825401071397,0.8957871130110109,-0.518348594547621
2348,42779327,i,6,-0.4080057085708211,0.013975030979814063,0.02265211511949916,1.0161632816443522,-0.4080057085708211
2349,42779327,r,8,-0.5524464866918194,0.19045627065761905,0.2991887640296503,2.07169414815165,-0.5524464866918194
2350,42834859,g,6,-0.4569252224775211,0.12486631627541267,0.2017182567331932,0.8794876692539063,-0.4569252224775211
2351,42834859,i,3,-0.2809402229405812,0.07798803445027469,0.10807695224903513,0.41819163666779796,-0.2809402229405812
2352,42834859,r,5,-0.41280192481600014,0.027231376755949166,0.03338765444849523,0.8480464939110121,-0.41280192481600014
2353,42837357,g,2,-1.3764663471182856,0.06640425795930027,0.06640425795930005,3.4519974176829766,-1.3764663471182856
2354,42837357,i,6,-1.5255233158376673,0.08844959496134952,0.15242175634087496,14.810550208430369,-1.5255233158376673
2355,42837357,r,6,-1.5919141487701391,0.1075857580725409,0.18263114132005165,13.327201510437705,-1.5919141487701391
2356,42869864,g,3,-0.6169145631450867,0.03300285339355469,0.1917020255997709,1.6795870834825741,-0.6169145631450867
2357,42869864,i,4,-0.5175009945765429,0.04281131888629752,0.0749386242970127,1.5155066788105311,-0.5175009945765429
2358,42869864,r,6,-0.5150340433372598,0.02258275375467758,0.10927379271964832,1.8975650543360147,-0.5150340433372598
2359,42907172,g,2,-0.8238077418030463,0.09117061052437925,0.09117061052437925,0.9747112641268382,-0.8238077418030463
2360,42907172,i,4,-1.1212670373173497,0.04986722812636346,0.1475854730641597,7.514917744052242,-1.1212670373173497
2361,42907172,r,7,-1.1405369434702741,0.043621450414595975,0.09773327890470362,6.6971990017301275,-1.1405369434702741
2362,42924193,g,2,-1.2223390760851724,0.04085477309436003,0.04085477309436003,1.8767520810189142,-1.2223390760851724
2363,42924193,i,4,0.1741183409825101,0.1809860962948383,0.1989530729770439,0.5002476257555043,0.1741183409825101
2364,42924193,r,5,-0.5249519908661534,0.16169931391027748,0.255069553881936,1.3520328466923188,-0.5249519908661534
2365,42968501,i,8,-1.204957023106377,0.04899211088153377,0.13202162827133646,5.61217661152555,-1.204957023106377
2366,42968501,r,4,-1.3306855891958196,0.012661080471475405,0.02194056695001323,8.208293227052115,-1.3306855891958196
2367,43016544,g,7,-0.6000121630929145,0.07028739929173433,0.12309913665220362,0.6072718758744766,-0.6000121630929145
2368,43016544,i,5,-0.7466193749386008,0.17043117728608426,0.8203883013101707,1.7445889533856629,-0.7466193749386008
2369,43016544,r,10,-0.4566799060298905,0.1873249632395888,0.3367778326255918,1.1486653102008408,-0.4566799060298905
2370,43023223,g,2,-1.08833621819354,0.10432949958925242,0.1043294995892523,2.5921937865360416,-1.08833621819354
2371,43023223,i,6,-1.7497211446424192,0.07868007238344255,0.14422106030789172,19.950985064367245,-1.7497211446424192
2372,43023223,r,7,-1.4129028905817111,0.13441000380984414,0.17259808805445354,12.859134421787108,-1.4129028905817111
2373,43056359,i,10,0.0014287114971131068,0.06501704756264229,0.11720583509110943,0.11511082193385351,0.0014287114971131068
2374,43056359,r,11,-0.32483192108003667,0.11322854178433575,0.31223582453349735,1.2190154167721163,-0.32483192108003667
2375,43065594,i,6,-0.8295395393711833,0.0772410742672503,0.2553834405674791,2.94226095873208,-0.8295395393711833
2376,43065594,r,8,-0.9656416664048024,0.09556797619673735,0.19966582206783323,4.9653392611977125,-0.9656416664048024
2377,43095756,g,2,-0.9944200132640224,0.08545868810089607,0.08545868810089596,1.36953302961231,-0.9944200132640224
2378,43095756,i,10,-1.2822464540117582,0.06834645026201525,0.10146542009700044,7.537004143665257,-1.2822464540117582
2379,43095756,r,2,-0.9429518320471564,0.0734420536252478,0.0734420536252478,1.556530637935968,-0.9429518320471564
2380,43117319,i,7,-0.23116983533263702,0.041552527338287126,0.08566098352337984,0.42623798984941225,-0.23116983533263702
2381,43117319,r,4,-0.34169541511190715,0.06359393223566345,0.11495156774362458,0.6348643439877311,-0.34169541511190715
2382,43127751,i,11,-0.22900150593587976,0.05151730292555046,0.1251836224422235,0.399079477772362,-0.22900150593587976
2383,43127751,r,10,-0.3847705861771985,0.0757508668583497,0.19370777312374288,0.8295766176398465,-0.3847705861771985
2384,4319824,g,2,-0.16742420839733718,0.38081797004180284,0.38081797004180284,0.24487073345544266,-0.16742420839733718
2385,4319824,i,2,0.7396316819196004,0.0180841852455359,0.01808418524553601,2.5201382450468026,0.7396316819196004
2386,4319824,r,8,-0.18956872793573126,0.29983084632146134,0.6474363488313172,0.7259065282277806,-0.18956872793573126
2387,43229793,g,3,-0.5939827642223388,0.021197653819399198,0.0884735530997619,0.4936152811107563,-0.5939827642223388
2388,43229793,i,11,-0.2002740685299942,0.0663345510233544,0.13181357030028834,0.38123227582618424,-0.2002740685299942
2389,43229793,r,11,-0.4221297988877777,0.13425027044277094,0.4264301603371383,0.8361910019537068,-0.4221297988877777
2390,43264324,i,5,-0.6045175598865415,0.03505831654223868,0.042562583287326095,1.4952481772760975,-0.6045175598865415
2391,43264324,r,6,-0.7392079801440588,0.20901594360616738,0.44411320067066506,2.947690089674296,-0.7392079801440588
2392,43285450,i,4,-1.1033871594622897,0.07670976067427582,0.173498319681205,7.041251603438907,-1.1033871594622897
2393,43285450,r,7,-1.240823513826774,0.13261446796487353,0.20198491211049707,8.228351673733647,-1.240823513826774
2394,43327542,i,6,-0.9788564106372217,0.04404182963045855,0.08321418098393252,5.3503575964700625,-0.9788564106372217
2395,43327542,r,7,-1.1648848714431916,0.19659352188791246,0.3854283517706786,6.1875487564195515,-1.1648848714431916
2396,43369262,i,5,-0.22107893860082983,0.09514892312521761,0.31657572162831205,1.4138162283488211,-0.22107893860082983
2397,43369262,r,6,-0.5421208865718541,0.22033129223111414,0.35965610471972576,1.8541228153052567,-0.5421208865718541
2398,43383783,i,7,-1.1844725216901115,0.07999534847755907,0.19902073250759877,7.69755460901421,-1.1844725216901115
2399,43383783,r,4,-1.290618532910134,0.07519408634458913,0.16578825363380667,7.957070858160266,-1.290618532910134
2400,43451277,g,2,-0.7027203233202642,0.2123999116302967,0.2123999116302968,1.3242425553747907,-0.7027203233202642
2401,43451277,i,5,-1.0484120065722837,0.07227411672800699,0.13610246285256333,6.187037858325951,-1.0484120065722837
2402,43451277,r,6,-0.9710058095008854,0.03315596259602682,0.06334456064352512,3.9754719509865324,-0.9710058095008854
2403,43516191,i,7,-0.32937651419348635,0.05367574281297971,0.32658419334996885,0.7218753101531943,-0.32937651419348635
2404,43516191,r,6,-0.25931479824672066,0.3284595944466736,0.6519025936592675,1.081035022693791,-0.25931479824672066
2405,43528619,g,3,-0.9977755281485461,0.0704722149606054,0.20451796655207177,0.9094672557824913,-0.9977755281485461
2406,43528619,i,6,-0.3096944010217882,0.13143890917474665,0.22229969174179381,0.5749489834509064,-0.3096944010217882
2407,43528619,r,8,-0.38675779662086357,0.09012739096443967,0.11653668396104755,0.5896743774470052,-0.38675779662086357
2408,43537158,g,3,-0.7048232445764218,0.00695406529983833,0.1746411425541502,1.2238020247629928,-0.7048232445764218
2409,43537158,i,7,-0.8665996557284099,0.08309750049879672,0.16845108829880728,4.695445468780733,-0.8665996557284099
2410,43537158,r,6,-1.104349591739425,0.05760729856721203,0.09253368279448848,7.164756797689336,-1.104349591739425
2411,43621280,g,2,-0.6283899796060818,0.07740533056402332,0.07740533056402321,1.3251172068228088,-0.6283899796060818
2412,43621280,i,8,-0.5499332964745325,0.04727524650633552,0.07357155979675034,1.790583283307981,-0.5499332964745325
2413,43621280,r,10,-0.6499595975242919,0.04495581191111886,0.05946948146884079,2.5254268085763214,-0.6499595975242919
2414,43639113,g,2,-0.9625594625662381,0.07586915932035754,0.07586915932035743,1.9135153347828064,-0.9625594625662381
2415,43639113,i,8,-1.2744788594621774,0.026821886518866744,0.04761971310160895,7.6678647137456055,-1.2744788594621774
2416,43639113,r,5,-1.369574446136466,0.05552636021996271,0.16203328471577882,11.526074771769284,-1.369574446136466
2417,43643533,g,2,-0.5972994698450558,0.2458703037569403,0.2458703037569403,0.860934128303075,-0.5972994698450558
2418,43643533,i,11,-0.9929843476354105,0.0583349861094955,0.1338067741514537,5.510900841688961,-0.9929843476354105
2419,43643533,r,8,-1.0895890582671552,0.14606340637041543,0.2862147637217186,4.8461655866528455,-1.0895890582671552
2420,43785926,g,3,-1.2997285846165172,0.0331272642966669,0.0546459613297281,4.726141680669664,-1.2997285846165172
2421,43785926,i,4,-1.5880563376584558,0.07000432363717013,0.14844101537624166,13.074940420166026,-1.5880563376584558
2422,43785926,r,4,-1.6640603157031966,0.03179248367140475,0.14757537280200195,14.167340251826042,-1.6640603157031966
2423,43793571,g,3,-0.539083929246621,0.14273952281372804,0.18308701509377245,0.6345543068362401,-0.539083929246621
2424,43793571,i,5,0.0886877108282344,0.3228529651341751,0.6864216231002858,0.7092259520690727,0.0886877108282344
2425,43793571,r,7,0.07401530383915939,0.2835192085685478,0.4656214315007182,0.35147353886550337,0.07401530383915939
2426,43856368,g,2,-0.9981215333279247,0.016010898679621466,0.016010898679621466,2.2457906354062063,-0.9981215333279247
2427,43856368,i,4,-1.2132196994073055,0.0427724240545313,0.11153699153940155,8.650479151086751,-1.2132196994073055
2428,43856368,r,5,-1.3242737103064908,0.020550293797613417,0.04610811440136553,10.69964132801491,-1.3242737103064908
2429,43901847,g,3,-0.8902401045191362,0.06871674410094664,0.1962288507101987,1.9686937507489795,-0.8902401045191362
2430,43901847,i,10,-1.2958428325032054,0.11923414768449558,0.25299209685018864,7.867660715586271,-1.2958428325032054
2431,43901847,r,7,-1.3707068002163292,0.0812721279677231,0.19870948181787496,8.227350000369317,-1.3707068002163292
2432,43904834,g,5,-0.21643350825595498,0.07955614861259175,0.3321447144839147,0.2252615348440911,-0.21643350825595498
2433,43904834,i,5,0.18354289288108325,0.2593514016119668,0.37812455188086425,0.6463517829799901,0.18354289288108325
2434,43904834,r,9,-0.17483229802050282,0.3121434427163279,0.7052216919164397,1.0709771631792147,-0.17483229802050282
2435,43904834,u,2,-1.1053108852316123,0.08494023803015471,0.08494023803015471,0.979995503627439,-1.1053108852316123
2436,43906633,g,4,-0.8422714078479943,0.1337643862716899,0.24890797813492782,1.7769351814371857,-0.8422714078479943
2437,43906633,i,20,-0.0630453477690548,0.1686688379889989,0.3304899055880395,0.36711902270460806,-0.0630453477690548
2438,43906633,r,18,-0.2876117541886691,0.21733723772156727,0.38419835029354055,0.6742533813844842,-0.2876117541886691
2439,43933388,i,5,-0.8445635083764573,0.17695565414757108,0.271418569931143,3.8412648342770255,-0.8445635083764573
2440,43933388,r,7,-1.0858823964991653,0.1632384536323559,0.38669146192714,6.619109751377318,-1.0858823964991653
2441,4394708,g,4,-0.45231648754024445,0.07347628326987932,0.14253913412430086,0.31603502557629404,-0.45231648754024445
2442,4394708,i,7,-0.7074628224846042,0.02890638579194882,0.08989025367571268,3.187977636580418,-0.7074628224846042
2443,4394708,r,11,-0.925267951830613,0.060802495789059496,0.2653288889138439,5.951259099329261,-0.925267951830613
2444,4398553,i,10,-0.9595829390101439,0.1497822035323556,0.2926573578006817,5.843847071475473,-0.9595829390101439
2445,4398553,r,9,-1.1521489347605882,0.0973313535661755,0.3062640737498843,6.934826443804629,-1.1521489347605882
2446,4404968,g,4,-1.0825059411096596,0.1000361624526731,0.2538943231509936,1.4765654587230963,-1.0825059411096596
2447,4404968,i,6,-1.5104870757291753,0.08959100149322952,0.16945148865545434,12.319382372253015,-1.5104870757291753
2448,4404968,r,9,-1.7279290848893694,0.1103468022625238,0.17756466552705308,15.59334763819438,-1.7279290848893694
2449,440909,g,2,-0.9694718694382519,0.06140400789120892,0.06140400789120881,1.834513147598976,-0.9694718694382519
2450,440909,i,12,-1.0569005658801716,0.14270944219920767,0.2461746186224052,6.744857932349213,-1.0569005658801716
2451,440909,r,11,-1.1996010894440416,0.07937279279949627,0.1465286204436027,7.057184265967198,-1.1996010894440416
2452,44110225,g,2,-0.7388960002656346,0.037856499836851354,0.037856499836851354,2.6668599208440433,-0.7388960002656346
2453,44110225,i,7,-0.8017596536375333,0.1582082475816594,0.27551236761203224,2.7988500916681835,-0.8017596536375333
2454,44110225,r,8,-0.8089911543273811,0.07588292228511523,0.13630889564157211,3.170507332456723,-0.8089911543273811
2455,44127766,g,3,-1.2236847586233066,0.13608219782479747,0.25638130975740947,2.8205942749984056,-1.2236847586233066
2456,44127766,i,3,-1.3126269131110595,0.01989126502267724,0.24034042059021798,7.473792943712799,-1.3126269131110595
2457,44127766,r,5,-1.4454187995928969,0.06432763944867914,0.12515101948816643,10.858498353567432,-1.4454187995928969
2458,44128262,i,9,-1.6649536220904153,0.1834369102800173,0.42691352422814144,14.75434060716527,-1.6649536220904153
2459,44128262,r,4,-1.8071556683974679,0.10891863367597243,0.20784927416873566,19.049813958906917,-1.8071556683974679
2460,44174475,i,5,-1.589859911031973,0.077350305204551,0.1449874184712725,15.009265643231203,-1.589859911031973
2461,44174475,r,6,-1.6763281278691133,0.07727223497768532,0.14479782650649398,10.620480607963037,-1.6763281278691133
2462,44175871,g,2,-0.3817749984217671,0.025386919356295223,0.025386919356295223,0.3685904448626987,-0.3817749984217671
2463,44175871,i,11,-0.34398480155797384,0.1467274184608201,0.21082376675398037,0.7262602682582494,-0.34398480155797384
2464,44175871,r,9,-0.2829349847816906,0.14409220183156696,0.27616775972338325,0.5450130072534356,-0.2829349847816906
2465,44175871,u,3,0.23582818379039194,0.04604674056446756,0.1213096205617974,0.061554031636955366,0.23582818379039194
2466,44193716,g,2,-0.6324018148975834,0.01578785643087438,0.015787856430874325,1.059604847957892,-0.6324018148975834
2467,44193716,i,8,-0.6125170164772484,0.08379483286516837,0.17131611723558304,2.4504222441160612,-0.6125170164772484
2468,44193716,r,8,-0.9353675182414878,0.14981585775388312,0.22768273665892647,5.008360117826344,-0.9353675182414878
2469,44210442,i,9,0.8242208804833038,0.622749323939918,0.7062996560239002,2.9740084450876676,0.8242208804833038
2470,44210442,r,4,-0.37474890576441333,0.10209593749208845,0.31368897134993023,1.2012046885606718,-0.37474890576441333
2471,44229373,g,3,-0.8667266984106083,0.1677716824638411,0.45235410636857587,1.535572661913547,-0.8667266984106083
2472,44229373,i,8,-0.7703050901477901,0.08607219898590956,0.16439213138305753,2.725651315118724,-0.7703050901477901
2473,44229373,r,7,-0.7698529400194897,0.10641736681625469,0.2297592456836226,3.683216056954159,-0.7698529400194897
2474,44357749,g,2,-0.8636082705215923,0.10376213471363205,0.10376213471363216,1.4871286241008526,-0.8636082705215923
2475,44357749,i,6,0.39215278594493574,0.3631842881202747,0.6217658899504547,2.609384457224294,0.39215278594493574
2476,44357749,r,6,0.05570401495795885,0.2588543583719263,0.4608510044802042,0.7440741351759791,0.05570401495795885
2477,44368587,g,4,-0.6942347252124748,0.2605871709866858,0.4763921552236296,1.0900407298913506,-0.6942347252124748
2478,44368587,i,14,0.3085452857042986,0.6134009837287175,1.3407540110615344,3.6032636648522174,0.3085452857042986
2479,44368587,r,15,0.6406071445539051,0.8596834848066136,1.7707955933442465,5.589272404033111,0.6406071445539051
2480,44396091,i,8,-1.3503788875506806,0.08374246836809618,0.1837649363831011,9.738761384104894,-1.3503788875506806
2481,44396091,r,7,-1.33079357564473,0.1545737323955736,0.2625177740921447,8.759667096391569,-1.33079357564473
2482,44455426,i,6,-0.26652156727654663,0.22607191461529408,0.4884967460285666,0.5161158501602743,-0.26652156727654663
2483,44455426,r,5,0.027402313151980384,0.014034556361641998,0.06372095505459957,0.09652463236783623,0.027402313151980384
2484,44455426,u,2,-1.7255834189862105,0.02002812016484601,0.02002812016484601,4.3077202970014525,-1.7255834189862105
2485,44596238,i,7,-0.4014235412770315,0.03870379795972345,0.16824479709893114,1.3891732844904137,-0.4014235412770315
2486,44596238,r,5,-0.6280777820740069,0.05495462954346131,0.09959868380941683,2.4343968645190386,-0.6280777820740069
2487,4460919,g,2,-1.2845335541024703,0.03479715496242386,0.03479715496242375,4.88254895281382,-1.2845335541024703
2488,4460919,i,3,-1.4367016161347304,0.05226295730023045,0.09795295780484858,11.70307573314165,-1.4367016161347304
2489,4460919,r,7,-1.4892881130685969,0.04619778896513704,0.0930574113614222,13.522457793119475,-1.4892881130685969
2490,44616153,i,8,-1.0692469465213068,0.08307151975320648,0.20757285618714572,5.005039496778579,-1.0692469465213068
2491,44616153,r,6,-0.8589699041313699,0.23297480336690302,0.399039607936572,4.562235111852066,-0.8589699041313699
2492,44675518,i,7,-0.8559464070805041,0.10653502233482648,0.1498444786696025,3.6017728114883454,-0.8559464070805041
2493,44675518,r,6,-0.8618441348069579,0.05714738700981309,0.13629734923756176,3.5344485066418763,-0.8618441348069579
2494,44718865,g,5,-0.5645753300066033,0.1515452367725315,0.19561357212936825,1.093287002891828,-0.5645753300066033
2495,44718865,i,10,-0.1270127244350661,0.20041347049158206,0.3093945723260701,1.0276422731341386,-0.1270127244350661
2496,44718865,r,9,-0.46221096010974105,0.0939184124732142,0.659061534542546,0.9228097483977713,-0.46221096010974105
2497,44757372,g,5,-0.6339602441050767,0.04141344261234137,0.08121304561250708,1.1076725046012568,-0.6339602441050767
2498,44757372,i,11,-0.20760521653553554,0.19481345049784093,1.4422044083513899,3.9666264287297,-0.20760521653553554
2499,44757372,r,14,-0.3000252918384889,0.1490403168647514,1.3955194790248098,4.02136762024787,-0.3000252918384889
2500,44761015,i,6,-0.1993064901138369,0.15861049258854826,0.4945965743863774,1.187506194238704,-0.1993064901138369
2501,44761015,r,6,-0.29729750039478775,0.392128459776276,0.9544773723414861,2.1059788331164895,-0.29729750039478775
2502,44867721,i,10,-0.7632631862844095,0.10882852422881989,0.1930521408530802,3.0158167741632456,-0.7632631862844095
2503,44867721,r,6,-0.6382999169823775,0.04670725088071698,0.07750351805016364,1.757520791044583,-0.6382999169823775
2504,44867721,u,2,0.07500943880232502,0.171780931361581,0.171780931361581,0.05385370155190255,0.07500943880232502
2505,44899286,g,2,-1.3329002868182456,0.013994030304211202,0.01399403030421098,3.818175291659872,-1.3329002868182456
2506,44899286,i,12,-1.5679424823769916,0.07898459456460083,0.21402680818964814,11.485189677937363,-1.5679424823769916
2507,44899286,r,11,-1.6979498059348872,0.08205695481065689,0.15073257420923092,14.595030678909836,-1.6979498059348872
2508,44961220,g,3,-0.2150043066856604,0.22232442954774334,0.29024600274779977,0.13572599966990462,-0.2150043066856604
2509,44961220,i,6,-0.6423469031819747,0.02253030142514001,0.036525749563418475,2.583143051116054,-0.6423469031819747
2510,44961220,r,9,-0.8072532872819624,0.13724824000854519,0.26744007775831846,4.078875127699245,-0.8072532872819624
2511,44978685,i,3,-0.18049666584771207,0.004586206603388376,0.0402183270239404,0.10669792391467782,-0.18049666584771207
2512,44978685,r,5,-0.16741068465618902,0.03250521322637534,0.06675511418106461,0.13349459506208858,-0.16741068465618902
2513,44978685,u,2,0.42904851789068066,0.07724335910730051,0.07724335910730051,0.3108693999715454,0.42904851789068066
2514,45022007,g,5,-1.0489776731481824,0.19553551428811966,0.4805284147625153,1.8016102268654834,-1.0489776731481824
2515,45022007,i,12,0.024293670191458505,0.36125652103111694,0.6355761465736989,0.95797276179289,0.024293670191458505
2516,45022007,r,10,-0.49013709358679836,0.19631507523380776,0.4424789135838887,0.8724252204060114,-0.49013709358679836
2517,45047170,g,2,-0.638007560206195,0.021888251825191274,0.021888251825191274,1.7383769524778039,-0.638007560206195
2518,45047170,i,7,-0.4160909156399383,0.06943910357160255,0.11301843989128302,1.0195783284600701,-0.4160909156399383
2519,45047170,r,6,-0.5192658847015494,0.03209437924996289,0.05595399349204189,1.6208015547048689,-0.5192658847015494
2520,45076441,i,6,-1.4191725944544926,0.116606317700922,0.17809723877373163,10.220645660629268,-1.4191725944544926
2521,45076441,r,7,-1.4706491577766754,0.08739708302728233,0.19634237084777872,9.786143718556056,-1.4706491577766754
2522,45203269,g,2,-1.0357135983406538,0.12401962872616801,0.1240196287261679,3.531759966251421,-1.0357135983406538
2523,45203269,i,4,-1.3140330260967965,0.028999797966207663,0.07136880423462544,9.784041898575834,-1.3140330260967965
2524,45203269,r,7,-1.180015465759883,0.15725154205543812,0.21965123022193977,5.84232595915704,-1.180015465759883
2525,45204702,g,2,-0.6044933019332634,0.3620762867207134,0.36207628672071335,1.1493708917093213,-0.6044933019332634
2526,45204702,i,4,-0.02869896427312485,0.12444244042740715,0.20629051525734704,0.16424817506195313,-0.02869896427312485
2527,45204702,r,6,-0.324873164662309,0.17236506477972968,0.5093101238520052,0.8940092942676247,-0.324873164662309
2528,45269312,g,6,-0.4918908028134099,0.2300649594444264,0.5256298431704436,0.5960496300229535,-0.4918908028134099
2529,45269312,i,9,0.47114753840795276,0.31783124298650556,0.7244308103492937,1.4154741593790714,0.47114753840795276
2530,45269312,r,7,0.1936897638338969,0.2614086456484487,0.3918339278633695,0.7870609351372415,0.1936897638338969
2531,45293289,i,7,-1.5727657122725653,0.07179829116668923,0.15314897923379234,14.186024794166062,-1.5727657122725653
2532,45293289,r,5,-1.7399162145724247,0.04433464155867162,0.05081452728818814,18.80241535634962,-1.7399162145724247
2533,45359965,g,3,-0.18154106743085152,0.1682269726814578,0.45071989194986795,0.6330100785752956,-0.18154106743085152
2534,45359965,i,8,0.2213443319413249,0.46949515797403624,0.744568262209268,1.3005645944508444,0.2213443319413249
2535,45359965,r,10,-0.3771720537833928,0.09654872167602258,0.26994558243312233,1.1098440686891462,-0.3771720537833928
2536,45444322,g,3,-0.730122732818117,0.14026620215131702,0.5653499893317642,0.9443732401747327,-0.730122732818117
2537,45444322,i,4,0.08129772511484393,0.15049724303738277,0.37798858291957815,0.7374879694929387,0.08129772511484393
2538,45444322,r,8,-0.3367007068475857,0.17785896429774806,0.40008663157384594,0.8476082499573483,-0.3367007068475857
2539,45444536,g,2,-0.9627963969649795,0.007594161525421139,0.007594161525421139,3.0653447194616112,-0.9627963969649795
2540,45444536,i,7,-0.5937224679620732,0.04574116069902656,0.21655973998403466,2.1228271160061327,-0.5937224679620732
2541,45444536,r,6,-1.1367480409113675,0.07935285404198533,0.12317192534118782,5.36109926913488,-1.1367480409113675
2542,45458867,i,6,-0.7379752567749599,0.03640708030658546,0.07512425546984813,2.3812301935630074,-0.7379752567749599
2543,45458867,r,6,-0.7521151474954422,0.04643094263865016,0.07478072603388142,2.844317502609304,-0.7521151474954422
2544,45532377,i,4,-0.7128038681299139,0.05412274189436739,0.138335148651186,3.015650795489747,-0.7128038681299139
2545,45532377,r,6,-0.7408845053631594,0.0771917585048949,0.1407802495105266,3.5824446956962,-0.7408845053631594
2546,45537146,g,2,-0.4722397189477091,0.11520957124530973,0.11520957124530967,0.9977244434670399,-0.4722397189477091
2547,45537146,i,2,0.3824514563221458,0.5873536337602547,0.5873536337602548,2.4640477544513724,0.3824514563221458
2548,45537146,r,5,-0.019005987633117755,0.3331609865584463,0.40041130056503327,0.7892358757472269,-0.019005987633117755
2549,45537146,u,2,-1.349981527608795,0.035870612246661104,0.035870612246661215,1.8013172116002245,-1.349981527608795
2550,4562882,g,2,-0.3506390536140125,0.006152100737065513,0.006152100737065513,0.5472445886700315,-0.3506390536140125
2551,4562882,i,6,-0.23633506583612937,0.0381511177494728,0.1055977811248863,0.3180568904496504,-0.23633506583612937
2552,4562882,r,8,-0.22756604331662705,0.10792788004122089,0.20995540508238894,0.6211168420736417,-0.22756604331662705
2553,45678724,g,2,-1.7762809534377737,0.10066395116088356,0.10066395116088378,4.651554530221238,-1.7762809534377737
2554,45678724,i,4,-2.7677125509017193,0.13423056862658567,0.2350345087396266,47.372796517964375,-2.7677125509017193
2555,45678724,r,6,-2.480815345801213,0.10825552588393772,0.17119256255801307,27.514397561587288,-2.480815345801213
2556,45728028,g,4,-0.64086955634522,0.16363061955488056,0.2426362011916554,1.07467045883124,-0.64086955634522
2557,45728028,i,9,-0.8994188516067573,0.016579835466146053,0.029081452675392083,5.126397457999769,-0.8994188516067573
2558,45728028,r,10,-1.0965773876137677,0.07221028875143576,0.1373684915073583,7.175707698609495,-1.0965773876137677
2559,45815897,i,9,-1.0280795568377794,0.20880336923442688,0.4078842001546399,4.868613884894708,-1.0280795568377794
2560,45815897,r,8,-0.7978202959324185,0.14864100678320036,0.41651413965413864,3.0370393454441116,-0.7978202959324185
2561,45826189,g,4,-0.47151548870762017,0.14357145174462732,0.30552054934414347,0.8159434696715898,-0.47151548870762017
2562,45826189,i,7,-0.6964416696257758,0.11405973267012748,0.20549350722862725,2.5896721194780032,-0.6964416696257758
2563,45826189,r,8,-0.7627779559145659,0.06519208488316264,0.14669772669480752,3.894772855470699,-0.7627779559145659
2564,45829432,g,3,-0.9724626440554036,0.04104705263200903,0.04609114565181616,3.424109454646215,-0.9724626440554036
2565,45829432,i,12,-1.0762023179672595,0.039463054513076634,0.05783094860298177,5.237588191276638,-1.0762023179672595
2566,45829432,r,11,-1.195050294304019,0.05833267414231669,0.09087152826237155,6.254315178365957,-1.195050294304019
2567,45871378,g,3,-0.9645215333802138,0.03007445233011885,0.0890103676674947,2.3080408605735614,-0.9645215333802138
2568,45871378,i,4,-1.1348559594639354,0.015454797347355664,0.0389741047413068,8.384641861971225,-1.1348559594639354
2569,45871378,r,7,-1.276948792980475,0.05834826929634307,0.0936748983628255,10.859316152179586,-1.276948792980475
2570,45937868,g,2,-0.8718828066566873,0.008635166266039551,0.008635166266039551,2.4259500275411305,-0.8718828066566873
2571,45937868,i,13,0.06306122269459458,0.10014359135682452,0.13898127151024586,0.05746815252418865,0.06306122269459458
2572,45937868,r,5,-0.07850485886022773,0.029665382252221262,0.12088525928841776,0.24150099144903625,-0.07850485886022773
2573,45937868,u,2,-1.3430602506100517,0.1199255535617767,0.1199255535617767,1.7063872419201829,-1.3430602506100517
2574,45994258,g,6,-0.20157414922836936,0.016769288551303108,0.029752051548204372,0.18821602612641386,-0.20157414922836936
2575,45994258,i,11,-0.07521634533166788,0.08041169577051033,0.28381275789439087,0.4973690459615918,-0.07521634533166788
2576,45994258,r,13,-0.09658824079167405,0.11264065077391128,0.7793732128781083,1.0148958080496062,-0.09658824079167405
2577,45994258,u,2,-0.2343296273654416,0.0011967921316018426,0.0011967921316018426,0.051578734430694745,-0.2343296273654416
2578,46046827,i,8,-1.5469657536610328,0.13852630594427895,0.2755267855138841,11.590981661321763,-1.5469657536610328
2579,46046827,r,4,-1.4852786045716257,0.039469521811731245,0.07083826862699127,9.507660803349939,-1.4852786045716257
2580,46047668,g,5,-0.9420100013746693,0.029859887949112096,0.06889446773314534,1.6934877808973336,-0.9420100013746693
2581,46047668,i,10,-1.126247518034471,0.05170640275954652,0.13278444914850995,7.3440023203912705,-1.126247518034471
2582,46047668,r,9,-1.1894466688217764,0.06987610063348426,0.10987598536135335,9.322573353087659,-1.1894466688217764
2583,4609102,g,5,-0.9180866816633314,0.018573760986328125,0.029552459716796875,2.354094339241736,-0.9180866816633314
2584,4609102,i,14,-0.5979325125733888,0.06243034447741608,0.13614560137993326,1.975478997540235,-0.5979325125733888
2585,4609102,r,8,-0.9801353681129606,0.008425100390622942,0.01597847493986848,6.19770392394385,-0.9801353681129606
2586,46099997,g,3,-0.5997390492940615,0.013479003643971366,0.035935227900173894,0.8577114589689411,-0.5997390492940615
2587,46099997,i,5,-0.5443280316408767,0.17399644943114378,0.34029405959139314,1.8957801208117524,-0.5443280316408767
2588,46099997,r,9,-0.49346285382783395,0.03233872663052151,0.055941124118717434,1.034952308528082,-0.49346285382783395
2589,46302559,g,3,-0.5872961729999181,0.01606575743473382,0.09660108810103513,1.3189145860039255,-0.5872961729999181
2590,46302559,i,3,-0.23718152919949728,0.09058114351211935,0.09721436365555972,0.32897715770878677,-0.23718152919949728
2591,46302559,r,6,-0.36076874498419825,0.029069305328693507,0.33965033516424825,1.805636564273869,-0.36076874498419825
2592,46327496,i,5,-1.7483079834914363,0.16349622471986147,0.2746010153953782,15.40028222217424,-1.7483079834914363
2593,46327496,r,6,-1.6760271503012152,0.1333598401773466,0.25435702686916617,15.8204495559609,-1.6760271503012152
2594,46352345,i,11,-0.10488318164245625,0.11626204914787941,0.2057626248269044,0.5653193595962803,-0.10488318164245625
2595,46352345,r,9,-0.29838543649668314,0.060828700091233256,0.0857736595197886,0.5080695014708418,-0.29838543649668314
2596,46357468,g,2,-0.03335004966436095,0.45523039294568257,0.45523039294568257,0.6540890359107572,-0.03335004966436095
2597,46357468,i,3,0.5331794734759195,0.824165264851889,0.8597382623630072,4.202827649340155,0.5331794734759195
2598,46357468,r,6,0.39226647047018437,0.4869297803642137,0.8239576593616039,2.994064771054384,0.39226647047018437
2599,46357468,u,2,-0.06820882142157902,0.01142950988985536,0.01142950988985536,0.004167486064663592,-0.06820882142157902
2600,46387899,g,3,-0.7550417752090413,0.0012923980395791457,0.08609834497914048,1.2086489792556459,-0.7550417752090413
2601,46387899,i,4,0.17081430040479514,0.31067949743571044,0.6226203376112007,0.7307189463098065,0.17081430040479514
2602,46387899,r,6,-0.12526237484312702,0.24981618122794058,0.3751674995678795,0.48033430488535056,-0.12526237484312702
2603,46434688,i,6,-0.9428758000181212,0.25272482473944846,0.4167996126687985,4.082887770198171,-0.9428758000181212
2604,46434688,r,7,-1.215995371006637,0.08349416150416511,0.14891370233722645,5.635560008618894,-1.215995371006637
2605,46469982,i,10,-0.3793606594237515,0.0695304939886778,0.12065435729868801,0.7402115532668517,-0.3793606594237515
2606,46469982,r,7,-0.7556749776917042,0.04693088246304544,0.11746447350835088,2.999051500163039,-0.7556749776917042
2607,4652443,i,8,-0.2171931102916958,0.2270602417021882,0.3341957660588343,0.5886798263811209,-0.2171931102916958
2608,4652443,r,7,-0.22304836975443587,0.06645201094318959,0.12685913780777058,0.3553868523294225,-0.22304836975443587
2609,46579778,i,5,-0.17077026046643728,0.09605743591210747,0.18211795387071292,0.149042473816117,-0.17077026046643728
2610,46579778,r,9,-0.5388325924312308,0.09257816626428306,0.17478487268572507,1.5582197036958423,-0.5388325924312308
2611,46628214,g,3,-0.3315236676929789,0.28965934653661174,0.3435039768327882,0.6610086857650531,-0.3315236676929789
2612,46628214,i,8,-0.4479336427850017,0.0486660502965961,0.1331070682057382,0.7979237397269799,-0.4479336427850017
2613,46628214,r,7,-0.5740764441020502,0.07707166371732954,0.10468237225965416,2.1010247344294384,-0.5740764441020502
2614,46647178,g,3,-1.1069381617577636,0.06660478660157798,0.07907163602835987,2.851592977714095,-1.1069381617577636
2615,46647178,i,5,-1.0440658037914776,0.0655524657216977,0.16317129873526093,6.718953285566039,-1.0440658037914776
2616,46647178,r,11,-1.284310943862297,0.024860927267440713,0.06376217412066332,9.31400874392533,-1.284310943862297
2617,46650904,i,7,-0.003994552592708311,0.29433398865135085,0.5791993311332875,0.6295115758147477,-0.003994552592708311
2618,46650904,r,8,-0.7262200098919779,0.03279001918428215,0.06500776993132074,2.013119763834074,-0.7262200098919779
2619,46650904,u,2,-1.3302751564429465,0.054281122890500466,0.054281122890500466,1.1980054818730799,-1.3302751564429465
2620,46669811,i,6,-0.8164558789458065,0.0040041179081579115,0.019439535404973673,3.493782576354451,-0.8164558789458065
2621,46669811,r,5,-0.7488706279307273,0.027314705219307456,0.04964998805578036,3.728535317836426,-0.7488706279307273
2622,46679546,g,2,-1.0136666530637002,0.048481437285057494,0.048481437285057605,1.206932733230014,-1.0136666530637002
2623,46679546,i,8,-1.978655047529101,0.053231514864361174,0.1265291473470198,22.554752950866508,-1.978655047529101
2624,46679546,r,8,-2.2162670499592885,0.04243616280067375,0.11409155541169547,23.344026204102807,-2.2162670499592885
2625,4676987,i,5,-0.06366816548496307,0.1763362450571606,0.3425272464144933,0.4754714972544292,-0.06366816548496307
2626,4676987,r,5,-0.03914977458416013,0.03258400876940882,0.04654084413753687,0.02272274616303997,-0.03914977458416013
2627,46773112,g,3,-0.6568458143419522,0.25608767359985674,0.3077825556651197,1.0102183577062473,-0.6568458143419522
2628,46773112,i,9,-0.6595236364532101,0.07935719368464333,0.1290435184662725,2.551110429188521,-0.6595236364532101
2629,46773112,r,12,-1.0460869843056877,0.042426907333903585,0.07772350054021016,6.460511143807955,-1.0460869843056877
2630,46779457,g,4,-0.1682758391942395,0.08940406031753223,0.15352070246929178,0.14100987155293443,-0.1682758391942395
2631,46779457,i,9,0.2097769906136191,0.34925564487321026,0.7151778349676355,0.9869919267626945,0.2097769906136191
2632,46779457,r,12,0.09515621631125915,0.33073621106000484,0.5410296499748999,0.9693186823510797,0.09515621631125915
2633,46798912,g,4,-0.9209949474726905,0.05209105562337879,0.15142311943470255,1.5425913357014163,-0.9209949474726905
2634,46798912,i,6,-0.7308802213713216,0.04945002281898331,0.08148565511739336,3.237692885526808,-0.7308802213713216
2635,46798912,r,7,-1.0230162596014636,0.0721889081016911,0.11873847710246621,7.140590341105677,-1.0230162596014636
2636,46812217,g,2,-1.0724446515195667,0.015272189995111263,0.015272189995111374,2.8679680683565536,-1.0724446515195667
2637,46812217,i,12,-0.980167573323991,0.05841616775950753,0.11007645476696215,5.061243962059993,-0.980167573323991
2638,46812217,r,14,-1.0765016174590158,0.09838173259067318,0.17109530497948655,6.515914367794126,-1.0765016174590158
2639,46886559,g,2,-0.8455387191298456,0.02279824107844397,0.02279824107844397,2.429877816565124,-0.8455387191298456
2640,46886559,i,5,0.2403987199423723,0.08595045533010612,0.09814035134696375,0.4157189244400782,0.2403987199423723
2641,46886559,r,4,-0.11974739697154778,0.10528903077512783,0.21803673837247195,0.3051374305130378,-0.11974739697154778
2642,469161,i,8,-1.3968635515257846,0.017873862645445993,0.03343861609802623,12.212470505342576,-1.3968635515257846
2643,469161,r,5,-1.4291849360159365,0.05351681877963799,0.1665919523765469,8.819709092839,-1.4291849360159365
2644,46941498,i,8,-0.1386009210681791,0.21126107613880463,0.3459491606322745,0.5918917122583296,-0.1386009210681791
2645,46941498,r,8,-0.2163482496676302,0.15653212174642678,0.3095985614976705,0.9079643432317122,-0.2163482496676302
2646,46945301,g,3,-1.0978683837765884,0.0032256955511218433,0.36992544260803084,2.204114788833255,-1.0978683837765884
2647,46945301,i,6,-0.8849922630409112,0.04275979693613419,0.0773723409522109,4.8292539335411115,-0.8849922630409112
2648,46945301,r,4,-1.1647412373744905,0.10561276290642474,0.19407466005780583,3.8289666618717972,-1.1647412373744905
2649,46963429,i,3,-0.9185909541827119,0.022114466940508448,0.13104537521849258,4.9711216463409675,-0.9185909541827119
2650,46963429,r,8,-0.9307840887271909,0.15027178729065244,0.39823063461076025,5.54907000906284,-0.9307840887271909
2651,46963969,i,7,-0.4882433281275401,0.1368203355035349,0.14627524327080021,0.9759106874667973,-0.4882433281275401
2652,46963969,r,9,-0.4029642072884748,0.09762251148786394,0.1565161456420715,0.7083512888829856,-0.4029642072884748
2653,4698985,g,3,-0.8076675172645253,0.04331592792919858,0.1879878167084672,2.1317430923713725,-0.8076675172645253
2654,4698985,i,5,-0.3973985537705914,0.17898842344598187,0.2803461159075382,0.8813518582808287,-0.3973985537705914
2655,4698985,r,3,-0.43711704006720664,0.007770660457280254,0.14373782166779647,1.5627388486487932,-0.43711704006720664
2656,47001676,g,2,-0.7093925193237254,0.09010984335287886,0.09010984335287886,1.3836574811671496,-0.7093925193237254
2657,47001676,i,9,-0.22971229136256865,0.06584304185671205,0.28166065715184607,0.7326327225649413,-0.22971229136256865
2658,47001676,r,7,-0.4481538063594183,0.08634750220691595,0.18923838995892278,1.588930155448389,-0.4481538063594183
2659,47009551,i,13,-0.6793623891250007,0.04878218036768989,0.09302322050036727,2.4814014024654316,-0.6793623891250007
2660,47009551,r,7,-0.9344321965466427,0.060002854710146325,0.10580972553815138,4.701200440691154,-0.9344321965466427
2661,47020318,g,2,-1.0517556715585545,0.08844054922610878,0.08844054922610867,3.5032198936066745,-1.0517556715585545
2662,47020318,i,7,-1.0228967615208095,0.09898390761858278,0.17829545518964585,6.2639992357130785,-1.0228967615208095
2663,47020318,r,10,-1.306759914307673,0.023600223968504475,0.05064943243263231,8.668631131438376,-1.306759914307673
2664,4708254,g,6,-1.124134315833514,0.19546613866315887,0.5377975916888584,3.4463323152729166,-1.124134315833514
2665,4708254,i,13,-0.29979494626350456,0.20195802645066796,0.22661108020464082,0.8834154342795846,-0.29979494626350456
2666,4708254,r,14,-0.4975797265454244,0.1315028170132263,0.2271420028353266,1.678963172960266,-0.4975797265454244
2667,47181338,i,6,-2.72991399487778,0.16471758233283462,0.28935772892269007,48.24400694569298,-2.72991399487778
2668,47181338,r,5,-2.5481063399155306,0.0931362863957288,0.13199474281831236,36.842358179504515,-2.5481063399155306
2669,47183341,i,7,-1.3490933962849079,0.0754496926741195,0.22952674710366905,8.027413678186237,-1.3490933962849079
2670,47183341,r,6,-1.3106550356704953,0.04258739714101256,0.08785339165063588,8.558330532796887,-1.3106550356704953
2671,47313943,g,3,-1.0542765350186452,0.0073071485150815185,0.19980338061025815,2.5125068895256453,-1.0542765350186452
2672,47313943,i,7,-0.6798754995185209,0.12399519307768381,0.21503687575181196,2.8538514301402005,-0.6798754995185209
2673,47313943,r,8,-1.142712927687466,0.09842859310191243,0.16051587411854373,8.036340224450992,-1.142712927687466
2674,47382762,g,4,-0.2411362192623937,0.05633814954866423,0.09591715132534495,0.18496187512079668,-0.2411362192623937
2675,47382762,i,11,-0.1416042314446358,0.0779146059424077,0.12252090989989337,0.3179265031246867,-0.1416042314446358
2676,47382762,r,11,-0.10624555517522027,0.033249683911005246,0.05795586253747663,0.42748758032300355,-0.10624555517522027
2677,47385313,g,2,-0.7200341156072755,0.022208115170173737,0.022208115170173626,2.2154590361668998,-0.7200341156072755
2678,47385313,i,12,-0.316222708882676,0.06250856274063626,0.151586192896556,0.4908179911475579,-0.316222708882676
2679,47385313,r,10,-0.5056669154714887,0.05404946346844769,0.13691893923591736,2.4184259234701324,-0.5056669154714887
2680,47394741,i,6,-2.0510335701791975,0.0530161207890133,0.08218935706671915,25.972838725837054,-2.0510335701791975
2681,47394741,r,5,-1.8103037999040432,0.16206299055685602,0.2413284902893602,16.244216917111856,-1.8103037999040432
2682,47427258,i,3,-0.5309885226309572,0.16393244364909676,0.2769986370448384,2.0120101765333525,-0.5309885226309572
2683,47427258,r,7,-0.894270349971573,0.061859358939576725,0.13973935911465718,3.8037840617277823,-0.894270349971573
2684,47466196,i,5,0.007086656875474648,0.392904351807945,0.7903031705193863,0.748436507434315,0.007086656875474648
2685,47466196,r,7,-0.35268787861917716,0.1358754062717773,0.32756295564728694,0.9211193910676518,-0.35268787861917716
2686,47499510,i,6,-1.6998919568339286,0.14358932137976077,0.23782301915333104,16.30497847023112,-1.6998919568339286
2687,47499510,r,8,-1.8039562641910312,0.22735295879151263,0.358153231938505,16.23671137608972,-1.8039562641910312
2688,47507002,g,2,-0.3756107505934877,0.001090773457426697,0.001090773457426697,0.4522311621694104,-0.3756107505934877
2689,47507002,i,8,-0.18129074228649822,0.16191429522658607,0.3224271442849003,0.4518645159276583,-0.18129074228649822
2690,47507002,r,6,-0.39947858812486964,0.058941949303908864,0.09263458491537252,1.3367534652398314,-0.39947858812486964
2691,47507522,i,5,-0.1492098639606183,0.08470900561759953,0.10211620350508499,0.22077504689421507,-0.1492098639606183
2692,47507522,r,7,-0.3913018291361565,0.15577204926119137,0.20061435336848665,0.752522598109987,-0.3913018291361565
2693,47578404,g,2,-0.9970217406005039,0.029029455556685346,0.029029455556685457,2.78171121161001,-0.9970217406005039
2694,47578404,i,8,-0.8850963044317084,0.2109519866589845,0.43342291007212386,5.951935805653132,-0.8850963044317084
2695,47578404,r,10,-1.1529768863462593,0.05657857463468252,0.07837715000786805,7.031195480534502,-1.1529768863462593
2696,47648518,i,6,-0.754220345556017,0.1789640099733849,0.43601723569336925,2.7091149579851503,-0.754220345556017
2697,47648518,r,8,-0.8960570497161566,0.10158297666263949,0.21940168199685595,2.666132455991675,-0.8960570497161566
2698,47651957,g,2,-1.2040883436802363,0.1368870181209907,0.1368870181209907,2.9961007694987343,-1.2040883436802363
2699,47651957,i,6,-1.5240209817886088,0.008361886732065615,0.012945008190055285,8.019733199020552,-1.5240209817886088
2700,47651957,r,7,-1.6030240174581984,0.06575820307886704,0.1504748106385776,9.434711637264215,-1.6030240174581984
2701,47652764,g,2,-0.9269481934089547,0.22785460923107448,0.2278546092310746,2.0278366724048715,-0.9269481934089547
2702,47652764,i,7,-0.9735875879828212,0.04122357429087875,0.1040277157423376,5.379209122541266,-0.9735875879828212
2703,47652764,r,7,-1.0579086719705573,0.07437146146932072,0.09561653518180124,6.448579752643598,-1.0579086719705573
2704,47730248,g,4,-0.6278309275518537,0.061856217067443264,0.09539062851321423,0.6900891661953062,-0.6278309275518537
2705,47730248,i,9,-1.5722470040217784,0.10199765918975934,0.19578957523485907,13.60427673284961,-1.5722470040217784
2706,47730248,r,9,-1.7485173207708464,0.07420728800917997,0.16057945349294966,14.995570246474907,-1.7485173207708464
2707,47844036,g,4,-0.5625421080107872,0.10769057722714392,0.13532850501648325,1.1178007906318934,-0.5625421080107872
2708,47844036,i,11,-0.6680007173287925,0.06896810716203494,0.14960400253567252,2.5419461467174336,-0.6680007173287925
2709,47844036,r,10,-0.5243910906010625,0.056703930873043984,0.10827103915149938,1.928925890045528,-0.5243910906010625
2710,47863969,g,3,-1.6970732545961877,0.014003966244121369,0.1127231177190231,4.987771400917666,-1.6970732545961877
2711,47863969,i,7,-0.7501249828517942,0.03423233063548459,0.1363316469442052,2.335952270219947,-0.7501249828517942
2712,47863969,r,10,-0.9711000960561456,0.15525607970172073,0.31739106363117076,3.9262609561432313,-0.9711000960561456
2713,47868917,i,9,-2.4763070660968487,0.0800605469902318,0.1523418953835738,34.94198960078011,-2.4763070660968487
2714,47868917,r,7,-2.4331018814970946,0.05126572656848882,0.06810289155493754,27.166767475418112,-2.4331018814970946
2715,47926442,g,3,-0.8396965479636745,0.061982815577955264,0.062118625150707985,2.0061190032338025,-0.8396965479636745
2716,47926442,i,4,-0.39923271958017814,0.057475605701546834,0.08173087025512465,0.8234620287612829,-0.39923271958017814
2717,47926442,r,7,-0.7414314185888546,0.11642025826627211,0.2535396600196963,2.7534861784470293,-0.7414314185888546
2718,4792810,g,2,-1.0357472231413858,0.047766545870785215,0.047766545870785215,3.0796186424780876,-1.0357472231413858
2719,4792810,i,7,-0.6337529171426441,0.0989532181395989,0.15766675191522306,2.2122416475150337,-0.6337529171426441
2720,4792810,r,8,-0.9869422636514815,0.014195882941887783,0.037449921526508945,5.158581699785493,-0.9869422636514815
2721,47971371,g,4,-0.7143996415878964,0.015514113346269287,0.03188287245185695,1.8375609417259287,-0.7143996415878964
2722,47971371,i,14,-0.13628094612372266,0.1023985390968774,0.2105536035630885,0.29819895561696497,-0.13628094612372266
2723,47971371,r,12,-0.45749650907882544,0.09881794825732507,0.25146006894020334,1.6761406744847933,-0.45749650907882544
2724,47994333,i,8,-2.9218511482560636,0.05738970483666961,0.0933584891670769,47.87537244737256,-2.9218511482560636
2725,47994333,r,5,-2.5332191022034216,0.04796999507658173,0.05128646906345091,26.73325297503344,-2.5332191022034216
2726,48198450,g,3,-0.9099116311221946,0.038948074874537886,0.11529262341939572,2.559771683335685,-0.9099116311221946
2727,48198450,i,10,-1.060644798991148,0.1345805868700417,0.2315076608900526,5.730485279649433,-1.060644798991148
2728,48198450,r,5,-1.2910004305992802,0.09764093569763976,0.1666185571832921,5.654122581165555,-1.2910004305992802
2729,48206147,i,8,-2.0412858473256223,0.09469551716375202,0.19624208133799925,24.590778524769362,-2.0412858473256223
2730,48206147,r,4,-2.034106805314405,0.11287803420402942,0.22993674602071956,14.132209687199717,-2.034106805314405
2731,4822860,i,8,-0.09709237716018383,0.05425295741152743,0.12670616121626604,0.10952795658300554,-0.09709237716018383
2732,4822860,r,7,-0.07582135832690617,0.14954577382416634,0.3965374223119486,0.1875963481635707,-0.07582135832690617
2733,48273746,i,8,-0.22562949102704533,0.1440585447463965,0.7771935898649719,1.4127049416681883,-0.22562949102704533
2734,48273746,r,10,-0.4472550433125846,0.20568549405700787,0.6607793777888172,1.1877492954754092,-0.4472550433125846
2735,48273746,u,2,-1.3402732085363809,0.22865820345694576,0.22865820345694576,1.5492943280359253,-1.3402732085363809
2736,48303157,g,4,-0.9847273028128609,0.0361928936662852,0.07003905392207399,2.80231939447794,-0.9847273028128609
2737,48303157,i,4,-1.1394072882161077,0.02003181352664274,0.07410616780596713,4.823245572652308,-1.1394072882161077
2738,48303157,r,8,-1.3703193143509826,0.06770812910083368,0.12570418764002955,8.034243258148802,-1.3703193143509826
2739,48308858,g,2,-1.0505710552391563,0.09086162784645774,0.0908616278464578,5.2324527897035376,-1.0505710552391563
2740,48308858,i,6,-0.9963198641680255,0.11618350874209027,0.23983752580641682,5.994099098778143,-0.9963198641680255
2741,48308858,r,5,-0.9225335377290601,0.10487159973204607,0.1401405861054985,4.45451423175862,-0.9225335377290601
2742,48385985,g,3,-0.6436025209921192,0.2356724517289519,0.2545141631720619,1.4272189350748452,-0.6436025209921192
2743,48385985,i,3,0.2471040410805578,0.1981354613759583,0.44213060845472457,0.9424202387170225,0.2471040410805578
2744,48385985,r,5,-0.14700858347012702,0.1751173744004485,0.19303267955038886,0.19019717779169354,-0.14700858347012702
2745,48390312,g,2,-0.4903819626389945,0.11785587103622053,0.11785587103622053,0.6705899736522343,-0.4903819626389945
2746,48390312,i,3,-0.7763640722525148,0.00805934368827188,0.06442397155613355,3.0038570396762427,-0.7763640722525148
2747,48390312,r,5,-0.6705233700473658,0.06947657146424957,0.09212969595353826,3.240794505989689,-0.6705233700473658
2748,4839428,g,4,-0.5037970586436449,0.03731012936175282,0.04358841902691324,0.5986765653695024,-0.5037970586436449
2749,4839428,i,8,-0.8277459751767241,0.16331374996816056,0.2189255154526195,3.2335124038623686,-0.8277459751767241
2750,4839428,r,4,-0.641792951387568,0.030841868082728652,0.05929878481908435,2.5071264096135684,-0.641792951387568
2751,48420218,i,8,-0.7298097100197876,0.11930402628228054,0.2884707098817083,2.479963759901607,-0.7298097100197876
2752,48420218,r,5,-0.7374361257053126,0.061015812083085263,0.12194183306605333,3.3237770336228274,-0.7374361257053126
2753,48502511,g,6,0.30264643568723115,0.14876991882836677,0.26712023936948065,0.5534466057290299,0.30264643568723115
2754,48502511,i,6,0.16317831887554876,0.306969118750018,0.7109877730196495,1.24367292135272,0.16317831887554876
2755,48502511,r,6,0.9868054144479241,0.42946902887028027,0.9488662354070312,8.006835372395255,0.9868054144479241
2756,48586633,g,2,-1.2721177028834154,0.05943786082348379,0.05943786082348401,1.7284747007347718,-1.2721177028834154
2757,48586633,i,9,-0.911183792066434,0.09225427576406686,0.16100322245618415,4.903070563271833,-0.911183792066434
2758,48586633,r,8,-1.1334682030098628,0.06667074478969548,0.13497090838030923,4.193177387840191,-1.1334682030098628
2759,48610012,g,3,-0.5872253429729284,0.28048407022542143,0.3206218889396937,0.8336278635535249,-0.5872253429729284
2760,48610012,i,10,-0.9332825099223372,0.06627194383112689,0.11348610680219207,4.465214806977895,-0.9332825099223372
2761,48610012,r,7,-1.1199291386869392,0.02597122573382382,0.0640247884759868,7.707893515499123,-1.1199291386869392
2762,48706200,g,3,-1.13353202030442,0.03856151615646364,0.4042213564242998,1.5712791294161705,-1.13353202030442
2763,48706200,i,4,-0.24613699354339585,0.2611310733464833,0.47987417241574076,0.8296189243762615,-0.24613699354339585
2764,48706200,r,6,-0.5495929829092712,0.24541184746052214,0.6151029528468934,1.9425357840371216,-0.5495929829092712
2765,48735218,g,2,-0.824145592703208,0.08372016825539846,0.08372016825539841,2.512604252063608,-0.824145592703208
2766,48735218,i,6,-0.8480687549711954,0.08841464370033703,0.15449139433119063,3.1254850165213166,-0.8480687549711954
2767,48735218,r,4,-1.046589046489315,0.07454325942836282,0.15125364832052568,5.750535453526021,-1.046589046489315
2768,48737934,i,8,0.8551789287534053,0.2329659233182696,1.1013935198960383,4.078595072384418,0.8551789287534053
2769,48737934,r,8,-0.006217740792652471,0.49715447632615695,1.0554888295714238,1.2171298468886287,-0.006217740792652471
2770,48760321,g,2,-1.3192694947061285,0.321944360213132,0.321944360213132,2.6832167307861434,-1.3192694947061285
2771,48760321,i,8,-1.8185870972781246,0.07303178762114582,0.1228551227222896,20.12659547339964,-1.8185870972781246
2772,48760321,r,8,-1.7694001742223269,0.10142853387820872,0.1569285865740908,18.989121938725553,-1.7694001742223269
2773,48805405,g,5,-0.8352214703827314,0.04749548677558324,0.0539970270455995,1.9432813487051803,-0.8352214703827314
2774,48805405,i,5,-0.6114285281253902,0.049429560710042564,0.09476592962180419,2.2349976386058463,-0.6114285281253902
2775,48805405,r,9,-1.0168593115238007,0.04064232775737109,0.07650489968040342,6.4281226199389305,-1.0168593115238007
2776,48838457,g,3,-0.6245586972402297,0.020380638952306906,0.11370775783787834,1.0656573198468884,-0.6245586972402297
2777,48838457,i,11,-0.8533796524424679,0.06246235820348489,0.09817146471435767,3.5949464971231704,-0.8533796524424679
2778,48838457,r,11,-0.8574881056290695,0.05070141987042154,0.07239790663813728,4.364788377705414,-0.8574881056290695
2779,48845915,g,4,-0.2729175250750876,0.07409338518324315,0.13909018221639818,0.2711728286451769,-0.2729175250750876
2780,48845915,i,4,-0.3313544527280686,0.07004446705295464,0.14418908607208775,0.5912705282691342,-0.3313544527280686
2781,48845915,r,5,-0.30837084580182283,0.0052641594314083995,0.00868051286720073,0.5155026564631341,-0.30837084580182283
2782,48878820,i,11,-0.9561827404447085,0.0580726521424505,0.09945143544703017,4.761634322864217,-0.9561827404447085
2783,48878820,r,11,-1.1853090824226071,0.08962556283950796,0.17665421029985984,7.757931026062402,-1.1853090824226071
2784,48886190,g,2,-1.241280975101187,0.15013954769086613,0.15013954769086602,1.759121090824299,-1.241280975101187
2785,48886190,i,6,-0.4703071938146517,0.24478546935649087,0.44369290309783616,1.2450360977575725,-0.4703071938146517
2786,48886190,r,9,-0.685641960796712,0.3323392845202465,0.586646930321693,1.584515995432496,-0.685641960796712
2787,48969569,g,3,-1.0403206635578035,0.032457964008989704,0.10889562457406166,2.8985417091273895,-1.0403206635578035
2788,48969569,i,4,-0.9949780377886568,0.18870931426138965,0.24620580621250043,6.145258303488603,-0.9949780377886568
2789,48969569,r,8,-1.413584272445113,0.08916778723007623,0.1516018258032794,9.360384294214551,-1.413584272445113
2790,49006099,i,4,-1.0719492942283493,0.02965357803089297,0.10774352714570723,7.287536324097838,-1.0719492942283493
2791,49006099,r,6,-1.040585358231355,0.0658852783423966,0.11672867846944512,6.5950030104738495,-1.040585358231355
2792,49009571,g,2,-0.7644976075591196,0.27690355094805474,0.27690355094805486,1.0245783631270386,-0.7644976075591196
2793,49009571,i,7,-0.028752530675342003,0.3157810303054962,0.4715620085012811,0.5386393711117169,-0.028752530675342003
2794,49009571,r,8,-0.8505364420757554,0.15975259963932287,0.48149355419121975,2.0147009968298875,-0.8505364420757554
2795,49023515,i,5,-0.2783243548421209,0.07613873917821246,0.1307594921590951,0.373903372779486,-0.2783243548421209
2796,49023515,r,6,-0.4483523898887913,0.07836919642467977,0.24343437156881503,0.846728408365451,-0.4483523898887913
2797,49023515,u,2,0.1571171246323051,0.06368963401570737,0.06368963401570737,0.030305682067116615,0.1571171246323051
2798,49042045,g,3,-0.8769103533291744,0.18918087420609542,0.3213407595046719,1.4851418929748565,-0.8769103533291744
2799,49042045,i,13,-0.6498130633273407,0.08993976052662311,0.21197527811314054,2.5763740574995704,-0.6498130633273407
2800,49042045,r,12,-0.9140839771824925,0.09058775874972114,0.18661604533463882,4.313451118614396,-0.9140839771824925
2801,49060648,g,3,-0.2947645193428685,0.039795558528913366,0.05459086723440931,0.23003780461536372,-0.2947645193428685
2802,49060648,i,4,-0.203607241938381,0.02755569315227749,0.0679078098324683,0.28779512032136867,-0.203607241938381
2803,49060648,r,7,-0.17991252946291958,0.05518826320645576,0.14458242940765398,0.1691568726137418,-0.17991252946291958
2804,49079162,g,3,-1.2060583057723386,0.05307575001653819,0.08423822482477772,3.6831606611381815,-1.2060583057723386
2805,49079162,i,3,-1.289554946367902,0.06639269037013773,0.10135024602608089,9.157184573820961,-1.289554946367902
2806,49079162,r,6,-1.3108475778626454,0.07005496757643004,0.18918821146106657,10.025088567814548,-1.3108475778626454
2807,49082322,g,3,-0.2090197819368198,0.0471796585291111,0.1662899322092639,0.32389122778440343,-0.2090197819368198
2808,49082322,i,5,-0.1983481761567759,0.022415222364900345,0.03332475759013176,0.672614276937364,-0.1983481761567759
2809,49082322,r,5,-0.12112918034142894,0.12981947480522882,0.20945585038301195,1.0025233699331975,-0.12112918034142894
2810,49126544,i,5,-0.6778902310288346,0.08205508478331969,0.15486506894955843,2.3008486615707175,-0.6778902310288346
2811,49126544,r,7,-0.8283515574743615,0.2085432802427759,0.22427045301806547,3.2803047183703593,-0.8283515574743615
2812,49145797,g,6,-0.2643986804097085,0.1453508430884175,0.2286980358329504,0.2975748989829411,-0.2643986804097085
2813,49145797,i,11,-0.39522671216080113,0.06035824116984195,0.12328274805974121,0.6737908313130411,-0.39522671216080113
2814,49145797,r,12,-0.6237463810005472,0.105157099825689,0.2697427627551895,1.8826597903430073,-0.6237463810005472
2815,49177290,g,6,-0.6110351125570674,0.053336064814867745,0.11966724467985335,1.0218555159301643,-0.6110351125570674
2816,49177290,i,15,-0.26337742069254527,0.10267254857204605,0.31456230188944434,0.77321318287202,-0.26337742069254527
2817,49177290,r,11,-0.3701968368214711,0.058149148277945484,0.17674090658581526,0.8292262133235007,-0.3701968368214711
2818,49368769,g,2,-1.1505230068477938,0.0037314167215281024,0.0037314167215281024,1.8421114626638633,-1.1505230068477938
2819,49368769,i,5,-1.4603536503193484,0.058099122227340594,0.07964692092437509,13.701707042822358,-1.4603536503193484
2820,49368769,r,4,-1.5283527777996957,0.08768042090418426,0.2363258364143357,8.677965375708373,-1.5283527777996957
2821,49516544,g,4,-0.03703058068998377,0.09132529861539418,0.12544625698469652,0.0592611255381298,-0.03703058068998377
2822,49516544,i,7,0.005516791100112828,0.08837124687680374,0.1443286941831828,0.04475048176681897,0.005516791100112828
2823,49516544,r,8,0.33813398082867696,0.05544401955340125,0.12535746216689453,0.6823744069043445,0.33813398082867696
2824,49564028,i,5,-1.4046989395652707,0.08509871554607429,0.21363334129738942,10.17059560435438,-1.4046989395652707
2825,49564028,r,6,-1.0631191592844125,0.06702547627796884,0.11612808498988336,6.615176998177186,-1.0631191592844125
2826,49566470,i,6,0.015210149303730283,0.08323268638592739,0.15347786464524177,0.1079280328271653,0.015210149303730283
2827,49566470,r,8,-0.17090076414064934,0.11771639440893794,0.22671137129134405,0.14420778251458122,-0.17090076414064934
2828,49571113,i,6,-1.1786089205712376,0.08046418994099647,0.19715056451996138,6.929345149097917,-1.1786089205712376
2829,49571113,r,8,-1.2466376655073819,0.10150916565516999,0.16802583008928762,9.077226330254348,-1.2466376655073819
2830,49587025,g,3,-0.8759661164863601,0.0061475686314371725,0.1249796139861391,1.5971060913811128,-0.8759661164863601
2831,49587025,i,6,0.1788992522280647,0.45556080604145893,1.6238680802732874,5.774570144418681,0.1788992522280647
2832,49587025,r,7,0.28997334939266384,0.6043078986981217,1.0648314060467432,2.528891419156236,0.28997334939266384
2833,49588869,i,6,-0.2881202681765878,0.13878502983448546,0.25187215302646787,0.8148709991351891,-0.2881202681765878
2834,49588869,r,3,-0.377075121095122,0.041574314627975895,0.11226694152678696,1.1976220918563414,-0.377075121095122
2835,4965307,g,6,-0.43474908459106876,0.17164613646063542,0.2689260756648541,0.6928564522955633,-0.43474908459106876
2836,4965307,i,7,0.47223971833395123,0.23340314185195327,0.7882084109958059,1.4631927444284016,0.47223971833395123
2837,4965307,r,9,-0.007176018462110356,0.2259731864593265,0.668249606216223,0.8049955286358954,-0.007176018462110356
2838,4965307,u,3,-1.370134421470786,0.012647508027946675,0.3763588563146678,2.091754805490169,-1.370134421470786
2839,49657090,g,2,-0.39162115162978817,0.16107472520199362,0.16107472520199362,0.37516431921958127,-0.39162115162978817
2840,49657090,i,7,-0.10542795436670183,0.27917068864723094,0.4696333301807259,0.7903748196821894,-0.10542795436670183
2841,49657090,r,9,-0.1433769332221949,0.2915865592968252,0.5641020604174279,0.8701975607497974,-0.1433769332221949
2842,49671897,i,8,0.015330294566855203,0.19957929064949964,0.4810660292183505,0.5627728086958155,0.015330294566855203
2843,49671897,r,6,-0.42631538862164664,0.1722364831062384,0.2721267904322523,1.6292695195382436,-0.42631538862164664
2844,497123,i,8,-0.27786673395091865,0.19816663895421227,0.34178391704094235,0.8996595258014465,-0.27786673395091865
2845,497123,r,6,-0.8655695389457494,0.22234943865023138,0.42042301146108607,3.746907025835204,-0.8655695389457494
2846,49742219,g,6,-0.14945246859431716,0.2738240837560716,0.5355990142769891,0.40259983737114796,-0.14945246859431716
2847,49742219,i,6,-0.64263259764925,0.12596090233228885,0.22207468668635932,2.0852789308841997,-0.64263259764925
2848,49742219,r,7,-0.42341449408148013,0.11544421038381114,0.4324260567111625,1.1993333334714757,-0.42341449408148013
2849,49752078,i,5,-1.5992323787080602,0.04049034192854517,0.05315718444242634,12.794136744467583,-1.5992323787080602
2850,49752078,r,6,-1.782572791354955,0.031323688020637896,0.05102047243158503,12.949362397756069,-1.782572791354955
2851,49849941,i,15,-1.02528471879371,0.1121528248884569,0.2540233081982304,4.81380615112169,-1.02528471879371
2852,49849941,r,7,-1.1744219566599368,0.096542344552901,0.19233174214081217,7.73762677347269,-1.1744219566599368
2853,49877000,g,4,-0.8015045794476614,0.03761542398714779,0.05897960885104525,2.3765086410932836,-0.8015045794476614
2854,49877000,i,3,-0.7126764189823138,0.21032367901344762,0.2930026430434878,2.6380276301239123,-0.7126764189823138
2855,49877000,r,6,-0.9238707081550986,0.10997827471257371,0.16651334457728217,4.370813955732777,-0.9238707081550986
2856,49908038,g,5,-0.7485699469025255,0.12341448159728907,0.1466654025249512,0.587212840498121,-0.7485699469025255
2857,49908038,i,11,-0.17379823606441508,0.28920751028908737,0.4762838227432167,0.7692550902391186,-0.17379823606441508
2858,49908038,r,11,-0.7789860961774715,0.33823966093062063,0.6371535801068617,3.378334787834697,-0.7789860961774715
2859,49911603,g,3,-1.1913576290689516,0.007775309375292361,0.012056793814027245,4.079182316920213,-1.1913576290689516
2860,49911603,i,6,-0.11059771309759432,0.1691633092929523,0.31343774996531837,0.30906695132474654,-0.11059771309759432
2861,49911603,r,6,-0.36611902564485554,0.02013205862794787,0.050720359441217555,0.7437183229123882,-0.36611902564485554
2862,49911603,u,4,-1.7517603439844633,0.0835677226385858,0.19264242886919858,3.0853125867683224,-1.7517603439844633
2863,49934415,g,4,-0.5603020716126688,0.005025405099375602,0.06647329655570611,1.3818856782587636,-0.5603020716126688
2864,49934415,i,7,-0.19587922742365857,0.022437532262455345,0.07971470860704977,0.3508683277920764,-0.19587922742365857
2865,49934415,r,7,-0.15398195987707625,0.0437835780290024,0.23757489961608136,0.4970298279365285,-0.15398195987707625
2866,49961660,g,3,-0.486170220497941,0.01389142748745198,0.07834120499064257,0.5300402942802581,-0.486170220497941
2867,49961660,i,5,-0.6735807421567577,0.10506276936788717,0.12256323742127684,1.8219725009996086,-0.6735807421567577
2868,49961660,r,4,-0.8159256095259915,0.02888628061867482,0.05918332785086444,4.043973227829712,-0.8159256095259915
2869,49969873,g,4,-0.7994049892508728,0.01567609384814095,0.04611671785924998,1.7296466810984896,-0.7994049892508728
2870,49969873,i,6,-0.6693365445793914,0.08384956211778999,0.14150235235916986,2.9421032613498235,-0.6693365445793914
2871,49969873,r,7,-0.8422372685897686,0.046365779639009674,0.08706092352672534,2.4456242474374656,-0.8422372685897686
2872,50043136,g,3,-0.2603485322745873,0.17653196696893558,0.18521099255057094,0.25039684088578706,-0.2603485322745873
2873,50043136,i,4,-0.17162852199465828,0.1360802596575731,0.26607569351293864,0.5602443286069849,-0.17162852199465828
2874,50043136,r,8,-0.245298211300794,0.2933458495115131,0.5615106988922447,0.9400393256696586,-0.245298211300794
2875,50154815,g,3,-0.7591676461572748,0.06681644647165041,0.07141567478795119,2.3846963343784613,-0.7591676461572748
2876,50154815,i,16,-0.8250089476788685,0.08292698811060356,0.16778068635626264,3.863588120843606,-0.8250089476788685
2877,50154815,r,10,-0.9433154115104756,0.09614914748015746,0.18929839883113997,5.022444030095363,-0.9433154115104756
2878,50252913,i,7,-0.7035106169288923,0.0450320096408694,0.21455365207500754,3.381648698655102,-0.7035106169288923
2879,50252913,r,5,-0.3826815112233847,0.01165874096691133,0.026365821813621904,0.5695388515081911,-0.3826815112233847
2880,50274144,g,3,-0.7810818487369189,0.021949407637467333,0.1800073661460989,2.0199069367081006,-0.7810818487369189
2881,50274144,i,14,-0.7592614344912,0.08413851474832262,0.153598847057414,3.1644481451183006,-0.7592614344912
2882,50274144,r,6,-0.920664936562811,0.04366096414235626,0.07863173141542712,4.621883586792593,-0.920664936562811
2883,50281377,g,3,-0.06615862480929158,0.05649210454069831,0.21332690609445804,0.08175816352024984,-0.06615862480929158
2884,50281377,i,3,-0.3024730762373289,0.06547209160640266,0.13554815839375045,0.4071352099927552,-0.3024730762373289
2885,50281377,r,6,-0.36244516924111103,0.08591853058465809,0.15604264090748687,0.7920119865945258,-0.36244516924111103
2886,50284830,i,7,-0.5657948273350057,0.08688245656955562,0.1987097440363832,1.8372631776296586,-0.5657948273350057
2887,50284830,r,4,-0.8104828276573316,0.02000669910570524,0.05317425505526119,3.3738575406106226,-0.8104828276573316
2888,50304755,g,2,-0.342663168462613,0.019797989862050502,0.019797989862050502,0.29055603802077623,-0.342663168462613
2889,50304755,i,4,-0.13857938745909038,0.07846527374103296,0.1636310893457639,0.15824229123559155,-0.13857938745909038
2890,50304755,r,6,-0.3150364772568721,0.15954970355979192,0.5295535639929547,0.8971828965627638,-0.3150364772568721
2891,50309009,g,3,-0.4354565470943881,0.007356307824963215,0.03219225695995198,0.36456144670986895,-0.4354565470943881
2892,50309009,i,3,-1.317861368730681,0.09637783759578089,0.21041328700722906,9.104935730830475,-1.317861368730681
2893,50309009,r,5,-1.2690965948165842,0.09224787542189161,0.158939067229241,10.295303142243657,-1.2690965948165842
2894,5037044,i,10,-2.9643400150152694,0.13808452215473932,0.38027039210065494,44.38170724260718,-2.9643400150152694
2895,5037044,r,3,-2.7374310832262383,0.08082477626113027,0.15633179406499487,35.99485549588206,-2.7374310832262383
2896,50374861,i,11,-3.0657235860574117,0.04909555632077467,0.10115163118791104,44.09699237090483,-3.0657235860574117
2897,50374861,r,8,-2.7840173199142697,0.05482818218564223,0.11173781377554048,44.77977649198613,-2.7840173199142697
2898,50392370,i,10,-1.2896894029599133,0.024372422977345543,0.1850429944385763,7.339677528896796,-1.2896894029599133
2899,50392370,r,6,-1.4472492484969353,0.023534338153737178,0.04340738674510969,7.788297141979086,-1.4472492484969353
2900,50448651,g,2,-0.7694197885757096,0.16982355678967587,0.16982355678967598,1.582664712958651,-0.7694197885757096
2901,50448651,i,5,-1.4191332601640836,0.09581583978261121,0.13206576382206414,10.925400418488781,-1.4191332601640836
2902,50448651,r,4,-1.316493993634949,0.04781172780082743,0.13036455125871305,10.746713721288359,-1.316493993634949
2903,50503387,g,3,-0.8248569242819781,0.020012259924521603,0.03341950249440673,2.1530156918853267,-0.8248569242819781
2904,50503387,i,8,-0.6440894887730297,0.016685080469941993,0.06012678907402358,1.9846294440431254,-0.6440894887730297
2905,50503387,r,7,-0.8985407046603149,0.020663959323297787,0.11968932843702562,3.0706507037149247,-0.8985407046603149
2906,50532239,g,5,-0.2097675576886875,0.20665200084842095,0.3776863952542826,0.27191174371658783,-0.2097675576886875
2907,50532239,i,9,-0.9559949411665893,0.07502769973361023,0.21400203559559783,5.310200564949351,-0.9559949411665893
2908,50532239,r,11,-0.9412340555839287,0.09372913098672386,0.3950515058341929,3.946860741225234,-0.9412340555839287
2909,50627779,g,3,-0.3120499366540659,0.07144094145634972,0.29184945386264327,0.9644348798354563,-0.3120499366540659
2910,50627779,i,9,-0.6125824100805186,0.05483141374089262,0.09461053246872975,2.0233773181155374,-0.6125824100805186
2911,50627779,r,10,-0.7101946882174749,0.0626833364651938,0.1759379067764718,2.2395801218731455,-0.7101946882174749
2912,5064956,g,7,-0.21696688816003418,0.11619156819006538,0.147296610007756,0.30890681527839703,-0.21696688816003418
2913,5064956,i,6,0.19676388757046986,0.3969198678632473,0.8375237627679424,1.4402111236950697,0.19676388757046986
2914,5064956,r,13,0.31219879091958147,0.29425375063224235,0.6758939531207612,1.3988344132505317,0.31219879091958147
2915,50703443,g,4,-1.4451737075628033,0.09394642603416448,0.20979297208812442,2.9097393617422904,-1.4451737075628033
2916,50703443,i,7,-2.5366495081594786,0.08278898302412507,0.1408795178117539,32.70351985149295,-2.5366495081594786
2917,50703443,r,5,-2.436757009094425,0.06264724294265989,0.1152024205076927,28.9766426492084,-2.436757009094425
2918,5078245,i,9,-0.019204959495240148,0.0418426792366724,0.43864986952237417,0.725097608637312,-0.019204959495240148
2919,5078245,r,8,-0.22175218465727586,0.059776377426241534,0.12781789935511623,0.2842691467872724,-0.22175218465727586
2920,50841685,i,14,-0.582386873656576,0.08668448357449071,0.19684510286230478,1.5417281479871494,-0.582386873656576
2921,50841685,r,11,-0.5967546291208128,0.06331140606212116,0.12502137306327277,1.6418706793064721,-0.5967546291208128
2922,50862644,g,2,-1.3722049985570648,0.23205721777117616,0.23205721777117594,1.641878097063786,-1.3722049985570648
2923,50862644,i,7,0.22107551843387796,0.16203086240579218,0.34565950152771885,0.5591712059699423,0.22107551843387796
2924,50862644,r,6,-0.753845755520342,0.1476871969350177,0.45172897096690956,2.1014347332086576,-0.753845755520342
2925,50878464,g,4,-1.051839399182986,0.06055252146389545,0.11741069580205088,2.74264669782373,-1.051839399182986
2926,50878464,i,4,-1.522512307667641,0.11105450344884193,0.26275786574723603,7.9666983644924985,-1.522512307667641
2927,50878464,r,5,-1.4109633191592519,0.103900676151915,0.13170148770233725,9.758121590924551,-1.4109633191592519
2928,50892888,g,2,0.08190164471873451,0.2151879734493306,0.2151879734493306,0.1716405267815464,0.08190164471873451
2929,50892888,i,7,-0.11408531921448262,0.07703595243976258,0.16229373063282143,1.4213531137256987,-0.11408531921448262
2930,50892888,r,8,0.04026818718791492,0.6364041977182698,1.3406545424525929,2.780767292045764,0.04026818718791492
2931,50920528,i,4,-0.12269119875144074,0.14886156443654802,0.4708236398130342,0.8361859038941145,-0.12269119875144074
2932,50920528,r,6,-0.6846832687560933,0.10838339944595887,0.21405214689002605,1.810903362337611,-0.6846832687560933
2933,50979114,g,2,-0.13901092846545193,0.05617985240482515,0.05617985240482515,0.04347065035204654,-0.13901092846545193
2934,50979114,i,10,-0.2035779996402288,0.15829374392471296,0.2792251393203994,0.43036425569342923,-0.2035779996402288
2935,50979114,r,7,-0.22053651717258876,0.0612090401477568,0.07419118475526965,0.2863038010569702,-0.22053651717258876
2936,50979114,u,3,-0.10500870129236173,0.361263004758408,0.42212858135001174,0.1869066777895226,-0.10500870129236173
2937,50989648,i,6,-2.127468471856807,0.2370146775529648,0.4824066950344086,19.080694954199707,-2.127468471856807
2938,50989648,r,6,-2.042357013760112,0.131233592807384,0.22134801093301304,20.124050782887807,-2.042357013760112
2939,51054419,i,6,-0.14650644355998887,0.08245632523828295,0.12892078908368176,0.20405530434307897,-0.14650644355998887
2940,51054419,r,5,-0.34811583662132417,0.08356313973458418,0.09646216839181987,0.9120107221445972,-0.34811583662132417
2941,51114024,i,5,-1.5476741434950587,0.031179256808960165,0.3771418224818943,11.61291437511211,-1.5476741434950587
2942,51114024,r,6,-1.4739804699930494,0.05728908834030755,0.09251676331731784,14.221499873387515,-1.4739804699930494
2943,5113441,i,7,-0.1132292529725579,0.0520379066564699,0.1097950465237825,0.16047683679199504,-0.1132292529725579
2944,5113441,r,6,-0.40993900621927526,0.07442164771076287,0.13880382574482913,1.087477047648526,-0.40993900621927526
2945,51138252,g,4,-0.6077937339776297,0.08037279063267938,0.181537527912857,1.2961677368251676,-0.6077937339776297
2946,51138252,i,15,-0.009607795756033752,0.20363244335934538,0.4434077498520592,0.29133134652846887,-0.009607795756033752
2947,51138252,r,9,-0.09066467777599274,0.11514286588736733,0.1672767294380343,0.1706623114654975,-0.09066467777599274
2948,51144364,g,2,-0.8711648858524228,0.1964052410087223,0.19640524100872236,3.3976634025302324,-0.8711648858524228
2949,51144364,i,4,-0.8958888516717702,0.08427380279826496,0.1326380499845996,3.6005292178293917,-0.8958888516717702
2950,51144364,r,6,-1.0485221979088957,0.03277139101298199,0.0545016872671813,6.158348420449262,-1.0485221979088957
2951,51161357,g,3,-0.610642249020676,0.03799511361128349,0.28222725366077395,0.2544802109933433,-0.610642249020676
2952,51161357,i,9,-0.15088189355176496,0.06742355176118853,0.1738567251683698,0.21949296871417404,-0.15088189355176496
2953,51161357,r,9,-0.9649266994698937,0.10099180600214197,0.2308939179788423,2.389790258368131,-0.9649266994698937
2954,51179348,g,4,-0.3327462947061123,0.27477039049235596,0.5134990736125896,0.29503254148447944,-0.3327462947061123
2955,51179348,i,4,-0.3425143620147048,0.11638773466664837,0.13501643283435316,0.7756931314042339,-0.3425143620147048
2956,51179348,r,6,-0.47709927991188683,0.05094615246359835,0.09862009455076093,0.8875162921901851,-0.47709927991188683
2957,51210532,g,5,-0.9526705670169862,0.014604028398189195,0.02235714789431964,1.7962551267180387,-0.9526705670169862
2958,51210532,i,6,-0.7173649797659941,0.13070773226647586,0.22879102792695205,2.4763186139746565,-0.7173649797659941
2959,51210532,r,9,-0.9298534958764145,0.07394663364883047,0.11370963347029506,5.0141134647671315,-0.9298534958764145
2960,5128525,i,7,-1.8255566713699443,0.04117315002334454,0.12700553117426838,16.942732567988823,-1.8255566713699443
2961,5128525,r,5,-1.815513728937257,0.0582837926788371,0.07293907025170077,12.2562327085687,-1.815513728937257
2962,51298458,g,4,-0.4749356635307431,0.05656706745974194,0.18441932495302887,0.297747872864907,-0.4749356635307431
2963,51298458,i,14,-0.570715723545783,0.11204484561523526,0.16917167774678366,2.16345500460934,-0.570715723545783
2964,51298458,r,13,-0.7463404876178255,0.13688099403958298,0.25116536929747535,3.477316001490188,-0.7463404876178255
2965,51304490,g,2,-0.6320065804869778,0.009748709887457907,0.009748709887458018,0.7538457711644978,-0.6320065804869778
2966,51304490,i,11,-0.9483484973827097,0.07555896496197012,0.14460877107002013,4.651562459235681,-0.9483484973827097
2967,51304490,r,13,-1.279938403230229,0.0374425777399241,0.07733755035066747,9.389382309376954,-1.279938403230229
2968,51338712,g,2,-0.43413079032501833,0.10979318864506282,0.10979318864506282,0.493208990204405,-0.43413079032501833
2969,51338712,i,11,-0.10390720620169025,0.146726972601253,0.25989587365825256,0.5803029504596194,-0.10390720620169025
2970,51338712,r,10,-0.37084009412627517,0.07333235850357894,0.15546361945410908,1.1449179527407645,-0.37084009412627517
2971,51375826,i,6,-0.22433889594681672,0.023858933004421434,0.039748958142672736,0.5010697207633114,-0.22433889594681672
2972,51375826,r,5,-0.5432818054822055,0.04413800559331871,0.08785310568666937,1.828862346704878,-0.5432818054822055
2973,51435005,g,2,-0.7145271541025244,0.01679266058339196,0.016792660583392016,2.1882190547279974,-0.7145271541025244
2974,51435005,i,6,0.13137768681636164,0.18965132957194267,0.3031488481218312,0.3980351937347451,0.13137768681636164
2975,51435005,r,9,0.018180547287870552,0.16464646903774668,0.18641947017108632,0.2843786528683252,0.018180547287870552
2976,51622785,g,4,-0.004292819092978073,0.08435166016431572,0.26191893079864825,0.455596549980461,-0.004292819092978073
2977,51622785,i,11,-0.358992707562815,0.19849423298885527,0.4350111572498588,0.8935714618798051,-0.358992707562815
2978,51622785,r,11,-0.38608732316860295,0.12366592892304717,0.22781920408725087,0.7026748344448174,-0.38608732316860295
2979,51628319,g,2,-1.3024115088403447,0.037842936434773655,0.037842936434773655,2.9879018558583765,-1.3024115088403447
2980,51628319,i,10,-1.471422746554965,0.034651436215542675,0.06124862819704058,12.569358392526416,-1.471422746554965
2981,51628319,r,10,-1.6027372319791187,0.03960495531805441,0.09961313588844956,14.244074516632656,-1.6027372319791187
2982,51679274,i,5,-0.44951332625422735,0.06490666195324069,0.15822296335491443,0.8420224984257263,-0.44951332625422735
2983,51679274,r,8,-0.501028423516413,0.010490792126477244,0.017016623598324676,1.095583791677043,-0.501028423516413
2984,51729266,i,6,-0.7740937752561889,0.09036809951928271,0.1601238943302139,4.178812548694862,-0.7740937752561889
2985,51729266,r,8,-1.094220785496002,0.05386674454888629,0.08538377650467277,4.620587774920318,-1.094220785496002
2986,51760281,i,7,-0.756507743758794,0.09099956720733349,0.194109948458265,3.418254855745379,-0.756507743758794
2987,51760281,r,8,-0.9983072040339047,0.1145975170422373,0.18592543188006805,5.512399473948495,-0.9983072040339047
2988,51802605,g,4,-0.6109126351237084,0.16549756847719677,0.2320828972820047,0.8786655790311361,-0.6109126351237084
2989,51802605,i,3,0.8031608382494984,0.15330408189760758,0.3347739060642738,3.2056866856605346,0.8031608382494984
2990,51802605,r,4,0.23706012583757574,0.12411342883210669,0.30987936646127534,0.9577214078852794,0.23706012583757574
2991,51802605,u,2,-1.7336931958266812,0.11674340581234377,0.11674340581234377,2.314551527098658,-1.7336931958266812
2992,51872885,i,7,-1.1863985489278817,0.07300506290026831,0.17338162657733713,8.503001653533632,-1.1863985489278817
2993,51872885,r,8,-1.3594432437742539,0.03270549996668515,0.06636787969233793,9.548738811033017,-1.3594432437742539
2994,51875890,i,5,0.02094384251960507,0.2167370481049525,0.31866119843105145,0.45508672695210095,0.02094384251960507
2995,51875890,r,5,-0.22394283349662025,0.05442833704535843,0.08381055066454124,0.3385072975070248,-0.22394283349662025
2996,51888235,i,7,-0.9933327363781344,0.04001678245245732,0.11185141873375615,5.319377747042657,-0.9933327363781344
2997,51888235,r,5,-1.3348457450599351,0.182697955813645,0.3220836578897277,7.2383070622947345,-1.3348457450599351
2998,51889372,g,4,-0.560183134399016,0.06663240241398782,0.22570497217853058,0.8576225301100088,-0.560183134399016
2999,51889372,i,10,-0.1880575034982958,0.27053523718627853,0.5378657660164272,0.6675546977034736,-0.1880575034982958
3000,51889372,r,7,-0.039991692519797284,0.20567588135769144,0.3376065926715457,0.7610608783575793,-0.039991692519797284
3001,51889851,g,2,-0.7192275444462679,0.06128456602920235,0.0612845660292024,1.4584981867596092,-0.7192275444462679
3002,51889851,i,8,-0.15659908890792995,0.13165618446263005,0.22195996246578875,0.3091865369974999,-0.15659908890792995
3003,51889851,r,9,-0.31445239821533477,0.13058681625214624,0.18208553572909997,0.6015934840292355,-0.31445239821533477
3004,51904772,i,7,-1.7762088078820852,0.07939904125046127,0.20449919123399285,17.176729259115426,-1.7762088078820852
3005,51904772,r,5,-1.8602436687658654,0.03163016580896039,0.03359487076726286,19.118594986799632,-1.8602436687658654
3006,51915539,g,2,-0.9488515988079111,0.03286284520142124,0.03286284520142124,1.2101409536444456,-0.9488515988079111
3007,51915539,i,5,-1.1020514392908802,0.3702281009929571,0.7235278636111566,5.413490869062029,-1.1020514392908802
3008,51915539,r,7,-1.5375399933550877,0.10055766084503581,0.21215199862584022,5.3293343356479355,-1.5375399933550877
3009,51971604,i,6,-0.622996504657614,0.06782984517693541,0.1256247400592978,1.8157303186992164,-0.622996504657614
3010,51971604,r,7,-0.779744494021307,0.13164706328396192,0.1701369606260903,3.6432716870168176,-0.779744494021307
3011,5204046,g,4,-0.6388084497225418,0.08434007097869278,0.12795962685761686,1.2807624933559825,-0.6388084497225418
3012,5204046,i,8,-0.008488255233212061,0.14176210624879718,0.2591886737999895,0.14971914022972174,-0.008488255233212061
3013,5204046,r,9,-0.26962740584870976,0.11672335943310846,0.250927496624316,0.430827210083238,-0.26962740584870976
3014,52087068,i,5,-2.0413810840218383,0.07640025283654484,0.5065541395801532,26.3320324284365,-2.0413810840218383
3015,52087068,r,6,-2.2170372591275824,0.10395269257785045,0.15675041143913715,17.87272682298845,-2.2170372591275824
3016,52162307,i,7,0.12984149757220975,0.26257394322032,0.9509060826825391,2.059103429953399,0.12984149757220975
3017,52162307,r,4,0.15865563175927033,0.5332174040237587,0.9435081391152091,2.04840808789725,0.15865563175927033
3018,52283856,g,3,-0.8956507149811133,0.08995637919756927,0.12842771664321573,1.685395113355048,-0.8956507149811133
3019,52283856,i,7,-0.3864438365937884,0.1280287584652519,0.3982123657756617,1.9006560981588192,-0.3864438365937884
3020,52283856,r,4,-0.8831114044021979,0.18262878054902648,0.37032148086383043,4.604259416868901,-0.8831114044021979
3021,5230439,i,5,-1.7955980574759507,0.08341583395464736,0.11275461595098557,18.458541328708947,-1.7955980574759507
3022,5230439,r,5,-1.8671371227772058,0.007785672909750296,0.27506943890174784,16.98565315672112,-1.8671371227772058
3023,52307601,i,4,-0.41337789955512905,0.086670097084385,0.16024324480404856,0.8692937199192955,-0.41337789955512905
3024,52307601,r,7,-0.600136023313105,0.23789699344942394,0.35071129713176163,2.599918792373553,-0.600136023313105
3025,52320998,g,2,-0.7387430763850675,0.0028537718313863536,0.0028537718313863536,2.128941853409123,-0.7387430763850675
3026,52320998,i,12,-0.4253042737064668,0.09961025101958818,0.2062492867980532,0.816967025531885,-0.4253042737064668
3027,52320998,r,11,-0.6156644263764924,0.09238427179311237,0.1623874328138616,2.661261272770577,-0.6156644263764924
3028,52350000,g,2,-0.4847091837771822,0.03715287434162762,0.03715287434162762,1.0103028126383657,-0.4847091837771822
3029,52350000,i,4,-0.7185797118608653,0.14549723466030207,0.2772717268042105,2.40662700439705,-0.7185797118608653
3030,52350000,r,7,-0.4745086332809074,0.22091505361887287,0.5069545697146416,2.2242165583528952,-0.4745086332809074
3031,5240488,g,3,-0.5352731801706336,0.16921225539801865,0.4018679303917798,0.9906600403024374,-0.5352731801706336
3032,5240488,i,6,-1.457185895485162,0.09047819519743949,0.28913737204019974,9.892952979636362,-1.457185895485162
3033,5240488,r,7,-1.2989693731399972,0.1390614892968025,0.24515978848332964,8.65681863664995,-1.2989693731399972
3034,52410693,g,3,-0.8647743612683383,0.015456297233328975,0.05352977100821121,3.7117237412087203,-0.8647743612683383
3035,52410693,i,6,-0.9357041110310051,0.19171210064471467,0.3668770263473615,4.91665666623668,-0.9357041110310051
3036,52410693,r,7,-0.8117906226379319,0.21673181433287225,0.40893471466803377,2.777801278096407,-0.8117906226379319
3037,52464064,g,9,-1.040098724681252,0.2769435948177794,0.4976054284626821,3.0651781631730817,-1.040098724681252
3038,52464064,i,12,-1.385816190185677,0.10063999514540534,0.19983914268900582,9.47913368769724,-1.385816190185677
3039,52464064,r,12,-1.2184390294630774,0.12165466130167202,0.384122471371088,5.885335445791628,-1.2184390294630774
3040,52464064,u,3,-1.0636817880146459,0.019621578660581562,0.02412918902668193,1.0208204257533569,-1.0636817880146459
3041,52478842,i,10,-2.316617047784774,0.16785605750042176,0.2437382784172124,27.087359943812004,-2.316617047784774
3042,52478842,r,5,-2.301204719481709,0.0660353063547996,0.10356006136697538,23.768928472334366,-2.301204719481709
3043,52558171,g,3,-0.9126714858284517,0.18030118762551717,0.272610339946759,1.1865781658239578,-0.9126714858284517
3044,52558171,i,7,-0.46147383585250545,0.03364363218868738,0.04802051786521511,1.4389319627459858,-0.46147383585250545
3045,52558171,r,8,-0.8252295590281835,0.1060803974915131,0.173313347392404,3.4033668460627267,-0.8252295590281835
3046,52565436,g,2,0.03171335583961776,0.05775949846691042,0.05775949846691042,0.013141533137338198,0.03171335583961776
3047,52565436,i,8,0.24748036417255054,0.2832933024414832,0.5541915982957756,1.0825311348259754,0.24748036417255054
3048,52565436,r,5,-0.11684462416745195,0.5864001862067646,0.651084543439306,1.6046662685008812,-0.11684462416745195
3049,52565831,g,2,-1.659527532330398,0.16193608590459418,0.16193608590459396,4.038185549619429,-1.659527532330398
3050,52565831,i,4,-0.695771966738936,0.1591248859606063,0.28966794436387977,3.5427038690290233,-0.695771966738936
3051,52565831,r,6,-0.9779138187127977,0.028775295021230274,0.04433743642726795,4.952871771808217,-0.9779138187127977
3052,52587110,g,3,-1.1227901989338758,0.12813719942061752,0.2771114901888708,4.087383271305849,-1.1227901989338758
3053,52587110,i,8,-0.285071804992841,0.053332776950900995,0.10810459959879809,0.48446405233612444,-0.285071804992841
3054,52587110,r,6,-0.5118802068968015,0.23827293026343446,0.5338376617025924,2.265390443690849,-0.5118802068968015
3055,52587110,u,2,0.329870582165132,0.26277066982070374,0.26277066982070374,0.16931367573038578,0.329870582165132
3056,52670523,g,3,-0.7239098540700164,0.14691308514886026,0.21416079206789285,2.8057372556225766,-0.7239098540700164
3057,52670523,i,8,-0.08078767051132274,0.34707892505100174,0.6886055820609609,0.7530955280006528,-0.08078767051132274
3058,52670523,r,7,-0.031343478816087705,0.21339962460551457,0.399141355896824,0.6641241960858068,-0.031343478816087705
3059,52670523,u,3,-0.271946017159018,0.27250598999109377,0.30420660979915604,0.14798700929214223,-0.271946017159018
3060,52677766,i,7,-1.0330292706171191,0.053721062349058935,0.06930417692135205,5.660913355575441,-1.0330292706171191
3061,52677766,r,6,-1.1962409801980285,0.02150825630518116,0.034792496942859685,7.406192549881479,-1.1962409801980285
3062,5269650,i,7,-1.7678766956524141,0.04462780670719435,0.0783149925199178,17.44398164891266,-1.7678766956524141
3063,5269650,r,7,-1.936851479349548,0.07650952179640935,0.13927690725495734,14.180771566579988,-1.936851479349548
3064,52729137,g,2,-0.8515948989268455,0.003367854112090174,0.003367854112090063,2.771440340397681,-0.8515948989268455
3065,52729137,i,4,-0.390488806241916,0.027865522466376413,0.0703143307260296,0.7520586974327905,-0.390488806241916
3066,52729137,r,5,-0.6159597491834821,0.14621706302307147,0.22718661457767686,2.4997899401306913,-0.6159597491834821
3067,52766176,g,3,-0.5779940580695353,0.06153121606307432,0.07358183852792621,1.0853352217870575,-0.5779940580695353
3068,52766176,i,9,-0.5751863234163912,0.05372522722539819,0.13798503644590776,2.0354712962424255,-0.5751863234163912
3069,52766176,r,9,-0.7553880855493024,0.1332493527166031,0.25792935959128493,2.1190825659927346,-0.7553880855493024
3070,52807988,g,2,-0.9471404283734208,0.11501731773712898,0.11501731773712898,1.210999783918345,-0.9471404283734208
3071,52807988,i,7,-0.298157445137327,0.18038242169177743,0.5428042110682716,0.5563191812813214,-0.298157445137327
3072,52807988,r,6,-0.5322393514683994,0.28670988461272556,0.4944505146042662,1.5049682228639192,-0.5322393514683994
3073,52818286,g,3,-0.6001692023459075,0.21519546429333203,0.289370215614005,0.8688315285216234,-0.6001692023459075
3074,52818286,i,5,-0.9286376292192604,0.08721599299981331,0.09602991489205048,3.6486859446599595,-0.9286376292192604
3075,52818286,r,10,-1.1614788976102715,0.07797224179890838,0.11632036211624208,5.875822940861661,-1.1614788976102715
3076,52992485,i,14,-3.062759080313119,0.08457712654605931,0.13989477544981588,56.62555819194138,-3.062759080313119
3077,52992485,r,7,-2.7799413183208923,0.035672629309529746,0.1878097631659026,28.77549207410367,-2.7799413183208923
3078,53031774,g,2,-0.7753216544839927,0.1880455700997583,0.1880455700997583,1.3462890992400989,-0.7753216544839927
3079,53031774,i,6,0.5935705851904777,0.20141176428804863,0.49018565208880427,1.765846099008752,0.5935705851904777
3080,53031774,r,4,-0.4517501558878031,0.09938016448899434,0.3370744021138195,1.0828645656729514,-0.4517501558878031
3081,53045886,g,5,-0.8131291175010027,0.013732299459417341,0.027039021506695793,2.040696724173232,-0.8131291175010027
3082,53045886,i,17,-0.06549709280264748,0.16943086379070793,0.3676698339776059,0.2931925298936861,-0.06549709280264748
3083,53045886,r,10,-0.3496189044419368,0.09484955515397298,0.14111751807255374,0.9042863989234682,-0.3496189044419368
3084,53045886,u,2,-0.710735222590076,0.23865933238872006,0.23865933238872006,0.4977267553672904,-0.710735222590076
3085,53189031,g,2,-1.0399847815818002,0.11761964004102254,0.11761964004102243,1.809423635193252,-1.0399847815818002
3086,53189031,i,14,-1.272689604021477,0.19964133476475054,0.396916702307492,8.132354937194133,-1.272689604021477
3087,53189031,r,8,-1.3713377563732485,0.12575393638211296,0.2361129118358014,12.35359069045499,-1.3713377563732485
3088,53199424,g,7,-0.5512466228298076,0.12430503572249352,0.4346709945086016,1.1264138077332517,-0.5512466228298076
3089,53199424,i,15,-1.0398827112793978,0.06637214415890247,0.1375478455488497,5.851181672764123,-1.0398827112793978
3090,53199424,r,17,-0.8581954285568656,0.1271524093835038,0.2162968134614821,3.931713238691254,-0.8581954285568656
3091,53212927,g,2,-1.2644317789029935,0.16268550967600715,0.16268550967600737,2.123429061764529,-1.2644317789029935
3092,53212927,i,6,-1.111708553295646,0.07841651785168069,0.14949260844622003,7.3317625784010625,-1.111708553295646
3093,53212927,r,6,-1.4514042309339723,0.07680521254770856,0.13881012815218696,9.71406419153494,-1.4514042309339723
3094,53235312,i,7,-0.6376471985831865,0.13862843078135112,0.34062779305769747,2.4676305691966323,-0.6376471985831865
3095,53235312,r,7,-1.0068047754367686,0.11675425124899552,0.28555951208442654,4.145094043904935,-1.0068047754367686
3096,53250295,g,2,-0.43343620668316696,0.053574158204277245,0.053574158204277245,0.8459232209499787,-0.43343620668316696
3097,53250295,i,5,-0.07500962690140056,0.054670022601937956,0.05629809635553923,0.07484099510389124,-0.07500962690140056
3098,53250295,r,6,-0.004263204755017895,0.14722129783675528,0.26542030489592733,0.14115907409974385,-0.004263204755017895
3099,53253603,g,2,-0.8996796764857137,0.06584318687994617,0.06584318687994606,2.2836666389006948,-0.8996796764857137
3100,53253603,i,5,-0.6019036767497881,0.1859560168162357,0.37782949297699064,2.021170739583886,-0.6019036767497881
3101,53253603,r,8,-0.8066000095760976,0.06715849799248336,0.13645000973480725,3.351714301361418,-0.8066000095760976
3102,53301357,i,5,0.10689435587931405,0.2863986496865916,0.4088989209119076,0.3098731631472178,0.10689435587931405
3103,53301357,r,8,-0.41315932856705384,0.4411974505799676,0.8118243477186392,1.1632262190705733,-0.41315932856705384
3104,53320047,g,2,-0.6354803143260583,0.05344193660318597,0.05344193660318597,0.45877935773732065,-0.6354803143260583
3105,53320047,i,10,0.17203350862260564,0.38667793009079326,0.7592344380145287,1.1073084680306686,0.17203350862260564
3106,53320047,r,8,-0.18647095585824913,0.0755856999220661,0.18910352249397866,0.3911496937561912,-0.18647095585824913
3107,53322833,i,7,-1.0053360951895927,0.05725112057072501,0.1290296803084413,5.845730801530736,-1.0053360951895927
3108,53322833,r,5,-1.2501272896982238,0.017804283866509785,0.02462747509475438,5.40418091780076,-1.2501272896982238
3109,53346995,i,3,-1.3880942198835053,0.16692539824325126,0.18812805069548988,10.539736707441092,-1.3880942198835053
3110,53346995,r,7,-1.5469026837211475,0.156659033478598,0.2090621710114522,12.569430927665476,-1.5469026837211475
3111,53385806,i,8,-2.8659620471688942,0.05235869278201388,0.10180602671879502,42.56270979751227,-2.8659620471688942
3112,53385806,r,6,-2.6872319453970914,0.017392760541133923,0.04772655730755604,33.9375371863978,-2.6872319453970914
3113,53418444,g,5,-0.0814360005396988,0.06033039348868208,0.1546797311546687,0.13413551999692394,-0.0814360005396988
3114,53418444,i,3,-0.2755784041900551,0.15253530337283427,0.17385629642257694,0.41705374485250224,-0.2755784041900551
3115,53418444,r,4,0.4358020297482335,0.05354714637117863,0.15415653506164284,0.7157854075318554,0.4358020297482335
3116,53437018,i,7,-0.5592248645305191,0.06868796205969452,0.10600646296090965,1.8826762235481798,-0.5592248645305191
3117,53437018,r,4,-0.8894658592108218,0.03696690641504585,0.1707200089580183,3.5033601667060337,-0.8894658592108218
3118,53442291,g,4,-0.733925451141758,0.03655639922746251,0.0872190509741666,1.3821802261833374,-0.733925451141758
3119,53442291,i,7,-0.1761905463752115,0.06876274575009692,0.12392992327862867,0.4446687286510041,-0.1761905463752115
3120,53442291,r,8,-0.540193079087558,0.05885068690613318,0.15226674347704672,2.2977114056890517,-0.540193079087558
3121,53465237,g,4,-0.6769330053866887,0.18091366354416727,0.40859643973184406,0.9213251499448638,-0.6769330053866887
3122,53465237,i,7,0.2433479127350485,0.46989221783481183,0.8868375884365083,2.4341850474678575,0.2433479127350485
3123,53465237,r,9,-0.37214996358162544,0.0693543053304948,0.6460156067817788,2.6120026880119664,-0.37214996358162544
3124,53489770,i,7,-0.4231244487093414,0.09674952485856014,0.15895888829342075,1.0140387594913307,-0.4231244487093414
3125,53489770,r,11,-0.4233135887540138,0.12407685621056275,0.20962207635593105,2.051918744011486,-0.4233135887540138
3126,53530332,i,14,-0.9799415582519274,0.12360453434937346,0.26288071188638673,6.267512625959492,-0.9799415582519274
3127,53530332,r,8,-1.1817821475032626,0.03151024817553272,0.06834919738906842,7.437238556939846,-1.1817821475032626
3128,53556786,g,3,-0.8871539458523361,0.14796894569728458,0.19030043046065837,1.6358310928549633,-0.8871539458523361
3129,53556786,i,2,-0.23786236990612142,0.10513959726974487,0.10513959726974487,0.2546580374262061,-0.23786236990612142
3130,53556786,r,6,-0.7013886765307642,0.4290786996931836,0.680595953461808,1.9941585980959413,-0.7013886765307642
3131,5357185,i,10,-0.6295119545690218,0.03723044896288341,0.061516119203388286,2.319021333810715,-0.6295119545690218
3132,5357185,r,11,-1.0474745117070823,0.193589344615404,0.3125014015157562,5.97244960417452,-1.0474745117070823
3133,53575320,g,3,-0.9001263973856828,0.0047060665704312665,0.1938313965302011,1.4024232593264336,-0.9001263973856828
3134,53575320,i,12,-0.8650861283983092,0.049369478142052614,0.15898833594643103,3.8116020602007947,-0.8650861283983092
3135,53575320,r,5,-1.169499448033552,0.03605427324053889,0.09826388368836136,7.45810771600718,-1.169499448033552
3136,53708846,g,2,-1.101711319094548,0.006203942379700678,0.006203942379700678,2.9523842270068386,-1.101711319094548
3137,53708846,i,5,-0.5715610362260426,0.02888263356373344,0.050432619621622266,1.7762832453659,-0.5715610362260426
3138,53708846,r,6,-0.8055132363770608,0.07360156561401326,0.1200599783975812,4.013334984752279,-0.8055132363770608
3139,53717873,i,6,-0.6482950095605082,0.006523376057109398,0.009868960096149682,2.4698067614231443,-0.6482950095605082
3140,53717873,r,5,-0.9753781721608645,0.009470504409613056,0.016361810525724385,5.680625873703564,-0.9753781721608645
3141,53809305,g,2,-0.5303995114251198,0.47106675651193475,0.4710667565119347,1.0465896551542007,-0.5303995114251198
3142,53809305,i,2,-0.05889443926797777,0.15698548851816385,0.15698548851816385,0.15441485114697606,-0.05889443926797777
3143,53809305,r,7,-0.5250545530602917,0.16030571857492482,0.7644777276045379,4.716423625610759,-0.5250545530602917
3144,53814148,g,4,-0.8734620686589172,0.013645997295783974,0.04172364351065905,2.0845862877117582,-0.8734620686589172
3145,53814148,i,5,-0.850464886136461,0.1737593775560381,0.1917416061919911,3.546215936196366,-0.850464886136461
3146,53814148,r,8,-0.9114681919555516,0.0711053692167461,0.12314953325656952,4.93106490244914,-0.9114681919555516
3147,53892815,g,3,-0.6145212907685544,0.0370426445277916,0.048399826440012395,0.7906044554583204,-0.6145212907685544
3148,53892815,i,6,-1.3101479473155557,0.011272399157695068,0.018443264977396234,8.669253293516965,-1.3101479473155557
3149,53892815,r,5,-1.4792097583037689,0.21591898477982485,0.24192089889581858,11.55407487937038,-1.4792097583037689
3150,53903882,g,2,0.2407065941370966,0.22629953764489585,0.22629953764489585,0.36908562808561385,0.2407065941370966
3151,53903882,i,3,-0.4381939546329544,0.15582445731052152,0.2180656456488857,0.936547954134122,-0.4381939546329544
3152,53903882,r,6,0.3262122981589608,0.07694255848114889,0.11794219636502562,0.6739942545655796,0.3262122981589608
3153,53918905,g,3,-0.8721646914933427,0.12956588407468672,0.2621856787007353,2.0676137174409326,-0.8721646914933427
3154,53918905,i,13,-1.1974276238447403,0.05224580491681108,0.10638574951616064,7.053260585897096,-1.1974276238447403
3155,53918905,r,9,-1.205697006035845,0.06696519523824396,0.1463052693809086,7.339605680584863,-1.205697006035845
3156,53958532,g,4,-0.9060326781248422,0.13421252021919783,0.2511704100468972,1.1745016791451632,-0.9060326781248422
3157,53958532,i,5,-1.8353418873935652,0.036134381765927426,0.059312933410931246,14.785036590027172,-1.8353418873935652
3158,53958532,r,7,-1.7717857100795271,0.0740516879760793,0.18707774947242717,13.149984389593738,-1.7717857100795271
3159,53977913,i,13,-1.4478314998131299,0.058407355082489065,0.09254495776551286,9.404296571517335,-1.4478314998131299
3160,53977913,r,12,-1.733361524239521,0.07800756078795945,0.151065119602527,11.521856044662192,-1.733361524239521
3161,53989542,i,6,-0.4046206962431659,0.04239545497527519,0.09695471059766964,1.004556841068431,-0.4046206962431659
3162,53989542,r,6,-0.6776666741043453,0.09132187560598459,0.15492813671042827,2.916646504471172,-0.6776666741043453
3163,54015976,g,2,-0.14330747157937584,0.16621067730138006,0.16621067730138006,0.14528435912041,-0.14330747157937584
3164,54015976,i,5,-0.26832294349002944,0.13795058942270016,0.15235030917064218,0.5713474246553253,-0.26832294349002944
3165,54015976,r,4,-0.37713452034565326,0.1491726022901288,0.30939029107223565,0.9317083381637119,-0.37713452034565326
3166,54048924,i,7,-1.9775543164547285,0.09620635558094093,0.17048773905432046,20.727635982013883,-1.9775543164547285
3167,54048924,r,6,-1.8944914992062047,0.09674913586429335,0.15133807148317802,14.090347280405432,-1.8944914992062047
3168,5406472,g,3,-0.9178324402307361,0.027222118992585642,0.16961469646677596,2.0460836935385913,-0.9178324402307361
3169,5406472,i,7,-0.1061121951293098,0.255875448203555,0.7638463161023425,0.8531678905000047,-0.1061121951293098
3170,5406472,r,7,0.2261055946222369,0.35416147534913534,0.6707744128461267,0.9175556446607732,0.2261055946222369
3171,5406472,u,2,-0.8263894412530186,0.0551701137567413,0.0551701137567413,0.9272615134921016,-0.8263894412530186
3172,54065381,g,6,-0.30871198288364954,0.09202517600211552,0.15238190999745777,0.5732193173859453,-0.30871198288364954
3173,54065381,i,14,-0.1517093148231985,0.12997553461645944,0.19081793053684576,0.34992669280094946,-0.1517093148231985
3174,54065381,r,16,-0.2725187192363301,0.11607346115508096,0.23286493097417665,0.44356947206771724,-0.2725187192363301
3175,54076701,g,4,-0.7684572814312886,0.07638722232665984,0.14215596695611177,1.320622378910879,-0.7684572814312886
3176,54076701,i,7,-0.5212089346753475,0.06753185845469312,0.16997813066909673,1.5399932558795573,-0.5212089346753475
3177,54076701,r,11,-0.8166367678475981,0.01201435050191535,0.06846252930516528,3.8503992459420386,-0.8166367678475981
3178,54088084,i,7,-0.6555753758071683,0.029435964572560813,0.05682576339855494,2.1666967113534232,-0.6555753758071683
3179,54088084,r,4,-0.681119030604679,0.01498933224325405,0.032116139609121075,2.365398496535462,-0.681119030604679
3180,54118291,g,2,-1.508263916960407,0.019634661420098065,0.019634661420097954,4.097889753272465,-1.508263916960407
3181,54118291,i,7,-0.47816027737011657,0.2904552639575805,0.6259971829868715,1.8866275163739996,-0.47816027737011657
3182,54118291,r,9,-0.6960445253751936,0.09727723872154004,0.2819180111602504,2.7007433701493935,-0.6960445253751936
3183,54130120,g,2,-0.6260854460170873,0.2705909029977651,0.2705909029977651,1.1124801582089106,-0.6260854460170873
3184,54130120,i,8,-0.06326111871773785,0.26829164070012335,0.6525046737157442,0.8702777823525344,-0.06326111871773785
3185,54130120,r,10,-0.10159069545155813,0.2211719552435219,0.417781282709323,0.3609066125707534,-0.10159069545155813
3186,54139895,i,8,-0.29400509825516696,0.11909849180631499,0.242717295533685,0.7132039429302852,-0.29400509825516696
3187,54139895,r,7,-0.5750872317527278,0.03459952170198788,0.14911825531026968,1.150941420452589,-0.5750872317527278
3188,54142921,g,4,-0.814329877383959,0.07036814515099976,0.16931525019470928,1.0957048783777277,-0.814329877383959
3189,54142921,i,7,-2.3206969975162908,0.08106381611837987,0.3489281937432005,30.4087227079286,-2.3206969975162908
3190,54142921,r,7,-2.053688011053908,0.042061701610531355,0.11971165851017473,19.254979618195982,-2.053688011053908
3191,54145827,g,2,-0.010903741930002542,0.3818574167273624,0.3818574167273624,0.24008669968813878,-0.010903741930002542
3192,54145827,i,4,-0.49987539583613516,0.10351020292585217,0.22894542982870986,1.2276291209457753,-0.49987539583613516
3193,54145827,r,5,-0.8712208557825005,0.013233209618142006,0.14563739104947393,3.402769384124401,-0.8712208557825005
3194,54207958,i,9,-1.1379420677427448,0.1593581888127451,0.27854719881743684,6.468721648530819,-1.1379420677427448
3195,54207958,r,9,-1.138736944937743,0.06487444599090475,0.10485316624446273,6.58739390502237,-1.138736944937743
3196,54294594,i,6,-0.38928415574160935,0.07035325376861207,0.150015896345151,0.6967978221868578,-0.38928415574160935
3197,54294594,r,6,-0.45384993796662976,0.09263525068551942,0.15986613454879856,1.2812109641162193,-0.45384993796662976
3198,5440385,i,9,-1.1525912164806482,0.1332400554271851,0.24496906338809366,6.850507013817531,-1.1525912164806482
3199,5440385,r,3,-1.0922031779485715,0.2790736170455359,0.28171200226893245,6.4744478634999085,-1.0922031779485715
3200,54436993,g,3,-0.9179759273943244,0.08568970220824235,0.10874630166621602,1.0683806081019283,-0.9179759273943244
3201,54436993,i,3,-0.18771960496492912,0.21525519746941746,0.22070397025152227,0.2862536526550512,-0.18771960496492912
3202,54436993,r,5,-0.5454393268926347,0.13861564951649108,0.19086442990140684,1.362991069197251,-0.5454393268926347
3203,54454444,g,3,-1.1689096066240876,0.028700979104441915,0.28691878382120994,1.2906448110354576,-1.1689096066240876
3204,54454444,i,8,-1.6214732789462851,0.09334341144320246,0.1744488488007232,14.776120542523575,-1.6214732789462851
3205,54454444,r,9,-1.515871114757798,0.07159151442518086,0.13127513164483173,8.958188687520238,-1.515871114757798
3206,54485120,i,8,-0.603716540199382,0.05138540273790593,0.09461080864787363,1.3034978975376896,-0.603716540199382
3207,54485120,r,7,-0.9512449151499455,0.04006808589986177,0.07027361777495889,2.489804334152139,-0.9512449151499455
3208,54486785,g,3,-0.9051918028712487,0.004614463743814801,0.018766901188123186,3.3608289434116423,-0.9051918028712487
3209,54486785,i,4,-0.5269005831858351,0.05621381247716048,0.12254636630384996,1.5057068319853906,-0.5269005831858351
3210,54486785,r,11,-0.7439133376587017,0.05586853186838736,0.11778707273628986,2.586310830430817,-0.7439133376587017
3211,54502944,i,9,-1.668204775920686,0.1015120518292798,0.31092130069301627,14.754003986016484,-1.668204775920686
3212,54502944,r,11,-1.5644967967336192,0.060807279922722834,0.13844322828047462,11.025854631307249,-1.5644967967336192
3213,54517997,g,3,-0.4868621032846815,0.11172044282016758,0.2359803204851339,0.8641890131451309,-0.4868621032846815
3214,54517997,i,5,0.37064856348759107,0.19876915545104984,0.33955735572528833,0.6511886917651818,0.37064856348759107
3215,54517997,r,6,-0.02113972896296859,0.13067137303810103,0.19971527324813126,0.14628720102874213,-0.02113972896296859
3216,54524131,i,4,-2.049748653123557,0.03746384546046344,0.07984904580072083,22.493287775321306,-2.049748653123557
3217,54524131,r,8,-1.948200037773994,0.19606134741052816,0.32932443186977367,15.526812881126544,-1.948200037773994
3218,54544202,g,4,-0.8258894843549953,0.058684890765671405,0.09803972229857094,2.1565249796418233,-0.8258894843549953
3219,54544202,i,2,-0.6185152324095501,0.05867510837744827,0.05867510837744816,2.427405941207117,-0.6185152324095501
3220,54544202,r,5,-0.7763019924342311,0.011646913144596871,0.053178600716172975,4.139829666450635,-0.7763019924342311
3221,54581838,g,2,-0.39684238568376806,0.07504860612750808,0.07504860612750808,0.3384006853185776,-0.39684238568376806
3222,54581838,i,7,0.12975513862700166,0.13254405530630264,0.19088414948683435,0.19149658626526264,0.12975513862700166
3223,54581838,r,7,-0.09617907596052178,0.04191069378413631,0.07730362632751901,0.2010820119821772,-0.09617907596052178
3224,54589222,i,5,-0.100038488216798,0.10338929520734831,0.1616204721179874,0.07294790979656154,-0.100038488216798
3225,54589222,r,5,-0.2833984836682188,0.09526015088531631,0.10348679432786273,0.40514956836585103,-0.2833984836682188
3226,54666404,g,2,-1.238213454650157,0.037813806048230814,0.037813806048230925,2.3952195471594866,-1.238213454650157
3227,54666404,i,13,-1.9715283826252104,0.06024828397958215,0.11442594610733825,21.317944593697494,-1.9715283826252104
3228,54666404,r,12,-1.8328726960946802,0.08610537737355017,0.16695549287506717,13.847855672756006,-1.8328726960946802
3229,54673151,g,4,-0.43126109461173817,0.2068528834159004,0.38464252971064056,1.0910519895674318,-0.43126109461173817
3230,54673151,i,6,-0.8291629414629442,0.04094657092228726,0.10309408006762688,4.289705638774545,-0.8291629414629442
3231,54673151,r,5,-0.7313582700269982,0.008257104795687531,0.01588116520380778,3.505945093677012,-0.7313582700269982
3232,54681055,g,2,-0.4815848499372945,0.43896592729792333,0.4389659272979233,1.022990596229425,-0.4815848499372945
3233,54681055,i,5,-0.490711193406525,0.03393013499931763,0.03846866032590179,1.2262477434802423,-0.490711193406525
3234,54681055,r,5,-0.6754933790512422,0.10613011338672329,0.18384385151039173,2.347563193815288,-0.6754933790512422
3235,54745851,g,3,-0.545011400907641,0.02206497519891293,0.08775828914123984,1.555185690450573,-0.545011400907641
3236,54745851,i,4,-0.46373206052917604,0.07252965112887602,0.09312702524921246,1.3944237756152362,-0.46373206052917604
3237,54745851,r,5,-0.4839825885875124,0.05547750741662255,0.06696096807506297,1.472037542569397,-0.4839825885875124
3238,54844475,g,2,-0.9557295667532795,0.17395334909212967,0.17395334909212978,2.330184565186781,-0.9557295667532795
3239,54844475,i,4,-0.8040068987725384,0.03417786871699374,0.06660753627508775,2.7746222457260075,-0.8040068987725384
3240,54844475,r,5,-1.0407284838509794,0.08751034227142496,0.12496155851838453,5.7509829877601835,-1.0407284838509794
3241,54960037,g,2,-0.5111058877830029,0.04873870042747386,0.0487387004274738,0.7034325955172913,-0.5111058877830029
3242,54960037,i,15,-0.16122211683141258,0.05332669721571032,0.11157534056380039,0.2678248317081478,-0.16122211683141258
3243,54960037,r,9,-0.3916336485929219,0.3920209626822409,0.5087657153979995,1.994065292302326,-0.3916336485929219
3244,55010041,g,2,-1.3779328165244271,0.08683464383223138,0.0868346438322316,4.214696091166401,-1.3779328165244271
3245,55010041,i,5,-1.797349660656101,0.03529836213757398,0.0399694664321677,17.334404431419728,-1.797349660656101
3246,55010041,r,5,-1.9447373239102084,0.05307930527072613,0.06520965278486135,17.859333456216486,-1.9447373239102084
3247,55081856,g,2,-0.6076328388540455,0.13565836908075202,0.13565836908075202,0.7320798738317059,-0.6076328388540455
3248,55081856,i,6,0.07024600475601075,0.2937820034233473,0.5010622313288368,0.45987891577468926,0.07024600475601075
3249,55081856,r,11,-0.3771953947337876,0.18923246893438184,0.5279903705184454,1.9206095397676797,-0.3771953947337876
3250,55190384,i,6,-0.48845120902890804,0.05067823815887501,0.08691616293595322,1.1118113200776836,-0.48845120902890804
3251,55190384,r,6,-0.428133262745407,0.18470676613853287,0.3669059055327653,1.3326541850008964,-0.428133262745407
3252,55200212,i,6,0.2433615412092671,0.2772057012862188,0.4951565324130033,0.7952909352641054,0.2433615412092671
3253,55200212,r,8,-0.5268320771291964,0.13603489919602862,0.29895512314518996,1.2618296757292553,-0.5268320771291964
3254,55200212,u,2,-2.1349224323337226,0.2105205073963341,0.21052050739633454,2.9987645176332114,-2.1349224323337226
3255,55252472,g,5,-0.7114082825549941,0.130024255572196,0.22284302869013595,1.312020363825662,-0.7114082825549941
3256,55252472,i,5,-0.5386387686214887,0.19776703938788354,0.3938283152976818,1.690076964175145,-0.5386387686214887
3257,55252472,r,7,-0.5624980083391713,0.03419216820825721,0.17584883325990386,2.620449802316547,-0.5624980083391713
3258,55259313,g,2,-0.6992147141783431,0.03223023030597272,0.03223023030597272,0.6059153771333673,-0.6992147141783431
3259,55259313,i,8,0.10621955740894173,0.0735316007158192,0.13809752239547468,0.23623127819183928,0.10621955740894173
3260,55259313,r,6,-0.7265528440350745,0.14976016915938714,0.23755010164578105,1.9816312862947791,-0.7265528440350745
3261,55290145,g,2,-0.6740729645966036,0.0360474939649581,0.03604749396495799,1.494238461109782,-0.6740729645966036
3262,55290145,i,4,-0.26679741275351043,0.055079900572252594,0.1276721171748416,0.5247342906468297,-0.26679741275351043
3263,55290145,r,7,-0.41971552502339793,0.033957254702602246,0.076524626737562,1.409182667040178,-0.41971552502339793
3264,55298875,i,8,-1.5938354998889166,0.04538728472713205,0.07156106733065881,13.686636269160534,-1.5938354998889166
3265,55298875,r,5,-1.7713618182299586,0.16824810296331094,0.3124890154088775,14.045262825383475,-1.7713618182299586
3266,55317441,g,5,-1.2375700585383922,0.0033111773849578974,0.21057481981724546,1.3798416657921448,-1.2375700585383922
3267,55317441,i,11,0.1380392431534171,0.5177016733177705,1.027961998231305,1.8790444045260464,0.1380392431534171
3268,55317441,r,11,-1.006158419163351,0.07604976422203591,0.27993010941547225,3.114348966420511,-1.006158419163351
3269,55326649,i,7,-0.603676541797573,0.04532388240558172,0.0924181915472515,1.732612885171918,-0.603676541797573
3270,55326649,r,6,-0.7542731445163846,0.032178655090481345,0.05233523150070141,3.0574535334524326,-0.7542731445163846
3271,55375729,g,4,-0.5176296029320251,0.17382874264769566,0.40122693512795293,0.8240249495285856,-0.5176296029320251
3272,55375729,i,4,-0.27150226070412037,0.02341020516960496,0.1579165693806872,0.43306316674642187,-0.27150226070412037
3273,55375729,r,6,-0.5375686649326115,0.025239351186827075,0.03958318828888707,1.0124702362626754,-0.5375686649326115
3274,55375729,u,2,-1.1356730720597823,0.43594017823580566,0.43594017823580566,1.379760242294687,-1.1356730720597823
3275,5539882,i,11,-0.2139045791421097,0.09388984176588236,0.14337065695077708,0.23538498163398966,-0.2139045791421097
3276,5539882,r,9,-0.32184124861471625,0.18202355492994354,0.26120077660411156,0.852265995700082,-0.32184124861471625
3277,55405062,g,4,-0.3352678789070489,0.31064602210990283,0.5327302028521602,0.7197043816673705,-0.3352678789070489
3278,55405062,i,11,-0.3080284876146451,0.10609113281713972,0.20828716231442532,0.7070841882791137,-0.3080284876146451
3279,55405062,r,12,-0.5251039593312129,0.18812395244392377,0.3595957589902661,1.400998014085987,-0.5251039593312129
3280,55477319,i,7,-0.3719960576611251,0.025948666737037496,0.127498058059211,0.8480441480210195,-0.3719960576611251
3281,55477319,r,5,-0.6715079362110004,0.03971610016943827,0.05428359036207964,1.9675362834455807,-0.6715079362110004
3282,55516195,g,4,-0.3929973439564166,0.11449217021334657,0.20223801671638236,0.44251583820012313,-0.3929973439564166
3283,55516195,i,7,-0.35281767981981915,0.17136467041502673,0.3252273347100401,0.860828260258718,-0.35281767981981915
3284,55516195,r,9,-0.4567335085973151,0.071956926066994,0.48936375354572004,2.165581838171668,-0.4567335085973151
3285,55547285,g,2,-0.8403985564265588,0.09534376932646427,0.09534376932646427,1.311578790566109,-0.8403985564265588
3286,55547285,i,6,-0.9090318467595178,0.1698445729340483,0.39739825797597816,3.7743666685557127,-0.9090318467595178
3287,55547285,r,5,-1.1356594342772683,0.021655776215156575,0.033424122677574,3.9929933155771193,-1.1356594342772683
3288,55601363,g,2,-0.7627588586023658,0.024851303563007465,0.024851303563007354,2.465368275517518,-0.7627588586023658
3289,55601363,i,4,-0.414994347701502,0.13419909452519138,0.2532334366492732,0.9035933666086865,-0.414994347701502
3290,55601363,r,5,-0.7215186795029083,0.0816687147580486,0.13426231720527293,2.351199693820699,-0.7215186795029083
3291,55656901,g,2,-0.9842850313371349,0.10539828504105853,0.10539828504105864,2.9744270626457894,-0.9842850313371349
3292,55656901,i,4,-1.2810128646185532,0.176892409364029,0.2386205475218699,8.148264756728645,-1.2810128646185532
3293,55656901,r,5,-1.0654882147390943,0.34138943805247646,0.5298533147478095,6.272193785860889,-1.0654882147390943
3294,55676441,i,6,-0.21553060976893557,0.03169011733058344,0.05324949188028541,0.2698036915958811,-0.21553060976893557
3295,55676441,r,5,-0.3481780587056159,0.016015920953841356,0.026995030055089186,0.7044162022699233,-0.3481780587056159
3296,55689615,i,6,-1.0916761388656624,0.050863333887248396,0.1113738615394737,6.71776604165309,-1.0916761388656624
3297,55689615,r,6,-1.3620622500935158,0.05468738920267602,0.08633828976503999,9.126785702459019,-1.3620622500935158
3298,55712202,g,2,-0.27709402847790876,0.054194785739938856,0.054194785739938856,0.1347603120811042,-0.27709402847790876
3299,55712202,i,5,-1.4570523164121185,0.024066967412620377,0.07766202486357643,12.023350573138323,-1.4570523164121185
3300,55712202,r,4,-1.2271299626377572,0.04437793551077629,0.27778173398887185,7.865497378160696,-1.2271299626377572
3301,55724450,g,2,-0.9545772258832002,0.11155546080070478,0.11155546080070478,1.6626144259030289,-0.9545772258832002
3302,55724450,i,10,-0.8861013312878405,0.07985593698066579,0.21035124857277965,4.110836533795765,-0.8861013312878405
3303,55724450,r,9,-1.1779006761204864,0.04252924478561182,0.13308931184044148,6.583685544243497,-1.1779006761204864
3304,55775890,g,5,-0.7269394489936667,0.011379723822332766,0.020651200937897074,2.111493780239543,-0.7269394489936667
3305,55775890,i,10,-0.3523460491172408,0.11304840970234745,0.1944724926445484,1.0209303945754975,-0.3523460491172408
3306,55775890,r,12,-0.5811565960961792,0.11771294803973414,0.21819578435021392,1.8576241438802956,-0.5811565960961792
3307,55775890,u,3,0.10659938860554341,0.3293527501426441,0.3558230190761533,0.1317139848672726,0.10659938860554341
3308,55792453,i,16,-0.30699542140658914,0.13639675310760765,0.4035197669255799,0.9655622313067052,-0.30699542140658914
3309,55792453,r,15,-0.44307911582498744,0.028670562743567662,0.05753758187931057,1.4344777462620162,-0.44307911582498744
3310,5598553,g,2,-0.6347110250591083,0.07264154870692707,0.07264154870692718,1.1563249794923003,-0.6347110250591083
3311,5598553,i,7,-1.495783835834629,0.037015075395437025,0.13595630920839574,12.433074352537632,-1.495783835834629
3312,5598553,r,8,-1.3796548600326028,0.07435166613958055,0.13432909953710293,10.888343101055419,-1.3796548600326028
3313,56007792,g,3,-1.0516208168817034,0.08983018649817698,0.11293543160255604,2.7487324737877152,-1.0516208168817034
3314,56007792,i,7,-0.7529018337320145,0.06387489855351969,0.10946504405647306,3.32389619355807,-0.7529018337320145
3315,56007792,r,6,-1.099371470948371,0.06858002039287814,0.11887977409895578,7.654051203858917,-1.099371470948371
3316,56091302,i,7,-0.15717755819827706,0.09012353746660007,0.7503352728004378,2.352676272660291,-0.15717755819827706
3317,56091302,r,5,0.17718191272700712,0.5025185086360642,0.5324905669915861,1.3700126709948868,0.17718191272700712
3318,56091302,u,3,-0.5570820028504135,0.03601106919416752,0.12866694133860102,0.3124504780227018,-0.5570820028504135
3319,56189952,g,5,-0.787082723094547,0.03577569660519064,0.06935881749050665,1.746595724858309,-0.787082723094547
3320,56189952,i,5,0.13587639961481224,0.06881223417910573,0.09957917918375117,0.22777073327408637,0.13587639961481224
3321,56189952,r,8,-0.3190412228995699,0.20148567668916875,0.3929428631982119,0.8417266257048586,-0.3190412228995699
3322,56189952,u,2,-1.5384346130642534,0.017663787401370756,0.01766378740137098,2.0709918036326593,-1.5384346130642534
3323,56207409,g,2,-1.0928408060499004,0.04387950897216786,0.04387950897216775,1.7375461473871692,-1.0928408060499004
3324,56207409,i,7,-0.13627153870564962,0.1076931729791236,0.1416199525421779,0.5584080849792322,-0.13627153870564962
3325,56207409,r,7,-0.4175062621889122,0.045199624241686887,0.25633951579544045,1.471429038131786,-0.4175062621889122
3326,56219253,g,3,-0.9133090941345525,0.11242817135027616,0.13586561351763793,1.121967497833505,-0.9133090941345525
3327,56219253,i,7,-1.0176480463830884,0.08351882541950229,0.12145349359466806,3.7134828723048585,-1.0176480463830884
3328,56219253,r,9,-1.239816343770768,0.18238267880948134,0.5558673161914707,6.889024935841198,-1.239816343770768
3329,56241343,g,6,-0.7485721600078339,0.1770672937244513,0.3577148336132788,1.5031912716241926,-0.7485721600078339
3330,56241343,i,15,-0.14266979325937684,0.28015397801979297,0.526844367520078,0.6633636482862866,-0.14266979325937684
3331,56241343,r,15,-0.41477811581767954,0.1885258395191518,0.3536223504289785,1.0747623925450953,-0.41477811581767954
3332,56258297,g,2,-1.2164950377218178,0.049599272493139224,0.04959927249313911,2.1880122906120354,-1.2164950377218178
3333,56258297,i,4,-0.34821347935369673,0.23028508970205908,0.5772858464889983,0.9797499974127095,-0.34821347935369673
3334,56258297,r,10,-0.5685341336536206,0.35079323074353197,0.5986698087569244,1.4863524118403515,-0.5685341336536206
3335,56258297,u,2,-2.5000799409541212,0.221667739266181,0.22166773926618122,4.183378806079512,-2.5000799409541212
3336,56350835,i,7,-0.592501098595125,0.06737911380997785,0.24594848200149255,2.162309883187153,-0.592501098595125
3337,56350835,r,8,-0.6865565523555401,0.057410897888124535,0.10286357769903909,3.143647467362658,-0.6865565523555401
3338,56424509,i,6,-1.5024412541988994,0.04468414623581374,0.18519191555181802,12.284093782455566,-1.5024412541988994
3339,56424509,r,6,-1.4962354607145736,0.038775492999896466,0.06347670327433375,13.294336450019507,-1.4962354607145736
3340,56427172,g,4,-0.8442691062265555,0.07113684488421002,0.14810762959025703,2.154991976647427,-0.8442691062265555
3341,56427172,i,4,-0.47390796876594166,0.06793656999538139,0.12624765871123073,1.1094599283479076,-0.47390796876594166
3342,56427172,r,4,-0.5359655320971617,0.06470940633197741,0.07964736792515664,1.6688964370675001,-0.5359655320971617
3343,56429601,g,2,-0.6550672706757124,0.013763070156620039,0.013763070156620039,0.9588895198927727,-0.6550672706757124
3344,56429601,i,5,-0.6662548208402612,0.07291435454981388,0.12294751338307186,2.5027918583825377,-0.6662548208402612
3345,56429601,r,6,-0.926712196505503,0.09906164058407596,0.17904639024716273,4.274949770389591,-0.926712196505503
3346,56440692,g,2,-0.1923026182668206,0.005023038958472004,0.005023038958472004,0.06292228857000604,-0.1923026182668206
3347,56440692,i,8,0.12896042928620813,0.1972359127411244,0.4557230312897983,1.0168006671861576,0.12896042928620813
3348,56440692,r,8,-0.43872712170319295,0.24069025148459433,0.6344718778783436,1.0009290878624837,-0.43872712170319295
3349,56479737,g,2,-0.8084281397993934,0.04472715882969369,0.04472715882969358,1.9216145822140778,-0.8084281397993934
3350,56479737,i,5,-0.5380630049108657,0.20537897598393995,0.24212091803257585,1.888997236676954,-0.5380630049108657
3351,56479737,r,4,-0.634157346550683,0.037703983014519604,0.07817613961234038,2.8271722469401994,-0.634157346550683
3352,56522287,i,6,-0.8517967965241017,0.08623367018274158,0.14328593541849732,5.020759673726212,-0.8517967965241017
3353,56522287,r,5,-1.063990370766672,0.13926276099704094,0.2175997440566525,4.307426388452265,-1.063990370766672
3354,56525501,i,6,-1.598406464472209,0.019021101156864728,0.02908503013053565,13.913176686479533,-1.598406464472209
3355,56525501,r,5,-1.7511693310910115,0.09445729074541243,0.2343691994431394,11.815454325283879,-1.7511693310910115
3356,56556130,g,3,-0.6494561844064637,0.021109377465097445,0.02236045405454745,1.3774070873326156,-0.6494561844064637
3357,56556130,i,6,-0.8549515985405503,0.08040659600122135,0.12175636293026104,4.0714564934422715,-0.8549515985405503
3358,56556130,r,9,-0.8473480732950593,0.034363577848768756,0.061819152968954905,4.481594445008788,-0.8473480732950593
3359,56641552,i,5,-1.3272945700586327,0.06837131343833813,0.09888651175606844,7.838018495539876,-1.3272945700586327
3360,56641552,r,6,-1.4474241277091977,0.0465515373363945,0.08042188310619691,8.355879181827016,-1.4474241277091977
3361,56673385,i,8,-2.0398483156670064,0.008049278488446499,0.02613751027337674,20.664485305583046,-2.0398483156670064
3362,56673385,r,4,-1.884952333327725,0.11128015372057365,0.20065539607027305,16.13893461702616,-1.884952333327725
3363,56726291,g,3,-0.7101377433095095,0.011321764369482068,0.02279993074277953,1.5185909755679114,-0.7101377433095095
3364,56726291,i,10,0.5683975331549809,0.21290644496357375,0.3459966054242746,1.660055133101152,0.5683975331549809
3365,56726291,r,14,0.0014357078183297456,0.3976966985442399,0.740940218899698,1.5722508077878028,0.0014357078183297456
3366,56726291,u,2,-1.6244394078665998,0.06263040934335762,0.06263040934335784,2.477178990961187,-1.6244394078665998
3367,56726831,i,14,-0.32751650159683865,0.08292783528823339,0.1420334594229032,0.7416408352011491,-0.32751650159683865
3368,56726831,r,11,-0.5198014626081031,0.06977093282889346,0.14084686941452895,1.7899223367460892,-0.5198014626081031
3369,56750064,i,10,-0.2177886400615946,0.06595855063261487,0.14092029420658725,0.42922000827439055,-0.2177886400615946
3370,56750064,r,4,-0.4240544926599075,0.06528358085967528,0.07738535253006351,1.1525112188384479,-0.4240544926599075
3371,56762625,i,12,-1.1972861210410095,0.09675800982212057,0.24918631656272217,7.87579719837737,-1.1972861210410095
3372,56762625,r,8,-1.043810129026201,0.1972440186002239,0.4136045808550154,6.952223830823717,-1.043810129026201
3373,56776128,g,2,-0.08660924489266092,0.4522045642297378,0.45220456422973776,0.6895168397585011,-0.08660924489266092
3374,56776128,i,4,0.8948907752681148,0.1800884888336609,0.5022873141227249,4.519717013915077,0.8948907752681148
3375,56776128,r,5,0.47311585247222965,0.17873147229274006,0.19612974517490794,2.350417995904892,0.47311585247222965
3376,56783816,i,6,-2.3268299263386414,0.044151836169529,0.07078466776757075,31.16755709054648,-2.3268299263386414
3377,56783816,r,4,-2.0926429702248077,0.050204544712558974,0.08311124737985143,21.927767861286465,-2.0926429702248077
3378,56898919,i,8,-1.3308810482109874,0.10816266766495086,0.23396408400235935,9.258893594402219,-1.3308810482109874
3379,56898919,r,7,-1.4686811125986017,0.05713229033195688,0.09992174419433497,11.739662539215917,-1.4686811125986017
3380,56923273,i,5,-2.4932426639760816,0.07095806496400536,0.08562277819477337,31.477963492050662,-2.4932426639760816
3381,56923273,r,6,-2.2296222687592815,0.1882960174097097,0.32665138604046895,16.625077950646098,-2.2296222687592815
3382,5694062,g,4,-0.7984280286641526,0.04496047468911146,0.09758315438956267,1.5688166737992553,-0.7984280286641526
3383,5694062,i,2,0.6071251567284717,0.31712327336138063,0.3171232733613806,1.5936743046810187,0.6071251567284717
3384,5694062,r,7,-0.4138174981478494,0.11077490064978457,0.19208822271422088,1.066583889765313,-0.4138174981478494
3385,57000399,i,13,-0.4000006716958482,0.04970886704223443,0.08583658913111691,0.7614350022024036,-0.4000006716958482
3386,57000399,r,13,-0.82084322680206,0.1492987806488688,0.41152956922043615,2.977739091851776,-0.82084322680206
3387,57037302,i,6,-2.2889885255276954,0.05460476977498341,0.08708256509067613,32.345391039310016,-2.2889885255276954
3388,57037302,r,5,-1.9846927762586728,0.25501868170087816,0.4549587874919083,21.495040448884463,-1.9846927762586728
3389,57059771,g,2,-0.30729110723234276,0.00010547944329974968,0.00010547944329974968,0.11498480446491949,-0.30729110723234276
3390,57059771,i,5,0.016850377292614183,0.1945967684068607,0.7019676947528973,0.5657832248614929,0.016850377292614183
3391,57059771,r,6,-0.02429416310555832,0.13414616785391242,0.2098241348227407,0.1552079461919764,-0.02429416310555832
3392,57088112,g,3,-0.9329554769128472,0.03366469965879104,0.11448295588298574,1.9233851934070847,-0.9329554769128472
3393,57088112,i,11,-0.9300212367802108,0.033250518947383845,0.0656029031126314,4.610219558069205,-0.9300212367802108
3394,57088112,r,14,-1.0999278634734044,0.09070840930643109,0.15624719122096686,4.3732946160862225,-1.0999278634734044
3395,5715929,g,3,-0.9390424709737439,0.011452329592286703,0.10946915907813237,2.2450085416586245,-0.9390424709737439
3396,5715929,i,12,-0.6571356645962625,0.12840345219122062,0.28230516321012006,1.873673839536625,-0.6571356645962625
3397,5715929,r,14,-1.0566342163559361,0.05224032687437341,0.09111616311331239,5.960883831582497,-1.0566342163559361
3398,57167876,i,12,-1.8763485980110184,0.04738333893676627,0.08202660229175618,20.254540234020833,-1.8763485980110184
3399,57167876,r,13,-1.8884801144337575,0.08587648145072402,0.15160856366078246,12.488198597957405,-1.8884801144337575
3400,57197248,i,9,-0.1826715080650686,0.026315220581275056,0.04475085690481634,0.27307140209781405,-0.1826715080650686
3401,57197248,r,5,-0.520551467184234,0.24373055316383851,0.2641493362719136,1.490540309527463,-0.520551467184234
3402,57275521,i,6,0.24713986425004003,0.20788450703459732,0.31693753578743156,0.8239898647281353,0.24713986425004003
3403,57275521,r,5,-0.3285624361953896,0.20695185791072945,0.41744309530488677,0.6306796656150475,-0.3285624361953896
3404,5727877,g,6,-0.7246000515733626,0.03743749924284895,0.06256277642048924,1.731909656319029,-0.7246000515733626
3405,5727877,i,9,-0.35858459452711766,0.11346268804839788,0.18600661907785637,1.0060342419964141,-0.35858459452711766
3406,5727877,r,13,-0.596491405389534,0.1359429993029475,0.19091558218424798,1.99304792779305,-0.596491405389534
3407,57297520,g,3,-0.7359774398630117,0.01101276932593942,0.019028440121456436,1.9737362097169147,-0.7359774398630117
3408,57297520,i,6,-0.28500852351268874,0.07121976305342514,0.15905179113513324,0.40989041314934865,-0.28500852351268874
3409,57297520,r,8,-0.5007135386366521,0.03304115824192816,0.07903345687679719,1.5840172942363369,-0.5007135386366521
3410,57364424,g,2,-1.295921911093708,0.026612111087894408,0.026612111087894297,3.4983152896293626,-1.295921911093708
3411,57364424,i,12,-1.889917091427752,0.08163158982087926,0.15353033276224948,17.778940051462094,-1.889917091427752
3412,57364424,r,10,-1.7872414247987791,0.10395905588726062,0.18408985641701792,17.93475660826001,-1.7872414247987791
3413,57437340,i,7,-2.197193650234783,0.16638312257950805,0.2750032884869178,24.544925764326642,-2.197193650234783
3414,57437340,r,4,-1.8341548894376243,0.10661030198226495,0.1699714120069149,16.032340044467663,-1.8341548894376243
3415,57442133,g,5,-0.48409158873253744,0.5130067378972161,0.5791633810994656,1.044271561854723,-0.48409158873253744
3416,57442133,i,9,-0.11618790441232985,0.25935616933477046,1.4657869973448123,3.5781328755086252,-0.11618790441232985
3417,57442133,r,12,-0.7270385602700378,0.25516977452034495,1.358335590628307,2.9928402153444185,-0.7270385602700378
3418,57508845,i,11,-1.5486585478886399,0.1187869696903956,0.22092188918651479,12.75846330748796,-1.5486585478886399
3419,57508845,r,7,-1.4371712194019133,0.08129959908095064,0.1328044224430207,10.513139806869,-1.4371712194019133
3420,57526593,g,6,-0.3957026801457706,0.3327466070544802,0.5253352923899007,1.317809908940346,-0.3957026801457706
3421,57526593,i,10,-0.6390414557004573,0.1140173874595784,0.22936820855023132,2.38874041273737,-0.6390414557004573
3422,57526593,r,11,-0.5836485561837743,0.07747508393242752,0.1918214886360312,2.1287692473433744,-0.5836485561837743
3423,57602338,g,3,-0.4940423100873452,0.016022469795476724,0.1402747223633961,0.8595191662542606,-0.4940423100873452
3424,57602338,i,6,-0.9712572711024451,0.045568801641294565,0.08316892993309011,5.613232204479657,-0.9712572711024451
3425,57602338,r,7,-1.1706222884816335,0.057446543592267085,0.09438302792205588,8.654595414836917,-1.1706222884816335
3426,57613212,g,7,-0.7689680981413227,0.020797526792846188,0.20464247885942732,1.098365529907981,-0.7689680981413227
3427,57613212,i,6,-0.7925116867661219,0.06970162575011662,0.1212089596645124,3.0168612627125024,-0.7925116867661219
3428,57613212,r,9,-0.613715882790294,0.024507021607842905,0.046131016372460865,1.5031772811496658,-0.613715882790294
3429,57631947,i,8,-2.2195025569622557,0.06766029039963795,0.11504272009754457,26.244188411956387,-2.2195025569622557
3430,57631947,r,11,-2.082788510936541,0.0397384208678111,0.09635844771843693,14.186688930126564,-2.082788510936541
3431,57646239,g,2,-0.6278348379280616,0.20495721332544115,0.20495721332544115,1.0587414193192444,-0.6278348379280616
3432,57646239,i,7,-1.3348207961603713,0.06383158867564775,0.112948195205405,10.02749972234499,-1.3348207961603713
3433,57646239,r,7,-1.0794366224497998,0.1711482516138494,0.24311525174292736,7.4051563048466065,-1.0794366224497998
3434,57652228,g,2,-0.5559337577469496,0.0338184342363026,0.0338184342363026,0.39894079694604534,-0.5559337577469496
3435,57652228,i,4,0.26347912062563905,0.13106311088296185,0.2843671993037298,1.006647438531511,0.26347912062563905
3436,57652228,r,11,-0.3382639996313811,0.43480843913652023,0.8485456142301548,1.403115996124938,-0.3382639996313811
3437,57757076,i,9,-0.7540435320779522,0.11253095824741499,0.1942425048681683,2.897011236716014,-0.7540435320779522
3438,57757076,r,8,-1.114708063437018,0.05344914371260834,0.13519336913935587,3.249922271851438,-1.114708063437018
3439,57876001,i,7,-1.5927249143057702,0.07418035724099759,0.12358370016634579,12.543689590794616,-1.5927249143057702
3440,57876001,r,5,-1.4842954886047282,0.20996635662690388,0.2584716263930875,7.899653330465332,-1.4842954886047282
3441,5788359,g,3,-0.9077479133001276,0.00019001324440015566,0.09116426368104313,1.2344082992664012,-0.9077479133001276
3442,5788359,i,9,-0.24543257256824713,0.23407970612582818,0.43545118779211034,0.6079809635354125,-0.24543257256824713
3443,5788359,r,11,-0.7356393452707608,0.06823727611457331,0.13202280842822822,2.9553769371184986,-0.7356393452707608
3444,5788359,u,2,-1.661418169988198,0.08039954620448597,0.08039954620448597,1.585179144810716,-1.661418169988198
3445,57917548,g,3,-0.7675910501805241,0.008039823738453578,0.05463575712145763,1.3096622178889727,-0.7675910501805241
3446,57917548,i,5,-0.39640274737087755,0.08363921001213781,0.11717955687016723,0.9321483820639276,-0.39640274737087755
3447,57917548,r,3,-0.7385408189433368,0.008914074114247494,0.012526336531657578,2.218296954136898,-0.7385408189433368
3448,57983140,g,4,-0.7945148294917272,0.014897800148050921,0.03329798279456753,2.5016776312311086,-0.7945148294917272
3449,57983140,i,11,-0.5069592227210389,0.13320176513294696,0.2530508378184316,1.6519317818227492,-0.5069592227210389
3450,57983140,r,9,-0.6891661641456034,0.08949261404976083,0.1642470261030391,2.986640776425931,-0.6891661641456034
3451,57987863,i,9,-1.4180000971109026,0.07175296949471366,0.28087649312642093,9.903494694786694,-1.4180000971109026
3452,57987863,r,4,-1.6032755430598984,0.02643291426149008,0.12045448974264517,14.979332525766331,-1.6032755430598984
3453,58039286,g,4,-1.0631285259218135,0.2063326563866713,0.4427440779768801,2.567540002478186,-1.0631285259218135
3454,58039286,i,8,-1.673579589558146,0.11420669464625777,0.22903126025809173,16.45250713254475,-1.673579589558146
3455,58039286,r,8,-1.7420149251488857,0.05798651189399817,0.31002210672030905,14.187876048194628,-1.7420149251488857
3456,58042475,g,4,-1.2009580816573044,0.032957001397330155,0.07169363261431005,2.2778353746099946,-1.2009580816573044
3457,58042475,i,2,-1.097682165530603,0.19993477336496085,0.1999347733649609,6.985552977974215,-1.097682165530603
3458,58042475,r,5,-1.399008089061705,0.06858249850817133,0.12040588586895073,6.870214532337926,-1.399008089061705
3459,58044255,g,3,-0.8322171376262324,0.037357588524353114,0.06444693045797645,1.5746376242241968,-0.8322171376262324
3460,58044255,r,7,-0.032909768033733966,0.2941317000532315,0.5545916163090626,0.5420421062961784,-0.032909768033733966
3461,58155746,g,2,-0.7431950141824608,0.0662333437366886,0.06623334373668854,1.5836998772122235,-0.7431950141824608
3462,58155746,i,6,-0.6584865220429972,0.05401153288619187,0.2561824793711108,2.0428488044277504,-0.6584865220429972
3463,58155746,r,3,-0.8484400569832828,7.612336050599744e-05,0.01613987705500064,5.266186374171294,-0.8484400569832828
3464,58196571,g,5,-0.699242352258604,0.14806077902873271,0.2887972213550797,1.131702739967483,-0.699242352258604
3465,58196571,i,4,0.22667095446081237,0.19014715027921505,0.2461664117583794,0.6909764173938316,0.22667095446081237
3466,58196571,r,4,-0.14075863408968767,0.3505053417365285,0.61459109624667,0.7850410882500181,-0.14075863408968767
3467,58196571,u,2,-1.3092954414136369,0.1953020988943055,0.1953020988943055,1.6152231711635539,-1.3092954414136369
3468,58245702,g,2,-1.015486417140745,0.13237310223799503,0.13237310223799492,1.8188602488955359,-1.015486417140745
3469,58245702,i,5,-1.0133398178333877,0.1363982406591837,0.22121981682886738,4.081524212504329,-1.0133398178333877
3470,58245702,r,4,-1.3766926516722195,0.05207005251556984,0.07810492447193518,6.184723814119244,-1.3766926516722195
3471,58256005,i,7,-1.811894524633248,0.08162552460790384,0.13403078993045314,18.158178129622634,-1.811894524633248
3472,58256005,r,6,-1.732521853263031,0.05531168774843409,0.09372526109558921,14.682524498066615,-1.732521853263031
3473,58314683,i,8,-1.7995676738502324,0.10464703939657549,0.15557631983696107,17.82170092762656,-1.7995676738502324
3474,58314683,r,7,-1.7485601064799994,0.06377049009430613,0.09568275041979435,11.767502099753775,-1.7485601064799994
3475,58345635,g,5,-0.7992189075969454,0.04046470079424136,0.09895507328219755,1.7542712976572794,-0.7992189075969454
3476,58345635,i,4,-1.1742015755321284,0.05684302676132502,0.08801012796828656,7.8689934008834435,-1.1742015755321284
3477,58345635,r,8,-1.1525296384183086,0.04930057878563143,0.08904468803039589,8.661104503588602,-1.1525296384183086
3478,58359958,g,2,-1.385986045637957,0.0912408625536163,0.09124086255361608,5.1092798980542895,-1.385986045637957
3479,58359958,i,6,-1.6905558513484988,0.06915940788766373,0.14814072435208048,12.852531218891764,-1.6905558513484988
3480,58359958,r,4,-1.5178754843831594,0.014935596485245783,0.0329409000447729,12.153293882207448,-1.5178754843831594
3481,58379916,g,5,-0.9033672848279632,0.21694003138517925,0.35291990706875387,1.114151685533587,-0.9033672848279632
3482,58379916,i,2,-0.1343401360310527,0.4054686502843293,0.40546865028432927,0.6246317856767512,-0.1343401360310527
3483,58379916,r,4,-0.19988667561471773,0.08059207481022584,0.14026918017482728,0.2907695060911504,-0.19988667561471773
3484,5838314,i,6,-0.7200102210231181,0.0514073946068867,0.11902612602498142,2.4687878793672264,-0.7200102210231181
3485,5838314,r,5,-0.8010176767993975,0.04635531375512969,0.050735134742266874,2.5968299878257435,-0.8010176767993975
3486,58435298,g,4,-0.4611490131804842,0.10206419749645534,0.18137494884266953,0.42978075807190874,-0.4611490131804842
3487,58435298,i,9,-0.07508254689900229,0.17462531949732657,0.6107038528320439,0.7909968241819665,-0.07508254689900229
3488,58435298,r,11,-0.31882648164593674,0.22018227916728617,0.48614390042654737,1.2136638230236052,-0.31882648164593674
3489,58437040,g,4,-0.15202303726885058,0.0639753379086151,0.26203494615957645,0.30309664710094875,-0.15202303726885058
3490,58437040,i,3,-0.8572912787490068,0.08809387131505009,0.10345165299778913,3.9967164464747214,-0.8572912787490068
3491,58437040,r,4,-0.9125390560943301,0.04206723883850927,0.07982626520383762,4.036366195552812,-0.9125390560943301
3492,58448914,g,4,-0.5285487240871566,0.04616540544069392,0.0932662864308666,1.5101177997925854,-0.5285487240871566
3493,58448914,i,13,-0.7546453845193359,0.08918478987304823,0.2867308459333091,2.598589633225084,-0.7546453845193359
3494,58448914,r,11,-0.41555088180544253,0.03362673699038177,0.05907382777383552,1.0849938794439014,-0.41555088180544253
3495,58448914,u,2,0.6751716653338722,0.20905826356868573,0.20905826356868573,0.41379953266531766,0.6751716653338722
3496,58480348,g,4,-0.34765594166701697,0.07843686063661592,0.16471594541841894,0.23649544104800285,-0.34765594166701697
3497,58480348,i,8,0.3079218339383032,0.16932399474244253,0.35315096896917125,1.1583479557636818,0.3079218339383032
3498,58480348,r,12,-0.022579033330877768,0.35466228461813104,0.666015232548222,0.9699633194454288,-0.022579033330877768
3499,58489631,i,6,-2.2529349169304265,0.11893321986984717,0.19738923747799975,30.29502738287178,-2.2529349169304265
3500,58489631,r,4,-2.0219778860669795,0.028432126798880963,0.055497931036651016,23.07468006066734,-2.0219778860669795
3501,58494582,i,5,-0.3579800116287528,0.20735801281749922,0.20892905609839674,0.6162758166821533,-0.3579800116287528
3502,58494582,r,6,-0.8989068226728884,0.026776427903004496,0.04200285248779945,2.438438769595457,-0.8989068226728884
3503,5855506,g,4,-0.6335204822495655,0.05554973693229459,0.13408456641040412,0.549035567409131,-0.6335204822495655
3504,5855506,i,16,-0.6365716986727984,0.12878246734241483,0.261646531200177,3.1710672750016835,-0.6365716986727984
3505,5855506,r,8,-1.0405967442227595,0.11493174678836549,0.19470869740995256,4.721113382008519,-1.0405967442227595
3506,58580997,g,6,-0.9716577112233341,0.0883135092296754,0.15631658251116343,2.506545702800531,-0.9716577112233341
3507,58580997,i,2,-0.23787056946856697,0.23784583889610048,0.2378458388961005,0.5404565917821669,-0.23787056946856697
3508,58580997,r,4,-0.3283265977663273,0.02111310250213891,0.0695394163994425,0.4856773586498192,-0.3283265977663273
3509,58600824,i,5,-1.3901606440530487,0.04920034081774438,0.04976437492351948,11.918178344071078,-1.3901606440530487
3510,58600824,r,10,-1.4745937566323284,0.07527631115789701,0.1515118977018668,8.643643702960802,-1.4745937566323284
3511,58652570,i,8,-1.8814327109628324,0.10478663193536752,0.18054699847989308,24.080852662986658,-1.8814327109628324
3512,58652570,r,7,-2.1829880877633463,0.07113428290346535,0.11002311545217314,21.859635291820844,-2.1829880877633463
3513,58653495,i,5,0.915465534852047,0.6048022169883841,1.7152171263279117,5.5579940496560925,0.915465534852047
3514,58653495,r,7,-0.5020197163656608,0.21575097142440836,1.00450746393916,4.03985752338406,-0.5020197163656608
3515,58691652,i,11,-0.08014301954924752,0.13017293358488835,0.37359552987892053,0.47120088852881437,-0.08014301954924752
3516,58691652,r,4,-0.12908562311783195,0.09092687946568956,0.15007757541605507,0.20054554409643663,-0.12908562311783195
3517,58763150,i,6,-0.8060918345629681,0.10196609381252197,0.1802937502208104,3.654393144180419,-0.8060918345629681
3518,58763150,r,5,-0.8294046347148882,0.14455059048626184,0.5035580528257886,3.2533637058416813,-0.8294046347148882
3519,5888023,g,2,-0.9921386263248321,0.03102068053963347,0.031020680539633583,2.3824583388916207,-0.9921386263248321
3520,5888023,i,11,-1.138849298260809,0.131352291676879,0.23730784651765058,8.102488911000059,-1.138849298260809
3521,5888023,r,11,-1.292701849250099,0.0902290877243952,0.26301422894970905,8.824142487966377,-1.292701849250099
3522,58981499,i,6,-0.9904471277109288,0.06414444144169562,0.11313701389192798,5.849838352104211,-0.9904471277109288
3523,58981499,r,5,-1.1807671678677862,0.12860810256321953,0.24455811473052425,7.8768903866871485,-1.1807671678677862
3524,59010457,i,10,-2.622599284956827,0.12333248261576713,0.23551460134332158,35.569637240176306,-2.622599284956827
3525,59010457,r,4,-2.5334451696918237,0.0846495139033665,0.15086493333382256,34.03809160029855,-2.5334451696918237
3526,59026694,i,9,-1.082393631940014,0.05433749109177599,0.08020545220814435,6.1032583211858,-1.082393631940014
3527,59026694,r,6,-1.0252008937605686,0.16352703035353167,0.3196211149152016,5.2425906152158035,-1.0252008937605686
3528,59064800,i,7,-1.9260816494272928,0.06947607900488717,0.15967941493771187,17.783763829185354,-1.9260816494272928
3529,59064800,r,5,-1.7987444267999788,0.08620016137174269,0.12742907671250525,12.582047592879297,-1.7987444267999788
3530,59083270,i,8,-1.4695555674052612,0.1040549054806107,0.17244582831324418,12.007133713738309,-1.4695555674052612
3531,59083270,r,6,-1.4068694719301011,0.153561041505478,0.24214736777171075,8.812928649007477,-1.4068694719301011
3532,59113827,g,5,0.0941457654406972,0.13720019960266883,0.24900412092067858,0.08799012859569502,0.0941457654406972
3533,59113827,i,10,-0.21618187967301822,0.13121044335653215,0.21652585983073064,0.513639317218486,-0.21618187967301822
3534,59113827,r,15,-0.4072851591232268,0.06857505093890792,0.15978980130245518,0.9392997035406493,-0.4072851591232268
3535,59145099,g,4,-0.710322808875316,0.020031171485212163,0.05157475282484836,0.8918323456137816,-0.710322808875316
3536,59145099,i,5,-0.2834262679220774,0.07587984686528176,0.2832431197544576,0.33220145836364245,-0.2834262679220774
3537,59145099,r,3,-0.5404071656166429,0.18335853663548085,0.34011370538691854,1.2480678642652527,-0.5404071656166429
3538,59170254,g,5,-0.5251009070052686,0.04795346964212466,0.060392129301916286,0.43420589222576406,-0.5251009070052686
3539,59170254,i,4,0.004948847038874021,0.23758752747544798,0.43275153306161923,1.1915757601289039,0.004948847038874021
3540,59170254,r,6,-0.18333746494655573,0.12168604797637617,0.19465221055939333,0.5696404125969239,-0.18333746494655573
3541,5917654,g,4,-1.1717349179580037,0.22136828062498337,0.4491162000172746,3.365718242112309,-1.1717349179580037
3542,5917654,i,4,-1.9232684711328982,0.03404226212273742,0.10993429222812523,21.552353975178086,-1.9232684711328982
3543,5917654,r,7,-1.6136762930928252,0.12383421261088934,0.3606997055669139,14.712112905307619,-1.6136762930928252
3544,59215975,i,7,-0.27023431630036376,0.06254243726919018,0.094733742926119,0.43634593691975715,-0.27023431630036376
3545,59215975,r,6,-0.2538848145254093,0.02505843067365962,0.04195048378127464,0.43776982256033725,-0.2538848145254093
3546,5921912,i,7,-1.4286139148891914,0.02792370330760141,0.13908443484788835,12.560633114803933,-1.4286139148891914
3547,5921912,r,4,-1.430550198693508,0.04545196935403717,0.06168786018564343,10.685114396844696,-1.430550198693508
3548,59239475,i,6,-2.4671828741728214,0.036120106876963654,0.07055483485161629,36.21284920105445,-2.4671828741728214
3549,59239475,r,5,-2.2104533871267327,0.03423760182383173,0.04703439767014883,27.575885509907682,-2.2104533871267327
3550,59294083,i,8,-1.079846847369175,0.021170467079453803,0.061077616313624405,7.740102516659933,-1.079846847369175
3551,59294083,r,7,-1.3822261016579964,0.05684202427233598,0.11218132815744752,7.804754399144736,-1.3822261016579964
3552,5932698,i,10,-0.8002182214223229,0.12458229286871808,0.23479073877012646,3.336275819845427,-0.8002182214223229
3553,5932698,r,10,-1.0362375425896784,0.21528221001305586,0.460278918523507,6.872458219625474,-1.0362375425896784
3554,59406696,g,4,-0.48818528571181236,0.08467530304223486,0.11644498225058797,1.077055292984632,-0.48818528571181236
3555,59406696,i,8,-0.28927479624215247,0.15364890481587123,0.29354669441694936,0.5696762700303559,-0.28927479624215247
3556,59406696,r,9,-0.1841625642708654,0.029336243415068824,0.09578843599537529,0.6076332206624012,-0.1841625642708654
3557,59410998,g,5,-0.6654278428269529,0.15062846905113947,0.32859078112802975,0.40083064389356904,-0.6654278428269529
3558,59410998,i,5,0.5051808737705068,0.30528722159518584,0.6898178340939861,1.7494074619005868,0.5051808737705068
3559,59410998,r,9,-0.35077786488547935,0.3459773667377044,0.5520966338765774,0.7712669377783389,-0.35077786488547935
3560,59420679,i,5,-1.473684544210156,0.06710182635353723,0.07931904312180071,9.96472315445002,-1.473684544210156
3561,59420679,r,6,-1.4813233948642233,0.1877962765643274,0.39338044041376485,7.348208284424641,-1.4813233948642233
3562,59496614,g,2,-0.7432024126708847,0.05220158809721531,0.05220158809721531,1.735552265888582,-0.7432024126708847
3563,59496614,i,4,-1.0735140063930333,0.02752680430197152,0.04572533275747692,4.74840325149008,-1.0735140063930333
3564,59496614,r,5,-1.124015621809384,0.05839352572316603,0.12363587722482894,8.164189287041756,-1.124015621809384
3565,59502476,g,4,-0.5859568866680855,0.010499168035648099,0.015446503943519319,1.9773585943015992,-0.5859568866680855
3566,59502476,i,7,-0.6998555343972713,0.06516201986626469,0.12064535515217667,2.6253734341835675,-0.6998555343972713
3567,59502476,r,9,-0.5969891829086409,0.023811660583381467,0.03321879348325274,2.2018226696668246,-0.5969891829086409
3568,59502476,u,5,0.694677348618477,0.0447613159787692,0.0448449348495481,0.6748532499296913,0.694677348618477
3569,59511572,g,2,-0.5462228234861872,0.14557997458526883,0.14557997458526883,0.9867321560901269,-0.5462228234861872
3570,59511572,i,9,-1.1940947555862924,0.07659571379359931,0.4179094520044967,5.999576693473543,-1.1940947555862924
3571,59511572,r,10,-0.7326465223218986,0.18007141045311753,0.3228745372385744,2.852160248682195,-0.7326465223218986
3572,59528374,i,10,-1.908612958091885,0.09357618588448224,0.2742886630943606,18.552207695188706,-1.908612958091885
3573,59528374,r,5,-1.7837139349339155,0.12148460898609925,0.1938412880175524,17.65724310867137,-1.7837139349339155
3574,59549828,g,4,-0.5897390407160502,0.024496006690643335,0.1104795578050714,0.6111625669810679,-0.5897390407160502
3575,59549828,i,10,-0.15224019262260044,0.06283609869473165,0.12470601239673448,0.13780342521849767,-0.15224019262260044
3576,59549828,r,6,-0.36599761319350266,0.053049691942401,0.09831615209620675,0.769042435479756,-0.36599761319350266
3577,59555084,g,2,-1.3250316805661075,0.06889990542092572,0.06889990542092561,3.124101952670803,-1.3250316805661075
3578,59555084,i,9,-0.5302863511578433,0.18853246809818702,0.46185049190856453,1.6059724959369712,-0.5302863511578433
3579,59555084,r,10,-0.8727851601276966,0.1352153019322747,0.37766472497377035,3.060429875994235,-0.8727851601276966
3580,59555464,i,14,-1.7589605526428533,0.16480773134241922,0.323379668515283,18.1396244234526,-1.7589605526428533
3581,59555464,r,13,-1.6750642253227621,0.11130677948522871,0.18802202383538846,13.26602942753885,-1.6750642253227621
3582,59585211,i,8,-0.5820850300025096,0.17478938499734542,0.3745213346474369,2.19376545756498,-0.5820850300025096
3583,59585211,r,6,-0.8412112697347176,0.05167310416129256,0.1518135098522061,3.502600931993183,-0.8412112697347176
3584,5969026,g,3,-0.07036035839592492,0.07557289456958638,0.24193759294692108,0.14383936904575503,-0.07036035839592492
3585,5969026,i,8,-0.7015512843393282,0.13132554998569884,0.3452985791611454,1.9823995934912735,-0.7015512843393282
3586,5969026,r,8,-0.8466455702653988,0.1098330423464865,0.17665164732150485,3.7113845256593536,-0.8466455702653988
3587,59725148,g,4,-1.1269988575809213,0.04401906735890315,0.07420102838863007,2.9643409742553897,-1.1269988575809213
3588,59725148,i,7,-0.9725026841372474,0.08224123040427578,0.1318869794346379,5.302100449256105,-0.9725026841372474
3589,59725148,r,6,-0.8293908758428054,0.07311372116443016,0.21661873009816102,4.383246533091744,-0.8293908758428054
3590,59907710,g,2,-0.955733290617673,0.0007241974308154209,0.0007241974308154209,2.911189460498932,-0.955733290617673
3591,59907710,i,5,-0.8499369887216085,0.00823556378039958,0.01474955720509119,4.2595857425085235,-0.8499369887216085
3592,59907710,r,5,-0.9444616273009108,0.09184655216000026,0.11709378939322734,5.144817435576061,-0.9444616273009108
3593,60025859,g,2,-0.8578557847795946,0.03365104364712945,0.033651043647129564,1.197719589482058,-0.8578557847795946
3594,60025859,i,8,-1.241091049691799,0.03585652823715968,0.0668109106358925,8.853502587036509,-1.241091049691799
3595,60025859,r,10,-1.2845006429372587,0.06167700902471451,0.10654163287775975,10.438397215402015,-1.2845006429372587
3596,60074175,i,7,-3.1593581823993935,0.051778889494530134,0.09146615061421359,53.02748181625551,-3.1593581823993935
3597,60074175,r,4,-3.179427022947335,0.05829694097195848,0.13236715998716475,37.2221386697087,-3.179427022947335
3598,60078719,i,11,-1.536845297669661,0.06931213398649105,0.10398012271888568,11.944308160432763,-1.536845297669661
3599,60078719,r,6,-1.481669221099155,0.01854200682529883,0.03494250397407339,8.988738878176209,-1.481669221099155
3600,60105659,i,7,-0.6793890803080154,0.04600186112551208,0.10281731828272833,1.9757872462034567,-0.6793890803080154
3601,60105659,r,10,-1.0079223431924509,0.09250240067303833,0.2645270664513355,6.666661265008943,-1.0079223431924509
3602,60129077,i,7,-0.4104088042574109,0.08659244769871155,0.18080795869418687,1.4771985686221993,-0.4104088042574109
3603,60129077,r,6,-0.7732609586773921,0.09862930510288015,0.3038550218818502,2.897996633393447,-0.7732609586773921
3604,60131399,g,3,-0.7748806906727219,0.06496070950237365,0.0797302554653645,2.3894662020603503,-0.7748806906727219
3605,60131399,i,10,-0.47737028476291754,0.06144394622632743,0.11212148016429191,1.0789625544295391,-0.47737028476291754
3606,60131399,r,9,-0.5969594832298875,0.14822686460645884,0.22392290452597097,1.7362363235791418,-0.5969594832298875
3607,60223580,i,7,-0.30926020920761194,0.1478896480641229,0.29617748093065643,0.9461959756896261,-0.30926020920761194
3608,60223580,r,6,-0.17439274577794311,0.03174710393608103,0.055859654981689155,0.2412441033638647,-0.17439274577794311
3609,60231093,i,11,-0.7406931230614199,0.11009004844698644,0.1684046332673692,2.9528201423410607,-0.7406931230614199
3610,60231093,r,10,-0.9099536089149085,0.02568816770434612,0.04736630564291511,4.326432046266521,-0.9099536089149085
3611,60265891,g,2,-0.7262120875234059,0.27211493302406775,0.27211493302406775,1.2792674808459985,-0.7262120875234059
3612,60265891,i,7,-0.2995658385389558,0.05314797154562756,0.11805539853180153,0.7141668447484102,-0.2995658385389558
3613,60265891,r,4,-0.5630012705645735,0.19711396456699037,0.2628366594299565,2.4395330983964394,-0.5630012705645735
3614,60349805,g,2,-0.889804211614077,0.007413114266697773,0.007413114266697773,1.3018346295261813,-0.889804211614077
3615,60349805,i,2,0.6016014745449798,0.07106629342904475,0.0710662934290448,2.535419737706045,0.6016014745449798
3616,60349805,r,7,-1.343450673103276,0.3376650643666981,0.9691057686281783,4.263188563730942,-1.343450673103276
3617,60396138,g,4,-0.9210737871200325,0.0724595864367763,0.13865762892580846,1.3944207106673223,-0.9210737871200325
3618,60396138,i,4,-0.2472917566637671,0.1569401433089383,0.29449611336269776,0.48680686031345344,-0.2472917566637671
3619,60396138,r,4,-0.7703705274588922,0.008222059335185883,0.03910273955416654,3.195255378740679,-0.7703705274588922
3620,6041068,g,3,-0.1475102411800382,0.0275060043894495,0.037432093910909514,0.08389463020821604,-0.1475102411800382
3621,6041068,i,3,0.7125791628181766,0.21961502986282644,0.30641870745192523,3.391741527027371,0.7125791628181766
3622,6041068,r,6,0.14451362524725114,0.18545054058760774,0.3275487669188435,0.6037090159632954,0.14451362524725114
3623,60453696,g,5,-0.9133237567847983,0.028032184214356715,0.3353489728554999,1.6725055987417765,-0.9133237567847983
3624,60453696,r,3,-0.5929643861278129,0.05502728380641719,0.18047776212313127,1.1792535520446616,-0.5929643861278129
3625,60453696,u,4,-1.7888174823894076,0.03778657981073663,0.09992290811840965,2.787372538190425,-1.7888174823894076
3626,60478188,g,5,-0.41160610934874897,0.05703281831876439,0.09898199608278979,1.4444457351650954,-0.41160610934874897
3627,60478188,i,6,0.019417565376590437,0.011553067803554334,0.09348397695032906,0.05196269903572029,0.019417565376590437
3628,60478188,r,14,-0.12465699955448514,0.06037832996008789,0.09973693119439929,0.1618972163422368,-0.12465699955448514
3629,60478188,u,7,0.8241556507592565,0.24791446387012916,0.36439384669116737,0.9164119308630055,0.8241556507592565
3630,60481830,g,3,-1.1178409033625099,0.09431160255277238,0.3446446238838058,1.3190675414781592,-1.1178409033625099
3631,60481830,i,3,-0.06058863249142077,0.31241161217959257,0.5466595165880377,1.1089727930959181,-0.06058863249142077
3632,60481830,r,8,-0.4901672582885092,0.5744646091895523,1.1711350457360672,2.1685076512639676,-0.4901672582885092
3633,60571212,g,5,-0.3379111644583266,0.08540588782572689,0.14102579154195105,0.5998167962744858,-0.3379111644583266
3634,60571212,i,13,-0.12412061423162438,0.04351435242561019,0.11203244518797643,0.26870592022717754,-0.12412061423162438
3635,60571212,r,12,-0.16095324791656013,0.03919660259732606,0.08706828030380491,0.3162685301239529,-0.16095324791656013
3636,60576382,g,3,-1.44384736381179,0.07969248928226946,0.085702008016179,4.263630970723841,-1.44384736381179
3637,60576382,i,5,-0.5414167246937565,0.13854272519711786,0.23146086314124403,1.4547357375974932,-0.5414167246937565
3638,60576382,r,8,-0.7944155899579021,0.10518706511940079,0.27270447124222286,2.594524362655482,-0.7944155899579021
3639,60602740,i,6,-1.1848679620825435,0.1181547500289829,0.3957708689867969,7.791780951598714,-1.1848679620825435
3640,60602740,r,9,-1.3188353234942336,0.11674368833782589,0.35605563974195853,7.588284060445588,-1.3188353234942336
3641,60661008,g,5,-0.35332097785574046,0.7852056549495816,1.392497887147303,1.4445136772995462,-0.35332097785574046
3642,60661008,i,2,-0.24856663749825747,0.0840907225179911,0.0840907225179911,0.28632190231185917,-0.24856663749825747
3643,60661008,r,6,-0.6095688430676394,0.13091323900211316,0.2087319212123716,1.7897558784025644,-0.6095688430676394
3644,60725016,i,6,-1.7244210579461345,0.04914232292804921,0.28858086628479995,14.19514306153667,-1.7244210579461345
3645,60725016,r,7,-1.4952441537678534,0.22942441488504994,0.44244335838495386,9.544101347140725,-1.4952441537678534
3646,60935945,g,3,-1.3436328669255997,0.014642929587697973,0.023880748398903417,3.419867989965025,-1.3436328669255997
3647,60935945,i,9,-0.2836183906860247,0.2888708542877549,0.5834313505352136,1.094962872364808,-0.2836183906860247
3648,60935945,r,9,-0.6319091364277318,0.1720500187536267,0.19880028414080864,1.9045902131171648,-0.6319091364277318
3649,60996032,i,8,-1.5558282687928648,0.034203644556838775,0.06866551422561273,13.32268715493716,-1.5558282687928648
3650,60996032,r,5,-1.608213886040149,0.13688191517489923,0.30031721419593205,17.08425967720544,-1.608213886040149
3651,61041245,i,7,-1.9069193265929818,0.07729536099593748,0.14700054566556608,18.885801133606215,-1.9069193265929818
3652,61041245,r,6,-1.8007502735620988,0.0794945875609846,0.13265951132337706,18.485152351769774,-1.8007502735620988
3653,61060970,i,8,-0.7686037493187523,0.03726827423400009,0.08979805739437519,4.133782678395545,-0.7686037493187523
3654,61060970,r,7,-1.1204021254546317,0.049342229276654326,0.30859033377630185,7.841832270000302,-1.1204021254546317
3655,61095846,i,7,-0.5185568079830397,0.14756724183094116,0.21339752553014912,1.57419467537731,-0.5185568079830397
3656,61095846,r,6,-0.5974902808668652,0.03845283742889116,0.07315033468261511,1.2495291340780053,-0.5974902808668652
3657,61110753,i,7,-0.18375508484577951,0.20672762628814245,0.34839429971800573,0.2964851797667901,-0.18375508484577951
3658,61110753,r,5,-0.49958200381930884,0.13102122324421295,0.22517047382116817,1.1436175069881052,-0.49958200381930884
3659,61114850,g,2,-0.2950416835241273,0.28519830620246733,0.28519830620246733,0.3859014805700272,-0.2950416835241273
3660,61114850,i,8,-0.5852852485817777,0.05348402728474644,0.07868645562672227,1.907488593508935,-0.5852852485817777
3661,61114850,r,6,-0.703215930457059,0.14018621897225086,0.2741359109441168,2.045551219726544,-0.703215930457059
3662,61163366,i,6,-1.386349744810599,0.0889012165311267,0.16881057672372135,9.48734107714187,-1.386349744810599
3663,61163366,r,7,-1.46227245612069,0.09527424226666148,0.14134323393764592,12.477818880008131,-1.46227245612069
3664,61175036,i,9,-0.6693960076835102,0.05594098340137599,0.1251565483720808,2.9824717657151223,-0.6693960076835102
3665,61175036,r,10,-0.900173755016143,0.11248631261346986,0.231106529034676,5.561189555147606,-0.900173755016143
3666,61224508,i,5,-1.4942247342632156,0.09757651734696315,0.24127647024158194,10.994528478842735,-1.4942247342632156
3667,61224508,r,7,-1.5155826775043375,0.08641676193773051,0.14303901181667178,13.594721366660353,-1.5155826775043375
3668,61320006,i,8,-1.6286089430438018,0.09109913380825707,0.18703180350742254,13.727150127125984,-1.6286089430438018
3669,61320006,r,6,-1.6226438037732829,0.13037408607935963,0.238844621557462,17.091103629159132,-1.6226438037732829
3670,61434886,g,2,0.11437949316410312,0.2112869500721486,0.2112869500721486,0.14679175767926078,0.11437949316410312
3671,61434886,i,5,0.9949325426810128,0.5579513353209692,0.7424484917672861,4.557708494511918,0.9949325426810128
3672,61434886,r,8,-0.4041041813016042,0.17809524258173326,0.9469169180400823,1.9509875785982338,-0.4041041813016042
3673,61460067,g,5,-0.7150235821080848,0.06552472596342818,0.1294019047860674,1.9884756056151922,-0.7150235821080848
3674,61460067,i,2,-0.4602273618286786,0.19047409558906947,0.19047409558906941,0.8582360265060468,-0.4602273618286786
3675,61460067,r,4,-0.8148552044629768,0.04445697541211674,0.10244618210004397,2.5510588985955396,-0.8148552044629768
3676,61503328,g,4,-0.8568950878807164,0.1893462263380722,0.3750705688252278,1.6661110506135495,-0.8568950878807164
3677,61503328,i,8,0.0653388843428738,0.0451980457519347,0.3927510279207984,0.5311404796752757,0.0653388843428738
3678,61503328,r,10,-0.3730390170056257,0.22986749557828978,0.38534887137229146,1.4861478737537155,-0.3730390170056257
3679,61503328,u,5,-0.828521767518672,0.11703368806099279,0.7511109131484912,1.3548049916584093,-0.828521767518672
3680,61561328,i,6,-1.1809480170898352,0.03020730200858357,0.05610743092955239,6.539171714424729,-1.1809480170898352
3681,61561328,r,4,-1.293473072438897,0.035576347380037565,0.051563580343835014,7.671348450518595,-1.293473072438897
3682,61582901,g,3,-0.9017137626549481,0.12926895287218398,0.7378103973818244,2.2753778479655673,-0.9017137626549481
3683,61582901,i,10,0.15342974542424193,0.23896974754960798,0.6958542181731415,2.569316118615685,0.15342974542424193
3684,61582901,r,8,-0.19142361343418224,0.24095948925214938,0.5412873504015856,1.3947444087207868,-0.19142361343418224
3685,61582901,u,2,-0.5605407357644827,0.09058281393101097,0.09058281393101097,0.3092023748064235,-0.5605407357644827
3686,6170584,i,7,-1.0980976690435265,0.09036813186554649,0.23346643841621884,6.3878916864560935,-1.0980976690435265
3687,6170584,r,8,-1.2517696882007296,0.07251079933713478,0.13942575951903247,8.62417781477355,-1.2517696882007296
3688,61794948,g,3,-0.45996143446802895,0.049558907728358914,0.07389287547648182,0.569404159880996,-0.45996143446802895
3689,61794948,i,5,0.17393874437570156,0.46127730586257754,0.7382695807602869,1.3718944747484452,0.17393874437570156
3690,61794948,r,7,-0.3284110877887443,0.21429039689682572,0.8055882076220948,1.0473801978797794,-0.3284110877887443
3691,6179846,g,3,-0.7103147075379188,0.06340470200088388,0.13284414208714113,1.0113502244877017,-0.7103147075379188
3692,6179846,i,14,-0.42106329222505917,0.06289595717449001,0.1418952841328872,1.1091511070685265,-0.42106329222505917
3693,6179846,r,9,-0.6402298900774934,0.03708785599632458,0.11589020380465276,2.0963621910413726,-0.6402298900774934
3694,61817287,g,4,-0.3570291580016123,0.2655269513428715,0.4257489676312465,0.60734857233309,-0.3570291580016123
3695,61817287,i,4,0.2805981928540225,0.16281007487334764,0.3644544063961348,0.8702893075195225,0.2805981928540225
3696,61817287,r,8,-0.07899345279794581,0.06673816099115237,0.16048190789941744,0.1664211750521742,-0.07899345279794581
3697,61840179,g,3,-1.006390556408268,0.1722743458487208,0.18710783939608677,2.9850960155610498,-1.006390556408268
3698,61840179,i,6,-1.0630989162321869,0.013360665941581473,0.02134118400195084,4.493003392751009,-1.0630989162321869
3699,61840179,r,6,-1.1320045434775694,0.11087359749995507,0.17640740636224894,4.6846048719870135,-1.1320045434775694
3700,61876481,i,7,-2.617854285792302,0.09486675747379403,0.1384144291568412,42.091710952221156,-2.617854285792302
3701,61876481,r,3,-2.146378068732643,0.0630168589306388,0.10064087999684501,12.176068970603344,-2.146378068732643
3702,62010213,i,10,0.010175375382260932,0.2991973599335876,1.4182618103583098,4.029173144073274,0.010175375382260932
3703,62010213,r,13,-0.5430743661058137,0.17103125423270704,1.9588969782431915,6.046530081976011,-0.5430743661058137
3704,6206457,i,8,-1.7904341842895437,0.07624280900446456,0.1272042311395547,18.180786264553454,-1.7904341842895437
3705,6206457,r,6,-1.2091939117397246,0.08323315926854535,0.13836674167221252,8.841623077065577,-1.2091939117397246
3706,6208379,i,7,0.19954864690329888,0.5342230352144759,0.7765692322552751,1.7571767712754176,0.19954864690329888
3707,6208379,r,8,-0.4667408239943067,0.7152373101815179,1.2554082618980429,1.8936395695650379,-0.4667408239943067
3708,62086000,g,3,-0.49327505929065363,0.1986268738582384,0.29982375752913115,0.5363080397227808,-0.49327505929065363
3709,62086000,i,5,-0.8479066272756354,0.069176051410482,0.34998245486822444,6.123851144819085,-0.8479066272756354
3710,62086000,r,6,-1.2004549982820956,0.07571237519126539,0.33853233966193064,8.1677471510518,-1.2004549982820956
3711,62135286,g,3,-0.5069681530181372,0.021464428189322482,0.024451407152168925,1.1919743101894558,-0.5069681530181372
3712,62135286,i,5,-0.5985379695863754,0.10983889526554458,0.2326679451804634,2.2204297451478188,-0.5985379695863754
3713,62135286,r,5,-0.5133612505916287,0.04823069911459332,0.08736839114260886,1.7899580688812744,-0.5133612505916287
3714,62210181,g,2,-0.6216554243675763,0.25618156562727323,0.25618156562727323,1.436242804706198,-0.6216554243675763
3715,62210181,i,4,-0.4079088816787415,0.1871487799895809,0.37974916990819396,0.9389612089060296,-0.4079088816787415
3716,62210181,r,5,-0.3260720147298053,0.06265911370956934,0.0766840375939355,0.8214151326555792,-0.3260720147298053
3717,62247038,g,2,-0.9987792780256071,0.45195212270668605,0.45195212270668605,3.396893530725509,-0.9987792780256071
3718,62247038,i,8,-1.7228852796574787,0.11654951527294344,0.203948853282226,14.859854780189075,-1.7228852796574787
3719,62247038,r,3,-1.2170322360397974,0.009283199112381402,0.2906075335930469,7.464310935692136,-1.2170322360397974
3720,62306710,i,7,-1.3117873940887903,0.04442678810514167,0.08515774383922281,9.140849486448198,-1.3117873940887903
3721,62306710,r,9,-1.153890137428737,0.11695300994811908,0.25591317948338643,7.723280259312754,-1.153890137428737
3722,62365634,g,2,-0.48223205327547647,0.03296619916865606,0.03296619916865606,0.2486842604343586,-0.48223205327547647
3723,62365634,i,4,0.5163414062646948,0.10722576098672901,0.2770998344730784,1.2143054043714105,0.5163414062646948
3724,62365634,r,7,-0.6132508452106291,0.0849228234208983,0.2297771768374598,1.5139997085215333,-0.6132508452106291
3725,62457044,i,14,-1.3663947622356045,0.17986959295731297,0.3036255751509376,10.730780337577297,-1.3663947622356045
3726,62457044,r,16,-1.0509869815492998,0.10676347149505216,0.210857882416292,6.361227544192262,-1.0509869815492998
3727,62459501,i,9,-1.496501578146288,0.11126050799983989,0.24192275516986572,12.980943671351856,-1.496501578146288
3728,62459501,r,4,-1.835899410954359,0.030268675584510407,0.05626004155243791,14.684724016438132,-1.835899410954359
3729,6249948,g,3,-0.35761785675346314,0.08372318543312707,0.1482159429290848,0.22315585875108865,-0.35761785675346314
3730,6249948,i,14,-0.6112110442624488,0.05050324146122753,0.15013858330776952,2.1388521890004424,-0.6112110442624488
3731,6249948,r,16,-0.7234056556496044,0.04442918446730615,0.08388981552855468,2.5584176434226165,-0.7234056556496044
3732,62508599,g,2,-1.3663238723171496,0.03295665784738255,0.03295665784738233,5.398131719418112,-1.3663238723171496
3733,62508599,i,10,-1.8801751007282586,0.1013913429041664,0.1842559869940419,19.846117500613662,-1.8801751007282586
3734,62508599,r,8,-1.7918416387896232,0.058254774453900815,0.1324942591192768,16.335385240079983,-1.7918416387896232
3735,62522944,g,3,-1.280102886457518,0.012220310022829306,0.07206569124912199,3.764158608341745,-1.280102886457518
3736,62522944,i,9,-0.4430483712603841,0.11098319651304767,0.15229336573798058,1.1736303523214082,-0.4430483712603841
3737,62522944,r,7,-0.6675142512823942,0.08950701913245851,0.1566990979934446,2.561344940790897,-0.6675142512823942
3738,62544054,i,8,-0.8943676199008603,0.08905171234668868,0.17960314325684412,4.88854679598529,-0.8943676199008603
3739,62544054,r,3,-1.1456024612732119,0.012193189898749512,0.031877379783483706,6.148638766278949,-1.1456024612732119
3740,62551855,i,7,-0.023844348941056026,0.12967228479989767,0.3602600331100476,0.5066626065189518,-0.023844348941056026
3741,62551855,r,7,-0.04620271614119342,0.18287132604909984,0.311162959871138,0.21205260175716173,-0.04620271614119342
3742,62557633,g,2,-1.2131628591631942,0.15051526311189822,0.15051526311189845,1.951604199155606,-1.2131628591631942
3743,62557633,i,12,-0.23777045134036898,0.25341947360563577,0.4279855535575091,0.5892389026541837,-0.23777045134036898
3744,62557633,r,12,-0.826811790905544,0.151895604191431,0.30307153987196145,3.0390639965826645,-0.826811790905544
3745,62571630,i,5,-1.4153527521549736,0.10029154553727415,0.16414150718064824,11.446623578725067,-1.4153527521549736
3746,62571630,r,5,-1.8821649405214025,0.048175627380556474,0.051622353773931984,15.559724934752017,-1.8821649405214025
3747,62696363,g,2,-0.29726993804109036,0.24147873426109556,0.24147873426109556,0.42743247342719376,-0.29726993804109036
3748,62696363,i,4,0.24207459243881807,0.3220636141528782,0.5887214367196046,1.143751314760584,0.24207459243881807
3749,62696363,r,5,-0.41752110443323853,0.16056141772149823,0.31726051873680006,0.8841489661949409,-0.41752110443323853
3750,62697313,g,2,-1.1958504360521707,0.13983077477345818,0.13983077477345818,2.858974482296021,-1.1958504360521707
3751,62697313,i,9,-0.9377992205003567,0.16673557727588084,0.31037234138645664,4.315401586227383,-0.9377992205003567
3752,62697313,r,8,-1.2168604048807987,0.06404112146048535,0.10989591095866924,5.90414630214404,-1.2168604048807987
3753,62727924,i,6,-0.45433815489296075,0.07853413995889319,0.12942829865165778,1.1814983939123522,-0.45433815489296075
3754,62727924,r,5,-0.5139067044359908,0.08953717049394982,0.15274247033869104,1.8133883702295717,-0.5139067044359908
3755,62731337,g,2,-0.755777448794825,0.07487555841234594,0.07487555841234594,1.103134555696091,-0.755777448794825
3756,62731337,i,5,-0.051916908464416434,0.05644257720462542,0.11127463415326191,0.027879653445530384,-0.051916908464416434
3757,62731337,r,5,-0.6118867449701779,0.15084494967227724,0.2065882604552448,2.0253324866742632,-0.6118867449701779
3758,62765771,i,7,-2.130953297295125,0.06382852310782594,0.1401657728792003,28.974412122989857,-2.130953297295125
3759,62765771,r,4,-1.9548575100957155,0.014073253896802362,0.07773007518276409,24.989854718861043,-1.9548575100957155
3760,62777848,i,7,-1.1784582984133376,0.15093620442727662,0.25697188041170604,7.322710572949495,-1.1784582984133376
3761,62777848,r,7,-1.3664700108137637,0.1292814184953519,0.1907926389850556,8.547618213299591,-1.3664700108137637
3762,62801142,g,4,-1.0199789695151191,0.1256618760890289,0.24563295576474542,1.4318145436795362,-1.0199789695151191
3763,62801142,r,7,-0.35172342357515285,0.10486655960708802,0.2238774290485253,1.6812121290718696,-0.35172342357515285
3764,62801142,u,5,-2.6898801428916803,0.05480569155731496,0.0880671299808875,4.870580955082516,-2.6898801428916803
3765,62922647,g,2,-0.2651245769827333,0.023302983248832287,0.023302983248832287,0.1959108390908441,-0.2651245769827333
3766,62922647,i,4,-0.5910018051974784,0.04056184250887951,0.09576777349982857,1.9632557376113398,-0.5910018051974784
3767,62922647,r,5,-0.6802066477388913,0.05466028446873161,0.10047764728330144,2.619259668376057,-0.6802066477388913
3768,629606,i,7,-1.709587520709057,0.058908374344116554,0.11522475536241794,14.960383079501751,-1.709587520709057
3769,629606,r,9,-1.9084265597263765,0.07348753852099654,0.17839142350022907,17.530212785539376,-1.9084265597263765
3770,62962964,g,2,-0.7958111310456103,0.03741611136233969,0.03741611136233969,2.2143837224105143,-0.7958111310456103
3771,62962964,i,6,-0.673919676017072,0.11420736536005638,0.3106713354119639,2.2040906513663425,-0.673919676017072
3772,62962964,r,4,-0.6005681448989957,0.020828301090660584,0.04928412782196612,1.9792050204753457,-0.6005681448989957
3773,62967379,i,8,-1.147723659045187,0.06127918651842201,0.14685217875130263,5.143972241345808,-1.147723659045187
3774,62967379,r,6,-1.1262352251393721,0.01639763444212683,0.031636920421969306,3.1681676087429635,-1.1262352251393721
3775,62983639,i,9,-0.566367139664609,0.1312398436468003,0.14318176086252976,1.674269439573793,-0.566367139664609
3776,62983639,r,8,-0.7603129629485363,0.0609654567447821,0.1563900282237508,2.902305427774766,-0.7603129629485363
3777,62985972,i,6,0.09211436740550333,0.028113695582642463,0.044490805166296124,0.2356542690771141,0.09211436740550333
3778,62985972,r,5,-0.4073288755496889,0.16143361046153903,0.2994686426363583,1.3917046197004392,-0.4073288755496889
3779,63057272,g,2,-0.97436600491222,0.012108785718036696,0.012108785718036752,2.048500075663714,-0.97436600491222
3780,63057272,i,8,-0.5660722790897472,0.06733188659066697,0.13477413554066986,1.827989523900774,-0.5660722790897472
3781,63057272,r,10,-0.9512606582459033,0.10270382830226565,0.17708465773558335,5.84056427972793,-0.9512606582459033
3782,63102724,g,2,-0.8264881559718446,0.06617507146198365,0.06617507146198354,0.9633370258942405,-0.8264881559718446
3783,63102724,i,5,-0.728048979876071,0.11896519731272437,0.17239041304348846,2.8135762823306947,-0.728048979876071
3784,63102724,r,4,-0.9913961206554658,0.1014348174281674,0.1818254536561965,4.879280428362251,-0.9913961206554658
3785,631350,g,2,-0.17580191790141964,0.03456746455900017,0.03456746455900017,0.06586184176496496,-0.17580191790141964
3786,631350,i,9,-0.49503836280664193,0.09760915716286944,0.22881263102778326,1.475930904427752,-0.49503836280664193
3787,631350,r,9,-0.5219220751881446,0.07034176509475776,0.10320072118857748,1.8112753211383472,-0.5219220751881446
3788,63214793,i,9,-0.6626194352565167,0.022192837504126373,0.043874307725266126,2.2733007179606366,-0.6626194352565167
3789,63214793,r,2,-0.6831965997857438,0.10937754588717497,0.10937754588717508,2.9385343643284654,-0.6831965997857438
3790,63217872,g,3,-0.9089210512611348,0.045739432692019744,0.05855779543311879,2.8748322616183457,-0.9089210512611348
3791,63217872,i,14,-1.1030339509842428,0.09818044516449642,0.18340823041224597,6.263145908376464,-1.1030339509842428
3792,63217872,r,10,-1.2583928039266064,0.0516888367032291,0.08796856760631355,8.31980618464154,-1.2583928039266064
3793,63258270,i,7,-1.4632415641961245,0.13729883628504735,0.3208558401885626,12.7136555663237,-1.4632415641961245
3794,63258270,r,4,-1.6569829751963638,0.1014231610737445,0.1565432213289597,12.137230910503085,-1.6569829751963638
3795,63260409,i,7,-0.412772540746955,0.06271413748274329,0.10980759387247763,0.7786826427916604,-0.412772540746955
3796,63260409,r,6,-0.6785554666094266,0.08528582266438611,0.13564561078418436,2.728967417273285,-0.6785554666094266
3797,63262547,g,5,-1.0927386037557003,0.2622978606933599,0.8384083147878216,3.3286643390916915,-1.0927386037557003
3798,63262547,i,17,1.1645459019852282,0.38433965048282226,1.5614315631545754,6.2358267500092035,1.1645459019852282
3799,63262547,r,13,-0.39852342716546163,0.12509484356960088,1.51417140149323,4.335149905781209,-0.39852342716546163
3800,63262547,u,4,-0.7622818367710512,0.09718491500593518,0.19138116685847617,0.7842370001284806,-0.7622818367710512
3801,63302749,g,5,-0.631741479263926,0.15092893881197678,0.34104668030694985,0.8687736021310382,-0.631741479263926
3802,63302749,i,12,-0.7567558629229143,0.10938118637216732,0.22328104750997102,3.523102066825189,-0.7567558629229143
3803,63302749,r,10,-1.029788233656835,0.07402452104056256,0.20374218153252588,6.691612992230782,-1.029788233656835
3804,63412237,i,6,-0.3182091206027652,0.1490371401191184,0.2453579388123969,0.5964659492811185,-0.3182091206027652
3805,63412237,r,6,-0.65585880001417,0.07574563159061998,0.12642326596852627,2.207070957537732,-0.65585880001417
3806,63520092,g,4,-1.1123610127891765,0.19435895791695956,0.3979647713909896,1.7307300153965608,-1.1123610127891765
3807,63520092,i,7,-1.9812176089391291,0.0470500416371169,0.1070854474054439,22.533884268866395,-1.9812176089391291
3808,63520092,r,8,-1.8181071733214829,0.025036116855031154,0.04706840336677054,18.849969490513672,-1.8181071733214829
3809,63535295,g,4,0.1249856976021072,0.04094054704274297,0.17712661290880682,0.14936126831052224,0.1249856976021072
3810,63535295,i,6,0.22574078349393617,0.49247362101186754,0.9449378410914264,1.7151207976060727,0.22574078349393617
3811,63535295,r,8,0.631211546911238,0.22200546094852203,0.8376033073446936,2.359341256788408,0.631211546911238
3812,63578886,g,3,-0.10452406978640738,0.19649259047207757,0.35445957307755127,0.22710088318351962,-0.10452406978640738
3813,63578886,i,3,-0.03175517103461595,0.022736663035949456,0.09384618328985497,0.0619520118727353,-0.03175517103461595
3814,63578886,r,10,-0.18730386177770092,0.04338823185299456,0.07993731585360433,0.30827403481362264,-0.18730386177770092
3815,63704814,g,3,-1.8198018816700738,0.006206477877523264,0.007796544679896655,6.511707034881475,-1.8198018816700738
3816,63704814,i,5,-2.1352575663990145,0.11584909273313349,0.23896830895577903,27.674330988466476,-2.1352575663990145
3817,63704814,r,6,-2.177320089906871,0.06995229154882554,0.12259025197670592,19.448405315707912,-2.177320089906871
3818,63747895,g,2,-0.8963623494612565,0.09757840770376419,0.09757840770376414,2.1923570590916874,-0.8963623494612565
3819,63747895,i,3,-0.8858116844995434,0.31811273151996455,0.4580038132927293,2.8903738938708763,-0.8858116844995434
3820,63747895,r,8,-0.7666827103623615,0.07412304797792368,0.23225367001476438,2.5174633099086234,-0.7666827103623615
3821,63778643,i,6,-1.3617978026237338,0.13091087315482042,0.22346301010311898,8.792110010258327,-1.3617978026237338
3822,63778643,r,5,-1.4292552799346998,0.014685804009956893,0.12151683915754896,10.922280724759979,-1.4292552799346998
3823,63855073,g,2,-0.6503088125898087,0.2002118318194004,0.2002118318194004,1.2524937049949818,-0.6503088125898087
3824,63855073,i,9,-0.6842412972935705,0.06465419370563508,0.07326984558005156,2.0800221300704784,-0.6842412972935705
3825,63855073,r,13,-0.8604745432586219,0.07150907030857934,0.14097786919601552,3.4525750391905237,-0.8604745432586219
3826,6397958,i,10,-1.1277386530414075,0.09599414990141653,0.1749095341996595,7.162330890226362,-1.1277386530414075
3827,6397958,r,7,-1.412567394308838,0.061646978511333606,0.08683447292342761,11.836563027708474,-1.412567394308838
3828,640539,i,5,-0.08722112066123183,0.05763055618581969,0.06816854133543815,0.06351075575187452,-0.08722112066123183
3829,640539,r,6,-0.09030168951782147,0.10506969292679147,0.18003159068466112,0.09552908202374966,-0.09030168951782147
3830,64079614,g,4,-1.058878178224547,0.039423461913834945,0.11876199485762196,1.5431593467597973,-1.058878178224547
3831,64079614,i,2,-1.044269713752486,0.4695524103802008,0.4695524103802009,4.882517881442844,-1.044269713752486
3832,64079614,r,10,-1.0385100750033536,0.09719401270359368,0.1779282109380984,4.657044119039935,-1.0385100750033536
3833,64127803,g,4,-0.7167639032642408,0.10437245713511034,0.19589460428920735,0.9473873733769361,-0.7167639032642408
3834,64127803,i,2,0.040973980668345705,0.36899411908278246,0.3689941190827825,0.7013584858856883,0.040973980668345705
3835,64127803,r,7,-0.10867528473094357,0.2677931734241511,0.39236697260129194,0.43944073123342786,-0.10867528473094357
3836,64158034,i,9,-0.11063245859603388,0.11062570117712833,0.14279388673089957,0.1422742349346508,-0.11063245859603388
3837,64158034,r,5,-0.05375675554697759,0.049551779680593405,0.1342862529745878,0.11341413929548463,-0.05375675554697759
3838,64159142,i,12,-1.1065331705668577,0.17111732150152387,0.2955048267359086,7.348784002801561,-1.1065331705668577
3839,64159142,r,11,-1.1825347101860233,0.15186419865422973,0.28567978988401976,6.882124037071545,-1.1825347101860233
3840,64161113,i,13,-0.6816937739311468,0.035295616094886295,0.0796342609521733,2.6759078875229316,-0.6816937739311468
3841,64161113,r,11,-1.0321789640406795,0.18284695361659808,0.3473692556428347,6.5863525512426895,-1.0321789640406795
3842,64273882,i,6,-0.1085708507071495,0.05312966587857305,0.2738770030567552,0.3496309258958353,-0.1085708507071495
3843,64273882,r,5,-0.289967584196285,0.09018252593709342,0.12763600187222846,0.570529914691025,-0.289967584196285
3844,64277114,g,3,-0.9442002536582565,0.08122969194697172,0.6234972583393585,1.091107498399861,-0.9442002536582565
3845,64277114,i,10,-0.16587590870238583,0.29919862211584797,0.7076593836189315,1.5724204959850039,-0.16587590870238583
3846,64277114,r,10,-0.6553763706376304,0.14227766743482884,1.1355771064708242,2.614034146817098,-0.6553763706376304
3847,64336134,i,6,-0.7271453740404903,0.10307303651704519,0.1727487048513603,2.424000187992002,-0.7271453740404903
3848,64336134,r,6,-0.823379303687634,0.10147235251107534,0.15796176787847227,3.774075988344933,-0.823379303687634
3849,64419483,g,4,-0.4962137645694462,0.11531489893825864,0.2115072458420535,1.0850149688692063,-0.4962137645694462
3850,64419483,i,13,-1.0761771561623616,0.12720734101660502,0.3006160468257242,5.6690911864875195,-1.0761771561623616
3851,64419483,r,13,-0.7673256963252603,0.16719418910212236,0.31531377794461934,2.9252730695342097,-0.7673256963252603
3852,64501497,i,6,-0.6940024160057143,0.09112897414403759,0.1382154395471693,2.297221472723173,-0.6940024160057143
3853,64501497,r,6,-0.9811066198724565,0.1357267362474478,0.23606949599067495,5.877477046688891,-0.9811066198724565
3854,64511802,i,6,-1.5493808995262477,0.04660235041301308,0.2816750771098917,10.629934415934953,-1.5493808995262477
3855,64511802,r,4,-1.4548380481505818,0.1577195318311274,0.20083106886467172,8.985054911354013,-1.4548380481505818
3856,64552510,i,11,-1.1131910945388197,0.12134867942562622,0.29342975371124913,7.067428990014838,-1.1131910945388197
3857,64552510,r,4,-1.241223542550866,0.02813334707601811,0.07296922117702387,5.449287700394412,-1.241223542550866
3858,64576924,i,11,-0.38679121141131234,0.47782789248845225,0.9133475403931446,2.9310423633016858,-0.38679121141131234
3859,64576924,r,11,-0.3388447202884115,0.4393914155271439,0.7971631493234116,1.5656033219865775,-0.3388447202884115
3860,64602663,i,7,-1.7721918816309123,0.09704831256543045,0.18822824044097164,15.526513432720735,-1.7721918816309123
3861,64602663,r,7,-1.546138884994479,0.18280245629115277,0.25832727318230053,10.704962277328523,-1.546138884994479
3862,64646667,g,4,-1.0160182139109966,0.029938469359569342,0.07195047964027335,2.746878322403532,-1.0160182139109966
3863,64646667,i,13,-0.999753813602316,0.08439908506491312,0.13428948115272443,5.625691497346963,-0.999753813602316
3864,64646667,r,12,-1.2773155088014998,0.06393087140041376,0.1746554532485356,7.376436781623981,-1.2773155088014998
3865,64709312,g,5,-0.4379465269624343,0.01018914274180105,0.0140299628031344,0.40893522018008543,-0.4379465269624343
3866,64709312,i,13,-0.21397823044014946,0.05875967808016885,0.09366913108685965,0.5442801286772587,-0.21397823044014946
3867,64709312,r,12,-0.4420647013349924,0.06259404676437141,0.11421271913295955,1.0978168333659182,-0.4420647013349924
3868,64791085,g,6,-0.13890503035825846,0.3663025729200298,0.6262257967342706,0.5343160379851639,-0.13890503035825846
3869,64791085,i,8,0.311019818150232,0.286884671378163,0.6028147165475555,2.0179266497022286,0.311019818150232
3870,64791085,r,10,0.6048938079412413,0.309627951951904,0.5540988979739008,3.1404212278332047,0.6048938079412413
3871,6485024,g,5,-0.3180646032026976,0.04273541859032226,0.07958763432153004,0.34559332351100874,-0.3180646032026976
3872,6485024,i,7,-0.21640249468676165,0.023457896787714483,0.1727896595026652,0.5779147388612713,-0.21640249468676165
3873,6485024,r,11,-0.01273126824813553,0.16402754635007905,0.30442049365628954,0.13097942777403684,-0.01273126824813553
3874,64869789,g,2,-0.5166286409176591,0.10269403292747781,0.10269403292747786,0.4220906574601843,-0.5166286409176591
3875,64869789,i,9,-0.7682130436967278,0.05783388201107187,0.14023715623342148,3.4092159787351957,-0.7682130436967278
3876,64869789,r,8,-0.8295397171139257,0.054356319995722324,0.0921661651311706,4.054351836549929,-0.8295397171139257
3877,64893920,g,3,-0.2968435514499864,0.02971867827248531,0.05348387381232472,0.5364773904678432,-0.2968435514499864
3878,64893920,i,4,-0.21139114009203613,0.030125410856253823,0.05480110868311977,0.2293278586341318,-0.21139114009203613
3879,64893920,r,5,-0.12108339933571322,0.09244023531477263,0.23609505054297786,0.12984249940274778,-0.12108339933571322
3880,64895550,g,2,-0.864218608222294,0.2479676359749572,0.2479676359749572,1.3414691952512392,-0.864218608222294
3881,64895550,i,7,-0.547117071120587,0.21523046919398725,0.345681601294041,2.4030411999948287,-0.547117071120587
3882,64895550,r,5,-0.5510830049234299,0.06743379628231738,0.3986263725986019,2.9568964130397513,-0.5510830049234299
3883,64968870,i,9,-2.273539886756011,0.041365832355507504,0.13450518488676488,28.843651404295517,-2.273539886756011
3884,64968870,r,5,-1.8355992359744417,0.07804309362502448,0.09471292236975026,19.158633081422234,-1.8355992359744417
3885,64984587,g,4,-0.3429316998371966,0.12623202717782134,0.24616860275407526,0.3773310639675664,-0.3429316998371966
3886,64984587,i,11,-0.34819984245786206,0.08679563435697457,0.1645710750081832,0.7625857587339765,-0.34819984245786206
3887,64984587,r,11,-0.6503666377284373,0.0896720247981665,0.16503212793778066,2.2719348708891824,-0.6503666377284373
3888,65027898,g,3,-0.3479761074740988,0.18331766821812434,0.2289237408983752,0.1900724816644482,-0.3479761074740988
3889,65027898,i,7,-0.3434060765616943,0.04305348946251242,0.10127329744687252,0.7827908421637328,-0.3434060765616943
3890,65027898,r,9,-0.6021369789955482,0.2532543635298874,0.5900335312801872,1.8487058820978524,-0.6021369789955482
3891,65063809,i,4,-1.6455913664463306,0.038422365457730034,0.07740013848821725,14.273652317823476,-1.6455913664463306
3892,65063809,r,6,-1.9524359157372315,0.04294368864983089,0.1113675069201745,14.826193343762005,-1.9524359157372315
3893,6508127,g,4,-0.5361491725705283,0.03720539071962725,0.059289471178193165,1.0201957355472548,-0.5361491725705283
3894,6508127,i,11,-0.565459038465687,0.050685586285924344,0.07664750624449851,1.7389462165095786,-0.565459038465687
3895,6508127,r,12,-0.5575994515211382,0.10801925828204983,0.2111861949397975,2.2119557448341265,-0.5575994515211382
3896,65119343,g,2,-0.8143365031341124,0.03456803023190569,0.0345680302319058,1.3696097584989897,-0.8143365031341124
3897,65119343,i,4,-1.1578934769690117,0.09625359691891333,0.22554876483732533,4.021084645182915,-1.1578934769690117
3898,65119343,r,7,-1.2555870883917026,0.03937358782330125,0.06379945248659746,4.996606664529879,-1.2555870883917026
3899,65164705,i,7,-1.5826163735745424,0.09439376925456044,0.14571365742709563,11.196175792354422,-1.5826163735745424
3900,65164705,r,6,-1.5695270482195942,0.0613874821853857,0.10560472348927896,9.46981546545146,-1.5695270482195942
3901,65174584,i,6,-0.12922044480421796,0.31864249653813403,0.5623823757213632,0.4947567444988736,-0.12922044480421796
3902,65174584,r,6,-0.7473163420528005,0.32830301638021664,0.5954096979201117,2.8060356887394993,-0.7473163420528005
3903,65248316,g,2,-0.7134574967288623,0.09268807495185855,0.09268807495185849,1.3742629958493062,-0.7134574967288623
3904,65248316,i,7,-0.4360109548288252,0.05456367309910659,0.09223487007545306,0.9699138225756515,-0.4360109548288252
3905,65248316,r,6,-0.7121658011497387,0.09691454673469124,0.1507760293797341,2.706027340026566,-0.7121658011497387
3906,65258651,g,4,-0.5795695516966631,0.16710985642003107,0.30193756750101347,1.4937637943348865,-0.5795695516966631
3907,65258651,i,3,-0.8615001473868582,0.1750713427176549,0.1819314719229077,4.201441225102896,-0.8615001473868582
3908,65258651,r,6,-0.848530886106995,0.1434439147059116,0.3089931029914075,4.00103063958888,-0.848530886106995
3909,65299128,i,9,0.4068003910047139,0.27826348721318683,0.45815287684157036,1.4359558793736797,0.4068003910047139
3910,65299128,r,6,-0.20709868420797567,0.07102655893402948,0.10890036807502845,0.3332634749692247,-0.20709868420797567
3911,65339712,i,9,-0.9308887996252232,0.02936297872640714,0.047904795386635945,3.9386831275044845,-0.9308887996252232
3912,65339712,r,3,-1.1672035087255674,0.07728212990825045,0.07752941699372351,4.470364640578668,-1.1672035087255674
3913,65532358,g,4,-0.5347014399929149,0.02568200303076057,0.06087946514835196,0.9538617437223762,-0.5347014399929149
3914,65532358,i,9,-0.8728146092074254,0.20601298381550226,0.2596561724856693,3.480216711366594,-0.8728146092074254
3915,65532358,r,5,-0.7611196728080514,0.13429284705410816,0.24689056320302816,3.814614205049171,-0.7611196728080514
3916,6553750,i,8,-1.384387530544818,0.18420990363175138,0.37055178113057563,9.75841509289916,-1.384387530544818
3917,6553750,r,5,-1.5405134411844434,0.05628755270522623,0.0730530465224537,14.452187810226238,-1.5405134411844434
3918,65621382,g,3,-1.2200830743113777,0.031818330359624,0.8985555524340839,3.050832830257425,-1.2200830743113777
3919,65621382,i,5,-0.13938430990140294,0.07949242227206088,0.15823073963370404,0.3059363896640327,-0.13938430990140294
3920,65621382,r,6,-0.1378386831399247,0.24507041900537435,0.6836430099262423,2.8966204423849526,-0.1378386831399247
3921,65647412,i,10,-1.3858028952383612,0.08744460186080971,0.19417534438947137,10.070526267872596,-1.3858028952383612
3922,65647412,r,5,-1.28954846419867,0.11661944065917274,0.19032287127595948,9.16681514086502,-1.28954846419867
3923,65768663,i,6,0.09624245122487532,0.2873345971541118,0.6241949392809565,0.9544879119596312,0.09624245122487532
3924,65768663,r,5,-0.6878432424309175,0.2762384562641289,1.228022073409939,2.490163555783731,-0.6878432424309175
3925,65786223,g,2,-0.4532723032113588,0.07809093306378889,0.07809093306378889,0.20333866933275635,-0.4532723032113588
3926,65786223,i,10,-0.6197746815041156,0.09429192461075836,0.15466274194321283,2.65409710850683,-0.6197746815041156
3927,65786223,r,9,-0.8772522856160214,0.030906466554979195,0.05830237781046743,3.937704453568218,-0.8772522856160214
3928,65864326,i,5,-0.7776857625259953,0.1660191638048255,0.23950325246772164,2.9301296329358957,-0.7776857625259953
3929,65864326,r,5,-0.8459441610693925,0.1316563588068499,0.22667541254286516,5.306143344446633,-0.8459441610693925
3930,65870674,i,8,-2.7103378577503308,0.13577592032290142,0.2849503042985111,38.012860055501534,-2.7103378577503308
3931,65870674,r,4,-2.588586679744518,0.02577341819009593,0.02905089303752284,35.24906682932478,-2.588586679744518
3932,65961693,i,10,-1.926383201568457,0.08820550461148224,0.19738651628802018,22.73546338076012,-1.926383201568457
3933,65961693,r,6,-2.192506649999384,0.09036325096707176,0.1629353341422961,18.681428101588022,-2.192506649999384
3934,66058572,i,10,-0.17261147267870447,0.14738364294349718,0.2677783923575682,0.3034389025893032,-0.17261147267870447
3935,66058572,r,9,-0.35814840206898535,0.047601471756590685,0.10116834478344283,0.7518237874561587,-0.35814840206898535
3936,66062522,i,8,-1.444413143688693,0.05037636504638687,0.12223271559275584,12.387706116294435,-1.444413143688693
3937,66062522,r,7,-1.3883319408565287,0.049401172076198874,0.11726862233630975,9.940800208492531,-1.3883319408565287
3938,66163664,i,7,-1.2456542341699721,0.12170586870906885,0.20712797627581914,8.865522763173098,-1.2456542341699721
3939,66163664,r,5,-1.2913771498925697,0.11764529847019256,0.17106150355880034,8.82507922272379,-1.2913771498925697
3940,66166118,i,6,-0.2407113219931789,0.14896177201522476,0.27233135478911974,0.37792732080334673,-0.2407113219931789
3941,66166118,r,6,-0.27948501224413463,0.15851519712888382,0.2553830782493092,0.5399934867218052,-0.27948501224413463
3942,6623461,g,3,0.07173853994628643,0.49798864800986675,0.6237155898115674,0.5939057600303608,0.07173853994628643
3943,6623461,i,3,0.6315758084678863,0.07089142566088869,0.12705555088334575,2.9115571843489056,0.6315758084678863
3944,6623461,r,5,0.2922877965756897,0.28092156558919734,0.4707513752069383,0.8768419916592519,0.2922877965756897
3945,66245355,g,4,-0.49941341887593615,0.019291773104901155,0.03833271277344796,0.35443104698612393,-0.49941341887593615
3946,66245355,i,9,-0.155411810053119,0.10628741978766065,0.4488786240862713,0.4437286789911122,-0.155411810053119
3947,66245355,r,8,-0.6578864690459802,0.2523741312114719,0.5277120694334552,1.6421416442716037,-0.6578864690459802
3948,66286398,g,8,-0.28527181876107444,0.2906391023891123,0.6296316024690488,0.6823493806961255,-0.28527181876107444
3949,66286398,i,10,0.06971643083048085,0.37372735677915825,0.7642607125038985,1.17998521473747,0.06971643083048085
3950,66286398,r,11,0.32481575408629937,0.2693527106699354,0.7074355908242533,1.18266414448602,0.32481575408629937
3951,66286398,u,5,-0.2061708988556168,0.1352141042694055,1.007833815820216,0.528430067541269,-0.2061708988556168
3952,66300862,g,4,-0.2926713773234191,0.22088874583249873,0.4540435887383642,0.3834503739155144,-0.2926713773234191
3953,66300862,i,8,0.11010786973585951,0.3867211710414672,1.1985734711324953,2.686999678812312,0.11010786973585951
3954,66300862,r,9,0.1801609165474929,0.2751095819722955,0.4236477249021683,0.8639683845478798,0.1801609165474929
3955,66302252,i,7,-0.05032989424588741,0.19224481721446707,0.6679592121160218,1.0784347194002202,-0.05032989424588741
3956,66302252,r,5,0.01295607635590379,0.4181835567984036,0.7229653560479954,0.8449613878481612,0.01295607635590379
3957,66381714,g,4,-0.6545838898903333,0.1771458967990851,0.30793280330308725,0.9435505271947827,-0.6545838898903333
3958,66381714,i,7,0.27046628734534195,0.4274194819847079,0.6530832510132799,0.8270623108048708,0.27046628734534195
3959,66381714,r,12,-0.30743883056777954,0.15846698215182498,0.331711812184,0.5003132196497527,-0.30743883056777954
3960,66400978,i,4,-0.24932151767922178,0.040934406623848285,0.07823407917766634,0.3224714442830452,-0.24932151767922178
3961,66400978,r,6,-0.4373002894349505,0.12760052355379736,0.20691541780847122,1.4311476068127635,-0.4373002894349505
3962,66403566,g,4,-0.6526252663321672,0.11237878653948996,0.17349097636096256,1.639070650102648,-0.6526252663321672
3963,66403566,i,4,-0.29157688268670356,0.029741463246870076,0.07905866423476993,0.4179386508570583,-0.29157688268670356
3964,66403566,r,7,-0.41983824807785547,0.12650431660950118,0.18832876546882882,1.1828156943091481,-0.41983824807785547
3965,66447050,g,2,-1.1041639207658678,0.0003504204112158016,0.0003504204112159126,3.0553558860364634,-1.1041639207658678
3966,66447050,i,8,-0.8543888140863469,0.03050739292874305,0.06286431024035333,4.002701305372886,-0.8543888140863469
3967,66447050,r,8,-1.1398624703024804,0.04691168132226298,0.12077630070051804,8.420505594206947,-1.1398624703024804
3968,66470205,g,3,-0.7888309076898432,0.24106184433376976,0.3079241840069278,0.6884823122548228,-0.7888309076898432
3969,66470205,i,6,-1.4741839634645983,0.055621820515488696,0.1535032075776086,12.622725600166424,-1.4741839634645983
3970,66470205,r,6,-1.4650415200525893,0.09241946539980461,0.1518951384862679,6.87390894686164,-1.4650415200525893
3971,66502588,i,6,-1.1313201129339903,0.05768864603418444,0.09959520081173712,6.525637488191774,-1.1313201129339903
3972,66502588,r,5,-1.1578272533171536,0.046868194986021905,0.08174427652519167,7.381894922285613,-1.1578272533171536
3973,66511519,g,3,-0.49664540082558895,0.030863427354360096,0.08812934095343566,1.2782815885317291,-0.49664540082558895
3974,66511519,i,9,-0.13381441127933952,0.09305573084007776,0.2771877293636946,0.16353134496099217,-0.13381441127933952
3975,66511519,r,13,-0.19912178136915515,0.10173900172071754,0.1722645827578299,0.3593174292424633,-0.19912178136915515
3976,66533572,g,2,-1.1587716188788872,0.03513368949637141,0.035133689496371634,2.099301770830527,-1.1587716188788872
3977,66533572,i,8,0.17666263045232566,0.5601206341562313,1.2741403975722814,2.751696372692272,0.17666263045232566
3978,66533572,r,6,-0.572496449073053,0.07835589940586096,0.12036031231924993,1.5265306122587052,-0.572496449073053
3979,6659768,i,4,-0.2612735732921697,0.010705646246937262,0.03661176938481758,0.30626149360452093,-0.2612735732921697
3980,6659768,r,6,-0.4800125541605132,0.16411332754438201,0.30905357355013924,1.771897487209894,-0.4800125541605132
3981,6660415,i,7,-0.4900951444146406,0.07318433131913632,0.13726254778219465,2.1965303721861433,-0.4900951444146406
3982,6660415,r,6,-0.7624915144206144,0.0726220344267755,0.2017190623880324,2.0048862160037344,-0.7624915144206144
3983,66632552,i,7,-0.23881592625078849,0.08099908204623771,0.25339586859323004,0.32563349061941615,-0.23881592625078849
3984,66632552,r,4,-0.34474353596327595,0.13626791930022125,0.2237466270272403,0.825388440266555,-0.34474353596327595
3985,66633357,g,3,-0.6448484206278673,0.008905960431903726,0.02198379060650213,1.4518396098199278,-0.6448484206278673
3986,66633357,i,5,-0.3211164418329877,0.015614908396612226,0.029623215235345335,0.5099261959035999,-0.3211164418329877
3987,66633357,r,4,-0.38088942513063784,0.02488846475309764,0.04868468803382231,0.4868945278576101,-0.38088942513063784
3988,66706295,i,8,0.05735683207656056,0.07196410863562305,0.12549390523042742,0.4896090146248974,0.05735683207656056
3989,66706295,r,7,-0.3687146149558169,0.3127905173019685,0.7987615173507149,1.2373448638197126,-0.3687146149558169
3990,66706295,u,3,-0.43109341441422466,0.021787773506507513,0.215977982505844,0.36185109180913977,-0.43109341441422466
3991,66708583,g,5,-0.9185322211168665,0.2685501117302094,0.35304194937256383,1.0736542268366704,-0.9185322211168665
3992,66708583,i,7,0.5590591118135113,0.17892241601758452,0.5645433671481326,1.8558724335479653,0.5590591118135113
3993,66708583,r,11,-0.8829190511009783,0.3924201762654831,0.8596256747888458,2.7527358816174523,-0.8829190511009783
3994,66720514,g,4,-0.942471376585384,0.0708772818552248,0.1335877005900019,1.6905610593867855,-0.942471376585384
3995,66720514,i,6,-0.7196288968321871,0.11019275046815591,0.17630597514238333,3.2279412566194914,-0.7196288968321871
3996,66720514,r,10,-0.999460258726875,0.09176349677612494,0.15020145452798372,4.587897572842079,-0.999460258726875
3997,66755909,g,2,-1.0188039276981142,0.10268264042040731,0.10268264042040742,2.846292446669551,-1.0188039276981142
3998,66755909,i,9,-0.616051775485518,0.09360479113508957,0.13243449891898873,2.363688637429621,-0.616051775485518
3999,66755909,r,9,-0.7793577768951869,0.05656898473332639,0.11892673227214967,3.438324104483536,-0.7793577768951869
4000,66767512,g,2,-0.34813416441283196,0.07176138330327153,0.07176138330327153,0.2370951026913668,-0.34813416441283196
4001,66767512,i,7,-0.375989494838637,0.35441173399449255,0.5251243652454052,0.9751811007640748,-0.375989494838637
4002,66767512,r,9,-0.14839443879606962,0.25901301991400216,0.44024201884732794,0.7296263792627692,-0.14839443879606962
4003,66796071,i,6,-0.655305801908258,0.06453304579987118,0.12340294001135077,1.9486475112717967,-0.655305801908258
4004,66796071,r,6,-0.591495530451503,0.033689273778387374,0.06048187984656572,1.9781882802391717,-0.591495530451503
4005,66889133,g,2,-0.8018773845812772,0.12376662512802072,0.12376662512802072,1.7153105448652548,-0.8018773845812772
4006,66889133,i,2,-0.23659313572113122,0.27152755529862854,0.2715275552986286,0.573859049569524,-0.23659313572113122
4007,66889133,r,7,-0.4962035205193941,0.08302930997075553,0.31611894376201227,2.404853136712781,-0.4962035205193941
4008,66909206,i,3,-0.4252131565176428,0.05725368851129087,0.10495798286648528,1.0796973637596763,-0.4252131565176428
4009,66909206,r,7,-0.7338327690571501,0.14582050504028787,0.18583961987890363,4.0765018066177205,-0.7338327690571501
4010,66948293,g,3,-0.7895030289481779,0.006359374329997447,0.022079501597499274,1.7926430637012094,-0.7895030289481779
4011,66948293,i,8,-0.5444732334209545,0.032280806864242506,0.05712195393114261,1.8006580189508021,-0.5444732334209545
4012,66948293,r,11,-0.6701819316547598,0.021804220225990156,0.09466394389052302,3.3697306173198855,-0.6701819316547598
4013,66967890,i,4,-0.36962840805240904,0.11502964710001834,0.15485360814166926,1.0122397234094143,-0.36962840805240904
4014,66967890,r,6,-0.6405468798592064,0.16691136978694426,0.3570111436363741,2.0506838052859973,-0.6405468798592064
4015,66976005,i,5,-0.40405157346576526,0.16788295647516882,0.30613491218438516,1.136076085115061,-0.40405157346576526
4016,66976005,r,5,-0.6920580636070277,0.07851190815701492,0.15142909353665157,2.6359787466789513,-0.6920580636070277
4017,67022416,g,6,-0.732367814308691,0.08073596363185537,0.14652539553823984,1.922079399016399,-0.732367814308691
4018,67022416,i,5,-0.16960239028562285,0.2980101509305314,0.3637653001552275,0.32125028247026044,-0.16960239028562285
4019,67022416,r,10,-0.47589671947291345,0.20732784830071582,0.37572134925029865,1.336163499459171,-0.47589671947291345
4020,67022416,u,3,-1.3378246209927434,0.019558261938907417,0.021552375651023636,1.7000482189053272,-1.3378246209927434
4021,67026928,i,7,-0.20095760330190315,0.07445129836157283,0.1010575145429605,0.2685680882016079,-0.20095760330190315
4022,67026928,r,9,-0.41668238164035043,0.01934873587117314,0.029476597117877368,0.888670393112482,-0.41668238164035043
4023,67052383,g,4,-0.3794508829838278,0.03429863756774387,0.05538561505398215,0.4979703112394819,-0.3794508829838278
4024,67052383,i,9,-0.16757842072756837,0.020153297092631778,0.03240780714087266,0.16031326378121802,-0.16757842072756837
4025,67052383,r,11,-0.3936469977815703,0.022229855699114398,0.07028150448586379,0.8563351112286605,-0.3936469977815703
4026,67057489,g,2,-0.5588430697847142,0.2991181490947863,0.2991181490947863,1.0102930298301802,-0.5588430697847142
4027,67057489,i,3,0.542450497293565,0.1830732983901261,0.551862754489074,1.5617471623798218,0.542450497293565
4028,67057489,r,5,0.125253344224367,0.20135834456169827,0.3313731066235322,0.8372492303497076,0.125253344224367
4029,67105456,i,11,-1.4216383431579485,0.16369869416258043,0.28753231672133683,8.925931832672006,-1.4216383431579485
4030,67105456,r,7,-1.4805431687779564,0.06162523059826519,0.12729299711191122,12.400959627548085,-1.4805431687779564
4031,67107309,g,2,-0.7507106741997763,0.4048471032386908,0.4048471032386909,1.004885288625447,-0.7507106741997763
4032,67107309,i,5,-0.7694479284560533,0.006867579058507878,0.01078870081419514,3.60062659632288,-0.7694479284560533
4033,67107309,r,6,-1.0490928298502955,0.10127758946553445,0.26298129962274386,6.13882329967229,-1.0490928298502955
4034,67132095,i,8,-1.7125743934310282,0.06316561436602963,0.12111151008654697,16.002294397349846,-1.7125743934310282
4035,67132095,r,8,-1.8892767961180188,0.15537865186158284,0.2520729878108492,15.177567196295392,-1.8892767961180188
4036,67144558,i,6,0.624352482056723,0.1441085281509386,0.4061664454134013,2.720880026730726,0.624352482056723
4037,67144558,r,10,0.1248253977987647,0.23819333071455745,0.4369121307705447,0.6403003098136734,0.1248253977987647
4038,67254655,g,2,-0.6421967709557393,0.08785431710196756,0.08785431710196767,1.5123247907585322,-0.6421967709557393
4039,67254655,i,6,-0.24978488632151355,0.14234834505631128,0.48169932623900685,0.9254620360196556,-0.24978488632151355
4040,67254655,r,3,-0.321257758531833,0.035881803343940366,0.058653892818386566,0.6487991474173255,-0.321257758531833
4041,67342850,g,5,0.31319457557618713,0.02312398072198807,0.1885472296041234,0.21686466113975045,0.31319457557618713
4042,67342850,i,6,-0.0989990724800434,0.10491586480815207,0.1830422889568731,0.13957654578472808,-0.0989990724800434
4043,67342850,r,6,0.5332890780443921,0.07991538130525352,0.16131306622710306,1.1424209757719874,0.5332890780443921
4044,67417453,g,5,-0.9738272368702203,0.04654576639572339,0.7922687357854441,0.6075660854798254,-0.9738272368702203
4045,67417453,i,9,-0.7828365890915643,0.12892570991926555,0.4995972272052207,3.3917123270015392,-0.7828365890915643
4046,67417453,r,6,-0.4701988189179525,0.4749327427628511,0.8760997304505359,1.5555862936050875,-0.4701988189179525
4047,67424219,i,8,-1.6584046446950775,0.089940198434725,0.18504833663866127,14.120337605283936,-1.6584046446950775
4048,67424219,r,3,-1.5579444635203283,0.02270050489032216,0.04622885850882663,14.37894173363569,-1.5579444635203283
4049,67454998,g,3,-0.5604294959712066,0.007364252038756902,0.416816391308823,0.8150436157537623,-0.5604294959712066
4050,67454998,i,8,-0.2646151969879835,0.030997637923219384,0.13345936216151902,0.322410677515139,-0.2646151969879835
4051,67454998,r,6,-0.5220913785220982,0.05630002017324415,0.3900427398023229,1.431230202226211,-0.5220913785220982
4052,67545165,g,2,-0.6696063290181424,0.5412944674683704,0.5412944674683704,2.5109729756587837,-0.6696063290181424
4053,67545165,i,6,-0.3260022656981212,0.4733603096430052,0.8857184027666463,1.9737093780185606,-0.3260022656981212
4054,67545165,r,4,-0.11074298939504595,0.0369800408704202,0.18965251226609098,0.7490055656938553,-0.11074298939504595
4055,67551191,i,7,-0.6398390776333065,0.0294450873937373,0.13707596192752636,1.8989191447662221,-0.6398390776333065
4056,67551191,r,5,-0.9941795004908975,0.09027666011417534,0.12012789910077126,4.488347816110932,-0.9941795004908975
4057,67567499,i,8,-0.5890584262098799,0.08366173552200529,0.15355844574186606,1.8440900185477194,-0.5890584262098799
4058,67567499,r,10,-0.9837429165840085,0.14564222578919628,0.38565603224776346,4.510291195287551,-0.9837429165840085
4059,6756760,i,12,-0.10014916561544557,0.2885510690176136,0.6359815020109081,1.287326537994215,-0.10014916561544557
4060,6756760,r,9,-0.34089429221245005,0.17393976656044852,0.9780710962011773,2.4573615615464863,-0.34089429221245005
4061,67568155,i,5,-1.3576756105676102,0.1662581844937956,0.3035863072818048,10.343863891509287,-1.3576756105676102
4062,67568155,r,6,-1.6007277885065425,0.05966155102014681,0.09603299550490485,13.88964897312939,-1.6007277885065425
4063,67595990,g,3,-1.1334638907840482,0.10641435737241656,0.12504030994904936,1.65402401029415,-1.1334638907840482
4064,67595990,i,13,-0.3997131336352032,0.14984059918433956,0.4318749392836516,0.9883993239080273,-0.3997131336352032
4065,67595990,r,11,-0.9350014789427856,0.18710229671951462,0.48411303913503323,2.392026120307084,-0.9350014789427856
4066,67625609,i,6,-0.8977001727792795,0.09723049383621807,0.181604492739028,4.322012332881203,-0.8977001727792795
4067,67625609,r,7,-0.8545187645429464,0.07401294348157927,0.1429845456410742,3.7906924495511007,-0.8545187645429464
4068,67650285,g,2,-0.6103318559826802,0.48614147255819473,0.48614147255819473,0.5081722950102799,-0.6103318559826802
4069,67650285,i,5,-0.6676207417663282,0.3063076603134218,0.6874476615026492,1.6843976016042768,-0.6676207417663282
4070,67650285,r,6,-0.3966500131192552,0.1952067055205995,0.3317569542175089,0.4298445843842858,-0.3966500131192552
4071,67656020,g,5,-0.6125378851184369,0.3368359303139159,0.5948930955067828,1.3200350019579021,-0.6125378851184369
4072,67656020,i,18,-0.23182051923665112,0.07760587706275794,0.17374207995188698,0.5330324262636094,-0.23182051923665112
4073,67656020,r,15,-0.5172735806244426,0.19509081167101638,0.38350664852201405,1.7293907212277502,-0.5172735806244426
4074,67840078,g,5,-1.137217972557707,0.1382519512238234,0.2541083622914755,1.2562371144609201,-1.137217972557707
4075,67840078,i,11,-0.7230658796782814,0.13605290309711893,0.3067268651021634,3.2204071204172324,-0.7230658796782814
4076,67840078,r,12,-1.1386623934888775,0.07704574152330457,0.15460083240589007,4.365050172259128,-1.1386623934888775
4077,67842788,g,6,-0.13819077166547844,0.24025209254027347,0.468294395457922,0.4629122006156645,-0.13819077166547844
4078,67842788,i,6,-0.3228631988283636,0.09503711582321828,0.14949755815821342,0.6046356755618092,-0.3228631988283636
4079,67842788,r,5,-0.3023230902763467,0.022956240500776326,0.06812435080352991,0.4216557053914577,-0.3023230902763467
4080,67849821,g,3,-0.6287361954949631,0.05309161640424476,0.08101172319096128,0.8562753560863161,-0.6287361954949631
4081,67849821,i,3,-0.7343787398438008,0.007875553801151347,0.09843866686619462,2.9525224197856734,-0.7343787398438008
4082,67849821,r,7,-0.8868468486617478,0.21778961879124625,0.30805426439499295,2.8293429650896766,-0.8868468486617478
4083,67850252,i,5,-2.0329167743724064,0.020174919434466698,0.2400304107480271,23.28140448767188,-2.0329167743724064
4084,67850252,r,5,-1.8794454389598605,0.06414424683955033,0.14489338735422064,24.16812365971221,-1.8794454389598605
4085,67887004,i,8,-0.5536766186418638,0.047768350843312546,0.06980002931521356,2.0511558981378157,-0.5536766186418638
4086,67887004,r,11,-0.7206606047178246,0.04825066245370535,0.22313303642219484,4.148704039334717,-0.7206606047178246
4087,67891078,i,7,-1.3326385165982833,0.15270483071035845,0.20286292615465995,7.949707088853996,-1.3326385165982833
4088,67891078,r,4,-1.3591101494157805,0.1325887967731637,0.23874627895193412,6.55919358672177,-1.3591101494157805
4089,67896007,i,5,-2.3599550001323992,0.03359879627318296,0.07965454444539954,35.855464105173716,-2.3599550001323992
4090,67896007,r,8,-2.485413646876289,0.06195994631809687,0.10749916690170558,31.05278511015018,-2.485413646876289
4091,67949826,g,8,-0.42901041987220667,0.10444169878620202,0.20537477705233825,1.0712317665437543,-0.42901041987220667
4092,67949826,i,5,-0.5468530002386602,0.10711869679464325,0.32457411700849914,2.0764225384592914,-0.5468530002386602
4093,67949826,r,9,-0.6264613789078028,0.030841153580040692,0.2750673031744171,1.9672184070079877,-0.6264613789078028
4094,67977956,i,8,-0.32097289400738194,0.36893868375389866,0.704327038080243,1.3340127254009693,-0.32097289400738194
4095,67977956,r,7,-0.7742200777372666,0.3330924032410747,0.6127714223791403,4.957683551832994,-0.7742200777372666
4096,67977956,u,2,-1.8643117933301039,0.09633181476224517,0.09633181476224495,2.770413780393291,-1.8643117933301039
4097,68067853,i,7,-1.0628504313801899,0.14671141275660804,0.3056076236268028,6.487528910210231,-1.0628504313801899
4098,68067853,r,4,-1.0262929714201716,0.03028959191410152,0.05773710692706446,4.553190536505614,-1.0262929714201716
4099,68085143,g,4,-1.3968417032914382,0.11782212679167703,0.20303252792062,3.0405967913071303,-1.3968417032914382
4100,68085143,i,10,-2.424375779488739,0.11070195379584935,0.19980713471539335,30.58261821623996,-2.424375779488739
4101,68085143,r,9,-2.174080085966737,0.1306994603846685,0.21606869950068353,19.58030984394759,-2.174080085966737
4102,68103819,i,5,0.11387507256668938,0.1824133576605409,0.3275645481895061,0.3083181276955581,0.11387507256668938
4103,68103819,r,5,-0.08214591204887528,0.49906924444668327,0.8496751237263132,3.040752402111342,-0.08214591204887528
4104,68123730,g,3,-0.5064457140025573,0.03555405116053856,0.12327003178577911,0.48096002693225826,-0.5064457140025573
4105,68123730,i,9,-0.6838995828805757,0.06988200014152779,0.10656443239474678,3.6627264176825998,-0.6838995828805757
4106,68123730,r,9,-0.8922992905510001,0.08572738172572092,0.11032062853193181,4.585415147718051,-0.8922992905510001
4107,68147458,i,15,-1.3098243549348723,0.0660721104845281,0.12546713040196478,8.477626830101217,-1.3098243549348723
4108,68147458,r,9,-1.3767379064613294,0.07715345079572611,0.11026620466866577,7.645090356373473,-1.3767379064613294
4109,68202762,g,2,-0.7793812290817173,0.01680634339691589,0.01680634339691589,2.2455920635816353,-0.7793812290817173
4110,68202762,i,6,-0.701374098619229,0.07282636014202037,0.11103117716770916,2.310878137290051,-0.701374098619229
4111,68202762,r,12,-0.864579579841144,0.09163356694566643,0.2992975064629859,2.6576708682602765,-0.864579579841144
4112,68205407,g,10,-0.6045543174933619,0.06856462246333228,0.15798189383755473,0.7350896728903584,-0.6045543174933619
4113,68205407,i,14,-0.014454970374033732,0.09010024088929977,0.14471414614233796,0.2191323286471985,-0.014454970374033732
4114,68205407,r,17,-0.38769284348234456,0.17869828650835862,0.30540694808076085,1.258859490630113,-0.38769284348234456
4115,68205407,u,4,-1.073301993136257,0.13847419033513275,0.19086352135635776,0.8648647638495955,-1.073301993136257
4116,68223644,g,3,-0.43508986020178275,0.06718191034643883,0.132425288861156,0.5063172400766082,-0.43508986020178275
4117,68223644,i,2,-0.833441119720247,0.10734296386029019,0.10734296386029007,3.726205290642524,-0.833441119720247
4118,68223644,r,6,-0.8379771261047391,0.1572938703560131,0.3000065715885265,3.0502425882097044,-0.8379771261047391
4119,68282651,i,9,-0.5321869956186955,0.05092094650127876,0.10546869671113757,1.6692525444784703,-0.5321869956186955
4120,68282651,r,3,-0.8869212185936477,0.05291814549990148,0.08812657705597693,2.7807137771777577,-0.8869212185936477
4121,68378871,g,3,-1.1636733449940382,0.2976072724599874,0.3088487802057065,1.7818988169167609,-1.1636733449940382
4122,68378871,i,5,-0.9944464286233792,0.05968871435419487,0.08980307955688027,6.538138813910218,-0.9944464286233792
4123,68378871,r,3,-1.2804199461357253,0.021738712204421473,0.03990707748221878,8.041186901479369,-1.2804199461357253
4124,68422600,g,2,-0.6406207463883166,0.2978894170379637,0.2978894170379636,1.8892688794966401,-0.6406207463883166
4125,68422600,i,7,-1.071904419290392,0.041862002844528234,0.09754640459736219,6.04654692554885,-1.071904419290392
4126,68422600,r,6,-1.2542857929097786,0.032322473545873365,0.05346925020435367,7.5348298289618585,-1.2542857929097786
4127,68424675,i,8,-0.12776489295760945,0.14133945380513924,0.289486485037309,0.28551886374720953,-0.12776489295760945
4128,68424675,r,9,-0.44507191947920366,0.19939905963766424,0.3996517567579554,1.2585693645627738,-0.44507191947920366
4129,68501397,g,2,-1.4491152841648192,0.10262439323304895,0.10262439323304906,6.049575126516723,-1.4491152841648192
4130,68501397,i,10,-1.746734189703111,0.12041885046056089,0.2019991059545836,15.199169605696095,-1.746734189703111
4131,68501397,r,6,-1.7358594546980828,0.05420991577031342,0.08618333247951804,13.295318545336405,-1.7358594546980828
4132,68559403,i,5,-0.597522875883124,0.0902234964202725,0.09196960667908194,2.168423072139651,-0.597522875883124
4133,68559403,r,5,-0.9988524188683205,0.02035299298011961,0.0606556443434112,4.406687154132653,-0.9988524188683205
4134,68569991,g,4,-0.9550325341626711,0.05255103769014624,0.09350572845024085,1.9400307516929205,-0.9550325341626711
4135,68569991,i,6,-0.5598630482172147,0.07018403984602539,0.11896794638352648,1.7781661367988721,-0.5598630482172147
4136,68569991,r,6,-0.8728442318389257,0.13683260036072542,0.21914527725839827,5.174762837749946,-0.8728442318389257
4137,68577454,g,3,-0.05526088039162369,0.14839320614111973,0.17569674692088078,0.04145305414503548,-0.05526088039162369
4138,68577454,i,10,-0.5218443480304176,0.0787136779191854,0.14517332472303895,1.8038748027287426,-0.5218443480304176
4139,68577454,r,6,-0.3883210366004459,0.2548189840854475,0.40056934630814467,1.1839125694589143,-0.3883210366004459
4140,68585210,g,2,-0.07860959961190495,0.5270945949159229,0.5270945949159229,0.1910450279571466,-0.07860959961190495
4141,68585210,i,5,-0.6932936909903028,0.030910236554300807,0.04401055984900093,2.262564845009895,-0.6932936909903028
4142,68585210,r,8,-1.3682255219860506,0.07154270596380208,0.27064708222324496,4.5852459217287,-1.3682255219860506
4143,68593988,i,6,-1.1908503861243722,0.08762867779727357,0.214620192610385,6.034881389347007,-1.1908503861243722
4144,68593988,r,7,-1.243711386239205,0.08915528836499731,0.14463757726647475,7.623348482980824,-1.243711386239205
4145,68595385,i,6,-0.5161956352951238,0.05434550996131696,0.0968010409787391,1.7416663888009183,-0.5161956352951238
4146,68595385,r,6,-0.7579797810482523,0.08634464860828572,0.16081642777609806,4.044898382540747,-0.7579797810482523
4147,68663506,i,8,0.8445623961033686,0.12945380611345136,0.40571167850743484,3.213632062891992,0.8445623961033686
4148,68663506,r,9,0.16159125996550283,0.6654250686300259,1.151261687855146,1.9877146592500041,0.16159125996550283
4149,68702385,i,17,-1.1558715342405423,0.07961905955777016,0.14158485118502528,6.761990786699967,-1.1558715342405423
4150,68702385,r,16,-1.2373128941770137,0.05683222222261741,0.13646259124452764,9.078196471206706,-1.2373128941770137
4151,68771903,g,3,-0.7945443537653248,0.0726172556957706,0.24645341033033996,1.5405442226074053,-0.7945443537653248
4152,68771903,i,4,-1.0115277722024296,0.10679867510889118,0.11494852296924796,3.872969048730603,-1.0115277722024296
4153,68771903,r,5,-0.9893413928960741,0.06141050543158921,0.07151090297023766,5.856943587615457,-0.9893413928960741
4154,68815831,i,11,-1.3198043198669978,0.09751753453300438,0.13654218826521913,9.343823916598348,-1.3198043198669978
4155,68815831,r,8,-1.2479871523499542,0.09077773869142125,0.16062753568339372,5.751627842191905,-1.2479871523499542
4156,6886822,i,7,-0.4657380038207954,0.05241353264963522,0.17183515056989784,1.3135518741584924,-0.4657380038207954
4157,6886822,r,7,-0.7608693730853686,0.042850164973125215,0.11135842321371503,4.1490370304461,-0.7608693730853686
4158,6893659,g,4,-0.5647496396642473,0.041547397046075796,0.06628542655984349,1.1587528197903942,-0.5647496396642473
4159,6893659,i,5,-0.6673961140462932,0.022469338499788938,0.03415670160012496,2.4446786458672833,-0.6673961140462932
4160,6893659,r,3,-0.7488518482644855,0.08195128307427446,0.0858378096696315,3.6869569912172566,-0.7488518482644855
4161,69119781,i,7,-2.0454053417851683,0.20109539656291053,0.2731964583807298,20.348795401268326,-2.0454053417851683
4162,69119781,r,4,-2.2697766821036383,0.10121200200538727,0.12458341008681995,19.530899373149445,-2.2697766821036383
4163,69254185,i,4,-2.078687474811044,0.1580176290812616,0.26046989758158046,25.27731545345547,-2.078687474811044
4164,69254185,r,8,-2.0274386541369016,0.04453243375902871,0.06210505263353161,22.044925091691642,-2.0274386541369016
4165,69260721,g,2,-0.3896340838235306,0.18231912119912352,0.18231912119912352,0.3607841602849845,-0.3896340838235306
4166,69260721,i,11,-0.23678576055867384,0.21001240195346127,0.3069607368921561,0.6076922430926575,-0.23678576055867384
4167,69260721,r,10,-0.2240349055747895,0.2109855094195568,0.4172927459132856,0.3548958915495412,-0.2240349055747895
4168,69295321,g,2,-0.3871800314252273,0.3461433059315461,0.34614330593154613,0.7709940685371247,-0.3871800314252273
4169,69295321,i,6,-0.9257344624973662,0.04068350271489868,0.0626905371570674,3.8261339538537147,-0.9257344624973662
4170,69295321,r,6,-1.0475869765489811,0.043681472220801376,0.06737016275719032,6.1490318601204494,-1.0475869765489811
4171,6934592,g,3,-0.8762985085980808,0.04061190046907992,0.08817645142869468,1.2908131264532294,-0.8762985085980808
4172,6934592,i,3,0.07325639337918899,0.3994794453439011,0.538685095005076,0.9552180498222915,0.07325639337918899
4173,6934592,r,7,-0.4990301420858472,0.08490731512055127,0.1716328010702588,1.2120796656977713,-0.4990301420858472
4174,6935565,i,6,-0.6995245753255519,0.13020721161829812,0.23745767628463754,2.828457343448687,-0.6995245753255519
4175,6935565,r,4,-0.655458367983405,0.011762250463626223,0.04028465735717235,1.7335584061655887,-0.655458367983405
4176,69360840,i,5,-0.11631395515940668,0.48277463649027025,0.7372383136523133,1.4677072900704133,-0.11631395515940668
4177,69360840,r,8,-0.4522315958831266,0.1643892602593272,0.2493192492490437,0.9035927459434526,-0.4522315958831266
4178,69368683,i,13,-0.7267454349262957,0.06716958848738297,0.10582190703472283,3.57053220992799,-0.7267454349262957
4179,69368683,r,13,-0.9471535337771015,0.08943118386062676,0.11763988129929959,5.448092765543515,-0.9471535337771015
4180,69380131,g,3,-0.5877764947388204,0.06697160976007144,0.14702679730878243,0.41924806521286767,-0.5877764947388204
4181,69380131,i,10,-0.3198863001437261,0.30860042162346424,0.5441852245461607,0.6893826466265287,-0.3198863001437261
4182,69380131,r,12,-0.7308378338844836,0.2834829672166358,0.5976665839290187,1.8890055957236693,-0.7308378338844836
4183,69480871,i,8,-0.21122116102564714,0.09497468983405932,0.15733518157786242,0.4643845738416916,-0.21122116102564714
4184,69480871,r,6,-0.35532639273827354,0.07855998528874741,0.12139591373698566,0.7478630691051874,-0.35532639273827354
4185,69513258,i,5,-0.5820398832331031,0.07304733343435832,0.19567647053547943,2.357275878057271,-0.5820398832331031
4186,69513258,r,6,-0.8597462269243699,0.04662488837199252,0.08504111797070824,3.891635733682515,-0.8597462269243699
4187,69521459,i,7,-1.1036362804545918,0.10412379078701117,0.18553956787035852,5.850524001959298,-1.1036362804545918
4188,69521459,r,4,-0.9369298689943568,0.1231752994286428,0.2929857267978916,6.278358244339129,-0.9369298689943568
4189,69536502,i,6,-1.312981806064757,0.14129971162578103,0.30391764171229574,9.798633846899163,-1.312981806064757
4190,69536502,r,6,-1.2253399885155987,0.03355887118306211,0.07088261906386384,8.498673112564033,-1.2253399885155987
4191,69590523,g,2,-0.42821555547095347,0.24144839293539677,0.24144839293539677,0.5761076150622491,-0.42821555547095347
4192,69590523,i,3,0.7746862044033691,0.272746597782344,0.7084045691865737,3.1751694859909496,0.7746862044033691
4193,69590523,r,10,-0.17507257060179293,0.13873167437102552,0.23522731809032746,2.1741433952226332,-0.17507257060179293
4194,69596341,g,3,-0.7341537940868683,0.034855912532009814,0.05193861646201936,1.2137093357594766,-0.7341537940868683
4195,69596341,i,4,-0.2329374473899629,0.042786770254987394,0.08069256957605861,0.17940621588463537,-0.2329374473899629
4196,69596341,r,4,-0.3799207938507762,0.08024881997729805,0.12613745623667483,0.3636435065071785,-0.3799207938507762
4197,69658025,g,3,-0.7541000245565439,0.03645059382850535,0.05108513376792956,1.9601832829387689,-0.7541000245565439
4198,69658025,i,5,-0.6190993203132351,0.06252819510997298,0.08081796946852327,2.1443916551798794,-0.6190993203132351
4199,69658025,r,7,-0.8486949523718381,0.13548511171480848,0.2950695836257169,4.309451387764953,-0.8486949523718381
4200,69694949,g,2,-0.6311268626015311,0.3329580244161753,0.3329580244161752,1.3486025876500671,-0.6311268626015311
4201,69694949,i,7,-0.6330182951432323,0.03923428045703825,0.0752474060830437,1.7573367466497984,-0.6330182951432323
4202,69694949,r,5,-1.024010043726172,0.021932124899738392,0.05675352134899114,4.948369942054894,-1.024010043726172
4203,69700663,g,3,-0.8435749065864133,0.09500310302641013,0.12288048533224694,2.466380624500457,-0.8435749065864133
4204,69700663,i,7,-0.8953911794180109,0.09285667651206775,0.19248724812225682,3.615058789941044,-0.8953911794180109
4205,69700663,r,2,-0.6733220513709206,0.15653294680807428,0.15653294680807428,2.701838618718321,-0.6733220513709206
4206,69704724,g,2,-1.2786594928174113,0.11578662424743813,0.11578662424743813,2.4513964208064105,-1.2786594928174113
4207,69704724,i,9,-2.17489739955582,0.08221107029606012,0.24191514086939647,28.574937481479747,-2.17489739955582
4208,69704724,r,10,-2.377715746854253,0.047749761231966836,0.12635162844558545,26.700777491041926,-2.377715746854253
4209,69704842,i,16,-0.8308969190439075,0.1029760239955651,0.21041735612699852,4.3614917163314075,-0.8308969190439075
4210,69704842,r,13,-1.1883668447645357,0.15631717337067363,0.4146778428626883,7.387957117327559,-1.1883668447645357
4211,6974567,g,2,-0.5071665134917127,0.4301776999020481,0.4301776999020481,1.7645884872587885,-0.5071665134917127
4212,6974567,i,6,-0.19960216353460442,0.2099489375801939,0.408920174846369,0.4546468360489125,-0.19960216353460442
4213,6974567,r,8,-0.043563227642056924,0.23511737832615165,0.47209361735843014,0.6764387017646211,-0.043563227642056924
4214,6974567,u,3,-0.41246659014522047,0.21495624008591618,0.7851372984774486,0.5431624365180975,-0.41246659014522047
4215,69847993,i,14,-0.20957636293926407,0.10810443472475251,1.4117098648193636,3.497040331255455,-0.20957636293926407
4216,69847993,r,12,-0.25870367046951537,0.3332207457913462,1.5656843387419024,3.9537968593464767,-0.25870367046951537
4217,69847993,u,4,0.5712765495735231,0.03299022830295084,0.12326109267677077,0.5242390967841147,0.5712765495735231
4218,6989660,i,5,-2.1490680484244318,0.05291385825181205,0.10557060241618199,23.2737513654412,-2.1490680484244318
4219,6989660,r,8,-2.1186615636063126,0.10772892855930016,0.1558119945106613,20.586554261576527,-2.1186615636063126
4220,69908295,i,6,-0.23488390946145118,0.03149852098441863,0.05003098122986743,0.4567200048888484,-0.23488390946145118
4221,69908295,r,5,-0.2319314425504505,0.019665350581741126,0.024845111601067282,0.7187707765499203,-0.2319314425504505
4222,69945550,i,9,-0.30173225794694936,0.10357383443415091,0.1806932814924572,0.8534035374492768,-0.30173225794694936
4223,69945550,r,10,-0.6553842825925262,0.0854156568552436,0.25120681574074666,3.6524137001672217,-0.6553842825925262
4224,69988470,g,2,-0.35696719282120715,0.09484216588040406,0.09484216588040406,0.5321700330097294,-0.35696719282120715
4225,69988470,i,7,-1.0334388267189787,0.19647500992706035,0.30921295097105217,6.562709129510305,-1.0334388267189787
4226,69988470,r,8,-1.0224515652347836,0.0663802613121941,0.3446994938642993,5.349690777597842,-1.0224515652347836
4227,70049305,i,6,-1.4922153625320655,0.12558572582049066,0.23824638735460257,11.720814168940066,-1.4922153625320655
4228,70049305,r,5,-1.543264085658108,0.041807715491067876,0.05337665411470249,14.675078860826364,-1.543264085658108
4229,70079301,g,4,-0.7433638634089644,0.09124776844323401,0.21558773611367132,1.095413989356008,-0.7433638634089644
4230,70079301,i,15,-1.0016451186263569,0.06846943540583172,0.18068058162196698,4.794337665221479,-1.0016451186263569
4231,70079301,r,7,-1.0761202253840192,0.04064602299929798,0.07274796153109708,7.3050550314810225,-1.0761202253840192
4232,70081972,g,4,-0.683698486135225,0.18928523231581984,0.29293994095942155,0.5943415980581149,-0.683698486135225
4233,70081972,i,7,-1.2702860784155898,0.06145086478788864,0.10195138436976947,10.005458618473146,-1.2702860784155898
4234,70081972,r,7,-1.544074480680181,0.10596602541426048,0.16119193094726025,10.338245026324998,-1.544074480680181
4235,70156966,i,6,-1.3935317867137087,0.05038100992061245,0.0829342192180702,10.728088957921903,-1.3935317867137087
4236,70156966,r,5,-1.4093411415187487,0.03468572387421798,0.03702995856682323,10.997186619663605,-1.4093411415187487
4237,70191432,i,7,-1.650054156304893,0.20678219151167543,0.30317587971309856,14.981862855329183,-1.650054156304893
4238,70191432,r,4,-1.5327600392584362,0.040951304422092494,0.06242059035909486,8.158364525352905,-1.5327600392584362
4239,70209179,i,6,-0.9861694013274159,0.09085832504174618,0.15007366151343626,5.3254860222379365,-0.9861694013274159
4240,70209179,r,8,-1.10643369545739,0.18413635535317308,0.26322400153530134,5.085557400755512,-1.10643369545739
4241,70227953,g,4,-0.5854852166994389,0.022297660610089032,0.05160874882248179,1.682919215460449,-0.5854852166994389
4242,70227953,i,5,-0.5969025007862387,0.033299116509641236,0.06850777154313215,1.5964906098913558,-0.5969025007862387
4243,70227953,r,6,-0.7167570534791131,0.03444052083455479,0.058647645220482714,3.2789950946880584,-0.7167570534791131
4244,70234855,g,2,-0.7184662704291384,0.024937405121937872,0.024937405121937983,2.24452537445834,-0.7184662704291384
4245,70234855,i,7,-0.42390203045376607,0.04885546702978649,0.13417711384046027,0.8668755908708975,-0.42390203045376607
4246,70234855,r,9,-0.3537959765096528,0.1455642249106046,0.3121146221082337,0.7169298798041411,-0.3537959765096528
4247,70277778,g,5,-0.9585218792807775,0.07646833273323561,0.09020693702342486,1.631120136165034,-0.9585218792807775
4248,70277778,i,9,-0.8864346827414745,0.07209119713260048,0.09524049789842226,4.247091123680212,-0.8864346827414745
4249,70277778,r,12,-1.1935979680131406,0.04708729626902863,0.0963001824074401,7.623373666522831,-1.1935979680131406
4250,70306998,i,15,-0.16528408467761202,0.1627579333115517,0.3821633223763958,0.6303882347550968,-0.16528408467761202
4251,70306998,r,8,-0.528455198863052,0.2595062742345322,0.4520920054777024,2.08501384175982,-0.528455198863052
4252,70306998,u,2,-1.761796606018298,0.12032720947320752,0.12032720947320774,2.600403556416108,-1.761796606018298
4253,70372704,g,2,-0.22428262689854006,0.0474390318333382,0.0474390318333382,0.08310341452642656,-0.22428262689854006
4254,70372704,i,14,0.03334112192588867,0.22019647904688422,0.5479270814930348,0.9304537433979908,0.03334112192588867
4255,70372704,r,11,-0.3741734979230267,0.2273979851505048,0.4809382584267186,0.8570505726802299,-0.3741734979230267
4256,70496653,g,4,-0.7406124152857019,0.002686965819111986,0.028342710306875962,1.9137296631671026,-0.7406124152857019
4257,70496653,i,6,-0.8206673190090051,0.040881714917935075,0.07038478256248526,3.9502480978658885,-0.8206673190090051
4258,70496653,r,8,-0.9036021905978797,0.02431898171032504,0.10473140194555397,5.889475738735961,-0.9036021905978797
4259,70514939,i,7,-2.420163804090966,0.04393292365315693,0.13115087293617078,30.435125998360043,-2.420163804090966
4260,70514939,r,5,-1.9244050663963654,0.10707660949900255,0.15839117414838766,24.689148216598294,-1.9244050663963654
4261,70550317,g,3,-1.0831062111754748,0.06160064325540615,0.06542092897857521,1.9003500591285565,-1.0831062111754748
4262,70550317,i,11,-1.181670793574076,0.03873419115468968,0.110164756869922,5.888964519346049,-1.181670793574076
4263,70550317,r,8,-1.4299701783710017,0.07704409802869783,0.14515805998301246,6.382003496974825,-1.4299701783710017
4264,70552438,i,10,-0.32936632641017405,0.15460056934194577,1.0121724119943865,2.8310813168052182,-0.32936632641017405
4265,70552438,r,8,0.05908280739830096,0.4726338436038951,1.1251712426044762,1.404505739319682,0.05908280739830096
4266,70630086,g,2,-0.7073968038032544,0.19043495924906118,0.19043495924906106,1.4791788829628234,-0.7073968038032544
4267,70630086,i,7,-1.368837790953239,0.08195100196173821,0.10924240362038518,10.136982206946525,-1.368837790953239
4268,70630086,r,2,-1.2369038647755812,0.17534046833270722,0.17534046833270733,5.7819194533783485,-1.2369038647755812
4269,70761687,g,2,-0.9007316441283962,0.28839323334989275,0.28839323334989264,1.3837119818336938,-0.9007316441283962
4270,70761687,i,4,0.3467475372254929,0.06429055287018293,0.36813040677450937,1.0360522656790305,0.3467475372254929
4271,70761687,r,8,-0.09948745776135753,0.15387669359611006,0.2939262427190919,0.4375660024292206,-0.09948745776135753
4272,70846297,g,3,-0.7864985190319289,0.032452355222478246,0.05081841549163191,2.336412338035489,-0.7864985190319289
4273,70846297,i,9,-0.14495298551770192,0.050642186310807635,0.13538266640342544,0.19141486217424747,-0.14495298551770192
4274,70846297,r,4,-0.20300047640084157,0.010271694850801913,0.024727830487668384,0.2408841266693374,-0.20300047640084157
4275,70859158,i,6,-0.8597419527487862,0.2402466017903107,0.385170319836291,3.735339627787138,-0.8597419527487862
4276,70859158,r,6,-1.014963026513259,0.017436733972165497,0.058412091710606795,4.564575162948782,-1.014963026513259
4277,70863492,g,6,-0.6785387638833582,0.18458302371402646,0.3371898839005092,0.7587685738739713,-0.6785387638833582
4278,70863492,i,12,-0.4944373868694101,0.13081583133912408,0.25197615452078176,1.669110143882169,-0.4944373868694101
4279,70863492,r,13,-0.6847624774943583,0.14109874526926391,0.3099022579660502,3.0068939465146554,-0.6847624774943583
4280,70914746,g,5,-0.7208837180561938,0.02455737451246931,0.044761394170165336,1.2942009894090716,-0.7208837180561938
4281,70914746,i,5,-0.9024588478831695,0.09339717680062154,0.16816094205626175,4.501823534982707,-0.9024588478831695
4282,70914746,r,2,-0.9550029433161085,0.010284709332330333,0.010284709332330277,5.156363618087902,-0.9550029433161085
4283,70937907,i,11,-0.9932998305658992,0.13118669341462208,0.2734587027305939,5.8665746774699565,-0.9932998305658992
4284,70937907,r,9,-1.2836554998548153,0.10548305740930863,0.15752739213611755,8.704506081874035,-1.2836554998548153
4285,70944536,g,2,-0.7037312739589379,0.012915657687016635,0.012915657687016635,1.4361457206904742,-0.7037312739589379
4286,70944536,i,7,0.025913909090670456,0.07069488503720223,0.21505458916140197,0.1289845685861308,0.025913909090670456
4287,70944536,r,7,0.009396420267628242,0.039324519426513216,0.15615640665488778,0.1255722922204458,0.009396420267628242
4288,70944536,u,2,-1.0610501761855133,0.04172310993382711,0.04172310993382711,1.1070548009292256,-1.0610501761855133
4289,71047118,g,3,-0.14166883647322748,0.04506386392458617,0.10798270084022121,0.03624471178213138,-0.14166883647322748
4290,71047118,i,3,-1.03075644505426,0.02201589348098887,0.117244840726493,4.918024513303472,-1.03075644505426
4291,71047118,r,5,-1.2197121769515675,0.059897277637366075,0.11923344407913405,8.655876062784952,-1.2197121769515675
4292,71064001,i,6,0.2143712566324658,0.4752586722636027,1.0410034709505613,2.193207699108907,0.2143712566324658
4293,71064001,r,7,0.3064336420352446,0.5336317770152866,0.6492023871356274,2.546933185609212,0.3064336420352446
4294,71104086,i,6,-0.46809383795570614,0.04420524745969143,0.06717752413524669,1.2118187482877867,-0.46809383795570614
4295,71104086,r,5,-0.4916722826420057,0.05300192237130741,0.05347040937770675,1.4829058418419971,-0.4916722826420057
4296,7110519,g,6,-0.45339396674263854,0.07959028610317098,0.1243470250557952,0.38411338335598905,-0.45339396674263854
4297,7110519,i,4,0.4178544944415741,0.32486145124905663,0.7332834732726708,1.4618590456296061,0.4178544944415741
4298,7110519,r,5,-0.14312312599913335,0.31817686911827114,0.6329300848765572,0.5846427417264415,-0.14312312599913335
4299,71108126,i,10,-1.4927721061324162,0.021356360213091397,0.03510860984515296,11.325216066150013,-1.4927721061324162
4300,71108126,r,9,-1.4860706954365988,0.10735561670840732,0.1461008936969468,8.232650953090362,-1.4860706954365988
4301,71141604,g,3,-0.817166554236536,0.03622036950918428,0.21355622551312037,2.2324290113326195,-0.817166554236536
4302,71141604,i,7,-0.3360201903962723,0.07441742942775947,0.16954598811304966,0.4482462264173889,-0.3360201903962723
4303,71141604,r,8,-0.3996882988808981,0.018907536744341702,0.07238975758023763,0.9942223868533268,-0.3996882988808981
4304,71145435,i,6,0.4424524628989841,0.3955379800227823,0.8229552839189969,1.890965869913266,0.4424524628989841
4305,71145435,r,4,0.11366618114116814,0.37347266061226725,0.6739270261238763,1.3977346520634972,0.11366618114116814
4306,71159220,g,2,-0.7821896236560867,0.0033532748525159084,0.0033532748525157974,0.9820967834417607,-0.7821896236560867
4307,71159220,i,5,-1.0515795109414312,0.026903543314700018,0.03579245778046092,6.507144347443838,-1.0515795109414312
4308,71159220,r,6,-1.041152148001493,0.10781478259633237,0.18178844511647352,6.2223722670207415,-1.041152148001493
4309,71208605,g,5,-0.5279165901821976,0.07149150747672084,0.10039601670457654,0.8848034842519805,-0.5279165901821976
4310,71208605,i,4,-0.20589825924670913,0.12507514721949686,0.3054065552233306,0.3199748749013368,-0.20589825924670913
4311,71208605,r,4,-0.12759933440122093,0.03988334170042568,0.11987719918989796,0.1730460263559874,-0.12759933440122093
4312,71247242,i,8,-0.722580554588082,0.12023617787703367,0.18951115972449084,2.6411880114081967,-0.722580554588082
4313,71247242,r,3,-0.9274370150283359,0.002125277684051463,0.02384913916469944,3.404554708059011,-0.9274370150283359
4314,71253672,i,9,0.08199531665145676,0.4224609996664198,1.254850753805324,1.9129753840623631,0.08199531665145676
4315,71253672,r,5,-0.4641786244157321,0.6072690578909302,0.8936031574309304,2.222692188682479,-0.4641786244157321
4316,71276592,g,3,-0.27613429297606373,0.10510283911709584,0.17228239362861153,0.28541131897000743,-0.27613429297606373
4317,71276592,i,8,0.10117117534222686,0.3013278556570734,0.7347978670662756,0.8861055977423419,0.10117117534222686
4318,71276592,r,11,-0.3970086754816673,0.1478005583269204,0.3207312169273614,0.6924842514720074,-0.3970086754816673
4319,71307200,g,5,-0.4390090230308359,0.08736307398344367,0.15664742697864886,0.6203138612028974,-0.4390090230308359
4320,71307200,i,13,0.09347119787555347,0.13225504990429726,0.44885902955787704,0.4266456467987049,0.09347119787555347
4321,71307200,r,12,-0.42433765890325337,0.164020968304056,0.3115481932209764,1.069042463933937,-0.42433765890325337
4322,71331070,g,4,-0.45839396564727986,0.0653634945314373,0.1275580082608786,0.7685223387335367,-0.45839396564727986
4323,71331070,i,12,-0.18029366906697097,0.07888684945891566,0.15791023803268303,0.331375756980539,-0.18029366906697097
4324,71331070,r,13,-0.30581222030325095,0.1637312176591697,0.33769797139508784,0.4977065775694754,-0.30581222030325095
4325,71350350,g,2,0.10709935731956555,0.08845678605221496,0.08845678605221496,0.038587855217398145,0.10709935731956555
4326,71350350,i,4,-0.16112360440914192,0.05674828281711408,0.14489622361423476,0.27408077678884507,-0.16112360440914192
4327,71350350,r,6,-0.15535338607607296,0.09387824453344462,0.1490951381241427,0.23289117137175405,-0.15535338607607296
4328,713509,g,3,-0.8612703699114181,0.028124923946992286,0.030251251459152084,2.4575252657169386,-0.8612703699114181
4329,713509,i,11,-0.21894399797668818,0.2723809563083437,0.452567807952016,0.931252949157387,-0.21894399797668818
4330,713509,r,10,-0.2903960935371034,0.070595814736585,0.11792034022866629,0.48007068275678033,-0.2903960935371034
4331,713509,u,2,-1.180742584957196,0.0617852850851609,0.06178528508516101,2.3389650746324486,-1.180742584957196
4332,71402867,g,2,-1.021652647871869,0.0032773058707983305,0.0032773058707984415,3.16598831227102,-1.021652647871869
4333,71402867,i,7,-0.08005915216007425,0.2880358976238561,0.5653910271118827,0.6251189022487574,-0.08005915216007425
4334,71402867,r,8,-0.6150073794350737,0.13888154574410075,0.263715355413493,2.0935121863871196,-0.6150073794350737
4335,71409001,i,7,-0.0205803123708852,0.1519042184048771,0.5888385791015578,1.2771517018870782,-0.0205803123708852
4336,71409001,r,6,-0.028959278249454767,0.27507726399196525,0.4515676545977907,0.6879218221068314,-0.028959278249454767
4337,71415771,g,4,-1.1995577785779037,0.10990053389826149,0.19263113312243751,2.7376965623308713,-1.1995577785779037
4338,71415771,i,10,-1.5893556109289846,0.03601999818878454,0.0666240088148291,14.454828340113739,-1.5893556109289846
4339,71415771,r,11,-1.6202769876201701,0.09347070154432924,0.1271940086004908,12.909452106051345,-1.6202769876201701
4340,71453825,g,3,-0.6240637754195029,0.006012228853147672,0.10514500467679877,0.9444130057972391,-0.6240637754195029
4341,71453825,i,11,-0.27089661206246574,0.1848480888034455,0.3735928926613541,0.9169992327139628,-0.27089661206246574
4342,71453825,r,13,-0.5067613451531134,0.06595935911675954,0.09050870848916004,1.6438763591548486,-0.5067613451531134
4343,71483169,g,6,-0.6287357840746528,0.030780032287157866,0.047352645533547455,1.6255012366003394,-0.6287357840746528
4344,71483169,i,6,-0.1313860848859998,0.02531806630528033,0.18995916047377875,0.22879407872633753,-0.1313860848859998
4345,71483169,r,7,-0.27429924101422354,0.04571996570720166,0.0736184708400443,0.38649491727267365,-0.27429924101422354
4346,71485327,g,5,-0.29697364370185175,0.15574978062014244,0.3311842805686249,0.6865964642415233,-0.29697364370185175
4347,71485327,i,11,-0.2017611590580621,0.06946307340591015,0.12411794869018594,0.3078416873575236,-0.2017611590580621
4348,71485327,r,9,-0.260689096208647,0.060343123829170286,0.22816319367640198,0.30911078067721165,-0.260689096208647
4349,71485327,u,2,0.3913869312587883,0.0864436902478507,0.0864436902478507,0.23402191919790383,0.3913869312587883
4350,71530658,g,2,-0.22985557211507368,0.02482851623984228,0.02482851623984228,0.08285504182867559,-0.22985557211507368
4351,71530658,i,5,-0.31508817524412736,0.0508686720758329,0.05215071615030181,0.8779459196308895,-0.31508817524412736
4352,71530658,r,5,-0.5364012796364735,0.06796717530617674,0.14144950680479224,1.784914746749465,-0.5364012796364735
4353,71530658,u,2,0.23321203286720893,0.17012099859100038,0.17012099859100038,0.06988396536411472,0.23321203286720893
4354,71532126,i,6,-0.75974718385927,0.08410499379433978,0.12718075120223638,2.8529673655136634,-0.75974718385927
4355,71532126,r,5,-0.8946468754060561,0.08291902409696617,0.2077475933060582,4.594903742779158,-0.8946468754060561
4356,71553097,g,2,-0.9904416785037247,0.20705493276711695,0.20705493276711684,1.7182952033717682,-0.9904416785037247
4357,71553097,i,5,-2.2113061872899906,0.043567191130566396,0.40200783925991646,26.281187474560785,-2.2113061872899906
4358,71553097,r,9,-1.9928503728172031,0.03844646652400474,0.12025363848250903,19.763451687078753,-1.9928503728172031
4359,71648135,i,2,-0.014102665463961439,0.6925441320084168,0.6925441320084168,2.4523911406198695,-0.014102665463961439
4360,71648135,r,8,-1.165822156322605,0.1331082193125508,1.0302704593761511,2.985741426261252,-1.165822156322605
4361,716952,g,3,-0.4314112541850519,0.0739187047933092,0.13145849926404873,0.6629864276104595,-0.4314112541850519
4362,716952,i,7,-0.31360571317030117,0.2821936414636173,0.4910277613339485,1.1953825642083726,-0.31360571317030117
4363,716952,r,8,-0.4202611084855997,0.04117968496956123,0.08209386234598526,1.2367209113779571,-0.4202611084855997
4364,71791239,g,3,-0.715492400384588,0.1709978282162825,0.2085373691912873,1.2617479681472574,-0.715492400384588
4365,71791239,i,5,-1.042017678617418,0.162308661708081,0.29418032205683087,6.362205066019282,-1.042017678617418
4366,71791239,r,9,-1.084272949303545,0.14993934123422226,0.25405894900580184,6.6450332539039305,-1.084272949303545
4367,71824584,g,3,-0.635399266278124,0.25778680990282465,0.38796551460192275,0.6069080563162985,-0.635399266278124
4368,71824584,i,9,-0.09859904455656798,0.20449982624236007,0.3514401657270372,0.2736830278834304,-0.09859904455656798
4369,71824584,r,10,-0.37978136345895463,0.15068474625391212,0.31864094467475934,0.8554219562148255,-0.37978136345895463
4370,71827515,g,2,-0.30546898094175423,0.020402493762413543,0.020402493762413543,0.24134070995741497,-0.30546898094175423
4371,71827515,i,9,0.4292789040469353,0.190992029002173,0.4905382535861271,1.1336791412321925,0.4292789040469353
4372,71827515,r,9,0.0609870957049683,0.21378474242133605,0.3397188421443217,0.4224765530049825,0.0609870957049683
4373,71852532,i,6,-0.29304829314271275,0.13753829275541757,0.2998168516633113,0.5496796061816572,-0.29304829314271275
4374,71852532,r,6,-0.19486383677284091,0.18571106812979937,0.29534928924709036,0.7343333511124016,-0.19486383677284091
4375,71880369,i,7,-0.726292366332675,0.055921782285061505,0.08412482222251061,2.850108129033118,-0.726292366332675
4376,71880369,r,3,-0.1182520216666807,0.020953463538595507,0.029059466248244792,0.06494473241301564,-0.1182520216666807
4377,71908526,i,6,-1.6646922192595648,0.021660944595269016,0.036579316751962354,15.964727076137683,-1.6646922192595648
4378,71908526,r,5,-1.7508637887480385,0.04092126884717939,0.22650225551790615,18.08500784308814,-1.7508637887480385
4379,71942158,i,7,-0.8123977377460652,0.0656583943105703,0.08573137092396044,3.4296599540195842,-0.8123977377460652
4380,71942158,r,3,-0.9809051115473256,0.01531896742710559,0.06757269630576168,5.44475492505827,-0.9809051115473256
4381,71965300,g,3,-0.49733503614139263,0.5077930087810913,0.5390099620170656,0.8365207932221614,-0.49733503614139263
4382,71965300,i,10,0.4753904036679972,0.6835382020105544,1.3340539157616085,10.127673185568572,0.4753904036679972
4383,71965300,r,11,-0.4168885974548653,0.35366986962363,1.4540205660900303,6.531710847440843,-0.4168885974548653
4384,72009764,g,2,-0.8051780378530694,0.09005756176909574,0.09005756176909574,1.5130668453506244,-0.8051780378530694
4385,72009764,i,5,-1.6173997713515007,0.2022317426780682,0.24536825604037782,15.551162664540604,-1.6173997713515007
4386,72009764,r,9,-1.685802970458214,0.030317907589578752,0.07687583034577816,17.22765997138544,-1.685802970458214
4387,72017124,i,6,-0.14953307281485423,0.1261340403356578,0.2110314445169137,0.3221453654639466,-0.14953307281485423
4388,72017124,r,6,-0.21377640532854986,0.08608626832115229,0.38514214119197,0.8026244860187188,-0.21377640532854986
4389,72167355,g,3,-0.4074669291796682,0.26225300425114106,0.5425032549406897,0.884714922935804,-0.4074669291796682
4390,72167355,i,4,0.5282833539651746,0.1051310397698706,0.23814091465176124,2.358034697456843,0.5282833539651746
4391,72167355,r,8,0.44400313095095134,0.45032885692072117,0.8372542506975574,2.1086557448545253,0.44400313095095134
4392,72211377,g,2,-0.5509567181737323,0.34694828430380875,0.34694828430380875,1.4640743339741344,-0.5509567181737323
4393,72211377,i,4,-0.4239771591962731,0.19792849350577035,0.45826121161738775,1.3450671553299822,-0.4239771591962731
4394,72211377,r,6,-0.13991344698867608,0.5822488556415824,0.9526642057699785,2.8289934527245495,-0.13991344698867608
4395,72248971,g,4,-0.5949133269863701,0.04215530092608788,0.0963884846111086,0.6915100148061041,-0.5949133269863701
4396,72248971,i,8,-0.3171917081018776,0.06743179301592048,0.1672777067939033,0.951872407512846,-0.3171917081018776
4397,72248971,r,7,-0.35693524418977796,0.2215554525056162,0.2657099574182704,1.8751728022157423,-0.35693524418977796
4398,72251836,i,8,-0.5029410787651976,0.2260295415295973,0.26907499431248183,1.3029124350013488,-0.5029410787651976
4399,72251836,r,6,-0.7497815268110537,0.1741991354795971,0.2927437339551937,2.4683569326574815,-0.7497815268110537
4400,72263540,g,2,-1.187256038908445,0.16060746395469272,0.16060746395469283,3.0022764609445978,-1.187256038908445
4401,72263540,i,4,-0.9217998431135814,0.11492886742733471,0.21737899373464664,5.348114374727259,-0.9217998431135814
4402,72263540,r,6,-0.9472096166524071,0.09520322888241695,0.18173634023733465,5.685312092169121,-0.9472096166524071
4403,72289883,g,4,-0.5506993931386224,0.04526937903571798,0.12018074502373399,1.3192711869010207,-0.5506993931386224
4404,72289883,i,6,-0.6968370065047136,0.07895994741511103,0.12882076210560145,2.819512927949273,-0.6968370065047136
4405,72289883,r,11,-0.6064797030043143,0.10329769553756118,0.2085304822218509,2.4422349658526787,-0.6064797030043143
4406,72344379,g,2,-0.6569239175705035,0.019615555427777487,0.019615555427777487,0.7247442675327015,-0.6569239175705035
4407,72344379,i,8,-0.5170503497103542,0.16262640040614412,0.3399800952368197,1.7395123363419114,-0.5170503497103542
4408,72344379,r,9,-0.8801356927161965,0.116136498225615,0.22596834685914813,3.9763922043904256,-0.8801356927161965
4409,72549161,i,6,-0.5651438147213641,0.1027618306930636,0.39499163927171366,2.282944846372182,-0.5651438147213641
4410,72549161,r,4,-0.6847693847179788,0.02352055315684437,0.07822519838139075,2.361337997765222,-0.6847693847179788
4411,72701510,g,2,-0.4698702387501814,0.06473182718919124,0.06473182718919124,0.44398460393550754,-0.4698702387501814
4412,72701510,i,5,-0.6192148520331191,0.1261563961286538,0.17154354492651985,1.7419925711529711,-0.6192148520331191
4413,72701510,r,5,-0.8848101130013973,0.13218497980116684,0.4028062930370018,6.560432014481597,-0.8848101130013973
4414,72715868,i,7,-1.965150418663819,0.14397582393559794,0.23996573715150626,18.05216395504123,-1.965150418663819
4415,72715868,r,4,-2.1414599556756517,0.006119881107192748,0.04411604717190443,23.975062124968673,-2.1414599556756517
4416,72788761,i,5,-1.7622687282628053,0.04381429371349155,0.04737923192936466,16.650824028946815,-1.7622687282628053
4417,72788761,r,6,-1.6986723944568816,0.11093345576002211,0.17822360421597216,9.30181804578565,-1.6986723944568816
4418,72816856,i,7,-0.7936268722740567,0.09072052150638665,0.23314032382230132,3.0460265483547713,-0.7936268722740567
4419,72816856,r,4,-1.1377707986217023,0.044983473716843414,0.12005207155286457,7.523120118744748,-1.1377707986217023
4420,72852040,g,3,-0.6815788450891156,0.14024960442467904,0.45502486267031095,1.379033945603598,-0.6815788450891156
4421,72852040,i,12,0.11652581109196586,0.1846645603088543,0.6594782576967048,2.061440182285719,0.11652581109196586
4422,72852040,r,4,-0.3999195485621144,0.0971454475629564,0.23509370567842192,0.7355110713725733,-0.3999195485621144
4423,72867911,i,9,-0.5446045217962567,0.161220002480279,0.8483015523618453,2.4460165038067063,-0.5446045217962567
4424,72867911,r,9,-1.0172630147933237,0.3067307219385116,0.6146566762089214,2.7182677047320936,-1.0172630147933237
4425,72879221,g,2,-0.8577000833818667,0.011696729864315747,0.011696729864315691,2.501434623643025,-0.8577000833818667
4426,72879221,i,5,-0.2880163967360141,0.07898582869841075,0.1290574873727391,0.5058937165263959,-0.2880163967360141
4427,72879221,r,6,-0.43869161139634816,0.07982048296884325,0.12659580876609827,1.252937681880231,-0.43869161139634816
4428,72886333,i,5,-0.6619232610392046,0.08124577019534407,0.12873190965277315,2.652850589273041,-0.6619232610392046
4429,72886333,r,10,-0.826462257606988,0.18508258574436087,0.5310345210214038,3.0771700565578706,-0.826462257606988
4430,72906451,g,3,-0.4541699594721267,0.09396915320961474,0.12419043783456396,0.49878618397820945,-0.4541699594721267
4431,72906451,i,7,-1.2999231283594495,0.1068019497754753,0.17227173618574487,9.043349799586068,-1.2999231283594495
4432,72906451,r,8,-1.2290829841457456,0.06013850239041807,0.10422415057379508,9.500113441972635,-1.2290829841457456
4433,72918609,i,7,-0.16596155789128297,0.09759674119699235,0.32395856047318783,0.720005694669919,-0.16596155789128297
4434,72918609,r,8,-0.3290057782376701,0.10303232426433184,0.1529683780011863,0.6971369437693236,-0.3290057782376701
4435,72945753,i,10,0.20653349126451895,0.2819560639135884,0.5255814124205899,0.8140524484756568,0.20653349126451895
4436,72945753,r,7,0.09388507753786046,0.2169428064690052,0.5017239984760915,0.5363381181827965,0.09388507753786046
4437,72962797,g,6,-0.3285012482766614,0.4763065714447059,0.7355172434247875,1.174774335865338,-0.3285012482766614
4438,72962797,i,4,-0.04924715128641116,0.23334889599424696,0.5382986685939083,0.6118027545765304,-0.04924715128641116
4439,72962797,r,6,0.06047958585844193,0.4409574449850424,1.2975464333581626,3.9448636999054805,0.06047958585844193
4440,72962797,u,2,-0.4116525643452895,0.4220871475664112,0.4220871475664112,0.2822006934963815,-0.4116525643452895
4441,7299986,g,2,-1.0853132994919052,0.10595351038904166,0.10595351038904166,2.3896860634065367,-1.0853132994919052
4442,7299986,i,6,-0.2507329722545952,0.16335657393528558,0.3186012473342562,0.5828575678507328,-0.2507329722545952
4443,7299986,r,5,-0.5417545660642038,0.11048504988035746,0.20359315541981238,1.7573734830684358,-0.5417545660642038
4444,73157152,i,6,-0.6795283451651633,0.027366785695922602,0.12396551371407616,2.094694407947619,-0.6795283451651633
4445,73157152,r,6,-0.8840300383943636,0.049636281909509694,0.1524052023836031,3.593427450302528,-0.8840300383943636
4446,73166545,i,9,-2.380964328421193,0.06599905006750761,0.1496268986766336,32.25608866150153,-2.380964328421193
4447,73166545,r,3,-2.311648947235531,0.03952741666016424,0.1269566943257847,21.76248349320332,-2.311648947235531
4448,73305563,g,2,-0.5030413883740816,0.1580828087574091,0.1580828087574091,0.6497237870612433,-0.5030413883740816
4449,73305563,i,8,-0.9884299134800703,0.07846479091088987,0.17133649788057204,4.611473169019223,-0.9884299134800703
4450,73305563,r,5,-1.0283769554393478,0.05078328558768508,0.057978311360787904,6.460657786680184,-1.0283769554393478
4451,73307074,g,2,-0.5769952512224825,0.6394542935915957,0.6394542935915957,0.7052236911629337,-0.5769952512224825
4452,73307074,i,5,0.11317271453262175,1.0584601424451716,1.3919390231090385,3.4832642678970274,0.11317271453262175
4453,73307074,r,7,-1.387765044003101,0.1530286505796159,1.1683452517441482,3.670471182650257,-1.387765044003101
4454,73383546,i,4,-0.6244395282338407,0.04141994618734074,0.15416489338850586,1.789192862886725,-0.6244395282338407
4455,73383546,r,7,-0.7750732358188274,0.17647544602454934,0.3104480034974897,3.211693198706839,-0.7750732358188274
4456,73434848,g,2,-0.5849984239744304,0.11177362783051104,0.11177362783051104,0.923615029467627,-0.5849984239744304
4457,73434848,i,3,-0.5716257762927559,0.08349455215341134,0.08450313233047058,1.9287566895218007,-0.5716257762927559
4458,73434848,r,9,-0.7997663510761079,0.13764557366723218,0.3366161603344514,4.939298882321306,-0.7997663510761079
4459,73458514,i,10,-2.4660798601941187,0.08086515459167853,0.13903073692281964,30.38379330409042,-2.4660798601941187
4460,73458514,r,3,-2.591800006737345,0.0026252489438558513,0.0455602269540516,27.055447613531896,-2.591800006737345
4461,73563882,i,7,-1.6846494246119363,0.06852523397935406,0.1147735148790412,17.63546486374658,-1.6846494246119363
4462,73563882,r,8,-1.818824907334898,0.0653300573651292,0.12933984201769433,13.907412300721258,-1.818824907334898
4463,73649780,i,7,-1.6223775232427693,0.19555472297527454,0.333158515506351,13.838370084042552,-1.6223775232427693
4464,73649780,r,8,-1.7768062402870606,0.03771549622589698,0.06590442143075714,18.725432852275013,-1.7768062402870606
4465,73667784,i,10,-0.8583736260943797,0.10591967460381857,0.24712644109354998,4.093295611565183,-0.8583736260943797
4466,73667784,r,6,-1.3504787722013454,0.04924003058320614,0.09247495624157631,9.273077627065533,-1.3504787722013454
4467,73722051,i,9,-1.2047095984790686,0.24646845109788373,0.3704965841830564,7.947523501070809,-1.2047095984790686
4468,73722051,r,9,-1.4298177131374168,0.07543233280012829,0.10550108021900395,12.469575139324444,-1.4298177131374168
4469,73727240,i,8,-0.820877460109359,0.0926474247178588,0.22932664156591132,3.2974014311959565,-0.820877460109359
4470,73727240,r,7,-0.9677984940401183,0.15288692589042707,0.36009353159440227,3.9437673918549767,-0.9677984940401183
4471,73787072,g,3,-0.9277690906916347,0.05378779931110822,0.37078114274598484,1.0642776397720568,-0.9277690906916347
4472,73787072,i,7,-0.868589658029856,0.13745864760681137,0.2333868480466199,4.949761826613503,-0.868589658029856
4473,73787072,r,8,-1.1356883604296533,0.0733324885028841,0.20566029462589697,6.353853923507575,-1.1356883604296533
4474,73797866,g,2,-0.5460864028593535,0.34483235918451993,0.34483235918451993,0.9307733099613854,-0.5460864028593535
4475,73797866,i,6,0.4786354755395444,0.26237064518708764,0.4313405047471797,1.7453139756776943,0.4786354755395444
4476,73797866,r,4,0.14329972566611163,0.11161485314422578,0.2635626374874717,0.2836975326358454,0.14329972566611163
4477,73799839,g,2,0.06198242529213238,0.007153663450869319,0.007153663450869319,0.008295983340507709,0.06198242529213238
4478,73799839,i,7,-0.29009183096119684,0.11695104506023327,0.21949176682927662,0.39004051829932174,-0.29009183096119684
4479,73799839,r,8,-0.17514508663285938,0.33203951242782226,0.5774284852694809,0.8844306167312864,-0.17514508663285938
4480,73803998,g,2,0.23749461866134447,0.09633576354793294,0.09633576354793294,0.11282886768172733,0.23749461866134447
4481,73803998,i,11,-0.10991016378179563,0.23098125703944317,0.9413566281114455,1.5906577409710598,-0.10991016378179563
4482,73803998,r,11,-0.0923102113324541,0.5934730406750921,1.0189562454162124,1.783883182130276,-0.0923102113324541
4483,73821553,i,7,-1.083418608558866,0.06804940965349915,0.07688090752939303,6.189264437840443,-1.083418608558866
4484,73821553,r,6,-0.8028656320938571,0.13159197726535282,0.24460403801825847,3.771575434248316,-0.8028656320938571
4485,73855231,i,6,-0.22785439531285404,0.032375723340949764,0.05728946190143383,0.528476170004334,-0.22785439531285404
4486,73855231,r,6,-0.36252218832712363,0.00903583762119925,0.014124533229920022,0.8445435247536465,-0.36252218832712363
4487,73861257,g,6,-0.7999496920191966,0.04509667400417794,0.07832875060846889,2.203992472393779,-0.7999496920191966
4488,73861257,i,2,-0.24638450450579252,0.09934110912036231,0.09934110912036231,0.41395027891008596,-0.24638450450579252
4489,73861257,r,5,-0.4877377879055321,0.04044686442316181,0.09111470973919666,1.4324174632236903,-0.4877377879055321
4490,73861817,i,10,-0.6099282402155186,0.07692708520429767,0.1465645712466755,1.7874735923212068,-0.6099282402155186
4491,73861817,r,6,-0.7417415609654245,0.06643179744880867,0.11436096916647043,3.8874747807779984,-0.7417415609654245
4492,73868540,g,3,-0.822245555819036,0.032204510345900994,0.36683726011257156,1.791268339759496,-0.822245555819036
4493,73868540,i,2,-0.33922889845557097,0.04010809278847244,0.04010809278847238,0.5888893346367101,-0.33922889845557097
4494,73868540,r,6,-0.4937627078647998,0.05284487846504385,0.09656236210226588,1.265742191036707,-0.4937627078647998
4495,73954884,g,2,-0.3944816666251689,0.2141635190496174,0.2141635190496174,0.6611950992954535,-0.3944816666251689
4496,73954884,i,9,-0.8781154305074486,0.07426286290020556,0.23065440709434681,3.609133829256383,-0.8781154305074486
4497,73954884,r,7,-0.6180023404226794,0.09338484747375941,0.13957140913361632,2.367646590642625,-0.6180023404226794
4498,7395782,i,7,-0.36869054392529244,0.08997782477596994,0.211133343409026,0.5777401784699742,-0.36869054392529244
4499,7395782,r,6,-0.41522805724145384,0.021284369171648138,0.033416775510891894,0.9036718934019196,-0.41522805724145384
4500,73966256,i,7,-0.6101208041966483,0.04907732808203136,0.0784752575542712,2.0433851203859414,-0.6101208041966483
4501,73966256,r,4,-0.8045934981817993,0.10998038467162252,0.21882630833537586,2.252600696554737,-0.8045934981817993
4502,73975453,i,8,-1.427795233402414,0.07708803898967154,0.12171063314922348,9.298950435892781,-1.427795233402414
4503,73975453,r,3,-0.2205316646892551,0.0017236754783538921,0.07475401960386044,0.418955782335769,-0.2205316646892551
4504,73990271,g,2,-1.4059494998814128,0.01911585432122831,0.01911585432122842,3.4598928505958364,-1.4059494998814128
4505,73990271,i,6,-2.0095929270599155,0.062201634005794704,0.09777243958612836,20.654936286826306,-2.0095929270599155
4506,73990271,r,10,-1.9298950754195123,0.14074434178859208,0.2181836070151204,16.55380032847819,-1.9298950754195123
4507,74013207,g,2,-0.4400807477048425,0.43746527867866725,0.43746527867866725,0.397995020813709,-0.4400807477048425
4508,74013207,i,6,-0.23763534307063094,0.3299020471757573,0.5510410833025048,1.1979633095423576,-0.23763534307063094
4509,74013207,r,8,-0.44555563468424386,0.1750819562689906,0.3689562160241838,1.1348267321483079,-0.44555563468424386
4510,74027106,i,10,-2.3122883470021702,0.046006394490941016,0.09106076505494531,30.060887838887503,-2.3122883470021702
4511,74027106,r,8,-2.14942737597955,0.06595718034235643,0.12205762331388659,21.38252816061314,-2.14942737597955
4512,74055295,g,3,-0.5528942220474992,0.007082330987389307,0.2711103981931758,0.9239060330156028,-0.5528942220474992
4513,74055295,i,11,-0.40923893782911547,0.06131092900927415,0.10772127649651658,1.1066451553927499,-0.40923893782911547
4514,74055295,r,11,-0.4643765399277804,0.07304394677788206,0.3203953817915227,2.37107043714111,-0.4643765399277804
4515,7456875,g,5,-0.6223978699978923,0.12174373298703856,0.15677314692741162,1.0447853398880946,-0.6223978699978923
4516,7456875,i,7,-0.4071414411733152,0.3298531239054594,0.7008614531509949,1.1198876320620519,-0.4071414411733152
4517,7456875,r,5,-0.43425670106355363,0.2501856540690915,0.2954499473985058,1.370015383113501,-0.43425670106355363
4518,7456875,u,2,-0.8846862751493569,0.2090169748512345,0.2090169748512345,0.6095953542562714,-0.8846862751493569
4519,7491321,i,5,-0.027167924940128936,0.4757972590330986,0.7669584633729285,1.2006314633121018,-0.027167924940128936
4520,7491321,r,7,-0.2086006144279816,0.27467215635405684,0.4486598780673611,0.7443291253061418,-0.2086006144279816
4521,758951,i,8,-1.2729167645262307,0.10549107856640116,0.21264709291937378,8.611496164210989,-1.2729167645262307
4522,758951,r,7,-1.07427815796841,0.18829477110833226,0.3673982170692134,4.101142203995924,-1.07427815796841
4523,762677,g,2,-0.46775753506119067,0.14155291002358705,0.14155291002358705,0.4382141786955584,-0.46775753506119067
4524,762677,i,7,-0.16864097126218347,0.1450485672774975,0.33265228142239445,0.681445927827954,-0.16864097126218347
4525,762677,r,7,-0.3938704807240938,0.14388246220175116,0.25008686518970846,0.7907450822651599,-0.3938704807240938
4526,764546,g,5,-0.3462638065079269,0.3122220836599825,0.5747715894868775,0.5560001046458634,-0.3462638065079269
4527,764546,i,4,-0.4704556323852759,0.13660552113279636,0.1847647393757969,1.1764358425610904,-0.4704556323852759
4528,764546,r,5,-0.5981599623733174,0.09543763513818981,0.13593017410064745,2.4025068577730684,-0.5981599623733174
4529,7684248,i,16,-0.8022998375220696,0.04381349289374015,0.08388360328349431,3.4269108142898594,-0.8022998375220696
4530,7684248,r,11,-1.0163963468203816,0.05461075588120856,0.14672904452164737,3.81229277992945,-1.0163963468203816
4531,7721650,i,5,-0.12316324598529615,0.4008607141613807,1.1705410964531837,1.721761597892598,-0.12316324598529615
4532,7721650,r,6,-0.793059263823597,0.1911345178053473,1.2552104178708055,3.5300592654532283,-0.793059263823597
4533,773489,g,4,-0.8518522936182809,0.03537574999947324,0.09507776910843035,0.9423063885817592,-0.8518522936182809
4534,773489,i,12,-1.449936255236934,0.037832567534502926,0.0985602763719795,10.505771610341307,-1.449936255236934
4535,773489,r,9,-1.7086383854789855,0.04475831872914138,0.06799431788541033,12.444216004573171,-1.7086383854789855
4536,7776930,i,6,-2.6133484159814775,0.1814650330866241,0.30751191035946324,31.353953488302352,-2.6133484159814775
4537,7776930,r,5,-2.034745433790746,0.09649413526293715,0.11675866696858428,18.279390761993422,-2.034745433790746
4538,7795163,g,3,-0.5105342111204045,0.41819110561095085,0.8795721667406683,2.3516430247879216,-0.5105342111204045
4539,7795163,i,6,-0.14817284348812954,0.07004364987692119,0.19962448455588344,0.9077247660119848,-0.14817284348812954
4540,7795163,r,8,-0.2158647689093237,0.18054386379328174,0.3297352754083383,0.7087207811395351,-0.2158647689093237
4541,7795163,u,3,-0.6511708745610325,0.23047324091325772,0.3768910743884706,0.6955323160617007,-0.6511708745610325
4542,7816125,i,4,-2.204338959175545,0.03470259333368242,0.07767178234683181,21.51470096108557,-2.204338959175545
4543,7816125,r,7,-1.6229117859823687,0.09264524032441668,0.13685822335606512,10.230133322079704,-1.6229117859823687
4544,7821727,g,2,-0.7619471296080975,0.10472522874729484,0.10472522874729484,1.291941603439704,-0.7619471296080975
4545,7821727,i,4,-0.23184676951994898,0.05759886967820138,0.14274738483070668,0.2544456274858221,-0.23184676951994898
4546,7821727,r,7,-0.5496564364867642,0.09680030939106277,0.21923325877224908,1.1181154748498812,-0.5496564364867642
4547,7871121,g,2,-0.7990788952207432,0.05843880979753091,0.0584388097975308,2.052642368667775,-0.7990788952207432
4548,7871121,i,4,-0.12407005524258949,0.06322400553673413,0.1085794934902199,0.11481308650746926,-0.12407005524258949
4549,7871121,r,10,-0.40649063468720337,0.05593778627671825,0.10004961392650319,1.3760762581315868,-0.40649063468720337
4550,7892138,g,2,-0.7527341369683415,0.15981033409475065,0.15981033409475054,0.7821621052671969,-0.7527341369683415
4551,7892138,i,8,-0.5091269935220332,0.05525120584661303,0.10531611002842345,1.3694630548814373,-0.5091269935220332
4552,7892138,r,8,-0.777771272658222,0.08871947396514968,0.12418436359948637,2.4419784383249956,-0.777771272658222
4553,7894584,g,4,-0.801565129706985,0.01002707651679341,0.028524405711876866,2.2799779363685824,-0.801565129706985
4554,7894584,i,5,-0.5389720391830178,0.06425979637130241,0.1580576168573511,1.022473624256134,-0.5389720391830178
4555,7894584,r,8,-0.6227193875147898,0.025888299601866782,0.04920323308949415,2.4705451522059656,-0.6227193875147898
4556,7942680,g,3,-0.5553125310484506,0.0644469110027528,0.31355101089625237,1.5754074781853162,-0.5553125310484506
4557,7942680,i,16,-1.2697639059642833,0.09100285282656873,0.1624509652056374,7.73227208479519,-1.2697639059642833
4558,7942680,r,15,-1.2295719036245938,0.17781011313638118,0.306622079921,7.365952442016604,-1.2295719036245938
4559,7968267,g,5,0.34989873704138263,0.16000988491622148,0.2919201117400554,0.6088910989751166,0.34989873704138263
4560,7968267,i,8,0.4666404545936088,0.5094693002010551,1.0292164736846563,2.4902596905457863,0.4666404545936088
4561,7968267,r,6,0.31457554439832813,0.4630954848283817,0.9007030254467366,3.0650382086020316,0.31457554439832813
4562,7968267,u,3,0.16682913479596717,0.27006409527638686,0.3930148896863558,0.11571060405720578,0.16682913479596717
4563,8014787,i,13,-1.1320635696589296,0.05657924489962274,0.10152247701117134,8.739384068978291,-1.1320635696589296
4564,8014787,r,10,-1.38127698593502,0.1375457100571459,0.3227224651656724,8.972179594077346,-1.38127698593502
4565,8037136,g,2,-0.6092839768006109,0.0695055962041582,0.0695055962041582,0.9332930067365123,-0.6092839768006109
4566,8037136,i,7,-0.9169529524270765,0.12948778614000434,0.14837707684801027,3.2042239103899575,-0.9169529524270765
4567,8037136,r,5,-1.0271812931532618,0.022675357002619467,0.03518590823273393,4.5802986698216746,-1.0271812931532618
4568,8103575,g,2,-0.48291646018524204,0.694311528514511,0.694311528514511,1.0878942915895942,-0.48291646018524204
4569,8103575,i,4,-0.0690190413591163,0.12912636943945865,0.3169756703151259,1.0862816165352522,-0.0690190413591163
4570,8103575,r,6,-0.16372934249988924,0.4086278194941874,0.7119044722709579,1.0334747279258052,-0.16372934249988924
4571,8196799,g,3,-0.9168428774068187,0.023887827216182433,0.044262944332730925,2.0395809017626463,-0.9168428774068187
4572,8196799,i,7,-0.7419241845601068,0.051213947158509354,0.06862505568857169,3.1087912802143545,-0.7419241845601068
4573,8196799,r,7,-0.889143700900582,0.0471361165487203,0.07333657632746415,4.812835382617254,-0.889143700900582
4574,8215088,i,5,-0.48409658833308955,0.03398332752825417,0.0518173095293506,1.3002385285569447,-0.48409658833308955
4575,8215088,r,5,-0.8208884080323275,0.10726253879105152,0.290179144465625,3.0391800168584284,-0.8208884080323275
4576,825230,g,3,-1.4162161438639171,0.003014870030351391,0.1487083431820484,3.7420050460324457,-1.4162161438639171
4577,825230,i,5,-0.656553732680126,0.07236623189984803,0.1373224225769789,2.394013097249713,-0.656553732680126
4578,825230,r,6,-1.0096962314524363,0.05983250449381583,0.09572378489336408,4.2405448237587455,-1.0096962314524363
4579,8252340,g,3,-1.6169410286154764,0.04331315382486145,0.12209359005752418,2.992481333483435,-1.6169410286154764
4580,8252340,i,3,-0.7764364239461253,0.08531107279449701,0.092136614489566,4.002510755342183,-0.7764364239461253
4581,8252340,r,5,-1.1846419189457067,0.07464872743725381,0.11143813018539861,5.838373860275412,-1.1846419189457067
4582,8258057,g,2,-0.43316754421499637,0.5051303992742046,0.5051303992742044,0.6847238619240823,-0.43316754421499637
4583,8258057,i,4,-0.3017688004870513,0.0899861061200935,0.46944597041158614,2.142143155123628,-0.3017688004870513
4584,8258057,r,5,-0.5821081380384865,0.20144352777189,1.4116414189491757,2.528628561117718,-0.5821081380384865
4585,8266910,i,7,-1.5495140820236264,0.06689424130315702,0.15770898816906787,13.492845023185625,-1.5495140820236264
4586,8266910,r,6,-1.4862515708643094,0.09754318571234744,0.167488164511002,10.890328606970087,-1.4862515708643094
4587,827202,g,2,-0.28790827593016655,0.2207131580155295,0.2207131580155295,0.17012132107233344,-0.28790827593016655
4588,827202,i,2,0.29304613778374633,0.02541021769854135,0.02541021769854135,0.3518124538205868,0.29304613778374633
4589,827202,r,6,-0.6672817773552692,0.1296576630087536,0.49247608716923835,1.5779131599160205,-0.6672817773552692
4590,8315500,g,5,-0.38944756386281865,0.1029249236534463,0.2519554926106907,0.8610508484264446,-0.38944756386281865
4591,8315500,i,3,-0.0943753107153969,0.06761712194040598,0.09238375131346369,0.0642187138081136,-0.0943753107153969
4592,8315500,r,6,0.01227128563001557,0.0483600173601494,0.11113556115757542,0.03665762555979838,0.01227128563001557
4593,8316556,g,2,-1.1397151710472615,0.17469389644875166,0.17469389644875166,3.9751452845122115,-1.1397151710472615
4594,8316556,i,7,-0.39225060698394065,0.24275511878411482,0.40742750855651844,1.12882179761842,-0.39225060698394065
4595,8316556,r,5,-0.3087174553252767,0.08028156952956422,0.4024278012128789,1.6606136495775765,-0.3087174553252767
4596,8320186,i,6,-0.7623585436963489,0.022831856189198085,0.08042395784663137,3.095732279044159,-0.7623585436963489
4597,8320186,r,5,-0.7488567726951093,0.031848943981707456,0.045103612242365254,3.5957256357430056,-0.7488567726951093
4598,8337541,g,2,-0.8363117604494622,0.00324236871871586,0.003242368718715971,1.8280564910599224,-0.8363117604494622
4599,8337541,i,7,-0.13239519799423016,0.052028360855702616,0.0867209842866416,0.11356631256552942,-0.13239519799423016
4600,8337541,r,6,-0.3821281399648768,0.11787687899202492,0.22388004393795358,0.7528711563402927,-0.3821281399648768
4601,8337541,u,2,-1.0823006687933256,0.3384239658116672,0.3384239658116672,1.3304809478057098,-1.0823006687933256
4602,8357343,g,3,-0.7702802094469918,0.1210480919685546,0.3749733938420775,0.9640499749894907,-0.7702802094469918
4603,8357343,i,8,-1.2897307603701047,0.12338685021497331,0.23976220354345568,9.648146050105101,-1.2897307603701047
4604,8357343,r,8,-1.6543547299946018,0.06364431452939401,0.1003832686911772,18.01017720241078,-1.6543547299946018
4605,8399964,i,11,-1.0968432237987809,0.10815905090861899,0.20435162240427973,6.011198977761368,-1.0968432237987809
4606,8399964,r,12,-1.2115518150678422,0.07586710619767356,0.1491752551693757,6.957338773407977,-1.2115518150678422
4607,8408914,i,4,0.2965342544820113,0.5048487123314438,1.1296462243675007,3.0276032360188023,0.2965342544820113
4608,8408914,r,5,-0.389720321645904,0.032491822206458076,1.808288202078762,12.681821930837456,-0.389720321645904
4609,8529651,g,2,-0.6913901606193752,0.3209626189199454,0.3209626189199455,1.0998762326139884,-0.6913901606193752
4610,8529651,i,5,0.5131029924887613,0.06586631722607872,0.8162260686957838,1.0164747411700354,0.5131029924887613
4611,8529651,r,6,-0.08117526779735074,0.32057696734349367,0.5698032722107783,0.6724504434707179,-0.08117526779735074
4612,8533641,g,3,-0.26294409068305935,0.12156966039943695,0.33489055388923816,0.23837733400140912,-0.26294409068305935
4613,8533641,i,4,-0.20559629899309656,0.11177606892417918,0.2328218113965374,0.5430436193360102,-0.20559629899309656
4614,8533641,r,5,-0.31447324131163623,0.05826683631347951,0.09141464626893103,0.5555863737033303,-0.31447324131163623
4615,8537649,g,3,-1.0525413826896162,0.11019459429678458,0.2145771742667515,1.2475699087143284,-1.0525413826896162
4616,8537649,i,3,-0.1538679826290532,0.08377957233046762,0.43758133805796556,0.8329188208535078,-0.1538679826290532
4617,8537649,r,7,-0.4788114935885319,0.25821074267531396,0.5149436214148139,0.9012336792349149,-0.4788114935885319
4618,8558924,g,3,-0.4611271699294708,0.08582419243925532,0.0999085597290057,0.27918819004980866,-0.4611271699294708
4619,8558924,i,10,-0.8757644696228217,0.02900998379576697,0.04329522776372152,4.042883619871412,-0.8757644696228217
4620,8558924,r,7,-1.2742156726996394,0.09346557572804448,0.2555912759558221,6.489776300386936,-1.2742156726996394
4621,8594151,g,3,-0.2791823222327374,0.14505267576313496,0.15121178163915094,0.24511762877095766,-0.2791823222327374
4622,8594151,i,7,0.2130288652737195,0.3849191917419001,0.6041382601022255,0.869573721225949,0.2130288652737195
4623,8594151,r,10,-0.2949543446722884,0.07851149167208538,0.5645990161816716,0.8203183285146214,-0.2949543446722884
4624,8594151,u,3,-0.816719555907496,0.0927294826044136,0.12450801995922678,0.6068870784797822,-0.816719555907496
4625,8642477,i,7,0.28726274085628256,0.18546681312917224,0.4396332920130155,0.987055855134345,0.28726274085628256
4626,8642477,r,7,-0.5336923625094891,0.21289308481673141,0.4106827812596317,1.6493941606406268,-0.5336923625094891
4627,8647627,i,7,-1.6901870256622298,0.03505344117602549,0.07296634424358728,17.50120848292439,-1.6901870256622298
4628,8647627,r,3,-1.8584455909983424,0.027756666987063916,0.048192351478645534,7.25727716265688,-1.8584455909983424
4629,8661845,g,3,-0.9489869051383051,0.07416633479489643,0.09935668210425475,1.9352314523840537,-0.9489869051383051
4630,8661845,i,4,-0.6982222475596964,0.09813686374944908,0.22136631975604104,3.4186125706020176,-0.6982222475596964
4631,8661845,r,7,-1.0866466948589335,0.03706999224288343,0.07676762529500847,7.896105279031313,-1.0866466948589335
4632,8889412,i,6,-0.30608534161090567,0.04180832084159922,0.07864223046869107,0.524555013393028,-0.30608534161090567
4633,8889412,r,7,-0.5438711665337084,0.06240266254345905,0.08389708953935326,1.578123701998145,-0.5438711665337084
4634,8904399,i,6,-1.8260778686854144,0.11075666926216399,0.21175557653778365,19.879818933139962,-1.8260778686854144
4635,8904399,r,5,-1.8303526179535652,0.017374550991591686,0.033213637538872076,15.318084941247113,-1.8303526179535652
4636,8911516,i,8,-0.8930508101499064,0.08697994259121133,0.15788541300611625,4.11804613200648,-0.8930508101499064
4637,8911516,r,5,-1.2847242934093912,0.03270994633320079,0.061915696403690434,7.13865914526599,-1.2847242934093912
4638,891746,g,4,-0.72418812674855,0.13706046892440388,0.30443947471539456,1.6630434094444646,-0.72418812674855
4639,891746,i,5,-0.4954694177309641,0.0510994386990794,0.09177953074070766,1.154104046678588,-0.4954694177309641
4640,891746,r,2,-0.5258619877910441,0.06214672278967159,0.06214672278967165,1.673885508647645,-0.5258619877910441
4641,8921143,i,5,-1.02611972885744,0.09757268101059147,0.13804959569044084,6.539190013961113,-1.02611972885744
4642,8921143,r,5,-1.2622182023425705,0.06230586412075212,0.07225307731655395,7.713775391272845,-1.2622182023425705
4643,902171,i,7,-0.6823342494471871,0.12004255867223179,0.20852043046329582,2.7280483236854676,-0.6823342494471871
4644,902171,r,5,-0.9602085939480107,0.02836368279692769,0.09606324244880671,4.815350397644576,-0.9602085939480107
4645,9040983,g,5,-0.8118405073121016,0.060125531476587946,0.897121351626944,1.2254034760123602,-0.8118405073121016
4646,9040983,i,2,-0.284099213635844,0.07885140983949546,0.07885140983949546,0.4754847168807435,-0.284099213635844
4647,9040983,r,5,-0.7445178066249318,0.0725940764521944,0.42763749584817196,2.4399414660497265,-0.7445178066249318
4648,9049095,g,2,-0.9079110891718243,0.059622016832989067,0.059622016832989067,1.6686778434259444,-0.9079110891718243
4649,9049095,i,8,0.6026660937071775,0.15597764797985647,0.8888890411208678,1.6359632778352904,0.6026660937071775
4650,9049095,r,6,-0.23250128050231456,0.3199308038567852,0.5244634518955994,0.7754443229706608,-0.23250128050231456
4651,9140916,i,7,-0.5443611518608008,0.059729205082841075,0.15726299860462178,2.0936138635773505,-0.5443611518608008
4652,9140916,r,5,-0.8473930818480535,0.09189180308485079,0.2106298792351372,4.004473780443239,-0.8473930818480535
4653,9153771,g,5,-0.8777018395631646,0.03757641891528529,0.3060776043681299,1.5035617006501352,-0.8777018395631646
4654,9153771,i,5,-0.1544577917753242,0.18062083905078724,0.4429330558858654,0.27433897539575025,-0.1544577917753242
4655,9153771,r,9,-0.5337201558031685,0.13214817608011298,0.22409170512816368,1.3731845393889641,-0.5337201558031685
4656,9193897,i,9,-1.4834688907388172,0.11242448415573802,0.13629871004605132,10.024694144096541,-1.4834688907388172
4657,9193897,r,6,-1.4482416982967141,0.11469145541485026,0.2145393019319728,7.3676095955028105,-1.4482416982967141
4658,9211911,g,3,-1.8032610801538738,0.11382542676673868,0.13665941270561754,6.816849538557389,-1.8032610801538738
4659,9211911,i,6,-2.525708534419857,0.030759747301591034,0.09650946609359279,41.34331517667862,-2.525708534419857
4660,9211911,r,5,-2.156882363442967,0.07063501600244226,0.20553286559133865,18.632200939796896,-2.156882363442967
4661,9270171,i,9,-2.7968578246320495,0.027982769929762785,0.06729744892124412,49.6863158336076,-2.7968578246320495
4662,9270171,r,5,-2.403348567045241,0.13690121966479696,0.25235844228061355,27.378429595552404,-2.403348567045241
4663,9297030,g,2,-0.6604432574286053,0.3597155425933637,0.35971554259336375,1.0594044328780206,-0.6604432574286053
4664,9297030,i,5,-1.2142048548798219,0.10685462151275482,0.5575432036464301,6.482192059764095,-1.2142048548798219
4665,9297030,r,5,-1.1280997222498272,0.11655021098946738,0.8447786517066436,5.375294170079163,-1.1280997222498272
4666,9307343,g,4,-0.6908268345756923,0.02505676508982413,0.06131235592365536,1.385521974534469,-0.6908268345756923
4667,9307343,i,10,-0.6611684106966712,0.08414060910712662,0.1384323647804151,2.517327933522279,-0.6611684106966712
4668,9307343,r,12,-0.7614110491835387,0.03484491515602672,0.07895955435967494,3.4220826805663864,-0.7614110491835387
4669,9307343,u,3,0.5166488259007795,0.013331230596249855,0.016290365060053102,0.31771779574294456,0.5166488259007795
4670,9311101,g,4,-0.5301665507631474,0.03291235991917263,0.04279581855562742,1.2103900700781245,-0.5301665507631474
4671,9311101,i,11,-0.6189251805638794,0.08832755033296413,0.18173236074302945,2.2656231432439182,-0.6189251805638794
4672,9311101,r,10,-0.6542523068424453,0.02843245623892049,0.04781452266786956,2.673666251586632,-0.6542523068424453
4673,9420945,g,7,-0.342222535860929,0.15710003136384199,0.22583307175566525,0.434846250415353,-0.342222535860929
4674,9420945,i,11,-0.07831971581348166,0.056414676704939326,0.13076372649611856,0.09033583065623586,-0.07831971581348166
4675,9420945,r,13,-0.09625010194799766,0.04916590050151093,0.0952276271159529,0.1425727956191457,-0.09625010194799766
4676,9424527,g,5,-0.4186614880830595,0.18320806854774951,0.2243220152925034,0.6959251170096469,-0.4186614880830595
4677,9424527,i,14,-0.24450999427786949,0.12101091860195165,0.20145672472907075,0.656280368014614,-0.24450999427786949
4678,9424527,r,13,-0.5142616961021915,0.2137401083880326,0.4740207997706156,1.232864724636296,-0.5142616961021915
4679,9432798,g,2,0.06880595236948506,0.717073809524819,0.717073809524819,0.6969437757220222,0.06880595236948506
4680,9432798,i,7,-0.6446362088379003,0.5592139882647882,0.7799314055145405,2.8529724743128972,-0.6446362088379003
4681,9432798,r,11,-0.38302356252512826,0.5148959812169859,1.2711664875550939,2.6425500735775467,-0.38302356252512826
4682,9437991,i,8,-0.7929464521482854,0.090715947325677,0.15158337908353658,3.6675711332001173,-0.7929464521482854
4683,9437991,r,11,-1.1354034930228372,0.0789637051905292,0.13692260915053844,4.980010006015249,-1.1354034930228372
4684,9513060,g,9,-0.5530007917551041,0.15428174616838053,0.30981906766143363,0.6344872211589112,-0.5530007917551041
4685,9513060,i,10,-0.4172995429172167,0.13862444108021443,0.22361414344580544,1.1776972633118612,-0.4172995429172167
4686,9513060,r,16,-0.6319058075891759,0.08445453407016723,0.16771341872307177,1.595494342546306,-0.6319058075891759
4687,9555175,i,8,-0.9106321273123208,0.10634602468590026,0.18897420601628612,3.9128627322614133,-0.9106321273123208
4688,9555175,r,8,-1.1873483088563859,0.08081471627424242,0.18072694101704778,6.334457977298309,-1.1873483088563859
4689,9689792,i,6,-1.460489252395294,0.07579190199477215,0.12862096682443203,11.214820675618755,-1.460489252395294
4690,9689792,r,5,-1.3956412031421794,0.0983878625322232,0.10435718475340483,9.673646506084035,-1.3956412031421794
4691,9707885,i,11,-1.3967479808649672,0.07318394981078202,0.133185536780563,10.15251166061877,-1.3967479808649672
4692,9707885,r,7,-1.4222413591970715,0.07844642458626416,0.13096445722568695,8.859996766825269,-1.4222413591970715
4693,9737938,i,7,-0.8978836886975868,0.18670241709250257,0.28185106850527697,5.053487836063918,-0.8978836886975868
4694,9737938,r,11,-1.0263616888564981,0.16652633235881042,0.7628069514114444,5.121737633727969,-1.0263616888564981
4695,974196,g,8,-0.5409580684191408,0.07922766122554609,0.18022827134219188,1.115564698803101,-0.5409580684191408
4696,974196,i,10,-0.0009910632181895432,0.12056536407988369,0.3249079427682079,0.2432472858493843,-0.0009910632181895432
4697,974196,r,13,-0.07240305687529905,0.20767559253752407,0.3294594684677278,0.22707173050134072,-0.07240305687529905
4698,974196,u,4,-1.2770279027664606,0.07215708548077593,0.14588587600021685,2.2933187757221303,-1.2770279027664606
4699,9813129,g,7,-0.5599066382853939,0.06519495083397331,0.09220482171599576,1.083427495282518,-0.5599066382853939
4700,9813129,i,14,-0.2104425786784913,0.13883749394201803,0.2581888890644164,0.2905415731014642,-0.2104425786784913
4701,9813129,r,15,-0.2469491183078829,0.020851945520867776,0.04318636602196013,0.3160960285050436,-0.2469491183078829
4702,9813129,u,4,0.5987932791750836,0.3903624158825383,0.663990328221635,0.5249272890889548,0.5987932791750836
4703,9881240,g,2,-1.2557184031687592,0.01425425073347375,0.01425425073347375,1.9304354836757018,-1.2557184031687592
4704,9881240,i,2,-0.5507924354955944,0.01570486376915703,0.01570486376915703,2.101145325530231,-0.5507924354955944
4705,9881240,r,7,-1.0904069735894253,0.03746387964996911,0.08485069157739522,4.610553800750565,-1.0904069735894253
4706,9941092,g,3,-0.4016963294808198,0.02865222252186117,0.18591672141507914,0.6398538941572446,-0.4016963294808198
4707,9941092,i,8,0.47895408378278714,0.23089309885995757,0.5568526261507138,2.2462008953108503,0.47895408378278714
4708,9941092,r,10,0.6774962121528991,0.06692476288644716,0.12499386122332978,2.998040952514531,0.6774962121528991
4709,9941092,u,3,-0.3930656478135297,0.07738891195680453,0.35976401717078144,0.15253924441049801,-0.3930656478135297
4710,9998563,g,6,-1.2879134764491527,0.06384431481692743,0.14587853397775108,1.847526724207725,-1.2879134764491527
4711,9998563,i,4,-0.6752724321363084,0.11703514583879382,0.25563858498812275,2.3330147231554887,-0.6752724321363084
4712,9998563,r,10,-1.1907553141898062,0.02394966365269413,0.1345380109526333,5.371373057533683,-1.1907553141898062
