,SNID,Filter,n_points,GOPREAUX_bias,GOPREAUX_mad,GOPREAUX_iqr,GOPREAUX_chi2,median_residuals
0,10062154,g,3,-0.6950023179995379,0.04248762906329784,0.0606974929746813,0.2543854055273159,-0.6950023179995379
1,10062154,i,23,-2.4154085916876173,0.18518680960272071,0.5810553786754393,4.112254200604234,-2.4154085916876173
2,10062154,r,19,-1.5147472706085354,0.10532640223618706,0.20285983019143705,1.5977012873971843,-1.5147472706085354
3,10081055,g,7,-0.3767086115926509,0.017335784393560538,0.061373631701376,0.15719013388179465,-0.3767086115926509
4,10081055,i,16,-0.543537066777444,0.3378319927112607,0.7857487651762113,0.5518308177956539,-0.543537066777444
5,10081055,r,19,-0.5808244407172309,0.15636400716009935,0.6389728081786514,0.3639185797691243,-0.5808244407172309
6,10081055,u,3,-0.8570409491759183,0.01117762460146432,0.03176288237741476,0.4974553253505068,-0.8570409491759183
7,10087266,g,7,-0.617868374739121,0.48488150254515816,0.901523335335081,0.27664683708194693,-0.617868374739121
8,10087266,i,7,-0.16006210534660875,0.3982775011745076,0.6715842936193652,0.2576669786430134,-0.16006210534660875
9,10087266,r,6,0.26671305491655994,0.313653940452679,0.5084486199382219,0.31103901351253577,0.26671305491655994
10,10111139,g,2,-0.3877400779599507,0.4660047006221355,0.4660047006221355,0.39349542997439624,-0.3877400779599507
11,10111139,i,3,-0.7345497138450894,0.16796650123111267,0.26750054148144176,0.4192522486213523,-0.7345497138450894
12,10111139,r,5,-0.2475951968820973,0.4304338223870172,0.8347973955062165,0.21692211073961362,-0.2475951968820973
13,10123514,i,7,0.09714486063393163,0.30108094794739804,0.3571917447127125,0.10273015846434393,0.09714486063393163
14,10123514,r,4,0.7481016018818464,0.02597229451117211,0.16724405077287552,0.2671833479261587,0.7481016018818464
15,10199465,g,4,-1.7194779724570919,0.13688743871502385,0.21163666536020442,1.3328205576871923,-1.7194779724570919
16,10199465,i,11,-2.019973580917918,0.15995676269379633,0.32867175087657063,2.647102570080149,-2.019973580917918
17,10199465,r,14,-1.6895596817895946,0.16599191092936572,0.3675879895720331,1.2584735429634775,-1.6895596817895946
18,10265259,g,8,-0.6112290823102193,0.09326203021790458,0.23748880312032472,0.38631676018031147,-0.6112290823102193
19,10265259,i,26,-0.8592103599854635,0.2840303221246532,0.5815023430352877,1.082126509236217,-0.8592103599854635
20,10265259,r,22,-0.6438781420736182,0.09269016725872842,0.1801727680212717,0.5159052375587815,-0.6438781420736182
21,10322208,g,7,-0.9451433249145034,0.22231661161655025,0.2504433990351027,0.9010924366831159,-0.9451433249145034
22,10322208,i,30,-1.4927054260052153,0.4465474259032086,0.9705737542733524,1.7078114333023682,-1.4927054260052153
23,10322208,r,25,-0.6011877401333232,0.10133272645946712,0.4309526470886008,0.6269439712300696,-0.6011877401333232
24,10322208,u,5,-0.8688925993868488,0.16701389767728925,0.2769155247224828,0.0895873294489371,-0.8688925993868488
25,10358238,g,5,-1.218683185092675,0.23617618632988258,0.3103432834766542,0.5662212724998353,-1.218683185092675
26,10358238,i,18,-0.758692363699668,0.06843808432414333,0.14337031790423582,0.3611386564500839,-0.758692363699668
27,10358238,r,21,-0.7587137049567514,0.05914463823463034,0.12235441875276809,0.21383090202723534,-0.7587137049567514
28,10358238,u,3,-1.744184993140406,0.09213843853279613,0.24312540947765315,1.6549802776979534,-1.744184993140406
29,10398820,i,4,-0.2875301776456891,0.019226237125119172,0.03705460153827833,0.07369842703907413,-0.2875301776456891
30,10398820,r,6,-0.28317815106107147,0.013068064476184138,0.031568842529876795,0.06872090396615474,-0.28317815106107147
31,10420834,g,4,-1.6134131465121742,0.15260245333203826,0.16633590087526828,1.8853400505193119,-1.6134131465121742
32,10420834,i,5,-1.3345707345401852,0.19481388083193507,0.28217064020480676,1.4297769546422006,-1.3345707345401852
33,10420834,r,3,-1.1890207182852122,0.33086854126818355,0.43744331952263527,0.9640558897961761,-1.1890207182852122
34,10461620,g,2,-0.27740989882289374,0.18196120997621473,0.18196120997621476,0.1510512201881253,-0.27740989882289374
35,10461620,i,18,-1.6432793628204225,0.30388243455363906,0.5035783558052369,3.319339682846263,-1.6432793628204225
36,10461620,r,14,-0.8465949189777447,0.19562970807176427,0.4742404470686914,0.9583002492197671,-0.8465949189777447
37,10569184,g,5,-0.6786793859286735,0.0758251687008119,0.13117670788889513,0.8714476807313443,-0.6786793859286735
38,10569184,i,25,-1.2509599768526563,0.1643455004582801,0.34002324947993556,2.0643764701760956,-1.2509599768526563
39,10569184,r,25,-0.7348978666656281,0.10735185023788585,0.27700167777415585,0.8280194744933462,-0.7348978666656281
40,1059008,g,3,-1.6212500872640003,0.42587831086038896,0.5223062090011776,1.5182902967293839,-1.6212500872640003
41,1059008,i,9,-1.7694215332842962,0.17348075859487078,0.32761772040870896,4.1985451510572425,-1.7694215332842962
42,1059008,r,10,-1.4336841746925102,0.26556670573820407,0.49393704840758934,2.0236305166977964,-1.4336841746925102
43,10598730,g,3,-0.9250974031189045,0.018478518387124332,0.03131883375173283,0.8775513027745329,-0.9250974031189045
44,10598730,i,9,-0.8126528439854857,0.1357248351256003,0.2754260715883441,1.2215087610012654,-0.8126528439854857
45,10598730,r,11,-0.6806598380745892,0.0811438508540735,0.18061413979260477,0.6490582048120302,-0.6806598380745892
46,10630274,g,6,-0.7610290130583783,0.043260413210955306,0.5660920607300708,0.42981400004667164,-0.7610290130583783
47,10630274,i,16,-0.06445218962110325,0.20137739389713072,0.37094836636820194,0.32769971729652614,-0.06445218962110325
48,10630274,r,14,-0.28982076952737856,0.10744545895439311,0.18423842894874398,0.2755615917921637,-0.28982076952737856
49,10630274,u,4,-1.6054394381355002,0.07797603924543028,0.16179914313428445,0.173404867967904,-1.6054394381355002
50,10693945,g,13,-0.9368373960752281,0.11972700365296962,0.1761902676037851,0.9801313056556278,-0.9368373960752281
51,10693945,i,29,-1.2628987637525328,0.27120079331457536,0.5418254957958708,2.057073580515306,-1.2628987637525328
52,10693945,r,30,-0.9457755420436331,0.18462110981795254,0.3711738798833103,0.9727037711433327,-0.9457755420436331
53,10693945,u,2,-1.1088587727287615,0.22536071981209094,0.22536071981209083,0.17532027311916742,-1.1088587727287615
54,10818785,g,3,-2.347228041209405,7.733984867686061e-05,0.07971538248582455,1.4926527981645201,-2.347228041209405
55,10818785,i,6,-1.5625046861824081,0.015390815068608621,0.024899794410038867,1.7357826346959555,-1.5625046861824081
56,10818785,r,7,-1.5131953981595547,0.03156097773438926,0.04693538654404539,1.002220462686448,-1.5131953981595547
57,10829618,g,5,-1.0129688180630823,0.04454603490532505,0.34340118858532176,0.7180691582924943,-1.0129688180630823
58,10829618,i,7,-0.7631162616532003,0.2496780601618691,0.518422549141227,0.6591491769739034,-0.7631162616532003
59,10829618,r,12,-0.6797865247389203,0.1065370482551174,0.251211938114165,0.5500541628468759,-0.6797865247389203
60,10951332,g,7,-0.9127158115717589,0.0078938866095839,0.49163208051588025,0.6859824091387887,-0.9127158115717589
61,10951332,i,20,-0.8635911121472708,0.20888867872660583,0.9008307557251399,0.7604430160750074,-0.8635911121472708
62,10951332,r,16,-0.5393438404272112,0.10449886771453726,0.8992412257583846,0.331235391071126,-0.5393438404272112
63,10951332,u,7,-1.7569479131721013,0.14541408081546425,0.9516859029607895,0.6086876372217525,-1.7569479131721013
64,11010961,i,11,-1.7386275439880563,0.08664962663279363,0.16914790225879228,3.747228721961099,-1.7386275439880563
65,11010961,r,6,-0.9936281585591793,0.06516693042334493,0.09914250770119482,1.2894021250014214,-0.9936281585591793
66,11313286,g,3,-0.8056914387670338,0.013632499700544809,0.07704812596912236,0.4318075032074802,-0.8056914387670338
67,11313286,i,12,-0.321710830100682,0.016708201865610617,0.16717079942037852,0.15890979703456973,-0.321710830100682
68,11313286,r,8,-0.34480785690306226,0.08030162837816263,0.2145344847188351,0.17440038336416894,-0.34480785690306226
69,11313286,u,2,-2.438208088601982,0.11200699528065017,0.11200699528065039,0.7030516102212274,-2.438208088601982
70,11331843,g,5,-0.5859649600634362,0.059950753112803845,0.09392397930588636,0.4942124362549281,-0.5859649600634362
71,11331843,i,12,-0.6512599336058262,0.3164941610785425,0.47714626287181483,0.7621954307899633,-0.6512599336058262
72,11331843,r,11,-0.6421870408903021,0.19553393053942836,0.32050596276555504,0.5343231415188779,-0.6421870408903021
73,11331843,u,3,-0.684082866136563,0.15903619853244622,0.20131929183442476,0.04761919262863726,-0.684082866136563
74,1153257,g,2,-0.5078311899665049,0.43467241871397205,0.434672418713972,0.6834120956689964,-0.5078311899665049
75,1153257,i,7,-2.858460648757191,0.3562079115642236,0.6767187203828846,8.644172203922007,-2.858460648757191
76,1153257,r,10,-1.7279905832541047,0.1870085406940074,0.3450071085918047,3.280892828340336,-1.7279905832541047
77,11641438,g,4,-0.3101260808615983,0.0324889899159754,0.06357198437263045,0.14960919415536078,-0.3101260808615983
78,11641438,i,8,-1.5781689231143239,0.16318314706198167,0.3029893803139039,2.898960175635608,-1.5781689231143239
79,11641438,r,8,-1.1963516966032488,0.10634462325276217,0.15971434525014572,1.8449221301452179,-1.1963516966032488
80,11658247,g,3,-0.2027170141229534,0.3093198253842619,0.3520821936596521,0.1263962400468585,-0.2027170141229534
81,11658247,i,2,-1.5887187409114407,0.39054387393904544,0.39054387393904566,3.0880044226002896,-1.5887187409114407
82,11658247,r,7,-0.11595661439000793,0.033417109831818226,0.30662692907207245,0.1352813046812595,-0.11595661439000793
83,11662356,g,8,-1.2313008418176126,0.09943580436687005,0.20005335935891644,1.6391640653495472,-1.2313008418176126
84,11662356,i,17,-2.0473730668743815,0.24650613314033176,0.6068083205753303,2.2168803066724734,-2.0473730668743815
85,11662356,r,19,-1.0370949050066023,0.20946511335898632,0.9275717228979945,1.1349717001122446,-1.0370949050066023
86,11662356,u,4,-2.3588956151088647,0.3287542212752985,0.512693978192718,2.5506590630926427,-2.3588956151088647
87,11694164,g,3,-0.459143853824453,0.008817465259341573,0.024983028697253606,0.3633363741331214,-0.459143853824453
88,11694164,i,8,0.47125594211931576,0.22852967204708013,0.42909714291933176,0.31831926398577326,0.47125594211931576
89,11694164,r,7,0.2559694698878221,0.2039243340917749,1.0022315512845763,0.5215332740538529,0.2559694698878221
90,11694164,u,4,-1.45287878737579,0.06705885334967199,0.5463499442949589,0.5986291591183224,-1.45287878737579
91,11741322,g,2,1.3267782081246142,0.0700595180450907,0.07005951804509047,0.5766611055018801,1.3267782081246142
92,11741322,i,8,0.6137960304110192,0.8462082157728487,1.4743063814732609,0.604914185297681,0.6137960304110192
93,11741322,r,7,1.5089378885073392,0.22477822737353836,0.5847938150849317,0.8470751958239132,1.5089378885073392
94,1176570,g,4,-0.9240058925871389,0.01628843952418324,0.09425070701557492,0.5845097967118673,-0.9240058925871389
95,1176570,i,8,0.4496548394355364,0.29842043980395827,0.4954885825684439,0.34674166464808714,0.4496548394355364
96,1176570,r,9,0.11349954922570316,0.48646763311120134,0.6552971619668075,0.21588996616703368,0.11349954922570316
97,11818842,g,6,-0.3692013644509575,0.05038929349731647,0.09940714669939321,0.1579232479336536,-0.3692013644509575
98,11818842,i,15,-1.726624537351506,0.5210571277671148,0.9413503859852048,3.2365244883751147,-1.726624537351506
99,11818842,r,10,-0.9558915038978628,0.3569542373558757,0.6396733036736983,0.9889698103605198,-0.9558915038978628
100,11922758,g,4,-0.6426188181818282,0.042301334443648475,0.06886607094058961,0.39634603001441737,-0.6426188181818282
101,11922758,i,13,-0.8737127077610536,0.0882303146526966,0.27400306578899125,0.8975657786201473,-0.8737127077610536
102,11922758,r,12,-0.23516097279026305,0.0730747161679437,0.11765588455358333,0.08966858177486264,-0.23516097279026305
103,12033942,g,4,-1.3103497098080532,0.2803538428654002,0.7166439699703708,1.1857108859328855,-1.3103497098080532
104,12033942,i,14,-0.5703534768540646,0.4750882879111349,0.8005260177173013,0.4975470148364612,-0.5703534768540646
105,12033942,r,11,-0.8119611295326792,0.07245834917941463,0.3868450617308391,0.5941410422965036,-0.8119611295326792
106,12033942,u,2,-1.7737328468347313,0.890002325098161,0.8900023250981612,0.41786185749793,-1.7737328468347313
107,12071919,g,2,0.5526941336929322,0.7154574495303924,0.7154574495303925,0.8258923701930594,0.5526941336929322
108,12071919,i,5,-0.5104660249429825,0.21827251986630303,0.4717709310326573,0.3541608444042124,-0.5104660249429825
109,12071919,r,3,-0.45926457962926975,0.01661737382741013,0.1593477439978469,0.2320353707516153,-0.45926457962926975
110,12233502,g,6,-0.3642746759069891,0.11349534806327827,0.17662920255396664,0.21898242265620158,-0.3642746759069891
111,12233502,i,4,-1.1918820440337305,0.18271143243029875,0.3838379194936845,1.7802522180489038,-1.1918820440337305
112,12233502,r,7,-0.6256298779194187,0.05721496528493786,0.18964135346734323,0.5912235838022318,-0.6256298779194187
113,12266839,g,4,-1.3543345580222828,0.2514127673837091,0.5460680203843111,1.908485543681348,-1.3543345580222828
114,12266839,i,11,0.14597136880656314,0.46269801708773695,0.9397608872467283,1.0884460995339271,0.14597136880656314
115,12266839,r,7,-0.3246962306416861,0.40869352275143506,0.5148250194762832,0.3189382892115656,-0.3246962306416861
116,12311057,g,3,-0.5188872302053119,0.024220333430221785,0.026909570853061893,0.28341528884033435,-0.5188872302053119
117,12311057,i,5,-0.7291564205567335,0.061817383139095905,0.395405593849267,1.0954282022727602,-0.7291564205567335
118,12311057,r,7,-0.8218420939005084,0.0813469073739983,0.15150350425500447,1.0171295875458788,-0.8218420939005084
119,12311057,u,2,-2.157215902140054,0.10424066233021612,0.1042406623302159,0.5318790913124913,-2.157215902140054
120,12379323,g,9,-0.8645628188643153,0.11544064313713154,0.1800639472455674,0.8266518390410922,-0.8645628188643153
121,12379323,i,11,-1.6977564910687888,0.04135521109169593,0.09477447304759545,2.9921425798326906,-1.6977564910687888
122,12379323,r,12,-1.3002813478500914,0.11183566673882095,0.23559607612803912,1.791909436081892,-1.3002813478500914
123,12505240,g,2,-0.6458606737049886,0.027912875146790084,0.027912875146790084,0.31987416696168347,-0.6458606737049886
124,12505240,i,9,0.06764733535102074,0.5824924821803306,1.1704119894306428,0.29621537959164423,0.06764733535102074
125,12505240,r,9,-0.5385107395296709,0.12731518070332593,0.36930306209437214,0.3624358238843507,-0.5385107395296709
126,12505240,u,2,-1.9440356355436856,0.06123780555706215,0.06123780555706215,0.3233511284697611,-1.9440356355436856
127,12563450,g,5,-1.1752621629805222,0.09395716741393767,0.22311728471655035,0.845793281213749,-1.1752621629805222
128,12563450,i,18,-0.92023359034953,0.11914935592998122,0.3411831408498257,0.8373061139484546,-0.92023359034953
129,12563450,r,21,-0.6422983718357118,0.11421069896171132,0.20683602897115594,0.5557085966254602,-0.6422983718357118
130,12888220,i,12,-1.4666051535612326,0.07174325905448675,0.15235174086803172,1.7711967398442798,-1.4666051535612326
131,12888220,r,9,-1.0620484685729754,0.07662512079094874,0.25053038275939343,1.0687260133957772,-1.0620484685729754
132,1300367,g,8,-1.0585901930441268,0.35740776194705964,0.5898610875564535,1.1729475734292176,-1.0585901930441268
133,1300367,i,19,-1.2770391002703565,0.13095456913364,0.19636550470243774,2.195864586845536,-1.2770391002703565
134,1300367,r,21,-1.0724327399312046,0.14155063208248686,0.35060082705589135,0.9605320948684178,-1.0724327399312046
135,1300367,u,2,-0.550675646822244,0.1845162035758623,0.1845162035758623,0.06979694797361721,-0.550675646822244
136,1312726,i,7,-0.0705729252403125,0.17833013576725193,0.39253893878988855,0.07292510918221533,-0.0705729252403125
137,1312726,r,6,0.0020199021344037837,0.14570099412750767,0.46019351405107767,0.11374615298794262,0.0020199021344037837
138,1312726,u,2,-1.5034315850628652,0.012883753844977974,0.012883753844977974,0.1527192752214326,-1.5034315850628652
139,13442271,g,7,1.3266926442669285,1.3191009829400937,2.531728336971044,2.0847986429060303,1.3266926442669285
140,13442271,i,18,-0.028390883567992353,0.4181701106749996,1.26225679912665,0.48245206494834686,-0.028390883567992353
141,13442271,r,19,1.485761505351411,0.7571863675343793,1.5367550148664426,1.5021491002595009,1.485761505351411
142,13442271,u,6,-0.9149877593884597,0.12352275581685834,1.4629529018427534,0.3806331852394444,-0.9149877593884597
143,1349627,g,4,-0.8176573168911061,0.1426866309613694,0.35133158271834275,0.9383169028046082,-0.8176573168911061
144,1349627,i,16,-0.18243262452450537,0.08913318782913723,0.2205161575857309,0.14085154261755126,-0.18243262452450537
145,1349627,r,14,-0.24045327992839372,0.07356979810446143,0.350857203543643,0.20777142930071577,-0.24045327992839372
146,1349627,u,3,-2.2163132116393482,0.033219752382780854,0.5468483646005022,0.5762215099353386,-2.2163132116393482
147,13578532,g,18,-1.2373454536806077,0.42245233927535697,0.8859931391138255,1.391507247413795,-1.2373454536806077
148,13578532,i,29,-0.6354204680798725,0.3949498321415863,1.0773405964172913,0.47361127376454654,-0.6354204680798725
149,13578532,r,25,-0.29499408900148016,0.47696270330410706,0.7203006476947822,0.34400550693201054,-0.29499408900148016
150,13578532,u,10,-1.7491393888386049,0.535926723207367,1.0095546793661787,0.7643943201142713,-1.7491393888386049
151,13678010,g,3,-0.45343158085765434,0.03041489684733123,0.20049216374989187,0.19292016017137703,-0.45343158085765434
152,13678010,i,4,-0.6624152722683474,0.09900327646084017,0.28547707581952075,0.7582019240593394,-0.6624152722683474
153,13678010,r,7,-0.31701044727090644,0.08604983979058872,0.1822407331791895,0.1932334800486046,-0.31701044727090644
154,13702435,g,10,-0.0486237560174414,0.1308617924508904,0.5762622839363551,0.6784976658880829,-0.0486237560174414
155,13702435,i,5,-0.5302091609493642,0.14328516033918937,0.2414398498572422,0.6402257293148989,-0.5302091609493642
156,13702435,r,11,0.5384778940352495,0.7227298476567874,0.8381535584385773,0.7345080368684389,0.5384778940352495
157,13702435,u,2,-0.22995075740269244,0.046429276866611024,0.046429276866611024,0.008193817074891788,-0.22995075740269244
158,13746649,g,4,-0.5592913961780356,0.041981762763253716,0.0660312162584974,0.3090435602042419,-0.5592913961780356
159,13746649,i,7,-1.646728027147629,0.22740679404284814,0.6149748651046558,3.8090084886891207,-1.646728027147629
160,13746649,r,5,-1.086592970956053,0.22897294552186698,0.5808302461479593,1.7119889184063546,-1.086592970956053
161,13761431,g,5,-0.594060472954193,0.01908722823378528,0.0325007242303319,0.38009538871798415,-0.594060472954193
162,13761431,i,6,-1.2121422192765081,0.2182948613590764,0.337471382425383,1.9698075853967982,-1.2121422192765081
163,13761431,r,7,-0.6452084713813891,0.11181593678945945,0.16485150126076054,0.5124550203138009,-0.6452084713813891
164,13794418,g,5,-1.1200210086517015,0.5232113800060173,1.0848744725101205,1.0750764285622376,-1.1200210086517015
165,13794418,i,9,-2.78095326233208,0.6883467816506004,1.270300491455031,6.8564468194217465,-2.78095326233208
166,13794418,r,9,-1.627847635171824,0.38473801121712814,0.9154906651268587,1.7845044544270507,-1.627847635171824
167,13860043,g,3,-0.8486695446110997,0.0887542321928172,0.2847127232462885,0.6125154867882997,-0.8486695446110997
168,13860043,i,9,-1.1578610605647948,0.13027067764058864,0.23569366351238075,1.75875218742922,-1.1578610605647948
169,13860043,r,7,-0.43414189108170814,0.044001848686993805,0.08844407418839612,0.27165824957433216,-0.43414189108170814
170,13860043,u,2,-1.0735298508817153,0.24770419631616813,0.24770419631616802,0.32015294588220244,-1.0735298508817153
171,13886504,g,4,-0.2977866025105767,0.024944223397822762,0.1650300226380388,0.12326430844219681,-0.2977866025105767
172,13886504,i,5,0.7095210993917513,0.3044578732231076,0.5607073302645488,0.5312180043431999,0.7095210993917513
173,13886504,r,10,0.1636070865773316,0.20343306533226896,0.45769443345497507,0.11696492287905835,0.1636070865773316
174,13886504,u,2,-1.8472818430685631,0.020482054297690233,0.020482054297690233,0.20945037611376172,-1.8472818430685631
175,13892013,i,6,-1.536172660920967,0.06673834381085819,0.7159824435642881,3.5236899176510783,-1.536172660920967
176,13892013,r,5,-0.907848490427733,0.16258349903698732,0.7547350095398595,1.2283790507713401,-0.907848490427733
177,13898718,i,8,-1.8341549113677793,0.0679027105125306,0.141175211718787,2.7947617325569007,-1.8341549113677793
178,13898718,r,3,-1.298488892396869,0.0876164284283607,0.1807649470483832,1.5027466487502474,-1.298488892396869
179,13949404,g,7,-0.8188659954279347,0.19756374766046014,0.2312827295892056,0.5697736709102476,-0.8188659954279347
180,13949404,i,14,-1.5625518561824903,0.2576863453202002,0.4628938861653662,2.8838374003053246,-1.5625518561824903
181,13949404,r,13,-0.9036607855272987,0.18650663745631801,0.42973732349210403,1.1531323011434436,-0.9036607855272987
182,13980312,g,4,-3.0325431435705354,0.170469829704476,0.3355242735173052,2.8788835725681876,-3.0325431435705354
183,13980312,i,20,-2.4424485895385315,0.14685825150457021,0.7319557605318496,3.7756525242169845,-2.4424485895385315
184,13980312,r,17,-2.2731303426468727,0.34440717374826324,0.9141692534020835,2.062311356871797,-2.2731303426468727
185,13980312,u,5,-3.0330301619723707,0.030152434072357792,0.05654876431843281,4.450604897951928,-3.0330301619723707
186,14025826,g,3,-0.5362690305586036,0.0012375508526257795,0.038065632324945975,0.36160864695637757,-0.5362690305586036
187,14025826,i,16,-2.0153610588079354,0.4017628067149077,0.7527804325573721,4.197402374723498,-2.0153610588079354
188,14025826,r,19,-1.3764176528460288,0.2314144375326399,0.43864014845097676,2.168639493248656,-1.3764176528460288
189,14071065,g,21,-1.1763038369980925,0.1619886703973452,0.2710621965733644,0.8500603676158686,-1.1763038369980925
190,14071065,i,43,-0.2819749572385686,0.2078570291122357,0.4762160998855163,0.3459532155466514,-0.2819749572385686
191,14071065,r,44,-0.3833493275897055,0.11178881009779665,0.19448522574643423,0.20707235065280516,-0.3833493275897055
192,14071065,u,8,-2.181964500916897,0.23440645960199147,0.44093194424112325,0.5807013171100477,-2.181964500916897
193,14137904,g,2,-0.5410689153796593,0.03202048494973464,0.03202048494973475,0.4075742816263118,-0.5410689153796593
194,14137904,i,3,-0.8804857598371576,0.1802145441940881,0.19056029547213726,1.0683862819870438,-0.8804857598371576
195,14137904,r,6,-0.4591641623668738,0.027579872529436222,0.048992523219779704,0.24319684844771536,-0.4591641623668738
196,14224316,i,10,-1.1473395287882444,0.1871052322200435,0.36227089061772744,1.5070206209439476,-1.1473395287882444
197,14224316,r,7,-0.8253522878543844,0.07601458724509336,0.28513150720357194,0.5420648844135971,-0.8253522878543844
198,1438207,g,4,-0.16873307642618032,0.09570737425689868,0.1857493827784213,0.05835262027574767,-0.16873307642618032
199,1438207,i,12,-0.8164410173784316,0.11437251932528125,0.3201757712044365,0.786172927000854,-0.8164410173784316
200,1438207,r,15,-0.39262257651837157,0.08916682578109786,0.3491267302217457,0.2762488119639608,-0.39262257651837157
201,14483911,g,4,-1.0814740986401021,0.0779453440123879,0.17720818554179418,0.8719893009346537,-1.0814740986401021
202,14483911,i,11,-2.615766267222132,0.3883365672691008,0.7768308681820368,5.946078573360588,-2.615766267222132
203,14483911,r,12,-1.595643849779833,0.23428248917399275,0.6382523741283617,1.5971725411816406,-1.595643849779833
204,14488374,g,7,-0.5648337342294052,0.2369670462282104,0.33756019280407396,0.2917189918330053,-0.5648337342294052
205,14488374,i,15,-0.6531125491191924,0.14247421574301822,0.23104834131396523,0.6019850621111373,-0.6531125491191924
206,14488374,r,18,-0.46754432167853366,0.19355901383117946,0.35305577566096735,0.41765894999972136,-0.46754432167853366
207,14607656,g,9,-0.24053672394927023,0.11577660307644638,0.7889311488143869,0.35061175429987224,-0.24053672394927023
208,14607656,i,30,-2.239029042369152,0.4609505556601433,0.9828707606211635,5.924086063344296,-2.239029042369152
209,14607656,r,27,-1.5271548805622497,0.4095867250402423,0.8194687161760617,2.5872097961009075,-1.5271548805622497
210,14615713,i,13,-0.4204279355999433,0.022103960971280978,0.12446055554383545,0.32137980252248705,-0.4204279355999433
211,14615713,r,9,-0.42297422460517053,0.01984059434190355,0.03579675415648137,0.20155815557142603,-0.42297422460517053
212,14620868,g,9,-1.022662513749514,0.08068379799396785,0.1250088240845757,0.8703723061043697,-1.022662513749514
213,14620868,i,27,-0.9427361494539606,0.2139908867341832,0.6837545580814987,0.7491545959203917,-0.9427361494539606
214,14620868,r,24,-0.7175107001510816,0.15180687242622565,0.6248533410107936,0.35036490921895913,-0.7175107001510816
215,14620868,u,5,-1.9939122265179705,0.08007456175261085,0.8518096945969214,1.1675216920410678,-1.9939122265179705
216,14623158,g,8,-0.9290257379930852,0.17683841233195907,0.3738611302478201,0.44114699263030355,-0.9290257379930852
217,14623158,i,29,-2.146590914946383,0.22417763825404569,0.5347409268155783,3.2413149759396322,-2.146590914946383
218,14623158,r,30,-1.163475793132829,0.203069791074465,0.455802420090754,0.9356472223965042,-1.163475793132829
219,14623158,u,6,-0.6711259406409558,0.0565698319684238,0.13549652226445752,0.30104399177379787,-0.6711259406409558
220,14635287,g,5,-1.0326714995636186,0.10329235435190043,0.15864132357715555,0.33538460195440745,-1.0326714995636186
221,14635287,i,15,0.2388117716482887,0.022139119380506722,0.05235404169906743,0.040813887912700755,0.2388117716482887
222,14635287,r,16,0.05844455623631695,0.08561946430967904,0.17580824422421026,0.006775875359304434,0.05844455623631695
223,14805709,i,6,0.4207165147640217,0.18866269558530202,0.3171049156611223,0.15655008237270418,0.4207165147640217
224,14805709,r,5,0.47428298987840556,0.07250297757150337,0.11515015585458421,0.08401564760980501,0.47428298987840556
225,14951523,i,3,-0.05834483995796014,0.047369263685149376,0.08834295749728538,0.015516336227023711,-0.05834483995796014
226,14951523,r,5,-0.36873543651475726,0.014687608931725604,0.027753431068253398,0.2032923223098168,-0.36873543651475726
227,14951523,u,2,-2.691892373023278,0.0017968137025823339,0.0017968137025823339,0.5923204498737817,-2.691892373023278
228,14968606,g,5,-0.5307379752294675,0.06545625900523167,0.30431316723431545,0.4993743653301972,-0.5307379752294675
229,14968606,i,3,-0.2130071028615519,0.006846412818566128,0.02143213474601413,0.05837375883226079,-0.2130071028615519
230,14968606,r,4,-0.004570819896647316,0.11940371659202953,0.12795694874076877,0.03842518210942284,-0.004570819896647316
231,14968606,u,4,-1.8242514707676794,0.17812758569488785,0.31327087612291127,0.6827176933846923,-1.8242514707676794
232,14984423,g,9,-0.21883853725508517,0.3275473851363937,1.1627630249643364,0.2476805926003068,-0.21883853725508517
233,14984423,i,20,-0.08124272021877399,0.33917012288182835,0.6279475895180117,0.20989699011965907,-0.08124272021877399
234,14984423,r,17,-0.18393555918145021,0.22798750123911715,0.5027261044134781,0.18098010327416056,-0.18393555918145021
235,14984423,u,7,-1.0060779606886059,0.24292426688486346,1.3820944326889357,0.5891663559474665,-1.0060779606886059
236,15000106,g,4,-0.34871294084445315,0.23385653920967298,0.48784637262818653,0.30304378557633865,-0.34871294084445315
237,15000106,i,4,-0.5184874514187713,0.19989571051848862,0.3917542090677107,0.5275151947492148,-0.5184874514187713
238,15000106,r,6,-0.31219713287520107,0.42446292539261044,0.8417062629919783,0.3265978678752915,-0.31219713287520107
239,15000106,u,3,-2.3923570353924,0.03919828867990782,0.19436295047048313,0.7926741567638751,-2.3923570353924
240,15014461,g,3,-2.1790316073778815,0.12629920055737287,0.4309926271383,1.0901137498843465,-2.1790316073778815
241,15014461,i,6,-1.9403791155421755,0.1937952962642835,0.4662114407662217,3.7535168000716648,-1.9403791155421755
242,15014461,r,6,-1.6921301773635768,0.15701511385419153,0.3215021647455809,1.749470756448445,-1.6921301773635768
243,15074779,g,4,-0.2891140058315783,0.07546599402030463,0.1695647685471908,0.15959508261011845,-0.2891140058315783
244,15074779,i,6,-1.7942938108899922,0.12914412821394627,0.25251181742600215,3.5746186496688694,-1.7942938108899922
245,15074779,r,6,-0.7967712990796458,0.1161212517490024,0.17925303472351206,0.8313353657282067,-0.7967712990796458
246,15093946,g,7,-0.8042455996503848,0.05768224521829657,0.41174398037948845,0.455313596586151,-0.8042455996503848
247,15093946,i,19,-0.7301477972767787,0.2112944012158161,0.6225892051299352,0.4806817113765603,-0.7301477972767787
248,15093946,r,18,-0.28069656405300814,0.3915582990945903,0.7410179159142456,0.1921794087095955,-0.28069656405300814
249,15093946,u,3,-1.262441473210977,0.13337728439702445,0.13611580430191417,0.6272831896659778,-1.262441473210977
250,15212291,g,7,-0.9450474891270948,0.011681289228705705,0.05762561863791027,0.804229669015503,-0.9450474891270948
251,15212291,i,18,-0.5160409078699968,0.17529194170365986,0.3282811695376818,0.30315252059596903,-0.5160409078699968
252,15212291,r,17,-0.31337398515606796,0.21278875019149512,0.28784257547259895,0.21955489698655742,-0.31337398515606796
253,15212291,u,3,-1.7936272239581759,0.04077579839758849,0.29932769149940963,0.5910556202491289,-1.7936272239581759
254,15307752,g,9,-1.8019956627993738,1.2520682116554385,2.4032487774715108,1.9301857248098269,-1.8019956627993738
255,15307752,i,19,-1.9444922125296313,0.7858299165178824,1.4493451301216775,3.3478034468133337,-1.9444922125296313
256,15307752,r,26,-0.7583653706906907,0.2502807483211388,1.6322959512864448,1.3004363957671978,-0.7583653706906907
257,15361413,g,4,-1.033402585770034,0.04018164489982756,0.09608064862454635,0.5366125770122939,-1.033402585770034
258,15361413,i,8,-0.843505205496309,0.05534719983452685,0.11361103998487665,0.48213957024303694,-0.843505205496309
259,15361413,r,14,-0.6508144876232812,0.04494517999841585,0.08326948261247469,0.20319555436854753,-0.6508144876232812
260,15361413,u,3,-1.5710698186752792,0.1152725485281012,0.4831032991212818,0.8523916265156157,-1.5710698186752792
261,15370096,g,2,0.08366585171617424,0.10422352610631125,0.10422352610631125,0.009558677214977811,0.08366585171617424
262,15370096,i,6,0.04316002912665917,0.2943767054335509,0.5244374804773535,0.328193896812002,0.04316002912665917
263,15370096,r,6,0.4477896662058585,0.2359301117190934,0.554186242752218,0.1719866234003832,0.4477896662058585
264,15370201,g,3,-0.5156852195019652,0.03710021182857881,0.15188382816173285,0.4771038991536218,-0.5156852195019652
265,15370201,i,3,-1.7990057276274443,0.04268857353566058,0.14171153258262548,4.059461302825217,-1.7990057276274443
266,15370201,r,7,-1.1733235902626034,0.17487812543920422,0.23595619903470755,1.6807995422203714,-1.1733235902626034
267,15459257,g,2,-0.8794331076714624,0.11399850842581583,0.11399850842581594,0.3964998373093377,-0.8794331076714624
268,15459257,i,13,-1.863793293712389,0.25899939928114724,0.49267285926227555,3.821473339814762,-1.863793293712389
269,15459257,r,14,-1.5718565883039715,0.15656889732928536,0.32076812115649034,3.152961266266627,-1.5718565883039715
270,15493969,g,13,-1.3467625670060017,0.284051399886438,0.8855875270527127,1.5779081982358985,-1.3467625670060017
271,15493969,i,41,-1.6279702599738823,0.41192085087536867,1.0693262488575164,1.904772628447986,-1.6279702599738823
272,15493969,r,44,-1.1656527320745846,0.6332938300735671,1.224293635026795,0.8909015257609184,-1.1656527320745846
273,15493969,u,6,-1.794671432064999,0.0754172672645006,0.11793752599154605,1.1541367162339478,-1.794671432064999
274,15526458,g,6,-0.21730030652090876,0.2745150046279104,0.9944435537250751,0.38542733744565233,-0.21730030652090876
275,15526458,i,11,-1.069417712289599,0.14757372984325,0.32566845891344975,1.240445120751672,-1.069417712289599
276,15526458,r,14,-0.6626151685169837,0.10729971406164684,0.19890223522729833,0.46435509061607316,-0.6626151685169837
277,15526458,u,2,-0.38151635599331235,0.3841522989867918,0.3841522989867918,0.07163549003080183,-0.38151635599331235
278,15533945,g,2,-0.29415447142477613,0.05247137355217513,0.05247137355217513,0.06718284146954745,-0.29415447142477613
279,15533945,i,8,-0.9443039484634859,0.17015560270449204,0.37464101394760085,1.0953069095233707,-0.9443039484634859
280,15533945,r,5,-0.40762476315053875,0.13335540827491377,0.2635559712279495,0.23339111863113718,-0.40762476315053875
281,15533945,u,2,-0.09406841082295847,0.009339066963300113,0.009339066963300113,0.006142150047223772,-0.09406841082295847
282,15612196,g,8,-0.665884262820789,0.2046711471048161,0.35061568933191767,0.4594634437864939,-0.665884262820789
283,15612196,i,14,-0.8696256131443134,0.06076005519848343,0.1132151282998225,0.8896638229382582,-0.8696256131443134
284,15612196,r,14,-0.5948240765900823,0.08636894611574458,0.21153126069161443,0.5342426981601883,-0.5948240765900823
285,15674564,g,5,-0.4085803267291689,0.03750336217209521,0.3481476737163036,0.23662481125539406,-0.4085803267291689
286,15674564,i,11,0.014856510621351793,0.2867040731872818,1.5779376852683025,0.7699537128229014,0.014856510621351793
287,15674564,r,10,0.3327809583606216,0.10592389233534216,0.14576385143395326,0.26432076489088213,0.3327809583606216
288,15674564,u,7,-0.4214158960035801,0.11715515426532752,0.5744737210457633,0.0944497242305113,-0.4214158960035801
289,15713052,g,4,-0.276819355203198,0.24696740170216513,0.49673246857877185,0.14472636931337043,-0.276819355203198
290,15713052,i,4,-0.13935831171871646,0.04301392264967102,0.0793357848625475,0.02699491624578109,-0.13935831171871646
291,15713052,r,4,-0.020121697001197564,0.19996607144894077,0.43359980351931915,0.0540210390897987,-0.020121697001197564
292,15713052,u,3,-1.3519379182377054,0.011862998302830885,0.4637541476683311,0.2414875727950698,-1.3519379182377054
293,15747757,g,2,-0.15097226265237426,0.022544750839963573,0.0225447508399636,0.027822601373846345,-0.15097226265237426
294,15747757,i,13,-0.8310468393429251,0.23530051596978352,0.4430320229280892,0.9110979783945322,-0.8310468393429251
295,15747757,r,9,-0.3712207507624936,0.24237272458558967,0.3296997805661022,0.22366687045365152,-0.3712207507624936
296,15758083,g,3,-1.1535060674156987,0.036632539778594486,0.10259473671896258,1.243248563829903,-1.1535060674156987
297,15758083,i,7,-1.1806505856529086,0.0768625626061541,0.18154887217030158,1.830080425595849,-1.1806505856529086
298,15758083,r,6,-1.147686773278567,0.03909705893273718,0.06124310464436933,1.393262461956045,-1.147686773278567
299,15780914,g,4,-0.4847478061526335,0.21596478722275364,0.39527249668125597,0.23925014300222755,-0.4847478061526335
300,15780914,i,4,-1.2921011398548603,0.20650911992842164,0.27584653540315185,1.8828510737524171,-1.2921011398548603
301,15780914,r,10,-0.6671601786572875,0.06361629389309525,0.11591355504571466,0.5157569173975837,-0.6671601786572875
302,15934108,i,6,0.543689290287791,0.5126239558840142,1.8516932883930282,2.2046089970988416,0.543689290287791
303,15934108,r,5,-0.22929405709158152,0.11639401580685566,0.2240505987154946,0.14681413246669847,-0.22929405709158152
304,15972469,i,7,-0.6851901387496898,0.014876685980994342,0.04111805575705363,0.6507561403401698,-0.6851901387496898
305,15972469,r,4,-0.45686465524134856,0.004371152726513172,0.009637588911739381,0.3049095296410711,-0.45686465524134856
306,15975310,g,4,-0.45518031361847877,0.11463035271963457,0.2261282405599651,0.2468545076504819,-0.45518031361847877
307,15975310,i,5,-1.050355046131438,0.10661589245942737,0.13828753570490493,1.4538469704347108,-1.050355046131438
308,15975310,r,9,-0.6193721730509065,0.11287717569912759,0.18663756245960383,0.40215762191872884,-0.6193721730509065
309,16051423,g,7,-1.8284988084090874,0.08092358258231935,0.31884270657037117,3.038075534257435,-1.8284988084090874
310,16051423,i,20,-1.016463205686906,0.5219671562038304,0.9909396333181478,0.830412562082999,-1.016463205686906
311,16051423,r,20,-1.0440718084491878,0.5981329373058202,1.0931039375258,0.8877434796868217,-1.0440718084491878
312,16051423,u,5,-3.2408231239778758,0.044537263006313665,0.10820515759586957,2.4738004901347033,-3.2408231239778758
313,16084951,g,3,-0.8467957426409771,0.0305667251222419,0.2835458365930975,0.7869808808583277,-0.8467957426409771
314,16084951,i,24,-2.969505442883704,0.5322058290563734,1.0493549205689945,7.1361419609193275,-2.969505442883704
315,16084951,r,24,-1.932884318449411,0.29663120729516335,0.5871741265246921,2.4070282162071193,-1.932884318449411
316,16145675,g,10,-0.754173860112785,0.045010028920260514,0.07853024644950213,0.596763987486991,-0.754173860112785
317,16145675,i,12,-1.0353224240164114,0.22325726368102783,0.5043801218235776,1.0114381680623472,-1.0353224240164114
318,16145675,r,11,-0.6054306894453725,0.2042011186920073,0.35116426171397297,0.4685856026800316,-0.6054306894453725
319,16199371,i,9,-2.034268766676127,0.2595325752471376,0.4391751379412687,4.7894954067386974,-2.034268766676127
320,16199371,r,5,-0.7829758715549281,0.05736799942695425,0.5825347721527924,1.3379474238129543,-0.7829758715549281
321,16443333,g,4,-0.5746240003806893,0.05978762678843008,0.11681000656133872,0.22508535979851918,-0.5746240003806893
322,16443333,i,4,-0.3977166691799513,0.40204738837988907,0.7329974741517442,0.5024199983861787,-0.3977166691799513
323,16443333,r,5,-0.4366574950630819,0.07211134509506173,0.3097906724116484,0.22284782300867217,-0.4366574950630819
324,16510252,g,3,-1.1798678194256849,0.008399975689288075,0.3078459530050821,1.1023153623950375,-1.1798678194256849
325,16510252,i,8,-1.0433657836813401,0.1811696897024917,0.3204251286393067,0.9882063035705108,-1.0433657836813401
326,16510252,r,9,-0.6508699752751742,0.2866685365670901,0.4203689781506148,0.3787755855131229,-0.6508699752751742
327,16510252,u,4,-1.4875565061122324,0.060973825190080544,0.09845813470003151,0.5208498412399147,-1.4875565061122324
328,16550915,g,7,-1.244227446491313,0.18388250161570352,0.454302920740271,1.1955280541143785,-1.244227446491313
329,16550915,i,18,-0.4464904774804028,0.3741514720220963,0.9006991687718906,0.3604512241268748,-0.4464904774804028
330,16550915,r,17,-0.6541276617764138,0.27253440849971,0.6721866419868494,0.2536407236171214,-0.6541276617764138
331,16550915,u,5,-2.5444203496431266,0.07727389291076303,0.13232940095418133,1.0230088858530024,-2.5444203496431266
332,16604474,g,2,-1.1497698325884587,0.19357818557117745,0.19357818557117734,0.8071988777409941,-1.1497698325884587
333,16604474,i,5,-1.034904183889229,0.015486549477004008,0.14516270245299623,0.6708219470549125,-1.034904183889229
334,16604474,r,3,-0.752046995007337,0.09119493727507466,0.5459766557621729,0.24269051923590448,-0.752046995007337
335,16604474,u,2,-2.016305294253555,0.044845180652554495,0.04484518065255427,1.8531564088425667,-2.016305294253555
336,16670216,g,9,-0.7544905029014545,0.6041374871778665,0.6208768667074319,0.683885948341758,-0.7544905029014545
337,16670216,i,24,-0.44128515375582905,0.25245563711354185,0.6460273891582089,0.26860653476683855,-0.44128515375582905
338,16670216,r,21,-0.2339757837916428,0.37048762062965007,0.6819190747700639,0.25519788873942745,-0.2339757837916428
339,16670216,u,8,-2.197624520498964,0.1470652040675402,0.3143639549816091,0.6921201143118083,-2.197624520498964
340,16673569,g,6,-0.9469104169068523,0.0269177173128744,0.23177302935791255,0.820507522482389,-0.9469104169068523
341,16673569,i,10,-1.6813652242502046,0.16798183327153504,0.31137049231886116,3.6079137588729338,-1.6813652242502046
342,16673569,r,8,-1.2007318466747068,0.21170483299700332,0.4060603963884637,1.481533801741773,-1.2007318466747068
343,1674733,g,4,0.013575674540166727,0.029375594640759894,0.05812319750568662,0.0005445757129457367,0.013575674540166727
344,1674733,i,18,0.4584075919714139,0.2973695464408027,0.5202746161861853,0.20620536191675182,0.4584075919714139
345,1674733,r,17,0.57993468531226,0.04351912513748957,0.22400474507621926,0.17170828609052766,0.57993468531226
346,16800206,g,4,-0.3096057818584214,0.021848895327425677,0.06278108759147649,0.1802017243927263,-0.3096057818584214
347,16800206,i,5,-0.45729296135396996,0.17699420464452997,0.34068999646575077,0.32508769589672093,-0.45729296135396996
348,16800206,r,5,0.09457077726288815,0.17746156416526387,0.30179198638829086,0.051540264841276905,0.09457077726288815
349,16833472,g,7,-0.6058981499147078,0.05422219319607935,0.07981593281325572,0.49178177986922933,-0.6058981499147078
350,16833472,i,12,-0.7898820250822518,0.1595785623718935,0.3840817316026728,0.9466921378936153,-0.7898820250822518
351,16833472,r,12,-0.5062431234818011,0.08440948379646895,0.15473147669962017,0.3061900463203433,-0.5062431234818011
352,16833472,u,4,-1.287167936880163,0.05837834853896928,0.10837511145216938,0.24549028013126473,-1.287167936880163
353,16902774,g,4,-0.6155962919323661,0.010827272826604228,0.015526546892612458,0.489496640468824,-0.6155962919323661
354,16902774,i,7,-0.19502823120618573,0.23801474927436383,0.4330040843783247,0.1995171593451485,-0.19502823120618573
355,16902774,r,9,0.14833561498036485,0.2527047518628177,0.45954672759136667,0.164213613388261,0.14833561498036485
356,16939778,g,2,-1.1253668973207112,0.0035316258056656835,0.0035316258056656835,0.7354497979123154,-1.1253668973207112
357,16939778,i,4,-1.1181358335340006,0.0872149720651666,0.16323252913539665,1.8715161612736662,-1.1181358335340006
358,16939778,r,10,-1.1123298527520968,0.05859464617257781,0.0918534837449212,1.5101580034686788,-1.1123298527520968
359,16949111,g,2,-0.558319426934869,0.05091009810785879,0.05091009810785885,0.30277282480199047,-0.558319426934869
360,16949111,i,15,-2.055730983980701,0.42044494453821346,0.8057172274666571,4.197121394872636,-2.055730983980701
361,16949111,r,9,-0.9643467416077499,0.16217457284534165,0.2842497467434123,0.9782538165195738,-0.9643467416077499
362,17043510,g,3,-0.9665347641607512,0.37376919452869684,0.5696275114539051,0.8106916287223761,-0.9665347641607512
363,17043510,i,3,-1.1544747966063256,0.08718168518241254,0.09350660049855897,1.624568892788951,-1.1544747966063256
364,17043510,r,5,-0.6199549649690547,0.148434597678764,0.21576929731400551,0.5846038395294617,-0.6199549649690547
365,17062153,g,4,-2.722580543369736,0.023957658628274814,0.04709483935771441,1.825322469951219,-2.722580543369736
366,17062153,i,3,-2.021754042489476,0.024874508425344555,0.03376736311464157,3.155233715322543,-2.021754042489476
367,17062153,r,6,-1.970910784320878,0.011917468684533361,0.018054504261076687,1.5298901736541513,-1.970910784320878
368,17065088,i,6,-2.0422835563058657,0.06591389567161487,0.4002510403978681,5.7746559178767605,-2.0422835563058657
369,17065088,r,5,-1.3821900617903085,0.08056535439746138,0.15890094766224272,1.3896394536301275,-1.3821900617903085
370,173602,g,6,-0.6274647928543968,0.11761372177949614,0.2262434676838304,0.5261427852067767,-0.6274647928543968
371,173602,i,14,-1.7007737961678622,0.25966383847093744,0.43317002285005013,3.512977592565289,-1.7007737961678622
372,173602,r,23,-1.4693428487003999,0.20501751432714022,0.4152322582088732,2.1997591359441753,-1.4693428487003999
373,17397773,g,3,-1.0988593926124524,0.008397547492920765,0.014830456259812497,0.7835515260933095,-1.0988593926124524
374,17397773,i,6,-0.36683641670698014,0.02228036977265324,0.0388116811743196,0.12637890930286969,-0.36683641670698014
375,17397773,r,4,-0.39798344248736284,0.02998910864417459,0.07854995423208594,0.10261835724445302,-0.39798344248736284
376,17397773,u,2,-2.088637505046291,0.27926455730489286,0.27926455730489264,1.0266175661142918,-2.088637505046291
377,17433718,g,3,-1.042579596160197,0.32486545878786444,0.4269449020730043,1.2769672687650353,-1.042579596160197
378,17433718,i,13,-1.1558037384946616,0.1362093524414194,0.3286062875124178,1.994754015420835,-1.1558037384946616
379,17433718,r,8,-0.6739770283401042,0.11181498000285212,0.24510355114000626,0.7181001281870697,-0.6739770283401042
380,1755422,g,4,-0.5887869957356371,0.020801377269511978,0.042652180743835255,0.41415901896899365,-0.5887869957356371
381,1755422,i,13,-1.011174136273743,0.2522576482842558,0.43662443695423003,1.1869544456820889,-1.011174136273743
382,1755422,r,13,-0.5350619899937393,0.11601601273128542,0.27033023364776876,0.4001552016510964,-0.5350619899937393
383,17586873,g,8,-1.133982967494415,0.010658778184530093,0.020082946562143045,1.1256384065425524,-1.133982967494415
384,17586873,i,10,-0.8378394360756581,0.11940151001126931,0.22540406752397812,0.4806522025424341,-0.8378394360756581
385,17586873,r,13,-0.619189666209627,0.08637401881068163,0.20122004153699768,0.22556600560694345,-0.619189666209627
386,17586873,u,6,-1.813212570108435,0.16788005011992224,0.3562477028404434,0.7900736067602067,-1.813212570108435
387,17638334,i,9,-0.6770845361521673,0.112967841009046,0.20726196604065705,0.6552965480406143,-0.6770845361521673
388,17638334,r,11,-0.40474951620717187,0.13778273683934228,0.24094685633316293,0.21422998911109845,-0.40474951620717187
389,17654551,g,4,-0.3802540229730115,0.3351150194534612,0.7210164389957272,0.4005810208184176,-0.3802540229730115
390,17654551,i,16,-0.40895484206873073,0.34406623739136016,0.6910570053692033,0.35777804090910265,-0.40895484206873073
391,17654551,r,13,0.09816421946764509,0.5477024278845852,0.799892655800426,0.17765415178890834,0.09816421946764509
392,17654551,u,6,-1.5771699463793118,0.3547671545957829,0.6819193541289286,1.2083862629473636,-1.5771699463793118
393,17690033,g,7,-0.38828709725882904,0.16380759241705523,0.4205768755711022,0.3189272474141447,-0.38828709725882904
394,17690033,i,34,-1.668614283599143,0.4343481651824985,0.9846418270810353,3.9652144761985992,-1.668614283599143
395,17690033,r,37,-1.1825897661284532,0.33819837714128553,0.7180216605882678,1.4545662680397902,-1.1825897661284532
396,17805514,g,7,-0.2648148100197659,0.03390715845231507,0.09165107327356081,0.08066831607440687,-0.2648148100197659
397,17805514,i,16,-0.9777299910745599,0.1829464982709027,0.3446097412200366,1.0809014132205246,-0.9777299910745599
398,17805514,r,20,-0.4658043291595976,0.1272379020856937,0.20953010708760056,0.281120713110789,-0.4658043291595976
399,17839178,g,9,-2.1944126171141316,0.3913974941218612,1.1721982637385029,3.5063448358455562,-2.1944126171141316
400,17839178,i,19,-2.1812614862114668,0.23598911682978185,0.5718889306193917,2.352029029613368,-2.1812614862114668
401,17839178,r,23,-2.2863788539247394,0.556965773415923,1.5422878304471261,1.9192860749666534,-2.2863788539247394
402,17853242,g,5,-1.141152380399111,0.09821123165943768,0.17918496744607793,1.1925932784253734,-1.141152380399111
403,17853242,i,13,-1.3710727418071493,0.1089272839256612,0.21410514280415605,2.3854026483337574,-1.3710727418071493
404,17853242,r,16,-1.1675532501804275,0.1610719215091776,0.37052854479920616,1.8664271922333175,-1.1675532501804275
405,17876964,g,11,-1.977737066338209,0.3100441727404455,0.5747630901486656,1.3776183616241815,-1.977737066338209
406,17876964,i,34,-1.0212243883115462,0.08305902507539542,0.17034824855653397,0.8563723564806659,-1.0212243883115462
407,17876964,r,30,-1.0193889265311367,0.03511851302172242,0.11030570116565053,0.5301370908119666,-1.0193889265311367
408,17876964,u,8,-2.9153178025694166,0.1036465313190944,0.17981330548790408,4.458572001839302,-2.9153178025694166
409,1795624,g,8,-1.9048371691336747,0.16947877938368983,0.28466372853002575,1.2607221931819819,-1.9048371691336747
410,1795624,i,12,-1.6020268212754785,0.05703258693100777,0.27581035480586324,1.6467587859032153,-1.6020268212754785
411,1795624,r,12,-1.1156868080525157,0.08393390805982515,0.18627533210558433,0.5208983566179578,-1.1156868080525157
412,1795624,u,2,-1.070569430459415,0.031891858959175234,0.031891858959175234,0.49759894219580436,-1.070569430459415
413,1800719,g,2,-0.23494133860693633,0.1279557367858537,0.1279557367858537,0.07187592911037569,-0.23494133860693633
414,1800719,i,12,-0.19269888799191948,0.0845682776465968,0.1759249984794615,0.7047662909309286,-0.19269888799191948
415,1800719,r,10,0.05808276610440749,0.028594584498566167,0.060908368988360245,0.6142953608175507,0.05808276610440749
416,1800719,u,3,-0.9312093963195207,0.6033502102552037,0.6157114658586345,0.5101898601972386,-0.9312093963195207
417,18067532,g,3,-0.6378850142754899,0.06833430526025097,0.12264559668431507,0.40622852754741007,-0.6378850142754899
418,18067532,i,5,-1.4552120214551563,0.06845512768432127,0.3053770107871734,1.8247494423243231,-1.4552120214551563
419,18067532,r,6,-0.7717381255173644,0.1062363069013369,0.1881897344855512,0.7094718149761571,-0.7717381255173644
420,18145879,g,2,-0.5843106256105448,0.2719830020849372,0.2719830020849372,0.5897373216571269,-0.5843106256105448
421,18145879,i,10,-2.048156302406687,0.19811100487316935,0.3694013762345456,5.387281533287241,-2.048156302406687
422,18145879,r,11,-1.3737141117526543,0.12141369292340887,0.21121606485506517,2.2557518345739536,-1.3737141117526543
423,18216807,g,7,0.028988256565897208,0.01901306501342026,0.2264208739553616,0.1017504391442725,0.028988256565897208
424,18216807,i,13,-0.5412608565511536,0.4814686775357448,1.3047113708045923,0.759429857460251,-0.5412608565511536
425,18216807,r,14,0.7420627137428976,0.3062956587735666,0.5557753903471631,1.1768947143763133,0.7420627137428976
426,18216807,u,3,3.192760807467731,0.03424964779444961,0.5285999395857921,2.185996842312725,3.192760807467731
427,18220940,i,11,-1.7837072180694173,0.14915621046192196,0.2949702642118468,3.5797441724348813,-1.7837072180694173
428,18220940,r,3,-0.3567230115733505,0.09944860270176586,0.25682571423686196,0.278989508503453,-0.3567230115733505
429,18287845,g,6,-0.46107901526660366,0.06465174096065635,0.09831583627411322,0.2621351312801376,-0.46107901526660366
430,18287845,i,20,-1.1545633585632578,0.2561323042702143,0.6854588061059996,2.107064522689979,-1.1545633585632578
431,18287845,r,12,-0.6540814185492527,0.29993825696292586,0.563132495444,0.58460277168038,-0.6540814185492527
432,18328500,g,2,-1.1324224559350715,0.0026278716057576146,0.0026278716057575036,0.8515708816702408,-1.1324224559350715
433,18328500,i,6,-0.824124897801723,0.08472701901933138,0.16182721929594224,0.8622610000197263,-0.824124897801723
434,18328500,r,3,-0.7203950966578745,0.042872986172961536,0.0652553226313145,0.8006147217538263,-0.7203950966578745
435,18329086,i,14,-2.150553665963219,0.19863285134961473,0.3146796957466169,4.105678178269113,-2.150553665963219
436,18329086,r,9,-1.5101612446320067,0.3086887532153173,0.5611929265079019,1.888505358337743,-1.5101612446320067
437,18347191,g,13,-0.8539726391361095,0.21770982316224075,0.4468907050054356,0.5930033140080886,-0.8539726391361095
438,18347191,i,29,-0.4363253357396444,0.059999612748658726,0.10090063725466147,0.1542158100623435,-0.4363253357396444
439,18347191,r,28,-0.25896149781105643,0.028435500843743355,0.16735202478732136,0.06797068980517465,-0.25896149781105643
440,18347191,u,10,-1.7443507184821452,0.12614236524272027,0.21283531227639707,1.3261835400363904,-1.7443507184821452
441,18496548,g,5,0.25025833344209625,0.23846352557806583,0.36358484559595894,0.11874832870712682,0.25025833344209625
442,18496548,i,17,-0.3536424706565392,0.34075323548003444,0.5526062106501005,0.5762258036806985,-0.3536424706565392
443,18496548,r,17,-0.36637559093857347,0.2145031851831099,0.2795099375320017,0.39692082837889914,-0.36637559093857347
444,18496548,u,4,-0.4503329524091775,0.20548772619079259,0.3181358078976845,0.020166868798521063,-0.4503329524091775
445,1862070,g,3,-0.24623448108869106,0.0060617517471988625,0.5954869067570626,0.43431232867754826,-0.24623448108869106
446,1862070,i,8,-1.4750048657231747,0.12994153497599148,0.2828621907501139,2.480055084192871,-1.4750048657231747
447,1862070,r,9,-0.974716585443691,0.23347580488545572,0.38857498708204874,0.9548400553514982,-0.974716585443691
448,18798414,i,5,-1.5189124582549867,0.18153191342698172,0.2831542730033092,3.0806600022697075,-1.5189124582549867
449,18798414,r,6,-1.2610243460014163,0.03973053162358309,0.09041795828080224,1.7937540241228074,-1.2610243460014163
450,18804954,g,3,-2.2652147456775906,0.5873631275293585,0.6191757444323545,1.7593011239433567,-2.2652147456775906
451,18804954,i,8,-2.9530501822230817,0.23663312498671774,0.4657663519017814,7.034967802523231,-2.9530501822230817
452,18804954,r,12,-2.260655104219686,0.04954642093894668,0.14887659693401734,3.0728635662950707,-2.260655104219686
453,18804954,u,3,-2.1250423729708032,0.026486131599032348,0.37583180950701855,2.0298784979085065,-2.1250423729708032
454,19042279,i,10,-0.05836308754879643,0.09125320033242512,0.15656064669806816,0.25868867631841697,-0.05836308754879643
455,19042279,r,6,-0.015484176087427526,0.18295095082454146,0.5663091750805616,0.22370643578505742,-0.015484176087427526
456,19042279,u,2,-2.1034527940764627,0.12504927419440692,0.12504927419440737,0.3657107802701127,-2.1034527940764627
457,19082754,i,6,-2.2194233787842665,0.07560017411564202,0.13278812086733893,6.213596280938234,-2.2194233787842665
458,19082754,r,8,-1.517684608385985,0.181078196338183,0.29453582680098433,2.5048460801451373,-1.517684608385985
459,19112265,i,2,-0.9822473337137703,0.040896895262879596,0.04089689526287965,1.017913649874982,-0.9822473337137703
460,19112265,r,9,-0.5336113876163888,0.078216173357891,0.1566406887838938,0.3659977963935422,-0.5336113876163888
461,19112265,u,4,-0.6537402468529674,0.026313491402751632,0.14307446446469263,0.14980528397567233,-0.6537402468529674
462,19299957,g,6,-0.5722091229547079,0.12994703844117322,0.6434498481278723,0.4629003978590632,-0.5722091229547079
463,19299957,i,9,-0.0011963688148060037,0.07155290551908888,0.41967789520105603,0.17403727138479674,-0.0011963688148060037
464,19299957,r,12,0.17637582867771506,0.25662442539105396,0.5567911574369367,0.11985772195885543,0.17637582867771506
465,19299957,u,2,-2.033994807351731,0.5865017324164465,0.5865017324164463,0.373221004622032,-2.033994807351731
466,19308312,g,2,-0.1574239171876719,0.4417742859454401,0.4417742859454401,0.1879845917981851,-0.1574239171876719
467,19308312,i,11,-1.3882226521039853,0.1245833464180015,0.26868793355881215,2.5665467160325486,-1.3882226521039853
468,19308312,r,11,-0.8162507459768247,0.06055397641395732,0.1085208226985569,0.734181239305972,-0.8162507459768247
469,193481,g,4,-0.2207976950138495,0.05191468548259104,0.13358661177129338,0.052284000711190375,-0.2207976950138495
470,193481,i,10,-1.0944428524315692,0.217482448718197,0.39419631231179497,1.604591174604853,-1.0944428524315692
471,193481,r,9,-0.3511884148932975,0.16167900025959847,0.23187639679540656,0.22794327561765673,-0.3511884148932975
472,19387983,i,11,-2.4471074368538814,0.23374589434209403,0.5050013840955963,7.3498861824908515,-2.4471074368538814
473,19387983,r,7,-1.6565345887348157,0.21588541329895738,0.3019819518807281,2.707308023805614,-1.6565345887348157
474,19483985,g,3,-2.1843556064369,0.05101145608727098,0.0792377017907695,2.1050010540389823,-2.1843556064369
475,19483985,i,11,-1.151875154989333,0.0465604534127535,0.14934215970569187,0.6679152820998547,-1.151875154989333
476,19483985,r,9,-1.4674948739373814,0.156227435187978,0.594064283688136,0.7647221839072977,-1.4674948739373814
477,19559083,i,8,-1.573883928702727,0.23182554770910602,0.4654320620376238,3.4665847777709504,-1.573883928702727
478,19559083,r,3,-0.6576112990917438,0.02389115260940544,0.06852983096012699,0.5577392598173807,-0.6576112990917438
479,19746022,g,5,-0.9520525537236659,0.096756903216771,0.10566586294375868,0.7390217172792831,-0.9520525537236659
480,19746022,i,4,-1.4659291871118674,0.03445234653679241,0.09699532309624082,1.9689714973101848,-1.4659291871118674
481,19746022,r,5,-0.7591740343682836,0.21545626512790517,0.2815446144680025,0.6652300532734451,-0.7591740343682836
482,19787987,g,6,-0.6614550320215211,0.02774972189777203,0.0485891140520176,0.4662975478181772,-0.6614550320215211
483,19787987,i,15,-0.06579697979778354,0.23048928787930612,0.47431103697913946,0.08034332561141881,-0.06579697979778354
484,19787987,r,16,-0.010725361184189985,0.25261625481277206,0.5691474466713571,0.09553011610215864,-0.010725361184189985
485,19787987,u,2,-1.6132826681318106,0.01955959548016173,0.01955959548016173,0.42025883909627126,-1.6132826681318106
486,19794306,i,5,-1.4008421108282143,0.15402560304060553,0.21289798547027594,2.834065519534568,-1.4008421108282143
487,19794306,r,5,-0.9166984275085659,0.2358968468481888,0.3877294489977341,1.2874195223784652,-0.9166984275085659
488,20095558,g,7,-0.8052092536402007,0.33401961553024095,0.6362570258181798,0.8982735655745915,-0.8052092536402007
489,20095558,i,9,-1.4761041252011924,0.3532393208501603,0.6241745234345184,2.4394122282874307,-1.4761041252011924
490,20095558,r,7,-0.8842422044215887,0.31614546331178706,0.4908269609866085,0.7812694812943118,-0.8842422044215887
491,20095558,u,3,-0.887495623112645,0.09583745785416653,0.15243224907629993,0.17115810123359307,-0.887495623112645
492,20235969,i,5,-1.2451628794377156,0.13415401146651584,0.16389698791256868,1.8989693525519225,-1.2451628794377156
493,20235969,r,10,-0.8335215867364963,0.08732948494154663,0.18757331715731884,0.7182239648000533,-0.8335215867364963
494,20237852,i,10,-1.3748711178460709,0.031378464507951564,0.053303688104934244,2.325138944991677,-1.3748711178460709
495,20237852,r,7,-1.1254402853680392,0.011375521092330754,0.03330025172618911,1.7825629770431568,-1.1254402853680392
496,20246987,i,5,-1.4416256035305617,0.15874468294603572,0.19844164671864206,2.9827054501971615,-1.4416256035305617
497,20246987,r,5,-0.6787652600528901,0.07818937750419352,0.09844549189077767,0.6623502799488789,-0.6787652600528901
498,20266119,g,2,-0.49447874351627,0.08292756936043416,0.08292756936043422,0.23815703960663495,-0.49447874351627
499,20266119,i,5,-2.2737531866275997,0.23486214907666536,0.28624064433924135,4.9332621317371945,-2.2737531866275997
500,20266119,r,5,-1.2917206885067185,0.09987732122264914,0.8048517373888018,2.086798896985646,-1.2917206885067185
501,20289910,g,2,-1.9192276258941936,0.00045686576988579475,0.00045686576988579475,3.3799282508952952,-1.9192276258941936
502,20289910,i,14,-0.22037121704955845,0.3748966638594356,0.6576279951737845,0.3565224877443052,-0.22037121704955845
503,20289910,r,14,-0.31171331069495045,0.11718169496830783,0.7642674754211989,0.44903945663238,-0.31171331069495045
504,20289910,u,3,-1.7493449191386787,0.006128144210781894,0.1734618523912561,0.24281343770415284,-1.7493449191386787
505,20384788,i,12,-1.9717185695406831,0.1279961080515759,0.23142067694072832,4.926804300830672,-1.9717185695406831
506,20384788,r,11,-1.4547644995191384,0.10868292405621616,0.17777227320855982,2.5124006523942453,-1.4547644995191384
507,20958780,i,11,-3.6705975491067986,0.20357609943401878,0.32313614401427593,10.475242197594225,-3.6705975491067986
508,20958780,r,6,-3.6596569448071827,0.32189229612674586,0.5729282002255931,8.002512218765636,-3.6596569448071827
509,21053884,g,6,-0.22477609718602132,0.33276814061199583,0.6362826093020966,0.21459103629810852,-0.22477609718602132
510,21053884,i,11,-0.37164598544753796,0.23655501385158112,0.6722102558552545,0.44982567167767845,-0.37164598544753796
511,21053884,r,8,-0.12080441237536607,0.43792175156306334,1.2547966820708376,0.5147479449710897,-0.12080441237536607
512,21111161,i,11,-2.662789005263787,0.183658940486648,0.3390032983505913,5.128957249801261,-2.662789005263787
513,21111161,r,11,-1.8217897708735573,0.20929834272475656,0.2301271310710702,1.7712401208571416,-1.8217897708735573
514,21160283,g,4,-0.1666771952160716,0.03879488930502001,0.07263158933661654,0.043265615622804905,-0.1666771952160716
515,21160283,i,6,-0.8355835156201347,0.2569308736653646,0.4701839560423864,0.9453393634669283,-0.8355835156201347
516,21160283,r,9,-0.6085636293122235,0.12418192794390004,0.29283591021507654,0.44274744088828705,-0.6085636293122235
517,21283897,i,6,-1.5464252106176244,0.07178670113411623,0.12789665896656754,2.849013747336856,-1.5464252106176244
518,21283897,r,9,-1.0994530127320636,0.08855372552967711,0.2677649799792068,1.3800635683209552,-1.0994530127320636
519,21494557,g,3,-0.42822279664897145,0.012423754325108893,0.100736468922354,0.3679513178782785,-0.42822279664897145
520,21494557,i,4,-1.1045902704468542,0.03141475769999613,0.12838563894065325,1.3784635745043765,-1.1045902704468542
521,21494557,r,7,-0.721561200157191,0.04707715238689769,0.1224642230343479,0.5970008269514756,-0.721561200157191
522,21500202,g,3,-0.7919200965940596,0.30340519898551443,0.38967946200244996,0.3146218216722235,-0.7919200965940596
523,21500202,i,17,-0.8393100948838592,0.06393880146048891,0.1106523818395293,0.49649436146315995,-0.8393100948838592
524,21500202,r,18,-0.7008845633011783,0.06892254562968025,0.16150156254494952,0.24952794461999422,-0.7008845633011783
525,21546568,g,7,-0.2774110435315862,0.03399241878259074,0.11080304189948575,0.2141622287167658,-0.2774110435315862
526,21546568,i,8,-0.1629183724102502,0.29564202418459884,0.5206611962036112,0.8229051960446373,-0.1629183724102502
527,21546568,r,9,0.5508573018928312,0.10899468818021729,0.17317886527404702,1.8302589124975184,0.5508573018928312
528,21546568,u,3,-0.524660656263916,0.15978708804519037,1.7122483796300227,0.5934423333060534,-0.524660656263916
529,2157231,g,3,0.25348555210450285,0.051052707346285864,0.4524367941152613,0.16974483472637295,0.25348555210450285
530,2157231,i,8,-0.9159133656849223,0.21752998674725543,0.6307614947581958,1.0527997672463374,-0.9159133656849223
531,2157231,r,6,0.3265237729177365,0.24033352974063954,0.7499954678983753,0.32117684718117734,0.3265237729177365
532,21665500,i,12,-2.9876373059022265,0.5050119776012962,1.2748222180899922,9.595139147973137,-2.9876373059022265
533,21665500,r,11,-1.418947996562952,0.15314355876967012,0.3697870593784496,2.5772019428188995,-1.418947996562952
534,21682716,g,6,-0.8620636936864363,0.041224957141458574,0.11954154084934276,0.8392145484206687,-0.8620636936864363
535,21682716,i,13,-0.7547761470777947,0.09836645886601514,0.17633021424782958,0.6934579992133817,-0.7547761470777947
536,21682716,r,14,-0.6074933970507164,0.09238502134361987,0.15870741429177926,0.4660798950242891,-0.6074933970507164
537,21773494,i,4,-1.8119032807568476,0.07442174758510511,0.1359433041048146,4.207710162782044,-1.8119032807568476
538,21773494,r,8,-1.0898796186496127,0.14929150793664847,0.2832512298186043,1.4227523835184464,-1.0898796186496127
539,21868768,g,8,-0.7303335975527034,0.21623622533970277,0.3320617654313758,0.6841537147724803,-0.7303335975527034
540,21868768,i,10,-1.5467614086857937,0.07452508757996112,0.11979639098333283,3.020004754899739,-1.5467614086857937
541,21868768,r,13,-0.887635868671695,0.05641967710789231,0.1027170818566635,0.855340625469798,-0.887635868671695
542,21923657,g,5,-0.6080980332838777,0.14432817958673672,0.20607305839158463,0.49345866315183945,-0.6080980332838777
543,21923657,i,6,-1.5192964785142133,0.19603687850611307,0.3721977856211529,2.6100874311015887,-1.5192964785142133
544,21923657,r,8,-1.0551297840876541,0.11067407590301531,0.17398356972247075,1.4383956327645935,-1.0551297840876541
545,22098389,g,10,-0.38234780842271193,0.07019172614999572,0.12187936500190594,0.18991621284774926,-0.38234780842271193
546,22098389,i,23,-1.7923340941872312,0.3503580435026694,0.6779887968930782,3.9119185183724996,-1.7923340941872312
547,22098389,r,29,-1.353531536820852,0.2841864407658181,0.5307034276687268,1.7370978246373483,-1.353531536820852
548,22178822,g,5,-1.320136773460926,0.053549431836680705,0.6316787445839457,1.202523254084849,-1.320136773460926
549,22178822,i,17,-0.651706265053227,0.32796494022231437,1.0937116252911563,0.6418248189192572,-0.651706265053227
550,22178822,r,17,-0.11161800947414224,0.6312736521099283,0.8297937021253607,0.3394850210600663,-0.11161800947414224
551,22178822,u,4,-2.7396332078480463,0.13228128205182776,0.2847001038504975,0.9773889002240671,-2.7396332078480463
552,22269755,g,6,-1.5950624737716765,0.4173451437166673,0.6507779108528466,2.1586616232187854,-1.5950624737716765
553,22269755,i,19,-2.123370446837165,0.7878908751290412,1.7819793095107883,5.388286525396896,-2.123370446837165
554,22269755,r,15,-1.788216578205297,0.9781951479688615,1.792137067016633,2.460676828696248,-1.788216578205297
555,22272619,g,4,-0.938413113497071,0.042552023468050204,0.08057262129818776,0.9163972177357227,-0.938413113497071
556,22272619,i,11,-1.3968152955392301,0.10119902305822137,0.21279112488027407,2.159701506191094,-1.3968152955392301
557,22272619,r,13,-0.8692571051131223,0.027897970688282814,0.05354458947073859,0.8452483871781176,-0.8692571051131223
558,22319102,g,3,0.4497209113155405,0.012505183756385208,0.3459550407640495,0.14354229668199228,0.4497209113155405
559,22319102,i,11,0.41829650782736705,0.1827850325135753,0.24679344246346632,0.13676925735772788,0.41829650782736705
560,22319102,r,8,0.4242122205582412,0.05971160456555946,0.21184722704860348,0.25436497631428767,0.4242122205582412
561,22319102,u,3,0.389701591129318,0.11826919487216125,0.6100811962939305,0.0735247676016894,0.389701591129318
562,22345970,g,11,-0.8953240540960865,0.060384867578684887,0.13599581272478367,0.7129165530960886,-0.8953240540960865
563,22345970,i,19,-0.9064366042367268,0.09768227150783193,0.20457199819205352,1.0314559265216394,-0.9064366042367268
564,22345970,r,17,-0.7143049006922504,0.07861375434641316,0.15833045027493142,0.5787727258071607,-0.7143049006922504
565,22346144,g,5,-0.6151597702585135,0.07492117107035379,0.22919384405267396,0.32046337421336946,-0.6151597702585135
566,22346144,i,17,-1.1753172361116213,0.14748453922479765,0.23861288691101024,1.7876050934728667,-1.1753172361116213
567,22346144,r,18,-0.7755395904898055,0.07360035108870278,0.14516942108048392,0.7483289911187867,-0.7755395904898055
568,22413936,g,9,-0.7327058376977325,0.03260703010386545,0.15300242243770623,0.6065459336238604,-0.7327058376977325
569,22413936,i,16,-1.1490515979032858,0.18121933075438557,0.31887838195389495,1.7850429583485972,-1.1490515979032858
570,22413936,r,12,-0.5093884164563695,0.0632818341268131,0.12232631674687144,0.3431099717779842,-0.5093884164563695
571,22675936,g,11,-0.6849800086182221,0.1941726467387661,0.4540323867022955,0.5176291896219211,-0.6849800086182221
572,22675936,i,9,-0.31546951799946865,0.024155126327914944,0.037470653370847984,0.06277103074051091,-0.31546951799946865
573,22675936,r,9,-0.3061773868361901,0.04742910625021812,0.06451805814831602,0.09438409256116735,-0.3061773868361901
574,22675936,u,5,-1.704072014990051,0.1351314644255357,0.19514596718452637,0.44830107686966014,-1.704072014990051
575,22699097,g,5,-2.079285538469028,0.2563213651502032,0.30958822872589087,2.9028619217564495,-2.079285538469028
576,22699097,i,9,-0.8329818710798802,0.3459934649620886,0.6124329370539578,0.6400648473759114,-0.8329818710798802
577,22699097,r,9,-1.042712054276816,0.3628791513662071,0.7195665338115453,0.7144184939689239,-1.042712054276816
578,22699097,u,2,-3.4924255130836634,0.051861360422519986,0.051861360422519986,2.0847819374615777,-3.4924255130836634
579,22751867,i,10,-0.223550816656773,0.3195652217966154,0.5439831077836247,0.20761401058654166,-0.223550816656773
580,22751867,r,8,0.07524064462680946,0.0459764196904032,0.06970868054527343,0.04470091297886279,0.07524064462680946
581,22759476,i,9,-2.163985168697295,0.22791676940648165,0.3216402987614999,4.512110455311645,-2.163985168697295
582,22759476,r,4,-1.45598246740479,0.0649828958652392,0.11876007365693697,2.4018604668010886,-1.45598246740479
583,22760735,g,4,-3.2319615558525805,0.046530577096303816,0.09643353053164727,3.6631920136746863,-3.2319615558525805
584,22760735,i,5,-1.5365884784122952,0.11555066279011994,0.31982292355832875,1.4495472136213006,-1.5365884784122952
585,22760735,r,8,-2.2362210809680763,0.10497183103035201,0.196757120003082,1.7863558694090456,-2.2362210809680763
586,2280942,g,8,-0.594630217395381,0.08426496936292549,0.5037320883841516,0.9004596675970737,-0.594630217395381
587,2280942,i,20,-1.6692833845600645,0.21374479497450716,0.6689597216450152,3.5609784965878695,-1.6692833845600645
588,2280942,r,19,-1.1247266085768488,0.16419639480057402,0.6234953470886584,1.610988983661337,-1.1247266085768488
589,22932681,g,13,-1.266248544719121,0.2262358970399958,0.46052745669283657,1.2366611581538125,-1.266248544719121
590,22932681,i,32,-1.5996352441380026,0.47924295527484573,0.9542010302145285,1.94778294532416,-1.5996352441380026
591,22932681,r,32,-1.0598065155559429,0.28513875074912504,0.5777774434520713,1.028743012386852,-1.0598065155559429
592,22932681,u,4,-1.51079648008229,0.00728308048132531,0.027901199758379125,0.3138403859718796,-1.51079648008229
593,22968846,g,6,-0.8295638373982358,0.12232698065222636,0.2666210206567867,0.5456255472402897,-0.8295638373982358
594,22968846,i,13,-0.4961955203001793,0.1754776266510315,0.4808195113492652,0.5930760475074697,-0.4961955203001793
595,22968846,r,10,-0.5709415645975396,0.10949798427531535,0.17130278738762483,0.5019935582852686,-0.5709415645975396
596,22968846,u,3,-1.225670323342877,0.003248312416219701,0.0753037867253159,0.17692874287231763,-1.225670323342877
597,2301168,i,8,0.07405447698668259,0.6385258856751621,1.3049386988654104,0.4645963050722314,0.07405447698668259
598,2301168,r,6,-0.15241880903428062,0.32230338172826617,0.751824691716869,0.25283414606747107,-0.15241880903428062
599,23028790,g,4,-1.2884035044804174,0.11018973572337987,0.21323713672397449,1.203556071774533,-1.2884035044804174
600,23028790,i,15,-1.4614581920612775,0.18560798461638428,0.4653494355728254,1.8960864217846296,-1.4614581920612775
601,23028790,r,14,-1.2312384037252084,0.20378752378322695,0.3019276640297244,1.3953422013283607,-1.2312384037252084
602,23066820,g,3,-0.8666296048194377,0.022775363758441802,0.3570839285618459,0.43446536019409393,-0.8666296048194377
603,23066820,i,11,-0.7061434016947523,0.0989346052523441,0.19419673287295214,0.5290692608493907,-0.7061434016947523
604,23066820,r,15,-0.386325175523474,0.4289450621784894,0.7472589494307421,0.46844341656895366,-0.386325175523474
605,23072441,g,4,-0.4157935620561637,0.12723873496040786,0.33716029442152223,0.14195569774148875,-0.4157935620561637
606,23072441,i,14,-1.291488185859997,0.1971401859402533,0.40376381071932954,2.0816476810927154,-1.291488185859997
607,23072441,r,15,-0.7894485475502875,0.10300056498120114,0.17622663228514435,0.6459173255124419,-0.7894485475502875
608,23196408,g,4,-0.5756748555067012,0.09020048392955449,0.16024248364214877,0.49722821060293476,-0.5756748555067012
609,23196408,i,6,-1.3733558960048955,0.15399683839736844,0.2550897634307083,2.1858423572096277,-1.3733558960048955
610,23196408,r,9,-0.8094859892140676,0.09381870629993905,0.19602741994561268,0.8477677257465159,-0.8094859892140676
611,23200609,g,3,0.8534669724725633,0.41115886348121367,0.9615917840411795,1.1516869729272294,0.8534669724725633
612,23200609,i,12,-0.2613181712808296,0.12147772998186096,0.49207013272171035,1.2302447987990324,-0.2613181712808296
613,23200609,r,11,-0.06495630341915543,0.16756956440493104,1.0703560697561327,1.2694658376297765,-0.06495630341915543
614,23200609,u,3,-0.03866353282621682,0.39832964026438566,1.1465930712418761,0.23477820411587455,-0.03866353282621682
615,23225131,g,10,-0.7860403915302808,0.12782659645191374,0.5233189287508684,1.1668609351350268,-0.7860403915302808
616,23225131,i,19,-0.6498111914223665,0.4720716421174538,1.0908563558156652,0.776910171799295,-0.6498111914223665
617,23225131,r,20,-0.5478878505181942,0.3073171750028636,0.9026759591225545,0.6579103889217387,-0.5478878505181942
618,23225131,u,8,-1.3513661122600842,0.22356253355591948,0.4091533989240417,0.18701718301116504,-1.3513661122600842
619,23248787,g,2,-2.9621071341162297,0.02070839928326862,0.02070839928326862,2.6335286474853663,-2.9621071341162297
620,23248787,i,7,-1.707872344578695,0.23790638741680792,0.3832165623676451,1.928075159636118,-1.707872344578695
621,23248787,r,8,-1.7749938747738467,0.2538184549331971,0.3738128741453832,1.4884928180850967,-1.7749938747738467
622,23248787,u,2,-3.064186276594554,0.18725008771359786,0.18725008771359786,5.5700798607134905,-3.064186276594554
623,23291824,g,9,-0.5704555022650772,0.17198543668771804,0.9079346882443108,0.4489656001024192,-0.5704555022650772
624,23291824,i,20,-0.10949371617379272,0.39184116292817117,0.8450765840020678,0.549897362044436,-0.10949371617379272
625,23291824,r,20,-0.20511937032564706,0.10464749706046259,0.3026344486558329,0.3313557249841516,-0.20511937032564706
626,23291824,u,2,-0.4737470946152661,0.000570975251514505,0.000570975251514505,0.03927820495257972,-0.4737470946152661
627,23327454,g,5,-0.5491382185731957,0.12052535332209524,0.16201030537495054,0.334368238780978,-0.5491382185731957
628,23327454,i,4,-0.2722893584944436,0.11194710058475565,0.22927362574363616,0.10268708768586784,-0.2722893584944436
629,23327454,r,6,-0.09384621616480437,0.01707533010516904,0.02699227915136343,0.031630193666000284,-0.09384621616480437
630,23327454,u,2,-1.5453421599774462,0.6933514058157799,0.6933514058157799,0.2569783524041677,-1.5453421599774462
631,23348071,g,3,-0.20119689628534332,0.020254979815985896,0.0709610522468529,0.08402120730701786,-0.20119689628534332
632,23348071,i,4,-0.8445428557104366,0.049854721172351346,0.0934833229781904,0.9779109049559787,-0.8445428557104366
633,23348071,r,5,-0.3148443175901592,0.35315877199045803,0.6666808285981147,0.24115268055953215,-0.3148443175901592
634,23436060,g,2,-0.0572848555508334,0.025555628937240726,0.025555628937240726,0.00497894822665696,-0.0572848555508334
635,23436060,i,5,-0.5280440302117304,0.1592213116893778,0.30510127940368836,0.38975409716785403,-0.5280440302117304
636,23436060,r,4,-0.2676356161960312,0.08968895703274138,0.12712250726577562,0.10997220061625657,-0.2676356161960312
637,23444098,g,5,-0.23116051151354,0.1567964568602047,0.5284821169024565,0.14081821410965004,-0.23116051151354
638,23444098,i,15,-0.34310628881862115,0.12818270632119866,0.48498881475094935,0.14638245713130754,-0.34310628881862115
639,23444098,r,10,0.026236617201170098,0.08237268582322899,0.17059607428642498,0.06831036831995596,0.026236617201170098
640,23459997,g,6,-1.0972042890264677,0.01911909693261582,0.030123664603230127,0.5801832114271028,-1.0972042890264677
641,23459997,i,25,-0.7787696348109501,0.0771351169936203,0.1455031578307222,0.44878068180673736,-0.7787696348109501
642,23459997,r,24,-0.7155527392993126,0.04710419180740544,0.11077307258377223,0.30269595502421437,-0.7155527392993126
643,23468276,g,4,-2.1153757203219605,0.038995871669400106,0.20089654759373898,2.1222101669309685,-2.1153757203219605
644,23468276,i,3,-2.1900974357285143,0.37342686613397147,0.4379860022147657,4.103408656067637,-2.1900974357285143
645,23468276,r,7,-1.802526176592072,0.4184092509442061,0.5157990962181489,1.5573511037578596,-1.802526176592072
646,23468276,u,3,-2.817998425415225,0.008337460205011915,0.6568673400803413,3.0969022908853714,-2.817998425415225
647,23484011,i,11,1.2331837834579744,0.2340250069926897,0.703089161522547,1.2934507754912887,1.2331837834579744
648,23484011,r,11,1.7328985318533565,0.29111192150801823,0.5609375191181407,1.3363127598359765,1.7328985318533565
649,23652005,g,5,0.7384958779400113,0.30008704127337626,0.5727959180933024,1.0048479544558782,0.7384958779400113
650,23652005,i,14,0.36273560180210956,0.516986108839495,1.1522627531197256,1.1037268373343312,0.36273560180210956
651,23652005,r,7,-0.08143651447934652,0.07341947143105287,0.47431145124839474,0.17741089719306377,-0.08143651447934652
652,23652005,u,3,-0.4066498361715838,0.07649440508515859,0.30608047054231546,0.05238561380703102,-0.4066498361715838
653,23738414,g,8,-0.595107062871125,0.40856638098219644,0.6565912203890802,0.5116068094352653,-0.595107062871125
654,23738414,i,16,-1.0178156176049162,0.5650056926151771,1.0856586587164863,0.9267810230905216,-1.0178156176049162
655,23738414,r,16,-0.21151484014605393,0.5932494174082675,1.1895796063486945,0.24633147729025573,-0.21151484014605393
656,23738414,u,4,-0.47735924894288173,0.04808140743448064,0.140983313424472,0.055963624401684425,-0.47735924894288173
657,23755611,g,4,-0.10040994607953047,0.22236499662163656,0.31477646799231274,0.15431690896008418,-0.10040994607953047
658,23755611,i,2,-0.43580795523155824,0.10264984425363041,0.10264984425363038,0.26761603354667435,-0.43580795523155824
659,23755611,r,5,0.4982721958937945,0.26873773279808094,0.4802694346166111,0.28118492613420926,0.4982721958937945
660,23849164,g,4,-0.8456122992821807,0.10317153693011794,0.1568525519922217,0.5565805214129224,-0.8456122992821807
661,23849164,i,19,-0.6311231422874031,0.234198423308971,0.4714285547590651,0.5041743650376649,-0.6311231422874031
662,23849164,r,17,-0.5110852742713117,0.13403103788457815,0.33285002956240567,0.45666624338255307,-0.5110852742713117
663,24043357,g,2,-0.7224632505063849,0.04443992828866905,0.04443992828866894,0.578778884529498,-0.7224632505063849
664,24043357,i,10,-1.3070393114996945,0.18439574041724338,0.4707682348297719,1.9690358576883475,-1.3070393114996945
665,24043357,r,12,-0.9986521269050054,0.07492556653332771,0.1434436953129694,1.3076866035141457,-0.9986521269050054
666,24154218,g,3,-0.49978458861287134,0.20682092295055876,0.2535750200876923,0.33746676809235304,-0.49978458861287134
667,24154218,i,12,-1.5988048963692845,0.18506042035784087,0.41117309935545077,3.6468516532574893,-1.5988048963692845
668,24154218,r,13,-1.1440580206614046,0.12570498642967043,0.2302257788016726,1.6060402896403188,-1.1440580206614046
669,24207841,g,9,-0.5659911279758792,0.05570516617924026,0.21056762338408497,0.3952321985869644,-0.5659911279758792
670,24207841,i,27,-0.750084666623061,0.33758931714610774,0.7145867131015962,0.6487084110660876,-0.750084666623061
671,24207841,r,28,-0.4517143184027941,0.26041395361514497,0.4086638045662923,0.2526632385315037,-0.4517143184027941
672,24207841,u,5,-1.2786813335297356,0.1665380819762592,0.22655094863408265,0.639037038012672,-1.2786813335297356
673,24455597,g,14,-1.6571541277778126,0.46360612749874597,0.9796119910837651,2.5928121282165515,-1.6571541277778126
674,24455597,i,23,-1.505015709230513,0.34990086958806965,0.5374940740662959,2.2079193366940753,-1.505015709230513
675,24455597,r,31,-1.2680080229135655,0.27141958560807233,0.8968969599727996,1.8132862961699145,-1.2680080229135655
676,24465271,g,3,-0.5065466823313813,0.09953515197681506,0.17160947913680047,0.29919955863023384,-0.5065466823313813
677,24465271,i,9,-1.6513556995080119,0.3254901475388243,0.4428402749122018,2.696418400877535,-1.6513556995080119
678,24465271,r,7,-0.7407684573175203,0.1695647921949125,0.4093015101664079,0.894966985178895,-0.7407684573175203
679,24478639,g,4,-1.0701959162598929,0.03898852068369396,0.05175295743062369,0.7577256221595262,-1.0701959162598929
680,24478639,i,10,-1.053713227789991,0.2166301655026618,0.35014667827224843,1.3748258158630542,-1.053713227789991
681,24478639,r,11,-0.9233832148135175,0.09642123713766249,0.20936545672675066,1.0726512925882197,-0.9233832148135175
682,24480963,g,5,-3.1849262158861285,0.09478622637960399,0.11947301506374508,2.632608963517227,-3.1849262158861285
683,24480963,i,15,-1.8260134082171686,0.07028778515856793,0.16361603524184343,2.358946695469577,-1.8260134082171686
684,24480963,r,16,-1.8602864365664493,0.158063872592759,0.2935046987226577,1.5667819842408794,-1.8602864365664493
685,24480963,u,2,-3.595578552697314,0.002508018451399696,0.0025080184514001402,5.905410977645618,-3.595578552697314
686,24593611,g,5,-0.6605179594138795,0.027976595902536427,0.051685399829545675,0.5305693285931248,-0.6605179594138795
687,24593611,i,18,-1.095346376364062,0.3802607124905414,0.6296903146296148,1.2522373097492325,-1.095346376364062
688,24593611,r,15,-0.8005113582341956,0.05301353272498388,0.2136769137038118,0.6401416592580588,-0.8005113582341956
689,24650808,g,2,-1.6866032226785528,0.032904850603181046,0.032904850603181046,0.8988271202497644,-1.6866032226785528
690,24650808,i,8,-1.1757290190466636,0.014612854643585749,0.1079350673869528,0.6722930334330421,-1.1757290190466636
691,24650808,r,9,-1.3471515554996807,0.011688335688863294,0.02668979914122005,0.6258481682185253,-1.3471515554996807
692,24706505,g,7,-1.2272600228474002,0.07169686728386138,0.1141824619612759,1.075093180654344,-1.2272600228474002
693,24706505,i,10,-0.5098805183121401,0.14345667041975574,0.2731395159457678,0.3480590157652555,-0.5098805183121401
694,24706505,r,12,-0.6719346228253525,0.09393659492367906,0.173494470137038,0.5416551583106924,-0.6719346228253525
695,24764539,g,6,-0.6088082351255732,0.13327280941388336,0.3914438975803639,0.4647780543664217,-0.6088082351255732
696,24764539,i,12,0.1426946391607447,0.522039013489293,0.95848880053088,0.7589734467727829,0.1426946391607447
697,24764539,r,16,0.02134959912097574,0.2881134096197412,0.6171866294638055,0.2928888744164069,0.02134959912097574
698,24962706,g,3,-0.5344620120572245,0.1339087486759205,0.15907065297353784,0.22654213185101377,-0.5344620120572245
699,24962706,i,3,-1.1164785111178568,0.10866336871437987,0.13262202174995297,1.149254658308032,-1.1164785111178568
700,24962706,r,7,-0.7564134907843971,0.08258469890440079,0.22744123220517387,0.7257476690845989,-0.7564134907843971
701,24964371,g,3,-0.6951452416332179,0.10834691822094877,0.19151107519581534,0.662805090612792,-0.6951452416332179
702,24964371,i,11,-0.30454683556663764,0.040766027418626616,0.5127874853577554,0.4982541727091284,-0.30454683556663764
703,24964371,r,13,-0.3464506903149964,0.06638213865304221,0.3102064248798978,0.2520207248933199,-0.3464506903149964
704,24964371,u,6,-1.112898494208085,0.056123721951062744,0.2998663195691953,0.26854131767621087,-1.112898494208085
705,25033174,i,9,-0.7273827600164535,0.0636150358365064,0.10218360623660183,0.6484392626182507,-0.7273827600164535
706,25033174,r,10,-0.3458729844580273,0.07643003098769025,0.1404031018069961,0.16914671019416283,-0.3458729844580273
707,25033174,u,2,-0.5591100837347209,0.05378162255590674,0.053781622555906794,0.19840886885659031,-0.5591100837347209
708,25034646,i,8,0.8444934213034181,0.02524185416508684,0.1569638553512046,0.8465633644447741,0.8444934213034181
709,25034646,r,5,1.8181457474744116,0.4845040384852526,1.1199332742742987,2.3868577500116572,1.8181457474744116
710,25034646,u,3,1.029606749750625,0.017474257128534898,0.28056707859377195,0.529786304511055,1.029606749750625
711,25064165,i,8,-1.475706461171526,0.15701609598509636,0.2733743502358963,1.5475535603324526,-1.475706461171526
712,25064165,r,4,-1.0591322948128852,0.0731605256232305,0.10210762597102296,0.7980926770736889,-1.0591322948128852
713,25143404,g,3,-0.25434927633978044,0.020261499680691575,0.0714806339140922,0.0974676461499001,-0.25434927633978044
714,25143404,i,14,-2.3315942415554356,0.31190220462891416,0.5657922477223725,4.927492723192102,-2.3315942415554356
715,25143404,r,14,-1.250965050838174,0.13505276286355394,0.2183801595036019,1.8064141465517387,-1.250965050838174
716,2518193,i,5,0.6305424850291825,0.2910196982218378,0.5734819337923398,1.097187246498948,0.6305424850291825
717,2518193,r,5,0.5760351137100098,0.2800682118047101,0.7237526782374497,0.9824851489658671,0.5760351137100098
718,2520535,g,6,-1.0730915231296871,0.19673578579537576,0.36951945754316196,0.6174395784838455,-1.0730915231296871
719,2520535,i,13,-1.139458353420443,0.040929203060573904,0.12598085403051362,1.0267306671434782,-1.139458353420443
720,2520535,r,12,-0.8882850701550118,0.1318930027332288,0.2852840293495076,0.3833829742171948,-0.8882850701550118
721,25217879,g,4,-0.8777258991528083,0.023047198404571034,0.5174379921045495,0.8569664765160114,-0.8777258991528083
722,25217879,i,7,0.7420269037571658,0.6706007353033294,1.312118099979544,1.2936564672869006,0.7420269037571658
723,25217879,r,8,1.1529622626652363,0.45346317031988237,0.7950407202509643,1.4122245858517575,1.1529622626652363
724,25217879,u,3,-1.925495194398275,0.01433982374551368,0.01743186915608752,0.42837831458967784,-1.925495194398275
725,25289605,g,4,-1.0852604889519106,0.08068704737007104,0.26108057213586955,1.233954273401734,-1.0852604889519106
726,25289605,i,16,-0.6585112294165327,0.2841095104584469,0.4753640776479183,0.7411810239153356,-0.6585112294165327
727,25289605,r,13,-0.5343375357272344,0.31324081089980144,0.6046590414838668,0.5178308447816309,-0.5343375357272344
728,25289605,u,2,-2.538969524308104,0.027453845906342256,0.0274538459063427,1.7491329691729578,-2.538969524308104
729,25422769,g,6,-0.23615642385054475,0.07949319917550768,0.1477704376635965,0.07209831241316071,-0.23615642385054475
730,25422769,i,8,-0.9248806781775358,0.18393354975020715,0.314580001942544,1.248904117862404,-0.9248806781775358
731,25422769,r,11,-0.4978070212362482,0.16623210936832056,0.3479710039846048,0.32803620906872194,-0.4978070212362482
732,2542753,g,5,-0.7018534952564017,0.01563964379742333,0.03047616435901923,0.285659897613756,-0.7018534952564017
733,2542753,i,15,-1.6355385554306707,0.3468045906972823,0.8914696069291903,2.1544226719161617,-1.6355385554306707
734,2542753,r,17,-1.0273686336804033,0.32939556660542424,0.8883565785349166,0.8718235301458087,-1.0273686336804033
735,25437235,g,2,-0.9505143708990998,0.012646005333477262,0.01264600533347715,0.7471593896862102,-0.9505143708990998
736,25437235,i,7,-0.6453744299815947,0.02196330530280255,0.03748197033329037,0.5746859752757574,-0.6453744299815947
737,25437235,r,7,-0.6717016242954827,0.017572970024129164,0.05781076047395328,0.6971390020593687,-0.6717016242954827
738,25468798,g,5,-1.0852559336005039,0.17924558801335588,0.18254179911215318,0.7635293202999816,-1.0852559336005039
739,25468798,i,10,-0.44542440345297263,0.05069417703852391,0.5688024613883003,0.21215088916556796,-0.44542440345297263
740,25468798,r,10,-0.5124896391008338,0.11253218914746166,0.6570415013601669,0.30940044264567823,-0.5124896391008338
741,25468798,u,6,-2.2821261145507945,0.07618878870230383,0.965895077623673,0.31671004313361517,-2.2821261145507945
742,25477296,g,10,-1.8417837194643671,0.11032152676347984,0.20365770332840682,1.4319687633627436,-1.8417837194643671
743,25477296,i,24,-1.1837146114770896,0.15991822003826428,0.31334534308082596,0.9494836089969304,-1.1837146114770896
744,25477296,r,25,-1.1378651765287446,0.23550892658872336,0.5317414292710583,0.6096248948272773,-1.1378651765287446
745,25477296,u,2,-1.5476258369246114,0.034752115648561954,0.034752115648561954,1.3790716457371284,-1.5476258369246114
746,25522738,g,10,-0.9004948493530092,0.05972437829923233,0.11626679006447616,0.7035310456593507,-0.9004948493530092
747,25522738,i,26,-0.1367990331907638,0.7544062893493577,1.464986789298758,0.6381404477117119,-0.1367990331907638
748,25522738,r,20,-0.08860522440172565,0.5905308412203629,1.7307661671733132,0.7333035337287332,-0.08860522440172565
749,25522738,u,4,0.16861527199505333,0.236826524123942,0.8573936239870317,0.08963833489572978,0.16861527199505333
750,25677051,g,4,-0.47977182806027113,0.13468267273056228,0.2675955852229583,0.30249029838983144,-0.47977182806027113
751,25677051,i,6,-0.14524963983648972,0.06411726397058293,0.10363010779516874,0.05469535028587197,-0.14524963983648972
752,25677051,r,6,-0.05627873919899409,0.17947983057013983,0.350586484999286,0.05296027581776802,-0.05627873919899409
753,25692483,g,2,-0.8719178569751602,0.10161068820238445,0.1016106882023845,0.8428040142781472,-0.8719178569751602
754,25692483,i,6,-1.0592821467943478,0.05153871798229015,0.131387992846153,1.021136808321163,-1.0592821467943478
755,25692483,r,6,-0.9120790701562269,0.19347422386315533,0.4200171628854883,0.8452437153557218,-0.9120790701562269
756,25785298,g,9,-2.2640420658437566,0.147130879613238,0.18041631641143363,2.2009756314736046,-2.2640420658437566
757,25785298,i,16,-1.3198093706180274,0.05792798807789401,0.15788321273042016,0.9935347771393864,-1.3198093706180274
758,25785298,r,23,-1.5709780623181189,0.17656331053291563,0.2901622429051278,0.9206890573273271,-1.5709780623181189
759,25785298,u,4,-2.5944018756078706,0.11286407422613065,0.1676086904082501,3.7572408505862533,-2.5944018756078706
760,25870592,g,5,-0.33870184652314905,0.5178389916370835,1.0840900288441562,0.40909849041710517,-0.33870184652314905
761,25870592,i,8,0.09570095965140421,0.12480016819672327,1.3777343679822858,1.504517020445179,0.09570095965140421
762,25870592,r,12,0.4646283117847929,0.5561515574922608,1.2379557110427326,1.1517627810646807,0.4646283117847929
763,25870592,u,6,-1.2183359095020783,0.4626508364819054,1.23709022219386,0.3356077341381199,-1.2183359095020783
764,25871556,g,3,-0.9479241706630598,0.04924855347459556,0.07360068557195354,0.8363673150989154,-0.9479241706630598
765,25871556,r,7,-0.8635161162358977,0.07389394556857076,0.1619023561856383,0.9659967178973882,-0.8635161162358977
766,25996717,g,3,-0.4276941290726599,0.02981835642925368,0.1047039397222283,0.17320450759478742,-0.4276941290726599
767,25996717,i,4,-0.6590130965288792,0.11732445877065317,0.26967735687713257,0.5532259053733094,-0.6590130965288792
768,25996717,r,4,-0.1604126479868095,0.0339309117267898,0.05066728556074235,0.03949047796813432,-0.1604126479868095
769,26016854,i,5,-1.0696860826134365,0.032835247602281736,0.034096271508810005,1.3865233465354727,-1.0696860826134365
770,26016854,r,6,-0.9193366706682138,0.045477787052212226,0.34448838969027973,0.9481135457696418,-0.9193366706682138
771,26019561,g,10,-0.9546261592646661,0.11218737485642949,0.3523906397640506,1.0121918478527983,-0.9546261592646661
772,26019561,i,29,-1.6519170194674926,0.20825756481514812,0.4258346479730879,2.781170074932024,-1.6519170194674926
773,26019561,r,26,-1.130346462168848,0.13123235888404178,0.22405117450527645,1.3665092949843018,-1.130346462168848
774,26042582,g,2,-1.2069430346735692,0.13051985786139075,0.13051985786139064,1.1991096757177886,-1.2069430346735692
775,26042582,i,5,-1.018067265325171,0.06603195184062449,0.14248986341464187,0.964769532572628,-1.018067265325171
776,26042582,r,6,-0.6037930942304123,0.15547488155158568,0.3233197485238367,0.4406650277016794,-0.6037930942304123
777,26256760,g,6,-0.7763966026018941,0.08367821261880937,0.1476451011470057,0.6525571405932092,-0.7763966026018941
778,26256760,i,11,-1.2998876091665057,0.3250163388680234,0.6461203236469633,2.0557173241294824,-1.2998876091665057
779,26256760,r,10,-0.9391773391889815,0.16902792729963945,0.27635584140518743,0.7965270091775076,-0.9391773391889815
780,26330678,i,8,-1.2363851541985653,0.20926365847074058,0.38634110717175174,1.6249250402108628,-1.2363851541985653
781,26330678,r,4,-0.8869011133440803,0.10547232117379379,0.1426661463267217,0.9416295135363617,-0.8869011133440803
782,26344263,g,4,-1.1199482623946229,0.054114325164451915,0.1366715890063699,0.7754091141265161,-1.1199482623946229
783,26344263,i,10,-1.3893603944578494,0.14020359720048503,0.2515163284041577,2.228194824463025,-1.3893603944578494
784,26344263,r,6,-1.18026562624447,0.03603587493349836,0.06140653607357671,1.7989601708963565,-1.18026562624447
785,26366897,g,5,-2.2704262959455974,0.17435194601825277,0.29598699706513987,1.0861807039171487,-2.2704262959455974
786,26366897,i,11,-1.1550128785784688,0.036408442558754306,0.06710229506616217,1.0570893526281737,-1.1550128785784688
787,26366897,r,15,-0.9937974443979449,0.08125901111150169,0.20818178113993313,0.48845323641096877,-0.9937974443979449
788,26366897,u,2,-2.6543186121617492,0.1018252042901806,0.10182520429018016,1.7167941386062973,-2.6543186121617492
789,26396128,g,5,-0.8226088342623328,0.119458810798317,0.3768171467722441,0.3702426711399344,-0.8226088342623328
790,26396128,i,8,-0.2713521378049213,0.11219569299820781,0.22383132726472077,0.10472809302129431,-0.2713521378049213
791,26396128,r,7,-0.07026309215146453,0.26014893346462264,0.32679454534471086,0.07955025086617785,-0.07026309215146453
792,26396128,u,3,-1.4904685766545622,0.09531838888489208,0.3035670187604338,0.14526047362848266,-1.4904685766545622
793,26454835,g,5,-1.1700284201345195,0.08075179459997317,0.14152429811484435,0.9788894676623581,-1.1700284201345195
794,26454835,i,12,-1.4325826715898997,0.3437644272517886,0.5959938786014727,1.6395487345800939,-1.4325826715898997
795,26454835,r,13,-1.0172176490743585,0.177319245455816,0.37071206940696944,0.7501149760364368,-1.0172176490743585
796,26512197,i,6,-1.7613859146501005,0.11604914016207313,0.1867775694701519,3.096169744312327,-1.7613859146501005
797,26512197,r,8,-1.3162385592615833,0.24891281407892218,0.4075564312480988,1.6280068032134571,-1.3162385592615833
798,26544201,i,12,-1.933941438776287,0.36636860067451926,0.5946920294413904,4.297655957960668,-1.933941438776287
799,26544201,r,13,-1.1324144071391098,0.09290986046244232,0.24639035583744529,1.3221957774055564,-1.1324144071391098
800,26622577,g,6,-0.8093097676267056,0.36254211247389817,0.6891732562041918,0.5440120555749891,-0.8093097676267056
801,26622577,i,11,-1.5277558633594905,0.23699788177178993,0.39908760918112507,2.496714241901301,-1.5277558633594905
802,26622577,r,10,-1.2154090918232907,0.33147880170862054,0.5313379523140132,1.3264201624549994,-1.2154090918232907
803,2662628,g,6,-1.347813888262844,0.017753243979065636,0.05291083455779577,1.563390261806094,-1.347813888262844
804,2662628,i,19,-0.8322830940058772,0.08308344098587273,0.2595789481868843,0.5471476606050508,-0.8322830940058772
805,2662628,r,19,-0.7801243038069468,0.11616338234966794,0.2050998152170328,0.4921385454398943,-0.7801243038069468
806,2662628,u,7,-1.928361298021927,0.018928340409704703,0.21042857391479775,1.0849408621747918,-1.928361298021927
807,26648971,g,4,-1.6554682687828828,0.05058427085275485,0.09530387040367838,1.9658598834223648,-1.6554682687828828
808,26648971,i,3,-1.4639719934831676,0.34985791858241755,0.7073230770179324,2.7850170119787694,-1.4639719934831676
809,26648971,r,9,-1.408689033879287,0.2870761724372497,0.5486974605211346,1.4204532059755137,-1.408689033879287
810,2667567,g,4,-1.6096835118058825,0.1294769970242362,0.2490457438007434,1.9056527128186724,-1.6096835118058825
811,2667567,i,17,-1.8873391525395384,0.11605526779882802,0.1848887371519703,2.1865359719706636,-1.8873391525395384
812,2667567,r,18,-1.6556850739063043,0.07547457806317026,0.2064156227923566,1.4989278507656745,-1.6556850739063043
813,26744364,g,4,-0.8235375589979833,0.012750711504876555,0.07690945422609441,0.8975836332164455,-0.8235375589979833
814,26744364,i,9,0.26212546707092926,0.5246834285888546,1.253012619378711,1.9469134722033192,0.26212546707092926
815,26744364,r,10,0.025288921484764915,0.29280660479650655,0.389113362180995,0.4095231461337264,0.025288921484764915
816,26903388,g,6,-0.41813548451268245,0.19497579638066642,0.5776095681937572,0.36643054053239926,-0.41813548451268245
817,26903388,i,8,-2.01349373586744,0.6495057372692555,1.1403683956579886,4.046264863801461,-2.01349373586744
818,26903388,r,6,-0.844558329058819,0.36057446246460084,0.8483631052597794,0.899222924996982,-0.844558329058819
819,27089914,g,2,-1.1240406619495265,0.09862202166377787,0.09862202166377765,1.0897291150546229,-1.1240406619495265
820,27089914,i,5,-1.1772622032148268,0.08703902749216064,0.08756776852446335,1.881430694522109,-1.1772622032148268
821,27089914,r,6,-1.0255177227127117,0.11263278415389366,0.2269737594255019,1.2861429657625858,-1.0255177227127117
822,27134570,g,2,-0.7933237075225967,0.019461391646392434,0.01946139164639249,0.6863936716374488,-0.7933237075225967
823,27134570,i,5,-1.4698781728075843,0.03632263860537188,0.03645376143994472,2.79053038035301,-1.4698781728075843
824,27134570,r,4,-0.7177644703776194,0.026089995858541326,0.047426375527621745,0.5770720872961249,-0.7177644703776194
825,2714746,g,3,-0.9037581396532381,0.01200912644749863,0.09241902434754767,0.5978758687977557,-0.9037581396532381
826,2714746,i,16,-0.544159148424946,0.12188863033273911,0.2810864292858906,0.5099139503414798,-0.544159148424946
827,2714746,r,12,-0.6892223846100642,0.019590185329023735,0.035561507498739875,0.6479621957029618,-0.6892223846100642
828,2714746,u,3,-1.6930719459660586,0.10836845532205741,0.23424053977940806,0.19702059480317122,-1.6930719459660586
829,27267184,g,5,-0.11628043737582416,0.08916034586427202,0.42269300322607695,0.20030469210337318,-0.11628043737582416
830,27267184,i,5,-0.4710544611018572,0.015411794650506905,0.5765273773387919,0.18786471737068638,-0.4710544611018572
831,27267184,r,5,-0.31880998267778093,0.022952633022577662,0.7944923932638652,0.18265312956307075,-0.31880998267778093
832,27273060,g,6,-0.34162498951273634,0.4198326445709404,0.8236279233022057,0.27265101019937726,-0.34162498951273634
833,27273060,i,9,-0.6311400079973092,0.05168740809506811,0.3737073340957424,0.3162799958516161,-0.6311400079973092
834,27273060,r,11,-0.0420721590024177,0.48034507134142335,0.8845883299270894,0.15662768241907402,-0.0420721590024177
835,27273060,u,3,-1.0791302133786083,0.04523888899592876,0.5340731005761281,0.9663051732020159,-1.0791302133786083
836,27293934,g,5,-0.3094268305764668,0.028862773496456162,0.05075036593739812,0.07939166273197411,-0.3094268305764668
837,27293934,i,11,-1.064017801467679,0.19364388849095504,0.345517826138222,1.6975998649086328,-1.064017801467679
838,27293934,r,12,-0.4765111029620051,0.24761988801912102,0.5230751560225356,0.4209436093618974,-0.4765111029620051
839,27293934,u,3,-0.16465164652064024,0.07934095890429571,0.20610229238563038,0.023492374738793138,-0.16465164652064024
840,27300008,g,6,-0.15517734783630996,0.07861203544987458,0.17313667425952844,0.05121581171292808,-0.15517734783630996
841,27300008,i,16,-0.5937930633003249,0.07654118200703464,0.1671866418437602,0.5483513087411502,-0.5937930633003249
842,27300008,r,12,-0.13982043939580285,0.07041418779817872,0.1225582133471034,0.032964299668454974,-0.13982043939580285
843,27300008,u,2,0.3245342699020113,0.15212138244331008,0.15212138244331008,0.07395449676879641,0.3245342699020113
844,27388557,g,3,-1.6275508515207475,0.02836518576402769,0.27446731237125443,1.8151981930094712,-1.6275508515207475
845,27388557,i,9,-1.026876577402684,0.20238726189038525,0.24538597360615078,1.6443069226645355,-1.026876577402684
846,27388557,r,10,-1.2079512895120275,0.23966829735260098,0.39371684706071064,1.5934932064346197,-1.2079512895120275
847,27394819,g,2,-0.852461219526421,0.8409333278700859,0.8409333278700858,0.8143102134803848,-0.852461219526421
848,27394819,i,4,-1.7205342632537912,0.08773023087872367,0.26165212165828233,3.2636508119432643,-1.7205342632537912
849,27394819,r,9,-1.3695489519819701,0.27667390086050503,0.8404203912562134,2.060621515991883,-1.3695489519819701
850,27479784,i,7,-0.8984187647500022,0.1351865353766517,0.14640089354963726,0.7884443062770382,-0.8984187647500022
851,27479784,r,7,-0.5353594183374923,0.20483850509550994,0.2789323170912801,0.2671136999091963,-0.5353594183374923
852,27552728,i,5,-2.059114933186884,0.3215124801787663,0.6242927646285663,4.972330977119869,-2.059114933186884
853,27552728,r,7,-1.0152305530974395,0.22002402594464854,0.40039451743902665,1.1516791323931437,-1.0152305530974395
854,27571351,g,3,-0.22211437748509522,0.17384323775831223,0.40122444119392126,0.21278296411344896,-0.22211437748509522
855,27571351,i,7,-0.46580855223225615,0.4035322589414458,1.0949477448057712,0.6757702059606979,-0.46580855223225615
856,27571351,r,7,-0.5565028427879675,0.02892187488266118,0.9733006212007453,0.2514869180317944,-0.5565028427879675
857,27571351,u,5,-1.0105927895353894,0.11035470615985754,1.0061956914650483,1.061325890513428,-1.0105927895353894
858,27587781,g,6,-0.04643126396549452,0.04714103404434855,0.14072215101971547,0.015040319735412415,-0.04643126396549452
859,27587781,i,11,-1.1667786564356901,0.19559655713894464,0.9479325654615023,2.489014579899136,-1.1667786564356901
860,27587781,r,11,0.04005519275881758,0.16235014520795057,0.515010679623082,0.10980619408848816,0.04005519275881758
861,27626068,g,9,-1.7974376405772055,0.18709021400077552,0.2327125401906407,1.8256301602589953,-1.7974376405772055
862,27626068,i,20,-2.261114121567439,0.4457778862290126,0.9416763527913243,4.389441738713893,-2.261114121567439
863,27626068,r,28,-1.7813005232809154,0.44808577310475894,0.7153721749584752,2.207349814115974,-1.7813005232809154
864,27626068,u,5,-1.6466225447903766,0.4235289498386088,0.7525128813825868,1.8750125697951905,-1.6466225447903766
865,27726882,g,5,-0.5293026570076755,0.04889310930685886,0.0827148604815724,0.48505240619980183,-0.5293026570076755
866,27726882,i,10,-1.3061800463319593,0.10118623380466829,0.1941402646659045,2.0575704474745034,-1.3061800463319593
867,27726882,r,11,-0.9690603924083394,0.07082655264843285,0.10977784306272309,1.0741182251233803,-0.9690603924083394
868,277828,g,5,-0.1932655523906245,0.041283380238934936,0.05066871598605546,0.07126736600032162,-0.1932655523906245
869,277828,i,10,-0.6539019812045344,0.19164476755013815,0.31156252102371895,0.665560408767775,-0.6539019812045344
870,277828,r,10,-0.4415416842289611,0.09802365469371438,0.25482394440037687,0.34618722657009543,-0.4415416842289611
871,27853769,i,7,-1.0127107001163465,0.57337835732919,1.0286469991173508,0.965953163048405,-1.0127107001163465
872,27853769,r,6,-0.14033270834278128,0.11674668849289488,0.5540295407233887,0.2765734702706473,-0.14033270834278128
873,27923487,g,4,-0.1623222777663606,0.1559951398583257,0.2924801746211354,0.055794706204534965,-0.1623222777663606
874,27923487,i,10,-1.3821810791071916,0.2655802210747874,0.47888857364083104,2.488059501064983,-1.3821810791071916
875,27923487,r,7,-0.967490116641031,0.1772870435151661,0.39693182046213327,0.9611252806091277,-0.967490116641031
876,28116426,g,2,-1.251091081424271,0.2778121195406881,0.2778121195406882,1.473961902077764,-1.251091081424271
877,28116426,i,15,-1.7704405918381654,0.25121734155043907,0.498600088350887,2.958978339130142,-1.7704405918381654
878,28116426,r,4,-0.9788936747737303,0.1753234528889206,0.3363726018171106,1.1117435713141681,-0.9788936747737303
879,28186683,g,12,-1.9107823339600132,0.4960607859377052,1.2226562316034904,1.35434433165742,-1.9107823339600132
880,28186683,i,40,-1.0117805624226517,0.7126622609798536,1.4385725241582914,1.4094790500146248,-1.0117805624226517
881,28186683,r,37,-1.0677782214998406,0.5455257144163383,1.1281785840161547,0.7639333206828652,-1.0677782214998406
882,28186683,u,11,-2.650936374059863,0.09709347939336599,0.17046878824016032,3.0677487417919562,-2.650936374059863
883,28286039,i,15,-3.561600419670015,0.2812059903719475,0.623686311967564,12.328924729293048,-3.561600419670015
884,28286039,r,9,-1.113379472379976,0.18431235677111601,0.3980155721879338,1.5206413258734692,-1.113379472379976
885,28359824,g,5,-0.6861739555110622,0.024771945850794452,0.04095621393410276,0.7791680602432403,-0.6861739555110622
886,28359824,i,10,-0.9908208768646538,0.21335529853445673,0.3888302400945315,1.208666716221162,-0.9908208768646538
887,28359824,r,14,-0.6714932263279763,0.10854630620641231,0.23567983959601746,0.48320782465808226,-0.6714932263279763
888,28427712,g,9,-0.9992098839458996,0.13974073068340864,0.248783067040645,0.9455233429453221,-0.9992098839458996
889,28427712,i,20,-1.3084171203612218,0.2568914344933416,0.49478162762006317,2.0297177642216435,-1.3084171203612218
890,28427712,r,21,-1.0354088841046691,0.0836659349144957,0.19424900613206253,1.3786508018411827,-1.0354088841046691
891,2864342,i,11,-0.2607658371822775,0.26330974337383384,0.49170020592098007,0.48839903578475286,-0.2607658371822775
892,2864342,r,12,-0.31986130835853077,0.0797915599291068,0.2760453044886192,0.33562019219827643,-0.31986130835853077
893,2864342,u,6,-0.5913206524313177,0.043001151151866424,0.0820781423245659,0.3235846782029083,-0.5913206524313177
894,28646399,g,6,-0.916285002726862,0.08699669723571024,0.3898731751250897,1.0749037246779827,-0.916285002726862
895,28646399,i,19,-1.4167463069712352,0.33520675613773365,0.5977562603147355,2.1657085934507987,-1.4167463069712352
896,28646399,r,21,-1.136008465476686,0.1898775518206095,0.3873845878574005,1.3235594833325046,-1.136008465476686
897,2876328,i,10,-2.7597979270155175,0.2761735224672561,0.40268235974600186,7.452761784385855,-2.7597979270155175
898,2876328,r,4,-1.4001431356024863,0.06778381380410836,0.4551956041985199,2.833540489232803,-1.4001431356024863
899,29197083,g,6,-1.1210263917436678,0.025605780649153975,0.13352024703465526,1.093695421003004,-1.1210263917436678
900,29197083,i,13,-0.39907281211227286,0.31821161795801056,0.6192756270107589,0.35714987567552,-0.39907281211227286
901,29197083,r,11,-0.4639521283027106,0.1539500675525497,0.3840380836789186,0.38792189882816336,-0.4639521283027106
902,29197083,u,5,-1.8908567419146847,0.09454504500119665,0.1498335863449789,0.5781261326348509,-1.8908567419146847
903,29219067,i,6,-2.548763846727524,0.2207934711987236,0.5851921152426449,5.110520807061392,-2.548763846727524
904,29219067,r,6,-1.527788070850416,0.20925271185211725,0.39495094456490043,1.8185720095842246,-1.527788070850416
905,29223319,g,14,-1.649762218921517,0.3192663525224769,0.7923172573613106,1.6319025201975346,-1.649762218921517
906,29223319,i,24,-1.414263988295455,0.30097623054362166,0.7334993819670252,1.3826115875173342,-1.414263988295455
907,29223319,r,32,-1.1790475672867249,0.40646019379386705,0.8349504879707688,0.804851821431263,-1.1790475672867249
908,29223319,u,8,-2.3609637260076126,0.2845033925736513,0.6217974013437129,2.5685137027552747,-2.3609637260076126
909,2927505,g,3,-0.6228733836513645,0.27983093392585756,0.2863044454712741,0.5366617743153168,-0.6228733836513645
910,2927505,i,15,-1.1129218035339932,0.23398228641162966,0.3847946123137056,1.577577375513288,-1.1129218035339932
911,2927505,r,10,-0.6475616016736221,0.19673704377276685,0.3696739869253747,0.5671716383890251,-0.6475616016736221
912,29388295,i,7,-1.2297883676421237,0.06789697173188158,0.08463005786558075,1.4605683684711102,-1.2297883676421237
913,29388295,r,8,-1.2022094350290367,0.08555182317667176,0.17898086447359707,1.7591434217774475,-1.2022094350290367
914,29388790,i,5,-1.788996626870103,0.19201708140033658,0.3646682494074043,2.7762551511382147,-1.788996626870103
915,29388790,r,5,-1.762064924104756,0.2108311160548244,0.38697578955639056,2.4561629689072135,-1.762064924104756
916,29428784,g,3,0.7398108080709425,0.41161377309471403,0.654324422382948,0.8313776130288684,0.7398108080709425
917,29428784,i,6,-0.9298130026476055,0.020275531563814564,0.12083840200213869,0.945777747234413,-0.9298130026476055
918,29428784,r,5,1.0720945201363363,0.13025036319357008,0.27369283399747935,1.2530970818543774,1.0720945201363363
919,29485093,i,5,-0.16499057406713946,0.17643953350965513,0.30327392056849245,0.0693830666097167,-0.16499057406713946
920,29485093,r,5,-0.21088336700989674,0.10508768707657601,0.11183279611506486,0.13906778162241598,-0.21088336700989674
921,29519863,i,10,-0.40476961072933915,0.08919333723816597,0.5058956114403402,0.17905074431439608,-0.40476961072933915
922,29519863,r,7,-0.12291567927561808,0.028817151503032656,0.26051938414224973,0.15595026834450662,-0.12291567927561808
923,29519863,u,3,-2.085709011507102,0.04884624970891194,0.25582772700834866,0.4033655691760874,-2.085709011507102
924,29529857,g,4,-0.530225055375176,0.06016567110146087,0.20531456389867386,0.19244752521826403,-0.530225055375176
925,29529857,i,4,-0.9505621742918481,0.017210378441887997,0.027737646151014927,0.8404241382158899,-0.9505621742918481
926,29529857,r,6,-0.4552783813059743,0.08035420506539459,0.12079907235959453,0.12167284389450805,-0.4552783813059743
927,29529857,u,2,-0.021842581867852928,0.02894334556424205,0.02894334556424205,0.0004999394539625459,-0.021842581867852928
928,29660634,g,2,-0.8102972776405666,0.14482377750991904,0.14482377750991904,0.33437843149706836,-0.8102972776405666
929,29660634,i,23,-1.4870492231736754,0.04550179942730681,0.09836087994409737,1.5264863043580559,-1.4870492231736754
930,29660634,r,23,-0.9297275438847437,0.04483456996461688,0.14649240820430998,0.5004201047017852,-0.9297275438847437
931,29673157,g,3,-0.3759959455025991,0.019085974021281815,0.21160953803030147,0.3554487448159412,-0.3759959455025991
932,29673157,i,10,-2.4019073365815,0.39440777695971474,0.7515219759147138,6.192473827473086,-2.4019073365815
933,29673157,r,9,-1.6449326491704372,0.4881865709821862,0.7680858162911208,2.267064534319793,-1.6449326491704372
934,29693766,g,4,-2.4879598057137065,0.28270558757875874,0.4157511083882075,2.1393985323911116,-2.4879598057137065
935,29693766,i,17,-2.327315843278345,0.39539033214314356,0.9887304775900869,3.8693087464383438,-2.327315843278345
936,29693766,r,20,-2.0243638385560816,0.31941444951873854,0.6610274191543271,1.780093138990423,-2.0243638385560816
937,29693766,u,4,-2.406919621482893,0.06923118459834177,0.13706439494176426,2.9360978116458445,-2.406919621482893
938,2977880,g,3,-0.34125697187112447,0.14028102254746977,0.1435957915224675,0.09178808226674846,-0.34125697187112447
939,2977880,i,5,-2.0672499160355353,0.17626650222885454,0.21282903189788804,3.8406604942552542,-2.0672499160355353
940,2977880,r,4,-1.2826040648034063,0.13692018749365298,0.18455910735544334,1.3356082494922794,-1.2826040648034063
941,29807788,g,2,-0.7998550711630611,0.18101089779372137,0.18101089779372148,0.5426029319965996,-0.7998550711630611
942,29807788,i,12,-0.596293246942859,0.14526253724535476,0.2890920963097331,0.5332125475249347,-0.596293246942859
943,29807788,r,9,-0.5844778676301327,0.06527836420459032,0.10389543941547263,0.5712468530332674,-0.5844778676301327
944,29807788,u,3,-1.2325383310910616,0.1045001007527091,0.35648415264566435,0.2395620744813439,-1.2325383310910616
945,29916614,g,5,-1.0970085277848423,0.41346383943260046,0.80289822418027,1.4469441732939265,-1.0970085277848423
946,29916614,i,17,-0.5254210917178214,0.4236990452734846,0.8131034110872761,0.4512119008334304,-0.5254210917178214
947,29916614,r,17,-0.5381153549204208,0.3592470235062769,0.7025970565118449,0.3827585915838792,-0.5381153549204208
948,29916614,u,4,-1.34489183360669,0.016281266024301244,0.2823087149942154,0.4512227067301129,-1.34489183360669
949,29930228,g,2,-1.868575633844009,0.30529916150465763,0.30529916150465786,2.753087972498309,-1.868575633844009
950,29930228,i,8,-0.5902607358215106,0.4353952950508453,0.8638749133112508,0.5727909694328996,-0.5902607358215106
951,29930228,r,4,-1.0542646925345718,0.2359765714818306,0.5767541398011422,0.9832696185022491,-1.0542646925345718
952,30031299,g,7,-0.875364210803629,0.09152561279366012,0.14003401656505332,0.26807637273073925,-0.875364210803629
953,30031299,r,7,-0.9024517883054113,0.013181033397984931,0.027298463063742617,0.4131373225690937,-0.9024517883054113
954,30035116,i,13,-3.2025252579429573,0.19357629650073171,0.31193778649705095,12.438274154847177,-3.2025252579429573
955,30035116,r,15,-2.7549163558618885,0.09743321044527509,0.1574169828572436,8.70413922491273,-2.7549163558618885
956,30050891,g,7,0.3176590961384971,0.016279274178950143,0.025945726222034615,0.10013487288669536,0.3176590961384971
957,30050891,i,12,-1.1151368754869977,0.20173320377180537,0.6319387934745101,1.1015144336849287,-1.1151368754869977
958,30050891,r,11,0.16790592325054082,0.16459754303052382,0.45182509378383245,0.06928893591566286,0.16790592325054082
959,30098410,g,3,-1.319625169841651,0.09330305644423098,0.20145464596884777,1.4177714202129277,-1.319625169841651
960,30098410,i,22,-1.722164521550584,0.18419042871721336,0.3517582328567572,2.975164144600346,-1.722164521550584
961,30098410,r,17,-1.2380850061464828,0.14493281978289563,0.3073055645553626,1.8707240660092672,-1.2380850061464828
962,30110986,i,6,-1.680960961425912,0.11323221466355526,0.1845609648423434,3.7093467960058315,-1.680960961425912
963,30110986,r,6,-1.016897389901962,0.07627543513151913,0.1385383499876912,1.3511928025656232,-1.016897389901962
964,30151743,g,4,0.15941660132836777,0.042136719469993755,0.08960970684164515,0.011416732741713965,0.15941660132836777
965,30151743,i,18,0.0679855172266618,0.4417372768113679,0.8948831138235305,0.17351513174014915,0.0679855172266618
966,30151743,r,17,0.44572334218834575,0.17709781189874896,0.8983687354400653,0.11256418958522747,0.44572334218834575
967,30259222,g,5,-0.5562728399834491,0.08042483157941305,0.2146360901496004,0.3261585604935762,-0.5562728399834491
968,30259222,i,3,-0.9279418898654013,0.2564406649431572,0.35866881552361307,1.1309497306368006,-0.9279418898654013
969,30259222,r,6,-0.5092874987904294,0.08676211332794032,0.1479720087710249,0.4100925913000144,-0.5092874987904294
970,30291755,i,6,-1.4089819269217052,0.06190124671656383,0.11877847476729197,1.5992121652597122,-1.4089819269217052
971,30291755,r,6,-0.6583643752093414,0.15972914521275416,0.2666685872484651,0.3612289217633773,-0.6583643752093414
972,3030716,g,6,-0.8076640879064851,0.10976125015508287,0.23219248076694776,0.4704310536238558,-0.8076640879064851
973,3030716,i,5,-0.8760348693092019,0.15948900188672943,0.24950316801519623,0.6382283722457327,-0.8760348693092019
974,3030716,r,7,-0.7052122933568203,0.10449071901606355,0.12589602274533063,0.38184313373019874,-0.7052122933568203
975,30313672,g,6,-1.8665051326257742,0.20024577934539955,0.40463583494954447,1.3585348408157547,-1.8665051326257742
976,30313672,i,13,-2.3251864930452193,0.07708846030584082,0.11958942261920091,3.427848204513899,-2.3251864930452193
977,30313672,r,11,-1.5392202229167657,0.030497539309674693,0.3008865212820615,0.9093827804514455,-1.5392202229167657
978,30616257,g,5,-0.9622486096767059,0.022654003618699514,0.04422344589220262,0.7847707291760052,-0.9622486096767059
979,30616257,i,7,-0.7312023798471896,0.18903120272340512,0.3304857378823226,0.8588212848274163,-0.7312023798471896
980,30616257,r,11,-0.7492883827536465,0.09228753453271865,0.14730174305488863,0.7525656551855374,-0.7492883827536465
981,30703283,g,2,-0.1604775335076134,0.08568439684859275,0.08568439684859275,0.012617374540353707,-0.1604775335076134
982,30703283,i,24,-0.060736145695651,0.24596335299379735,0.49801086152632523,0.07205428352760818,-0.060736145695651
983,30703283,r,15,0.2558979411593194,0.08805983612728108,0.18618571257963645,0.03703707955210758,0.2558979411593194
984,30735948,i,4,0.6418230460408056,0.20167639248539904,0.575241028525416,0.5092587138975483,0.6418230460408056
985,30735948,r,6,0.32231642265913424,0.6296974412383803,0.9460224819989728,0.7806502028165263,0.32231642265913424
986,30846331,i,8,-2.825960444770774,0.03742835014863921,0.08708949033330216,5.713217210847089,-2.825960444770774
987,30846331,r,6,-2.6947101387887518,0.10825175917545615,0.1710421754017779,2.8241168393603893,-2.6947101387887518
988,30867292,g,6,-2.1808606935763577,0.013827481621967452,0.02369920038531559,2.20906677920655,-2.1808606935763577
989,30867292,i,13,-1.343403796690167,0.10092955028834494,0.2089949453676685,1.1186791567401166,-1.343403796690167
990,30867292,r,12,-1.5525868658184292,0.06287465839324069,0.34745950586385854,0.915558706070828,-1.5525868658184292
991,30867292,u,7,-2.488373780817005,0.17457413291035007,0.6656196885582433,2.724833991397051,-2.488373780817005
992,30952583,i,7,0.23482520297259235,0.03377330152485514,0.05152204719646447,0.042328261955606176,0.23482520297259235
993,30952583,r,5,0.5595633288309747,0.016588686143112596,0.02080703065827505,0.10887258787959794,0.5595633288309747
994,30979597,g,6,-0.9837124169927881,0.06373859179423186,0.507094603382224,1.1061524458312848,-0.9837124169927881
995,30979597,i,14,-1.5159147342322807,0.3513111389682452,0.6296118950898206,2.7030066168467535,-1.5159147342322807
996,30979597,r,11,-1.4058143022261893,0.16398639545397087,0.33733459736212823,2.6715553792757314,-1.4058143022261893
997,31020747,g,9,-1.2613185602938441,0.2496713622412121,1.0025181579018847,1.840436244577037,-1.2613185602938441
998,31020747,i,22,-1.5142469672156742,0.16902382482080147,0.5276617197466462,2.671702777838789,-1.5142469672156742
999,31020747,r,27,-1.398566364710172,0.2589154150852686,0.5194481818238896,2.259083503685805,-1.398566364710172
1000,31035541,g,4,-0.2781427043855785,0.12994225426198155,0.24263014447014508,0.10793233505064112,-0.2781427043855785
1001,31035541,i,24,-1.2086443775489557,0.3199991494392751,0.9137126174167771,2.2659549284705816,-1.2086443775489557
1002,31035541,r,22,-0.9868597088550269,0.2654961105444763,0.5074774079823869,1.067559270320802,-0.9868597088550269
1003,31082488,i,8,-0.0660897515898197,0.05898015739359347,0.5774653548705027,0.8033826621906188,-0.0660897515898197
1004,31082488,r,5,0.9565239822342189,0.4329427961929726,0.8509780964537044,1.287553730926368,0.9565239822342189
1005,3108937,g,4,-0.9750205709248996,0.03505486514258055,0.06861654135373407,0.7463204958043806,-0.9750205709248996
1006,3108937,i,16,-1.4065014230937303,0.22176557504501881,0.4033226034077515,2.189211056684669,-1.4065014230937303
1007,3108937,r,17,-1.0832192430800591,0.15431192441352914,0.2632913177809659,1.3608126547547592,-1.0832192430800591
1008,31209790,i,5,-1.5014590257467337,0.03782453555867127,0.03944930912157307,3.434216186422826,-1.5014590257467337
1009,31209790,r,7,-1.0361545478320189,0.19926377038597387,0.31026508352222004,1.3639661300220978,-1.0361545478320189
1010,31222428,g,2,-0.7249738363809461,0.3883301531941932,0.3883301531941932,0.4544907027856777,-0.7249738363809461
1011,31222428,i,7,-0.9537464780948196,0.13602145176417102,0.25543949749065753,1.373565289865634,-0.9537464780948196
1012,31222428,r,9,-0.6940604966724503,0.1069044508965924,0.13691855387262508,0.6467713457664975,-0.6940604966724503
1013,31224350,g,9,-0.684788128666372,0.09899170754658271,0.1726308970360071,0.5474363487762299,-0.684788128666372
1014,31224350,i,18,-0.8051851009899664,0.2765014374434361,0.855045554964101,1.299824538062302,-0.8051851009899664
1015,31224350,r,17,-0.6653115135344392,0.178601975381943,0.35964859175978914,0.5360013751073008,-0.6653115135344392
1016,31224350,u,3,-0.6577229298187084,0.2517464810428218,0.2764515449972662,0.19629830252001532,-0.6577229298187084
1017,31226054,g,3,-2.540472487589258,0.026860900248607322,0.14253063953157863,2.2075208734177463,-2.540472487589258
1018,31226054,i,6,-1.7123590328470972,0.1057075097547624,0.1899460991398194,1.6337185053530627,-1.7123590328470972
1019,31226054,r,8,-2.0108088501153807,0.10532769376148976,0.36168263382186083,1.396339678341505,-2.0108088501153807
1020,31253863,g,2,-0.052885372252334195,0.225155967787892,0.225155967787892,0.07073377419404225,-0.052885372252334195
1021,31253863,i,16,-0.29191209708096677,0.13243247946089975,0.8507793704534594,1.7814543562807463,-0.29191209708096677
1022,31253863,r,14,0.023090215889475102,0.29086811865680184,0.6372299329945273,1.9998152659980506,0.023090215889475102
1023,31253863,u,3,-1.3369076199080867,0.00652499027192488,0.05794159844417779,0.2620005728646228,-1.3369076199080867
1024,31266712,g,4,-1.0402382682565547,0.01936387876629031,0.07578724554158878,0.7178535255333043,-1.0402382682565547
1025,31266712,i,15,-0.4440264319350707,0.06011285313841769,0.1771942420600639,0.23196585015036172,-0.4440264319350707
1026,31266712,r,18,-0.46758602972342167,0.18405674240321546,0.4299544203730573,0.4006232327974566,-0.46758602972342167
1027,31266712,u,2,-1.7237282962900937,0.4591001530273875,0.4591001530273875,0.23877647018342577,-1.7237282962900937
1028,31295278,g,6,-0.2607508462127921,0.03893948461625346,0.07185481797113136,0.1142372060044618,-0.2607508462127921
1029,31295278,i,13,-0.9870119549742737,0.06423125424462661,0.11606622797375743,1.1330230065164226,-0.9870119549742737
1030,31295278,r,13,-0.6272252710600281,0.03708001484146828,0.06540397969568357,0.46844548087529997,-0.6272252710600281
1031,31295278,u,3,-0.09295824885034287,0.13062132229060808,0.16867980367521718,0.016313131943534172,-0.09295824885034287
1032,313398,i,9,-2.1636749019003982,0.044053015024061004,0.3008534486240175,5.828205019189546,-2.1636749019003982
1033,313398,r,7,-1.6306534993241004,0.08618391502170897,0.2935251166284545,3.7223221706450773,-1.6306534993241004
1034,31444780,g,5,-1.4620239006802753,0.4535474600199991,0.4780217925647807,1.5710835325498738,-1.4620239006802753
1035,31444780,i,14,-0.4841433605444149,0.7808004442429634,1.490364997976453,0.6107323086633069,-0.4841433605444149
1036,31444780,r,15,-0.5310280695943702,0.42838965046627087,1.0712129691469636,0.5752916823706428,-0.5310280695943702
1037,31444780,u,5,-2.3662455534199878,0.019461645999759192,0.029729482688904962,0.43500186986484507,-2.3662455534199878
1038,31674606,g,6,-0.5862840982374873,0.20062602349659175,0.31509122118042215,0.2502259525327564,-0.5862840982374873
1039,31674606,i,19,-2.321575068667741,0.5353137023693311,0.8450505953924627,4.495944380547826,-2.321575068667741
1040,31674606,r,20,-1.2599336546571367,0.24566056374170142,0.4877980766641228,1.4735584259400165,-1.2599336546571367
1041,31678920,g,3,-0.5517630310796974,0.29731552221535934,0.6289495077511211,0.5563043748036841,-0.5517630310796974
1042,31678920,i,9,-1.1188600910459798,0.07539480691445899,0.4504927813591322,1.884383779414204,-1.1188600910459798
1043,31678920,r,9,-0.7449267146045704,0.06296723825862771,0.7325302034184813,0.9076536232161596,-0.7449267146045704
1044,31681198,g,2,-1.1836161430634413,0.6464196679035569,0.646419667903557,1.3051798693567702,-1.1836161430634413
1045,31681198,i,9,-1.4814205132341411,0.18690828396156234,0.3031750696048039,2.7557122983853115,-1.4814205132341411
1046,31681198,r,5,-0.9363423126670806,0.03933348153771499,0.1180219986152431,1.3686475115402739,-0.9363423126670806
1047,31693502,g,5,-0.9293898534428306,0.17761048980533234,0.2988749778434916,0.3291545257619597,-0.9293898534428306
1048,31693502,i,7,-0.5718140421002267,0.012985895064635766,0.0932982082818743,0.16570911981319245,-0.5718140421002267
1049,31693502,r,7,-0.6175567869526852,0.03908472649247274,0.24038769587230457,0.11185023932924072,-0.6175567869526852
1050,31744089,i,8,-1.2928748650122412,0.021329366213263756,0.08268176726113485,1.4429399166017776,-1.2928748650122412
1051,31744089,r,10,-0.8836550972862538,0.12531699927214013,0.1994777563350293,0.504833020582544,-0.8836550972862538
1052,31819693,g,5,-1.1655163072951562,0.00771702647650363,0.03052411071343708,1.2751020161633875,-1.1655163072951562
1053,31819693,i,8,-2.333092024445432,0.20516180599205391,0.313348016561676,3.8037989589430286,-2.333092024445432
1054,31819693,r,6,-2.0370069784819105,0.5056280569541288,0.7763296729431415,2.781866802640023,-2.0370069784819105
1055,32025351,g,6,-0.3049294442695475,0.15865045549359288,0.26490384853307675,0.31892826314804296,-0.3049294442695475
1056,32025351,i,13,-1.845633160572634,0.2788510946000258,0.6366310435850111,3.2877433173381174,-1.845633160572634
1057,32025351,r,12,-0.958512665089891,0.14457125986963337,0.30599413044655366,1.103624736739212,-0.958512665089891
1058,32029355,g,9,-0.433228847475152,0.07131277933302016,0.133093589897676,0.18072406572223412,-0.433228847475152
1059,32029355,i,22,-1.5940942738281918,0.28580088639391765,0.5953978487008955,2.2065923231592186,-1.5940942738281918
1060,32029355,r,20,-0.7812177807777242,0.14503403025568312,0.4766957578673219,0.42276736690886735,-0.7812177807777242
1061,32029355,u,4,-0.49577432794778276,0.06937869597922752,0.08991837918374257,0.13954350350432987,-0.49577432794778276
1062,32036130,i,5,-1.3671863275853557,0.07452496970170341,0.08750568334380793,2.5149847326622647,-1.3671863275853557
1063,32036130,r,6,-1.4521721158339085,0.040847844919335796,0.06281988302221508,2.830572655893563,-1.4521721158339085
1064,32066075,i,7,-0.7791578585196588,0.14820445103643898,0.2562832456497166,0.7101062899828633,-0.7791578585196588
1065,32066075,r,7,-0.650411098846695,0.11060817226889497,0.2971049105439435,0.29987525210822724,-0.650411098846695
1066,32161490,g,3,-0.49873007925659074,0.14789262198758713,0.29894274382943686,0.15029406790984787,-0.49873007925659074
1067,32161490,i,7,-0.03160737780584921,0.4135670829071447,0.578104643816473,0.26777809748645737,-0.03160737780584921
1068,32299941,i,13,-2.542411793669865,0.19498293219680862,0.5260868781543162,5.44412068926296,-2.542411793669865
1069,32299941,r,10,-2.0500797486894586,0.2538367943062346,0.4544455484705012,2.3396304983254126,-2.0500797486894586
1070,32412661,g,3,-0.8664805414466725,0.05263650821958965,0.19707833198432878,0.36881853116627833,-0.8664805414466725
1071,32412661,i,13,-0.5357802407706721,0.26671052924555716,0.7799723763727471,0.4515789959729331,-0.5357802407706721
1072,32412661,r,13,-0.5073752836184267,0.22372307869548758,0.7061280256333959,0.40624960257487586,-0.5073752836184267
1073,32412661,u,2,-1.61734720281958,0.11472162784434814,0.11472162784434792,0.17373451481459745,-1.61734720281958
1074,32430319,i,8,-2.2387514072255206,0.15114195574469913,0.23946708372613967,5.607816994718359,-2.2387514072255206
1075,32430319,r,3,-1.4072306240976404,0.2676937066850247,0.3325289384177106,2.435770531108209,-1.4072306240976404
1076,32444501,i,9,0.6879992972152466,0.5450028596106143,0.8247281068541703,0.6370986259633025,0.6879992972152466
1077,32444501,r,4,0.12399525362552188,0.012725757398947601,0.06186041791298616,0.018802209664487136,0.12399525362552188
1078,32457664,g,2,-0.09775579172835558,0.0295970370309937,0.0295970370309937,0.0045889396996686704,-0.09775579172835558
1079,32457664,i,13,-0.5138803903590805,0.0539568007854101,0.11622871453037764,0.17168542886794189,-0.5138803903590805
1080,32457664,r,12,-0.11958799315542631,0.0785275512996364,0.1464168641338649,0.01009619722441322,-0.11958799315542631
1081,3252735,g,3,-1.5603395993961926,0.0984542721762609,0.13575433078382293,1.370497738735376,-1.5603395993961926
1082,3252735,i,8,-2.25836143357387,0.1441684332922526,0.2365341193629913,5.852250432041183,-2.25836143357387
1083,3252735,r,10,-1.4430541766782343,0.11193658548827878,0.5498402182734645,2.514149443654132,-1.4430541766782343
1084,32657913,g,5,-0.44650030627924253,0.12327492516365257,0.2685652581059382,0.22293211887458608,-0.44650030627924253
1085,32657913,i,17,-2.4986171462950484,0.6768652494434562,1.4640905399016284,6.703738746503113,-2.4986171462950484
1086,32657913,r,15,-1.3296843871184656,0.2879076105725673,0.589069415267407,2.5702859910576903,-1.3296843871184656
1087,32686481,g,4,-1.2786821448594312,0.014521251833275128,0.16349794063705647,2.12800395848674,-1.2786821448594312
1088,32686481,i,17,-0.5023630656602254,0.39710926385049483,0.6715707556144265,0.4199646859905216,-0.5023630656602254
1089,32686481,r,14,-0.5467618095061753,0.1533244686460402,0.27032280544640536,0.41809515180113127,-0.5467618095061753
1090,32686481,u,6,-1.8635759062713733,0.3782501886532432,1.35250286209757,1.3949505103076962,-1.8635759062713733
1091,32788771,g,8,-0.9581122601433615,0.06888557494133252,1.0002605563989464,0.6027732375208121,-0.9581122601433615
1092,32788771,i,13,-0.14488062288491305,0.11320784892629482,0.42079047468299813,0.5555487716804876,-0.14488062288491305
1093,32788771,r,14,-0.277995076936678,0.032574739765324434,0.10607200714959603,0.17816502425329772,-0.277995076936678
1094,32788771,u,9,-1.2410858912116165,0.3095153040709806,0.9981246165944289,0.27363015012381897,-1.2410858912116165
1095,32954935,g,2,-0.9851258270543997,0.1204345246021074,0.12043452460210735,0.7489958590558528,-0.9851258270543997
1096,32954935,i,6,-1.3894207478801166,0.061079460329280355,0.1762459043978808,2.385319518937233,-1.3894207478801166
1097,32954935,r,9,-0.9916759574325014,0.06542826280948222,0.09803193916106179,1.386173293791092,-0.9916759574325014
1098,32962785,g,5,-0.6153310356573364,0.3164105047471587,0.9855459375462284,0.6542087307043981,-0.6153310356573364
1099,32962785,i,3,-1.9767770757474126,0.04912328744430816,0.10001219371666892,3.996804794099873,-1.9767770757474126
1100,32962785,r,3,-1.2978424415154826,0.03761976328790495,0.3439372868597055,1.9592645939951032,-1.2978424415154826
1101,33096547,i,13,-2.096033863068816,0.2424253397515166,0.408249772685525,4.587321408998807,-2.096033863068816
1102,33136071,g,6,-1.6535624499835428,0.04377457516005512,0.10640902920233186,2.091719938375969,-1.6535624499835428
1103,33136071,i,25,-2.1067101018017595,0.338653754462388,0.49085786533305287,3.3214519180043633,-2.1067101018017595
1104,33136071,r,20,-1.5931221927329613,0.1351879440231889,0.28331837257134906,1.9172934701433015,-1.5931221927329613
1105,33144543,i,4,0.8328705463275137,0.22436913337826808,0.3928973594014329,0.6279135714663936,0.8328705463275137
1106,33144543,r,5,0.2926596359877106,0.08327094333672491,0.10461859174264776,0.15348895546292082,0.2926596359877106
1107,33144543,u,2,-1.3539676283427295,0.0892701302953458,0.08927013029534558,0.13959856676693144,-1.3539676283427295
1108,33192561,g,13,-0.49580168086573895,0.14845094303452078,0.3111916222359655,0.42615355360579127,-0.49580168086573895
1109,33192561,i,17,-1.6945454806909561,0.23288779878621457,0.7052903370093151,2.7180791353425326,-1.6945454806909561
1110,33192561,r,16,-0.6739339999990941,0.14193526123133082,0.3126020966371924,0.6248681244516415,-0.6739339999990941
1111,33204781,g,7,-0.44764693837496816,0.11123263629214453,0.2084199282322664,0.17213015691383662,-0.44764693837496816
1112,33204781,i,16,-0.15116945863207465,0.038768051095995126,0.07742771696149564,0.021188963843850585,-0.15116945863207465
1113,33204781,r,15,-0.005845379594009437,0.1320951149206393,0.2122656382255177,0.01717723726184117,-0.005845379594009437
1114,33204781,u,5,-1.5394690139243958,0.11387747480376609,0.1765717246680638,0.7228982929533926,-1.5394690139243958
1115,33214956,g,2,-0.4638851176398507,0.1118411714957585,0.11184117149575845,0.31555708008873423,-0.4638851176398507
1116,33214956,i,3,-1.5152304674572217,0.08180710128121071,0.18624238763975498,2.731775226147209,-1.5152304674572217
1117,33214956,r,8,-0.8928288106287883,0.10665382741494706,0.2347642236826002,1.065632797033726,-0.8928288106287883
1118,33247723,g,6,-0.8281737579924004,0.13404916348089607,0.2290149736243695,0.44803296694386346,-0.8281737579924004
1119,33247723,i,8,-0.9372406635102217,0.08010675765702091,0.2553654565656729,0.8087716678935877,-0.9372406635102217
1120,33247723,r,18,-0.7548014743616938,0.23373666084910194,0.378180801346812,0.5610750399200237,-0.7548014743616938
1121,33271402,g,4,-0.6068641430548647,0.07537083003634942,0.2308872944630772,0.44871530631108164,-0.6068641430548647
1122,33271402,i,5,-1.791368115208388,0.23112765388085776,0.4197574932075798,3.5738095810675206,-1.791368115208388
1123,33271402,r,11,-0.9180700128574573,0.12207513996528119,0.3487699570020536,1.1467880259945373,-0.9180700128574573
1124,33288028,i,7,-0.6778559088251116,0.11561430416002638,0.19289469139456583,0.6405991044183045,-0.6778559088251116
1125,33288028,r,4,-0.5417285041452347,0.009698660595334363,0.014644812845807542,0.39892651216016706,-0.5417285041452347
1126,33338268,g,14,-0.9174676750142989,0.17806414575630003,0.3154539681379004,0.9681428850170437,-0.9174676750142989
1127,33338268,i,23,-1.2648273835351087,0.1685971793855674,0.591608334560547,2.2854612156241556,-1.2648273835351087
1128,33338268,r,25,-0.9710001273915252,0.1674977066409058,0.31235380650052447,0.9763727733879022,-0.9710001273915252
1129,33369522,g,3,-0.18041514761262195,0.022438537333616504,0.5086252420607309,0.26897725706492837,-0.18041514761262195
1130,33369522,i,6,-1.856230889285484,0.17936365870264392,0.38073710010193373,3.90708247440072,-1.856230889285484
1131,33369522,r,7,-0.8957183607093462,0.23591633138192647,0.3910471566469784,1.1848331375422134,-0.8957183607093462
1132,33402728,i,6,-2.2922342474065576,0.17744525567628355,0.2833716390067931,6.147004220933593,-2.2922342474065576
1133,33402728,r,5,-1.662411205898452,0.20303564372136518,0.3763829668759937,2.6542172925804977,-1.662411205898452
1134,33429471,i,11,-2.6952298551863985,0.1257552515852991,0.1885677557347729,5.949103534594269,-2.6952298551863985
1135,33429471,r,9,-1.979561664062702,0.11202769889899367,0.17637081214970918,2.177733175732382,-1.979561664062702
1136,3344305,g,4,-0.909463432948761,0.0639503169366713,0.09616734216322442,0.6893213436948942,-0.909463432948761
1137,3344305,i,3,-0.4355066089532741,0.08300320501555236,0.28337799793896146,0.19533093422855016,-0.4355066089532741
1138,3344305,r,5,-0.5002804675001706,0.06605612259092275,0.12458808202545824,0.35517670502672194,-0.5002804675001706
1139,33478572,g,2,1.1778071686864306,0.44563886622946625,0.44563886622946636,2.032793520010879,1.1778071686864306
1140,33478572,i,12,-1.331258121406287,0.7185583821390035,1.392861302691448,2.027295504734204,-1.331258121406287
1141,33478572,r,15,1.0253405071529875,0.5829806068534531,1.6398751603866684,2.715930633253104,1.0253405071529875
1142,33479887,g,5,-0.7484554429233392,0.6609579017864324,1.6343273928732964,0.9543043293065573,-0.7484554429233392
1143,33479887,i,14,0.04150630077635714,0.5347970275756709,1.0101840969674316,0.6525461736466854,0.04150630077635714
1144,33479887,r,14,-0.004455031642290164,0.5473060055471416,1.8587311081085343,0.9290393751565853,-0.004455031642290164
1145,33479887,u,2,-1.031712864541859,1.2173440676993554,1.2173440676993557,0.1924980129323643,-1.031712864541859
1146,33520140,g,5,-0.271432056236244,0.03922979141495686,0.05699764501708193,0.07148890364966413,-0.271432056236244
1147,33520140,i,10,-0.3655613581954361,0.10390096142961988,0.22904339404861926,0.16445056629289592,-0.3655613581954361
1148,33520140,r,17,0.0671782185629759,0.12319184113821824,0.2437628348256572,0.02763549538669327,0.0671782185629759
1149,33678707,i,10,-2.194965895513729,0.3130853214597644,0.5738358212176446,5.188195008157684,-2.194965895513729
1150,33678707,r,6,-1.3998123015940829,0.14625117421972045,0.257203129472271,2.0668087039055973,-1.3998123015940829
1151,33949067,g,4,-1.1282491288619974,0.07798037270445313,0.16477113894415174,1.3950997497811564,-1.1282491288619974
1152,33949067,i,12,-1.4314324652393833,0.08605601800076201,0.18106383561682216,2.8939898781324414,-1.4314324652393833
1153,33949067,r,13,-1.172693673674781,0.08839635877405483,0.14963333397749867,1.7366975094091177,-1.172693673674781
1154,33963525,i,7,-0.3916953959594651,0.12031917484336208,0.17341602986081228,0.2070652916582805,-0.3916953959594651
1155,33963525,r,5,-0.31809184438878013,0.21299772383419013,0.3249656998233933,0.19436694021108758,-0.31809184438878013
1156,34007374,g,3,-0.5130170351260097,0.017213092925214002,0.10988249236607522,0.20460911983523897,-0.5130170351260097
1157,34007374,i,9,-1.1917399462927882,0.18164528544242797,0.4334866984534851,1.9478267311265713,-1.1917399462927882
1158,34007374,r,10,-0.6919357225050471,0.05395881353441756,0.10507054727338894,0.5690674619922987,-0.6919357225050471
1159,34056691,g,6,-1.1892879828041178,0.19164305564954365,0.36929388605725166,0.3556415572153763,-1.1892879828041178
1160,34056691,i,14,-0.6444034552081566,0.03623593169014827,0.06186871967633312,0.330295930289381,-0.6444034552081566
1161,34056691,r,15,-0.46482158306652366,0.05694417920435857,0.11045652306387632,0.09289858041869849,-0.46482158306652366
1162,34056691,u,2,-1.0848279732927448,0.059559943808285,0.059559943808285,0.5337560077255489,-1.0848279732927448
1163,34094534,g,4,-0.7700574561644531,0.009927670320963644,0.1429202056792881,0.34030586935784324,-0.7700574561644531
1164,34094534,i,5,0.07030092234316596,0.17876608497525498,0.2678787332175516,0.04265375892014984,0.07030092234316596
1165,34094534,r,10,-0.18569923659852255,0.07575145694444874,0.7586333236068993,0.11558076354786892,-0.18569923659852255
1166,34094534,u,4,-0.9103116953577008,0.0139443297173385,0.15286063228371727,0.14613639338808734,-0.9103116953577008
1167,34144347,g,3,-0.6581778955254072,0.18718068087476958,0.4876984597367444,0.4830076169798425,-0.6581778955254072
1168,34144347,i,7,-1.075193717228304,0.0748985552811472,0.2169273391938542,1.7670242716994633,-1.075193717228304
1169,34144347,r,7,-0.7081620903286222,0.062272376057692425,0.08207277163934434,0.5943066335459785,-0.7081620903286222
1170,34232607,g,3,-1.0894592508961423,0.2475817366998172,0.3655239836820905,1.0630595453978329,-1.0894592508961423
1171,34232607,i,4,-0.7328919818764241,0.1088234294050377,0.3158166636239377,0.9384192496143422,-0.7328919818764241
1172,34232607,r,7,-0.843171229041953,0.13927529325266985,0.22246965602827373,0.9077236611440507,-0.843171229041953
1173,34369483,g,3,-0.9961822728800933,0.5173689617016866,0.9939961144421265,0.7926399840521038,-0.9961822728800933
1174,34369483,i,12,0.34694553655574856,0.3717899221401779,0.8540460685715258,1.342122127341753,0.34694553655574856
1175,34369483,r,11,1.2294562863483547,1.2355191095793912,2.0659685678270585,1.841034734367164,1.2294562863483547
1176,34369483,u,2,0.04314737213123543,0.03373775093173048,0.03373775093173048,0.00021780198100258447,0.04314737213123543
1177,34512651,g,3,-0.8968100797781001,0.011240472117500233,0.09223497388414548,0.8690071616160235,-0.8968100797781001
1178,34512651,i,7,-1.7309979503099067,0.05893333967610159,0.250570994310392,3.1913270941133263,-1.7309979503099067
1179,34512651,r,8,-0.88285261349988,0.11551425699109791,0.2080276421394629,0.892959140468444,-0.88285261349988
1180,34665259,g,6,-0.3508254046872966,0.16088090471230831,0.3868047414158523,0.12166079436617498,-0.3508254046872966
1181,34665259,i,9,-2.1815438558209532,0.6110882853505288,0.7053891377628239,5.0458384431561125,-2.1815438558209532
1182,34665259,r,8,-1.2154619343080224,0.28693429961423667,0.3926990660397103,1.3377658762480733,-1.2154619343080224
1183,34759790,g,9,-2.1295107467024446,0.3828991812992957,0.6617723199703105,2.3027987265455923,-2.1295107467024446
1184,34759790,i,18,-1.5362258476250374,0.260647292589248,0.5052754161333799,1.6146153748922554,-1.5362258476250374
1185,34759790,r,20,-1.476675606525364,0.35299537804465353,0.73581873574177,1.049776675377243,-1.476675606525364
1186,34759790,u,7,-2.893538182332451,0.020177459509563178,0.023144206605266504,3.1309274523942547,-2.893538182332451
1187,34803417,g,3,0.7511764039622557,0.494202214144996,0.953519277424605,0.8207353966399604,0.7511764039622557
1188,34803417,i,8,0.4935281873660766,0.4280168636874547,0.9983681216828193,0.847442990137211,0.4935281873660766
1189,34803417,r,9,1.7345023724334323,0.46312975130467726,1.870485289417204,1.535991358727178,1.7345023724334323
1190,34803417,u,2,-0.9970374509111071,0.7846549912289806,0.7846549912289807,0.11829563342420259,-0.9970374509111071
1191,34832983,g,10,-0.9673836743860944,0.8295895438096321,2.7105358005053004,2.75549190307461,-0.9673836743860944
1192,34832983,i,22,-0.6376113028977063,0.5747498460901601,1.116977810140398,1.1455399113879485,-0.6376113028977063
1193,34832983,r,22,-0.6359573262238241,0.5271503168556158,1.1597865803496399,1.3560517012214683,-0.6359573262238241
1194,34832983,u,7,-1.9534052186267505,0.22047877045722553,0.5445944410754924,0.6648168987013884,-1.9534052186267505
1195,34877386,g,4,-0.23127117509824818,0.0362031583256478,0.11345945213345779,0.07024998502676495,-0.23127117509824818
1196,34877386,i,14,-1.3343063961439434,0.2007670847219899,0.6512412020326602,1.4412628642672582,-1.3343063961439434
1197,34877386,r,13,-0.790761318713912,0.23531122929029535,0.46472702850130476,0.4677313183577488,-0.790761318713912
1198,35001123,i,4,-0.4886017552602516,0.23605328865411435,0.5169089586758697,0.41015688128513084,-0.4886017552602516
1199,35001123,r,7,0.22080598473044422,0.11712934120544594,0.29564299527322513,0.15268246092812196,0.22080598473044422
1200,35009245,g,13,-0.9918964280278497,0.05721394916352329,0.075540479083682,0.9657037809385596,-0.9918964280278497
1201,35009245,i,22,-0.41809930785525595,0.3836170635210197,0.9235362897779562,0.6410256768957727,-0.41809930785525595
1202,35009245,r,18,-0.4795595011044618,0.08864999402526502,0.16027166179542385,0.28672924647719084,-0.4795595011044618
1203,35009245,u,7,-1.8563233211846617,0.03157175008412283,0.03956737529728227,0.5014507716306119,-1.8563233211846617
1204,35030553,g,6,-1.6023557718096546,0.1066803364581963,0.17824253280081837,0.9467032013676872,-1.6023557718096546
1205,35030553,i,10,-0.5386234799107872,0.012601227111155744,0.031149261466479006,0.1573129724686114,-0.5386234799107872
1206,35030553,r,14,-0.8245308037738186,0.06464039637916574,0.15930868175195734,0.2795701470877137,-0.8245308037738186
1207,35052852,i,4,-1.0749083856975603,0.025494287693287654,0.27825772601130716,0.8169543843754579,-1.0749083856975603
1208,35052852,r,9,-0.5276587945147031,0.11896664200076978,0.3588401183590099,0.21679672307755318,-0.5276587945147031
1209,35052852,u,3,-0.6813274475877502,0.049552850756846345,0.08340537332915032,0.09699924253834037,-0.6813274475877502
1210,35056946,i,6,-2.3323657077057285,0.07924191683023074,0.12103469256873156,7.687533035604379,-2.3323657077057285
1211,35056946,r,6,-1.836931643272788,0.3435201313044606,0.8209307651332796,3.827178549655656,-1.836931643272788
1212,35064029,g,3,-0.5762055348337842,0.2768436621383784,0.4102175447640331,0.4849806352569935,-0.5762055348337842
1213,35064029,i,4,-1.4213350338077926,0.115818812977588,0.20464767856424015,2.307939661534589,-1.4213350338077926
1214,35064029,r,6,-0.9554843235865087,0.15995298684028852,0.37005857999942393,1.013028481054287,-0.9554843235865087
1215,35067522,g,3,-0.8686394882652337,0.26439293816284526,0.35207512590182266,1.0539013844516294,-0.8686394882652337
1216,35067522,i,12,-0.7756494842172879,0.14279013204694058,0.25160563776741873,0.8694724814813699,-0.7756494842172879
1217,35067522,r,11,-0.6788785597010527,0.06645610380824196,0.21410550994028554,0.7030492284298093,-0.6788785597010527
1218,35101653,g,3,-0.804907177772603,0.16779118251401048,0.48271900611381713,0.710460723470454,-0.804907177772603
1219,35101653,i,14,-2.044634799987943,0.20844440597220104,0.616281079199968,4.882632946532647,-2.044634799987943
1220,35101653,r,12,-1.2729376240958454,0.0595499753789559,0.09485260578299859,1.4732558397006243,-1.2729376240958454
1221,35114515,g,2,-1.0345748298084085,0.0323850435474311,0.0323850435474311,1.0237399297605596,-1.0345748298084085
1222,35114515,i,3,-0.8338660302269989,0.009071144940267617,0.03218986996152884,0.7942313709762202,-0.8338660302269989
1223,35114515,r,6,-0.614279925699874,0.11981435590873898,0.21686944958663124,0.3627469349360108,-0.614279925699874
1224,35178476,g,6,-0.584192717813546,0.03168121716834593,0.05489777475318558,0.48853417136919414,-0.584192717813546
1225,35178476,i,20,-1.6782665136773218,0.3461605808278603,0.6433344710571138,3.1786771891346217,-1.6782665136773218
1226,35178476,r,24,-1.0941796786155438,0.17139134466004013,0.36255389995315923,1.1542579976390261,-1.0941796786155438
1227,35282112,g,8,0.5404469834937852,0.1515088389720594,0.31298432306578206,0.4573375214459443,0.5404469834937852
1228,35282112,i,18,-1.88736406463947,0.42293808998514915,1.1978818980268562,3.0749408262366167,-1.88736406463947
1229,35282112,r,16,0.36674855436478815,0.2882323664224758,0.9007410667017881,0.3948925185669455,0.36674855436478815
1230,35399937,i,7,0.229412434996642,0.15037862621626435,0.2852868073314607,0.076994171247512,0.229412434996642
1231,35399937,r,4,-0.07969362060738605,0.048258097556210355,0.14480281259951774,0.019309370256086374,-0.07969362060738605
1232,35442633,i,5,-2.47171558942707,0.29191084615373786,0.4857172113633621,4.680263363228707,-2.47171558942707
1233,35442633,r,8,-2.081914944003711,0.21247158439990943,0.4635060331638623,2.365867221608954,-2.081914944003711
1234,35445686,g,7,-0.14205878811016787,0.07838139332855315,0.11053281571603157,0.05082722347473021,-0.14205878811016787
1235,35445686,i,9,-1.3330391015695109,0.25735487442797145,0.8961984066968764,1.544101312965322,-1.3330391015695109
1236,35445686,r,12,-0.427484137203046,0.1550384216160596,0.24933363614136747,0.1692106656431465,-0.427484137203046
1237,35453656,i,6,-0.7556349685809589,0.06358857641910381,0.12482425849942691,0.7849606748669343,-0.7556349685809589
1238,35453656,r,4,-0.6350737705242429,0.04011320368264698,0.07095947418819193,0.6161601423000999,-0.6350737705242429
1239,35553092,g,7,-1.0299195935907814,0.17379727612015994,0.29896369491835184,1.3272373139804192,-1.0299195935907814
1240,35553092,i,25,-1.3232258455185137,0.32742675413886957,0.7451905612766889,1.6746097961353217,-1.3232258455185137
1241,35553092,r,25,-0.6948035019437433,0.10366948686682997,0.45693048226037347,0.7041738559089632,-0.6948035019437433
1242,35572113,g,2,-0.2977254336683255,0.13194411555676155,0.13194411555676155,0.1399384413240159,-0.2977254336683255
1243,35572113,i,18,-1.4898239982487094,0.4030920570514651,0.8749679441129017,3.2336964411325817,-1.4898239982487094
1244,35572113,r,21,-1.218194794320236,0.41699302083296597,0.9763736822693754,1.6623625731337697,-1.218194794320236
1245,35619111,i,3,-1.6361611543776202,0.16102856591971126,0.2533290262791279,3.267902185171433,-1.6361611543776202
1246,35619111,r,9,-1.5389662446046852,0.0899798865330832,0.30686158123928986,3.1224032582037786,-1.5389662446046852
1247,35619647,g,4,-0.32152240563616097,0.024879353388110204,0.04755743377129651,0.05397865037398226,-0.32152240563616097
1248,35619647,i,8,-0.2710786401679188,0.0731796321443452,0.12041004185402338,0.04072392945604894,-0.2710786401679188
1249,35619647,r,7,-0.31801640492045147,0.026959546053521688,0.04337343246677339,0.03960306007290864,-0.31801640492045147
1250,35643797,i,10,-2.125883123949307,0.15433727276627096,0.2967569509427621,5.162414399227346,-2.125883123949307
1251,35643797,r,7,-1.5087811342638258,0.044799504967621306,0.11091744009775506,3.300953058765779,-1.5087811342638258
1252,35775506,g,3,-0.11503845228529497,0.0573263773499626,0.07247474160223988,0.010945374174277857,-0.11503845228529497
1253,35775506,i,10,-0.9781763384394921,0.32979032610969394,0.872813919340411,0.9484420204276646,-0.9781763384394921
1254,35775506,r,9,-0.7095047675713775,0.09217159969545452,0.5514787877851048,0.3726567461499801,-0.7095047675713775
1255,35815249,g,2,-1.6708310958060224,0.224770726648424,0.224770726648424,1.3140024814713884,-1.6708310958060224
1256,35815249,i,14,-2.3467096962567826,0.29160131247928844,0.568885988240023,4.435929784322912,-2.3467096962567826
1257,35815249,r,14,-1.9227245455367938,0.251951471199671,0.5966392849792759,1.7730276683417079,-1.9227245455367938
1258,35888029,g,2,-1.1727780909950944,0.2910032225993325,0.2910032225993324,1.1823130195451,-1.1727780909950944
1259,35888029,i,6,-1.4977430867444672,0.23345248034944122,0.44727173419149224,2.4522516063589435,-1.4977430867444672
1260,35888029,r,4,-1.3023417869050724,0.15770484978218546,0.3127699632990588,1.933850739076221,-1.3023417869050724
1261,35898616,g,4,-0.9559653334315446,0.07625447946432695,0.14265624757638307,0.6974451822804849,-0.9559653334315446
1262,35898616,i,16,-1.1921322276189055,0.09958588782112232,0.19875884187941395,1.1567281287476763,-1.1921322276189055
1263,35898616,r,17,-0.8789119028222634,0.053560152824432494,0.21027781275421753,0.7249493483868129,-0.8789119028222634
1264,35948728,g,3,-0.6110525806820524,0.1405961709138115,0.18479247562188938,0.3209272753165797,-0.6110525806820524
1265,35948728,i,19,-2.211191823794867,0.34333782287163217,0.6911838209457772,5.735667985642657,-2.211191823794867
1266,35948728,r,20,-1.6078580933716486,0.2194093618384957,0.44866080320232116,2.9083011635155254,-1.6078580933716486
1267,3596694,i,6,-1.4058764033298663,0.07905442795302653,0.1868250278744732,1.4459606805347203,-1.4058764033298663
1268,3596694,r,9,-0.45030117118491697,0.25620577012030266,0.4137931290168275,0.20555847909922112,-0.45030117118491697
1269,35981614,g,7,-0.5595561287240314,0.14232583243023234,0.5782623407933792,0.7470646356970835,-0.5595561287240314
1270,35981614,i,20,-0.28698506476641816,0.058905469427741164,0.43297303798598263,0.3769106085268203,-0.28698506476641816
1271,35981614,r,18,-0.32496084969976813,0.14728218629349826,0.33590732069045826,0.3752382287456587,-0.32496084969976813
1272,35981614,u,5,-1.6775933444032374,0.26423134821753,0.38520372961730454,0.6590675221814062,-1.6775933444032374
1273,35983908,g,7,-1.229803220626768,0.008238605560154433,0.07904035964868417,1.1913943904939448,-1.229803220626768
1274,35983908,i,21,-0.633084135138001,0.1158877786947512,0.5581379983987469,0.2508743051592568,-0.633084135138001
1275,35983908,r,19,-0.6453905003499572,0.04431012838691162,0.1068737285798218,0.2675809202092406,-0.6453905003499572
1276,35983908,u,6,-2.3191845172142824,0.12646009970244765,0.23135544609381808,0.729096012358553,-2.3191845172142824
1277,3620984,g,3,-1.1188189559464814,0.15904300945032945,0.17184490711932576,1.2318049365044141,-1.1188189559464814
1278,3620984,i,7,-1.1009233368453069,0.23316694940562255,0.47415673150414905,1.8905183474245728,-1.1009233368453069
1279,3620984,r,14,-0.746421939816871,0.11440039292423104,0.22854051764954741,0.8311090332307709,-0.746421939816871
1280,36216094,i,12,-1.9457093645192727,0.11848362270900314,0.2325303603966511,4.742261509219367,-1.9457093645192727
1281,36216094,r,8,-1.3720055691483923,0.1018649318508037,0.1611507708811668,2.69007099622824,-1.3720055691483923
1282,36264538,i,7,-0.8430018848123513,0.09404348264886764,0.23876264056924268,0.6890226577503314,-0.8430018848123513
1283,36264538,r,8,-0.380679190076047,0.06805167618779084,0.13724339687495257,0.23182876875727823,-0.380679190076047
1284,36307680,g,7,-0.2658169366654614,0.7407080540747342,0.8271088824583377,0.631542704911533,-0.2658169366654614
1285,36307680,i,25,-0.34924338815379685,0.9474975775940012,1.8493815576708847,1.2345044169069703,-0.34924338815379685
1286,36307680,r,23,-0.005943814353840254,0.7764524668683064,1.624841193457677,0.8498826354099451,-0.005943814353840254
1287,36307680,u,5,-0.3786007651561709,0.3388336349861256,1.1405693776448929,0.6778328157621811,-0.3786007651561709
1288,36360070,g,2,-0.7967011539017963,0.004112763216414794,0.004112763216414739,0.47614152065448767,-0.7967011539017963
1289,36360070,i,13,-1.2241042614238387,0.2271006415885043,0.5751192234906708,1.7201976296965709,-1.2241042614238387
1290,36360070,r,10,-1.1663673692464513,0.2525869544244926,0.4297230634656526,1.352398800835583,-1.1663673692464513
1291,3641937,g,4,-1.1029217384543637,0.09783517935577196,0.16339703186213672,1.4677162873417844,-1.1029217384543637
1292,3641937,i,25,-2.299633981853409,0.3305234553206706,0.5184936238018363,5.296003746192746,-2.299633981853409
1293,3641937,r,19,-1.4304793716465074,0.26863660457090477,0.48315401407159575,1.6909682963385475,-1.4304793716465074
1294,36431779,g,10,-0.7978693239810045,0.09632858899990554,0.17698353553673585,0.5891948642760111,-0.7978693239810045
1295,36431779,i,35,-1.461811660078977,0.28108069082342513,0.7545593504674316,1.651879685970742,-1.461811660078977
1296,36431779,r,38,-0.9131105946415687,0.15168675205026,0.3000263896245996,0.8389724468798936,-0.9131105946415687
1297,36431779,u,3,-1.2170944755128632,0.10759718267929097,0.22617189658796089,0.17831973407637483,-1.2170944755128632
1298,36612260,g,5,-0.6538826111921326,0.3704781133657663,0.5315902908602457,0.40936546376302785,-0.6538826111921326
1299,36612260,i,13,-1.7137659377826706,0.2831861391913155,0.47170399501919213,3.2886700262753332,-1.7137659377826706
1300,36612260,r,19,-1.0783162582279133,0.14185945375592923,0.33433274462877827,1.0147077746579434,-1.0783162582279133
1301,3697451,i,15,-3.0339772697636436,0.47335398071989143,0.879588300736494,8.648169371632823,-3.0339772697636436
1302,3697451,r,8,-1.6335074708243695,0.21178882345709438,0.47356242790982606,3.145631391392745,-1.6335074708243695
1303,37034899,g,5,-0.5442896978976721,0.018780950273224017,0.044132994181073526,0.2782802538945587,-0.5442896978976721
1304,37034899,i,16,-1.2035387992095354,0.20617170439754995,0.5554020903687815,1.3804822914646238,-1.2035387992095354
1305,37034899,r,17,-0.695842406126865,0.08639542416166879,0.30576271767962604,0.47860676084827747,-0.695842406126865
1306,37034899,u,4,-0.7838517008418271,0.09060000165602788,0.182795903225895,0.09016824409955104,-0.7838517008418271
1307,3707932,g,3,-0.8743151898527108,0.04574149638288483,0.08049440712541145,0.6113570185939979,-0.8743151898527108
1308,3707932,i,4,-0.34477462133148334,0.11350743728032081,0.1786633179425116,0.19357644916013128,-0.34477462133148334
1309,3707932,r,6,-0.47848388339279707,0.09752920046265673,0.22843787773115676,0.42916161581660467,-0.47848388339279707
1310,3707932,u,3,-2.0657153513971687,0.0633916427572303,0.3677167499030738,0.2642773895854968,-2.0657153513971687
1311,3708130,g,2,-1.1058161556044805,0.23448131705985165,0.23448131705985154,0.45484040066964315,-1.1058161556044805
1312,3708130,i,7,-2.8485736430563744,0.15938740574376054,0.28825869376529045,6.294306704531185,-2.8485736430563744
1313,3708130,r,9,-1.9963951627674756,0.1358595181279303,0.21986108883012934,2.554242345687715,-1.9963951627674756
1314,37089098,g,5,-0.6127241608796914,0.1268119910218659,0.19010804282887606,0.3839211470225783,-0.6127241608796914
1315,37089098,i,10,-0.30958451972967055,0.05017882025175441,0.11337564322682242,0.08827908828864435,-0.30958451972967055
1316,37089098,r,8,-0.09677036539582617,0.07697332261167492,0.16638845549046843,0.02552706205407268,-0.09677036539582617
1317,37089098,u,3,-1.4441233388976906,0.4491264595030766,0.48718184545736265,0.5692347169449231,-1.4441233388976906
1318,3714176,g,3,-0.6157789714627969,0.04682779317237029,0.14335363769948772,0.413621755850399,-0.6157789714627969
1319,3714176,i,4,-1.2714906295889052,0.042969052751196335,0.09999942109404913,1.900611218519359,-1.2714906295889052
1320,3714176,r,9,-0.8735924913900861,0.06121734845546967,0.08881092744053753,1.0326633725016088,-0.8735924913900861
1321,37361934,g,2,-0.1715367175056497,0.0010483528943876497,0.0010483528943876497,0.04008470920821511,-0.1715367175056497
1322,37361934,i,9,-0.6613622357686936,0.12665693338729767,0.22591552042435015,0.6937854035328326,-0.6613622357686936
1323,37361934,r,5,0.050451694989494755,0.11887634952353252,0.13487159237145815,0.06136815315743803,0.050451694989494755
1324,37373378,g,7,-0.7040839983820452,0.2481203471824177,0.6263888504448414,0.8545074079925882,-0.7040839983820452
1325,37373378,i,16,0.10119174704923159,0.48530701553341976,0.9504448817742251,0.22079580723014516,0.10119174704923159
1326,37373378,r,16,-0.05816422790870246,0.23506534312826396,0.6382035610855601,0.14128848724538492,-0.05816422790870246
1327,37373378,u,5,-2.691443136868696,0.11223298847243468,0.8607100371577765,0.9624578982200565,-2.691443136868696
1328,37435452,g,5,-0.8240377875683772,0.05109856852496708,0.16843240083014377,0.7555246956267465,-0.8240377875683772
1329,37435452,i,11,-1.2429916529037353,0.13331054390593278,0.2527961205938756,1.581061640158338,-1.2429916529037353
1330,37435452,r,12,-0.9009952625017643,0.11650830009487578,0.22497449255351543,0.9974438360459822,-0.9009952625017643
1331,37470712,g,7,-0.6567024291054739,0.18786757571028412,0.3619643768186056,0.3184578491745082,-0.6567024291054739
1332,37470712,i,22,-0.8008815628098659,0.32443905670003714,1.0050040630440094,0.8041023683101954,-0.8008815628098659
1333,37470712,r,24,-0.33394228624510175,0.41302089237101364,0.786466423255464,0.5372607352612485,-0.33394228624510175
1334,37470712,u,6,-1.3423235330435477,0.21928657799682316,0.4036399199256371,0.9654679916216818,-1.3423235330435477
1335,37479697,i,12,-2.0148534421439823,0.04260130819063668,0.07681157456400611,4.9267374070372965,-2.0148534421439823
1336,37479697,r,8,-1.6129111867844461,0.1720753704324791,0.3410686425293197,2.867311489585356,-1.6129111867844461
1337,37494732,i,4,-1.3023774173697542,0.20620100727637225,0.3813112336420208,2.1044998656616882,-1.3023774173697542
1338,37494732,r,8,-1.1469357325339042,0.13891116673764875,0.23392440805198977,1.2500246019004244,-1.1469357325339042
1339,37561356,i,13,-1.3508096601178112,0.20438880190377495,0.34301756335566,1.860490995985284,-1.3508096601178112
1340,37561356,r,9,-1.1620214000113378,0.259755905175195,0.39226381296762525,1.1976064133141322,-1.1620214000113378
1341,37645377,g,6,-1.636842148997221,0.11393871754988427,0.20076575000543184,2.1503195379829942,-1.636842148997221
1342,37645377,i,13,-2.179303273907297,0.18529010161105752,0.5760575684042448,2.72702933837195,-2.179303273907297
1343,37645377,r,17,-1.8216251586681333,0.4871056445314834,0.838379553738033,1.6178950277284774,-1.8216251586681333
1344,37692399,g,9,-0.9182999115147481,0.028885546920440985,0.1079733882616869,0.9071920242140273,-0.9182999115147481
1345,37692399,i,16,-0.9477156327824676,0.24596243618942304,0.448381544200932,0.796154214097518,-0.9477156327824676
1346,37692399,r,17,-0.5849630848309819,0.2909292504890655,0.39565594546335153,0.3723932103658199,-0.5849630848309819
1347,37692399,u,7,-1.707082756001705,0.045594891948171234,0.06096477671527367,0.4141794872887447,-1.707082756001705
1348,38027915,i,9,-1.407837729507487,0.046262445049543466,0.0695478247543384,2.71529934147803,-1.407837729507487
1349,38027915,r,7,-1.0802293274890933,0.03415026312591274,0.19164832819117494,1.7208952948260954,-1.0802293274890933
1350,38046820,g,4,-1.2080871814563534,0.03650024862284762,0.06471558303814073,0.6886501681645684,-1.2080871814563534
1351,38046820,i,14,-1.278430298764923,0.12333819568102389,0.2287787830690482,1.2729409236100584,-1.278430298764923
1352,38046820,r,9,-1.0537122755414403,0.04534753137498315,0.08243860233952738,0.6088724587453945,-1.0537122755414403
1353,38075178,i,9,-1.4759736195893942,0.10165649749694117,0.1265807130633918,2.5470746421999686,-1.4759736195893942
1354,38075178,r,4,-0.710952479149843,0.008169534724070171,0.05390868668380455,0.7135349852833772,-0.710952479149843
1355,38140254,i,6,-1.8632930420423937,0.038876774008554604,0.06102772445749882,3.722640680187789,-1.8632930420423937
1356,38140254,r,4,-1.4024010450819877,0.1505687833513507,0.2955518248866982,2.7274145485455055,-1.4024010450819877
1357,38156388,i,4,-0.28819580323846883,0.22804607937732077,0.4110389670004764,0.27977225061762,-0.28819580323846883
1358,38156388,r,7,-0.08580054675556775,0.025207254663665524,0.061237129959813064,0.05851533699890816,-0.08580054675556775
1359,38198440,g,6,-2.0379923822861756,0.106332476856972,0.18918888952296342,3.545358873264252,-2.0379923822861756
1360,38198440,i,16,-1.5681861285578134,0.25323253986303296,0.598030237391787,1.3296847213828134,-1.5681861285578134
1361,38198440,r,16,-1.5089916510583774,0.4551724706858178,0.933578093199773,1.3761341604716613,-1.5089916510583774
1362,38198440,u,6,-3.2263561831105845,0.05472606867479213,0.09479177123727212,1.8333888052442215,-3.2263561831105845
1363,3826043,g,5,-1.704620476060387,0.0770891696510505,0.15645320435633603,2.0210702780771057,-1.704620476060387
1364,3826043,i,12,-1.0602663691677021,0.15648233090711627,0.3974812738060729,0.8071671059493454,-1.0602663691677021
1365,3826043,r,12,-0.9932709541754736,0.21085389332870264,0.609412390631155,0.7522199273637221,-0.9932709541754736
1366,38376202,g,2,-0.13605426552687852,0.04811495767169524,0.04811495767169523,0.029229172969035565,-0.13605426552687852
1367,38376202,i,6,-1.0911611999455113,0.12913804726603184,0.19521710066024722,1.7800423806258052,-1.0911611999455113
1368,38376202,r,8,-0.8640984963378647,0.07526689022494537,0.164402120469746,0.8820205720755535,-0.8640984963378647
1369,38569400,g,6,-0.5789330889079253,0.030241159449341914,0.055385726675987845,0.2838033440703085,-0.5789330889079253
1370,38569400,i,28,-1.7263168022792172,0.16027512031448654,0.394066706909896,2.503779896876792,-1.7263168022792172
1371,38569400,r,27,-0.9655240730242105,0.13456489572823438,0.281969408960106,0.7798317896068776,-0.9655240730242105
1372,3859136,g,4,-2.407109852818858,0.07950848509486286,0.14315161437384782,2.6913171803470606,-2.407109852818858
1373,3859136,i,8,-1.5154769103662895,0.14633876256113432,0.43868596866240117,1.2966955640161837,-1.5154769103662895
1374,3859136,r,13,-1.368904049479412,0.36190854825893193,0.6984806792717717,1.1503504740388286,-1.368904049479412
1375,3859136,u,2,-2.9909793681291728,0.0045637406861924745,0.0045637406861924745,2.2403110043179755,-2.9909793681291728
1376,38702872,g,4,-0.5949623388190567,0.08271156161527943,0.17462124923231725,0.5017810702317261,-0.5949623388190567
1377,38702872,i,18,-0.2692228599565841,0.1324548967840593,0.4473600303272097,0.2780632512455214,-0.2692228599565841
1378,38702872,r,11,-0.424587485408744,0.03756358346963995,0.7633942913167886,0.2188457501477482,-0.424587485408744
1379,3876270,i,8,-1.8604857114247353,0.18898895469207888,0.4024810879214249,4.627243908725763,-1.8604857114247353
1380,3876270,r,4,-1.1027139797013783,0.06322080818125975,0.15203070135642482,1.3724469310892857,-1.1027139797013783
1381,38766189,g,2,-0.6781928737624149,0.17160292682179945,0.17160292682179956,0.6653900895430725,-0.6781928737624149
1382,38766189,i,26,-2.696748867921074,0.7751743339974644,1.6067731801370375,7.792913761088314,-2.696748867921074
1383,38766189,r,11,-1.2849305527045574,0.20795855289286846,0.791045887674527,2.3162137781213588,-1.2849305527045574
1384,38847103,g,2,-2.5453231489663097,0.34208162791855434,0.3420816279185539,3.341954867866447,-2.5453231489663097
1385,38847103,i,7,-2.940154449527696,0.14873780582700125,0.5504474430699355,4.911076936255401,-2.940154449527696
1386,38847103,r,6,-2.7326210585410067,0.1831941249468385,0.3375836866298618,2.8106831862890416,-2.7326210585410067
1387,3901259,g,5,-3.0764175904029516,0.0536105798561719,0.10622052960755113,2.679411725909445,-3.0764175904029516
1388,3901259,i,16,-2.3822571178522494,0.1240283740991377,0.1564087820747999,3.5174186361504525,-2.3822571178522494
1389,3901259,r,16,-2.2646711548208085,0.29745721202690834,0.6740171590564938,2.019129750513803,-2.2646711548208085
1390,39417130,g,5,-1.0492773914534423,0.16579547691401308,0.17914144352469852,1.2259746883397016,-1.0492773914534423
1391,39417130,i,14,-0.47576779981526907,0.18630626443299303,0.6685252410563257,0.7948708063854804,-0.47576779981526907
1392,39417130,r,8,-0.4240530742957539,0.14580072677848066,0.3241500493979146,0.1981873638418007,-0.4240530742957539
1393,39417130,u,4,-1.94915825982415,0.23287761438976573,0.5974012678694267,0.43597853053521346,-1.94915825982415
1394,39496697,g,7,-1.8951545858362637,0.03888098875073087,0.07292587537031103,1.453666731225215,-1.8951545858362637
1395,39496697,i,17,-1.6754976985214132,0.11269051001034658,0.17461926472760103,2.0926245651380437,-1.6754976985214132
1396,39496697,r,17,-1.3927884984935743,0.1303363687187562,0.23877390889023453,0.9908820007594473,-1.3927884984935743
1397,39496697,u,6,-2.3631824378443524,0.0458486610027764,0.07873359452311668,3.3587307630679164,-2.3631824378443524
1398,39581738,g,3,-0.4412396830932461,0.01903754138360947,0.040992635876707206,0.1368529488420019,-0.4412396830932461
1399,39581738,i,12,0.012157165267407233,0.7386859425575627,1.1008025409365783,0.5717356601133475,0.012157165267407233
1400,39581738,r,11,-0.547405811980209,0.2676231139430568,0.4186523555097908,0.3866613269852602,-0.547405811980209
1401,39819506,g,6,-0.6781266312428271,0.07747459976904492,0.13934218880672244,0.41885503719249445,-0.6781266312428271
1402,39819506,i,18,-1.1123266567293668,0.2835915523098462,0.573464088089721,1.2611811607351133,-1.1123266567293668
1403,39819506,r,22,-0.8437514212617254,0.1453016106634787,0.31267597835331906,0.5915494628991887,-0.8437514212617254
1404,39869015,g,3,-0.39499496952727464,0.0028441619558835507,0.0800232971151062,0.2873147495295488,-0.39499496952727464
1405,39869015,i,7,-0.5833404516999301,0.20699176229945804,0.42513684770961424,0.4437251121792639,-0.5833404516999301
1406,39869015,r,9,-0.08378932875337586,0.15705378904547224,0.19459282080143747,0.11350227905475026,-0.08378932875337586
1407,39914788,g,12,-2.015466128984035,0.08874804647706225,0.32098468703518157,1.9178043997205645,-2.015466128984035
1408,39914788,i,36,-1.0879439224580767,0.22543780509233025,0.8362474384701574,0.6939479774539461,-1.0879439224580767
1409,39914788,r,38,-1.1304664591201457,0.3471664784114883,0.8610936813305683,0.6490606173949566,-1.1304664591201457
1410,39914788,u,6,-2.6838042933857444,0.2267613863812703,0.36749002070326897,2.63336788137921,-2.6838042933857444
1411,39970011,g,3,-0.6957509440642252,0.13991304537374005,0.3197263128915232,0.34314097804460525,-0.6957509440642252
1412,39970011,i,7,-1.4539386344477765,0.0280375705808682,0.1304392860836403,2.494822870073723,-1.4539386344477765
1413,39970011,r,6,-0.9940688972119532,0.08754363510441132,0.14222638823913547,0.9777655158508224,-0.9940688972119532
1414,39980303,i,6,-0.13164646431992078,0.13604966371752764,0.2326401781231365,0.12701165047513066,-0.13164646431992078
1415,39980303,r,7,-0.12198830293175156,0.26157829486234785,1.1653395525062118,0.6202105977632107,-0.12198830293175156
1416,39996993,g,3,-0.64800525720473,0.6613302355509326,1.3128227803800119,1.1875058237782623,-0.64800525720473
1417,39996993,i,14,-0.05718578871447194,0.4184758757055492,0.7709168137170881,0.4583483925970849,-0.05718578871447194
1418,39996993,r,10,-0.12558599842005663,0.36837717759406463,0.5271764845426398,0.7778288924340545,-0.12558599842005663
1419,39996993,u,3,-1.6363428197152854,0.0961560528538743,0.9062891028104085,0.15005473840759173,-1.6363428197152854
1420,4001720,g,4,-1.7387836576514037,0.14034657497893432,0.45588269867848763,0.7865132101829898,-1.7387836576514037
1421,4001720,i,6,-1.0233147244807173,0.0414373437311345,0.1936757846501448,0.8169206987786768,-1.0233147244807173
1422,4001720,r,8,-0.6812488569703028,0.055743002333342506,0.4714357516846026,0.36200446102256656,-0.6812488569703028
1423,40053728,g,5,-0.35116639294054286,0.14504130192243592,0.31626236926881646,0.13883839573570467,-0.35116639294054286
1424,40053728,i,6,0.03194451273612045,0.3190681064680785,0.5458973009307471,0.15868097418451985,0.03194451273612045
1425,40053728,r,4,0.006340114099536581,0.06453712755091146,0.16589959587550934,0.01064630334093515,0.006340114099536581
1426,40053728,u,2,-1.5249506513397957,0.05294668710267714,0.052946687102676915,0.3774619772837996,-1.5249506513397957
1427,40113095,g,4,-1.6509467943897658,0.0180891515982875,0.04656238731049411,0.6991155132799487,-1.6509467943897658
1428,40113095,i,11,-1.4884907039543576,0.03598188852475559,0.0611008333776375,1.556348597215687,-1.4884907039543576
1429,40113095,r,9,-1.1600220413811364,0.07523227009758893,0.23505360883914328,0.51050786458631,-1.1600220413811364
1430,4015551,g,6,-2.3921660810147753,0.15498574908739893,0.29848924044462377,1.5189432154560902,-2.3921660810147753
1431,4015551,i,12,-1.7809689947846856,0.06916098771241508,0.1319684687683993,2.397909115177532,-1.7809689947846856
1432,4015551,r,15,-1.5760409392190788,0.12586342818717,0.23212867727132158,1.1198168499860677,-1.5760409392190788
1433,4015551,u,4,-2.784303449043457,0.11047416402332022,0.146339600246292,2.0575386332300427,-2.784303449043457
1434,40173841,g,3,-0.5013264124454087,0.05072067999577179,0.0960125526157114,0.2588534515307054,-0.5013264124454087
1435,40173841,i,6,-0.9973327826104087,0.060046647381837515,0.09412716295404855,1.2103900029496222,-0.9973327826104087
1436,40173841,r,11,-0.6929790642459001,0.14300575095707335,0.314037848931787,0.5074807587420618,-0.6929790642459001
1437,40221614,g,9,-1.265918971508236,0.2854088798285712,0.4027242998279179,1.4524030364955751,-1.265918971508236
1438,40221614,i,20,-0.40888540946451135,0.5727204627501906,1.14887295066481,0.4734369812228498,-0.40888540946451135
1439,40221614,r,22,-0.629977151270799,0.31475233082611576,0.7558783596008072,0.5127411058663971,-0.629977151270799
1440,40221614,u,5,-1.500987437878531,0.8152561327812329,1.5428616704960407,0.27360935383342266,-1.500987437878531
1441,4028990,i,11,-0.3970544438925774,0.25451778111007217,0.34670707415873425,0.22430982532791593,-0.3970544438925774
1442,4028990,r,9,0.017759716886595944,0.09417201945038012,0.2087250056992418,0.053875702369747855,0.017759716886595944
1443,40303416,g,6,-0.09785061434344106,0.3339253944588962,0.6918061257345547,0.33530263038428326,-0.09785061434344106
1444,40303416,i,11,-0.512948816287503,0.060434236682883946,0.21772081701784013,0.43940021225785786,-0.512948816287503
1445,40303416,r,16,-0.390720358126072,0.22397550737721883,0.8091054179473369,0.2866526204939331,-0.390720358126072
1446,40303416,u,8,-1.965742867071014,0.0604601287543296,0.9081451406008025,0.36855102267600304,-1.965742867071014
1447,40315304,g,6,-0.4369073075087857,0.1252743525516072,0.2029732021270121,0.26354337521167387,-0.4369073075087857
1448,40315304,i,15,-1.3845948925229097,0.39188257573307994,0.6955068396446111,2.631128850155889,-1.3845948925229097
1449,40315304,r,18,-1.0207364135816308,0.17049787783456627,0.3987355055294268,1.149364299093377,-1.0207364135816308
1450,40379679,g,8,-1.4678724191020902,0.2234169853271757,0.5258423573256523,1.8535112850936264,-1.4678724191020902
1451,40379679,i,30,-0.9428148215826234,0.49897358811272546,1.3082823538081825,0.9063881155034819,-0.9428148215826234
1452,40379679,r,21,-0.5822854989239625,0.4498182973311544,0.8997471280854312,0.4497118043190094,-0.5822854989239625
1453,40379679,u,5,-2.1902073139552036,0.30732168673448923,0.6982920294250965,0.9215404415654984,-2.1902073139552036
1454,40460970,g,3,-1.018472461032288,0.08273214920790517,0.19509757156345986,0.6157921394234817,-1.018472461032288
1455,40460970,i,11,-2.4662796518004555,0.6853565351426658,1.1111733223004383,4.940096368388558,-2.4662796518004555
1456,40460970,r,12,-1.853883358482805,0.2692285968559811,0.6538053169765623,2.374085047033158,-1.853883358482805
1457,40508776,g,13,-1.1005289569192338,0.7646136966987791,1.5405333427823098,1.6248560112001291,-1.1005289569192338
1458,40508776,i,21,-1.7028387065388921,0.6505425112056864,1.2758703960565692,2.666406466536048,-1.7028387065388921
1459,40508776,r,16,-0.7067285162588566,0.5558303233448472,1.4206927822784414,0.939184790686829,-0.7067285162588566
1460,40532254,g,2,-0.932225588546328,0.16215086751873203,0.1621508675187321,0.952329196587117,-0.932225588546328
1461,40532254,i,4,-1.0704114257360695,0.08394273046093381,0.2193082762363614,1.5655520522751833,-1.0704114257360695
1462,40532254,r,5,-0.8208618865866135,0.051498599111197585,0.061105889897698606,0.9435814884101086,-0.8208618865866135
1463,40570442,g,4,-1.3423999790100103,0.15330650393345546,0.30329258669707304,1.788206146194469,-1.3423999790100103
1464,40570442,i,18,-0.7537806331379775,0.49017290003957004,1.0865597660740054,0.7723324636330452,-0.7537806331379775
1465,40570442,r,17,-0.6749164260290043,0.2757695512499986,0.32560343519332535,0.5571315633801271,-0.6749164260290043
1466,40570442,u,5,-2.338600636126583,0.013674369498282157,0.21691457509815493,1.8707167351030116,-2.338600636126583
1467,40654754,g,4,-0.5538993571585495,0.020887545218188808,0.1421465606857364,0.3833315556283846,-0.5538993571585495
1468,40654754,i,5,-0.6122711189314975,0.06704582065183007,0.6611761730539306,0.26686844393540293,-0.6122711189314975
1469,40654754,r,13,-0.231943580216317,0.21355803454301364,0.48233166260791677,0.1460233887359561,-0.231943580216317
1470,40654754,u,4,-0.8997467147418531,0.2061610815290762,0.4021365045694456,0.33989821296151546,-0.8997467147418531
1471,40663024,g,5,-0.8662147489058167,0.060107747138661516,0.09738145837041845,0.34469491692547705,-0.8662147489058167
1472,40663024,i,12,0.060434739477215116,0.031026151789041667,0.0438912799923028,0.0048515150995096885,0.060434739477215116
1473,40663024,r,14,-0.2875234453427513,0.2030715606261071,0.3122830560198375,0.03347099005464503,-0.2875234453427513
1474,40799083,g,5,-0.4317823573027715,0.09441557889127739,0.3699290295594718,0.4039472953737623,-0.4317823573027715
1475,40799083,i,16,-1.5730847978774813,0.1573441959687133,0.4876129820116579,3.2932316763293112,-1.5730847978774813
1476,40799083,r,13,-0.8689856971176115,0.05386477285916713,0.09638468557308566,1.0408390076608809,-0.8689856971176115
1477,40852176,g,2,-0.8709424529626282,0.04011918735658454,0.040119187356584596,0.46989020226981276,-0.8709424529626282
1478,40852176,i,8,-1.6703802236879826,0.1762085193527798,0.2611821646931891,3.163903658998702,-1.6703802236879826
1479,40852176,r,4,-1.1272393326161163,0.03995128585815655,0.060235859194591956,2.1083512381289635,-1.1272393326161163
1480,40872345,g,7,-0.8700873988936446,0.05305584288450216,0.11095933966122873,0.780322573250696,-0.8700873988936446
1481,40872345,i,7,-1.2974943504417589,0.2688155834238324,0.4432107471782516,1.9504900275246266,-1.2974943504417589
1482,40872345,r,8,-0.9294471923780532,0.09962915003573924,0.20257389763306333,1.0899481883525324,-0.9294471923780532
1483,4093215,g,3,-0.10245659321028505,0.18387686584254131,0.23261788534625394,0.07323155024994642,-0.10245659321028505
1484,4093215,i,7,-0.9794843976025129,0.30948564043975946,0.5618176842973446,1.1430895232187464,-0.9794843976025129
1485,4093215,r,12,-0.511098113453823,0.23774365194709088,0.45908283226827495,0.5006537045300816,-0.511098113453823
1486,41045802,g,5,-3.670136838929011,0.022243175155407968,0.03111484282136079,4.013595036059776,-3.670136838929011
1487,41045802,i,9,-1.51766271177457,0.26267609987077334,0.7224282944540383,2.063456740356112,-1.51766271177457
1488,41045802,r,10,-1.480123444092329,0.3442629220468759,1.0944543475658048,1.7580661278263385,-1.480123444092329
1489,41045802,u,2,-4.557709133572873,0.0741740609058934,0.07417406090589385,9.641408309169435,-4.557709133572873
1490,41048280,g,3,-0.39074278169837406,0.06498442154877598,0.07408144434556235,0.23627167816070282,-0.39074278169837406
1491,41048280,i,6,-0.016599917498044292,0.5340972681419319,1.0544356975975535,2.422445473522281,-0.016599917498044292
1492,41048280,r,3,0.01703723644859953,0.3606875943692128,2.078827088465178,3.7090558926586543,0.01703723644859953
1493,41103451,g,4,-0.7784067054061452,0.01752631577951058,0.10613891582498014,0.5182122231983204,-0.7784067054061452
1494,41103451,i,5,0.5850871721690633,0.3158563191740379,0.5261180005244344,0.31605761223020046,0.5850871721690633
1495,41103451,r,5,-0.07477471621668647,0.032533476236768055,0.45646801591542985,0.11934618164476822,-0.07477471621668647
1496,41103451,u,2,-1.7548629045484587,0.30846756349091486,0.3084675634909151,0.3888246799137699,-1.7548629045484587
1497,41196467,g,4,-1.761735870035182,0.01866665204827056,0.03665512353726297,0.8181522840228769,-1.761735870035182
1498,41196467,i,16,-1.1545987713450658,0.03829938965662638,0.08482683167110983,0.8573707125026306,-1.1545987713450658
1499,41196467,r,14,-1.1464948789941092,0.009416237138297978,0.0177179879467102,0.5393385343628221,-1.1464948789941092
1500,41196467,u,2,-1.3953937508710932,0.23856035602236547,0.23856035602236547,0.9335176565579532,-1.3953937508710932
1501,41415300,i,4,-2.489767956671735,0.7439246911192355,1.5190478701204622,6.008976202436465,-2.489767956671735
1502,41415300,r,7,-1.5462512916554725,0.4573014028400899,0.922592809741283,2.6235262964564763,-1.5462512916554725
1503,41491248,g,5,-0.8145531604131739,0.021587064374760656,0.04114338416318131,0.437880172799429,-0.8145531604131739
1504,41491248,i,11,-0.34504606419701167,0.1076417526741994,0.21747026754358756,0.1580746358826957,-0.34504606419701167
1505,41491248,r,13,-0.5613096172615561,0.020427454292990865,0.027467245160442633,0.3842096828044176,-0.5613096172615561
1506,41551523,g,14,-0.10464500087805051,0.17598971369408367,0.3411944655638593,0.09447161878729697,-0.10464500087805051
1507,41551523,i,31,-0.5323988629370588,0.10996122445757939,0.33205154627303285,0.23325137230564466,-0.5323988629370588
1508,41551523,r,27,-0.09747859889612243,0.2645251018709873,0.5149141207508516,0.1050760680280769,-0.09747859889612243
1509,41551523,u,8,-0.20624772911624412,0.027560553529342835,0.06420615012736541,0.028028121521966216,-0.20624772911624412
1510,41570406,g,3,-0.6172745152377024,0.03682976195243892,0.27928567362263435,0.35795589281568035,-0.6172745152377024
1511,41570406,i,23,-2.449064192763636,0.3130155219643127,0.9131145155523366,4.54824494418233,-2.449064192763636
1512,41570406,r,23,-1.5287564128558562,0.18547714020581862,0.4694127596609725,1.7949942835477926,-1.5287564128558562
1513,41588035,g,5,-0.42408243272332324,0.018343846653915197,0.022909575480554167,0.2527238241680888,-0.42408243272332324
1514,41588035,i,13,-1.009353103648536,0.30540767429848503,0.39066359910546233,1.2327785618184892,-1.009353103648536
1515,41588035,r,12,-0.7866821226623975,0.11093611205758941,0.2620765602920503,0.6980885656040949,-0.7866821226623975
1516,41588035,u,2,-0.9018496988408332,0.012060021673829469,0.01206002167382958,0.16841289306270263,-0.9018496988408332
1517,41596391,g,4,-1.1508367950409188,0.3146672019975074,1.4019904359359148,2.8363885387513967,-1.1508367950409188
1518,41596391,i,19,-0.2633386400753541,0.6204154601168888,1.069286882122811,0.8917206611012097,-0.2633386400753541
1519,41596391,r,16,-0.4122361356590635,0.16820294201068198,0.22039717045297166,0.7113435173595701,-0.4122361356590635
1520,41596391,u,2,-2.1832623314894914,0.004216933336825157,0.004216933336825157,1.1124234241569315,-2.1832623314894914
1521,41654461,g,3,-0.4144953646080738,0.03256542356303216,0.2884895241241098,0.32555334895739557,-0.4144953646080738
1522,41654461,i,12,-0.4319207838509636,0.1748507821429683,0.26872637194340104,0.32803894439859815,-0.4319207838509636
1523,41654461,r,10,-0.4517363045713986,0.14104017500110438,0.5587050191007498,0.24085423019649177,-0.4517363045713986
1524,41654461,u,3,-0.8874199004546401,0.1600625456043372,0.3906896677690359,0.08408174615890734,-0.8874199004546401
1525,41677196,g,6,-0.7533085694025254,0.0966282356390884,0.14907684273824562,0.558380267972884,-0.7533085694025254
1526,41677196,i,15,-0.12159598941208816,0.1319668326706932,0.26998871351756587,0.09742319683061576,-0.12159598941208816
1527,41677196,r,13,0.0015605158910672046,0.2513670929818279,0.41634495182046827,0.07184106489920633,0.0015605158910672046
1528,41677196,u,2,-1.8838196980615949,0.01244569755650704,0.012445697556506818,0.4464650475920308,-1.8838196980615949
1529,41742904,g,4,-1.184194406047263,0.17074415284351718,0.31894547299668186,1.0886472336453374,-1.184194406047263
1530,41742904,i,13,-0.19091446918534638,0.0986764892443649,0.18054960506105378,0.04954690119839137,-0.19091446918534638
1531,41742904,r,14,-0.4067321039606102,0.09558575349173615,0.17724717457754052,0.21560640658503227,-0.4067321039606102
1532,41742904,u,2,-2.4429863975892165,0.00021699071764080813,0.00021699071764036404,0.5809233923435582,-2.4429863975892165
1533,41757479,g,4,-1.4194580033710564,0.13450168421680364,0.27315410434643583,0.6832980957358713,-1.4194580033710564
1534,41757479,i,4,-1.405016387684401,0.056154604752522985,0.10036643060099992,1.6590575682770132,-1.405016387684401
1535,41757479,r,8,-0.9687112170912878,0.10124004342224335,0.18879578746356318,0.53425372948699,-0.9687112170912878
1536,41757479,u,3,-2.027165296151831,0.08256926145454191,0.37999382873349585,1.837401681224895,-2.027165296151831
1537,41807401,g,13,-1.2350229459678648,0.18383319347669902,0.23631941961728797,0.9407802877838459,-1.2350229459678648
1538,41807401,i,44,-0.6142187845092077,0.4569632178152345,1.1880201176421252,0.8138253867621799,-0.6142187845092077
1539,41807401,r,45,-0.5569267213059916,0.30372556764235226,0.8549308951934713,0.4738151893109306,-0.5569267213059916
1540,41807401,u,6,-2.3646567428558316,0.029654088744822227,0.06294785863956243,0.9533864949866575,-2.3646567428558316
1541,41850906,g,4,-0.8602218971317068,0.044038868851213275,0.12996537825150323,0.5835057903080983,-0.8602218971317068
1542,41850906,i,7,-0.5639277323452635,0.296148922800093,0.428653607155574,0.5835160895675641,-0.5639277323452635
1543,41850906,r,10,-0.011943311851630445,0.5646058986509057,1.5194819072416472,1.0240847549943628,-0.011943311851630445
1544,41850906,u,5,-1.0551035515240437,0.30590455293109864,0.42361658832225846,0.13476162067660294,-1.0551035515240437
1545,41883638,g,6,-0.3926160843346257,0.6528689613900641,1.2819490221161405,1.2644984082635518,-0.3926160843346257
1546,41883638,i,9,-0.1499729675009056,0.0805115883826506,0.17475936069073827,0.09081367876097075,-0.1499729675009056
1547,41883638,r,12,0.03477581450999451,0.36942575677850403,0.6039273061291429,0.5258201574237557,0.03477581450999451
1548,41883638,u,3,-1.9365040717987152,0.4601889576756837,0.9126085018083534,0.8019639457309903,-1.9365040717987152
1549,42059447,g,3,-0.22772807310032972,0.015206113708674751,0.14134188393111569,0.10784687295318042,-0.22772807310032972
1550,42059447,i,7,0.7364939812118431,0.3196229106126237,0.7223168494530825,0.526971893270299,0.7364939812118431
1551,42059447,r,10,-0.06528131288405911,0.07974055433361535,0.20576351466843754,0.01967989809355926,-0.06528131288405911
1552,42059447,u,2,-1.0770945663084737,0.04323715833932418,0.04323715833932407,0.12349059883531491,-1.0770945663084737
1553,42084385,i,7,-2.1555353546334706,0.1604479197721338,0.5157115514561346,6.36763626252051,-2.1555353546334706
1554,42084385,r,6,-2.0213995524463573,0.1261448113494017,0.4019564439543035,3.2943000776661755,-2.0213995524463573
1555,4222218,i,6,-1.2422401355031083,0.039781726729599676,0.06419674205676218,1.2785722987439012,-1.2422401355031083
1556,4222218,r,9,-0.7874920922242397,0.17639391997021192,0.32864517019236816,0.4576852290357281,-0.7874920922242397
1557,42321283,g,2,-0.7228202805132897,0.2227067029268539,0.2227067029268539,0.40395689170340143,-0.7228202805132897
1558,42321283,i,5,-0.8066737267887816,0.20947797573826965,0.40072247604118094,0.39367279829508167,-0.8066737267887816
1559,42321283,r,8,-0.360226462081201,0.3821408461685454,0.5541412722514398,0.17939541802157924,-0.360226462081201
1560,42321283,u,2,-1.7827511143104342,0.0710996320606192,0.0710996320606192,1.091711856654014,-1.7827511143104342
1561,42341869,g,3,-0.17897898156060865,0.07908024855237361,0.19487720641512585,0.023160076742478764,-0.17897898156060865
1562,42341869,i,6,0.2657836576150858,0.09640630991230026,0.18304208984658854,0.055984790563092024,0.2657836576150858
1563,42341869,r,7,0.3570489135710231,0.050811497144954476,0.08469470765243692,0.05398713691243041,0.3570489135710231
1564,42357086,g,6,-0.2949382525415526,0.15762739733934616,0.7377244691344049,0.3336378461029664,-0.2949382525415526
1565,42357086,i,16,-1.439446595568149,0.11159323666346244,0.7697607218541593,2.6784618264162354,-1.439446595568149
1566,42357086,r,13,-0.9137276306013771,0.096553812538273,0.5443615274677311,1.2413998693586967,-0.9137276306013771
1567,4237608,g,3,-0.14877359590987638,0.010684124090501346,0.11410776110766485,0.008667872755722223,-0.14877359590987638
1568,4237608,i,5,-0.10608713783940793,0.0483291929102041,0.11667657517197094,0.012407761946348513,-0.10608713783940793
1569,4237608,r,5,0.09816604826720665,0.07731185734388779,0.08808643272161731,0.010348584322281864,0.09816604826720665
1570,42403147,i,10,-1.3196044564996772,0.1694424230836653,0.32073654622243275,2.3838220488348894,-1.3196044564996772
1571,42403147,r,6,-0.5184852710658516,0.1348887127796358,0.22510448916160147,0.3595456859920703,-0.5184852710658516
1572,42552821,i,10,-1.9521186201614562,0.08204471782984923,0.24872039076288854,3.997370359652342,-1.9521186201614562
1573,42552821,r,2,-1.0031817547791686,0.10488862963774293,0.10488862963774281,1.0415046150578768,-1.0031817547791686
1574,42571416,g,2,-0.750453004830261,0.011206021873671368,0.011206021873671368,0.4460402174969269,-0.750453004830261
1575,42571416,i,5,-0.6202477088013963,0.10079092466894501,0.16969674265807289,0.44364940136656134,-0.6202477088013963
1576,42571416,r,6,-0.5988809879972714,0.014566691307844715,0.024868800019377968,0.43024430119399,-0.5988809879972714
1577,42665839,g,3,-0.6573117215082294,0.05618071177887707,0.4322136330848936,0.5164959903915995,-0.6573117215082294
1578,42665839,i,9,-2.9069908614743,0.10600163091584314,0.3636974852849648,5.705653434044415,-2.9069908614743
1579,42665839,r,12,-1.8522716655272677,0.47421246221614866,0.8735537085953291,1.8230722555920849,-1.8522716655272677
1580,42686201,g,4,-0.41937209226846023,0.7265999685765817,1.212616261881403,1.0371405336001125,-0.41937209226846023
1581,42686201,i,14,-0.050959196193786194,0.4533565228253603,1.182662574825481,0.546028280169897,-0.050959196193786194
1582,42686201,r,12,-0.06961342346760083,0.3945671709703449,0.8176885617827993,0.7668593246387064,-0.06961342346760083
1583,42686201,u,2,-2.0955318919524775,0.4849753736529935,0.4849753736529936,2.5937002120714445,-2.0955318919524775
1584,42686605,g,6,-0.32038157658685373,0.13782532881704967,0.42335913314577767,0.19752906065724316,-0.32038157658685373
1585,42686605,i,10,-1.1384463076303977,0.19520615953733916,0.7181856617832829,2.065018506865388,-1.1384463076303977
1586,42686605,r,10,-0.7218738247886216,0.20917850724646384,0.45400279895415363,0.6739439363142653,-0.7218738247886216
1587,42763750,g,2,-0.26877670302243917,0.17190345633950577,0.17190345633950577,0.12429964127434906,-0.26877670302243917
1588,42763750,i,7,-1.6857610910017624,0.22773169918989322,0.28925321391391856,3.8404860659154174,-1.6857610910017624
1589,42763750,r,5,-1.1466427546353586,0.12151517922427946,0.22906313470096717,1.5472382870424728,-1.1466427546353586
1590,42818804,i,4,0.45648954509281414,0.03515989407304543,0.04887688046851557,0.16950028483633706,0.45648954509281414
1591,42818804,r,4,0.04333873022178797,0.11339854457106269,0.24528783502072152,0.03773592785367494,0.04333873022178797
1592,42818804,u,3,-1.2267356048511697,0.005674837598510063,0.09826720477684936,0.2037591666442705,-1.2267356048511697
1593,42851092,g,12,-1.2874943206676583,0.15870058549421406,1.5763345096238834,1.0323815124108096,-1.2874943206676583
1594,42851092,i,18,-1.011653833339997,0.7523513111932145,1.4489894135760815,1.2482132716359364,-1.011653833339997
1595,42851092,r,15,-0.6273117815580846,0.32663458516764465,1.6089361128589703,0.726681285988771,-0.6273117815580846
1596,42887904,g,4,-0.3723559248677394,0.04511390083898392,0.06400124945090108,0.19035114864699168,-0.3723559248677394
1597,42887904,i,5,-0.7925579982113344,0.06483448464345609,0.11273453809543921,0.7940418522217982,-0.7925579982113344
1598,42887904,r,7,-0.5157819866096189,0.12592953724509826,0.22042685405165435,0.30754680626912856,-0.5157819866096189
1599,42909778,g,5,-1.2007407740525422,0.0332895571043299,1.3326875316657345,0.8267859289140042,-1.2007407740525422
1600,42909778,i,4,0.15848405903827092,0.11475251262241967,0.15614091543876124,0.04830690725173331,0.15848405903827092
1601,42909778,r,7,-0.16324628842589167,0.20005588979340944,0.5606681542758525,0.6295508022677394,-0.16324628842589167
1602,42909778,u,2,-2.617662584064429,0.019408095995585795,0.019408095995585573,0.8176826475496464,-2.617662584064429
1603,42938128,g,7,-1.0570917653749345,0.29891260665717645,1.012276470641353,1.5447701416370818,-1.0570917653749345
1604,42938128,i,12,-1.7254476544719834,0.47770647982339776,1.2608533926557854,3.3474203970098437,-1.7254476544719834
1605,42938128,r,12,-1.424421553258903,0.4450781043423254,0.9870362309103129,1.8953762117201371,-1.424421553258903
1606,42938128,u,4,-0.9372123326777948,0.27001401571438977,0.5041775644867051,0.10311827743095159,-0.9372123326777948
1607,43041597,i,7,-1.9947813231125031,0.19495118147336887,0.36700409603548834,3.2854059038152172,-1.9947813231125031
1608,43041597,r,9,-1.4814668012466352,0.0744049674402174,0.1317124695629861,1.1944299966651826,-1.4814668012466352
1609,43066388,i,9,-0.25265341113536754,0.04514095183234357,0.1296730823035359,0.12076886647277209,-0.25265341113536754
1610,43066388,r,9,0.0744538006645723,0.13739447062254206,0.4922744315279436,0.06143575728198444,0.0744538006645723
1611,43179342,i,5,-1.736648356873646,0.056737914911156206,0.0952279833084646,3.9111254460103573,-1.736648356873646
1612,43179342,r,8,-1.27016266250184,0.36171082149895334,0.6072265104904077,1.6783776151232614,-1.27016266250184
1613,43211502,g,3,0.2431171041205129,0.08396820454148557,0.23689556849620752,0.020632518244033865,0.2431171041205129
1614,43211502,i,8,-0.20748476835253626,0.16744273240032825,0.3148600055333083,0.05978768237949993,-0.20748476835253626
1615,43211502,r,8,0.24024069818307847,0.06124081736378151,0.27613966701472414,0.018930747221174087,0.24024069818307847
1616,43236836,g,7,-1.9557829230520731,0.2659152987284896,0.4390871316897651,2.859440266285604,-1.9557829230520731
1617,43236836,i,17,-1.4554609641506788,0.3367889979482288,0.4730601035191655,1.730949927359607,-1.4554609641506788
1618,43236836,r,12,-1.385041671233037,0.18502677715450555,0.36847444652342753,1.3227065772267304,-1.385041671233037
1619,43236836,u,3,-2.9317267893905026,0.41736847107130703,0.4439696073761721,3.4179839378617474,-2.9317267893905026
1620,43313608,g,2,-0.6424043409396079,0.06655546851567634,0.06655546851567629,0.43426697460571684,-0.6424043409396079
1621,43313608,i,9,-1.033665241715919,0.25493824005661536,0.7466024637542907,1.9721626525189906,-1.033665241715919
1622,43313608,r,5,-0.6565101554247009,0.1292873120768293,0.6378323382181237,0.6533278341598557,-0.6565101554247009
1623,43362436,i,4,-1.777553971603988,0.3278443437657812,0.6392446446910198,3.8592364767724234,-1.777553971603988
1624,43362436,r,12,-1.6577629270536116,0.15413355466723633,0.28815281367850853,3.2697179693958596,-1.6577629270536116
1625,43442143,g,2,-1.1048385651072876,0.13929908542714586,0.13929908542714564,1.4062934974024834,-1.1048385651072876
1626,43442143,i,6,-1.0227666223447855,0.048718096326999194,0.07728078581650233,1.1655277097668677,-1.0227666223447855
1627,43442143,r,10,-0.5525966393324104,0.2868058547856711,0.6411223493449856,0.3273662468986568,-0.5525966393324104
1628,43512219,g,5,-0.15066558505207173,0.09047053137167804,0.13345549260992318,0.020627599729801067,-0.15066558505207173
1629,43512219,i,12,-0.9712802220281347,0.02575443509287223,0.12949878047476437,0.8536332864275723,-0.9712802220281347
1630,43512219,r,7,-0.26692672569654263,0.11728092499130982,0.3985383906985348,0.09677526731979347,-0.26692672569654263
1631,43676040,g,5,-0.715599278075437,0.41114787837232386,0.4761736178417714,0.570471578766272,-0.715599278075437
1632,43676040,i,19,-2.1106801826122963,0.40718954309310584,0.7582051458881613,4.31436939547593,-2.1106801826122963
1633,43676040,r,16,-1.3485700384388748,0.08726328598230348,0.2401391978075238,2.2053105609982295,-1.3485700384388748
1634,43747313,i,7,-1.3561744061215721,0.14594460779815321,0.2494212399664988,2.497276570589482,-1.3561744061215721
1635,43747313,r,6,-0.7558037659101577,0.029319388245840183,0.04503432374447336,0.7550462483597892,-0.7558037659101577
1636,43792170,g,6,-0.16260741578083185,0.05436105313059103,0.09462541799039134,0.041503241601789455,-0.16260741578083185
1637,43792170,i,14,-0.95916296191801,0.1569346879492362,0.2855262871659632,1.126673701250815,-0.95916296191801
1638,43792170,r,15,-0.18182280802636952,0.07527603186509602,0.17258512501832715,0.07401675363426158,-0.18182280802636952
1639,43932509,g,5,-1.2517523441985556,0.067921329651351,0.2906044999322288,1.2422798232781354,-1.2517523441985556
1640,43932509,i,21,-1.0843563376424368,0.28654643136436886,0.4680444012054529,1.0117770307078757,-1.0843563376424368
1641,43932509,r,18,-0.94910765920338,0.09701091194129319,0.470689015757229,0.4495960807174235,-0.94910765920338
1642,43932509,u,4,-1.8205322902033796,0.08945625351721498,0.17483771253267033,1.6777506229895898,-1.8205322902033796
1643,44085235,g,4,-1.8643876688879968,0.13771373428526112,0.32339211326568273,2.9161037862808357,-1.8643876688879968
1644,44085235,i,13,-1.8111615549422684,0.39507326850736213,0.6706158826967608,2.404122044734518,-1.8111615549422684
1645,44085235,r,28,-1.950915443065589,0.43494601405244193,0.8062627178351953,2.0579825921474293,-1.950915443065589
1646,44226948,g,2,-1.1608252702957356,0.0029342405339672917,0.0029342405339674027,1.1396838297665741,-1.1608252702957356
1647,44226948,i,13,0.0014109308140413113,0.23039091374863951,0.4739730798732995,0.13144069964358845,0.0014109308140413113
1648,44226948,r,10,-0.21940285756170871,0.19671328406164743,0.5322918880040183,0.1316951944948769,-0.21940285756170871
1649,44226948,u,2,-2.1368609192424928,0.3427897326102345,0.3427897326102345,0.4152393309585778,-2.1368609192424928
1650,44315056,g,2,-0.18635173074713962,0.05834422572180564,0.05834422572180564,0.03563053945015038,-0.18635173074713962
1651,44315056,r,4,-0.08174947487730694,0.0020606549812353936,0.004482831290264985,0.005583790797778247,-0.08174947487730694
1652,44315056,u,4,-0.2246199664654457,0.0143285827500369,0.03272095496551769,0.023163004157665895,-0.2246199664654457
1653,44328178,g,7,-0.9034079836205748,0.12742757220021794,0.8282171447785529,1.328411653404855,-0.9034079836205748
1654,44328178,i,8,-0.34782605416260426,0.45190283822067234,0.9218182462709558,0.36273922036319894,-0.34782605416260426
1655,44328178,r,8,-0.2808094502984435,0.39460302177015355,0.6361385222754908,0.3023242048880418,-0.2808094502984435
1656,44328178,u,2,-1.0915976453019802,0.5595755727053684,0.5595755727053685,0.11445267123077091,-1.0915976453019802
1657,44336143,g,6,-0.27803707379582066,0.06482050590235722,0.11255714151506108,0.17219394332535484,-0.27803707379582066
1658,44336143,i,3,-1.3894415966534712,0.03936095551519525,0.12332807089742337,2.4492115420842615,-1.3894415966534712
1659,44336143,r,12,-0.6690920545795876,0.17471410508286017,0.3729108499032048,0.5855705562139327,-0.6690920545795876
1660,44347724,i,8,-0.39866048901483564,0.19925061547264278,0.3042749307940496,0.15928184574930487,-0.39866048901483564
1661,44347724,r,3,0.18759577429856567,0.03749589105632012,0.06555485779349035,0.014649163384062946,0.18759577429856567
1662,44357163,g,2,-1.1338214619317764,0.38320593459087743,0.3832059345908775,1.1860381815475696,-1.1338214619317764
1663,44357163,i,4,-2.0242790996725963,0.1317218152054992,0.2016656577627851,4.498030329512991,-2.0242790996725963
1664,44357163,r,8,-1.1559426608878223,0.10628944675278929,0.1370149079725711,1.6589727731603245,-1.1559426608878223
1665,44366072,i,5,-1.7294986849201694,0.1498116642429994,0.2595312021088092,2.1862424748588025,-1.7294986849201694
1666,44366072,r,5,-1.6503839934140672,0.07729178640370393,0.1538347853359403,1.6830505775714393,-1.6503839934140672
1667,44483421,g,2,-2.2639604778025744,0.11030479883389144,0.11030479883389122,2.8530208207575822,-2.2639604778025744
1668,44483421,i,12,-0.9851691054982583,0.33771212321734534,0.675489374012636,0.5590296809685192,-0.9851691054982583
1669,44483421,r,13,-1.1556131055856156,0.3376006081637857,0.40678424728827745,0.9205153853847755,-1.1556131055856156
1670,44483421,u,4,-3.23015256437344,0.08204301038965567,0.14790997523843608,1.3981026315953804,-3.23015256437344
1671,4453824,g,12,-0.8749089393781783,0.1544189816670245,0.5399712495216806,0.5924104465764125,-0.8749089393781783
1672,4453824,i,8,-1.084501025077237,0.05787307731156299,0.10960574055799333,0.8102868987230031,-1.084501025077237
1673,4453824,r,12,-0.5070521516000817,0.12125988075323813,0.4819050202270383,0.24155987875731585,-0.5070521516000817
1674,44547409,i,7,0.3358508004295855,0.13174677215849762,0.38466952130920623,0.36132863683047883,0.3358508004295855
1675,44547409,r,4,-0.009237332175165508,0.3992071274641502,0.9032552878889675,0.539303731935215,-0.009237332175165508
1676,44590450,g,2,0.2335213583705542,1.0842126851078928,1.0842126851078928,0.8847944854739673,0.2335213583705542
1677,44590450,i,13,0.4831987011547415,0.5508176415148365,0.7669634758349669,1.2519019769566906,0.4831987011547415
1678,44590450,r,12,-0.1657819974235139,0.1661236708752442,0.9161546694453323,1.2882155297306388,-0.1657819974235139
1679,44671145,i,3,-1.302686190303263,0.1024808674273936,0.14844378262650326,1.399902570979995,-1.302686190303263
1680,44671145,r,7,-0.8641162676742509,0.09224567601450495,0.3250349384069573,0.819371170533198,-0.8641162676742509
1681,44690336,i,7,-2.465527005972896,0.1457611388563782,0.2308919216090617,6.461542828638156,-2.465527005972896
1682,44690336,r,5,-1.4706908113625743,0.08770472212884961,0.1559141906996775,2.172825561312981,-1.4706908113625743
1683,44692758,g,2,-0.4794197004580635,0.0021660476967262365,0.0021660476967262365,0.3659395124158922,-0.4794197004580635
1684,44692758,i,3,-0.4113200474693938,0.07312086444607108,0.12970125813241917,0.3086653103061627,-0.4113200474693938
1685,44692758,r,4,-0.4960219837922688,0.054402587610538955,0.12195791105234377,0.32453107391473407,-0.4960219837922688
1686,44692758,u,3,-0.8944370278262705,0.08707151387572121,0.14950772252578426,0.2207007620131698,-0.8944370278262705
1687,44777632,i,8,-1.0887808495208984,0.5456397588672246,0.8878025892431897,1.6864109799753173,-1.0887808495208984
1688,44777632,r,3,-0.9072912466890332,0.12890537107229127,0.2734610074057846,0.7314483683002274,-0.9072912466890332
1689,44864528,i,7,-2.5757798463075385,0.20557091077529677,0.3923221712285523,4.786937963834037,-2.5757798463075385
1690,44864528,r,8,-1.9103796567279208,0.22335926916372384,0.38815668649502255,1.9602492375615235,-1.9103796567279208
1691,44872781,g,3,-1.6890026203171529,0.009985520002200765,0.5920059265818804,1.4976665956186175,-1.6890026203171529
1692,44872781,i,6,-0.2442389100526153,0.2198645645798067,0.3451297649620604,0.16887156052740604,-0.2442389100526153
1693,44872781,r,5,-0.4477050021232481,0.378675339056567,0.6833149944226284,0.3876829410393858,-0.4477050021232481
1694,44872781,u,2,-2.874823338097673,0.011609332120613214,0.01160933212061277,0.7179173714842988,-2.874823338097673
1695,44918125,g,5,-0.8480830578020627,0.08854558689691072,0.6744269504176224,0.6023857782209103,-0.8480830578020627
1696,44918125,i,18,-0.4470553350126006,0.4150143314918118,1.8549947320773326,1.222024792388793,-0.4470553350126006
1697,44918125,r,15,-0.23606328533931942,0.21875513339424857,0.8694079606936977,0.5380456214838374,-0.23606328533931942
1698,44918125,u,6,-2.178991451289129,0.059624225951218524,0.10503587558370064,0.7926171678578345,-2.178991451289129
1699,44967339,g,3,-0.6314530482963325,0.005707072930046131,0.03319237150918908,0.4190971071098895,-0.6314530482963325
1700,44967339,i,3,-0.7801942701741937,0.04311627612940505,0.18969458762261382,0.8629522808803354,-0.7801942701741937
1701,44967339,r,5,-0.32963687188658586,0.09323833168871704,0.1588054730611792,0.17341916758503934,-0.32963687188658586
1702,44996754,g,5,-0.569194287067198,0.08865810121918938,0.25519125024807493,0.3484193462136037,-0.569194287067198
1703,44996754,i,19,-1.6843361959292655,0.2661178618790314,0.5551325477785416,3.7035842671021904,-1.6843361959292655
1704,44996754,r,19,-1.1623104653594234,0.1110836961911652,0.3170493388453528,1.6496310822702287,-1.1623104653594234
1705,44996754,u,3,-0.8525011485080001,0.3734648544235035,0.3855334356231098,0.18870733860233038,-0.8525011485080001
1706,45084628,i,5,0.4766658909242054,0.366974887560891,0.6631340043282767,0.3027025101184649,0.4766658909242054
1707,45084628,r,6,0.5482442366846706,0.5338420770958703,0.8688198505941819,0.6124637207925226,0.5482442366846706
1708,45137544,g,6,-0.45296826619030106,0.1982827715282557,0.6136300946738237,0.47445311986960387,-0.45296826619030106
1709,45137544,i,16,-1.5744753776825715,0.21996647178895146,0.37637223637619877,2.870988950023709,-1.5744753776825715
1710,45137544,r,20,-1.138127879349789,0.26050146053306145,0.531201237609205,1.2530118046431886,-1.138127879349789
1711,45153314,g,7,-0.5789370351438307,0.15805546170372575,0.23028158348559707,0.4956072675238373,-0.5789370351438307
1712,45153314,i,4,-1.3104833330410728,0.19250378150738467,0.3899649240065386,2.564606790628047,-1.3104833330410728
1713,45153314,r,7,-0.860535753922182,0.09728732515128058,0.1617800852548481,0.8767124541740479,-0.860535753922182
1714,45242395,g,3,-0.8307063280735697,0.1822801523315779,0.19341256328974143,0.6687663443654167,-0.8307063280735697
1715,45242395,i,16,-1.794182686248127,0.14963977091683178,0.39625086065577686,3.8628173478793606,-1.794182686248127
1716,45242395,r,16,-1.6101165572839804,0.1548692344323357,0.3568913258646791,2.4018741385864435,-1.6101165572839804
1717,45278720,g,6,-0.4556954176080704,0.09351307457432115,0.17308620194372987,0.3351067206917448,-0.4556954176080704
1718,45278720,i,17,-1.4751754775865633,0.16944085002458098,0.3694093688856981,3.0265007889272546,-1.4751754775865633
1719,45278720,r,17,-0.6490550974709353,0.06318619456090402,0.1291581033096324,0.5308915525448733,-0.6490550974709353
1720,45394,g,6,-0.2242482728499056,0.056252807539250854,0.26415379099507097,0.0753589798564323,-0.2242482728499056
1721,45394,i,5,-0.4624556996646114,0.032285543983795684,0.3468481946613367,0.5446939360584191,-0.4624556996646114
1722,45394,r,7,-0.37743064368260515,0.11665353588515359,0.5738238565502295,0.19721629670431348,-0.37743064368260515
1723,45428913,i,8,-1.4652333598622036,0.09925723615467852,0.14598434215469736,2.612376650193942,-1.4652333598622036
1724,45428913,r,8,-0.9078064542449884,0.17522842450668336,0.33058049442400417,1.2285625025223692,-0.9078064542449884
1725,45433532,i,9,-2.1020107871905527,0.11570921770533715,0.19978022953406072,2.3397589005119617,-2.1020107871905527
1726,45433532,r,10,-2.7097368765004237,0.10738828150092594,0.2643885097289864,2.5076196310970174,-2.7097368765004237
1727,4546157,g,3,-0.8458700751289716,0.05353918003259994,0.8153193552669332,0.5524520392247657,-0.8458700751289716
1728,4546157,i,12,-0.4927093825426943,0.11272668978381739,0.19710818428730292,0.3138838658961424,-0.4927093825426943
1729,4546157,r,10,-0.2505378958256489,0.2457303194864379,0.46431931150943256,0.2098507854133082,-0.2505378958256489
1730,45828042,g,12,-0.3403438719778642,0.07602202076538639,0.14102083616907712,0.13970146016671822,-0.3403438719778642
1731,45828042,i,31,-1.5694098358443704,0.35766347368903095,0.830323431796478,3.1090424653077275,-1.5694098358443704
1732,45828042,r,27,-0.9661901953851868,0.18620718935292557,0.27708863383871063,0.9704708161738496,-0.9661901953851868
1733,4595473,g,4,-1.1598619796643472,0.1090041810905098,0.16296939763454654,1.203542439956579,-1.1598619796643472
1734,4595473,i,4,-0.7085498883719923,0.08667390093503635,0.15143082692398901,0.62928959328533,-0.7085498883719923
1735,4595473,r,5,-0.8454302136883652,0.03226270488332206,0.041069713534911845,0.7150563317562705,-0.8454302136883652
1736,45961304,g,3,-1.3678061992214638,0.005787893057792148,0.0292053758728148,1.6694721870947575,-1.3678061992214638
1737,45961304,i,2,-0.9051061966704421,0.026264699178383477,0.026264699178383477,0.8217011023159965,-0.9051061966704421
1738,45961304,r,6,-0.991940239319205,0.025789750756414875,0.03881919923727217,0.9640143341207562,-0.991940239319205
1739,46097910,g,6,-0.721937627713488,0.12538410309553422,0.47387220866119184,0.9918895456760669,-0.721937627713488
1740,46097910,i,25,-2.314996310441365,0.585620510100016,0.9766243581846834,4.431403856273842,-2.314996310441365
1741,46097910,r,25,-1.194011873701043,0.34236714854617156,0.914791988183081,1.6552064636384392,-1.194011873701043
1742,46122062,g,8,-0.22923513919708144,0.0853141167958027,0.14687220483329885,0.0891618443793352,-0.22923513919708144
1743,46122062,i,3,-1.2661887921803006,0.15375197995214873,0.20143441187254374,1.2972120321105474,-1.2661887921803006
1744,46122062,r,9,-0.8463188004181399,0.08586456620077954,0.366529923192891,0.5373912350042668,-0.8463188004181399
1745,46225637,i,5,-1.1642852701373316,0.12696476277962887,0.2490787066357163,2.0793472607184436,-1.1642852701373316
1746,46225637,r,9,-0.6347603921810792,0.05577101380940408,0.10277194823402258,0.502056779035139,-0.6347603921810792
1747,46258321,g,4,0.4150467633757019,0.13695546455209556,0.3523007902079881,0.24835651870821432,0.4150467633757019
1748,46258321,i,9,-0.4916113985157038,0.10963135242464839,0.1778478773992842,0.20805562747189787,-0.4916113985157038
1749,46258321,r,15,0.9775797994641933,0.03445043734180109,0.07950648409865646,0.6954074828604416,0.9775797994641933
1750,4638171,i,8,-1.3134362745110133,0.1316528505712764,0.36795695514274596,2.0831595449825877,-1.3134362745110133
1751,4638171,r,7,-0.8600805167461556,0.06964723923249616,0.20179199884677768,0.8887025762282007,-0.8600805167461556
1752,46408881,g,3,-0.8195215232524726,0.02068082804174254,0.029623361912535562,0.4835290595685576,-0.8195215232524726
1753,46408881,i,20,-0.6926361230852235,0.1150331963717009,0.2362102023934003,0.7877068270375751,-0.6926361230852235
1754,46408881,r,17,-0.6834338228625695,0.039630352535443,0.06878200330096629,0.7349587773648615,-0.6834338228625695
1755,4645674,g,2,-0.10877700589821471,0.012459156963467999,0.012459156963467999,0.012113189797535832,-0.10877700589821471
1756,4645674,i,6,-1.3176745793288382,0.1453063586089458,0.45210247275146365,1.9744819635718187,-1.3176745793288382
1757,4645674,r,5,-0.7837897582700317,0.130914480766803,0.36171489929191325,0.7157445824110538,-0.7837897582700317
1758,46512723,i,5,-1.4228905749496432,0.1667130756716746,0.32316830669513763,2.4565240563520256,-1.4228905749496432
1759,46512723,r,5,-1.0171748253510564,0.07765100699380767,0.1438633955617694,1.2608106069854546,-1.0171748253510564
1760,46652931,g,10,-0.2035080505006599,0.08818784722189132,0.14179824750857184,0.18753882862410498,-0.2035080505006599
1761,46652931,i,27,-0.45780279297711807,0.46307654441552176,1.1680664847816358,0.7539084179375526,-0.45780279297711807
1762,46652931,r,25,-0.2309062359036494,0.21450260077160316,0.8257177343567935,0.3405720361229037,-0.2309062359036494
1763,46652931,u,7,-0.9996717242716251,0.11279730503022423,0.515064942487348,0.25092600365081236,-0.9996717242716251
1764,46677061,g,4,-0.46626043317142085,0.018525345047037622,0.03253685331802453,0.33646320548439457,-0.46626043317142085
1765,46677061,i,4,-0.6968679837764183,0.06944559704793912,0.1526329576995108,0.6179663873536696,-0.6968679837764183
1766,46677061,r,4,-0.4296282171963566,0.00850580187488112,0.026285969198497683,0.23662111472095385,-0.4296282171963566
1767,46749054,g,4,-1.4415451802292196,0.04955870825588504,0.20053121469995738,2.3512673074223662,-1.4415451802292196
1768,46749054,i,3,0.7009712156562982,0.7256832503917912,1.1458966257386018,0.9041850638287956,0.7009712156562982
1769,46749054,r,5,0.854722959237896,0.08149319263897636,1.4554456063730454,0.526489445644178,0.854722959237896
1770,46749054,u,3,-3.0061671242681096,0.3854942831872328,1.2932525844535536,1.346167590595882,-3.0061671242681096
1771,46815680,g,4,-1.6770062322947994,0.790481215555882,1.620483181712928,1.5092033431436753,-1.6770062322947994
1772,46815680,i,16,-2.661544758841486,0.3790540170842933,1.1073604375248198,5.17680998433397,-2.661544758841486
1773,46815680,r,16,-2.000397276325766,0.4008329030665896,1.198644160006467,2.2322494540452937,-2.000397276325766
1774,46815680,u,4,-1.567203939322645,0.13473267741250172,0.509158716784871,1.5301533874268498,-1.567203939322645
1775,46903838,g,3,-0.8997931746150782,0.11070839983789638,0.23103208825232135,0.4440701360477856,-0.8997931746150782
1776,46903838,i,3,-1.2180496396866385,0.09235880610034686,0.16882590812946607,1.8558533623613023,-1.2180496396866385
1777,46903838,r,10,-1.2158791118822838,0.17007593407190713,0.23787884945334503,1.7814408333958027,-1.2158791118822838
1778,46909407,g,7,-0.8134395025206371,0.11622279345524988,0.22180659694207083,0.7619430018996487,-0.8134395025206371
1779,46909407,i,12,-0.8476606786672611,0.11290196874622138,0.38027824261270826,1.197644253586258,-0.8476606786672611
1780,46909407,r,19,-0.8598319662099438,0.10737834989026063,0.26433861167968087,0.8868970038351266,-0.8598319662099438
1781,46975059,i,12,-1.9933528058046526,0.31519469961963065,0.7654063150817842,5.542990493234041,-1.9933528058046526
1782,46975059,r,16,-1.5816114607965162,0.4311209383548793,0.9473682288296246,2.9375512074850514,-1.5816114607965162
1783,4698420,g,5,-2.0098630782056377,0.017151215151257393,0.0381960900886682,2.0579128151216577,-2.0098630782056377
1784,4698420,i,10,-0.737464696573312,0.05871341873821656,0.11816768831348679,0.33752172589603074,-0.737464696573312
1785,4698420,r,11,-1.1204594797797478,0.024911162013593557,0.04355024094055082,0.518088818328112,-1.1204594797797478
1786,4698420,u,2,-2.5573107695639483,0.4442821216563737,0.44428212165637415,2.230925299317709,-2.5573107695639483
1787,47104366,g,3,-1.2083545852723492,0.05398002138061586,0.1601178140388846,0.8588497751566327,-1.2083545852723492
1788,47104366,i,5,-1.7685343346995168,0.1940668565218766,0.3260024077633339,3.8111154471970954,-1.7685343346995168
1789,47104366,r,6,-1.1780702007661692,0.07650640407113829,0.12096306656665079,1.8068298732252928,-1.1780702007661692
1790,47134666,i,9,-1.3975065517398337,0.10281059431041628,0.2818337651372833,1.8891849199837347,-1.3975065517398337
1791,47134666,r,5,-0.5923731418232282,0.05753113953553568,0.06913628016552975,0.40540565990941013,-0.5923731418232282
1792,47261109,g,4,-0.36013347169688104,0.0339183383988704,0.04692309209181683,0.17923388333582896,-0.36013347169688104
1793,47261109,i,11,-0.9141485988731676,0.36699639289522434,0.700002657538703,1.316814248112487,-0.9141485988731676
1794,47261109,r,8,-0.4437001352207464,0.03749163366272232,0.08189855078482389,0.2484871283196882,-0.4437001352207464
1795,47261109,u,2,-0.317773582461708,0.24757112631436579,0.24757112631436576,0.08280587116722105,-0.317773582461708
1796,47333745,g,3,-0.964205590859168,0.05109625309657695,0.05376806760812303,0.7587100746677309,-0.964205590859168
1797,47333745,i,21,-0.5175358031167012,0.20451270743859645,0.4862472358519385,0.2977907443635601,-0.5175358031167012
1798,47333745,r,19,-0.417991860755247,0.24658381835639204,0.40027610807437575,0.27316142102228175,-0.417991860755247
1799,47333745,u,3,-1.9691547830589617,0.08182560726467969,0.13400957108147793,0.44957917846341006,-1.9691547830589617
1800,4742068,g,8,-0.6020117116823774,0.23135848738409545,0.4630262572641291,0.34651915297736324,-0.6020117116823774
1801,4742068,i,24,-1.987329710940846,0.43055042430726287,1.1104670895152577,4.550432629019341,-1.987329710940846
1802,4742068,r,23,-1.181478001711155,0.266317597360342,0.5052673127002558,1.7352974125575258,-1.181478001711155
1803,47471470,i,10,-0.8999027135035513,0.034911081680501166,0.05691923889739492,0.41320322525497044,-0.8999027135035513
1804,47471470,r,4,-1.205531010820303,0.037409225577220484,0.10501084372748926,0.5202501715658969,-1.205531010820303
1805,47474264,g,7,-0.9582266453542223,0.10061695498797096,0.9087185456775396,0.6214856918237127,-0.9582266453542223
1806,47474264,i,8,-0.2500562289535123,0.2561298740755844,0.40767461819955714,0.16507921973370157,-0.2500562289535123
1807,47474264,r,17,-0.30055282408841916,0.16242310543595156,0.3207936863522454,0.5240741117254077,-0.30055282408841916
1808,47474264,u,3,-1.9147341558692283,0.04859095766944854,0.23424732068812082,0.3387248062235859,-1.9147341558692283
1809,47571190,i,5,-2.0069672914805485,0.4544253087865666,0.6354706423609446,4.4600411091991345,-2.0069672914805485
1810,47571190,r,8,-1.3262855755684408,0.2783315338868102,0.5285238246729048,2.021451481433709,-1.3262855755684408
1811,47734491,g,4,-1.3359871156570011,0.007355803521079229,0.020376585023869742,1.673930425439691,-1.3359871156570011
1812,47734491,i,7,-1.1223010170062186,0.17540029799063062,0.3774125216490609,1.046377922391827,-1.1223010170062186
1813,47734491,r,11,-0.8184119165235778,0.19179307641337273,0.26493392210910716,0.5571462128460929,-0.8184119165235778
1814,47734491,u,3,-1.3869820605704248,0.1305747126521215,0.16967203223690075,0.4494720941841281,-1.3869820605704248
1815,47801649,g,10,-1.2058382819413167,0.16765284760902321,0.2328905874852647,1.295745384106012,-1.2058382819413167
1816,47801649,i,41,-0.7428820398022937,0.13647705757110073,0.30697192367321735,0.5498845243719376,-0.7428820398022937
1817,47801649,r,33,-0.7327246797504317,0.11827367822468338,0.2605530794954398,0.4031016077420608,-0.7327246797504317
1818,47801649,u,2,-1.9762921830995106,0.1264566126834401,0.1264566126834401,1.312040471284273,-1.9762921830995106
1819,47835668,g,4,-1.6890133547749835,0.08595686419430293,0.39514394171173417,1.053933025117968,-1.6890133547749835
1820,47835668,i,11,-1.0408725534616141,0.37617221932397715,0.629368934520258,0.9874605378980535,-1.0408725534616141
1821,47835668,r,11,-0.9181956658741124,0.3227480155253779,0.7257522150147999,0.48362747944279827,-0.9181956658741124
1822,47835668,u,2,-2.4038084377307083,0.010492456662653638,0.010492456662653638,3.2725502396747568,-2.4038084377307083
1823,47922090,g,4,-1.1778525617789453,0.18377881213391878,0.38344794861217535,1.2648383188026529,-1.1778525617789453
1824,47922090,i,5,-1.1551952043700295,0.10423096601496207,0.1804098585161289,1.5039087572558052,-1.1551952043700295
1825,47922090,r,3,-1.131321475276112,0.007908367217594137,0.1458470485614396,1.2090246671049139,-1.131321475276112
1826,47937730,g,4,-0.9618164679102524,0.03823123611904977,0.06361139562089946,0.7546467743547671,-0.9618164679102524
1827,47937730,i,13,-0.4863299822476512,0.08272024450944704,0.2526061571112861,0.2585976511273428,-0.4863299822476512
1828,47937730,r,10,-0.4436210643145412,0.1314097014775627,0.17806180024905827,0.24121403112261697,-0.4436210643145412
1829,47937730,u,3,-1.5105429238786545,0.056031924584921455,0.10097250387277734,0.30672968856862703,-1.5105429238786545
1830,48063473,i,7,-1.6872808617675494,0.15761256454014116,0.3010564773894393,3.658842901288162,-1.6872808617675494
1831,48063473,r,3,-0.7801486592706592,0.26521520520653774,0.42436928395155155,0.47348645413248375,-0.7801486592706592
1832,48083370,i,3,-2.0186038168445015,0.19689038650351653,0.30484066449559943,4.709943069123097,-2.0186038168445015
1833,48083370,r,7,-1.34421640957582,0.1191653763955729,0.21968600246424086,1.843756469889464,-1.34421640957582
1834,48282384,g,4,-0.37627634936591825,0.0870620699410545,0.14098277861427777,0.14498438087897136,-0.37627634936591825
1835,48282384,i,8,-1.0989956728733312,0.2544351268445895,0.49525271057028364,1.426911399856741,-1.0989956728733312
1836,48282384,r,7,-0.8906874423157345,0.16534830849415716,0.2530501849757891,0.7600354534000385,-0.8906874423157345
1837,48472115,g,5,1.0263330246621682,0.16840100172785388,1.2978226605994094,0.8773726612339875,1.0263330246621682
1838,48472115,i,13,-0.44844793817148826,0.5271343922279454,1.1107532339803603,0.9853691336263216,-0.44844793817148826
1839,48472115,r,14,-0.0356793191144788,0.4501257397315256,0.8689544592212308,0.6877035646544905,-0.0356793191144788
1840,48472115,u,4,-1.0938668777774696,0.5037088197078238,0.6104569019180539,0.35420074097388204,-1.0938668777774696
1841,4862913,g,2,-0.29879454337605615,0.006256558406361634,0.006256558406361634,0.0232242199962749,-0.29879454337605615
1842,4862913,i,7,-0.01906504030550371,0.17148560670512092,0.30404391252021634,0.017093390083078818,-0.01906504030550371
1843,4862913,r,12,-0.0833435661530939,0.06710908428845275,0.22584591346246452,0.013741688473060022,-0.0833435661530939
1844,4868870,g,10,-0.44441218874754845,0.2906081391722053,0.6749561830416433,0.31966545298058907,-0.44441218874754845
1845,4868870,i,12,-1.6649711320434073,0.4302727941538649,0.7613556531460777,3.08274641628782,-1.6649711320434073
1846,4868870,r,12,-1.2749357055151767,0.20753344151744757,0.6494000765528407,1.1902317653469137,-1.2749357055151767
1847,48801526,g,3,-0.8491475605683699,0.1581741119174075,0.18595084526629968,0.5540725446024228,-0.8491475605683699
1848,48801526,i,7,0.02846476602957737,0.01897541437006489,0.03746868793340652,0.003538413332306009,0.02846476602957737
1849,48801526,r,8,-0.15261527926742577,0.060352392758017015,0.14458492990307684,0.03411939848091264,-0.15261527926742577
1850,48801526,u,2,-2.166239591137723,0.018093444593825447,0.01809344459382567,0.45680680967076853,-2.166239591137723
1851,48960280,i,6,-0.2907299328496369,0.048810363759818065,0.09823513553299013,0.06371851822566331,-0.2907299328496369
1852,48960280,r,7,0.005306269000182606,0.10131574050931613,0.19559471024792252,0.005182197702975411,0.005306269000182606
1853,49076175,g,2,-1.02829572249673,0.14890262707749802,0.14890262707749802,1.1729388792663618,-1.02829572249673
1854,49076175,i,5,-0.18825773561588216,0.24358030904357497,0.2488021379128843,0.28382409307250744,-0.18825773561588216
1855,49076175,r,4,-0.2620645290745256,0.014984204923597533,0.26051819245896135,0.25963062732232356,-0.2620645290745256
1856,49101990,g,5,-1.0596231189346823,0.13435646562844772,0.7909087209855683,0.5585435538224288,-1.0596231189346823
1857,49101990,i,8,-2.0047915653911756,0.27658773985363627,0.41156149643349105,3.951716204667891,-2.0047915653911756
1858,49101990,r,11,-1.1756929097440767,0.07911800353625575,0.18428859912711903,1.7643116877275262,-1.1756929097440767
1859,49203895,g,3,-1.7486139585279508,0.22653569397453,0.7038256649195436,1.5954537249812197,-1.7486139585279508
1860,49203895,i,5,-1.5628947371042077,0.15943265084588232,0.21212797208615797,2.651844526765963,-1.5628947371042077
1861,49203895,r,6,-1.160476236118193,0.2708729147609171,0.6555612800616131,1.3795968913436498,-1.160476236118193
1862,49269666,i,5,-1.4380055233784383,0.15275520224653305,0.255732367182782,2.5843843492500573,-1.4380055233784383
1863,49269666,r,6,-1.2156506314937956,0.07519896325117992,0.11602748635226723,2.13733925439864,-1.2156506314937956
1864,49445303,i,9,-1.3773910131350262,0.06518594203874017,0.24685235824739182,3.0083465914835785,-1.3773910131350262
1865,49445303,r,4,-1.077832371744244,0.2031224866332103,0.40134877698527816,0.9705877553817577,-1.077832371744244
1866,49446847,i,7,-2.6445251336292697,0.3071754240733129,0.5594954797240446,4.743347350369811,-2.6445251336292697
1867,49446847,r,4,-1.9150030182247357,0.14279667998167667,0.2752812615663558,1.9824097001613805,-1.9150030182247357
1868,49573056,g,2,-0.9468802809617421,0.3553006816432004,0.3553006816432005,0.9377406736396949,-0.9468802809617421
1869,49573056,i,6,-1.3243220660844344,0.2062083062447706,0.3661586814517046,1.9420882774395363,-1.3243220660844344
1870,49573056,r,7,-0.959918026566807,0.06843459830575616,0.11331537502926536,1.086921731998314,-0.959918026566807
1871,49637383,g,5,-0.6731797313342349,0.19210814490700734,0.35981266077603613,0.3377295055501427,-0.6731797313342349
1872,49637383,i,14,-0.683448676116639,0.20952243760086636,0.3696782992370709,0.5811563850755004,-0.683448676116639
1873,49637383,r,15,-0.48863073949037794,0.11238619496196256,0.2794307154545706,0.3604999123477107,-0.48863073949037794
1874,4970269,g,3,-1.100922506169336,0.0753809401534149,0.19467872480393766,0.7761190638434806,-1.100922506169336
1875,4970269,i,6,-0.7472171233480918,0.018272669735125202,0.028010956043924673,0.7331076436251779,-0.7472171233480918
1876,4970269,r,9,-0.72604805665567,0.15021458739453009,0.2552341575048819,0.7978203348109985,-0.72604805665567
1877,49750196,g,2,-0.80562330392566,0.2866047722961124,0.28660477229611236,0.8324683766109551,-0.80562330392566
1878,49750196,i,24,-2.8238988137129493,0.07466538548081791,0.13817892700307377,8.640886019344608,-2.8238988137129493
1879,49750196,r,23,-2.4191508146093192,0.12422245981698943,0.23732526333203108,5.856440999732547,-2.4191508146093192
1880,50206769,i,9,0.06325024247074773,0.10399117657905971,0.4963070525201154,0.6839720206196004,0.06325024247074773
1881,50206769,r,2,-0.004568265839952512,0.04023975134034541,0.04023975134034541,0.002211224853370674,-0.004568265839952512
1882,50369936,g,2,-0.9754502507757002,0.2132983144822379,0.2132983144822378,0.6274390951534004,-0.9754502507757002
1883,50369936,i,2,-1.0417952902002103,0.007639377759196542,0.007639377759196542,1.4901964216608221,-1.0417952902002103
1884,50369936,r,14,-1.0229372211491907,0.08371006025623828,0.1573593280021668,1.3209682596495458,-1.0229372211491907
1885,50376149,g,8,-0.9817221979156276,0.2555280912691582,0.5530972280501418,0.5325873651257503,-0.9817221979156276
1886,50376149,i,26,-0.47776206312281855,0.10094610514156988,0.2304500319782834,0.16125692434343647,-0.47776206312281855
1887,50376149,r,27,-0.25463771540863833,0.04999772757926191,0.33184103318465685,0.09132634253762893,-0.25463771540863833
1888,50376149,u,7,-1.348084585967265,0.08766226054895121,0.2097846335979514,0.8075137274528833,-1.348084585967265
1889,50390033,g,5,-0.4157385261904418,0.08021576788190865,0.1408744068197797,0.2004903918114997,-0.4157385261904418
1890,50390033,i,14,-1.421024588250806,0.3490358958421165,0.7811876546964878,2.2529505666500675,-1.421024588250806
1891,50390033,r,15,-0.9830305075854416,0.32566180591876426,0.5864794718064589,0.8505564507086073,-0.9830305075854416
1892,50397181,i,15,-3.790190492715502,0.746892305854165,1.496705129559306,14.412153819791387,-3.790190492715502
1893,50397181,r,13,-2.9715700761798054,0.3649654316993711,0.5599495467602482,8.06681463265573,-2.9715700761798054
1894,50432971,g,2,-0.23884901324571792,0.13240313977561277,0.13240313977561274,0.08411642636392401,-0.23884901324571792
1895,50432971,i,10,-1.9325420615170255,0.3125976562876427,0.5816130781776465,4.7531901469375075,-1.9325420615170255
1896,50432971,r,8,-1.3192572555472513,0.2156484783064221,0.3106649592550512,2.1711144533310174,-1.3192572555472513
1897,50481617,g,2,-1.1858043319245266,0.03835924320685746,0.03835924320685735,0.7805343017790006,-1.1858043319245266
1898,50481617,i,4,-0.521615948809695,0.09269624513811514,0.2506689647621893,0.5223554324697453,-0.521615948809695
1899,50481617,r,8,-0.710538088691939,0.08370904691777659,0.2082234379615734,0.7157097942992047,-0.710538088691939
1900,50747136,i,6,-1.7767941770329294,0.16698808592763603,0.29490147596935357,4.14255300126048,-1.7767941770329294
1901,50747136,r,6,-1.0509352868424169,0.024924599249568913,0.04244962711367295,1.4805687799872314,-1.0509352868424169
1902,50806037,g,3,-1.4799506284413344,0.15779849958559722,0.6146112193234399,2.8544751261943357,-1.4799506284413344
1903,50806037,i,8,-1.2146480328545985,0.2626030409473675,0.6442147889373218,2.278132728089168,-1.2146480328545985
1904,50806037,r,13,-1.15033742079757,0.452173877314731,1.9960623302038745,2.00326035772566,-1.15033742079757
1905,50861212,g,2,-0.712568543263207,0.21657923543896862,0.21657923543896862,0.6352978711696876,-0.712568543263207
1906,50861212,i,10,-0.8190757909628438,0.07564429773826292,0.12693477532872,0.8984297282205788,-0.8190757909628438
1907,50861212,r,13,-0.3507126108956715,0.0909303278465734,0.1631883653886892,0.16755339387304072,-0.3507126108956715
1908,50944256,g,4,-1.1339738624031281,0.042000861044050763,0.3084612159744873,0.735226490869581,-1.1339738624031281
1909,50944256,i,15,-1.0757003711665538,0.07472716069797802,0.16150127266822434,1.0213322995068363,-1.0757003711665538
1910,50944256,r,13,-0.8774266497770468,0.03950425447019501,0.04772113937084155,0.8429975670045119,-0.8774266497770468
1911,50944256,u,6,-1.7254170881589428,0.04941385844345558,0.07766463642070853,0.2864774877384551,-1.7254170881589428
1912,51088621,g,2,-0.440300730677787,0.06659270267546363,0.06659270267546369,0.30387180973535594,-0.440300730677787
1913,51088621,i,6,-1.3189353771388705,0.197854336071141,0.39097301534026885,1.9077801665644802,-1.3189353771388705
1914,51088621,r,5,-0.6271339378757638,0.05497309786983662,0.10694944658811278,0.5323681607115754,-0.6271339378757638
1915,51116668,g,13,-1.279218394837264,0.15348435774837732,0.19185459186418474,0.9477442754372393,-1.279218394837264
1916,51116668,i,33,-0.7930730873905485,0.16259832577588162,0.9216555823032895,0.5783040801001799,-0.7930730873905485
1917,51116668,r,37,-0.5861122502971907,0.3669594948797339,0.798011586706592,0.4843806398500414,-0.5861122502971907
1918,51116668,u,7,-2.2176191295689534,0.07305235943155619,0.4722884541721082,0.3483772836704964,-2.2176191295689534
1919,51282841,i,8,-3.1095422143353897,0.19039072097126275,0.35320822729451207,7.29645625467426,-3.1095422143353897
1920,51282841,r,3,-2.4682807922619654,0.2102844516956015,0.24108096413695268,3.1371419739503694,-2.4682807922619654
1921,51318991,i,12,-2.6219968213037457,0.36118659995999836,0.6630214175404805,6.994606794090508,-2.6219968213037457
1922,51318991,r,4,-1.0896948495531071,0.3122093519552907,0.6576809889796664,1.0437496372703214,-1.0896948495531071
1923,51400535,i,7,-1.2131498467491455,0.05432936449402659,0.11451153178542284,1.8786746763875892,-1.2131498467491455
1924,51400535,r,9,-0.8644912872867496,0.1238342967374162,0.27833035698631536,1.0695812471474446,-0.8644912872867496
1925,51551642,g,6,-0.9135916222431788,0.12284884830122467,0.2110279657663654,0.8551841531422042,-0.9135916222431788
1926,51551642,i,16,-1.278647937548855,0.3023220767010736,0.5711774648904897,1.7674547180725868,-1.278647937548855
1927,51551642,r,17,-0.7579167183102604,0.11712795778478557,0.20878977747858452,0.7298070590761702,-0.7579167183102604
1928,51595185,g,7,-0.829620421593813,0.17309952547544571,0.2879306619418416,0.7449072615667772,-0.829620421593813
1929,51595185,i,19,-1.495522135215459,0.28641553790487784,0.6911896451364534,2.0916401431229206,-1.495522135215459
1930,51595185,r,19,-1.2750300267933146,0.15575716202070367,0.3167022693881121,1.086590755919263,-1.2750300267933146
1931,51595185,u,4,-1.2680726468338333,0.08791412660158571,0.20658025834270788,0.2556341668808764,-1.2680726468338333
1932,51611896,g,2,-1.7628434235303465,0.010077467593194722,0.010077467593194722,0.8250201036192881,-1.7628434235303465
1933,51611896,i,11,-1.0485051275225277,0.02641564124908591,0.0479047985751595,0.7263972675553989,-1.0485051275225277
1934,51611896,r,14,-1.0636319154277358,0.062218945571622886,0.15712139853327156,0.4162971934869381,-1.0636319154277358
1935,51730702,g,4,-1.353557993625611,0.24907241753200116,0.4724624470677474,1.6627691986173163,-1.353557993625611
1936,51730702,i,23,-1.920877447923802,0.29989690866791374,0.5915345184098424,3.1651820018519587,-1.920877447923802
1937,51730702,r,32,-1.5682027394336435,0.2237421475181871,0.48426627348020324,1.726586627148016,-1.5682027394336435
1938,51735471,g,6,-1.9186608964744087,0.2966065036990535,0.4866366410375378,2.3914155380535473,-1.9186608964744087
1939,51735471,i,5,-0.9263652745322812,0.29498102711115004,0.2990762255055116,0.5321144062696519,-0.9263652745322812
1940,51735471,r,6,-1.0558869411148266,0.19729589260733582,0.315142225354745,0.6818249466237764,-1.0558869411148266
1941,51735471,u,4,-2.6527172247892916,0.24002414339633793,0.2577060626264984,1.3161922588174553,-2.6527172247892916
1942,51762591,g,2,-0.4232665358382579,0.16835274225176167,0.16835274225176167,0.2530058459614199,-0.4232665358382579
1943,51762591,i,3,-0.13819608588947208,0.4236989525061471,0.8851421917472808,0.7022246671108436,-0.13819608588947208
1944,51762591,r,5,0.14056503722686592,0.13284544881984367,0.18528072872818788,0.14622017766765488,0.14056503722686592
1945,5178471,i,6,-1.7459999513392468,0.08438355761188132,0.12840241791307938,2.773271977822256,-1.7459999513392468
1946,5178471,r,7,-1.2020665351734232,0.07614768711215802,0.11475324614036775,1.0399928351671204,-1.2020665351734232
1947,51818909,g,2,-1.2768587838999423,0.15346088685103765,0.15346088685103743,0.9221853010900394,-1.2768587838999423
1948,51818909,i,5,-1.0160194124153403,0.1365708066940965,0.2703310700841528,1.4390077593776929,-1.0160194124153403
1949,51818909,r,10,-0.8598075239472722,0.16140159534393012,0.2814837195063994,0.6772601805366188,-0.8598075239472722
1950,52054385,g,9,-1.368375772752937,0.18851188636957317,0.7864176853115974,1.657981350683712,-1.368375772752937
1951,52054385,i,15,-1.1725298163790256,0.4907679509461369,0.9415238360086868,1.4371249811977347,-1.1725298163790256
1952,52054385,r,17,-1.0159955836542567,0.37701843826465653,0.6421603808489081,0.8587496066649472,-1.0159955836542567
1953,52054385,u,5,-2.6000687860123985,0.1293612129299837,0.2761450086295154,3.9181224931852454,-2.6000687860123985
1954,52148723,g,7,-1.142194602810128,0.04100038655827021,0.38611831586748147,0.49099191455066743,-1.142194602810128
1955,52148723,i,16,-0.4669860832304843,0.0899517179919882,0.21835674445066144,0.10669610736859676,-0.4669860832304843
1956,52148723,r,18,-0.5470264663415851,0.09355075724202133,0.21407099331197554,0.12435722495050457,-0.5470264663415851
1957,52148723,u,2,-1.105590022849996,0.3165730880354003,0.3165730880354003,0.5104591968656775,-1.105590022849996
1958,52324406,g,5,-1.1644110611066765,0.05880408340419807,0.09108382984241903,0.7271172440571071,-1.1644110611066765
1959,52324406,i,8,-2.4233916737475267,0.1395971355144583,0.3999700226743901,4.007790582824596,-2.4233916737475267
1960,52324406,r,6,-1.5580569711931476,0.1043129172033822,0.16303705130758384,1.3259442005796538,-1.5580569711931476
1961,52333832,g,5,-0.9051230835217403,0.1128340052327027,0.3549631405874001,1.1490565047480634,-0.9051230835217403
1962,52333832,i,17,-0.5814460366937229,0.40567800515611285,0.8977795476777224,0.44338510939498177,-0.5814460366937229
1963,52333832,r,16,-0.6552989906605977,0.28509549372875076,0.5627172101141437,0.4867094986677186,-0.6552989906605977
1964,52333832,u,4,-3.268282818812348,0.04761739542930554,0.1876349463510305,1.3888104130882442,-3.268282818812348
1965,52497110,g,2,-1.334330027938059,0.5300789600525332,0.5300789600525333,1.3871401645538586,-1.334330027938059
1966,52497110,i,6,-1.8509200277026083,0.06679284676818331,0.30508550061672834,2.9967595953150687,-1.8509200277026083
1967,52497110,r,7,-0.9047195189716037,0.04911512968220366,0.06880455341779912,0.7354564520236975,-0.9047195189716037
1968,52534701,g,5,-0.6651783127419909,0.11922548659691812,0.22264310308015356,0.44462393256904625,-0.6651783127419909
1969,52534701,i,11,-1.2060947657940813,0.18708826695873748,0.3095499154732775,1.9136268926927629,-1.2060947657940813
1970,52534701,r,13,-0.7199906229815611,0.06102343482151373,0.11974996607725263,0.6480900810866337,-0.7199906229815611
1971,52536845,g,5,-0.21340630712303632,0.17915973818090514,0.9448568123385571,0.2914855744160507,-0.21340630712303632
1972,52536845,i,16,0.3919308508668416,0.20136705585858372,0.4641887028946393,0.6788415914635758,0.3919308508668416
1973,52536845,r,13,0.1842792361999256,0.345006770412123,0.7629589584807073,0.3244365307608056,0.1842792361999256
1974,52536845,u,4,-2.5202519239846923,0.0380903782932418,0.22048426972131363,0.3663038123949202,-2.5202519239846923
1975,52587336,i,6,-1.5867594851881335,0.23031775614895822,0.4881302146608639,3.4587183405870707,-1.5867594851881335
1976,52587336,r,10,-1.3052873945397314,0.11173056291839256,0.19462184127131632,2.0571301357866743,-1.3052873945397314
1977,52616622,g,5,-0.5117404156121479,0.06109897427630162,0.13397844474920662,0.42963156783869677,-0.5117404156121479
1978,52616622,i,8,-1.3106019625787386,0.0476924618173139,0.08328408616617478,1.7717175080643688,-1.3106019625787386
1979,52616622,r,9,-0.7448605062282687,0.018610835641522105,0.03616752530225009,0.6165891822944457,-0.7448605062282687
1980,52637688,i,6,0.6437737328964095,0.023963401095866033,0.04471468506282272,0.30401348775263964,0.6437737328964095
1981,52637688,r,6,1.641680076832854,0.042064577068354314,0.11469124081287907,1.5854088289804167,1.641680076832854
1982,52650638,g,5,-0.7755878707359484,0.015849335511191942,0.024414904884401123,0.638591081080153,-0.7755878707359484
1983,52650638,i,4,-0.9216479672291034,0.008246766370565595,0.05653243792788265,0.7481065755781073,-0.9216479672291034
1984,52650638,r,5,-0.6397259546848514,0.009589131411486318,0.04269500920650682,0.5330271925978596,-0.6397259546848514
1985,52650638,u,5,-0.7507436583582394,0.028864477314070713,0.35450490383672006,0.10816439735152916,-0.7507436583582394
1986,52657354,g,2,-0.994846063609548,0.04910133156531399,0.04910133156531393,1.0662639589530127,-0.994846063609548
1987,52657354,i,18,-1.8792947772029382,0.23693854421398552,0.43884150394463184,4.1616060380273625,-1.8792947772029382
1988,52657354,r,15,-1.2865945515493982,0.04750811727976956,0.11975831440903661,1.9447958837270498,-1.2865945515493982
1989,52771388,i,7,-2.0073869642695277,0.024989781098380126,0.1814103853349831,5.851819835605112,-2.0073869642695277
1990,52771388,r,5,-1.2790140253193945,0.2473886097569873,0.6200506932285295,1.6858274020773087,-1.2790140253193945
1991,52816396,g,4,-0.6868532474781357,0.1802384100986682,0.42621361566255744,0.44451567499439426,-0.6868532474781357
1992,52816396,i,5,-2.5146046341810813,0.06671709780701018,0.08549430036691508,5.524811579117555,-2.5146046341810813
1993,52816396,r,3,-1.4867612136882193,0.1110382340315299,0.36513687405323414,2.461917787391631,-1.4867612136882193
1994,52821269,i,9,-2.512265378579665,0.11223112164238414,0.13230071025425127,6.792882622039114,-2.512265378579665
1995,52821269,r,7,-1.6618453315025972,0.12145827537731879,0.3435352655223505,2.885588055083462,-1.6618453315025972
1996,52893007,i,10,-1.8999325802050953,0.03923827705128402,0.0725394983709704,2.8464448773284965,-1.8999325802050953
1997,52893007,r,11,-1.0999731007210056,0.052153329346333877,0.13871587305838595,0.7622282350639356,-1.0999731007210056
1998,53040392,g,4,-1.4140663291400242,0.10918558394272604,0.2941819612107801,1.7590384654206521,-1.4140663291400242
1999,53040392,i,13,-0.9129467364970784,0.11119645888984808,0.2776842834838561,1.0876089782145615,-0.9129467364970784
2000,53040392,r,15,-0.988539473736862,0.20093073935816164,0.3321890045930419,1.033775059028407,-0.988539473736862
2001,53040392,u,4,-1.1267232785042294,0.04670071700835554,0.13730369541384002,0.14566991678585994,-1.1267232785042294
2002,53079200,g,2,-0.5766326501615736,0.03773321299117505,0.037733212991174936,0.3230003818509075,-0.5766326501615736
2003,53079200,i,7,-0.8380948864186595,0.13762893790238484,0.47080911444789564,1.2781256858928185,-0.8380948864186595
2004,53079200,r,4,-0.523646258522025,0.34974641680971436,0.5307811675824761,0.5736438392681121,-0.523646258522025
2005,53196699,g,8,-0.48779192136953986,0.11252413213394341,0.16567719473148462,0.2929609202157928,-0.48779192136953986
2006,53196699,i,13,-0.685355908612878,0.35603343983643965,0.8680228452690375,0.8600050906255198,-0.685355908612878
2007,53196699,r,14,-0.41011721849687094,0.1278335558976315,0.5642674781809641,0.391342031050507,-0.41011721849687094
2008,53196699,u,4,-0.5711272211832201,0.0328993287836985,0.06907195819281176,0.12590058916113653,-0.5711272211832201
2009,53305051,i,6,-1.0267522796858048,0.07262591977624333,0.1395369405539475,1.355770396981394,-1.0267522796858048
2010,53305051,r,6,-0.7471642208201856,0.07781227917839417,0.13878709294826863,0.6426298634358352,-0.7471642208201856
2011,53331408,g,7,-0.6927776539009939,0.12942735812282835,0.4268758130107616,0.6952442572469836,-0.6927776539009939
2012,53331408,i,13,0.02604608145256565,0.46584001209184717,0.7939874913092457,0.2509525209810745,0.02604608145256565
2013,53331408,r,12,-0.04257465922081757,0.5297990861906821,1.3312691875054585,0.6731138328123142,-0.04257465922081757
2014,53331408,u,3,-0.4953312989845986,0.017954277450606515,0.7356138973547699,0.09719949576897662,-0.4953312989845986
2015,53339739,g,3,-0.40714932913833746,0.06755640127228046,0.08253627541512931,0.12368093611060789,-0.40714932913833746
2016,53339739,i,11,-1.4541357729019588,0.07318544413109329,0.11069911643179742,2.2508837952274106,-1.4541357729019588
2017,53339739,r,13,-1.0387754654945116,0.09862764737795904,0.14198838551583015,0.80035629629356,-1.0387754654945116
2018,53353680,g,3,-1.3509878153385206,0.0410466895728101,0.2008672797803972,1.5072505632046471,-1.3509878153385206
2019,53353680,i,6,-1.6583363650350398,0.16882873159510003,0.27622943324273463,3.0632652588721143,-1.6583363650350398
2020,53353680,r,9,-1.6109490888817222,0.11343744180112703,0.224028364312566,2.7063720608566055,-1.6109490888817222
2021,53391499,i,10,-2.0123276798896166,0.37772505989103755,0.8936677035363796,3.9583508179681646,-2.0123276798896166
2022,53391499,r,8,-0.2677511861718211,0.20341459789706826,0.4213577869399936,0.19447297000443492,-0.2677511861718211
2023,53465448,g,5,-0.5922118848813895,0.06939624966376445,0.2676857182975583,0.33705935009181986,-0.5922118848813895
2024,53465448,i,5,-0.7000516368596016,0.19548001100250856,0.32353597758484653,0.7774310915936455,-0.7000516368596016
2025,53465448,r,10,-0.6376085530965793,0.04753673286527882,0.06406823896956793,0.6068774466719147,-0.6376085530965793
2026,5356671,g,4,-0.5703168610644878,0.20397173528429516,0.40719794486030975,0.23953938978903436,-0.5703168610644878
2027,5356671,i,4,-0.44324087336605766,0.023361493158570168,0.04291611670120188,0.1655161278051555,-0.44324087336605766
2028,5356671,r,3,-0.3834439384888296,0.005461508367643586,0.022352141953550064,0.1098921348943882,-0.3834439384888296
2029,5356671,u,4,-1.1841728019554445,0.610122336783401,1.228394083306204,1.3452674156471098,-1.1841728019554445
2030,53616246,g,5,-0.6907600546419708,0.30667617602064534,0.36413826428647345,0.3958933493923834,-0.6907600546419708
2031,53616246,i,23,-1.1988534793833476,0.2311369561642631,0.7595498634004441,2.37813932744373,-1.1988534793833476
2032,53616246,r,22,-0.9829785717410715,0.2589374256806233,0.48499091101670166,0.85684914874419,-0.9829785717410715
2033,53636521,g,4,-0.6339371213916651,0.020906903803525223,0.03736718120460969,0.49336342270314176,-0.6339371213916651
2034,53636521,i,6,-0.7785323339773108,0.2904502118893417,0.5601861205829708,0.8187873568679892,-0.7785323339773108
2035,53636521,r,8,-0.41196838568780675,0.02489937086958624,0.06894924969120714,0.17399623830548452,-0.41196838568780675
2036,53763890,g,3,-1.2337493738051812,0.13304637407346198,0.13648269439902516,1.3637452772136835,-1.2337493738051812
2037,53763890,i,8,-2.1474138580136897,0.040799536162248407,0.11279092563471771,4.734459554243078,-2.1474138580136897
2038,53763890,r,9,-1.4759017507745855,0.056318679673314165,0.10952182191730842,2.2628633898970225,-1.4759017507745855
2039,53843365,i,10,-1.8010733737254085,0.07034804005514672,0.16028502763189345,3.5054060131053055,-1.8010733737254085
2040,53843365,r,12,-1.2116318498532546,0.09103045841809865,0.22420881199050902,1.3519318751100506,-1.2116318498532546
2041,53911297,g,2,-0.4502095391268633,0.14955051552251758,0.14955051552251752,0.2377397503697519,-0.4502095391268633
2042,53911297,i,7,-1.3260333847536268,0.13719026069222773,0.30308762817609125,2.016386869116265,-1.3260333847536268
2043,53911297,r,5,-0.7205661524861338,0.05092310150665069,0.07309449574555082,0.6178567435280407,-0.7205661524861338
2044,53911297,u,2,-0.2690716034552354,0.0502520947663303,0.0502520947663303,0.040703712147194974,-0.2690716034552354
2045,53956367,i,9,-1.6650537853109468,0.08538299312525388,0.16316055592926282,3.270160496079502,-1.6650537853109468
2046,53956367,r,6,-1.1481011246532171,0.1716016852095526,0.2666568915311459,1.4564191820219836,-1.1481011246532171
2047,54129689,i,7,-2.3711850299115564,0.07632892764046995,0.12045855465730693,4.712844726087653,-2.3711850299115564
2048,54129689,r,5,-1.9206896366467459,0.11057469676111609,0.1492596268524473,3.352994365811559,-1.9206896366467459
2049,54130138,g,7,-0.8134936377614466,0.18874887570865062,0.6069070289799197,1.0829428270724344,-0.8134936377614466
2050,54130138,i,14,-1.3520994599361762,0.33603986123111695,0.5158629889619581,1.966667661564338,-1.3520994599361762
2051,54130138,r,13,-0.7312589358906869,0.1057440209758087,0.5687157622661597,0.8434301524729306,-0.7312589358906869
2052,54236102,g,2,0.7483987677384649,0.03403650245166845,0.03403650245166845,0.25788071129730605,0.7483987677384649
2053,54236102,i,14,-0.8333147777134106,0.20780585101020055,0.649760310592851,0.5054097033452548,-0.8333147777134106
2054,54236102,r,13,0.017011375729365952,0.20202452911176882,0.6813789358772937,0.14375988404301712,0.017011375729365952
2055,54302923,i,5,-0.6445534725410371,0.017366609904219676,0.5703946552976992,0.2431377634085769,-0.6445534725410371
2056,54302923,r,5,-0.5320504089676872,0.11159375018099449,0.652813487442794,0.20232645968180352,-0.5320504089676872
2057,54305097,g,6,-0.9180440959173293,0.049793709476827375,0.08038615767784674,0.5892366708471363,-0.9180440959173293
2058,54305097,i,14,-0.4492832807157786,0.5071350099503842,0.9862261100425572,0.5682246417980344,-0.4492832807157786
2059,54305097,r,12,-0.6486624769146512,0.24703453257633826,0.3326761253892777,0.7141979889342881,-0.6486624769146512
2060,54305097,u,6,-2.205192059372189,0.10997644572511822,0.1771429191302536,0.43088127995701986,-2.205192059372189
2061,54332979,g,4,-2.280835596110057,0.08271936976981875,0.27898395337395065,2.13262059392232,-2.280835596110057
2062,54332979,i,2,-2.293137395363468,0.07862043331434787,0.07862043331434787,3.699697742180593,-2.293137395363468
2063,54332979,r,5,-1.9324091125530445,0.07348846210689874,0.39654907008593243,1.8651089585561824,-1.9324091125530445
2064,54339325,g,4,-1.5807654809891525,0.08902149198868337,0.10499363577764576,1.1589339955887037,-1.5807654809891525
2065,54339325,i,14,-1.6701571389675862,0.13229055827957947,0.42376983111126143,1.6798312402816542,-1.6701571389675862
2066,54339325,r,13,-1.5248952224348504,0.20149513415511056,0.3256430268440198,0.9308295159204664,-1.5248952224348504
2067,54384464,g,11,-1.015421828304675,0.22576773694011343,0.5644348592070956,0.8052741263030324,-1.015421828304675
2068,54384464,i,34,-1.3838013756129328,0.5492599894450534,0.8979592953404034,1.9925244826563016,-1.3838013756129328
2069,54384464,r,37,-1.0048564014996706,0.4709535399614466,0.863288784841946,0.7957663742751816,-1.0048564014996706
2070,54384464,u,7,-1.3102896536434212,0.20045993470297097,0.4198007487953783,0.5290098527988123,-1.3102896536434212
2071,54408915,g,5,-0.04078951196683889,0.045343104959131963,0.05490553412072641,0.030546754805783376,-0.04078951196683889
2072,54408915,i,7,-1.0279488333321056,0.1137981941582844,0.1613038119562994,1.533548626351148,-1.0279488333321056
2073,54408915,r,11,-0.6227854973735603,0.06935766912366259,0.10679638342825681,0.488890616491748,-0.6227854973735603
2074,54529928,g,8,-0.4497439994807283,0.22142794765145857,0.43898573642475663,0.24250744705467964,-0.4497439994807283
2075,54529928,i,13,-1.1714449020596254,0.41033763222629216,0.7116501174139027,1.3858425944487005,-1.1714449020596254
2076,54529928,r,17,-0.3404547639400458,0.38126312540358887,1.02407416603578,0.32628401702581167,-0.3404547639400458
2077,5457706,g,6,-0.06204818674782825,0.1445584962662118,0.2430341589525728,0.04316130289805443,-0.06204818674782825
2078,5457706,i,12,-0.9064256768243517,0.29671864425934125,0.4866623189479362,1.085017509903787,-0.9064256768243517
2079,5457706,r,14,-0.47286782309618,0.11489932201048625,0.28025138223006,0.25865942347721765,-0.47286782309618
2080,54804597,i,6,-2.0807166877557606,0.09144145827980577,0.1872599228116929,3.157889499458775,-2.0807166877557606
2081,54804597,r,4,-1.7210548690247356,0.04031636607207023,0.15465568211681502,1.44244282517791,-1.7210548690247356
2082,54916505,g,3,-1.001982999978272,0.03404132549151839,0.05914358380131213,0.9334533110376887,-1.001982999978272
2083,54916505,i,9,-0.380446707511072,0.22118623337942145,0.4722077192815969,0.19297363177735966,-0.380446707511072
2084,54916505,r,11,-0.35376176114607705,0.18693069181498745,0.49240076665352855,0.1565017178190148,-0.35376176114607705
2085,54916505,u,2,-2.0344196610659635,0.0008976960991284866,0.0008976960991282645,0.42046445635690577,-2.0344196610659635
2086,5493907,g,3,-0.7562262976279227,0.0029152361556954443,0.10401627202844832,0.6083558709120899,-0.7562262976279227
2087,5493907,i,7,-0.2358640751556547,0.03913682630589699,0.2022613822150468,0.20741843106209285,-0.2358640751556547
2088,5493907,r,4,-0.5467162782014439,0.10099976892485021,0.12508384479790996,0.3756753813136403,-0.5467162782014439
2089,54957923,g,6,-0.6571858810719132,0.0817879660073138,0.1429465178180409,0.5300847896209652,-0.6571858810719132
2090,54957923,i,12,-1.3056401772219375,0.0695933000368898,0.14251034398460805,2.1265949073260173,-1.3056401772219375
2091,54957923,r,13,-0.5494585977721888,0.05499724496292219,0.12175815109691857,0.4394603003131125,-0.5494585977721888
2092,55005204,i,9,-0.7769335808850876,0.028298291226096173,0.04320958061965796,0.5000022080027491,-0.7769335808850876
2093,55005204,r,7,-0.5557378994796632,0.1555711241697525,3.0537861978510534,3.51268148188239,-0.5557378994796632
2094,55005204,u,4,-0.5856023385592837,1.5882898374127468,3.2954739847419323,0.232347644828473,-0.5856023385592837
2095,55021067,i,6,-1.3016092777815946,0.14733731531417327,0.2808550572707089,2.2651004991149786,-1.3016092777815946
2096,55021067,r,4,-0.7889310793145297,0.012977135902448367,0.028666355806085453,0.8032758945638669,-0.7889310793145297
2097,55068773,i,9,-2.6390095616361617,0.19912718050079015,0.44973375886424627,9.053008539963919,-2.6390095616361617
2098,55068773,r,6,-1.6069192417216518,0.16795281346500468,0.29272871891404284,3.0543958311857295,-1.6069192417216518
2099,55184602,g,5,-0.35455527581595636,0.23584920916027874,0.2396563730645731,0.21819530256868208,-0.35455527581595636
2100,55184602,i,27,-2.2086673760639046,0.3746930541992777,0.8083245122786336,4.214750270036264,-2.2086673760639046
2101,55184602,r,14,-0.6626925775003745,0.3180532789827121,0.5502609750342314,0.6008037771360648,-0.6626925775003745
2102,55191703,g,4,-0.7771267060673541,0.16644649743977513,0.28371119619269314,0.7600917573316417,-0.7771267060673541
2103,55191703,i,18,-2.058643964367834,0.3480834449931689,0.6960870758933964,4.851790677507282,-2.058643964367834
2104,55191703,r,18,-1.3469695720442227,0.2651734035384872,0.6033746308220436,1.8799588963610552,-1.3469695720442227
2105,55225731,i,12,-2.6963564074109487,0.5223546734586257,1.635387134481007,8.92977675806336,-2.6963564074109487
2106,55225731,r,7,-1.8964373422719019,0.4840944286395712,1.0577239563206904,3.755034212457434,-1.8964373422719019
2107,55246815,i,10,-2.384776442796444,0.04738472691903439,0.08735621565298768,6.326543454107103,-2.384776442796444
2108,55246815,r,2,-1.4342112782996281,0.1612020696066424,0.1612020696066423,3.1201589066211475,-1.4342112782996281
2109,5524811,g,8,-0.577327529433156,0.16079375245306868,0.2834516376083164,0.4476045717759197,-0.577327529433156
2110,5524811,i,19,-1.6487363691596182,0.22148327522514832,0.42122278343021957,2.8735229301708016,-1.6487363691596182
2111,5524811,r,27,-1.0946991668991097,0.17603690876415912,0.3674627097420051,0.9773688269591112,-1.0946991668991097
2112,55253904,g,3,-1.1522631946275583,0.0982040042061767,0.24729653333681512,0.6624492983613547,-1.1522631946275583
2113,55253904,i,4,-1.0374588019861817,0.07940770766275151,0.17801429000207636,1.330930631791746,-1.0374588019861817
2114,55253904,r,8,-0.90837188307892,0.13061889133846888,0.22951205554649667,0.7376805640966002,-0.90837188307892
2115,55272445,i,9,-0.2269861003827522,0.17885468980453595,0.2646205018951179,0.07648525663099025,-0.2269861003827522
2116,55272445,r,9,-0.5046518242400478,0.08982458438895902,0.5650330140012388,0.2563534804948243,-0.5046518242400478
2117,55277553,g,8,-0.6002529810780465,0.09635804272142162,0.2568182893773385,0.26199582615608646,-0.6002529810780465
2118,55277553,i,10,-1.4645543322033379,0.4146125869370476,0.771502926349676,2.475335782097725,-1.4645543322033379
2119,55277553,r,11,-0.8432641839626815,0.24813431043577072,0.41255674495414296,0.9437058480020575,-0.8432641839626815
2120,55297542,i,5,-1.7184467221247237,0.2332940516180546,0.27744944208403965,3.6357528360227676,-1.7184467221247237
2121,55297542,r,7,-1.423396102364078,0.08731289676618736,0.10837863672097114,3.2275850614441,-1.423396102364078
2122,55334587,g,3,0.22755140700423326,0.15985792540984334,0.24263496122475592,0.03552792458448497,0.22755140700423326
2123,55334587,i,9,-1.1534976243482253,0.14050279344502647,0.32137545132351386,1.150336354158772,-1.1534976243482253
2124,55334587,r,11,-0.40383886700570926,0.11045000996342025,0.2347363370594615,0.2167776597305862,-0.40383886700570926
2125,55512297,g,6,-0.9507446103986061,0.01926374709329992,0.03501429710540205,0.7434567709418229,-0.9507446103986061
2126,55512297,i,9,-0.4960414772092636,0.09852416417225518,0.17423765397372104,0.18508282446958865,-0.4960414772092636
2127,55512297,r,11,-0.40781969129909545,0.06279894962077415,0.11245442388588822,0.08923490593783892,-0.40781969129909545
2128,55512297,u,5,-1.8113606220302216,0.09849308898965248,0.13919594402535385,1.168759317540598,-1.8113606220302216
2129,55520589,i,7,-2.1001512523044505,0.18844075509357694,0.41771173686993013,4.804819933262103,-2.1001512523044505
2130,55520589,r,4,-1.9689807103889385,0.26524429802824345,0.5818190590290198,2.515812189226918,-1.9689807103889385
2131,55612093,g,5,-1.3136593142311797,0.05869822715660744,0.30980451257039876,0.6671995723645059,-1.3136593142311797
2132,55612093,i,19,-1.270541679102985,0.11945860505169259,0.4050126481306491,1.1036166797497122,-1.270541679102985
2133,55612093,r,16,-0.9770589798844009,0.08067625118221944,0.29327869462037404,0.4376027758286851,-0.9770589798844009
2134,55612093,u,6,-1.8504903921249793,0.0590142208690394,0.1591963518605557,1.8094033504638152,-1.8504903921249793
2135,55645528,g,2,-1.568690397208407,0.07622588609045855,0.07622588609045833,2.1311847260297436,-1.568690397208407
2136,55645528,i,7,-1.0488022345166716,0.3654969893381188,0.6042123118245322,1.2487630126856535,-1.0488022345166716
2137,55645528,r,8,-0.983722359085241,0.14397362409808934,0.30184260380404393,0.941974283547401,-0.983722359085241
2138,55681708,g,7,-0.7924245771238512,0.2611774846479523,0.3558689251886039,0.4106411515773679,-0.7924245771238512
2139,55681708,i,28,-1.2787036057811196,0.08050265650292865,0.1670734536150258,1.3349910538450558,-1.2787036057811196
2140,55681708,r,26,-0.7488704602754085,0.05420772521083367,0.09503158554391777,0.4390340375193734,-0.7488704602754085
2141,55715565,g,2,-0.24144398484828966,0.03917003030512145,0.03917003030512145,0.09523391956363109,-0.24144398484828966
2142,55715565,i,7,-1.081360249012943,0.08205129071541184,0.19533105566511488,1.8166826573638082,-1.081360249012943
2143,55715565,r,5,-0.7758019068737334,0.03932250994046127,0.04407123951407377,0.8628837380925674,-0.7758019068737334
2144,55739049,i,10,-2.16443024336022,0.41733225770850657,0.8598383106520961,5.277666696339028,-2.16443024336022
2145,55739049,r,5,-1.4715753333874315,0.20009416498041643,0.36569061833628336,1.6511825782911687,-1.4715753333874315
2146,55778925,g,7,-0.3991452839737917,0.14742271204592616,0.402288551797075,0.23039173873646046,-0.3991452839737917
2147,55778925,i,9,-0.6849246128435226,0.21390026576351562,0.3452251540219375,0.5564063071320052,-0.6849246128435226
2148,55778925,r,16,-0.14385400244404029,0.20669988243248946,0.3139726703847515,0.0986795588863611,-0.14385400244404029
2149,55816105,g,3,-0.872151330383513,0.1425459867958616,0.2241167977880637,0.5449563997257255,-0.872151330383513
2150,55816105,r,11,-1.5787034310018333,0.2771102646831871,0.45337967698129855,2.1784887573473513,-1.5787034310018333
2151,55834969,i,9,-2.6456240694677096,0.5409887761263699,1.1403767956827693,6.2020277337018115,-2.6456240694677096
2152,55834969,r,10,-2.056105891853944,0.6146639613737632,1.201768690705856,2.9759751553019984,-2.056105891853944
2153,55840477,g,2,-0.6110212079901511,0.5046819999650103,0.5046819999650103,0.4472056293975613,-0.6110212079901511
2154,55840477,i,5,-0.05144905517613657,0.01900374563485477,0.02359391344309722,0.08964955555036533,-0.05144905517613657
2155,55840477,r,6,0.29179436617407295,0.1119795606363074,0.5463389508350049,0.1947735242547107,0.29179436617407295
2156,55840477,u,2,-0.9867903780779999,0.015342042968189196,0.015342042968189196,0.07581042003094501,-0.9867903780779999
2157,55905208,g,4,-0.5416784505251993,0.009917894276960326,0.03651359838346857,0.419580011328329,-0.5416784505251993
2158,55905208,i,4,-0.6727984438693386,0.39901365246005394,0.8739911106118913,0.6028633577685372,-0.6727984438693386
2159,55905208,r,3,-0.061768350985929754,0.0084013952681522,0.0149663326869241,0.006806202399428365,-0.061768350985929754
2160,55997872,i,10,-0.2785910012021629,0.2837172441617182,1.0926326716522927,0.4095747767299825,-0.2785910012021629
2161,55997872,r,3,-0.40054537259906176,0.12621609093774233,0.23484701429962732,0.2236225492292554,-0.40054537259906176
2162,56031818,g,6,-0.9786250318532141,0.04681755966919343,0.2759891147325999,0.7931935013341557,-0.9786250318532141
2163,56031818,i,13,-0.5290274330544646,0.16926941523390937,1.0306698054363796,0.4504090257382305,-0.5290274330544646
2164,56031818,r,16,-0.4630141956759748,0.047667078188763146,0.2907049652099831,0.1448060369485078,-0.4630141956759748
2165,56031818,u,6,-1.4904970923207888,0.06150491778935385,0.3119157228202447,0.8452202448880032,-1.4904970923207888
2166,56054731,i,8,-1.765393623917367,0.11419980320542877,0.22297695079801017,3.7258245815837077,-1.765393623917367
2167,56054731,r,3,-1.1201206266315342,0.0558277649201695,0.16246429439078724,1.541729178457534,-1.1201206266315342
2168,56107022,i,5,-1.2705056895038238,0.082700306667709,0.15700622421108967,2.0547066452928293,-1.2705056895038238
2169,56107022,r,8,-0.7214836953764254,0.06724502615627215,0.11741456004838713,0.6779419026376703,-0.7214836953764254
2170,56247592,g,3,-2.020005744688347,0.091388792434004,0.3133757873049563,1.1792710358329417,-2.020005744688347
2171,56247592,i,15,-0.9382061747810169,0.04223978035033937,0.12551995130651883,0.5153469013082378,-0.9382061747810169
2172,56247592,r,11,-1.1303126209590406,0.14451430301725576,0.23139397966090303,0.5198996271649077,-1.1303126209590406
2173,56327299,g,7,-0.640331723634642,0.17999963429641247,0.3943487525264181,0.5927876992401406,-0.640331723634642
2174,56327299,i,8,-1.6249860516267542,0.10966993585665852,0.4142240082391775,4.012945495574598,-1.6249860516267542
2175,56327299,r,12,-1.2884871107851357,0.39825065746954347,0.7515427422882002,1.5761736910799433,-1.2884871107851357
2176,56498455,g,5,-0.6176173505754756,0.03344066091081466,0.18786236914281973,0.6217494822768936,-0.6176173505754756
2177,56498455,i,15,-1.1873199148913098,0.1848571713717888,0.45280484319989367,1.1522211018849158,-1.1873199148913098
2178,56498455,r,11,-0.7413833303068318,0.05795506915304793,0.09528261735192567,0.4791417216175565,-0.7413833303068318
2179,56500201,i,5,-0.4326655138588016,0.14917524519138148,0.20656579800252206,0.3359047307576243,-0.4326655138588016
2180,56500201,r,6,-0.10623543146771983,0.15881071178113132,0.46601473825003054,0.15957179981297537,-0.10623543146771983
2181,56567837,i,7,-2.281993145025955,0.14108961318041535,0.23378836008528836,5.742862782519246,-2.281993145025955
2182,56567837,r,9,-1.4007384666214369,0.07043200608624578,0.13648998650271138,2.365759432654452,-1.4007384666214369
2183,5663557,g,2,-0.7467058430990774,0.006971941482321498,0.006971941482321498,0.4684437462489942,-0.7467058430990774
2184,5663557,i,11,-1.0101737842296186,0.13959536650797277,0.21935537075020517,1.149247945670748,-1.0101737842296186
2185,5663557,r,10,-0.7890993115699692,0.21898065736986427,0.47982455988676953,0.7582155986539135,-0.7890993115699692
2186,5663557,u,2,-1.519295551285973,0.04728365720402783,0.04728365720402783,0.2614707314986441,-1.519295551285973
2187,56680035,g,4,-0.6832492270676515,0.14783617315680567,0.27602272608765965,0.5254450873487868,-0.6832492270676515
2188,56680035,i,7,-1.0600991492193743,0.18805173149081433,0.29723574991250135,1.4678919117565978,-1.0600991492193743
2189,56680035,r,13,-0.8737333111266049,0.16315390250406703,0.2545166688524182,0.9057914021692155,-0.8737333111266049
2190,56802630,g,6,-0.9399101934930421,0.19597597086809904,0.45450397776138707,0.9380403465164279,-0.9399101934930421
2191,56802630,i,18,-0.06538063450006329,0.5040021041100613,1.1387950592593663,1.7233172835734683,-0.06538063450006329
2192,56802630,r,13,-0.2748327785754881,0.3166220820750259,0.8006001195125944,0.19402317802708213,-0.2748327785754881
2193,56830844,g,4,-1.389972073333373,0.15230465300204254,0.3121308311202795,1.751562471116451,-1.389972073333373
2194,56830844,i,14,-0.8600251206659486,0.43617925740234653,0.8113664267444977,0.9089167347729569,-0.8600251206659486
2195,56830844,r,15,-0.925938800899025,0.2767541434893922,0.47414309764423124,0.5322017200852744,-0.925938800899025
2196,56830844,u,4,-2.3802621105285064,0.06269385766317725,0.13491995035927706,1.3489407285683015,-2.3802621105285064
2197,56852194,i,9,-1.1327086032012137,0.5284107595354883,0.8485979437915838,1.1487635985337166,-1.1327086032012137
2198,56852194,r,3,-1.1082030096467528,0.047248132450722125,0.32557428266183897,1.0097486004663574,-1.1082030096467528
2199,57046690,g,5,-0.6066504792986978,0.0540164990593347,0.06792826953427877,0.5311084793655969,-0.6066504792986978
2200,57046690,i,13,-1.4972910923498677,0.2356315513640006,0.5269754364034707,2.9391785259662986,-1.4972910923498677
2201,57046690,r,11,-0.9291483664272013,0.11485660876833692,0.16093320711908765,1.0939505707409298,-0.9291483664272013
2202,57141147,g,7,-1.1591574716440063,0.10374582188965031,0.1601782905427005,1.052735211948814,-1.1591574716440063
2203,57141147,i,18,-0.9390038620951839,0.1539873965797286,0.3567731098011667,0.7217022046197008,-0.9390038620951839
2204,57141147,r,22,-0.7847310563485406,0.08649314896446691,0.1596799357260632,0.7414350503925661,-0.7847310563485406
2205,57232974,g,9,-0.5100961067145416,0.2173279066424566,0.42891880745840716,0.3210540875371748,-0.5100961067145416
2206,57232974,i,23,-1.9369476053187,0.24999627614842712,0.5766415771743589,4.714323412631961,-1.9369476053187
2207,57232974,r,20,-1.1727927578616657,0.28036483417906344,0.5131926401771677,1.5792045900385454,-1.1727927578616657
2208,57342196,g,6,-1.4236458497741296,0.15510540952564034,0.32953409750046325,1.2365762287036246,-1.4236458497741296
2209,57342196,i,19,-1.62486344377248,0.3669423959911571,0.7186588754495111,1.8884513343704363,-1.62486344377248
2210,57342196,r,17,-1.3230583222726868,0.2281296372977557,0.45174936673565935,0.9942798145969887,-1.3230583222726868
2211,57475707,g,5,-0.6289776007631003,0.015393760909518495,0.12211086941842653,0.30554435810878855,-0.6289776007631003
2212,57475707,i,11,-0.9257277318169328,0.11411756947129104,0.26019174530501765,0.9801215913917697,-0.9257277318169328
2213,57475707,r,13,-0.3774303970575118,0.12001060868959595,0.18784892039684156,0.15755317202675892,-0.3774303970575118
2214,57507919,g,2,-0.797763478983337,0.01288024863293713,0.01288024863293713,0.61154456193384,-0.797763478983337
2215,57507919,i,10,-0.4547807533079672,0.22292933609759114,0.3921007145303694,0.37180768753781324,-0.4547807533079672
2216,57507919,r,9,-0.24551469909089219,0.19441100486583562,0.4303887437117495,0.3221839956289168,-0.24551469909089219
2217,57507919,u,2,-1.2532980861021665,0.21621262086734316,0.21621262086734339,0.15987074455827577,-1.2532980861021665
2218,575355,g,3,-0.3917176252534126,0.12142427288389868,0.1940080349689715,0.18739828196800187,-0.3917176252534126
2219,575355,i,10,-1.1990476547537883,0.2076799492854906,0.6271210008123598,2.367726991181324,-1.1990476547537883
2220,575355,r,9,-0.8806949507589567,0.10251566511439592,0.4391019574047057,1.0267347171429817,-0.8806949507589567
2221,57562774,g,2,-0.7249415733577022,0.0518454280936661,0.05184542809366621,0.5047942732271065,-0.7249415733577022
2222,57562774,i,11,-0.19128929343563006,0.0863265324814837,0.15320041219507008,0.038159269721527674,-0.19128929343563006
2223,57562774,r,9,-0.18309175144610368,0.022254775112059644,0.03837380493979925,0.025361163400746803,-0.18309175144610368
2224,57562774,u,2,-1.7758773093525537,0.037847458187949545,0.037847458187949545,0.6032098209546293,-1.7758773093525537
2225,57568076,g,3,-1.2546870166660318,0.24600657209292942,0.3027790808762474,1.0860978465031197,-1.2546870166660318
2226,57568076,i,9,-2.023732093069885,0.3496530764203043,0.8025849973182879,3.597230313344172,-2.023732093069885
2227,57568076,r,9,-1.4935151801706121,0.2935349022006126,0.5841731792358165,2.404439736628447,-1.4935151801706121
2228,57620991,g,3,-0.6067450610158346,0.020971631409685942,0.3612965743931458,0.5677998681176223,-0.6067450610158346
2229,57620991,i,13,-2.1665060558988376,0.6628904295002145,1.223271898471221,4.572514109767492,-2.1665060558988376
2230,57620991,r,14,-1.2179387089107552,0.34241605896425115,0.5578455297505662,1.5535106104046381,-1.2179387089107552
2231,57720495,g,5,-0.4098814933859529,0.5356693680449849,0.5928875516927168,0.6445072829391234,-0.4098814933859529
2232,57720495,i,6,-0.3924081611239856,0.4603828143200776,1.1758401260337643,0.8885753704761498,-0.3924081611239856
2233,57720495,r,9,0.05919767396259165,0.6607668604270553,0.7991535150720687,0.5582399710768731,0.05919767396259165
2234,57720495,u,3,-1.0958317507140976,0.6018622772045257,1.1158247239834953,0.40206155076935285,-1.0958317507140976
2235,57759468,g,3,-0.9083972107153302,0.010249705155696898,0.015172409829516287,0.7118632752602402,-0.9083972107153302
2236,57759468,i,13,-0.6373001078460767,0.23305814695076243,0.3799480045628366,0.36976163989375793,-0.6373001078460767
2237,57759468,r,12,-0.5655276255601085,0.07613520594053735,0.3887196847541343,0.2929983504765416,-0.5655276255601085
2238,57759468,u,2,-1.060142675184847,0.25870109036172595,0.25870109036172595,0.1670485458629511,-1.060142675184847
2239,5781341,g,9,-0.7120243586808858,0.34772794393021267,0.42074960449961196,0.9700235575236547,-0.7120243586808858
2240,5781341,i,22,-0.6548014901774962,0.24418339591625282,0.5620513872829189,0.6051922235876878,-0.6548014901774962
2241,5781341,r,21,-0.4819318779180076,0.17001136189000676,0.6620839725258796,0.3834153050877705,-0.4819318779180076
2242,5781341,u,6,-0.8452591335444765,0.34295153256849265,0.6390664692482246,0.08885941287783654,-0.8452591335444765
2243,57841929,g,4,-1.3974595694581242,0.04179439269402774,0.4039748590401091,2.28954154413535,-1.3974595694581242
2244,57841929,i,6,-1.4545114201393419,0.21320910628955891,0.5358031310606155,2.229297395348823,-1.4545114201393419
2245,57841929,r,8,-1.1599340097724489,0.14487808652255307,0.4539290868212862,1.7422256608645317,-1.1599340097724489
2246,57933033,g,3,-2.031547011226553,0.004472176965061525,2.439109936260207,3.808619664844796,-2.031547011226553
2247,57933033,i,3,-1.1826638247537442,0.007019370956179882,0.13830707626997718,0.7647577881614448,-1.1826638247537442
2248,57933033,r,4,-0.6025562327810623,0.730254381317172,2.0919449172746174,2.707915157694623,-0.6025562327810623
2249,57933033,u,3,-2.185546652385689,0.30394778532406397,0.31359747184612274,1.3617889841238853,-2.185546652385689
2250,5799557,g,4,-0.6259071713631601,0.07095041956655884,0.16350511946398882,0.5395050668621757,-0.6259071713631601
2251,5799557,i,11,-0.44300964729882075,0.07606503975967116,0.5313471007789317,0.35233494081037,-0.44300964729882075
2252,5799557,r,5,-0.14248612659585758,0.11933173592045865,0.19988074957107763,0.04932252557013065,-0.14248612659585758
2253,58098591,i,7,-2.223103680336611,0.22272147160188638,0.5185387647568476,4.9450452692743685,-2.223103680336611
2254,58098591,r,5,-1.3719246995090169,0.045272692225355016,0.08437623573465602,1.4671226438483118,-1.3719246995090169
2255,58102873,g,3,-0.5076246682451026,0.024715060087622587,0.02967547144614785,0.2527067435254369,-0.5076246682451026
2256,58102873,i,4,-1.3362888913093727,0.05636573532432099,0.0662384140136203,1.8256476248598905,-1.3362888913093727
2257,58102873,r,6,-0.753781648992803,0.10041112441956607,0.15766466300226667,0.4997173814259334,-0.753781648992803
2258,5815531,g,4,-1.0485486674159898,0.1722264896906307,0.32689588355666277,0.899419400547689,-1.0485486674159898
2259,5815531,i,14,-0.2808665606392944,0.18467160863458254,0.3486759537637426,0.09019168884240489,-0.2808665606392944
2260,5815531,r,15,-0.38090526033536776,0.07814012298024453,0.2679602420546181,0.21741890788130666,-0.38090526033536776
2261,5815531,u,3,-1.4414298311662446,0.01791698560373156,0.05723515036987292,0.433283400024856,-1.4414298311662446
2262,58215528,g,7,-0.6459049778520108,0.0669719080706932,0.21738869427637064,0.6676350294330875,-0.6459049778520108
2263,58215528,i,17,-1.2761714545234857,0.29248363214444284,0.6608396912192269,1.852907614572401,-1.2761714545234857
2264,58215528,r,17,-0.619022906281745,0.07254262848912163,0.3256706347099516,0.7483516095553747,-0.619022906281745
2265,58215528,u,4,-0.8156990412132225,0.32801153153835505,0.6616550219074212,0.1256713926389554,-0.8156990412132225
2266,58287486,g,2,-0.9391845924165888,0.03431915982292699,0.0343191598229271,0.5698645340709517,-0.9391845924165888
2267,58287486,i,4,-1.0218376687120965,0.05352897799469558,0.08630673091384167,1.241148366928692,-1.0218376687120965
2268,58287486,r,6,-0.9511246518742311,0.05528704886764629,0.10204130130271538,1.2582653138707578,-0.9511246518742311
2269,5830416,g,2,-1.3988061468832012,0.041988479542796164,0.041988479542796275,2.2111473629579166,-1.3988061468832012
2270,5830416,i,7,-1.0577979703814835,0.2519292055556498,0.5063381360893375,1.6583319754252759,-1.0577979703814835
2271,5830416,r,10,-0.8474097819664247,0.1003974604814471,0.1713013385838631,0.6835880882484513,-0.8474097819664247
2272,58323282,g,2,-0.7029693953026626,0.17188472594791238,0.17188472594791238,0.649261437025403,-0.7029693953026626
2273,58323282,i,6,0.2802338719808598,0.36015783395400747,0.5762102992244507,0.2649460196468258,0.2802338719808598
2274,58323282,r,3,0.029709581185676487,0.10568328922088646,0.12239446924934318,0.016216736807817655,0.029709581185676487
2275,58323282,u,2,-2.1111424758954924,0.23916517502635282,0.23916517502635304,1.330000778193516,-2.1111424758954924
2276,58462772,g,2,-0.33168278967562115,0.026891606469578777,0.026891606469578777,0.11540798425008128,-0.33168278967562115
2277,58462772,i,11,-0.4274380595504885,0.1812689308151959,0.39886461756743746,0.3140021917568872,-0.4274380595504885
2278,58462772,r,11,-0.2817572338534323,0.2800449015142107,0.4807106893905909,0.22180980171224848,-0.2817572338534323
2279,58462772,u,5,-1.5158612144181496,0.4037110406559936,0.48366122248255294,0.2206653749659186,-1.5158612144181496
2280,58529924,g,13,-0.3296470865731693,0.1028994503538514,0.23812851063838159,0.09733098077684603,-0.3296470865731693
2281,58529924,i,9,-1.340432023941786,0.36838299842702005,0.5584905933301084,1.5631725381958887,-1.340432023941786
2282,58529924,r,11,-0.8722121729816659,0.0679110410742223,0.1472869495858813,0.6469641588628426,-0.8722121729816659
2283,58616591,i,7,-2.037986596096827,0.3012109745580158,0.48441093661563284,4.662284298497318,-2.037986596096827
2284,58616591,r,7,-1.3980486391219027,0.08085246799842327,0.1669488664640042,1.7769769836623281,-1.3980486391219027
2285,58678583,g,3,-0.20228700554000367,0.051407145187512104,0.22783594732046414,0.05578565734394625,-0.20228700554000367
2286,58678583,i,6,-1.0251996088492872,0.21927381482117192,0.3771791221511608,1.4134581158305395,-1.0251996088492872
2287,58678583,r,7,-0.6439933012981487,0.08564318787742975,0.16197795379586566,0.6296989176501903,-0.6439933012981487
2288,58712117,g,3,0.19111425978699947,0.011606372802376974,0.08200819215956878,0.026621930963949197,0.19111425978699947
2289,58712117,i,4,0.3937787924522378,0.07582689406977594,0.28286092082939324,0.3425815251111386,0.3937787924522378
2290,58712117,r,2,0.9798825721675793,0.3355079115929428,0.3355079115929429,0.7954974178266808,0.9798825721675793
2291,58712117,u,2,-0.6614627420433994,0.021290295701805295,0.021290295701805295,0.07080373753466906,-0.6614627420433994
2292,58748140,g,3,-2.1947853590325064,0.26521173243591356,0.3810347557509446,2.909218299120266,-2.1947853590325064
2293,58748140,i,16,-2.3117005864579863,0.2726731926009862,0.5350160240465685,3.6936765141578043,-2.3117005864579863
2294,58748140,r,15,-2.416137679236503,0.36688491359920583,0.7076977556496731,2.8467253607578535,-2.416137679236503
2295,58840932,i,4,-2.009357772396085,0.006411928870973971,0.07711130427301294,5.011788796344481,-2.009357772396085
2296,58840932,r,7,-1.7421121791693515,0.2224995161393879,0.5067600733507842,3.404634119784894,-1.7421121791693515
2297,58911302,g,4,-0.0756678394371331,0.15298076240568304,0.2578791403064343,0.08464792810453567,-0.0756678394371331
2298,58911302,i,13,-1.2026360717427926,0.08985833056106829,0.23115957916163565,1.7912170669324385,-1.2026360717427926
2299,58911302,r,21,-0.6580104483663561,0.13510550592915715,0.21486140842182422,0.5402808654997403,-0.6580104483663561
2300,58941744,g,2,-1.0946609710434811,0.010844356718611392,0.01084435671861117,0.9725142048338727,-1.0946609710434811
2301,58941744,i,13,-1.4875383333249135,0.12954840717534943,0.19517246899887475,1.8471453127734714,-1.4875383333249135
2302,58941744,r,10,-0.8851741409182947,0.09357353779087385,0.2768749942633564,0.5631332725462478,-0.8851741409182947
2303,59151298,g,7,-1.1475195472618323,0.008454779106616073,0.033551514173784325,1.0406287140573505,-1.1475195472618323
2304,59151298,i,18,-0.6325418690794863,0.08718745394753152,0.16078884109389713,0.31505016599876107,-0.6325418690794863
2305,59151298,r,19,-0.5768456329771502,0.041808548002595036,0.07637465710805702,0.2308400713352557,-0.5768456329771502
2306,59151298,u,6,-2.185331178023306,0.07705563688544537,0.4504876825223705,2.100819216423376,-2.185331178023306
2307,59328254,g,3,-0.16377708767972554,0.24534137623219687,0.36418630172885286,0.23581219473164983,-0.16377708767972554
2308,59328254,i,13,-0.5649364513334789,0.0838817085471335,0.49960652768160757,0.7769707011473131,-0.5649364513334789
2309,59328254,r,15,-0.24603022740339542,0.21476326935835544,0.39459245922086184,0.32170627309763306,-0.24603022740339542
2310,59328254,u,6,-1.9247718111859553,0.04881467338614165,0.0945777715613807,1.3868275150505027,-1.9247718111859553
2311,59329571,g,10,-1.337147000519535,0.5037514901080185,1.4749777356322853,1.9442697458588107,-1.337147000519535
2312,59329571,i,28,-1.5757068457844579,0.7214698504023145,1.265282446617503,2.3075952335720857,-1.5757068457844579
2313,59329571,r,27,-1.2365681626375844,0.6443636210318175,1.4457067342811127,1.3861759095446577,-1.2365681626375844
2314,59329571,u,7,-2.4262657482853474,0.1799820216634913,0.7981924399456415,1.2760042717182112,-2.4262657482853474
2315,59393654,i,15,-1.8663953797197808,0.3849490553072128,0.6614062634312949,4.224234329769586,-1.8663953797197808
2316,59393654,r,18,-1.6989852575484221,0.2758737305861243,0.5436420629602761,3.0047299003064225,-1.6989852575484221
2317,59413997,g,11,-0.9243498286492531,0.1935307535857791,0.26412094859049084,0.7752833460313254,-0.9243498286492531
2318,59413997,i,40,-1.5085362261437847,0.4704899633169003,0.8933874812856706,2.0851221097444084,-1.5085362261437847
2319,59413997,r,33,-0.9897631404148886,0.36963496415407104,0.6987501861660672,0.981102252907823,-0.9897631404148886
2320,59413997,u,4,-1.1344772869677682,0.024038803403541698,0.06519034927119827,0.10990696542442929,-1.1344772869677682
2321,59417715,i,15,-3.1487998849634797,0.6128454678717237,1.2144697949729664,9.096598762674658,-3.1487998849634797
2322,59417715,r,8,-1.7142166660577902,0.2541071851607044,0.5863771090343226,3.3994948610894404,-1.7142166660577902
2323,59512595,g,2,-0.9897868241112887,0.08258581695138856,0.08258581695138845,0.6817031275330778,-0.9897868241112887
2324,59512595,i,8,-0.9782521222190617,0.16922154003335932,0.3197997075647008,1.29825632315636,-0.9782521222190617
2325,59512595,r,11,-0.5232081041435005,0.08811703893590012,0.15221106385634675,0.42437767405332955,-0.5232081041435005
2326,59603147,g,5,-1.3223013741096232,0.13775956113986254,0.24887928989831387,0.9761834396270339,-1.3223013741096232
2327,59603147,i,17,-2.9933418352104817,0.24420634491880389,0.7372634205932416,6.26676949976228,-2.9933418352104817
2328,59603147,r,11,-1.8822996005317179,0.3670881183105583,0.5476880725129853,1.975774175191443,-1.8822996005317179
2329,59681773,g,3,-0.9248223799535737,0.014056669651674514,0.03596156643365167,0.5651668572781777,-0.9248223799535737
2330,59681773,i,2,-0.6077621395172216,0.19665823351444722,0.19665823351444733,0.5119622299970907,-0.6077621395172216
2331,59681773,r,8,-0.8347114020237167,0.060795396493333875,0.1410318985055432,0.8628498114901668,-0.8347114020237167
2332,59686754,g,6,-1.4494665000354876,0.1839144506582966,0.3641358299602666,1.775637305313815,-1.4494665000354876
2333,59686754,i,12,-0.9520862949915798,0.42056698406587856,0.9102818657286563,0.6354993395939358,-0.9520862949915798
2334,59686754,r,10,-0.8894291273113475,0.1835726772855205,0.3799062629947114,0.5749049443095012,-0.8894291273113475
2335,59686754,u,6,-2.5155691801916236,0.059727432801519376,0.09816854269012776,1.234922305681627,-2.5155691801916236
2336,59771518,g,3,-0.9872437789580122,0.08564897044461528,0.14787286315189374,0.687757269855018,-0.9872437789580122
2337,59771518,i,5,-0.6630126164763722,0.06853972511465523,0.40944892375969155,0.9249994227466558,-0.6630126164763722
2338,59771518,r,9,-0.731113391559614,0.05022430749453766,0.07382114267241646,0.5699494741688906,-0.731113391559614
2339,59996829,i,7,-2.210440666768513,0.0620280477987083,0.1565509270916805,5.973329480834904,-2.210440666768513
2340,59996829,r,4,-1.5780217368116554,0.09891065682198141,0.2487666256317571,2.1376673407753453,-1.5780217368116554
2341,60015105,g,5,-0.2863333442320616,0.045645867444687016,0.07347662153980516,0.10699619056441853,-0.2863333442320616
2342,60015105,i,8,-0.9945006604777998,0.3248840976595298,0.5320870162474605,1.1620798254145273,-0.9945006604777998
2343,60015105,r,6,-0.48885427992603303,0.1596114805136888,0.2612097061832732,0.3341438016390883,-0.48885427992603303
2344,60049484,g,7,-0.18462322508303786,0.5104977702699773,0.7073439098387457,0.33658554230878185,-0.18462322508303786
2345,60049484,i,10,-0.8569173796146755,0.8699760400497082,1.792585314433014,1.2925135296499426,-0.8569173796146755
2346,60049484,r,12,-0.2722857388387871,0.5251217174646008,1.1362399494874222,0.6432926845088831,-0.2722857388387871
2347,60049484,u,5,-0.790189494116122,0.11984599269988272,0.12628263250895633,0.5614883638705603,-0.790189494116122
2348,60078240,g,5,-0.3769498973948602,0.025321061523972344,0.04481588457857738,0.2368368834256324,-0.3769498973948602
2349,60078240,i,29,-1.9688860855144579,0.258232580517187,0.47993701234303776,3.6053382419485396,-1.9688860855144579
2350,60078240,r,32,-1.3381363421493577,0.21927975696410207,0.4236053917490432,1.5723992471681618,-1.3381363421493577
2351,60098584,g,7,-0.6143840866722758,0.1434234010089055,0.249681336866589,0.4150487137218207,-0.6143840866722758
2352,60098584,i,19,-0.5389222326617391,0.12792339529460772,0.40000943880612316,0.1948571341903244,-0.5389222326617391
2353,60098584,r,22,-0.23720468451522062,0.12310989679158285,0.23268372026684608,0.13048822892280437,-0.23720468451522062
2354,60098584,u,5,-1.0105804748428309,0.07685681290303403,0.1022657650364227,0.45682176846959777,-1.0105804748428309
2355,60260234,g,12,-0.3165752198576728,0.4981560566845342,1.1037387285840474,0.47656733121433925,-0.3165752198576728
2356,60260234,i,18,-0.44923948921411594,0.19798779849074855,0.45145008071334103,0.3896351412557815,-0.44923948921411594
2357,60260234,r,15,-0.24067133966539922,0.22229139551808796,0.40808725268469564,0.2570209609678689,-0.24067133966539922
2358,60260234,u,9,-0.7859257317632107,0.1542037999056456,1.3154389493018954,0.3665849741279826,-0.7859257317632107
2359,60278325,i,4,-1.6831205110501561,0.10254579903945193,0.3947491099510545,2.882022306987973,-1.6831205110501561
2360,60278325,r,7,-1.5384946011966663,0.11240171386850406,0.17038152138565854,3.6965477683094043,-1.5384946011966663
2361,60490286,g,4,-0.44989966909643136,0.010246714004818636,0.057488804785720216,0.3660604857945898,-0.44989966909643136
2362,60490286,i,2,-0.9257986779381374,0.3539501927618268,0.35395019276182693,1.016360692069214,-0.9257986779381374
2363,60490286,r,2,-0.47422297437353556,0.06264785116403868,0.06264785116403865,0.1873495851592415,-0.47422297437353556
2364,60490286,u,3,-0.5934291330973682,0.12672739629619234,0.2330715537071516,0.1349678404504369,-0.5934291330973682
2365,60505403,i,6,-1.593368705183742,0.23264508559358577,0.36379214554206474,3.373231167881956,-1.593368705183742
2366,60505403,r,5,-1.0957426153679337,0.052641209186788274,0.09554822713930666,1.3613567226519572,-1.0957426153679337
2367,6051652,g,4,-0.41065082373852735,0.047959965947795946,0.08342780905402258,0.2333996173656621,-0.41065082373852735
2368,6051652,i,5,-0.7018004833888948,0.2639378161745839,0.35652978120799994,0.8087910720353214,-0.7018004833888948
2369,6051652,r,8,-0.4178921940401811,0.07639502051884373,0.13170703736734346,0.2350893256482231,-0.4178921940401811
2370,6051652,u,2,-0.5334596091861072,0.1975999218114486,0.1975999218114486,0.10662210337276692,-0.5334596091861072
2371,60621435,i,7,-0.48221341272205304,0.051311814399874645,0.0721807597526331,0.35578770426196915,-0.48221341272205304
2372,60621435,r,4,-0.5337001961277309,0.0011067525074087703,0.00808942407000457,0.44855313505638117,-0.5337001961277309
2373,60727182,i,10,1.3285913553861624,0.21864693449951966,0.4084209024875931,1.3451860170733354,1.3285913553861624
2374,60727182,r,9,2.230532188933601,0.10296681622995552,0.405390940767967,1.888573709836878,2.230532188933601
2375,60750860,g,3,0.21796015298309435,0.1731463498445689,0.5924005737445402,0.24349796894269096,0.21796015298309435
2376,60750860,i,9,-0.2438326875570166,0.08098513745265629,0.28016358867436,0.0728308180968949,-0.2438326875570166
2377,60750860,r,9,-0.21464443024896518,0.13631350210750492,0.594692933742225,0.12781091753359994,-0.21464443024896518
2378,60802228,g,15,-0.8503897919459442,0.4581445889842821,1.045267207520498,0.7002641209366195,-0.8503897919459442
2379,60802228,i,22,-1.2666872085528793,0.5398761596300898,1.2309196740831208,1.2163445118672351,-1.2666872085528793
2380,60802228,r,20,-0.5564114817504976,0.6981200075607426,1.4659608384700349,0.5190602586874661,-0.5564114817504976
2381,60802228,u,3,0.5834413620545944,0.14395493529335157,0.3477108439239691,0.024637450628157597,0.5834413620545944
2382,60846347,i,7,-2.4185758983388634,0.23195281946722313,0.34019807858594175,7.9287333155544335,-2.4185758983388634
2383,60846347,r,5,-2.321300872001664,0.1430256519703237,0.29685774728609005,7.084555069242637,-2.321300872001664
2384,60866117,i,9,-0.5000402088040345,0.08874819509555221,0.4305252582181017,0.2495124741676426,-0.5000402088040345
2385,60866117,r,4,-0.43622191004961974,0.141809366506701,1.0702221852111258,2.220601391851925,-0.43622191004961974
2386,60868495,g,6,-1.7265855665644205,0.025776846072769644,0.04347921734366755,1.9405515946044603,-1.7265855665644205
2387,60868495,i,4,-0.3085905363892374,0.9213823384929426,1.9831383130428286,0.7251765320151208,-0.3085905363892374
2388,60868495,r,6,-1.1188411911457057,0.1316734397493864,0.21398785576768353,0.6965199848949953,-1.1188411911457057
2389,60933535,g,5,-3.2322741422946955,0.5719928915371231,1.0455040120969095,3.2486738573984963,-3.2322741422946955
2390,60933535,i,6,-3.049081362889242,0.24966770176091413,0.5717193301591514,6.462190011388562,-3.049081362889242
2391,60933535,r,13,-2.257571678504449,0.33282137269016454,0.523645127335481,3.1431592448186367,-2.257571678504449
2392,61067342,g,5,-0.2666109578804252,0.011382872041852843,0.17722518743781918,0.058038114311223445,-0.2666109578804252
2393,61067342,i,3,-0.9090732505181467,0.09716249814352373,0.2328906854545043,1.3689684000737252,-0.9090732505181467
2394,61067342,r,4,-0.48289909398999764,0.1340464922028882,0.23152160235602337,0.37898683682841994,-0.48289909398999764
2395,61312779,g,5,-0.25325095937147,0.21128444281597825,0.32741849417292246,0.18714198996326187,-0.25325095937147
2396,61312779,i,2,-0.8711826896267403,0.04452186766008398,0.044521867660083925,1.0334517910439427,-0.8711826896267403
2397,61312779,r,3,-0.3005796930687028,0.04792038789461156,0.45853308313817775,0.16992717713837147,-0.3005796930687028
2398,61367915,i,8,-2.0102841695886777,0.0814308434992217,0.2138807091782955,5.080239519994616,-2.0102841695886777
2399,61367915,r,6,-1.1680757369335073,0.09863279316904439,0.15310041732991087,1.4833822517616966,-1.1680757369335073
2400,61484706,g,5,-0.3742537499006164,0.05263403997618943,0.08799336093976956,0.22919584295396458,-0.3742537499006164
2401,61484706,i,9,-0.9245505721450304,0.15220685712340187,0.5781731796836667,1.4084234872457206,-0.9245505721450304
2402,61484706,r,13,-0.4934582099325678,0.09933088072503077,0.22545418490277463,0.3916083617278457,-0.4934582099325678
2403,61496724,g,3,-0.18850693536959207,0.035921208213662514,0.09978875210946103,0.07670083223036021,-0.18850693536959207
2404,61496724,i,10,-1.9116137692599788,0.12340238468823883,0.3480459415972139,4.08617651586183,-1.9116137692599788
2405,61496724,r,14,-1.1580232534595276,0.10771779267123993,0.2353834000812749,1.5272521646153927,-1.1580232534595276
2406,61560632,g,2,-0.5566234374144449,0.009801680708193872,0.009801680708193983,0.5069299930442385,-0.5566234374144449
2407,61560632,i,9,-0.011384786153332715,0.2410875654557353,1.5781548389203948,1.9670824974922358,-0.011384786153332715
2408,61560632,r,11,-0.022004590561874454,0.21772835418065925,2.800760655455842,2.3218662667951477,-0.022004590561874454
2409,61560632,u,3,1.3776864934769562,0.11124185121877206,1.4699175596015646,0.7124464168142528,1.3776864934769562
2410,61604845,i,8,-3.1257444848691893,0.236897876487427,0.6732638022995876,5.459274121736105,-3.1257444848691893
2411,61604845,r,6,-3.1467288013912187,0.23109520882020917,0.435672723070879,3.843026458171071,-3.1467288013912187
2412,61610906,g,4,-0.21673887553080073,0.1475573111323023,0.285517461627996,0.10874974996432772,-0.21673887553080073
2413,61610906,i,7,-0.34172724093229057,0.09796825938585374,0.1532234970992143,0.19952195721192684,-0.34172724093229057
2414,61610906,r,5,0.028501267418066467,0.019439201467925604,0.03452311232592725,0.0012542174677342493,0.028501267418066467
2415,61610906,u,2,-0.8132011588157524,0.00371771459764636,0.00371771459764636,0.1659038230722554,-0.8132011588157524
2416,61666319,i,10,-1.0109530290724371,0.13987567614580293,0.23165864744047904,1.2295839218872384,-1.0109530290724371
2417,61666319,r,7,-0.8029669715715448,0.13389944832649792,0.27345950425148635,0.7016160554913989,-0.8029669715715448
2418,6169198,g,5,0.8056147257646582,0.6565114092990341,0.9362618594717378,1.1335400769186141,0.8056147257646582
2419,6169198,i,30,0.3354762554690881,0.06556335009380121,0.2517509726262102,0.20215801725509683,0.3354762554690881
2420,6169198,r,18,0.7778424976530125,0.38234794940172756,0.9041449573751874,0.6044531590883866,0.7778424976530125
2421,6169198,u,6,1.6804020986449915,0.05805623463996956,0.682287710810626,1.2539656271935178,1.6804020986449915
2422,61733434,g,2,-1.9730267317023837,0.6304606006767683,0.6304606006767686,2.012275600739109,-1.9730267317023837
2423,61733434,i,11,-3.5343584688581893,0.4228995909421167,1.4864258510021373,8.334397558794219,-3.5343584688581893
2424,61733434,r,11,-1.8439917219225561,0.7198367882180559,1.6868853413969138,3.0291899055513167,-1.8439917219225561
2425,61806098,g,5,-0.3352550155004153,0.0989091106911415,0.26357826175157106,0.1032818889006564,-0.3352550155004153
2426,61806098,r,8,-0.772012175150328,0.11498941297593984,0.16500136508020968,0.8226833531554313,-0.772012175150328
2427,61887070,g,2,-0.6837579455524796,0.0034270363544715576,0.003427036354471613,0.4496974243041731,-0.6837579455524796
2428,61887070,i,15,-1.8364931863825,0.31149068516369716,0.7194706126882444,4.106284889579045,-1.8364931863825
2429,61887070,r,14,-0.7885513955489757,0.11291643761213893,0.6450685920013437,0.9443294279991321,-0.7885513955489757
2430,61912366,g,7,-0.8807669682944886,0.05878145037992821,0.4348016241914069,1.071740206593183,-0.8807669682944886
2431,61912366,i,6,-1.291908062948763,0.36096190529137195,0.6932262238318536,1.601162211887204,-1.291908062948763
2432,61912366,r,3,-0.10473886933655197,0.11031344852078817,0.22934405066296515,0.05054487095335505,-0.10473886933655197
2433,61987977,g,2,-0.4583405597627668,0.004714008312591611,0.004714008312591611,0.15079014166984245,-0.4583405597627668
2434,61987977,i,10,-1.6510694395921326,0.183081483160078,0.3857830850037498,3.114343904099157,-1.6510694395921326
2435,61987977,r,9,-1.0759347965533115,0.058098401473745565,0.11507636832506485,1.0119906839089292,-1.0759347965533115
2436,62023833,g,5,-0.04399980520736663,0.08549168965163972,0.15391403462397138,0.018222290291828237,-0.04399980520736663
2437,62023833,i,17,-1.184308056537844,0.3101048256447857,0.5654946485031246,1.969310406700988,-1.184308056537844
2438,62023833,r,17,-0.6082826426629744,0.28954274578209604,0.5350520884169818,0.5009009335896157,-0.6082826426629744
2439,62043219,g,6,-1.8245098915943458,0.02653904269743257,0.09702307761453555,2.5669848865036324,-1.8245098915943458
2440,62043219,i,19,-1.1108472842962713,0.2953375714961606,0.5313864865443108,1.0663876547132976,-1.1108472842962713
2441,62043219,r,17,-1.435122765193051,0.23386265796177463,0.367449546818013,0.9757178319110267,-1.435122765193051
2442,62043219,u,3,-2.4181968720828264,0.11010531304312998,0.21686008761853515,1.118542366635268,-2.4181968720828264
2443,62122384,g,5,-0.21202197863614858,0.05455692830533598,0.08787015371665463,0.023100249251461945,-0.21202197863614858
2444,62122384,i,11,-0.08915564434276657,0.084742358019263,0.25354492086845826,0.018131228752640838,-0.08915564434276657
2445,62122384,r,12,0.20243720823645517,0.025055571107923336,0.06460229052776773,0.027508494810900452,0.20243720823645517
2446,62140735,g,7,-0.5183380719355765,0.2819180830208923,0.536196404527995,0.4796795012627351,-0.5183380719355765
2447,62140735,i,22,-1.8161016522771876,0.3094286987355115,0.6751852419262803,3.7762680482535504,-1.8161016522771876
2448,62140735,r,21,-0.8363888554987884,0.21962555235345183,0.4364762288308274,0.7037459330409485,-0.8363888554987884
2449,62146597,g,4,-0.3855541345230407,0.0468898845613579,0.17161674227283785,0.19525603785715762,-0.3855541345230407
2450,62146597,i,3,-1.0365040378318364,0.12187492147262069,0.21289216180985582,1.2904220988316002,-1.0365040378318364
2451,62146597,r,7,-0.24166737413534556,0.18505982060683546,0.2685508091833583,0.14863707147054814,-0.24166737413534556
2452,62281184,g,5,-2.878209624886468,0.3833528529793204,0.7116982760561914,3.7420243738890826,-2.878209624886468
2453,62281184,i,11,-1.8678171094342515,0.4087056502023505,1.034646536395179,2.071029743057594,-1.8678171094342515
2454,62281184,r,9,-2.1962673372843384,0.3028493815577784,0.5899440172899888,1.8150284796370895,-2.1962673372843384
2455,62281184,u,4,-3.297695570070991,0.11861518425522233,0.21937118673841738,5.6384948478115735,-3.297695570070991
2456,62325009,i,9,-2.2629319827011285,0.18412622055883476,0.35524267687361366,3.4368077534752763,-2.2629319827011285
2457,62411218,i,7,-1.402084559803876,0.5684877825098393,1.1209107191078127,2.776041612476521,-1.402084559803876
2458,62411218,r,4,-1.1503763669873135,0.2118178738685712,0.47094091465906196,1.4647874761629007,-1.1503763669873135
2459,62429110,i,6,-0.5963532145251931,0.11080440435339056,0.22141641926711553,0.5413608050179237,-0.5963532145251931
2460,62429110,r,10,-0.4102771621821133,0.07642920569729156,0.12798004453327227,0.19701739272890378,-0.4102771621821133
2461,62496984,g,7,-1.2494370929765803,0.1142598820242473,0.1427453152276157,0.9545894943020874,-1.2494370929765803
2462,62496984,i,25,-0.5672638649089659,0.06282172698843946,0.477609325047947,0.30633819292092646,-0.5672638649089659
2463,62496984,r,24,-0.5271748962772216,0.0719515882977565,0.18164978879377058,0.243800753688918,-0.5271748962772216
2464,62496984,u,3,-2.110160738562953,0.1339483352397326,0.5154945614956816,0.3977260570334303,-2.110160738562953
2465,62516896,g,4,-1.6216350583861618,0.03056789749929556,0.056036542562613256,1.8931516501499464,-1.6216350583861618
2466,62516896,i,8,-1.1071486144408755,0.16482739501850618,0.24994445731346593,1.0808021968643575,-1.1071486144408755
2467,62516896,r,11,-0.9881939532284878,0.1780878722574042,0.36203666807129486,0.714977647687325,-0.9881939532284878
2468,62645311,g,3,-0.9736136107905415,0.01777753417754524,0.20359013230330592,0.8604942384099762,-0.9736136107905415
2469,62645311,i,10,-1.203081565632817,0.2489792240595014,0.462102640822714,1.7610244444768863,-1.203081565632817
2470,62645311,r,10,-0.7469359237920213,0.13824727173585227,0.26534093392798375,0.7663285356765266,-0.7469359237920213
2471,62645311,u,3,-0.6388584727936311,0.08551033069292369,0.11518248893970284,0.11504809539200879,-0.6388584727936311
2472,62666173,g,2,1.8083844737274255,0.02533209303633699,0.02533209303633699,2.1628095870890136,1.8083844737274255
2473,62666173,i,7,0.7470518142824674,0.1840326133555319,0.4176595088604136,0.44926558016873214,0.7470518142824674
2474,62666173,r,6,1.486444165010226,0.10722163995600931,0.5635262326423527,1.1325271060508584,1.486444165010226
2475,62693211,g,11,-1.123488056253215,0.0895350188961137,0.23990742358305728,0.8248381426616149,-1.123488056253215
2476,62693211,i,10,-1.1417292765977614,0.08630711211755082,0.40279980912547053,0.7821562574226502,-1.1417292765977614
2477,62693211,r,17,-0.6410810686583062,0.13185276274690472,0.27649580941881124,0.24647485007762462,-0.6410810686583062
2478,62715732,g,3,-1.548472096242524,0.08206646688080288,0.3839407789440885,2.0520224813129198,-1.548472096242524
2479,62715732,i,5,-1.5449150781283238,0.050385350721859457,0.15601397603530232,2.753204707604835,-1.5449150781283238
2480,62715732,r,10,-1.4563916687217513,0.07480013087189485,0.21910157543147868,1.7068240261950778,-1.4563916687217513
2481,6282998,g,8,-2.16264943964656,0.30780487619879504,0.6511586716711881,1.7090723439617808,-2.16264943964656
2482,6282998,i,16,-2.5380387046010613,0.1122629815800622,0.4736031085119894,4.5376476947936855,-2.5380387046010613
2483,6282998,r,14,-2.078225471793588,0.20470858609913956,0.2914741480055052,2.14292883109419,-2.078225471793588
2484,6282998,u,6,-2.3179395610037634,0.22760623635049937,0.5643641260380412,2.6033443601726547,-2.3179395610037634
2485,62873247,i,4,-1.6313016115895698,0.10034715264264893,0.3734089051073086,3.210072909255622,-1.6313016115895698
2486,62873247,r,7,-0.8965249968059292,0.08895409432118206,0.17145360500898899,0.8424807808303308,-0.8965249968059292
2487,62990282,g,5,-1.60031869949171,0.14509535377166483,0.23735665654420046,1.2475671882673403,-1.60031869949171
2488,62990282,i,4,-2.7519375601389986,0.08240791705187478,0.13400516004942054,5.934298808021744,-2.7519375601389986
2489,62990282,r,5,-1.8892506245425627,0.050663752561625586,0.4894640911073891,2.361297662818898,-1.8892506245425627
2490,63020259,g,7,-1.1221814951641997,0.12920161373799344,0.18333908641821073,1.162913525205674,-1.1221814951641997
2491,63020259,i,16,-1.4958363431394268,0.13703227571201138,0.2698670708873032,2.2881293343211366,-1.4958363431394268
2492,63020259,r,23,-1.2338742019258349,0.19780817303936016,0.3356723983486465,1.6356396973584801,-1.2338742019258349
2493,63105169,g,4,-3.024062167492551,0.5522463650741387,1.102798225102989,2.6067112128630407,-3.024062167492551
2494,63105169,i,12,-1.4600129388874183,0.39093037032192834,0.6047124790612664,2.092806538279722,-1.4600129388874183
2495,63105169,r,13,-1.7707362520508267,0.3394039744340964,0.7728320941559961,1.3651127372170202,-1.7707362520508267
2496,63105169,u,3,-3.4226629780203552,0.10754835573752342,0.17063460581504097,5.055416631835949,-3.4226629780203552
2497,63127453,i,5,-1.9380094313830936,0.114836848238969,0.1343663592652362,4.668403620808753,-1.9380094313830936
2498,63127453,r,7,-1.5430000245512627,0.03184991110964064,0.20706199879599851,2.4012335506541214,-1.5430000245512627
2499,6315991,g,3,-0.9182266928380096,0.19719311670259732,0.24219343076666888,0.8301372989019843,-0.9182266928380096
2500,6315991,i,5,-1.2437664436696156,0.09032058996016379,0.10776811902073424,2.21358855876914,-1.2437664436696156
2501,6315991,r,7,-1.0425589676561204,0.09066528868496415,0.1343927025781897,1.3849652658249807,-1.0425589676561204
2502,63239113,g,2,-0.6299976410784884,0.07922672310627576,0.07922672310627576,0.3493211925125911,-0.6299976410784884
2503,63239113,i,5,-1.7996263058399002,0.07394159466880978,0.2633419200132332,3.5039983547821643,-1.7996263058399002
2504,63239113,r,7,-1.317592916123599,0.1730517961014233,0.5275955262112779,2.1536429776138264,-1.317592916123599
2505,63261523,g,4,-1.9591105089694665,0.8211701523209083,1.3640878720764569,2.1997883588345424,-1.9591105089694665
2506,63261523,i,17,-1.7938147778569606,0.5342870014978365,0.9928831736903148,2.638933218313105,-1.7938147778569606
2507,63261523,r,14,-1.796559940641616,0.6134989219275567,1.1583972410279901,1.8973959295046896,-1.796559940641616
2508,63261523,u,3,-3.7450138343417585,0.1995558944549085,0.3819904157583922,8.047700803668324,-3.7450138343417585
2509,63268002,g,15,-0.749866089312556,0.5243848700119479,1.798883690498464,0.8957052626183631,-0.749866089312556
2510,63268002,i,42,-1.1599425112152932,0.857794885107577,2.161043571399621,1.5768224750715287,-1.1599425112152932
2511,63268002,r,41,-0.6045238698603986,0.7372013354771898,1.72420892012004,0.6851865100601899,-0.6045238698603986
2512,63268002,u,5,-1.723206285759317,0.1441366463092595,0.628455007735609,0.7567683270453098,-1.723206285759317
2513,63290016,g,4,-0.7451387854666864,0.24569968073150367,0.3165411318514423,0.43184286955453904,-0.7451387854666864
2514,63290016,i,14,0.2711248057634588,0.15538172589518157,0.2883993341046437,0.13972472814334852,0.2711248057634588
2515,63290016,r,12,0.07768899700509838,0.2756226619997027,0.5239635259453023,0.29009855574893295,0.07768899700509838
2516,63290016,u,2,-2.1692414848000166,0.004618962139031346,0.004618962139031346,0.3579489087924358,-2.1692414848000166
2517,63314183,g,8,-0.5675812668659197,0.8376575317631103,2.864112354752567,2.193930168085346,-0.5675812668659197
2518,63314183,i,18,-0.036128731302750045,0.3273097979906779,0.9638450205355859,0.7862197789420365,-0.036128731302750045
2519,63314183,r,19,-0.33125504192405764,0.29013383591967834,0.76216438451228,0.8519476119195092,-0.33125504192405764
2520,63314183,u,8,-2.7098978961899425,0.16330099854102542,1.296666517715804,0.8075598147606073,-2.7098978961899425
2521,63322522,g,5,-1.5322231407817881,0.15953621869775247,0.6303084484742496,0.7882571786115625,-1.5322231407817881
2522,63322522,i,15,-0.6075025541379785,0.017407469061455738,0.03644485250621354,0.27404345697891014,-0.6075025541379785
2523,63322522,r,12,-0.5818928288065435,0.1088696424451614,0.35254599482760274,0.23690718444721778,-0.5818928288065435
2524,63349973,g,2,-0.9521640000639905,0.006768959778706951,0.006768959778707062,0.8460690211969984,-0.9521640000639905
2525,63349973,i,10,-0.47926644166222143,0.04226312287327372,0.0599832564762528,0.19138071400022405,-0.47926644166222143
2526,63349973,r,8,-0.34876383176397924,0.04760545947762235,0.07586008320495585,0.09329830990304847,-0.34876383176397924
2527,63349973,u,2,-2.066550665311027,0.05602307152618935,0.05602307152618957,0.8575454420330848,-2.066550665311027
2528,63354839,i,5,-1.821174653862518,0.04777615155090076,0.2878721739480894,3.875642454085896,-1.821174653862518
2529,63354839,r,8,-1.2327145702893505,0.11597270244462266,0.20264920657424756,2.0932513438067613,-1.2327145702893505
2530,63409141,g,4,-0.8609197034951273,0.029773425072034954,0.09625274827372576,0.7137772426445407,-0.8609197034951273
2531,63409141,i,4,-0.5833041961630556,0.028690243874965438,0.10549657040048888,0.40030771277520855,-0.5833041961630556
2532,63409141,r,8,-0.6076190201191745,0.03004443124464068,0.1252715956162056,0.4621523644671084,-0.6076190201191745
2533,63409141,u,2,-1.5727048814538587,0.02564031367309072,0.02564031367309072,0.2771893772767361,-1.5727048814538587
2534,63468902,g,8,-0.8329903922546578,0.16589458845901023,0.4769527080990087,1.1130616708574204,-0.8329903922546578
2535,63468902,i,40,-0.8706841866892296,0.5748949420967484,1.383205036502977,0.7149225729554111,-0.8706841866892296
2536,63468902,r,37,-0.48969700552904083,0.4385366275959893,1.0688948104405724,0.38441689938650897,-0.48969700552904083
2537,63468902,u,8,-2.5614640240831275,0.12174523706393692,0.3741701724614406,2.2874423705875513,-2.5614640240831275
2538,63642961,g,5,-2.669633037190237,0.10055246488413161,0.11975382781743171,2.532486390263289,-2.669633037190237
2539,63642961,i,4,-2.2276153899657034,0.007372955320073871,0.04196759554021412,2.618835325550613,-2.2276153899657034
2540,63642961,r,6,-2.4447061738772295,0.036220113146239186,0.22047051582225174,1.9156836314407582,-2.4447061738772295
2541,6366471,g,8,-0.5685232177807373,0.06584324775163963,0.10548749178868833,0.31086783695812575,-0.5685232177807373
2542,6366471,i,13,-0.7666527847691486,0.29903438728892373,0.642953170033663,0.7093727610114964,-0.7666527847691486
2543,6366471,r,12,-0.12989327709973686,0.054645242706132025,0.0930282659214784,0.1450679881213308,-0.12989327709973686
2544,6367946,i,11,-2.259984547342448,0.4174339506615796,0.6549224175600012,4.373356253929327,-2.259984547342448
2545,6367946,r,3,-1.0764295330384264,0.06281037879218943,0.1838545999820298,1.0803818468321522,-1.0764295330384264
2546,63691272,g,3,-0.46247137309506847,0.04688448110318055,0.05765573241247657,0.3250675277662573,-0.46247137309506847
2547,63691272,i,5,-0.8518376200331342,0.08255704153752774,0.11589239806415819,0.8045606836762136,-0.8518376200331342
2548,63691272,r,4,-0.45577585518990327,0.08967816242242693,0.1761281174233741,0.2879689643766188,-0.45577585518990327
2549,63728698,g,8,-1.0757862379733285,0.05111103632012903,0.12575623281847115,0.9713762983494417,-1.0757862379733285
2550,63728698,i,13,-0.18081873941915672,0.13760126306078202,0.30204190610344606,0.11830201617110678,-0.18081873941915672
2551,63728698,r,12,-0.12289242764014519,0.22993399017042748,0.590409334256015,0.11515347524223953,-0.12289242764014519
2552,63728698,u,4,-2.439208723639469,0.05136984199054773,0.14122561627674513,0.7188212922605637,-2.439208723639469
2553,63900268,g,5,-0.14476161348772876,0.13189415712783625,0.13897615079364656,0.1038815013023782,-0.14476161348772876
2554,63900268,i,4,-0.988592863370216,0.27927212839161125,0.481839024296144,1.3642948959898462,-0.988592863370216
2555,63900268,r,9,-0.5045564761911301,0.16699162519882804,0.5889926211920835,0.5559885746609068,-0.5045564761911301
2556,63995690,g,2,-0.6150223290433361,0.17339230120154453,0.17339230120154447,0.576120463746744,-0.6150223290433361
2557,63995690,i,13,-1.35024017881741,0.085314875084888,0.4067212314261044,2.7427851898344904,-1.35024017881741
2558,63995690,r,13,-1.080656687621902,0.11900497093231,0.18559946965479512,1.2204547477130936,-1.080656687621902
2559,64025229,g,5,-0.4548699144664522,0.05752467555857732,0.30180293324356955,0.27692433928950067,-0.4548699144664522
2560,64025229,i,13,-0.701196934911745,0.6081075540589297,1.2513250900630606,0.7178698594767676,-0.701196934911745
2561,64025229,r,13,-0.19033876198932892,0.3576599587912937,0.6258731656845642,0.4105910828183248,-0.19033876198932892
2562,64025229,u,4,-1.4834329866672387,0.10941342404344345,0.2478441649091454,0.1712126798013543,-1.4834329866672387
2563,64035172,g,2,-1.150141698499937,0.2357294788416775,0.2357294788416775,1.1024664677597937,-1.150141698499937
2564,64035172,i,5,-0.39759382706725277,0.047405383296593606,0.1616049156785508,0.18501071365682759,-0.39759382706725277
2565,64035172,r,8,-0.586099551263314,0.0400202095612337,0.13540394924517707,0.44271863307913,-0.586099551263314
2566,64035172,u,3,-1.3767189204817303,0.004676468816667612,0.02002939815827376,0.11959919940625346,-1.3767189204817303
2567,64113564,g,2,-0.3593690365047676,0.03133756026988377,0.03133756026988377,0.18939091227800758,-0.3593690365047676
2568,64113564,i,10,-1.2117761279110404,0.15261122739621535,0.2767858279337976,1.8734408960414222,-1.2117761279110404
2569,64113564,r,5,-0.10324086351847325,0.05385323860148819,0.06045496148619281,0.029249719172621,-0.10324086351847325
2570,64137269,g,2,-0.44459856690424326,0.588555604935978,0.5885556049359779,0.3949962322095476,-0.44459856690424326
2571,64137269,i,8,-0.24476901919042154,0.24115720289424147,0.6629723112278758,0.5230917221193285,-0.24476901919042154
2572,64137269,r,8,-0.26423701379958076,0.21791178543945083,1.4661190961380866,0.5237153881468438,-0.26423701379958076
2573,64137269,u,2,-0.16588950125593316,0.20586350690239197,0.20586350690239197,0.005957062398911642,-0.16588950125593316
2574,6426329,g,2,-1.1437810601691834,0.0966895559456542,0.09668955594565398,1.2190360216216387,-1.1437810601691834
2575,6426329,i,8,-1.1495851659747434,0.07046157021595056,0.1226994662796379,1.5777613636247563,-1.1495851659747434
2576,6426329,r,9,-1.0020489917935302,0.03171238125029685,0.06518970737708885,1.2711190224068056,-1.0020489917935302
2577,64267923,g,4,-0.9219758015740485,0.026097991766894313,0.057258296335482406,0.5610461620690462,-0.9219758015740485
2578,64267923,i,3,-0.5510498383563548,0.30517010402459466,0.30771041730179394,0.5179482396795225,-0.5510498383563548
2579,64267923,r,3,-0.6140529325798929,0.09324608468594131,0.15585591781933916,0.5463506648775677,-0.6140529325798929
2580,64267923,u,2,-1.726414923669213,0.11751467559498807,0.1175146755949883,0.201507202103285,-1.726414923669213
2581,64328655,g,6,-0.9160470800163516,0.015213176101646964,0.025942814845264284,0.7202457994219813,-0.9160470800163516
2582,64328655,i,13,-0.13188725565166903,0.1058370857268831,0.3407172419857125,0.25442248535115053,-0.13188725565166903
2583,64328655,r,15,-0.23581385438934005,0.12124222300993792,0.3394760287086064,0.3219458612154011,-0.23581385438934005
2584,64328655,u,3,-2.0211497538541696,0.08569809907128123,0.11212110558267341,0.4537992588180962,-2.0211497538541696
2585,6448842,g,3,-0.5240482174798067,0.1880831274594369,0.27749393865785094,0.41286510571515644,-0.5240482174798067
2586,6448842,i,13,-1.5551199044476536,0.17105233895024208,0.5417306726579469,3.605275048970858,-1.5551199044476536
2587,6448842,r,17,-1.1295997849543076,0.21156085946302516,0.3299126680996598,1.4960734966369074,-1.1295997849543076
2588,64571419,g,5,-1.2899953707469867,0.08949480236745622,0.2051311372606106,1.119073348502186,-1.2899953707469867
2589,64571419,i,29,-0.9992550805252736,0.24363941264114342,0.4865094908755603,0.6713781990028054,-0.9992550805252736
2590,64571419,r,21,-0.8650248633319506,0.19217505406045388,0.41271168848286366,0.5177664832395443,-0.8650248633319506
2591,64576350,g,3,-0.21867547480926075,0.0008551584825380321,1.1771544530222107,2.2852042239317223,-0.21867547480926075
2592,64576350,i,11,-0.24432303994155447,0.07316135865584206,0.24692520404743926,0.8178198886342186,-0.24432303994155447
2593,64576350,r,11,0.5139018300025207,0.6838618920152764,2.410680855775877,2.625697925092189,0.5139018300025207
2594,64576350,u,5,0.5537443519030387,0.5237341008273757,0.5317570766473168,0.1853635874709326,0.5537443519030387
2595,64651467,g,3,-0.5901676017105628,0.010974863628721465,0.055375137285707865,0.13940756774393098,-0.5901676017105628
2596,64651467,i,18,-0.10641091183110551,0.13747400261412088,0.25189568600471063,0.025618009833466345,-0.10641091183110551
2597,64651467,r,15,-0.20865578220738645,0.06858705332297821,0.28281630542781244,0.02357008114021619,-0.20865578220738645
2598,64651467,u,3,-1.0528600753332,0.4338879978441046,0.5950013069593973,0.7811853272252957,-1.0528600753332
2599,64706822,i,5,-2.8116201634102103,0.07029402529782969,0.6100940311252216,7.382893142024466,-2.8116201634102103
2600,64706822,r,8,-2.195085176717388,0.23413770067635453,0.5076187695919785,2.7650818887075914,-2.195085176717388
2601,64762934,g,13,-1.3212778734354442,0.3257182203300637,0.5476841092808653,1.3841245927505323,-1.3212778734354442
2602,64762934,i,33,-0.28833659740141665,0.353522344699234,1.1762554114225467,0.5983130815599068,-0.28833659740141665
2603,64762934,r,30,-0.3989112869137589,0.4100889938052582,0.9395030768731387,0.3357666811901921,-0.3989112869137589
2604,64762934,u,7,-1.8850511978084339,0.26638774284766287,1.047731483372433,0.46527314186453506,-1.8850511978084339
2605,64793177,i,9,-2.18035311906681,0.2259542863538151,0.39163671222932006,3.4553590250257646,-2.18035311906681
2606,64793177,r,2,-0.976488778292796,0.2082498836736375,0.2082498836736374,0.6488243822108387,-0.976488778292796
2607,64797804,g,4,0.02459120636139067,0.06976586903872839,0.13072646306700275,0.0020345663828613266,0.02459120636139067
2608,64797804,i,6,0.31783434612185246,0.12391173278622247,0.4366086893497777,0.084552020947683,0.31783434612185246
2609,64797804,r,9,0.5944863190763146,0.18522003991222658,0.6058946877626727,0.1750449452895451,0.5944863190763146
2610,6482815,g,4,-0.8075292715099405,0.21773436735512064,0.4370815433305253,0.228943956235372,-0.8075292715099405
2611,6482815,i,8,-0.3857403876668264,0.07036220741402133,0.1263199026000868,0.09174345275712892,-0.3857403876668264
2612,6482815,r,10,-0.6878737659443994,0.06984941249820564,0.399266906848445,0.12483745259255205,-0.6878737659443994
2613,64887827,i,9,-0.47704540731956735,0.04373270358627268,0.07776242811649858,0.14227355792235122,-0.47704540731956735
2614,64887827,r,8,-0.3881138369309336,0.05632611256745079,0.12105536598525957,0.0661042852937753,-0.3881138369309336
2615,64909025,g,3,-0.26920608836513765,0.1814787826595954,0.29649692295892843,0.17649374945985874,-0.26920608836513765
2616,64909025,i,4,-1.395371039296751,0.15932367074600096,0.17928670753600517,2.4243403744135006,-1.395371039296751
2617,64909025,r,4,-0.871157072277446,0.1247726630582513,0.22343930297665127,1.0179716194457602,-0.871157072277446
2618,64979919,g,4,-0.47485903064935053,0.1665800302047272,0.3827917169093176,0.3615951427995353,-0.47485903064935053
2619,64979919,i,10,-0.7767802018435359,0.04211872674560735,0.07344358600630319,0.7554226582887728,-0.7767802018435359
2620,64979919,r,9,-0.5980251714971376,0.02378702210088246,0.11480669399401922,0.44380754784826626,-0.5980251714971376
2621,65223155,g,3,-0.137489110606399,0.011942462509952012,0.08450886869469135,0.05530129180248595,-0.137489110606399
2622,65223155,i,4,-1.3596197853777379,0.29039828518804156,0.5941092667034862,1.8324739001822579,-1.3596197853777379
2623,65223155,r,5,-0.6299128101921814,0.0981497111897165,0.20599271224612314,0.5647133587622388,-0.6299128101921814
2624,65255915,g,4,-0.5822955105013319,0.21009172723736275,0.37454427654130007,0.4644089810853825,-0.5822955105013319
2625,65255915,i,18,-2.1593747669946173,0.23851311259192765,0.47193048005643057,5.166928029090837,-2.1593747669946173
2626,65255915,r,12,-1.2847788246593015,0.27772932535720896,0.5157189474842685,1.6857410342740786,-1.2847788246593015
2627,65290336,g,3,-0.548673014544972,0.0826830013342269,0.11387782333913671,0.26922780220044723,-0.548673014544972
2628,65290336,i,10,-1.0358015513093415,0.08188423562064895,0.14367307633604665,1.3207098243018338,-1.0358015513093415
2629,65290336,r,10,-0.5506762682906455,0.058730337675317545,0.11392428145901068,0.3823685751581686,-0.5506762682906455
2630,65312705,g,6,-1.0870230550856952,0.2580412085729894,1.406630997542061,1.2238075309397918,-1.0870230550856952
2631,65312705,i,10,-1.0364142202175524,0.12168586801248071,0.6218711330080487,0.8667235797383601,-1.0364142202175524
2632,65312705,r,11,0.13933971026683684,0.5842832836061718,1.1608338076580826,0.510544891285778,0.13933971026683684
2633,65312705,u,3,-2.357102605868527,0.08418372303744093,0.7582919090326348,0.8537898109946326,-2.357102605868527
2634,65332756,g,7,-0.8701175886869086,0.044419654650263984,0.5344565156713847,0.4829030334847403,-0.8701175886869086
2635,65332756,i,19,-0.5498499731507538,0.08503163975530992,0.37365171965924376,0.2449775769676635,-0.5498499731507538
2636,65332756,r,15,-0.4529497530789356,0.22155239498278856,0.5071003877947784,0.26472641262460345,-0.4529497530789356
2637,65346518,g,7,-0.5200167330402365,0.1897714160307188,0.27974858702779715,0.2531256969598516,-0.5200167330402365
2638,65346518,i,19,-1.5590280157547525,0.09152857487839805,0.21582330877875022,2.8665272484539894,-1.5590280157547525
2639,65346518,r,19,-0.9049620057289758,0.0779349873943993,0.1830304908212319,0.9585715649533559,-0.9049620057289758
2640,65387381,g,6,-1.0923478976161887,0.09980207153592802,0.2959404801955996,0.8567882147552335,-1.0923478976161887
2641,65387381,i,5,-0.993112751653981,0.15085190935212323,0.3720361868380464,1.614872741517771,-0.993112751653981
2642,65387381,r,3,-0.39272486466133155,0.0730824604562369,0.10228651037290049,0.27235862400407046,-0.39272486466133155
2643,65482414,g,4,-0.5634498654120932,0.08603236139572551,0.1720387134268495,0.35923464582512044,-0.5634498654120932
2644,65482414,i,2,-0.8187449450988453,0.013299612586962883,0.013299612586962883,0.8731605826374635,-0.8187449450988453
2645,65482414,r,5,-0.4610965644152696,0.12569066798881412,0.2513241304520202,0.24234218559807852,-0.4610965644152696
2646,65575799,g,3,-0.6479987150141633,0.00340670951162636,0.24059952798469486,0.5394156908841269,-0.6479987150141633
2647,65575799,i,3,-1.299006774595226,0.13509652414768958,0.35691763188788306,2.6228524736535137,-1.299006774595226
2648,65575799,r,8,-1.2356386445596985,0.06785911124339572,0.18919544132305388,2.293567222082177,-1.2356386445596985
2649,65621100,i,19,-2.7957451837650815,0.1858056258235381,0.3559425078939693,6.243431619642656,-2.7957451837650815
2650,65621100,r,11,-1.7969049511614288,0.09830272477543711,0.15249412259986972,1.9435256084356505,-1.7969049511614288
2651,65635270,g,4,-0.568169301552228,0.05741378857231688,0.15495544627471247,0.4878439522228264,-0.568169301552228
2652,65635270,i,2,-1.4695820480493296,0.04882028442422626,0.048820284424226035,3.0257750232603495,-1.4695820480493296
2653,65635270,r,7,-0.679891086452951,0.04995498142436727,0.13862970628143834,0.6532690478182757,-0.679891086452951
2654,65651169,i,12,1.0403982049171292,0.16330279129229952,0.2808978783319266,0.7142366353089441,1.0403982049171292
2655,65651169,r,14,1.4552961151110029,0.049687823937236475,0.11254153107935871,0.8384682756024705,1.4552961151110029
2656,65880316,g,6,-0.9619712416544037,0.27732659105996715,0.5203834531796948,0.4370187499954829,-0.9619712416544037
2657,65880316,i,16,0.00010234554796717532,0.1863140503830527,0.4801591458222228,0.09626573560996196,0.00010234554796717532
2658,65880316,r,15,-0.17709751636172388,0.18150510578757417,0.33130512799344114,0.06516366325642454,-0.17709751636172388
2659,65880316,u,2,-1.6628924132000669,0.03828975929982503,0.03828975929982503,0.9129954621254597,-1.6628924132000669
2660,65949242,i,6,-0.40149095706177956,0.08860462897051516,0.46932499906064906,0.31145552318113656,-0.40149095706177956
2661,65949242,r,6,0.8545769492358952,0.10626507963656018,0.5259680778105504,0.4391094482692483,0.8545769492358952
2662,66011115,g,2,-2.124807054274815,0.06899414523725911,0.06899414523725955,1.5499554649893836,-2.124807054274815
2663,66011115,i,12,-2.720135957456821,0.042618239652761236,0.20778154193277487,4.95575542238304,-2.720135957456821
2664,66011115,r,10,-2.152279853537982,0.055335283126769275,0.10374559618247003,1.932523669789186,-2.152279853537982
2665,66058322,i,7,-1.832914163101596,0.03986259338660458,0.21027548292813636,4.42199018940407,-1.832914163101596
2666,66058322,r,5,-1.3480245546786824,0.009379030912264774,0.012966566759235576,2.131624965874744,-1.3480245546786824
2667,66138545,g,2,-0.022405773462022605,0.09982944591301973,0.09982944591301973,0.009355160191750214,-0.022405773462022605
2668,66138545,i,12,-1.2172249512507536,0.214082672976335,0.45491983188387053,1.7774662367519742,-1.2172249512507536
2669,66138545,r,10,-0.6121108313605141,0.16314265605376205,0.3834510708669706,0.5405471482970805,-0.6121108313605141
2670,66138545,u,2,-0.00905405908807766,0.21360371705585357,0.21360371705585357,0.036891161562579274,-0.00905405908807766
2671,66169077,g,2,-0.22764585638587279,0.08413816911625119,0.08413816911625122,0.09124174646230629,-0.22764585638587279
2672,66169077,i,12,0.06701672131941272,0.37637557405802774,0.8388951289847036,0.24112371957844606,0.06701672131941272
2673,66169077,r,10,0.5408100645857389,0.3881086774723524,0.927105514634321,0.509703978229866,0.5408100645857389
2674,66169077,u,4,-1.7063480878164476,0.1373029049913913,0.23491706373022936,0.6645781593503145,-1.7063480878164476
2675,66173920,g,6,-0.6948151125176195,0.16657562026881267,0.45195207130454906,0.7079783523757553,-0.6948151125176195
2676,66173920,i,13,-0.816576407485188,0.3896572808827161,0.6473077623845231,0.8221055465034083,-0.816576407485188
2677,66173920,r,18,-1.0285867866404135,0.24052140949190187,0.4130563105643099,1.1520370782708633,-1.0285867866404135
2678,66259242,g,9,-0.3873934000976491,0.038814098575673306,0.11920821761005967,0.22223827155168305,-0.3873934000976491
2679,66259242,i,29,-0.2793742960296913,0.20230177820129513,0.5765577783499525,0.5737619392933921,-0.2793742960296913
2680,66259242,r,23,-0.1853190333997876,0.05210241848900665,0.21524535452695334,0.8874148458470262,-0.1853190333997876
2681,66259242,u,7,-1.422856516116957,0.13031745673728423,0.5895376236725233,1.253974708057465,-1.422856516116957
2682,66294705,g,9,-0.2525302558520249,0.04735408833586685,0.08867902773131459,0.08407937931215295,-0.2525302558520249
2683,66294705,i,14,-1.390776399202218,0.17010340531326684,0.36885684388090256,2.660816321709675,-1.390776399202218
2684,66294705,r,21,-0.895228454336606,0.20967021075541759,0.38625417313187693,0.9414714384629878,-0.895228454336606
2685,66426991,g,2,-0.9157805104026729,0.009857762232977296,0.009857762232977185,0.7271069001902686,-0.9157805104026729
2686,66426991,i,10,-1.5741111487827533,0.08949260009031268,0.34212423421402516,2.9380608537777215,-1.5741111487827533
2687,66426991,r,9,-1.1075936672336302,0.05100012640180385,0.11338768387898579,1.4709287904503874,-1.1075936672336302
2688,66509473,g,7,-0.27130034433594385,0.5016403030999699,1.0917264777831066,0.35931423587652683,-0.27130034433594385
2689,66509473,i,12,0.3828918970719597,0.05223753844439094,0.11399416174162036,0.5255875533574758,0.3828918970719597
2690,66509473,r,12,0.4230683224685302,0.06815309096020905,0.27877008862083863,1.0365154618649377,0.4230683224685302
2691,66509473,u,6,-0.9426826189286359,0.6799304826509416,1.039645710436836,0.1775534104558513,-0.9426826189286359
2692,66532570,g,2,-0.19195894849213324,0.004654380149175408,0.004654380149175408,0.044468095287869755,-0.19195894849213324
2693,66532570,i,8,-2.0969905201609724,0.08799044330274963,0.17180504815229014,5.065177030041047,-2.0969905201609724
2694,66561158,g,6,-0.3418383044704054,0.028691309407624488,0.050526118503727624,0.13938383338582933,-0.3418383044704054
2695,66561158,i,22,-1.832328432407647,0.3838036712670252,0.6871831407373632,3.858121474130459,-1.832328432407647
2696,66561158,r,18,-0.8091763879814087,0.20983412686830716,0.39183091999517716,0.8457609174546866,-0.8091763879814087
2697,66601180,g,7,-0.6590025745100637,0.2471053006102477,0.5764495173169008,0.47897921125695764,-0.6590025745100637
2698,66601180,i,13,0.12882934790063083,0.13657511575572534,0.2379640114725834,0.5363379917945228,0.12882934790063083
2699,66601180,r,20,0.002431309571430895,0.30775381870586377,0.6173160340299875,0.7135540558525457,0.002431309571430895
2700,66601180,u,4,-1.991322378331913,0.1470783067965491,0.24153232308485517,0.4119334433475257,-1.991322378331913
2701,66606463,g,16,-1.2055972201978047,0.4212065517908201,1.1666824453503357,0.36408811768125277,-1.2055972201978047
2702,66606463,i,17,-1.9332691596665343,0.3760267550808014,0.9688709417952777,2.634200921934129,-1.9332691596665343
2703,66606463,r,19,-0.7784600057801843,0.13802481455911675,0.47773707585214875,0.29881926784784885,-0.7784600057801843
2704,66645095,g,7,-0.8770140466822594,0.3922836964388816,0.6475347336769928,0.9247369226104306,-0.8770140466822594
2705,66645095,i,13,-0.9233190042559323,0.35413643088248525,0.64024700465984,1.2579326259855301,-0.9233190042559323
2706,66645095,r,25,-0.9635937960706158,0.21606802242376577,0.43458495303974753,0.9033175987387397,-0.9635937960706158
2707,66851860,g,2,-0.9936096011925305,0.020273842321831714,0.020273842321831603,1.0551919857532122,-0.9936096011925305
2708,66851860,i,7,-1.111939345045978,0.05237910298397486,0.2750673910089958,0.7493988042095285,-1.111939345045978
2709,66851860,r,4,-0.7408258845720924,0.02486332684626391,0.02925523913592032,0.40707735014591123,-0.7408258845720924
2710,66885646,g,3,-0.037544541820066946,0.0039226946572052945,0.03948608231000417,0.0017458405621785407,-0.037544541820066946
2711,66885646,i,4,0.7957937568877281,0.33366005508918495,0.5442863039900759,0.6501403545798086,0.7957937568877281
2712,66885646,r,5,0.3544617621234548,0.07153427114867877,0.12029541008715272,1.587564102343513,0.3544617621234548
2713,66942217,g,9,-1.0386264151529443,0.12776779086025614,0.22634643919843667,0.719805610239651,-1.0386264151529443
2714,66942217,i,14,-1.2750365932245575,0.13994365148571886,0.25376202730819486,1.8401034721309197,-1.2750365932245575
2715,66942217,r,14,-0.9170206532760465,0.08636286643387464,0.15050063194533492,1.1571788461588746,-0.9170206532760465
2716,67018214,g,3,-1.0326366702859737,0.09729483418082951,0.2894480100338451,0.7070045224468183,-1.0326366702859737
2717,67018214,i,8,-0.45303493237331727,0.07052825037491611,0.27408416569270505,0.36302625417905854,-0.45303493237331727
2718,67018214,r,9,-0.19083313035168809,0.27498533797465025,0.445241644625083,0.22987955508493638,-0.19083313035168809
2719,67018214,u,5,-1.9958584138695707,0.05168641736723245,0.08396129355833848,0.3738250573844698,-1.9958584138695707
2720,67025954,i,6,-0.552653919725161,0.060997480746753596,0.11621196472705875,0.3152351198577665,-0.552653919725161
2721,67025954,r,9,-0.11068491099518574,0.18180330105355402,0.2506753722271904,0.08108073197623136,-0.11068491099518574
2722,67051470,i,6,-1.0654510579259642,0.08231187009759722,0.1298261649167869,1.4541039466729806,-1.0654510579259642
2723,67051470,r,8,-0.8704262480115605,0.09528800257497905,0.15920194056797943,1.0812347699618121,-0.8704262480115605
2724,67064232,i,10,-1.1453418500003625,0.06144270729280521,0.1429216150478445,0.9605100562419107,-1.1453418500003625
2725,67064232,r,5,-0.5088864067193448,0.13570592301047535,0.13772894009850267,0.1897909097687395,-0.5088864067193448
2726,67099807,g,3,-0.3311323102757157,0.0029782249134928107,0.16800841958084178,0.25426543031573184,-0.3311323102757157
2727,67099807,i,9,-1.7854137636195369,0.07817341173170189,0.2414779761981336,3.994028731881669,-1.7854137636195369
2728,67099807,r,9,-0.947494721067287,0.038241624976861344,0.11992129338826851,1.2827916578644325,-0.947494721067287
2729,67121139,g,7,-0.8916147145142883,0.5355752395920503,0.8458026219540709,0.9285975267859452,-0.8916147145142883
2730,67121139,i,25,-0.42429317700171953,0.11339383607316489,0.23035346147243152,0.1739709399591872,-0.42429317700171953
2731,67121139,r,23,-0.39344883773475203,0.24210701403595136,0.34881740948133677,0.23122109095411017,-0.39344883773475203
2732,67154546,i,7,-2.0049827133915517,0.28478305833676254,0.35642900800438015,3.313897253025806,-2.0049827133915517
2733,67154546,r,6,-1.6103025291340263,0.16087403138645895,0.24825704789934067,2.0542714602419214,-1.6103025291340263
2734,67163181,g,6,-1.30564721383791,0.05437359410006781,0.10521085561980148,1.4203757282692717,-1.30564721383791
2735,67163181,i,17,-1.0235305239798655,0.8038510783611568,1.0466355785660781,1.3229791931515162,-1.0235305239798655
2736,67163181,r,15,-0.9416856545698422,0.7130180114005811,1.3264061200371093,0.8288106947333505,-0.9416856545698422
2737,67163181,u,6,-2.1427558243003144,0.051174554977625686,0.08991883529772826,1.9028820661230823,-2.1427558243003144
2738,67194470,g,2,-0.7687863622351486,0.08220389585779808,0.08220389585779819,0.6813104960887401,-0.7687863622351486
2739,67194470,i,14,-1.8073989156639307,0.3261121756563128,0.606196956449736,4.106398620357081,-1.8073989156639307
2740,67194470,r,15,-1.6263480905362673,0.21434484786674957,0.44880069360252994,2.0350887413308816,-1.6263480905362673
2741,67212282,i,7,-2.0121133222499403,0.11262842543543528,0.15541314087894031,5.168942538587927,-2.0121133222499403
2742,67212282,r,4,-1.5885058809371524,0.2107260430040303,0.6304477348653528,3.2133515360378593,-1.5885058809371524
2743,67262199,i,12,0.056538332653071566,0.3022125514397376,0.5412762269608644,0.0975885843051817,0.056538332653071566
2744,67262199,r,8,-0.0231842044226665,0.1368911804628421,0.36471888540181174,0.08689321407447186,-0.0231842044226665
2745,67290375,i,3,-1.2337603208019619,0.1428018122975041,0.2601671399758303,1.7412470612053328,-1.2337603208019619
2746,67290375,r,8,-0.7306767571782569,0.0778238508027872,0.13232945129830898,0.6723804615471689,-0.7306767571782569
2747,6732660,g,16,-0.3504806443270269,0.5579640880820295,1.3201212310483061,0.3392410929376566,-0.3504806443270269
2748,6732660,i,34,0.08410338620646447,0.2333356150485451,0.580164318673777,0.11571631641791054,0.08410338620646447
2749,6732660,r,33,0.2562816570826274,0.38451997888695555,0.7438150330331821,0.12630245167117357,0.2562816570826274
2750,6732660,u,4,-1.6699310934223626,0.05605044378222046,0.10108819904351551,0.3770880645022201,-1.6699310934223626
2751,67371931,g,6,-1.9815345208909014,0.05097609301051986,0.10366874125322756,1.6137542292680471,-1.9815345208909014
2752,67371931,i,11,-1.804016854053943,0.16515796670905702,0.45715953942879617,1.8446622652547384,-1.804016854053943
2753,67371931,r,13,-1.7689471488336643,0.08990778554862011,0.46425264371100106,1.284718161207841,-1.7689471488336643
2754,67401536,i,11,-3.0051192791176526,0.5723368603696648,1.0730170937049284,9.896177430620376,-3.0051192791176526
2755,67401536,r,4,-2.058692445042742,0.3452865778262947,0.6625532216977699,4.445919554954489,-2.058692445042742
2756,67511097,g,2,-0.15920294863574136,0.05267598098487025,0.05267598098487025,0.03712227241361147,-0.15920294863574136
2757,67511097,i,4,-1.912526086711357,0.07005428455361451,0.13257996711651243,3.9241417034977504,-1.912526086711357
2758,67511097,r,7,-0.7461303514394606,0.09713274745804501,0.1994266679829766,0.6669454445823153,-0.7461303514394606
2759,67589909,g,2,-0.5722887472497227,0.03237774116098602,0.03237774116098602,0.2923368602011517,-0.5722887472497227
2760,67589909,i,8,-0.9437860761286436,0.11222779083918893,0.19900569315940375,0.9335058434449237,-0.9437860761286436
2761,67589909,r,7,-0.7329752679900392,0.08034706414557335,0.18907502960419464,0.5957309353349202,-0.7329752679900392
2762,67636458,i,6,-1.2073520771186215,0.057845605293904145,0.09521132573439184,1.832242520234989,-1.2073520771186215
2763,67636458,r,12,-0.5725912473763592,0.03847282147587361,0.07084259522278213,0.39061754238433166,-0.5725912473763592
2764,67679129,g,4,-0.8012999202318289,0.10758951136442096,0.16348119201673217,0.6067303825306655,-0.8012999202318289
2765,67679129,i,8,-0.5546636342591174,0.06244940827233264,0.098529941846623,0.3607677061567269,-0.5546636342591174
2766,67679129,r,11,-0.3263063177388299,0.19777469146931492,0.5186581666356114,0.15434205869158496,-0.3263063177388299
2767,67692177,g,13,-0.7472055167320979,0.5054475939722163,0.9080403398906678,0.5479048886678943,-0.7472055167320979
2768,67692177,i,17,-0.8896176895728127,0.3854496843738924,0.7282971768358248,0.9795636219188784,-0.8896176895728127
2769,67692177,r,16,-0.4818003479914086,0.38573227272807886,0.7094646689925366,0.2419877508155779,-0.4818003479914086
2770,67692177,u,5,0.03650690112249588,0.2158484144171684,0.567609799695393,0.010716743705947713,0.03650690112249588
2771,67766013,g,4,-0.7650822598080758,0.01853897208062144,0.04994530541469733,0.5187677031756379,-0.7650822598080758
2772,67766013,i,11,-0.0261267072234197,0.05660183033777494,0.1005367734075728,0.018547047577362263,-0.0261267072234197
2773,67766013,r,12,-0.0366597092671373,0.06845415737609245,0.17309794758864352,0.01836212473936264,-0.0366597092671373
2774,67769259,i,6,-1.076324698715638,0.11112147738484995,0.17169608246112733,1.4401775106515509,-1.076324698715638
2775,67769259,r,5,-0.7893836804815063,0.34657048546422914,0.39406893173140894,0.526559667174914,-0.7893836804815063
2776,67787677,g,6,-0.303687591010281,0.09294930793774858,0.27208862264613476,0.04387696394836999,-0.303687591010281
2777,67787677,i,10,0.08924679438993555,0.08604483698573095,0.19327891012961584,0.016475036905380443,0.08924679438993555
2778,67787677,r,15,0.09572343393763871,0.06885048024500717,0.10330696529248384,0.007182069164420721,0.09572343393763871
2779,67984728,g,3,-0.6033267124641882,0.277454852129304,0.28666197347518274,0.23938629875840559,-0.6033267124641882
2780,67984728,i,11,0.13859507100107774,0.27226852246363165,0.5542580072124088,0.27285648507995625,0.13859507100107774
2781,67984728,r,10,-0.13114616656697106,0.24111512900995735,0.4497879224158562,0.16070063938019657,-0.13114616656697106
2782,68014649,g,7,-1.1827376865184467,0.07467548221675369,0.25461024944387867,1.428591344091618,-1.1827376865184467
2783,68014649,i,14,-1.4402911240765577,0.2990225299933753,0.6167311469535546,1.4292990915754182,-1.4402911240765577
2784,68014649,r,17,-0.7843710106730881,0.22970384805680244,0.5777716194726439,0.8785400568514331,-0.7843710106730881
2785,68014649,u,3,-1.8034992405853414,0.016544940921769946,0.022654238511632174,0.3179261274367698,-1.8034992405853414
2786,68050925,g,7,-1.124692953045526,0.1533281084121192,0.3930453062236625,1.1827060648558996,-1.124692953045526
2787,68050925,i,15,-1.9314861463587956,0.20023819238326013,0.38226485634996843,4.363528946095672,-1.9314861463587956
2788,68050925,r,15,-1.3449504431717392,0.22454992882056257,0.5128910319844937,1.6122874665750018,-1.3449504431717392
2789,68067351,g,7,-0.3783087846243427,0.025351888786997567,0.0436554938218402,0.24586855657241297,-0.3783087846243427
2790,68067351,i,14,-1.1365758712098297,0.2989548198322506,0.5681713244924083,1.4861155625259517,-1.1365758712098297
2791,68067351,r,10,-0.6832641087748583,0.09531990260922041,0.2033144133993785,0.5498539766831976,-0.6832641087748583
2792,68159716,g,7,-0.8200159176523791,0.15691511991292673,0.24889493619451397,0.7372101525896702,-0.8200159176523791
2793,68159716,i,20,-1.4234865892969026,0.2602427678983621,0.596057616565623,2.148547083417443,-1.4234865892969026
2794,68159716,r,24,-0.8831180776888488,0.15154864826604775,0.29388808432026936,0.8352474887649164,-0.8831180776888488
2795,68252094,g,4,-0.781639971611439,0.285989058124271,0.4977022056203949,0.697874215658771,-0.781639971611439
2796,68252094,i,18,-1.3199462985441315,0.3071620978620765,0.6255955846055608,2.148079429626857,-1.3199462985441315
2797,68252094,r,17,-0.794799356045358,0.18759313339507255,0.4462212106298762,0.7254290443873184,-0.794799356045358
2798,68346357,g,4,-1.4035798989482307,0.04695801698031121,0.13216609606552554,1.724822470763144,-1.4035798989482307
2799,68346357,i,21,-1.597024070171293,0.2130820425209552,0.4164583424943409,1.7819258940130722,-1.597024070171293
2800,68346357,r,24,-1.3594083271678699,0.1704475256998902,0.3182631655689563,1.0905524045392883,-1.3594083271678699
2801,68378353,g,4,-0.7234548908109893,0.13247388228702128,0.2396157677739401,0.5245229751312357,-0.7234548908109893
2802,68378353,i,17,-1.8736924579975596,0.4394841671853329,1.0493618846771804,2.9088784072477214,-1.8736924579975596
2803,68378353,r,16,-1.4627406362847128,0.08762746649144071,0.17724826556158524,1.274505604854847,-1.4627406362847128
2804,68391693,i,15,-2.7165832945599386,0.15305417299164326,0.2562863283404062,6.665688119737328,-2.7165832945599386
2805,68391693,r,7,-2.005398211061118,0.34616575333354005,0.5034613829448729,3.460551515493854,-2.005398211061118
2806,68518631,g,2,-0.30053504988676816,0.05920907350876145,0.05920907350876142,0.12736598983177827,-0.30053504988676816
2807,68518631,i,15,-1.7310862924419887,0.344156016022541,1.0913222688086979,4.710210807689961,-1.7310862924419887
2808,68518631,r,13,-0.8746937553855252,0.09737262408567637,0.39686857494239147,1.167701867659068,-0.8746937553855252
2809,68542303,g,3,-0.6276339626074168,0.026679567620709443,0.07573240821369454,0.5988824848324168,-0.6276339626074168
2810,68542303,i,11,-0.36476145944906646,0.37073878231991175,0.9564629839979997,0.8707543130710129,-0.36476145944906646
2811,68542303,r,10,-0.09699061690414269,0.24225699853517804,0.41870084144791936,1.0709687197169866,-0.09699061690414269
2812,68542303,u,4,-1.778648958461849,0.051597396353306735,0.7741093104402137,0.4487707117010584,-1.778648958461849
2813,68594395,g,7,-1.4503905377911603,0.28159796140284343,1.2077392782080103,0.8704569314200116,-1.4503905377911603
2814,68594395,i,10,-1.6541759877828976,0.08917638156705232,0.15759347239311383,2.9808055281595305,-1.6541759877828976
2815,68594395,r,21,-1.2498239866990786,0.32634584257630406,0.6709804338963092,1.2974296158662046,-1.2498239866990786
2816,68606248,g,4,0.4339976896641775,0.050526864614467426,0.07453652799394606,0.13934124020207195,0.4339976896641775
2817,68606248,i,21,0.37130541414246854,0.3313725056976662,0.6516700183431835,0.14979947009092354,0.37130541414246854
2818,68606248,r,20,0.5697992761164771,0.17565317353122434,0.6234839095310414,0.1871361992932707,0.5697992761164771
2819,68673782,g,12,-0.6424037250389011,0.28233896373370926,0.6673663726960438,0.6936849259605586,-0.6424037250389011
2820,68673782,i,30,-1.8921441247390085,0.4726459198950089,0.8803901955882503,3.7039967242674376,-1.8921441247390085
2821,68673782,r,31,-1.0921576879256691,0.3004385124334036,0.7163687441018546,1.1845863242473633,-1.0921576879256691
2822,68711193,g,4,-0.2954587904396381,0.02471504388588619,0.11314264247589706,0.0781214348403702,-0.2954587904396381
2823,68711193,i,13,-1.8389713902470177,0.1965074164408147,0.3251870373198371,3.8707670402265175,-1.8389713902470177
2824,68711193,r,8,-1.0043888240371992,0.0816651481379973,0.1293101832485779,1.116746798640792,-1.0043888240371992
2825,68841676,g,4,-0.9292289158671152,0.18599331569441757,0.3661393224867626,0.605100044696475,-0.9292289158671152
2826,68841676,i,13,-0.22741129974975194,0.1656386253150881,0.3471132777233348,0.05205097647458232,-0.22741129974975194
2827,68841676,r,12,-0.2942701190209527,0.1448224215290843,0.22208077049541253,0.09241667225178957,-0.2942701190209527
2828,68930805,g,4,-1.0440895499506209,0.0101418968295921,0.09589972233224708,0.32071839568088917,-1.0440895499506209
2829,68930805,i,23,-0.8419270905374265,0.034171540770945974,0.06831789572377422,0.543159142224537,-0.8419270905374265
2830,68930805,r,14,-0.383699969202528,0.008067217016568318,0.01864094384159376,0.0797328013382721,-0.383699969202528
2831,68930805,u,2,-1.380397949887155,0.24499261755863788,0.24499261755863788,0.6427413067125394,-1.380397949887155
2832,69055,i,7,-1.2199545192556904,0.09235984570921918,0.17573011441331565,1.8600748094588506,-1.2199545192556904
2833,69055,r,4,-0.7938531544330624,0.013577011383192339,0.044451314305567036,0.5501272175931234,-0.7938531544330624
2834,69165973,g,11,-2.032760019999354,0.6566344698350939,1.3262543582509094,2.5111882866506896,-2.032760019999354
2835,69165973,i,33,-0.8669804955726625,0.5511011772842638,1.0396120581412058,0.8082696558529929,-0.8669804955726625
2836,69165973,r,30,-1.1314384625491363,0.5522179811662178,1.220183253246677,0.8949494685339089,-1.1314384625491363
2837,69165973,u,5,-1.9662155718291259,0.49091552394701665,0.9061301460199136,0.49847521441436965,-1.9662155718291259
2838,69320578,g,10,-1.6793152918525247,0.05506764039217815,0.3616447223330539,1.9341376445533114,-1.6793152918525247
2839,69320578,i,26,-1.6071300112081501,0.1681630512741339,0.5679281766746109,1.8591379390930516,-1.6071300112081501
2840,69320578,r,26,-1.2868127458857945,0.21031625356422923,0.4601954448016621,1.1972433385089232,-1.2868127458857945
2841,69320578,u,6,-2.2180818478571216,0.09598191892357599,0.17590202026113655,0.8010137932788467,-2.2180818478571216
2842,69322352,g,12,-0.5593229700131366,0.4344610736207306,0.749201720799684,0.5801959141382556,-0.5593229700131366
2843,69322352,i,29,-0.37878673283846676,0.1513168568387112,0.5589917988227069,0.3384005348916933,-0.37878673283846676
2844,69322352,r,30,-0.2079133562247458,0.24671711657201906,1.0337373987781902,0.38901241461124747,-0.2079133562247458
2845,69322352,u,6,-2.2134526751626025,0.053187316206862345,0.12107276691923374,0.9663087255520311,-2.2134526751626025
2846,69373954,g,5,-0.43713706859345025,0.08729527879118859,0.11138680362934938,0.3528879943404361,-0.43713706859345025
2847,69373954,i,10,-0.8040413775047734,0.2529220991266595,0.503935382407994,0.891483284927256,-0.8040413775047734
2848,69373954,r,11,-0.3076795619510764,0.174939619071733,0.30511026693707377,0.42527182375751926,-0.3076795619510764
2849,69409224,g,6,-0.41056185698476394,0.20204327152847745,0.4935189293031642,0.2439923846741933,-0.41056185698476394
2850,69409224,i,4,-1.4477405295081953,0.13202524419135053,0.2159234633578715,2.666726022924914,-1.4477405295081953
2851,69409224,r,7,-0.832262444958023,0.052542880801913605,0.09286954945780135,0.8419263937899386,-0.832262444958023
2852,69497970,g,8,-0.721273924999163,0.17841557205341912,0.30183963697544736,0.47234552582142686,-0.721273924999163
2853,69497970,i,21,-1.8502968587065667,0.45709911793036784,1.0016476931036107,2.96418262527099,-1.8502968587065667
2854,69497970,r,19,-1.1476408059070753,0.25185588515799306,0.527203382319322,1.031962068072367,-1.1476408059070753
2855,69556253,g,5,-1.1047990006316213,0.07888951566663072,0.14375285985940045,0.9122713197350562,-1.1047990006316213
2856,69556253,i,25,-0.5616367220061103,0.24267441610680363,0.5212608903012943,0.2940884708221974,-0.5616367220061103
2857,69556253,r,24,-0.35851715985308197,0.09830446005598537,0.30922152240786704,0.17629914855206588,-0.35851715985308197
2858,69556253,u,3,-1.871217572078848,0.10561180513024304,0.2447113912556249,0.8362386026469301,-1.871217572078848
2859,69598804,g,5,-0.418682248256685,0.03365156260539992,0.03807380612684985,0.2790067534646966,-0.418682248256685
2860,69598804,i,12,-0.9945880234793474,0.22278020733853293,0.34830950877050226,1.002934234528359,-0.9945880234793474
2861,69598804,r,11,-0.09782019998129227,0.12354270611108625,0.22715772436120812,0.059662061679312435,-0.09782019998129227
2862,69598804,u,2,-0.2815571132146415,0.24556968209531838,0.24556968209531838,0.0457042564414969,-0.2815571132146415
2863,69704317,i,10,-1.4511252172697229,0.13507554276718903,0.23289791699485685,2.35700208916387,-1.4511252172697229
2864,69704317,r,6,-1.0879643474490983,0.2027043865144305,0.3060181231970869,1.2353784426652776,-1.0879643474490983
2865,69770753,i,7,-0.089106640110579,0.09764746991506068,0.18323579714402885,0.03668081866243937,-0.089106640110579
2866,69770753,r,4,0.01797589997276572,0.0989804653159575,0.22925700201084362,0.1075992597737841,0.01797589997276572
2867,69770753,u,2,-0.7841563099996113,0.007224201636675365,0.007224201636675476,0.30493303612143496,-0.7841563099996113
2868,69883597,g,4,-0.6814392611585274,0.02071191262244293,0.33734136797070113,1.1296576458514955,-0.6814392611585274
2869,69883597,i,9,-1.4881946218880704,0.11444874865361321,0.20079471939131177,1.956971595605298,-1.4881946218880704
2870,69883597,r,9,-1.0057736272870292,0.15225516646375858,0.5011640654163633,1.192621310614336,-1.0057736272870292
2871,69954362,g,7,-0.6817058483806568,0.23015638037249841,0.46278557147485044,0.3671045850976687,-0.6817058483806568
2872,69954362,i,39,-1.913111826045361,0.3618517140773647,0.6856915250888949,3.802498489201798,-1.913111826045361
2873,69954362,r,27,-1.325165750116256,0.23303756835532674,0.461162874147222,1.4059586444484724,-1.325165750116256
2874,69963441,i,4,-1.4692150401981543,0.04178362498445076,0.12127011425026923,2.5009498627114017,-1.4692150401981543
2875,69963441,r,7,-1.0190817516643738,0.10024210210433315,0.15776712575773244,1.6925326471180147,-1.0190817516643738
2876,69969341,g,25,-0.2522846887483732,0.42793971563361577,0.8086891528439362,0.2828186661040786,-0.2522846887483732
2877,69969341,i,17,-0.806030110452165,0.6823089361915464,1.87159965730337,0.9210663005386331,-0.806030110452165
2878,69969341,r,22,0.6597382716744447,0.40769477220411654,0.788951309532132,1.1308068579168367,0.6597382716744447
2879,70084977,g,12,-0.7343012004580116,0.06090770746932678,0.37467047769450534,0.6509860436682917,-0.7343012004580116
2880,70084977,i,16,-0.8628783852105102,0.21477734890976424,0.43380821014022264,1.1385754524567007,-0.8628783852105102
2881,70084977,r,12,-0.5311493549387317,0.024120842586207336,0.042391263581121,0.4451175535939871,-0.5311493549387317
2882,70084977,u,2,-0.3337142730407987,0.09759560138732026,0.09759560138732026,0.007869523023835605,-0.3337142730407987
2883,70105324,g,5,-2.0006196259488234,0.10642110471967525,0.27314348173612446,2.380823754474747,-2.0006196259488234
2884,70105324,i,3,-1.0291763780673022,0.013149578973482345,0.025700726410096575,0.5916470984063865,-1.0291763780673022
2885,70105324,r,5,-1.2551661909391005,0.07252686023775379,0.108243481371471,0.7170523994450109,-1.2551661909391005
2886,70158274,g,4,-1.2272499106647754,0.02424952910824474,0.41736360141755924,0.9505064961037826,-1.2272499106647754
2887,70158274,i,11,0.5388101855887499,0.380448156415506,0.6749511914173172,0.7501050667631969,0.5388101855887499
2888,70158274,r,12,-0.1317459149618679,0.21519310955106488,0.6248218729802958,0.1462134710269059,-0.1317459149618679
2889,70158274,u,4,-1.6591113334177157,0.060544049488031826,0.12998056088320475,0.1791256747282789,-1.6591113334177157
2890,70208523,g,4,-0.9616421995674287,0.06828249608879988,0.11901413871335187,0.575090932872568,-0.9616421995674287
2891,70208523,i,26,-2.4621557052812424,0.24490245742433814,0.8399301966285622,4.480643306381065,-2.4621557052812424
2892,70208523,r,20,-1.4238060141662139,0.20265370076371014,0.4543426594080615,1.3690189590658925,-1.4238060141662139
2893,70233757,i,9,-1.161001924550988,0.17190314803284357,0.46384440774627866,2.2712721886478717,-1.161001924550988
2894,70233757,r,8,-0.2802156968583562,0.30860385874395746,0.4867187502445428,0.21091579295635876,-0.2802156968583562
2895,70317662,g,4,-1.1467153923768496,0.06347475938176705,0.09367671541178102,0.3864245360447328,-1.1467153923768496
2896,70317662,i,16,-0.8473376765379117,0.11921381459871228,0.35410880580102067,0.5695210445445211,-0.8473376765379117
2897,70317662,r,15,-0.6805036145930123,0.053371046564575586,0.21271306208349694,0.23706451133235185,-0.6805036145930123
2898,70338092,g,7,-0.3854554421213635,0.020514810134758532,0.750169388058592,0.7291679274243182,-0.3854554421213635
2899,70338092,i,11,-0.8193870351524768,0.5811940406508165,1.0285504838454456,1.2465250859449752,-0.8193870351524768
2900,70338092,r,9,-0.49649527435379504,0.4920641096995426,0.9806604726588845,0.5410258148266393,-0.49649527435379504
2901,70338092,u,6,-1.670085589493578,0.3114447032909553,0.768991397488886,0.261318004124733,-1.670085589493578
2902,70429443,g,5,-0.49181500102680475,0.08952016986971323,0.16394398169496793,0.31737097988343865,-0.49181500102680475
2903,70429443,i,6,-1.199090672390882,0.14462387992816084,0.25733356091074366,1.998053558336154,-1.199090672390882
2904,70429443,r,10,-0.4069603208076783,0.20071748835984726,0.335399565033346,0.28338929927010115,-0.4069603208076783
2905,70434945,g,2,-2.7843326907472465,0.013336125529340936,0.01333612552934138,1.7787619685792246,-2.7843326907472465
2906,70434945,i,7,-2.3381042620621613,0.10088579714219348,0.1923680067781306,3.524835594113038,-2.3381042620621613
2907,70434945,r,5,-2.1420800781372686,0.2772921854874202,0.2827256328344694,1.8181027870493096,-2.1420800781372686
2908,70535716,i,10,-2.1433532246213436,0.18918508795927091,0.34868127708282026,5.055938165326299,-2.1433532246213436
2909,70535716,r,6,-1.3195675284202433,0.1484335991707979,0.23913842911244965,1.9879321202979552,-1.3195675284202433
2910,70538780,g,6,-0.24308972276416918,0.11063223205405703,0.22502377070189253,0.08588338313934844,-0.24308972276416918
2911,70538780,i,6,-1.063362146729986,0.41130664991599913,0.7053960904797262,1.514533507816586,-1.063362146729986
2912,70538780,r,9,-0.8211028702957939,0.09121800749210585,0.25469029475350524,0.9320300108424947,-0.8211028702957939
2913,70549609,g,4,-0.7186467846698517,0.1666120460189371,0.3504232315804495,0.37924774339181544,-0.7186467846698517
2914,70549609,i,13,0.42491327070803275,0.5237863630372963,0.8257246974096863,0.5276178520908419,0.42491327070803275
2915,70549609,r,10,0.06572272463403775,0.2738308921707392,0.4137769906932523,0.12094555419307554,0.06572272463403775
2916,70617427,g,6,-1.2260635209443222,0.07583184471616933,0.14187826076019783,1.3876495986068447,-1.2260635209443222
2917,70617427,i,31,-0.5152761490834141,0.2918648607886918,1.0225127818075799,0.7076985806484627,-0.5152761490834141
2918,70617427,r,33,-0.6981912109906265,0.0822424627003755,0.6462003271549916,0.37130426875913886,-0.6981912109906265
2919,70617427,u,9,-2.091417212811513,0.27433251266837555,0.3221440417780146,1.7187863588056316,-2.091417212811513
2920,70634703,g,3,-0.4313609950101296,0.19955653605776513,0.20493829477165415,0.21137742490272507,-0.4313609950101296
2921,70634703,i,6,-0.8987036461527843,0.19677655720227982,0.31540134797755737,1.1301279794043444,-0.8987036461527843
2922,70634703,r,6,-0.6302351314480575,0.0991047717084404,0.18181336535018167,0.48263515194171047,-0.6302351314480575
2923,70690540,g,5,-0.3819520723513247,0.07358290703925358,0.2847960815453672,0.17862238722682683,-0.3819520723513247
2924,70690540,i,11,-0.43332078154831927,0.1554630970728011,0.3121007046076794,0.3002704680143923,-0.43332078154831927
2925,70690540,r,11,-0.32669223129916947,0.09122423607982388,0.11354132155920954,0.2118793985654726,-0.32669223129916947
2926,70752815,g,4,-1.3858507155221236,0.003910349451047734,0.007787357017054131,1.6946415393620118,-1.3858507155221236
2927,70752815,i,5,-0.6268736091496838,0.016078005062533096,1.4845165435631063,0.5136055897075152,-0.6268736091496838
2928,70752815,r,4,-0.6344012689230646,0.007314916197391441,0.6174861486055097,0.8549687373116228,-0.6344012689230646
2929,70752815,u,6,-2.377540377259365,0.03202730930444542,0.06055279273676328,0.9305567046616497,-2.377540377259365
2930,70782049,g,2,0.3520338645700827,0.022471478408851553,0.022471478408851553,0.09004297625526118,0.3520338645700827
2931,70782049,i,9,-0.066814137260652,0.2032764019037815,0.38326079390972434,0.05938638198915247,-0.066814137260652
2932,70782049,r,13,0.5505056394658174,0.4640252084063521,0.7507103996973928,0.2551944638019595,0.5505056394658174
2933,70863803,g,7,-1.2165483904646508,0.3242455307154479,0.4042357483346748,1.2323590692524249,-1.2165483904646508
2934,70863803,i,8,-1.5465911029948152,0.6195244060128642,1.1532322049719104,2.162737162406,-1.5465911029948152
2935,70863803,r,11,-0.9197518793618921,0.464543282718157,0.9358485940623181,0.7505503915074653,-0.9197518793618921
2936,70863803,u,7,-2.033157243062995,0.08344637939542521,0.3238928110466721,1.8788677869582937,-2.033157243062995
2937,70982381,i,13,-0.691129459801645,0.23311575667765838,0.4773821230621521,0.6482777100922097,-0.691129459801645
2938,70982381,r,8,-0.31473076575929493,0.14608822987101866,0.23775734509430685,0.1913403487718989,-0.31473076575929493
2939,71150865,i,15,-2.1367889655132903,0.13069529928923806,0.417219408381055,4.48326264498645,-2.1367889655132903
2940,71150865,r,12,-1.7202130981030357,0.13952232195883862,0.27390599223199663,2.2848789615789036,-1.7202130981030357
2941,71392938,g,2,-1.1280486863531223,0.11755274094061074,0.11755274094061052,0.5309158315323536,-1.1280486863531223
2942,71392938,i,16,-1.8769010265679196,0.10358880683369764,0.147934321536473,2.742731783259485,-1.8769010265679196
2943,71392938,r,25,-1.245364935025118,0.1142077244319879,0.24316200889406758,0.9097668269396065,-1.245364935025118
2944,71644569,i,13,-3.6574364950075635,0.174435092494452,0.7526662313197585,14.357918974229515,-3.6574364950075635
2945,71644569,r,13,-2.8261991191850595,0.18666026491621013,0.37378600348178015,8.82064776312628,-2.8261991191850595
2946,71668046,i,3,-1.196427756335739,0.2569123965148308,0.2716975478132624,1.9477307169046492,-1.196427756335739
2947,71668046,r,8,-0.7952798496513316,0.167591407368142,0.3056981361939768,0.9969701205056918,-0.7952798496513316
2948,71783799,i,9,-2.3251053452079655,0.38406992503935333,0.5552080793254635,5.493282058936456,-2.3251053452079655
2949,71783799,r,7,-1.4738182631272856,0.18353632695249256,0.22240979706140496,2.6474104058766,-1.4738182631272856
2950,72089574,g,4,-0.9643464017566141,0.14424287178160927,0.2748963885110478,1.0883344855722665,-0.9643464017566141
2951,72089574,i,14,-1.1872140180234712,0.08412288352497121,0.19917772367637232,1.7827258797078156,-1.1872140180234712
2952,72089574,r,11,-0.9605550637938438,0.13056049567394856,0.22990750731178267,1.2701262276031786,-0.9605550637938438
2953,72217568,g,3,0.14449285586703853,0.19629706132715163,0.9290693112400894,0.7784455027400162,0.14449285586703853
2954,72217568,r,9,0.9040186479551628,0.2673567921969531,0.5046434084608911,1.5830263734430394,0.9040186479551628
2955,72217568,u,6,-0.7943348167959121,0.2550059494341539,0.384228631387207,0.0476691628935384,-0.7943348167959121
2956,72306569,i,13,-0.3964394701218938,0.22179462655219856,0.4346769831895921,0.21522791182648382,-0.3964394701218938
2957,72306569,r,11,-0.2312744921057338,0.14591152282557374,0.25060714450488597,0.13993489638617937,-0.2312744921057338
2958,72306569,u,2,-1.7128145038804476,0.04169995064118637,0.041699950641186145,0.3795914648865917,-1.7128145038804476
2959,72331737,g,6,-0.7518456374679809,0.19951249137420768,0.34636411217709573,0.7006176071131964,-0.7518456374679809
2960,72331737,i,23,-1.7517829753171783,0.5756412811597218,1.1221984194103563,3.050643194446465,-1.7517829753171783
2961,72331737,r,22,-1.0128576708717618,0.21216315575501393,0.3848964032254112,1.1532416681099238,-1.0128576708717618
2962,72432914,i,10,-1.7601911953850193,0.24350639416137465,0.4744645444736977,2.950184023596311,-1.7601911953850193
2963,72432914,r,7,-0.9500981936457931,0.05874668716957776,0.6505901490787274,1.2391379003378122,-0.9500981936457931
2964,72491523,i,9,-1.9593964890140598,0.12421042515604208,0.3828751673470998,4.8925592096011945,-1.9593964890140598
2965,72491523,r,7,-1.3907364540879283,0.15601926751588358,0.3787537196135484,2.1193674240853286,-1.3907364540879283
2966,7250178,i,19,-2.2333334395456683,0.25804077098824285,0.5225199585884601,5.679636118685271,-2.2333334395456683
2967,7250178,r,12,-1.356533274096022,0.0752117278092661,0.1587316476849736,1.7012419841672355,-1.356533274096022
2968,72517361,g,4,-0.849116930384717,0.28865828929365067,0.5409041657208531,0.8411342871370124,-0.849116930384717
2969,72517361,i,17,-1.710149389470828,0.2031429298881715,0.6371223034010638,3.265654441702853,-1.710149389470828
2970,72517361,r,15,-1.0666573852067198,0.28929091529862494,0.6811586056692508,1.3378574756739217,-1.0666573852067198
2971,72570025,i,11,-1.14028024213771,0.10273735607394041,0.27592558408689993,1.3539577512097367,-1.14028024213771
2972,72570025,r,6,-0.45659144973781085,0.24684968231209592,0.42888258675994867,0.33483772037646636,-0.45659144973781085
2973,72630055,g,8,-1.898821406508868,0.2699703692554285,0.5950114216770732,2.7276057246792704,-1.898821406508868
2974,72630055,i,18,-1.3550413663948384,0.46701306590626646,0.8876513219400235,1.4845281342390682,-1.3550413663948384
2975,72630055,r,19,-1.196362163003081,0.47968105712945075,0.6624467553499638,1.1059384540107708,-1.196362163003081
2976,72630055,u,6,-3.2254671114896483,0.0791242696736214,0.1478851571910904,4.582374429774636,-3.2254671114896483
2977,72637436,i,6,-2.7463360300403483,0.25039672241075306,0.4419840604667664,8.784833509064919,-2.7463360300403483
2978,72637436,r,5,-1.5232523302292973,0.15332831456678897,0.20379495742945197,2.6488197521780785,-1.5232523302292973
2979,72683397,g,9,-1.075788252692215,0.12780465787095974,0.13107513629710077,0.9569070173065966,-1.075788252692215
2980,72683397,i,18,-0.7794790239627059,0.09201133647276061,0.17363805916455022,0.52038816077224,-0.7794790239627059
2981,72683397,r,25,-0.6032837380260014,0.039415568218430064,0.05833356116118871,0.2366620911988351,-0.6032837380260014
2982,72683397,u,10,-1.7417048881293078,0.288205961514457,0.5579081198969551,1.366164162954676,-1.7417048881293078
2983,72706046,i,8,-0.25090293248902507,0.07664515255386645,0.4530570035418308,0.16888334878229763,-0.25090293248902507
2984,72706046,r,3,0.4184442596396635,0.1414345894379747,0.18114545864916698,0.32582108607165894,0.4184442596396635
2985,72749128,g,4,0.8589468799634292,0.8548938152592513,1.7866798334506215,1.6882805383229118,0.8589468799634292
2986,72749128,i,11,-0.04923020299057035,0.0623499628519002,0.8286821597069418,1.1986203107191469,-0.04923020299057035
2987,72749128,r,11,0.2204655402881704,0.15440975833776804,1.8185439231339537,1.2211975409168006,0.2204655402881704
2988,72762149,g,2,-0.42373124125662026,0.20763482241815018,0.20763482241815023,0.23074185040676046,-0.42373124125662026
2989,72762149,i,7,-1.066979496759008,0.835827717901579,1.2889050837849851,1.4367452597918073,-1.066979496759008
2990,72762149,r,7,-0.14276351892952577,0.15783015451734062,1.0988382472731377,0.5486850328299656,-0.14276351892952577
2991,72819025,i,10,-3.1203234613146704,0.9288307207733126,1.7248420325765998,9.046707959505515,-3.1203234613146704
2992,72819025,r,11,-1.6477531519317123,0.2757667729854272,0.8158058799524488,3.6350742854784674,-1.6477531519317123
2993,72833806,i,8,-1.9421612805466402,0.11216868249268663,0.2589846462261556,4.66427329239958,-1.9421612805466402
2994,72833806,r,2,-0.49117904838788873,0.19741773991934372,0.1974177399193437,0.37375087997207984,-0.49117904838788873
2995,72897456,g,3,-0.6838167153343881,0.03878547268006183,0.08278674017597976,0.6001197309149889,-0.6838167153343881
2996,72897456,r,7,-0.6411252620370625,0.1597503767468621,0.39601220070466714,0.5798382830712729,-0.6411252620370625
2997,72978707,g,3,-1.3424169750975006,0.013685507373566663,0.030603221996867047,1.1773761443327013,-1.3424169750975006
2998,72978707,i,12,-0.5199736904186575,0.13498266929991615,0.3338078468162262,0.26584400229697497,-0.5199736904186575
2999,72978707,r,10,-0.26339625601466066,0.13558430146856426,0.37675614936807933,0.19044182873871354,-0.26339625601466066
3000,73064443,g,7,-0.6284148809899444,0.40591268621183896,1.8280337795747454,0.9471045084536966,-0.6284148809899444
3001,73064443,i,10,-0.25172876122814924,0.269945590714067,0.5907931253138379,0.6150953311544523,-0.25172876122814924
3002,73064443,r,20,-0.29077442252584695,0.2103954675346087,0.7168815515297817,0.7956907892891854,-0.29077442252584695
3003,73064443,u,8,-1.8379367034548784,0.13847994847254386,0.23756798245310295,0.5849199368409256,-1.8379367034548784
3004,73131883,g,5,-1.8875479195648053,0.06373601336780821,0.08077567326447133,2.4453230493004567,-1.8875479195648053
3005,73131883,i,12,-1.0960072564286993,0.09598941558314777,0.26168201694818904,0.697095066737691,-1.0960072564286993
3006,73131883,r,12,-0.9937365652137469,0.20318879410600915,0.3512773791791616,0.7603488212138249,-0.9937365652137469
3007,73131883,u,2,-2.6224180882396593,0.0012984080731182068,0.0012984080731177627,0.7418837490980326,-2.6224180882396593
3008,73155180,g,4,-1.6194862186650723,0.31410400114010617,0.6402804669958293,2.1718435102387406,-1.6194862186650723
3009,73155180,i,13,-2.1647248840036752,0.36064283176039513,0.5851898498268824,4.823026045987697,-2.1647248840036752
3010,73155180,r,11,-1.532771734654086,0.5214651735213507,0.9611497542069309,2.27499517209918,-1.532771734654086
3011,73155180,u,2,-1.0708434340670991,0.5274491730060357,0.5274491730060358,0.5042707915345339,-1.0708434340670991
3012,73160971,g,5,-0.490294617673356,0.10016868002409252,0.14800771505255506,0.3509544716007331,-0.490294617673356
3013,73160971,i,7,-1.1025868404732577,0.20790996695448594,0.3215318414849345,1.2724969963700252,-1.1025868404732577
3014,73160971,r,7,-0.6530206793154824,0.05758083815103954,0.09806988832567098,0.5132517450154161,-0.6530206793154824
3015,732274,i,5,-1.395482679209309,0.17857492205402026,0.40644233256692663,2.863686823716854,-1.395482679209309
3016,732274,r,11,-0.9805740974066209,0.12335526580698952,0.20595326974829076,1.1691793640323895,-0.9805740974066209
3017,73231095,i,15,-1.8107051477061291,0.06893385852039158,0.17709075334167523,2.6499620078532637,-1.8107051477061291
3018,73231095,r,10,-0.9973168803180086,0.06866077425643036,0.13390851376883162,0.7076213973908805,-0.9973168803180086
3019,73343667,g,4,-3.673439434134937,0.3394466999353878,0.6194815490386931,5.189267831437672,-3.673439434134937
3020,73343667,i,9,-3.005644958352577,0.48177121006728196,0.6362716055532776,5.156447833942693,-3.005644958352577
3021,73343667,r,10,-3.1840168985907713,0.4822286629578907,1.2402216775255281,3.726387717605249,-3.1840168985907713
3022,7342352,g,4,-0.30094650598258077,0.05726185226759778,0.2968661988696226,0.2852789568265947,-0.30094650598258077
3023,7342352,i,6,-1.0786629717894136,0.3786436461487221,0.6116446521685248,1.3756416734630743,-1.0786629717894136
3024,7342352,r,12,-0.9081944133886648,0.24489915303072568,0.5950140104661443,0.9713028795797142,-0.9081944133886648
3025,73470066,i,8,-1.0426212819110698,0.0703832583184914,0.12068123073839898,1.4692422028645935,-1.0426212819110698
3026,73470066,r,5,-0.8666707157341105,0.02915490462315007,0.04753682410773996,0.9405095854470679,-0.8666707157341105
3027,73638554,g,7,1.5123887262759301,0.5786713076806005,1.9114710356887983,2.1409915930641774,1.5123887262759301
3028,73638554,i,22,1.3574484128817792,0.8604175995041836,1.4708263113478013,1.736176363394668,1.3574484128817792
3029,73638554,r,16,1.5374701644540716,0.6022432586806508,1.3455564280981345,2.1251340573842876,1.5374701644540716
3030,73638554,u,2,-1.2918478715261514,0.41208059136114183,0.41208059136114183,0.18350367235977988,-1.2918478715261514
3031,73682758,g,6,-1.304723778867613,0.0366005789553302,0.20753230485421215,1.1390630487069537,-1.304723778867613
3032,73682758,i,13,-0.5615949598280362,0.0792034739644959,0.12482132413646985,0.32588680656252567,-0.5615949598280362
3033,73682758,r,15,-0.6159307522915176,0.0318309524024184,0.07959426935179481,0.3274241202978967,-0.6159307522915176
3034,73773064,g,8,-1.7372728295520037,0.2808297224599925,0.5481765081589192,2.3442063888338325,-1.7372728295520037
3035,73773064,i,16,-1.3981314004704046,0.5490460209693033,1.0450186127930525,1.51887636582622,-1.3981314004704046
3036,73773064,r,18,-1.2414718376752842,0.404205058705172,0.6617136991661651,1.1111037505692969,-1.2414718376752842
3037,73773064,u,8,-2.956106894471783,0.06455742415078713,0.1396438644386282,3.922624019478474,-2.956106894471783
3038,73799087,g,3,-0.03716534881462452,0.011592728432641919,0.12662868493857782,0.0208066685325413,-0.03716534881462452
3039,73799087,i,11,-1.4085850057395886,0.21722422151263543,0.4387343551140914,2.1492440039617726,-1.4085850057395886
3040,73799087,r,6,0.03283650193046439,0.10614250599399214,0.27559169951850665,0.03306827484822433,0.03283650193046439
3041,7381046,g,7,-0.5437730730670252,0.10712367845126025,0.36026603692259773,0.4237453768669748,-0.5437730730670252
3042,7381046,i,18,-0.5288824741645428,0.2065924616635369,0.37449467803383,0.34315771281377366,-0.5288824741645428
3043,7381046,r,27,-0.26616662782970657,0.20034241775752593,0.3650184122221615,0.10621625521788236,-0.26616662782970657
3044,73822972,g,3,-0.12446012278917751,0.18536889387257577,0.4667500269325603,0.1589138328561702,-0.12446012278917751
3045,73822972,i,6,-0.8901892392358062,0.19766100791072394,0.31157985640713237,1.2006212416851005,-0.8901892392358062
3046,73822972,r,7,-0.6364882058862291,0.22161585723292587,0.38926569652472054,0.7288111708778516,-0.6364882058862291
3047,73843534,g,2,1.4026552960858347,1.152870608578287,1.152870608578287,2.5262461452112506,1.4026552960858347
3048,73843534,i,7,0.1889992834572445,0.3200395936172469,0.35265619516197655,0.124286984253748,0.1889992834572445
3049,73843534,r,5,-0.3149569355660143,0.0054388059376463405,1.2908073799088395,2.465959027738209,-0.3149569355660143
3050,73954753,i,6,-1.702886456362081,0.0962507149465941,0.15082865550779867,3.895717183000683,-1.702886456362081
3051,73954753,r,7,-1.0995708380700273,0.11059545778406998,0.1946203402945148,1.482540812454672,-1.0995708380700273
3052,74008906,g,11,0.2839541778568946,0.8508714629226031,1.1998402244905444,0.5436039849953351,0.2839541778568946
3053,74008906,i,33,0.2022317165456753,0.4587784567416296,0.8993024395938567,0.3125194322528703,0.2022317165456753
3054,74008906,r,35,0.5021968503378627,0.531328791561579,0.9383419389653418,0.34241213509509005,0.5021968503378627
3055,74008906,u,4,-1.857033392852245,0.019346729071958002,0.27932733358694417,0.2620935754759839,-1.857033392852245
3056,74046630,g,5,-0.6390950978293986,0.0709355655846281,0.10387268958650431,0.5146757254672847,-0.6390950978293986
3057,74046630,i,7,-1.059597381259996,0.08644223937297935,0.12168647359169027,1.373306015791275,-1.059597381259996
3058,74046630,r,11,-0.6530022926163264,0.032336923356723335,0.05597082013164045,0.47244337995513414,-0.6530022926163264
3059,74110194,g,2,0.10878129285442656,0.05294796738918767,0.05294796738918767,0.01038680231961914,0.10878129285442656
3060,74110194,i,14,-1.0840338049927127,0.20678304475433523,0.3246379577481451,1.1474621730639292,-1.0840338049927127
3061,74110194,r,11,-0.15504698270019235,0.07044338586736576,0.09562067434222837,0.03608025663720875,-0.15504698270019235
3062,74114448,g,4,-1.625570644994729,0.1121405139338717,0.2263657609780083,2.198761319010858,-1.625570644994729
3063,74114448,i,4,-1.4065275213268524,0.060666898399196256,0.1282948075830035,1.9586946194425296,-1.4065275213268524
3064,74114448,r,7,-1.266604539132468,0.09297980808807482,0.23846864151453673,1.2842493622353628,-1.266604539132468
3065,74118875,g,2,-0.9021654112139377,0.10122902057456251,0.10122902057456251,0.2715429434745953,-0.9021654112139377
3066,74118875,i,9,0.24167199191383082,0.09600376231490859,0.20020937222451285,0.040961911268053104,0.24167199191383082
3067,74118875,r,9,-0.0687337084520423,0.08729823923028013,0.1696926912882204,0.013515809134483076,-0.0687337084520423
3068,74126064,g,8,0.23787654346688247,0.16619151363767615,0.25082758396881644,0.09664237908830822,0.23787654346688247
3069,74126064,i,27,-0.36251603236300256,0.1998046173240957,0.948984800663433,0.256747414281974,-0.36251603236300256
3070,74126064,r,27,0.7618959484146766,0.30173057502001943,1.2473497137243772,0.31805330663837605,0.7618959484146766
3071,74126064,u,2,-0.751248871584679,0.20201235971896692,0.20201235971896692,0.16527499761382436,-0.751248871584679
3072,7496097,g,3,-1.5585935112108413,0.20845699798236872,0.2890575510416462,1.252415498146763,-1.5585935112108413
3073,7496097,i,2,-1.5932129068345717,0.29568444881121125,0.29568444881121114,2.288853529708161,-1.5932129068345717
3074,7496097,r,6,-1.581817182195433,0.1284346628444908,0.2091481865307241,1.359382495690486,-1.581817182195433
3075,7531462,g,15,-1.3418375684590758,0.47353646456813747,0.7591015259799652,1.5501047587116576,-1.3418375684590758
3076,7531462,i,35,-0.438279410302317,0.6318522125799341,1.2356762085364799,0.5671020113341979,-0.438279410302317
3077,7531462,r,34,-0.6880337449344887,0.4284788214754996,0.7975324313125436,0.6369053400688063,-0.6880337449344887
3078,7531462,u,7,-2.9755045127448687,0.12183947350715751,0.33479208653199954,1.1993337167722848,-2.9755045127448687
3079,7533462,g,3,-0.7473761854157904,0.07973185387214754,0.30825696333915503,0.3424435594152779,-0.7473761854157904
3080,7533462,i,3,-1.1079314441728738,0.13709266362499295,0.1415319075518724,1.6691692956889002,-1.1079314441728738
3081,7533462,r,6,-0.7117797387272542,0.05728207314223788,0.10082830376488927,0.745590518042412,-0.7117797387272542
3082,7633930,g,8,-0.20824116829803688,0.05507855361639408,0.22517963255754672,0.15880239495664225,-0.20824116829803688
3083,7633930,i,12,-1.2508602893285563,0.17938774160209914,0.37178771329713656,2.145096366705915,-1.2508602893285563
3084,7633930,r,19,-0.896141137569935,0.1573736309811936,0.2763373101792752,0.7715893437340714,-0.896141137569935
3085,7886748,i,9,-0.13742366360321667,0.39058098007158937,0.681107065017398,0.6724649620334204,-0.13742366360321667
3086,7886748,r,10,-0.04495729356600464,0.23181333572034477,0.3991520894486784,0.46890768160953017,-0.04495729356600464
3087,7886748,u,2,0.09773552358868898,1.7949167970393156,1.7949167970393156,0.40528685539100623,0.09773552358868898
3088,8054871,g,3,-0.45244249799993796,0.17895831051627054,0.2999295632523211,0.2545236780129043,-0.45244249799993796
3089,8054871,i,4,-1.1502096821940673,0.08691368064603366,0.17683092068323858,1.7495088447421718,-1.1502096821940673
3090,8054871,r,8,-0.8279209318568963,0.02522821749703008,0.06673637643487329,0.7450301755393371,-0.8279209318568963
3091,8055206,g,3,-0.7440966818201823,0.16116854082904497,0.7153408581503565,0.41500771230280514,-0.7440966818201823
3092,8055206,r,11,-0.9066369547105602,0.18966151791512997,0.36447740000791273,0.9436207536229237,-0.9066369547105602
3093,8076419,g,10,-0.8907679841300052,0.32825017334204926,0.5875099835639425,0.6216601364577523,-0.8907679841300052
3094,8076419,i,19,-1.5771272193826817,0.41198167343415704,1.2936230787377203,3.7737994097043726,-1.5771272193826817
3095,8076419,r,26,-1.2685620463292109,0.2850166311172594,0.4617885075303192,1.443220275925961,-1.2685620463292109
3096,8081670,g,3,-0.5557276590290544,0.27065278686917094,0.2998522626526471,0.28590378361954055,-0.5557276590290544
3097,8081670,i,6,-1.226423324543668,0.12188218640403559,0.20936098173352913,1.827079892187718,-1.226423324543668
3098,8081670,r,6,-0.6579272684319251,0.01791668085540582,0.04512605411508219,0.40266198202686293,-0.6579272684319251
3099,8081670,u,2,0.3438333359580301,0.1793451854397341,0.1793451854397341,0.06665050144842952,0.3438333359580301
3100,8164065,i,2,-1.5970328587952327,0.3906186269503573,0.3906186269503573,2.7852799850062038,-1.5970328587952327
3101,8164065,r,9,-1.26739125287808,0.10456876035903773,0.1842418320607142,1.7898794514482514,-1.26739125287808
3102,8190850,g,5,-2.2866458145090305,0.005729371552452012,0.3009596252654898,1.649570970439806,-2.2866458145090305
3103,8190850,r,2,-2.4215874436501146,0.07683314116567286,0.07683314116567308,3.759511769374398,-2.4215874436501146
3104,8190850,u,3,-2.685272970411477,0.010715849868640603,0.11929567224558468,1.6178439242857616,-2.685272970411477
3105,8330743,i,13,-2.3993586789561423,0.11965309750132036,0.2681791125682298,4.950634595671222,-2.3993586789561423
3106,8330743,r,5,-1.4201072789537335,0.019188756706703503,0.021495844277322762,1.4271161761394249,-1.4201072789537335
3107,8397656,g,4,-0.6839449107969385,0.1172505644090262,0.40410761548202034,0.6276846531363871,-0.6839449107969385
3108,8397656,i,11,-0.25617044858305027,0.3876481292274666,0.6410584362287391,0.39759483435569404,-0.25617044858305027
3109,8397656,r,9,-0.31352678652378785,0.228334103646184,0.408694377997001,0.2909189435546231,-0.31352678652378785
3110,8397656,u,4,-1.9158004630597882,0.07804724918701411,0.4882075322417152,1.3252828508730887,-1.9158004630597882
3111,8486539,g,3,-0.7496453078062313,0.17935938657104689,0.20728032351868397,0.6930201937070906,-0.7496453078062313
3112,8486539,i,6,-1.3273050029727251,0.23088839286061302,0.3548791938067575,2.2233540573723687,-1.3273050029727251
3113,8486539,r,9,-0.8796700107900915,0.12819952883129526,0.2454731048270672,0.9160397351934161,-0.8796700107900915
3114,8493300,g,4,-2.068339591730613,0.09655565857802895,0.26358318039120343,1.6704409340398176,-2.068339591730613
3115,8493300,i,8,-2.073648359714969,0.17268887831059876,0.34924695746344825,2.862222664101744,-2.073648359714969
3116,8493300,r,10,-1.8798492393423991,0.17652200297226073,0.29554580339548897,1.4021309235516892,-1.8798492393423991
3117,8904884,g,5,-1.5949801293647645,0.0589131654694206,0.11348364789957,2.054304130872267,-1.5949801293647645
3118,8904884,i,3,-0.02123888245280861,0.04161048397137959,0.0745128624572576,0.00848182309038927,-0.02123888245280861
3119,8904884,r,6,-0.5390160952136294,0.2649458005076049,0.5530517186482897,0.46126442503907056,-0.5390160952136294
3120,8904884,u,2,-2.7160813910066324,0.03824694418761365,0.038246944187613874,0.7959084953282699,-2.7160813910066324
3121,9116963,g,6,-0.4313312669602357,0.17237377600812798,0.6775270215025797,0.27655233389162315,-0.4313312669602357
3122,9116963,i,8,-0.358625983682744,0.06239699681054578,0.30330299524647353,0.147391038539114,-0.358625983682744
3123,9116963,r,11,-0.1239155080726394,0.24896632197582852,0.37726323005702184,0.16013253263133434,-0.1239155080726394
3124,9116963,u,3,-1.9020237737414138,0.07999034748062828,0.9714833131407532,0.2260807084851849,-1.9020237737414138
3125,9134785,g,5,-0.6739759639183414,0.04844574333034335,0.15266985332264504,0.49237095468385733,-0.6739759639183414
3126,9134785,i,2,-0.8168158095040376,0.23244384207952118,0.23244384207952118,0.9208703719047662,-0.8168158095040376
3127,9134785,r,12,-0.5938865123980341,0.14217403607260576,0.26672467204188605,0.448339461552095,-0.5938865123980341
3128,9267622,g,2,-0.9712942060646996,0.04251985637469069,0.04251985637469069,0.6498738663989869,-0.9712942060646996
3129,9267622,i,6,-1.3300900971085579,0.1345561198273746,0.2220470974179165,2.4266788476764476,-1.3300900971085579
3130,9267622,r,7,-1.0292149415578389,0.11947954784407178,0.427193796809195,1.2334477421621077,-1.0292149415578389
3131,9332835,i,6,0.5680980839643401,0.2331439321383938,0.3535497246416003,0.3519939108754245,0.5680980839643401
3132,9332835,r,6,1.1471496936599486,0.1960617627032507,0.5288072841912905,1.2194733617211455,1.1471496936599486
3133,9417144,g,7,-0.9207470182260451,0.16127683697059925,0.2570233266482982,0.8530246185778722,-0.9207470182260451
3134,9417144,i,17,-1.5623402216158564,0.1584950732337136,0.30273704586195205,2.6931292287879973,-1.5623402216158564
3135,9417144,r,16,-1.1792938017476273,0.11690873660639367,0.2034489042195482,1.5360168386672974,-1.1792938017476273
3136,945901,g,2,-0.6123779689405269,0.14561201453838257,0.14561201453838257,0.3783606891263258,-0.6123779689405269
3137,945901,i,3,-1.6194858058666715,0.07958181603718906,0.10909445996844336,3.2675436677299516,-1.6194858058666715
3138,945901,r,7,-1.1433120657495222,0.15505970169251515,0.2016586603433408,1.7690012993167203,-1.1433120657495222
3139,9567475,g,4,-1.775356429023406,0.3020080332538613,0.5364452388273815,1.2676850839778364,-1.775356429023406
3140,9567475,i,16,-2.8493644833699348,0.30832254228940026,0.7577749115269325,6.1179425762479696,-2.8493644833699348
3141,9567475,r,13,-1.8575623417232294,0.21975519090268092,0.3124289903163513,2.151644329167671,-1.8575623417232294
3142,9606562,g,6,-0.7197068447985375,0.05960901092986404,0.1304918783177741,0.4709867633707514,-0.7197068447985375
3143,9606562,i,10,-1.0827823522482765,0.10585129938438864,0.18890903674485782,1.3877483930743781,-1.0827823522482765
3144,9606562,r,9,-0.4035142224634134,0.013806254751053015,0.07145281462111203,0.14871367563447993,-0.4035142224634134
3145,9617020,g,9,-0.9734441986575655,0.047042433355563906,0.12807040320335394,0.7230209048971443,-0.9734441986575655
3146,9617020,i,11,-1.3210539216317456,0.18073921697357065,0.34987931473995326,2.091519864622614,-1.3210539216317456
3147,9617020,r,19,-1.15921515895844,0.15990057965640758,0.22844624028496963,1.5661121527655297,-1.15921515895844
3148,9627594,g,13,-0.6240464198955535,0.2768924451240531,0.5945527302620972,0.2598919361576168,-0.6240464198955535
3149,9627594,i,30,-0.243134587838288,0.07450217679991894,0.21492135556855504,0.6211390481756738,-0.243134587838288
3150,9627594,r,28,-0.10250890900894882,0.15708463750322327,0.3225106906807952,0.08194479628018213,-0.10250890900894882
3151,9627594,u,5,-1.7394549121846987,0.10394854078581206,0.12031309013618152,0.302996182942483,-1.7394549121846987
3152,9642158,g,4,-0.22561852123758527,0.05738388055935564,0.08934211010311316,0.07744431409093518,-0.22561852123758527
3153,9642158,i,3,-1.7938058835210315,0.08736022131350074,0.13102070854691927,3.883350792697398,-1.7938058835210315
3154,9642158,r,9,-1.4674874038464196,0.12319645754425279,0.2077188384606936,2.117664963636456,-1.4674874038464196
3155,9738082,g,3,-0.41961902495557224,0.04168059396211643,0.09709573400107346,0.27280928919611175,-0.41961902495557224
3156,9738082,i,8,-1.0744044831871682,0.2960244295456692,0.5874988884623871,1.118736343771164,-1.0744044831871682
3157,9738082,r,9,-0.4037754224134571,0.1626396474419496,0.3291845406838673,0.2395265169431092,-0.4037754224134571
3158,9799025,g,7,-0.35968013563443924,0.013050622992195282,0.03523101502304943,0.1988790730968178,-0.35968013563443924
3159,9799025,i,12,-1.3867930028805975,0.28946266847703206,0.493580630692366,2.2105951777432247,-1.3867930028805975
3160,9799025,r,10,-0.764175838565227,0.14263008856952564,0.25974860930713906,0.6361454951103778,-0.764175838565227
3161,9799025,u,6,-0.2874102263244742,0.06063876127801793,0.1019677384307669,0.39066413545117445,-0.2874102263244742
3162,9799264,i,13,-4.540595758026161,0.9071476402859915,1.7003307840791737,15.3693415643755,-4.540595758026161
3163,9799264,r,5,-2.3344214359609,0.15073872926597875,0.16772281224130214,3.333991826085179,-2.3344214359609
3164,985485,i,7,-2.0025139628329405,0.04760890865303047,0.15963989520949196,4.354504570428455,-2.0025139628329405
3165,985485,r,3,-1.6407196779047526,0.01852861300927522,0.04566545082908702,3.6977771830009996,-1.6407196779047526
3166,9977240,g,3,-0.8230205412358538,0.02147962419483096,0.027170522982134848,0.7904742220307025,-0.8230205412358538
3167,9977240,i,5,0.7972903271846277,0.1904576471926548,1.647512206545576,0.8375422157369881,0.7972903271846277
3168,9977240,r,5,0.7068979400228927,0.18383885941111433,1.1604312430648802,0.5328908520767159,0.7068979400228927
3169,9977240,u,2,-1.804368589061085,0.03994476008602532,0.03994476008602521,1.4394297589126186,-1.804368589061085
