,SNID,Filter,n_points,GOPREAUX_bias,GOPREAUX_mad,GOPREAUX_iqr,GOPREAUX_chi2,median_residuals
0,1000800,g,2,-0.057894113778068024,0.02234651792963821,0.02234651792963821,0.0036594489044738656,-0.057894113778068024
1,1000800,i,7,0.2419480696851518,0.15783561535235147,0.2563801813632029,0.16755501947823684,0.2419480696851518
2,1000800,r,5,-0.013437120076351117,0.04712550764029111,0.054609725887449,0.019162193506646573,-0.013437120076351117
3,10058122,g,7,-0.42239582540469733,0.1026532055871423,0.17749451340580802,0.17133622090853254,-0.42239582540469733
4,10058122,i,9,-0.24866329287441447,0.04352950084057067,0.07528825936114003,0.09430555446665159,-0.24866329287441447
5,10058122,r,10,-0.4161479479756363,0.037005792070697985,0.07108429206885492,0.1476861445462829,-0.4161479479756363
6,10093510,i,9,-0.7215409591416273,0.28664461405780584,0.6499519513927813,0.4732101693202606,-0.7215409591416273
7,10093510,r,19,-1.0480334486281535,0.2694080978806459,0.5593632396607626,0.7342332907029605,-1.0480334486281535
8,10149498,i,8,-0.45805725264121,0.1515357508203431,0.31935885407997017,0.24199650702020556,-0.45805725264121
9,10149498,r,6,-0.6461220980231184,0.14552755977708054,0.3827135611556731,0.30458917260969354,-0.6461220980231184
10,10178948,i,10,-0.7979872226762809,0.09273052833807294,0.271777915964194,0.49720571437976097,-0.7979872226762809
11,10178948,r,9,-0.7014908355569422,0.15852151085554622,0.4338142928454245,0.38936278772657973,-0.7014908355569422
12,10289198,i,11,-0.8386352621212461,0.5863164733097521,1.2045767652792836,0.5011165567172473,-0.8386352621212461
13,10289198,r,10,-1.0050336758364198,0.4371674555341668,0.8500523522412509,0.9353034601914999,-1.0050336758364198
14,10296870,i,5,-0.4457437493959566,0.07216709350630912,0.08759937388064987,0.15864934541748285,-0.4457437493959566
15,10296870,r,6,-0.17462325525633624,0.11721987702033285,0.3206305078783658,0.12136981143057386,-0.17462325525633624
16,10296870,u,2,-1.1716518026459664,0.011318694786452865,0.011318694786452754,1.2451835018220696,-1.1716518026459664
17,10299402,g,3,-0.25880368622824257,0.13233526271949225,0.20916607003454968,0.069241594786409,-0.25880368622824257
18,10299402,i,2,-0.5479002258018104,0.07546928095772387,0.07546928095772376,0.2410840913975961,-0.5479002258018104
19,10299402,r,7,-0.518945591607304,0.1076340730542904,0.1736919635107954,0.2388477355877954,-0.518945591607304
20,1033004,i,19,-1.56680348954349,0.39129838721864063,0.8058349882424212,1.625249286884003,-1.56680348954349
21,1033004,r,13,-1.0851374485279999,0.21672010408676123,0.34864936138366964,0.8987991791686862,-1.0851374485279999
22,10339637,g,4,-0.27076851266845015,0.06578630863541435,0.12894658130111109,0.07963357077340741,-0.27076851266845015
23,10339637,i,12,-0.6620739129597231,0.252732619606977,0.493760855503001,0.3077632061881834,-0.6620739129597231
24,10339637,r,13,-0.869974015155422,0.3918845602700227,0.9446861647472737,0.4825043462472245,-0.869974015155422
25,10341252,g,3,-0.09782541211935436,0.12880183409433987,0.13719104007721045,0.02283845848899481,-0.09782541211935436
26,10341252,i,5,-0.2547494542766632,0.08097700688103338,0.14452424627506325,0.07446642634657163,-0.2547494542766632
27,10341252,r,6,-0.2516820333694981,0.12629105072436844,0.22875419461720514,0.10645736204217236,-0.2516820333694981
28,10347830,i,15,-1.7015745535639974,0.32984948303096795,0.583763994675101,1.5183734088866614,-1.7015745535639974
29,10347830,r,14,-1.7798373815683846,0.44203754449099397,0.8129226194207406,1.860438753345916,-1.7798373815683846
30,1037649,g,2,-0.6450683388665134,0.19784322165444002,0.19784322165444013,0.39156141962012625,-0.6450683388665134
31,1037649,i,10,-0.01357061284411415,0.11737536808773395,0.196251863482916,0.02020544167627416,-0.01357061284411415
32,1037649,r,7,-0.30762440071765584,0.05327800608253863,0.15913409688691132,0.07590518235764054,-0.30762440071765584
33,10398947,g,5,-0.30758329838355736,0.19015766784825994,0.4055562574103088,0.11201048767004121,-0.30758329838355736
34,10398947,i,25,-0.40689051219462946,0.3636422149210973,0.6772593850763735,0.2152595734785717,-0.40689051219462946
35,10398947,r,20,-0.3151903687153185,0.0736951622228908,0.1472542114754784,0.13103913959697483,-0.3151903687153185
36,10398947,u,3,-0.33575304853565247,0.012167010711593207,0.07052247867233835,0.13824969430215603,-0.33575304853565247
37,10423485,g,4,0.06856078838670954,0.15294768837860728,0.30832887789624414,0.02673760273723923,0.06856078838670954
38,10423485,i,15,-0.2336906932687015,0.03563926991759614,0.05836999172931262,0.04405332426169653,-0.2336906932687015
39,10423485,r,18,-0.22271953062102468,0.038722850537003084,0.09063305177011133,0.04101430573084803,-0.22271953062102468
40,10437494,i,5,-0.06480234725363945,0.32165816325638785,0.5798932915528678,0.15716322440586125,-0.06480234725363945
41,10437494,r,5,-0.2509603338256943,0.27782209542160413,0.5666986256641185,0.11728078972429809,-0.2509603338256943
42,10470141,i,20,-1.8118810736664646,0.1756658706029981,0.34747630582808964,2.24322299339602,
43,10470141,r,7,-1.4702640316463782,0.05855694949531909,0.16284500120418066,1.5048661553947829,-1.4702640316463782
44,10493112,g,4,-0.6251409158039506,0.06706303943611724,0.1344115386577892,0.38435464982936995,-0.6251409158039506
45,10493112,i,2,0.2699349526206784,0.09614297278934979,0.09614297278934977,0.07690802440435117,0.2699349526206784
46,10493112,r,4,-0.11722499743165696,0.08997730942563986,0.26152924031372654,0.11628672184643457,-0.11722499743165696
47,10493112,u,2,-1.480552714361632,0.011223210490463043,0.011223210490463043,1.8619800233101507,-1.480552714361632
48,10505748,i,6,-0.3439077685523414,0.07747511020933587,0.17561439710299132,0.08773381758999081,-0.3439077685523414
49,10505748,r,6,-0.36464030657154445,0.04536591907520507,0.07567266398755179,0.14097381094810135,-0.36464030657154445
50,10529549,i,6,-0.39032696142219203,0.14209340110965363,0.30874444922350935,0.13291349944823963,-0.39032696142219203
51,10529549,r,8,-0.2710699704734956,0.16159827094255858,0.2623559908178269,0.10261797974511347,-0.2710699704734956
52,10544495,g,3,-0.7651124919059473,0.055866168708842534,0.18304722727376666,0.5074181674933594,-0.7651124919059473
53,10544495,i,5,-0.7736549840840757,0.6630180607245987,0.8539336352798004,0.5749528363487642,-0.7736549840840757
54,10544495,r,7,-0.34741523837440624,0.10575431382534539,0.1603238816534978,0.16033846381832267,-0.34741523837440624
55,10544495,u,3,-1.1794866788186322,0.05975600240482004,0.15613071699952674,1.1471399829296638,-1.1794866788186322
56,1054657,i,9,-0.5372260334584599,0.2602010069646906,0.5404111680886377,0.23851515775289434,-0.5372260334584599
57,1054657,r,5,-0.6383691026892387,0.17570283014566623,0.3286178751721407,0.4119262707483363,-0.6383691026892387
58,10565811,i,3,-0.3018999068293827,0.3093578719065878,0.6938454625096211,0.42193132023122853,-0.3018999068293827
59,10565811,r,7,-0.20865524179998857,0.08073094664904851,0.09714210223812444,0.043394895184229246,-0.20865524179998857
60,10608261,g,2,1.3482895514331563,0.45187146166995706,0.45187146166995706,1.1368783183889852,1.3482895514331563
61,10608261,i,12,-0.10409681094868267,0.12173247504912105,0.21269961162779563,0.028518821390597374,-0.10409681094868267
62,10608261,r,10,0.2555542544885967,0.11293428143533546,0.20934533753928503,0.049394476475528214,0.2555542544885967
63,10614004,i,5,-1.2786245486590517,0.038941500265099904,0.11713159054667655,0.8291151492530023,-1.2786245486590517
64,10614004,r,6,-1.4975193600642673,0.16209718095273717,0.4320964600562327,0.9596283336189863,
65,10644119,g,3,0.1295199834192977,0.13513637448982863,0.18540920659166749,0.047665236615880534,0.1295199834192977
66,10644119,i,8,0.021047252858872822,0.17345634692648118,0.31058590768031924,0.10516517776679828,0.021047252858872822
67,10644119,r,11,0.025583044098630436,0.08771160372850928,0.18041376508479762,0.016825103954523715,0.025583044098630436
68,10644736,g,4,-0.18608964990554622,0.13231639677033624,0.22290366954427743,0.07175433721532584,-0.18608964990554622
69,10644736,i,14,-0.5158962890991998,0.4153977634927583,0.8834336182302165,0.3872871600473736,-0.5158962890991998
70,10644736,r,11,-0.6511076151860307,0.4923139737763189,0.9191620628309476,0.5269265754520105,
71,10667574,g,3,-0.3321776965898166,0.06494516499328334,0.09018787850584598,0.13912753650717785,-0.3321776965898166
72,10667574,i,16,-0.03370621434440413,0.08005927048472539,0.14748566136600405,0.009393647485732775,-0.03370621434440413
73,10667574,r,17,0.02675655948968192,0.08973953687915426,0.17936378787705554,0.012206461657321685,0.02675655948968192
74,10667574,u,2,-0.372621896947205,0.21917287103352706,0.21917287103352712,0.18297634201047672,-0.372621896947205
75,10709546,g,4,-0.24293260140520315,0.3585795253967912,0.7539055251974386,0.24397148330230933,-0.24293260140520315
76,10709546,i,14,-0.9487148655739533,0.10098539918699156,0.18054986616723834,0.6103788572042929,-0.9487148655739533
77,10709546,r,16,-0.49709770469574394,0.22853829471384163,0.6081655661577263,0.24131749404826291,-0.49709770469574394
78,10709546,u,4,-0.602229660017894,0.05953537212241333,0.16874281602439045,0.2974089334747838,-0.602229660017894
79,10721895,g,6,-0.8156704041663789,0.10761167480843437,0.1816195152695299,0.2566607141136485,-0.8156704041663789
80,10721895,i,10,-0.954747819018948,0.2336709716595825,0.47450039420219114,0.518319896026269,-0.954747819018948
81,10721895,r,13,-1.000296008251301,0.31727262109192145,0.5218528781494696,0.5837606178156111,-1.000296008251301
82,10759019,i,12,-0.7718601603363529,0.1786305389417684,0.32697551128663194,0.5318366243431386,-0.7718601603363529
83,10759019,r,12,-0.6276450169358885,0.1487142867470801,0.309232068034513,0.38624412510892703,-0.6276450169358885
84,10759019,u,3,-1.0379862069234813,0.04778424060713893,0.27192819622995357,0.7653733348482458,-1.0379862069234813
85,10820288,g,2,-0.032598590781812986,0.08081516351651724,0.08081516351651724,0.00839545669222342,-0.032598590781812986
86,10820288,i,3,0.29190128126361703,0.12406982975966108,0.33525497994470405,0.20807205748460603,0.29190128126361703
87,10820288,r,6,0.07337740870746451,0.048191691843232964,0.07580445572167965,0.019216197591719855,0.07337740870746451
88,10820288,u,2,-0.4410869933144299,0.12397989531296782,0.12397989531296782,0.19293235141871237,-0.4410869933144299
89,10841546,g,6,-0.2572139818837099,0.0988406906086983,0.17885769061842605,0.0784551541000842,-0.2572139818837099
90,10841546,i,13,-0.6548969655518819,0.23350321064251256,0.4678908681902497,0.26418016787513326,-0.6548969655518819
91,10841546,r,11,-0.27391664531348214,0.11294920289006649,0.37747108235458426,0.15193794959733367,-0.27391664531348214
92,1084864,i,6,-1.8546545529246536,0.31501738891600817,0.5721354648036723,1.810520928434955,-1.8546545529246536
93,1084864,r,13,-2.106324010090892,0.3379520040549817,0.7099281673221163,2.5385792626099053,-2.106324010090892
94,10876025,i,6,-0.3362500471705451,0.17451271395861068,0.38676265500070556,0.10649129275093522,-0.3362500471705451
95,10876025,r,6,-0.4689936860577869,0.08029950639081229,0.12527780704217123,0.18981496577836274,-0.4689936860577869
96,10918309,i,15,-1.2350600436193628,0.28271262650123385,0.785897032757811,0.5916487285678284,-1.2350600436193628
97,10918309,r,15,-0.8250878511322486,0.2319274424772404,0.38342158933073556,0.4527580782990518,-0.8250878511322486
98,10928181,g,4,-0.47964174039478136,0.04386872278998058,0.08496906809416438,0.2661796531477664,-0.47964174039478136
99,10928181,i,2,-0.22590565876926685,0.02433287131838921,0.024332871318389182,0.050757746071560896,-0.22590565876926685
100,10928181,r,6,-0.2864596714020715,0.21169581750159788,0.41034344709961734,0.11550939319001285,-0.2864596714020715
101,10928181,u,3,-1.6832441192630312,0.007164973232123506,0.0617182142276278,2.438577754122535,-1.6832441192630312
102,10995879,i,11,-0.3628494797243942,0.4282487237098198,0.5256729351328218,0.2335026992503944,-0.3628494797243942
103,10995879,r,19,-0.6799953050733591,0.3866245934332583,0.7575696016694422,0.38483032245336934,-0.6799953050733591
104,10995879,u,2,-0.4954364533699729,0.27638092427978267,0.2763809242797826,0.31879788034888074,-0.4954364533699729
105,11026107,i,6,-0.016258178659581998,0.07641493926466358,0.14464492839882698,0.007522340056108401,-0.016258178659581998
106,11026107,r,10,-0.3172638298139743,0.05270200376761991,0.14259745090275672,0.08567944011657153,-0.3172638298139743
107,11040894,g,7,-0.6997975938449923,0.11409491884911693,0.18062918769898728,0.3568095443975286,-0.6997975938449923
108,11040894,i,9,-0.6561185900997405,0.3082809826925321,0.9344792048414323,0.8916396456831224,-0.6561185900997405
109,11040894,r,14,-0.787051485211052,0.30600421647093,0.5537714218311216,0.849997573570323,-0.787051485211052
110,11040894,u,3,-1.6113090203281613,0.0009061807016932377,0.014355302037397433,2.493992731944348,-1.6113090203281613
111,11060778,g,2,-1.5347348947171187,0.02089138991245254,0.020891389912452762,1.0895861042641255,
112,11060778,i,10,-1.7143304639460846,0.08473499464488332,0.4610125262593252,1.4378393822254187,
113,11060778,r,10,-2.1133519218543135,0.030598434553103626,0.055910561669056946,2.078850592753672,
114,11063295,i,9,-0.4402864552538138,0.12777481012397474,0.25241689725945005,0.17185419473400085,-0.4402864552538138
115,11063295,r,8,-0.1641023268478341,0.12302885257904894,0.26420139400908377,0.04137458829777151,-0.1641023268478341
116,11121535,i,9,-1.2053037412457022,0.35826493531077186,0.40955559664092744,0.9122297644951224,-1.2053037412457022
117,11121535,r,3,-1.401861707450069,0.11334670262668167,0.3221789280823584,1.3992524170003708,-1.401861707450069
118,1116424,i,6,-0.3156658168884728,0.14215181144042377,0.8058569865345262,0.04295021308951896,-0.3156658168884728
119,1116424,r,8,-0.47388096752128495,0.04738012512769674,0.15026015101649387,0.13863685519771868,-0.47388096752128495
120,11177075,g,3,0.17053498912582965,0.21598026316494545,0.2692081488137188,0.06476700601638566,0.17053498912582965
121,11177075,i,9,0.14581188318791172,0.1262990285823104,0.25247908446820244,0.11720824598622498,0.14581188318791172
122,11177075,r,11,0.12553333091725938,0.08408702071949037,0.12949969676420703,0.041357680415617916,0.12553333091725938
123,11189603,g,2,-0.5368090384512986,0.038760596166115824,0.03876059616611571,0.28253751144970973,-0.5368090384512986
124,11189603,i,5,-0.6463423292330547,0.05087623144156128,0.7040907159333428,0.7763187291252812,-0.6463423292330547
125,11189603,r,7,-0.7038386107179342,0.2990107205759003,0.9363268395795927,0.7820403117398581,-0.7038386107179342
126,11199751,i,5,-0.5719421470096812,0.1903088044702146,0.2985372369994416,0.3758973719665704,-0.5719421470096812
127,11199751,r,9,-0.6792215078361014,0.0922471436258322,0.16855877511794537,0.5131122904432451,-0.6792215078361014
128,11231998,i,8,-2.667197759363181,0.25647196528578053,0.5677444111413115,2.7832861420643056,-2.667197759363181
129,11231998,r,11,-3.107402087854769,0.1340243782678603,0.7110367373373401,3.9426348538012808,-3.107402087854769
130,11246366,i,10,-0.36268722382740354,0.25674267050089633,0.4724693628373211,0.17846074751733454,-0.36268722382740354
131,11246366,r,11,-0.26392987970608073,0.1650299139167004,0.5544709368022122,0.16024673055589098,-0.26392987970608073
132,11246366,u,3,-0.04066657961926046,0.13792337798143228,0.19158196824427964,0.022842933456620224,-0.04066657961926046
133,11251067,i,8,-0.19567754151720052,0.20606834587786416,0.3253825994522552,0.08166139647815215,-0.19567754151720052
134,11251067,r,4,-0.33568334020594887,0.045531262792980975,0.06202832554078619,0.1056610120376091,-0.33568334020594887
135,11267819,g,2,-1.383941100155559,0.41171535865632825,0.41171535865632825,1.4130604194271417,-1.383941100155559
136,11267819,i,5,-0.8775610954687164,0.4360134594306052,0.4487696776731782,0.7826693004943641,-0.8775610954687164
137,11267819,r,9,-1.2161372604376477,0.45903597828443354,0.7864343168403751,1.2815671221648772,-1.2161372604376477
138,1127383,i,6,-0.553243407020727,0.0320471899302926,0.048365825862542344,0.40034328326805513,-0.553243407020727
139,1127383,r,7,-0.7349379316093434,0.08050637322315302,0.09945945733313344,0.5572023742944432,-0.7349379316093434
140,11299888,i,7,-0.5586615259227676,0.13041517477781195,0.1622025380818518,0.28380135172902404,-0.5586615259227676
141,11299888,r,7,-0.7974130558454666,0.14237647212105653,0.17195484519294246,0.552189689929489,-0.7974130558454666
142,11388472,i,12,-0.5163908465095419,0.3071116346207533,0.7116608810326349,0.4243546319776381,-0.5163908465095419
143,11388472,r,11,-0.5658430798846215,0.36318002780656067,0.6646202834839015,0.3290978872588032,-0.5658430798846215
144,1139322,g,5,-0.3894457981044699,0.1855696343948261,0.30816395306333255,0.25787087807806025,-0.3894457981044699
145,1139322,i,20,-0.3578581306145071,0.05769292350369895,0.09990578560672558,0.14418259513141168,-0.3578581306145071
146,1139322,r,22,-0.24941588800085213,0.17088518369971029,0.351595450463993,0.11159413581387612,-0.24941588800085213
147,1141505,g,5,-0.5825388888444705,0.0685936126107407,0.23953660933419535,0.2751530216063526,-0.5825388888444705
148,1141505,i,12,-0.4276147081685645,0.14453363175106004,0.7778553212391188,0.5494350715689372,-0.4276147081685645
149,1141505,r,9,-0.3736509930970562,0.3920735377475484,0.713352871961324,0.36904353675129997,-0.3736509930970562
150,1141505,u,2,-1.2276207059101152,0.06221347304715752,0.06221347304715774,1.4088060674708351,-1.2276207059101152
151,11421310,g,3,-0.6761930948496842,0.33264441741215856,0.3992875326196993,0.38735555077379885,-0.6761930948496842
152,11421310,i,10,-0.8141390509840243,0.24499342279618042,0.6257832657687775,0.3207795856272633,-0.8141390509840243
153,11421310,r,4,-1.1314287403518082,0.20069939993136465,0.2894533805631355,0.760455391134985,-1.1314287403518082
154,11536091,i,12,-0.9576568750954755,0.23323319727572644,0.5780668900769464,0.44055397704627236,-0.9576568750954755
155,11536091,r,10,-1.2821330618435989,0.2983527009872904,0.5926878455669509,0.7765773036647599,-1.2821330618435989
156,11561569,g,3,-0.5464081865316774,0.05411314706212411,0.19085954028339674,0.22387075377660823,-0.5464081865316774
157,11561569,i,11,-0.9890474392407425,0.2786478237987917,0.5126641590866476,0.5869556626384035,-0.9890474392407425
158,11561569,r,8,-0.419277159635432,0.16550342212135205,0.3718525735327757,0.2961065904950365,-0.419277159635432
159,11597545,g,2,-0.244279586028318,0.04647224216705581,0.04647224216705581,0.060550667068480585,-0.244279586028318
160,11597545,i,6,-0.4897655496141739,0.17844827169417818,0.28631200365190956,0.16533899482320993,-0.4897655496141739
161,11597545,r,6,-0.21160198111732248,0.025499098355465738,0.19412181309891458,0.14356700373758913,-0.21160198111732248
162,11597545,u,4,-0.7440734031283459,0.023944737747273348,0.061576804638561855,0.5085555544252277,-0.7440734031283459
163,11630288,i,5,-1.2385209289605978,0.38973788330692916,0.7747388668701995,1.3278829923176736,-1.2385209289605978
164,11630288,r,7,-0.5456747898122214,0.15263594360951616,0.2519987152894134,0.28458199529965766,-0.5456747898122214
165,11638178,i,8,-0.04376009892833793,0.313192274230489,0.5387705379903804,0.16932439691264173,-0.04376009892833793
166,11638178,r,11,0.0356492100208482,0.05273776538825381,0.10614870261975418,0.05891818411922007,0.0356492100208482
167,11647988,g,3,-1.2758853070420346,0.011878652181830596,0.028455433367295946,0.8485741076117593,
168,11647988,i,5,-1.0048868089382759,0.0628952837907506,0.11310656444009992,0.5088077782974759,
169,11647988,r,6,-1.0933971183547444,0.07580866265994357,0.17556877772919055,0.6665282947980596,
170,11655806,g,2,-0.32111401755462027,0.07365882748557745,0.0736588274855775,0.1186066646306779,-0.32111401755462027
171,11655806,i,4,0.11454926104239394,0.028685828929213647,0.08532066004731738,0.023151004152816537,0.11454926104239394
172,11655806,r,7,0.14018234229143373,0.08065531073187776,0.1417863016649183,0.04097496735651773,0.14018234229143373
173,11655806,u,2,-0.7641460331098444,0.012666665956266587,0.012666665956266532,0.5479255442853777,-0.7641460331098444
174,11744330,i,6,-2.558247730191546,0.031998818192207734,0.06176639354535984,5.855338778589155,-2.558247730191546
175,11744330,r,8,-1.9913046229166678,0.03360771860746026,0.06723768775504801,4.014567782810101,-1.9913046229166678
176,11747118,i,3,-0.045314549108199875,0.01532112210247305,0.09148052435954773,0.005513320961507783,-0.045314549108199875
177,11747118,r,6,0.15654502671991813,0.3092240654779014,0.7103438082316874,0.320644024310003,0.15654502671991813
178,11747118,u,4,-0.1913195810189146,0.41575910258248316,0.8460166404028371,0.21853934708074285,-0.1913195810189146
179,11749147,g,3,-0.596611518586345,0.02135515278928768,0.05125926546581472,0.35632082307828844,-0.596611518586345
180,11749147,i,10,-0.33959984611392346,0.12825100015570567,0.24051189585164726,0.09335571014973461,-0.33959984611392346
181,11749147,r,9,-0.40228998905417146,0.018730410553416843,0.03711050615797695,0.12355564859327257,-0.40228998905417146
182,11773604,i,7,0.013220661007894985,0.20997348942697108,0.2779698349552933,0.05161314900932735,0.013220661007894985
183,11773604,r,6,0.029256487503384707,0.15946317245987457,0.29084113025941283,0.040983605696524594,0.029256487503384707
184,11774519,g,6,-0.6073367144334461,0.009776074054927864,0.015386058287410687,0.30109845946267255,-0.6073367144334461
185,11774519,r,2,-0.22179345600397982,0.0031684225690666867,0.0031684225690666867,0.0450096518489298,-0.22179345600397982
186,11774519,u,4,-1.1256146343114906,0.030722739218104422,0.08780768600575617,1.1207555007699959,-1.1256146343114906
187,11795187,g,5,0.4351305181570806,0.1653063846709204,0.6149236089554593,0.12639865352950758,0.4351305181570806
188,11795187,i,10,-0.24873710594464743,0.08968891179550109,0.1428299294199386,0.06358287075253208,-0.24873710594464743
189,11795187,r,11,-0.22299735430813028,0.17418768006377983,0.3830369301641283,0.08888070544123053,-0.22299735430813028
190,11795187,u,3,0.11730075736907497,0.06658172607421875,0.35900468702544747,0.103377409297645,0.11730075736907497
191,11801981,i,8,-1.131451182264389,0.1842383260595144,0.38349506953190826,0.6160061381990638,-1.131451182264389
192,11801981,r,11,-1.125013196433124,0.09826557527011381,0.4478492082256562,3.911916291770586,-1.125013196433124
193,11805482,i,13,-0.6275526352061549,0.24393105008059224,0.3912253740476237,0.3503125501466077,-0.6275526352061549
194,11805482,r,18,-0.798522703523677,0.29084828176875294,0.5461485699203782,0.6018315921317766,-0.798522703523677
195,11808565,g,3,-0.3694785414043421,0.06457806107206954,0.09141150945248544,0.12756131838652637,-0.3694785414043421
196,11808565,i,5,-0.2554039253610202,0.1766879678347476,0.19210570669290894,0.06495340699518162,-0.2554039253610202
197,11808565,r,12,-0.233259675844879,0.12642832382937458,0.20843886549267565,0.0778906798091759,-0.233259675844879
198,11867663,g,3,0.08287557452510996,8.929182794137347e-05,0.0011991794251023091,0.006893681806330199,0.08287557452510996
199,11867663,i,11,0.12741572888874264,0.14142261467295203,0.302818711945133,0.08320650112318567,0.12741572888874264
200,11867663,r,8,0.12909755765732145,0.04643155000185811,0.09318639574836274,0.06426571475550293,0.12909755765732145
201,12011631,i,15,-1.640379009958287,0.5217129721343166,0.9853127088808102,1.7100880809763923,-1.640379009958287
202,12011631,r,9,-1.2107847648118941,0.17284169940065408,0.30715642121999553,1.2868078397083476,-1.2107847648118941
203,12021482,i,5,-0.4013067608546031,0.17886252837560748,0.31077770066660776,0.21696419437502792,-0.4013067608546031
204,12021482,r,5,-0.2345480042956419,0.6400549060061265,0.6780473594968055,0.49668149423986724,-0.2345480042956419
205,12021482,u,2,-0.8253970132842873,0.6496845730631787,0.6496845730631786,1.0757936767046676,-0.8253970132842873
206,12037155,g,3,0.04153883680282333,0.026424412732914737,0.041603575756809175,0.003651163471908747,0.04153883680282333
207,12037155,i,9,0.1361779207937417,0.16205293966048157,0.6850919024099024,0.09487454352165565,0.1361779207937417
208,12037155,r,8,0.0893152563250676,0.07086966301881031,0.12110816679076972,0.08297662544586851,0.0893152563250676
209,12054848,i,7,-0.44816315782736577,0.21242662471096818,0.3079441447855365,0.21744974873722214,-0.44816315782736577
210,12054848,r,10,-0.5333178159930071,0.13478496615174335,0.28431616821375794,0.2677692056797015,-0.5333178159930071
211,12074921,g,5,-0.5132682075002122,0.28617124381122727,0.7075927615204076,0.5833482267730277,-0.5132682075002122
212,12074921,i,12,-0.33392436781924817,0.3108914009214919,0.6312604345026152,0.2472648832917993,-0.33392436781924817
213,12074921,r,7,-0.7837093656522707,0.4591598033557909,0.5468260205038956,0.5332608509191745,-0.7837093656522707
214,12074921,u,2,-0.4774810577097868,0.0640512435596961,0.06405124355969616,0.2374412824694281,-0.4774810577097868
215,12106654,i,7,-0.5296107290059817,0.1015843711856651,0.2919867573726148,0.21975547330346537,-0.5296107290059817
216,12106654,r,7,-0.5056958793687911,0.17109296151473408,0.33453624744328164,0.23472899430329686,-0.5056958793687911
217,12106654,u,2,-0.48478308381485186,0.005801283278814406,0.005801283278814462,0.22290596295190415,-0.48478308381485186
218,12113224,g,5,0.06477576969322829,0.3173891717162882,0.8170908037610602,0.1866145070955802,0.06477576969322829
219,12113224,i,12,-0.08039467892170538,0.0889089998795139,0.1943441610424342,0.018862965682338594,-0.08039467892170538
220,12113224,r,16,-0.16696523060627222,0.14922057421144197,0.457927686682575,0.2443337220578303,-0.16696523060627222
221,12113224,u,2,-0.47991989335249413,0.010558318102290742,0.010558318102290687,0.2241924499845777,-0.47991989335249413
222,12231968,g,4,-0.6524081273392789,0.0619624781523494,0.08789723472202571,0.4203075708447157,-0.6524081273392789
223,12231968,i,2,0.17958472148839244,0.03388902878994948,0.03388902878994948,0.029945905317978257,0.17958472148839244
224,12231968,r,4,-0.18272658940983752,0.2031312043616134,0.4264332528051603,0.07456472137087672,-0.18272658940983752
225,12259150,g,3,-0.033495910060901135,0.04844215642363914,0.2640067570733376,0.0652389419590351,-0.033495910060901135
226,12259150,i,20,0.024474012802579576,0.14300736780092782,0.26351156250646424,0.07108404749022709,0.024474012802579576
227,12259150,r,21,0.03776933066575894,0.15950150255418105,0.3188889076180269,0.04778073978671303,0.03776933066575894
228,12300419,g,2,-0.3849864829371705,0.04963477066592634,0.04963477066592631,0.1527324354619629,-0.3849864829371705
229,12300419,i,7,-0.556274480313321,0.3293258790392172,0.7249662487644098,0.35809332798485405,-0.556274480313321
230,12300419,r,10,-0.46003683051317357,0.17589992597774107,0.29017961888505794,0.1860937696606594,-0.46003683051317357
231,12305189,g,4,-0.08293872599720553,0.013533892432377237,0.08512014771248871,0.037558610098407434,-0.08293872599720553
232,12305189,i,9,-0.23213600862181344,0.2972298761517783,0.4722632672691446,0.16604084407975284,-0.23213600862181344
233,12305189,r,9,-0.24997586909135439,0.04876991243056028,0.09627457550524676,0.09100796534318752,-0.24997586909135439
234,12312005,i,11,-0.8118375700189764,0.10741627522728248,0.19844294223171055,0.36657930228194985,-0.8118375700189764
235,12312005,r,9,-0.7794542110209424,0.1191860487428027,0.3220867707831403,0.4767090767025126,-0.7794542110209424
236,12317196,i,8,-0.7442763185365815,0.12419496395680085,0.2334560319518435,0.28639482687126694,-0.7442763185365815
237,12317196,r,4,-0.7719520330939873,0.2381662615316491,0.25174401359373355,0.39446301389467653,-0.7719520330939873
238,12318707,g,7,-0.22370418882278464,0.051190762417887115,0.10048924942681448,0.046835282633491564,-0.22370418882278464
239,12318707,i,23,-0.11266536948222405,0.12933533289686167,0.5875388955705366,0.116268442809091,
240,12318707,r,28,-0.23966316609500654,0.1655667268127869,0.2910344410759776,0.19092788366583988,-0.23966316609500654
241,12335026,i,5,-0.45641974707881117,0.140596240210552,0.24195358388989857,0.39657131728445394,
242,12335026,r,6,-0.5095729656874055,0.0640284369218917,0.3339794945755207,0.3428197054031162,-0.5095729656874055
243,12342617,g,2,-0.5894514046749716,0.021599949764154025,0.021599949764153914,0.3007894800874804,-0.5894514046749716
244,12342617,i,3,0.45840832870819526,0.029369345930789437,0.04724382288608636,0.20967994858155206,0.45840832870819526
245,12342617,r,13,0.1132553563194465,0.21439656724268863,0.4215977259095204,0.1089230118941936,0.1132553563194465
246,12395276,g,4,-0.4956142960274794,0.08555503391874236,0.15527278242417641,0.31432551494903055,-0.4956142960274794
247,12395276,i,4,-0.6662815579889859,0.37283383031627987,0.753774690428167,0.5646056068157994,-0.6662815579889859
248,12395276,r,5,-0.5402754343075677,0.14072340074358625,0.15740813199652992,0.44735254267781493,-0.5402754343075677
249,12402801,g,2,0.040008800523075594,0.10515471341012045,0.10515471341012045,0.012012284047506577,0.040008800523075594
250,12402801,i,7,-0.5411730779116523,0.0948917970054205,0.1430853124046912,0.2538276889651144,-0.5411730779116523
251,12402801,r,12,-0.2339385258047657,0.3746283084023435,0.5748432384640123,0.21050462657196375,-0.2339385258047657
252,12419704,g,5,-0.3118110658125668,0.027546489662931384,0.06884352288342865,0.07458839049993973,-0.3118110658125668
253,12419704,i,10,-1.247632333354359,0.12266370527296744,0.7903760218724669,0.6495817378378128,-1.247632333354359
254,12419704,r,11,-0.8709811728724242,0.5844358531275891,1.2368575865672229,0.8097335887523982,-0.8709811728724242
255,12427935,g,2,-0.40455887159153897,0.040732746364953665,0.04073274636495372,0.17349939376134607,-0.40455887159153897
256,12427935,i,4,0.3683058626863493,0.07697265181837276,0.3374351923001878,0.22215004025772994,0.3683058626863493
257,12427935,r,9,0.2424160270160115,0.19547655149873477,0.44071077882178844,0.10373406013079553,0.2424160270160115
258,12428810,g,6,-0.9971066181737815,0.011101881984573514,0.05249307881813192,0.864248845883631,-0.9971066181737815
259,12428810,i,6,-0.21779897453321218,0.1975519824757338,0.38075012868458435,0.13206273961380147,-0.21779897453321218
260,12428810,r,3,-0.48968268228616646,0.018655001466772736,0.026095686719048716,0.23306766934545664,-0.48968268228616646
261,12457143,g,2,0.3988135692108067,0.024941658492372593,0.024941658492372565,0.14841796026024512,0.3988135692108067
262,12457143,i,21,-0.1852057070593982,0.19692633695693676,0.333061222482786,0.08295194469430564,-0.1852057070593982
263,12457143,r,20,-0.05033403072373521,0.21245157061120612,0.3929209072130963,0.0720172200417986,-0.05033403072373521
264,12457143,u,2,0.5903500425967733,0.014950116766385801,0.014950116766385912,0.316142396556691,0.5903500425967733
265,12475416,g,2,-0.29986205878659716,0.110607110596117,0.11060711059611697,0.09770440938205664,-0.29986205878659716
266,12475416,i,6,-0.4872949405682962,0.06462156221592646,0.3824047519167427,0.13320695300912655,-0.4872949405682962
267,12475416,r,6,-0.3195275965168292,0.13679544323016837,0.26120820769359465,0.15575921276591723,-0.3195275965168292
268,12530602,i,5,-0.033272646044308934,0.09567809259764473,0.12436900321106581,0.01322890032172564,-0.033272646044308934
269,12530602,r,9,-0.14247895853594078,0.11937655250962725,0.21071742994657872,0.04763208413198835,-0.14247895853594078
270,12540608,g,2,-0.18661476362320906,0.15353603169778285,0.15353603169778285,0.05533346098800953,-0.18661476362320906
271,12540608,i,10,-0.49322297190441067,0.11314631306219047,0.21679264817525207,0.26977168201861756,-0.49322297190441067
272,12540608,r,5,-0.4936963890664403,0.025259026377600025,0.03986130561385548,0.22794598989908743,-0.4936963890664403
273,1256175,g,2,-0.2801479992651914,0.05103519424429101,0.05103519424429098,0.08637628937892666,-0.2801479992651914
274,1256175,i,5,-0.1269263139231912,0.10982142952628121,0.35887563662324407,0.10185423653016597,-0.1269263139231912
275,1256175,r,4,-0.17919568621684184,0.0993439982964759,0.1914176913034937,0.04296245818586046,-0.17919568621684184
276,12603239,g,2,-0.019326658591563906,0.12450018987570965,0.12450018987570965,0.014416384133985428,-0.019326658591563906
277,12603239,i,7,-0.2511520213971421,0.2669891232126215,0.5384793310852442,0.1342682052635108,-0.2511520213971421
278,12603239,r,10,-0.354601307381057,0.040250943756606095,0.0782137533866279,0.11884898232345328,-0.354601307381057
279,12651730,g,2,0.3604519280158194,0.10339348058240305,0.10339348058240305,0.10396075044609085,0.3604519280158194
280,12651730,i,14,-0.8859093664860405,0.18840994441831693,0.3508576481239992,1.0726602484163474,-0.8859093664860405
281,12651730,r,15,-0.8562810259690665,0.14403096602181042,0.25741937486819033,0.43217933410178516,-0.8562810259690665
282,12655522,g,3,-0.2597430406281462,0.14011320179794967,0.23652177249120013,0.08098784578021163,-0.2597430406281462
283,12655522,i,8,-0.44849472566398296,0.13858119499480703,0.2572641807989072,0.14487040436591314,-0.44849472566398296
284,12655522,r,8,-0.4811671837352991,0.19349578551609317,0.40637836890470663,0.22534484863084572,-0.4811671837352991
285,12664789,g,3,-0.17631372550537172,0.2877561353756512,0.3215680028418424,0.09586742734343663,-0.17631372550537172
286,12664789,i,5,0.15715017332138992,0.17450506146015682,0.20679277897917367,0.04262931714008366,0.15715017332138992
287,12664789,r,9,0.009853530813549782,0.10050680589996863,0.198744512388779,0.041334602109666586,0.009853530813549782
288,12698881,g,4,-0.024752590232504756,0.22296950602788376,0.3430695049730008,0.041153279028172174,-0.024752590232504756
289,12698881,i,12,-0.011387583060846557,0.10294488214230987,0.22086286109044728,0.05642653038523466,-0.011387583060846557
290,12698881,r,7,-0.12456298390395493,0.0404867891335427,0.1240351795523486,0.07043435621464618,-0.12456298390395493
291,12733891,g,2,0.509694796956714,0.0745939640710058,0.07459396407100577,0.2555557557499435,0.509694796956714
292,12733891,i,8,-0.48877802601385156,0.25034728430856856,0.3640068824238972,0.1317068589619247,-0.48877802601385156
293,12733891,r,7,-0.2393613953050422,0.07251677237478393,0.18710557025367427,0.10574109357180572,-0.2393613953050422
294,12742276,i,7,0.15844805184187993,0.14669610027996327,0.2532046536978563,0.04571858002281126,0.15844805184187993
295,12742276,r,8,-0.03893651243803348,0.04605545644873013,0.08117570018890059,0.005875882309621707,-0.03893651243803348
296,12796379,g,3,-0.5101364517185032,0.052326647069704135,0.0534905278990393,0.17319332026751288,-0.5101364517185032
297,12796379,i,11,-0.35581059972287776,0.21533932277065282,0.32621566885739933,0.0928534251765492,
298,12796379,r,10,-0.2555593786852125,0.1013256818349344,0.18913817866041532,0.06957208884103981,
299,12796379,u,2,0.787246368080863,0.020284375649900044,0.020284375649900044,0.5137852252261502,0.787246368080863
300,12799126,g,4,-0.23501450801543838,0.03109608870770736,0.09028395345551504,0.05093200034858259,-0.23501450801543838
301,12799126,i,10,-0.005185037406012852,0.08519373693928654,0.10295290574321862,0.017701093408457037,-0.005185037406012852
302,12799126,r,10,-0.20556233913465916,0.1047532306725101,0.23816908220436894,0.0575421997342664,-0.20556233913465916
303,12799126,u,2,-0.6375121092434123,0.35243769037561223,0.3524376903756122,0.5201592762407444,-0.6375121092434123
304,1279974,g,3,-0.6002247084445234,0.026460175291356913,0.14179652624617878,0.4960967497944349,-0.6002247084445234
305,1279974,i,4,-0.9623715366098387,0.4555667194246091,0.996738120545418,1.3169971593012106,-0.9623715366098387
306,1279974,r,9,-1.293412119459193,0.7220729205014352,1.2681764635687682,1.087114069826426,-1.293412119459193
307,12820746,g,5,-0.46518525843387026,0.22125813519088688,0.3118411302255064,0.2440931805378594,-0.46518525843387026
308,12820746,i,8,-0.23639896731373772,0.2048319267766418,0.3769488924352603,0.17299157497641987,-0.23639896731373772
309,12820746,r,8,-0.6713824155031061,0.24534699041445865,0.6314675024545238,0.4609066261268536,-0.6713824155031061
310,12838455,i,11,-1.5096878385073722,0.30279826800300413,0.5994837891477938,1.6448123721972185,-1.5096878385073722
311,12838455,r,9,-1.7479490688534982,0.10150149292021582,0.1617562548538911,2.1243353637359794,-1.7479490688534982
312,12839405,g,3,-0.3817187307523936,0.06064198039406471,0.15489259907628217,0.1330583325315182,-0.3817187307523936
313,12839405,i,4,-0.6183281182126983,0.026605493897590315,0.17252992258042943,0.4663480299602717,-0.6183281182126983
314,12839405,r,7,-0.5269634325976191,0.17243572637888205,0.23006814988084856,0.2937446630951738,-0.5269634325976191
315,12839405,u,3,-1.2290530337530434,0.08785804641493522,0.20553749451093295,1.572696527210678,-1.2290530337530434
316,12856850,i,8,-0.7375268040848995,0.1639078148442884,0.3264562181620212,0.5426252470813522,-0.7375268040848995
317,12856850,r,6,-0.7920935356251789,0.0443887541445549,0.16630995064235876,0.6478083321369397,-0.7920935356251789
318,12909037,g,2,-0.1438106758794023,0.03257946018055918,0.03257946018055918,0.026404455809359656,-0.1438106758794023
319,12909037,i,7,-0.35093456896002506,0.14485332455941624,0.24620282065164692,0.11224807634714042,-0.35093456896002506
320,12909037,r,8,-0.0365190121332651,0.10959204703330264,0.20006148941298818,0.0329861430600948,-0.0365190121332651
321,12909037,u,3,-1.0562262695325604,0.011339032187056342,0.02855158796584023,1.0505540528168853,-1.0562262695325604
322,129112,i,11,-0.28803732295323803,0.034784314181938614,0.07202963220213088,0.07025731424281201,-0.28803732295323803
323,129112,r,10,-0.35498984888074137,0.04779646732636089,0.09393410912165728,0.11477612819314283,-0.35498984888074137
324,12972191,g,3,-0.33254690254101793,0.028409283239106964,0.05431817656399479,0.1294450896100013,-0.33254690254101793
325,12972191,i,5,-0.28887032745223645,0.06629237475503286,0.12952744672859878,0.1204618637037477,-0.28887032745223645
326,12972191,r,7,-0.23067022916857471,0.03884498401774872,0.056035033271230605,0.05474915137890783,-0.23067022916857471
327,12987454,g,4,-1.045744984650439,0.05610894561458646,0.08390304172436136,0.9594405670988296,-1.045744984650439
328,12987454,i,4,-0.4560646015319377,0.1932452355015608,0.5689910280543677,0.5156039538873841,-0.4560646015319377
329,12987454,r,6,-0.547540346645871,0.11525708273232993,0.2945855253289493,0.26318851478377986,-0.547540346645871
330,13000441,g,6,0.01190656751499175,0.11783648517732703,0.1971705494893516,0.044579272036023944,0.01190656751499175
331,13000441,i,13,-0.14575017843727545,0.19721416097860298,0.7803283560227682,0.5417581842003022,-0.14575017843727545
332,13000441,r,14,-0.062140107772649056,0.15846316040216452,0.7858750007657781,0.176602695394414,-0.062140107772649056
333,13026862,g,4,-0.699641423242533,0.02235971724857999,0.07310248692751076,0.5268331923288319,-0.699641423242533
334,13026862,i,3,0.14720964175579276,0.13903253352927725,0.1660409692012027,0.04152480675470785,0.14720964175579276
335,13026862,r,6,-0.12743619889684324,0.09085640653083141,0.15491151674042183,0.037421247931638445,-0.12743619889684324
336,13037759,i,13,-1.0870037729693725,0.43994624665156645,1.052546696170606,0.4413767636854185,-1.0870037729693725
337,13037759,r,9,-0.7815746773868733,0.30698242528382025,0.9637806567827703,0.27605462596802416,-0.7815746773868733
338,13104659,i,5,-0.29673669627375,0.23356519782821425,0.4875671712453501,0.1461587109967107,-0.29673669627375
339,13104659,r,8,-0.7045628846516306,0.21033164732013332,0.35891674657556205,0.3646451838590646,-0.7045628846516306
340,13129185,i,15,-1.7637834297832242,0.3816947210139734,0.5845096952889695,1.2212729178676383,-1.7637834297832242
341,13129185,r,13,-1.7711534818669339,0.15837750653740423,0.2969767031564108,1.770376594290887,-1.7711534818669339
342,13133195,g,2,-0.325405249355157,0.3211568954549977,0.3211568954549977,0.21409848831078704,-0.325405249355157
343,13133195,i,4,-0.14729582329415009,0.2114974075765219,0.37027606206223074,0.07021359709212395,-0.14729582329415009
344,13133195,r,4,-0.019334514651520404,0.38090956817005583,0.5933932577162605,0.17562999784333017,-0.019334514651520404
345,13141170,g,3,-0.41977852453600484,0.43586655454164003,0.4763274757020557,0.17346125691382452,-0.41977852453600484
346,13141170,i,13,-0.6700586377660116,0.3123710564566422,0.6739301249185241,0.2804956162235791,-0.6700586377660116
347,13141170,r,11,-0.8964685125077605,0.5680474063034338,0.9034386888347821,0.46725385978869466,-0.8964685125077605
348,13223959,g,7,0.34773894667664074,0.08990218639951442,0.14230796014969882,0.042541716687766844,0.34773894667664074
349,13223959,i,29,-0.4678556140284966,0.40477736964148814,0.9656132470530305,0.3381634772371228,-0.4678556140284966
350,13223959,r,33,-0.35444069656843014,0.3596859157427572,0.6604286583583194,0.2681941405982625,-0.35444069656843014
351,1325478,g,5,-0.60413188371649,0.1083305249477513,0.15094317005684943,0.397852706299159,-0.60413188371649
352,1325478,r,6,-0.02988820340874318,0.06683097422536718,0.1213341191875176,0.011910768443854717,-0.02988820340874318
353,13279538,g,4,-0.0895848561208647,0.09147597141610857,0.24836866905678687,0.039828152799250824,-0.0895848561208647
354,13279538,i,10,-0.3716961654574479,0.3014200103120569,0.6432580850785093,0.2045996676129823,-0.3716961654574479
355,13279538,r,10,-0.3483693452094574,0.2576498147772922,0.3904078266845039,0.2710547093986249,-0.3483693452094574
356,13279538,u,2,-0.4370717148038676,0.17249454336024844,0.1724945433602484,0.22028331062119924,-0.4370717148038676
357,13291602,i,15,-0.02704765191671954,0.14117179725051077,0.24143112076597284,0.026644216472096298,-0.02704765191671954
358,13291602,r,18,0.0571836801330049,0.10406351609484926,0.19704587528283643,0.0378051156849007,0.0571836801330049
359,13291602,u,3,-0.4200486641712392,0.2508769573484497,0.25990692081510014,0.22278603786365922,-0.4200486641712392
360,13317148,g,4,-0.10984358310581177,0.2745858967511198,0.5560043890678745,0.05603421168343731,-0.10984358310581177
361,13317148,i,16,-0.1447150689017952,0.15121746713446488,0.2787942119375688,0.05447978680248011,
362,13317148,r,17,-0.3636014706119375,0.24377327477750596,0.4512546462096768,0.13731451271300688,-0.3636014706119375
363,13318083,g,2,-0.29283013655831547,0.18074720473075456,0.18074720473075456,0.11383860102207718,-0.29283013655831547
364,13318083,i,21,-0.7847134147107551,0.21091112800821898,0.4040166706423891,0.5410241867966987,-0.7847134147107551
365,13318083,r,21,-0.6337267384043852,0.0991281094060723,0.19739872128229763,0.3755265128012881,-0.6337267384043852
366,1336425,i,13,-0.5803203899063423,0.22236916160131726,0.9211983044543306,0.7193276299921849,-0.5803203899063423
367,1336425,r,10,-0.9530426641578049,0.27681989164307785,0.4634724698664704,0.5408005334967422,-0.9530426641578049
368,13393127,g,3,-0.3259515937027564,0.012176022013325016,0.2029574808742008,0.07046751917878301,-0.3259515937027564
369,13393127,i,2,0.10799650259433263,0.04514254167730286,0.04514254167730286,0.011448305695911336,0.10799650259433263
370,13393127,r,7,-0.15345017395564342,0.062391723158538026,0.16959705112682694,0.030803175401397438,-0.15345017395564342
371,13401289,i,7,0.16831733243250868,0.13354057516786955,0.3417867103915372,0.1365560350531161,0.16831733243250868
372,13401289,r,7,0.07799246309593533,0.04937872384730507,0.1568468899087272,0.05084771344733286,0.07799246309593533
373,13419923,g,3,-0.7632722368264151,0.04891089234744772,0.09972578656421738,0.5402294114096862,-0.7632722368264151
374,13419923,i,4,-0.7548031114389491,0.14272533958178996,0.26442054653854274,0.40823900282901615,-0.7548031114389491
375,13419923,r,6,-0.8101734175167712,0.4408079074068274,0.7032308324519759,0.6885649482300749,-0.8101734175167712
376,13454996,g,5,0.16680668423641176,0.23791351659444188,0.3600550109599469,0.05096242253163269,0.16680668423641176
377,13454996,i,12,-0.7401319162724657,0.256137677609294,0.42087450402228477,0.5082499511816706,-0.7401319162724657
378,13454996,r,11,-0.647405059210735,0.038583303140562686,0.06979943536321076,0.32691603672833724,-0.647405059210735
379,13505919,g,5,-0.3911510467382625,0.2338467561668386,0.3292865112192146,0.2587873566023998,-0.3911510467382625
380,13505919,i,10,-0.7013235030337763,0.04975396015310529,0.12190608259565627,0.3471019575296217,-0.7013235030337763
381,13505919,r,8,-0.5296786806167044,0.04480122864821695,0.08073761952259717,0.2893201534066172,-0.5296786806167044
382,13507372,g,2,-0.48517326212910117,0.18919156951132798,0.18919156951132798,0.25103240426633994,-0.48517326212910117
383,13507372,i,14,-0.739176262108865,0.6297963425622727,1.4274637644971313,0.7546088863647816,-0.739176262108865
384,13507372,r,14,-1.1260366654643148,0.5293345630899761,1.3936287705134711,1.184529339022727,-1.1260366654643148
385,13543416,i,7,-0.20232812190201696,0.07462499003915443,0.16244546506824503,0.03410641932957391,-0.20232812190201696
386,13543416,r,4,-0.10483259003025369,0.14967659873727968,0.20427333652926846,0.05120374380389887,-0.10483259003025369
387,13598425,g,3,-0.22567536339971217,0.06276581245520951,0.17830762667404543,0.04309420924788341,-0.22567536339971217
388,13598425,i,17,-0.1177861741157964,0.16076543059361706,0.3158109569199048,0.04755334790480198,-0.1177861741157964
389,13598425,r,19,0.06348139942135433,0.10289975150658692,0.2790575473487984,0.017135984674312252,0.06348139942135433
390,1360023,i,4,-0.11180568687257009,0.13883163781206337,0.21766818880776648,0.044614476670703763,-0.11180568687257009
391,1360023,r,12,-0.4229073247254366,0.040655454784345596,0.06609116153675904,0.19896468015516852,-0.4229073247254366
392,13617029,g,4,0.4093646021284769,0.09189526309458085,0.21809301203180353,0.11704119462655209,0.4093646021284769
393,13617029,i,10,-0.054256843678959,0.3457949299265234,0.5107459608127728,0.07108397112868975,-0.054256843678959
394,13617029,r,7,-0.4708216198021189,0.035588015825305686,0.12807066016411972,0.12335647687929299,-0.4708216198021189
395,13619396,i,6,-1.5573990856612276,0.24159022547245124,0.38785196869854355,1.5431759705451313,-1.5573990856612276
396,13619396,r,5,-1.3151466525830608,0.18435884488924148,0.30700862452446676,2.013581294228648,
397,13734380,i,11,-0.5663968078133494,0.21072222705106214,0.523542296290866,0.33856113271941646,-0.5663968078133494
398,13734380,r,3,-0.5560810218531929,0.06391592080689312,0.06895396953008226,0.2995171389421391,-0.5560810218531929
399,13771036,i,6,-0.718565428410928,0.23102692219806487,0.7590503043625734,0.35494212014844195,-0.718565428410928
400,13771036,r,4,-0.9823401836512491,0.025383015541178666,0.20957071325202536,0.6721900686615189,-0.9823401836512491
401,13771736,i,11,-0.27065033900910196,0.12920997293552217,0.30524065137070044,0.09434049175505166,-0.27065033900910196
402,13771736,r,4,-0.37047780495615024,0.126401428419449,0.1374756964548552,0.14992139824685594,-0.37047780495615024
403,13806664,g,4,-0.6198218724731508,0.03004431298070498,0.056572062693441505,0.38096449723688314,-0.6198218724731508
404,13806664,i,4,0.07529747139316602,0.2309916509524544,0.45164027084016367,0.0725381545914911,0.07529747139316602
405,13806664,r,6,-0.2029609029567072,0.08608679250209872,0.14035265017668797,0.05230348272624807,-0.2029609029567072
406,13806850,g,3,-1.25612959696506,0.03528938979863705,0.272422368610564,0.7888516311222658,-1.25612959696506
407,13806850,i,3,-1.2222243077645158,0.16381724616308757,0.5068210771526587,0.7193875639204026,-1.2222243077645158
408,13806850,r,9,-0.8601782120786465,0.3246268712437961,0.6145321282473013,0.7214769186679741,-0.8601782120786465
409,13862307,i,6,0.3049335896876211,0.18484033971133265,0.3066033731924377,0.1423475164097186,0.3049335896876211
410,13862307,r,5,-0.2709047696392848,0.07449965297280303,0.13705267407060429,0.12011247820236008,-0.2709047696392848
411,1388638,i,9,-0.4667557239686073,0.21981372932336274,0.3948774510859351,0.17951710808319,-0.4667557239686073
412,1388638,r,10,-0.3053752193201785,0.16591796041379137,0.2641296016099266,0.147278526886197,-0.3053752193201785
413,13934525,g,3,-0.7463038956333834,0.007320148861163167,0.03201517578250768,0.549665291269377,-0.7463038956333834
414,13934525,i,8,-0.770414737109512,0.21255904307265377,0.34176477394342464,0.5199182613399403,-0.770414737109512
415,13934525,r,12,-0.997858871658326,0.11161257939441671,0.3407081183160199,0.831089887773229,-0.997858871658326
416,13990649,g,5,-0.8238305726184951,0.14927754536378868,0.2889675643818759,0.5166067308214295,-0.8238305726184951
417,13990649,i,2,-0.3939726632505227,0.09058273970923114,0.09058273970923114,0.09622256585919568,-0.3939726632505227
418,13990649,r,9,-0.34374873017369145,0.07409192581049395,0.12565190028192308,0.12595860192468522,-0.34374873017369145
419,13990649,u,2,-1.014264408914042,0.2927603046888144,0.2927603046888143,0.9995757042573777,-1.014264408914042
420,14001244,g,12,-1.0705934192927886,0.2324871214109363,0.4546453524973979,0.7593984818804475,-1.0705934192927886
421,14001244,i,23,-0.5766480897949683,0.2144309701708601,0.4798390642318673,0.22099086408208504,-0.5766480897949683
422,14001244,r,26,-1.2134095821839177,0.17780927073424835,0.6845032042262684,0.6134299030704773,-1.2134095821839177
423,14001244,u,6,-1.0216109718862882,0.0523722065102864,0.15518868210662817,0.6290436061127875,-1.0216109718862882
424,14008647,i,12,0.01835789289310827,0.10470697142314825,0.2798025626897246,0.020629795421039713,0.01835789289310827
425,14008647,r,15,-0.11702878293329122,0.09017725104475693,0.14377088071020444,0.02799314480270966,-0.11702878293329122
426,1401700,i,6,-1.554093476580164,0.6058025060285293,0.9738427659453555,1.7017477510422256,-1.554093476580164
427,1401700,r,5,-1.1681338867946234,0.27650354408564537,0.5355643438053039,1.0339330834944582,-1.1681338867946234
428,14037395,i,11,-1.0940982701675894,0.13063752178621835,0.2235344097053994,0.506168405780159,
429,14037395,r,13,-1.11920759089847,0.12520056782161637,0.21229256822159215,0.7940655608298368,-1.11920759089847
430,14047141,i,6,0.11396397494677793,0.02536886658420015,0.10274419743847212,0.013724241472634388,0.11396397494677793
431,14047141,r,7,0.08003748010191236,0.2574161284770965,0.709250250346174,0.21107958378646305,0.08003748010191236
432,14069153,i,19,-0.7689665231195288,0.37183360823683487,0.8390479747297424,0.6100010880974073,-0.7689665231195288
433,14069153,r,17,-0.7362172220064365,0.33109239127894097,0.7786015825176174,0.4685801409528008,-0.7362172220064365
434,14069292,i,10,-0.6634935927797466,0.043215114616850236,0.0709630444086905,0.22386787869631922,-0.6634935927797466
435,14069292,r,8,-0.9164034067612752,0.21052077421333737,0.39365715522792377,0.47307063605037103,-0.9164034067612752
436,14107536,g,2,-0.12722587271036195,0.008119248210820107,0.008119248210820107,0.017607672005059232,-0.12722587271036195
437,14107536,i,6,-0.15822114667978127,0.11839735165815943,0.22513358127554256,0.06083404896426255,-0.15822114667978127
438,14107536,r,8,0.041456454862965966,0.0940701228981407,0.28634185511152577,0.0896848268469926,0.041456454862965966
439,14127338,i,4,-0.4219022457026744,0.26407920759041914,0.5127452076481946,0.1562483143674684,-0.4219022457026744
440,14127338,r,8,-0.03773642689604173,0.1368904275687382,0.31181216505882503,0.10537537579166399,-0.03773642689604173
441,14129819,i,8,-0.5354606989204747,0.07144220052968303,0.1944724118134738,0.2765664218941407,-0.5354606989204747
442,14129819,r,7,-0.4781739641982416,0.03278927326923681,0.10109149346394697,0.2083238349106529,-0.4781739641982416
443,14140691,g,6,-0.67449879347573,0.05052194431700696,0.08592348067110889,0.4949012533748884,-0.67449879347573
444,14140691,i,7,-0.6201136341206718,0.24973126699305026,0.8998669091912175,0.47859288024867086,-0.6201136341206718
445,14140691,r,6,-0.4403106474935199,0.3302080371361916,0.6258841329263424,0.4690818567667689,-0.4403106474935199
446,14140691,u,2,-1.4352541104447456,0.0028327592219836717,0.0028327592219836717,1.7575818495109652,-1.4352541104447456
447,14152574,i,9,-0.1033797125592919,0.12484933231127082,0.6895983477811347,0.07249817063293224,-0.1033797125592919
448,14152574,r,5,-0.39835271462020616,0.13019278448625965,0.30843020098027096,0.20279597462416538,-0.39835271462020616
449,14178914,g,2,-0.421041501776334,0.22772830965119145,0.2277283096511914,0.21281210788339205,-0.421041501776334
450,14178914,i,3,0.025831127089109895,0.0015140987199895317,0.21480899250875526,0.05847430738745713,0.025831127089109895
451,14178914,r,6,-0.13152886397600855,0.1340751752141241,0.262126024483354,0.05548716674035021,-0.13152886397600855
452,14221904,g,3,-0.6530241720097928,0.033746992828286304,0.4437581901959922,0.3058533641211491,-0.6530241720097928
453,14221904,r,5,0.12150328173976982,0.23762680652657564,0.3306500952300585,0.059062644239952486,0.12150328173976982
454,14221904,u,5,-1.27208733307367,0.3432450832179701,0.6271329606144302,1.529208951010932,-1.27208733307367
455,1423646,g,3,-0.1276610813540569,0.019203841176797243,0.258563320072002,0.14464498439407025,-0.1276610813540569
456,1423646,i,4,0.040464140224060266,0.06704766699008478,0.1682009507161582,0.028833153897905882,0.040464140224060266
457,1423646,r,5,0.13181171927849453,0.1335536836077191,0.2577118263376839,0.03345431932830335,0.13181171927849453
458,1423646,u,2,-1.0425331576059271,0.23567861221883046,0.23567861221883057,1.0145074047806844,-1.0425331576059271
459,14259679,i,10,-0.7299461300902372,0.19547246262092088,0.39929886585215557,0.42812002010578476,-0.7299461300902372
460,14259679,r,12,-0.7313742105564761,0.0744466729875341,0.20293414225274875,0.5897964267707501,-0.7313742105564761
461,14264303,g,3,-0.16811272524495569,0.026882542506320384,0.030471908097120193,0.028220331524600666,-0.16811272524495569
462,14264303,i,6,0.15564619371366167,0.049954846649132606,0.09848017589866442,0.020723588637114168,0.15564619371366167
463,14264303,r,8,0.07361180800560002,0.02911216685030399,0.04760639044046662,0.00971133597329008,0.07361180800560002
464,14300891,g,4,-0.8889969573657813,0.02010270597467534,0.3178998043684581,0.566242307601486,-0.8889969573657813
465,14300891,i,25,-0.050145151969764434,0.07282294708827397,0.13033958326117284,0.021058577415795973,-0.050145151969764434
466,14300891,r,21,0.11368220250450212,0.12624616171606085,0.48118839056329654,0.06606630019196823,0.11368220250450212
467,14304376,i,9,-0.9534348534893703,0.2136291557480977,0.34688007954474287,0.6555670470735628,-0.9534348534893703
468,14304376,r,6,-0.8265805315777609,0.22742538369557003,0.4327704553838334,0.5953709392947816,-0.8265805315777609
469,14359701,g,3,-0.2397091652450551,0.02981437447896057,0.11324468635992177,0.10261874060778375,-0.2397091652450551
470,14359701,i,13,-0.7264112967182184,0.12824831654541513,0.2868608719575563,0.49270389141004894,-0.7264112967182184
471,14359701,r,9,-0.3892512548206339,0.04786058341858357,0.1908622821062662,0.23155241424524192,-0.3892512548206339
472,14364464,g,2,-0.47889694670858235,0.2100226442712549,0.21002264427125483,0.28321763834161795,-0.47889694670858235
473,14364464,i,6,-0.49571335406732475,0.1318873270475714,0.20793858955333744,0.24631536648509247,-0.49571335406732475
474,14364464,r,4,-0.13833407990251445,0.19186841178920502,0.3541842946031468,0.09669450187005132,-0.13833407990251445
475,14380386,g,2,-0.7297481466747312,0.07763542346866747,0.07763542346866736,0.4840939072733562,-0.7297481466747312
476,14380386,i,16,-0.6939806266677154,0.2388636069905449,0.5483496204617814,0.5486539503140814,-0.6939806266677154
477,14380386,r,12,-0.9515149633823332,0.17954436165009258,0.3551593987390681,0.8156039467495707,-0.9515149633823332
478,14381693,g,3,-0.3518118834982813,0.05381423228727433,0.11362861146940895,0.029077583864181394,-0.3518118834982813
479,14381693,i,14,-0.44323617296347617,0.19539015780412453,0.3942951236978156,0.15378735731001886,-0.44323617296347617
480,14381693,r,11,-0.34319759370699954,0.26177547054943173,0.3894198870043726,0.2071153153036377,-0.34319759370699954
481,14385294,g,2,-0.5443772242511613,0.0064799339053328575,0.0064799339053327465,0.32323745296526757,-0.5443772242511613
482,14385294,i,2,0.006441602609865316,0.17299586264912958,0.17299586264912958,0.03188760948905658,0.006441602609865316
483,14385294,r,5,-0.3001997273519373,0.09607015963336013,0.2517815244171098,0.06880250634541982,-0.3001997273519373
484,14385294,u,2,-1.417350632790842,0.06180388711333484,0.06180388711333462,1.6752524307266805,-1.417350632790842
485,14418472,g,5,-0.5940063004267621,0.017604906935816844,0.030315674931872816,0.40345155714459524,-0.5940063004267621
486,14418472,i,2,-0.05416736702628447,0.33323569926123686,0.3332356992612369,0.1161256903914019,-0.05416736702628447
487,14418472,r,5,-0.240139398616321,0.17084131898333693,0.2303665013709718,0.0845444047170147,-0.240139398616321
488,14459248,g,4,0.0653085951909671,0.19687242362401802,0.36951046238659446,0.04836952852144308,0.0653085951909671
489,14459248,i,12,-0.6923587468616373,0.13281041356411982,0.27231548827437657,0.4399595078456211,-0.6923587468616373
490,14459248,r,12,-0.6524099468992952,0.037241996646491915,0.10850938001790766,0.3416653295130792,-0.6524099468992952
491,14557814,g,2,-0.7483519780365934,0.06565752888391341,0.06565752888391341,0.5761971240862812,-0.7483519780365934
492,14557814,i,6,-0.24751711086277817,0.35120564605357085,0.554046233849253,0.21466882496718717,-0.24751711086277817
493,14557814,r,4,-0.3259270624156765,0.18286992407249777,0.472928530763826,0.16851640740330392,-0.3259270624156765
494,14617603,g,5,0.48355577692275764,0.10671596551122908,0.7893514626470819,0.16381229518026713,0.48355577692275764
495,14617603,i,11,-0.27106440525819286,0.26818390781841006,0.48535492138126435,0.14751181801016383,-0.27106440525819286
496,14617603,r,12,-0.1800321897757764,0.3199670485260497,0.7395737631457988,0.16259136184338702,-0.1800321897757764
497,14617603,u,2,-0.8894432834483484,0.016333094458921393,0.016333094458921282,0.7872060138749253,-0.8894432834483484
498,14639637,i,5,-0.18153316011468112,0.13063298118702632,0.16230493911638794,0.05721519859561767,-0.18153316011468112
499,14639637,r,6,-0.12007497489622126,0.08715603457590854,0.13967866775663226,0.0241118506591125,-0.12007497489622126
500,14656992,g,2,0.3059500368606654,0.36222634238095003,0.3622263423809501,0.2083692152701438,0.3059500368606654
501,14656992,i,3,0.13307980967134325,0.14326406097801136,0.19352517924068896,0.038222197142179934,0.13307980967134325
502,14656992,r,9,-0.01624028366139041,0.07895304676612969,0.15203973447615043,0.022343774030329642,-0.01624028366139041
503,14656992,u,2,-1.106001543823571,0.08003073949359063,0.08003073949359063,1.1142578726315744,-1.106001543823571
504,1471323,g,5,-0.271538180398732,0.04301687655065822,0.06518877755965136,0.060797032916876395,-0.271538180398732
505,1471323,i,6,-0.22616493949431854,0.027590063735612735,0.04879580048997151,0.04840601219049936,-0.22616493949431854
506,1471323,r,6,-0.35459998404252757,0.022541628456017593,0.0345657005384683,0.12399801764328226,-0.35459998404252757
507,14717029,g,3,-0.6664955689796839,0.08111779727279167,0.14657483474475363,0.34250142526262156,-0.6664955689796839
508,14717029,i,13,-0.8185178801838159,0.20136596469729418,0.391853783236618,0.5196259765565014,-0.8185178801838159
509,14717029,r,13,-0.8708671782130295,0.11537057076053991,0.2600359748794253,0.7257492527912052,-0.8708671782130295
510,14736197,g,3,0.18217882977114985,0.16452451216211172,0.34541211159561397,0.13280999031729304,0.18217882977114985
511,14736197,i,6,0.2440043626514728,0.1841185498701336,0.33380685969833024,0.08179160633060392,0.2440043626514728
512,14736197,r,10,0.24817837856307645,0.09643739694222958,0.15742326608141405,0.08427056640269319,0.24817837856307645
513,1473926,g,2,-0.18305726704245728,0.17145564137347513,0.17145564137347513,0.04881917862838715,-0.18305726704245728
514,1473926,i,3,-0.10026545503689949,0.011277552508022481,0.09873371945193715,0.033498583925043346,-0.10026545503689949
515,1473926,r,6,-0.21414449750328535,0.1405458346062859,0.2786349502557301,0.0696179173920844,-0.21414449750328535
516,14767092,g,4,-1.1132319536633046,0.06691456471825519,0.15047298370147422,0.6480803422401458,-1.1132319536633046
517,14767092,i,7,-1.4063216114604296,0.17980001176837535,0.3601636645657553,1.0565880606711517,-1.4063216114604296
518,14767092,r,7,-1.8032606539353915,0.3508356451030026,0.5749568449879474,1.9205195243108408,-1.8032606539353915
519,14783841,g,6,-0.5665904720339854,0.048270381994309663,0.0926206904136635,0.3406658630605708,-0.5665904720339854
520,14783841,i,10,-0.5801315671128549,0.10931828803480276,0.18424382136361206,0.31973440549034515,-0.5801315671128549
521,14783841,r,9,-0.5916935633227903,0.032088485398010236,0.06238864723331505,0.5004130619837968,-0.5916935633227903
522,14868537,g,4,-0.35441877150597023,0.04880046127496085,0.23783004378212258,0.1697727352783636,-0.35441877150597023
523,14868537,i,2,0.029550538346408,0.2484428503061846,0.24844285030618457,0.053282577516548316,0.029550538346408
524,14868537,r,6,-0.20968231866919537,0.03203443666346194,0.04940067640153656,0.06545825561396794,-0.20968231866919537
525,1488407,g,3,0.05408205987654957,0.267967972006558,0.9838293951415987,0.5538498936738068,0.05408205987654957
526,1488407,i,5,-0.003159075428233682,0.08140546544988811,0.09258956612837302,0.04738993763943224,-0.003159075428233682
527,1488407,r,7,0.17281008056807037,0.04329073169300002,0.06030801058736779,0.0440615945446388,0.17281008056807037
528,14886240,g,3,-0.008337775367293465,0.02662898937302688,0.0774019404382772,0.004964857343981535,-0.008337775367293465
529,14886240,i,7,0.3193528076406986,0.09469473143597612,0.15504067529481524,0.1225115819144128,0.3193528076406986
530,14886240,r,11,0.227093746158109,0.17362705455505145,0.38824830433803525,0.2395519126075704,0.227093746158109
531,14886240,u,2,0.07558237599292356,0.0680729566083032,0.0680729566083032,0.009769283149153212,0.07558237599292356
532,14917572,i,7,-0.6929205655929856,0.18627201980187758,0.3496159851109004,0.31390772536312866,-0.6929205655929856
533,14917572,r,6,-0.4489259080890893,0.06372426937686526,0.16498063228418514,0.16815046479293885,-0.4489259080890893
534,14972034,i,7,-0.15122764243209727,0.16945371993314481,0.4303444548538124,0.20941882465309214,-0.15122764243209727
535,14972034,r,7,-0.19535997583395037,0.12253411734067635,0.28898573219013407,0.04931776654852479,-0.19535997583395037
536,14993803,i,6,-0.6986561240920167,0.09451274139616983,0.16575590834401588,0.3707720625990221,-0.6986561240920167
537,14993803,r,5,-0.6442526303624305,0.2989093161736356,0.48236344444047696,0.2648935061048723,-0.6442526303624305
538,1508214,g,7,-0.019192335787488357,0.26013283110761587,0.8401457197639246,0.48132182252803096,-0.019192335787488357
539,1508214,i,13,-0.14441567862389493,0.2192611345419851,0.29642343012724537,0.0432796704392384,-0.14441567862389493
540,1508214,r,15,-0.21535579877215988,0.04354368917348672,0.08871666136110387,0.0504853342925689,-0.21535579877215988
541,15104636,i,4,-1.0722951966042207,0.31467936852950473,0.6269091113708609,0.551841225854794,-1.0722951966042207
542,15104636,r,7,-0.804277442298897,0.43477054351871125,0.7268391159913661,0.6368813045550251,-0.804277442298897
543,15114832,g,4,0.45985503996045096,0.016748194931574922,0.14740438838589526,0.1546757230485113,0.45985503996045096
544,15114832,i,11,-0.5426527551930911,0.08840063932699832,0.17455612545977728,0.2320179689353888,-0.5426527551930911
545,15114832,r,9,-0.2127251578448658,0.15258616076311127,0.3332911772364967,0.06788744095066672,-0.2127251578448658
546,15127866,g,3,0.006846906575970646,0.16147891931739305,0.40395714657633175,0.14349937301102836,0.006846906575970646
547,15127866,i,4,0.03514298036701875,0.2568514976760474,0.5264024602256907,0.15962267725264112,0.03514298036701875
548,15127866,r,9,0.14592996243915132,0.2107049722071104,0.34584575564129366,0.21768582074456044,0.14592996243915132
549,15127866,u,3,-1.2338987217604918,0.1144368800427158,0.409583372296772,1.0572893126569898,-1.2338987217604918
550,15160443,g,2,-0.03961107665707045,0.005943691434029258,0.005943691434029258,0.001581724667379047,-0.03961107665707045
551,15160443,i,14,-0.8368791897249664,0.3678394770631015,0.8063586002383218,0.3931162366345125,-0.8368791897249664
552,15160443,r,17,-0.6370782064890772,0.47058808664357565,0.9185527562648637,0.5150020056708772,-0.6370782064890772
553,15267800,g,4,-0.1754524667492321,0.08166039640617151,0.2056498637267089,0.05673081004405331,-0.1754524667492321
554,15267800,i,9,-0.09152931361574757,0.14409174356111493,0.5617449068088902,0.08220507311734528,-0.09152931361574757
555,15267800,r,8,-0.11473410240754056,0.06342783882916891,0.1219528671929983,0.03647819186059156,-0.11473410240754056
556,1533884,i,14,-0.5197259926359885,0.23901445504610008,0.5060427793303446,0.6207404582355291,-0.5197259926359885
557,1533884,r,8,-0.6214826337535235,0.14488990773071736,0.2575763995813193,0.32698218880271657,-0.6214826337535235
558,15374565,i,4,-0.3062391928059776,0.12229828262264134,0.27212589160901723,0.16866573501359314,-0.3062391928059776
559,15374565,r,9,-0.34854518070061635,0.050837455182405455,0.12693710586564122,0.15528688014495834,-0.34854518070061635
560,15402038,i,7,-1.0581129127603977,0.13815939063272586,0.331764010629215,0.5707442385125258,-1.0581129127603977
561,15402038,r,4,-0.8452622432977228,0.11291203107976444,0.2723029676807912,0.6775427105752225,-0.8452622432977228
562,15432722,g,2,-0.3729094992088705,0.03899205788941973,0.03899205788941973,0.134864058500261,-0.3729094992088705
563,15432722,i,6,-0.20877760550222638,0.11163008610754568,0.17807568492115056,0.055628940778965,-0.20877760550222638
564,15432722,r,3,-0.3877649442786075,0.05905544382291339,0.12370877707529981,0.11121239130045056,-0.3877649442786075
565,15474020,g,5,-0.061995425393370995,0.05648120119587374,0.29465203257233386,0.04772546391837169,-0.061995425393370995
566,15474020,i,3,-0.18076166603915444,0.048126346277001075,0.12223461093913002,0.047504565256235476,-0.18076166603915444
567,15474020,r,7,-0.25352366849692887,0.05073626711501522,0.11211048632581969,0.06934918101168676,-0.25352366849692887
568,15499484,g,2,-0.47040094572872787,0.45391607474303736,0.4539160747430374,0.4197180841836689,-0.47040094572872787
569,15499484,i,6,-0.19233680160099603,0.034210604044541126,0.057459481886677516,0.03751911173620347,-0.19233680160099603
570,15499484,r,8,-0.22482130039968748,0.22849527399421707,1.1301706772262017,0.3423301545381283,-0.22482130039968748
571,15524061,i,5,-0.5586716737353364,0.03423137010062993,0.06254801743912686,0.2242747742050552,-0.5586716737353364
572,15524061,r,7,-0.6394288055017578,0.1345173432657356,0.41737275740413016,0.40880503576729055,-0.6394288055017578
573,15636850,i,10,-1.3587055466958504,0.16664483647992512,0.8129178182479859,1.5432157416243386,-1.3587055466958504
574,15636850,r,11,-2.206455991944414,0.49930514516340607,0.8630599778910084,2.7020513077788837,-2.206455991944414
575,15672832,g,2,-0.24642831619196548,0.40669837174518586,0.40669837174518586,0.20574659606020101,-0.24642831619196548
576,15672832,i,7,-0.17752716520065326,0.14013614743483604,0.298550245439466,0.056492766094750145,-0.17752716520065326
577,15672832,r,9,-0.02106302932629389,0.08577960642960658,0.12480135988332353,0.019066099055612414,-0.02106302932629389
578,15686840,g,4,-0.35394074792043195,0.024602582327379108,0.05913332920096326,0.13155224817719763,-0.35394074792043195
579,15686840,i,24,-0.41620595201839083,0.20152538640830658,0.5154206457972357,0.2547234123212017,-0.41620595201839083
580,15686840,r,26,-0.44494092880301467,0.07888451458947288,0.17496120630453105,0.19364064100042583,-0.44494092880301467
581,15698151,g,3,-0.34785657031576944,0.03362711900220661,0.07399493112139532,0.12511294768515382,-0.34785657031576944
582,15698151,i,4,0.40577820799669256,0.030510244861830127,0.08272750721354422,0.14238317736091707,0.40577820799669256
583,15698151,r,4,-0.01637192478627962,0.025852739350304785,0.05007978956259235,0.002339483956145044,-0.01637192478627962
584,15748649,g,6,-0.39706892938848415,0.11531457452659277,0.5683593090994866,0.15941639471688,-0.39706892938848415
585,15748649,i,14,-1.014047986169314,0.4263230704959862,0.8320197353058424,1.0149179673416078,-1.014047986169314
586,15748649,r,18,-1.0175694887242046,0.7579031505115124,1.545989546259965,1.0993255634032315,-1.0175694887242046
587,15809285,i,5,-0.8336037026107003,0.09760730759052838,0.17949015735594742,0.7174229002615988,-0.8336037026107003
588,15809285,r,6,-0.8744384463737925,0.05321835000274361,0.09714707696310776,0.8422030350783091,-0.8744384463737925
589,1591369,g,4,0.06462883661529506,0.10517184080189845,0.18002419324229452,0.01671308784879374,0.06462883661529506
590,1591369,i,17,-0.23931042964156723,0.19394090224566984,0.3610888359051708,0.09353246845264963,-0.23931042964156723
591,1591369,r,14,-0.4553485021777053,0.23644163763426185,0.511955886561528,0.2252348195334805,-0.4553485021777053
592,15926084,g,6,-0.30678331946578763,0.10112327261565407,0.17327625288744064,0.09187466106575652,-0.30678331946578763
593,15926084,i,3,-0.7645971884920048,0.003389107621139198,0.10929023469547927,0.4409633863072162,-0.7645971884920048
594,15926084,r,7,-0.507730657725058,0.03492621222268122,0.07881785047242285,0.2623556035805878,-0.507730657725058
595,15932182,g,4,-0.3000608531465032,0.15777551788185895,0.32533728533407,0.061562514343369436,-0.3000608531465032
596,15932182,i,4,-0.34546392007245175,0.14694589192366495,0.4309445195466471,0.19173284939681529,-0.34546392007245175
597,15932182,r,4,-0.21011318304480414,0.09468401649702973,0.2272980085262177,0.10030083723103275,-0.21011318304480414
598,15946691,g,2,-0.5948525243147939,0.03154184644251001,0.0315418464425099,0.3285399499965647,-0.5948525243147939
599,15946691,i,6,-0.4966589455779817,0.20839528866085405,0.33430823855846126,0.26137373986563167,-0.4966589455779817
600,15946691,r,5,-0.6005587465571695,0.08173739324775575,0.10697093073864472,0.29728806739310826,-0.6005587465571695
601,15949286,g,4,-0.8003314642811385,0.0732068038720417,0.13163891756861523,0.5975202221560995,-0.8003314642811385
602,15949286,i,12,-0.311704075247729,0.3943169704081213,0.7771918790189065,0.22664845190650076,-0.311704075247729
603,15949286,r,10,-0.6891299124020822,0.04271859232036451,0.07896819292979351,0.45505732881671435,-0.6891299124020822
604,15949286,u,2,-0.63126165202791,0.04701711322727875,0.04701711322727875,0.33854334061067887,-0.63126165202791
605,1596039,g,3,-0.2441982300862957,0.0072154132933836546,0.14123525409856005,0.04776818897378405,-0.2441982300862957
606,1596039,i,4,-0.18923422794654193,0.2978206542550664,0.5172514722200775,0.10897279422795723,-0.18923422794654193
607,1596039,r,11,-0.1336005745344253,0.14418522726333793,0.3285188177787468,0.11158489250150612,-0.1336005745344253
608,15970016,g,4,-0.4329040152245506,0.1413006069155296,0.22244107343636838,0.194126979701592,-0.4329040152245506
609,15970016,i,8,-0.10948309144121264,0.21591863729508914,0.3951817528880385,0.1186390403529822,-0.10948309144121264
610,15970016,r,7,-0.28573280793608835,0.090540065754936,0.15709844151319452,0.14094891823678538,-0.28573280793608835
611,15970436,i,21,-1.7815660410558867,0.36311810137908007,0.5760066942276665,1.8065258941975686,-1.7815660410558867
612,15970436,r,24,-1.7480868862060093,0.4338444894097885,0.8050019293110058,1.8319542316428725,-1.7480868862060093
613,16035866,i,5,0.11366338549071306,0.1709718935167563,0.30122522016155784,0.07842834872835028,0.11366338549071306
614,16035866,r,5,-0.2918874806117724,0.03432401737589458,0.06236159343784137,0.09333252863363936,-0.2918874806117724
615,16084248,i,4,-0.6786187242155826,0.10170248353451317,0.2279676200938685,0.3865674002382914,-0.6786187242155826
616,16084248,r,7,-0.5492242787077688,0.08280444612762272,0.11641824672217249,0.24274940742331302,-0.5492242787077688
617,16090985,i,5,0.35622370862512764,0.17231605810766712,0.24310621778874872,0.14508696148764175,0.35622370862512764
618,16090985,r,5,0.2020447342011643,0.0736647207675134,0.07682693419637132,0.051321437943402305,0.2020447342011643
619,16119337,g,2,-0.47235299674562153,0.20329585492426,0.20329585492425994,0.24951113644848158,-0.47235299674562153
620,16119337,i,8,-0.25752882421573686,0.05448880814566809,0.10228560519827018,0.051379446670226474,-0.25752882421573686
621,16119337,r,9,-0.271635705662036,0.15317276330474616,0.39137006049575473,0.0808412549760222,-0.271635705662036
622,16154478,i,7,-0.5744964356459494,0.13440841699807027,0.693474945126777,0.22887082474225995,-0.5744964356459494
623,16154478,r,4,-0.82637800203572,0.05897631504244438,0.15089944313166126,0.6026344854286665,-0.82637800203572
624,16156091,g,5,-0.06580823205846398,0.06014242732840425,0.15582137958946912,0.016263544514420254,-0.06580823205846398
625,16156091,i,17,-0.25642269005319296,0.05851628771530215,0.1486774571584239,0.15177943062132213,-0.25642269005319296
626,16156091,r,11,-0.2546002845355372,0.03178034370576721,0.1631129213084389,0.1214019042240126,-0.2546002845355372
627,16207263,i,13,-0.09310869337010863,0.1643912935056236,0.2623429814638542,0.03597358361533984,-0.09310869337010863
628,16207263,r,11,-0.16007873774223302,0.14484176593998366,0.23917359672117355,0.06191358720746359,-0.16007873774223302
629,16212552,g,2,-0.15374129954661775,0.0793238699877935,0.0793238699877935,0.026683009422939625,-0.15374129954661775
630,16212552,i,3,-0.12915661464127726,0.2763022087819131,0.2931745379235569,0.0647526546759159,-0.12915661464127726
631,16212552,r,7,-0.20923752294832765,0.05027007121789073,0.15872502454758353,0.07586939118945965,-0.20923752294832765
632,1622821,g,4,-0.02093844865391281,0.013544290409594595,0.1144905100070077,0.043946456372084906,-0.02093844865391281
633,1622821,i,22,-0.5314707315701336,0.30819697736625407,0.605953765621576,0.28502553935641123,-0.5314707315701336
634,1622821,r,22,-0.5072686720041005,0.41026470391145453,0.6228497048681937,0.3661547515561749,-0.5072686720041005
635,1622821,u,3,-0.4662819725296906,0.03987746604798248,0.12315365804502232,0.17692029842928983,-0.4662819725296906
636,1628871,g,4,-0.5421934548123796,0.02238269443408769,0.039051910246647226,0.27238146343713143,-0.5421934548123796
637,1628871,i,8,-0.22420092032357924,0.03562946527763605,0.16420249309453105,0.04305667518942541,-0.22420092032357924
638,1628871,r,8,-0.2898852149126175,0.1396762314360815,0.2140355345926862,0.08265548847891566,-0.2898852149126175
639,16292809,r,9,-0.36738666697480143,0.07052512958845869,0.12225912440594011,0.1404041418581868,-0.36738666697480143
640,16299444,i,10,-0.29471298476436164,0.2879162747485795,0.4538089412621488,0.19974604427547324,-0.29471298476436164
641,16299444,r,12,-0.2811138137066549,0.11694444920662878,0.20748547021451563,0.1700072726856652,-0.2811138137066549
642,16351243,g,2,-0.5101912370442123,0.09292217031378769,0.09292217031378769,0.2507728433890344,-0.5101912370442123
643,16351243,i,6,-0.5521751530459014,0.04308491979422485,0.06667014209309519,0.2622030958954081,-0.5521751530459014
644,16351243,r,3,-0.48174928214017076,0.06800224748337225,0.07786024179978773,0.225227037517536,-0.48174928214017076
645,16353258,i,9,-0.5338820377007745,0.08926983402277888,0.1589352882665449,0.10204545360121813,-0.5338820377007745
646,16353258,r,6,-0.6305141145601292,0.05972481955528197,0.09199443805214691,0.20503927607738526,-0.6305141145601292
647,16356550,g,7,-0.28143377186264773,0.06053430948870314,0.08263843837119608,0.07132743869850842,-0.28143377186264773
648,16356550,i,10,-0.006480543691763027,0.04925643672494881,0.12167920262028747,0.0059599860288026925,-0.006480543691763027
649,16356550,r,14,-0.12972393670895763,0.04882879529926734,0.09240724409202543,0.03047490123278406,-0.12972393670895763
650,16392705,i,5,-1.3082494075924935,0.24305915199393247,0.6822179315923748,0.8730025455234122,-1.3082494075924935
651,16392705,r,8,-0.7702938831420202,0.5754544270154903,1.2742104713765636,0.8160319649296018,-0.7702938831420202
652,16424675,g,9,-2.1516780933656845,0.5473889384783663,1.287109677497409,207.48444751861658,
653,16424675,i,19,-1.7804783182284043,0.6394275821642226,1.1257714765610354,2.410357812252405,
654,16424675,r,22,-2.4858330221431233,0.6976170134914479,1.4141627123389842,3.907386114397554,-2.4858330221431233
655,16477268,g,5,-0.738015320692945,0.02021441709606009,0.04518697209558553,0.4357315632866257,-0.738015320692945
656,16477268,i,7,-0.08273416163701652,0.06703209306622382,0.08881090484356771,0.014821708606527742,-0.08273416163701652
657,16477268,r,7,-0.3725455714364063,0.09580339923220504,0.18744300787089424,0.1540477120270223,-0.3725455714364063
658,16486300,i,7,-0.0763190228283877,0.18495875734046507,0.42027474720915786,0.09517399410794122,-0.0763190228283877
659,16486300,r,4,-0.0946297578787505,0.05106236405872609,0.12356388067183718,0.03280532668278485,-0.0946297578787505
660,16486300,u,2,-0.8066256940402815,0.03334457595832252,0.03334457595832263,0.5823705744733054,-0.8066256940402815
661,16572374,g,4,-0.3712500199479859,0.11727155464034789,0.2357960434110773,0.1353591252971327,-0.3712500199479859
662,16572374,i,12,-0.7157045255644643,0.514660440867739,1.1992927110892235,0.7188395785858314,-0.7157045255644643
663,16572374,r,12,-0.3669545944298096,0.10019537789901745,0.665383007045369,0.5614426317203662,-0.3669545944298096
664,16584943,i,3,-0.5932217636691012,0.1622543364543665,0.29572219101868835,0.3076009789465967,-0.5932217636691012
665,16584943,r,8,-0.6694803640678404,0.08051212375808858,0.1351515169299844,0.48953917336218655,-0.6694803640678404
666,16616844,g,3,-0.4578387882898508,0.07072968655100759,0.24010578493042833,0.3684667463312025,-0.4578387882898508
667,16616844,i,2,-0.35575010991304784,0.296289645766993,0.29628964576699296,0.19056032833204106,-0.35575010991304784
668,16616844,r,7,-0.5649617238565835,0.23985077660956933,0.5993059069964579,0.28129482522223437,-0.5649617238565835
669,16664830,g,2,-0.6532496940162398,0.061801474206867324,0.061801474206867324,0.44355319503479984,-0.6532496940162398
670,16664830,i,3,-1.6179800563689173,0.10107160030070039,0.37976433318783664,1.0546940844620074,-1.6179800563689173
671,16664830,r,8,-0.8450111308362427,0.7653692329919848,1.4266397899419652,0.8910549943009721,-0.8450111308362427
672,16722447,g,3,-0.8776912045408427,0.030787294240445462,0.04033251759273615,0.6744538709098239,-0.8776912045408427
673,16722447,i,6,-0.19297250174227276,0.2877112849825848,0.45724309992310264,0.10119297422447594,-0.19297250174227276
674,16722447,r,12,-0.2598590099805709,0.15448924525871655,0.2909826189384242,0.1286109033295324,-0.2598590099805709
675,16723396,g,6,-0.1626392292699396,0.13465836159849795,0.39696292877865147,0.0998649532843025,-0.1626392292699396
676,16723396,i,17,-0.152141824181014,0.09060655846281707,0.16977477808965558,0.03715962429798519,-0.152141824181014
677,16723396,r,14,-0.16666313175869263,0.06185632302452271,0.15786260435544935,0.040466688600284344,-0.16666313175869263
678,16723396,u,2,-0.4659842922027254,0.02312475429145311,0.02312475429145311,0.21102511769885177,-0.4659842922027254
679,16731691,i,8,0.05313663737562635,0.08102174784957389,0.2588529911738818,0.048849335997374885,0.05313663737562635
680,16731691,r,7,-0.1005237721195047,0.024995009333453222,0.06215475640867313,0.043619918870835175,-0.1005237721195047
681,16770313,i,5,0.18556520544413377,0.022306179916656843,0.42335176911572303,0.07153661129240634,0.18556520544413377
682,16770313,r,6,0.01651484923840324,0.06499449707030663,0.13056196132318004,0.027814461877374328,0.01651484923840324
683,16782808,i,4,-0.14094405771563076,0.13588370719613044,0.1846235513250284,0.04964807841107713,-0.14094405771563076
684,16782808,r,6,-0.36019530072535383,0.04801405717412566,0.09039248568409214,0.11504202175137479,-0.36019530072535383
685,16916395,g,4,-0.15747335793877354,0.0726110460655089,0.1608581461946347,0.036603501649887835,-0.15747335793877354
686,16916395,i,6,-0.5538713832695517,0.13564398558361174,0.2413133283984934,0.2680769826599918,-0.5538713832695517
687,16916395,r,9,-0.5145821037263869,0.15569919555734602,0.34043665561035785,0.30053987341621746,-0.5145821037263869
688,16940738,g,4,-0.3963979887723953,0.05498150317610373,0.2778765477136551,0.1727675440929322,-0.3963979887723953
689,16940738,i,5,-0.47744115720838776,0.42703368030994493,0.5462251212739999,0.39657024724832846,-0.47744115720838776
690,16940738,r,11,-0.6436180335142265,0.20905284895094534,0.46544841035145534,0.3768154966319528,-0.6436180335142265
691,16942659,g,2,-1.152205580137889,0.03228047918106003,0.03228047918105981,0.6682153743557577,
692,16942659,i,16,-1.0707272166366124,0.11863894571837263,0.5369016033620921,0.4771523725656245,
693,16942659,r,9,-0.9921684392111039,0.05926556303898467,0.08062729043560735,0.5270300625565054,
694,16955031,i,5,-0.9380696598286096,0.11695730628848766,0.31817018484765036,0.7639031222864899,-0.9380696598286096
695,16955031,r,8,-1.075343198883532,0.06833340103598312,0.15040690329029704,0.9277349448865317,-1.075343198883532
696,17041331,i,4,0.27926498681711065,0.11723429628400218,0.13079203067809986,0.11658516462626768,0.27926498681711065
697,17041331,r,4,0.3550682923377894,0.031938005388375545,0.1507704500748151,0.12223165623011602,0.3550682923377894
698,17041331,u,3,-0.8013506546535354,0.003610136857438162,0.20885547292631268,0.8299563145328941,-0.8013506546535354
699,17046761,g,6,-0.23270856277972984,0.03834077513555895,0.06670684789731582,0.10881706822117987,-0.23270856277972984
700,17046761,i,22,-0.18326430569732716,0.13166211334310512,0.35869661289120924,0.0830125250108687,-0.18326430569732716
701,17046761,r,22,-0.026556483117156526,0.1463605984360592,0.29070611933566215,0.08758009081893642,-0.026556483117156526
702,17050194,g,7,-0.571657618382348,0.03783081927967247,0.05701930494804808,0.3129002798832382,-0.571657618382348
703,17050194,i,27,-0.8961630450561273,0.33954706852646166,0.7759449151773727,0.5779307940726638,-0.8961630450561273
704,17050194,r,23,-0.9031839772586179,0.5360843958852397,1.061892332616694,0.8928589517144015,-0.9031839772586179
705,17067701,g,2,-0.32046651108010593,0.04232076574303156,0.04232076574303156,0.0966821004334661,-0.32046651108010593
706,17067701,i,3,0.2649564359955584,0.0464782204025444,0.07749947167200191,0.056329311309751884,0.2649564359955584
707,17067701,r,8,0.10445269985528555,0.110677899677186,0.213629494753845,0.025325053652289445,0.10445269985528555
708,17085510,g,3,-0.40005960926023865,0.04048000354966563,0.08614631088752261,0.1380996832239223,-0.40005960926023865
709,17085510,i,5,0.14861054627163606,0.06477712204510899,0.06603124660124268,0.06431651987209393,0.14861054627163606
710,17085510,r,9,-0.07561657762186419,0.0857467003160351,0.13282438562065602,0.03187234412236297,-0.07561657762186419
711,1709184,g,3,-0.3442717200732097,0.3034898567600506,0.30669441700897937,0.16938466208927402,-0.3442717200732097
712,1709184,i,4,0.016752927506921422,0.263252251072735,0.6380630551307767,0.204205648959702,0.016752927506921422
713,1709184,r,10,-0.17372887472817705,0.1384343543597794,0.2663191592080779,0.03738140139353384,-0.17372887472817705
714,17166201,i,11,-1.187064743661119,0.08624071426150914,0.15056586287254525,0.539905881790403,
715,17166201,r,5,-1.2127250677100174,0.022873573304320605,0.0433573094913271,0.7708771398104861,
716,17263171,g,4,-0.9845911329038368,0.021542866607418776,0.13722307549491697,0.7198541971836072,-0.9845911329038368
717,17263171,i,7,-0.9193168092624939,0.38956076421109054,0.6969400463045348,0.681511239331628,-0.9193168092624939
718,17263171,r,12,-0.7459495305973664,0.10429985288738042,0.32593235167667844,0.658141018696836,-0.7459495305973664
719,1726975,i,6,-0.9613154075126487,0.09237887632978192,0.1414349284446379,0.8359206804194542,-0.9613154075126487
720,1726975,r,10,-1.0288918709156105,0.33939670959010226,0.8423383525373145,0.7873187310865208,-1.0288918709156105
721,1726975,u,2,-1.176905675757438,0.1378009754674988,0.13780097546749892,1.3848789941518602,-1.176905675757438
722,17282338,g,4,0.3408784469823699,0.122496315424994,0.32483703861802404,0.38579455465615164,0.3408784469823699
723,17282338,i,5,0.20474806835501114,0.06402502928593873,0.1154683435576706,0.034858414067304125,0.20474806835501114
724,17282338,r,7,0.15100452463132424,0.10395634809837723,0.1650885224439464,0.042598279850199705,0.15100452463132424
725,17292333,i,5,-0.8873836364425758,0.6405711159175154,0.7486117373458416,0.2296826710865068,-0.8873836364425758
726,17292333,r,6,-1.6066684853930706,0.4045226041733785,0.7422072136533568,1.5756832002619638,-1.6066684853930706
727,17306947,g,4,-0.5263476038252755,0.10137607691675748,0.3897315153688742,0.2953173398906217,-0.5263476038252755
728,17306947,i,10,0.03921981068840813,0.05659002299903537,0.10699410627493236,0.039755969943642354,0.03921981068840813
729,17306947,r,8,-0.2204142180186228,0.09340600364696927,0.2047127215494044,0.07918498939191052,-0.2204142180186228
730,17309170,g,3,-0.7888295734005264,0.06893999422501551,0.23478832708117725,0.5231552131322,-0.7888295734005264
731,17309170,i,10,-0.6559627972985335,0.3673167697445846,0.7404716795415424,0.38728868835409647,-0.6559627972985335
732,17309170,r,12,-1.5053761952840614,0.169119752495126,0.35029070485180336,1.2973972752995444,-1.5053761952840614
733,17341680,i,6,0.2407696995202382,0.11958206183407905,0.24375348660240587,0.06683949866275675,0.2407696995202382
734,17341680,r,4,0.04010114824434918,0.05194351344490822,0.10874720688529549,0.006985109732256016,0.04010114824434918
735,17341680,u,2,-1.102249030028363,0.4379987030035609,0.4379987030035608,1.2698159301227667,-1.102249030028363
736,17361984,i,11,-0.25372132874438996,0.053217324742221406,0.11362207817631878,0.07824711094488547,-0.25372132874438996
737,17361984,r,12,-0.3750913377504994,0.14369156203046973,0.28354402321067473,0.10219288284473944,-0.3750913377504994
738,17387234,i,6,-1.2467261017987585,0.48066615851561756,0.8458631409544525,0.7944142349529232,-1.2467261017987585
739,17387234,r,6,-0.6188042979778156,0.25647652090652817,0.8045103067610784,0.5801720935618064,-0.6188042979778156
740,17418877,g,3,-0.45053383961569926,0.03294719607421004,0.0630780534911688,0.2359846999008143,-0.45053383961569926
741,17418877,i,4,0.07626789097141161,0.2496742293669185,0.521117547987951,0.18792216038379528,0.07626789097141161
742,17418877,r,9,-0.19530713811967337,0.14390411096997924,0.2673342603484263,0.06307580424093563,-0.19530713811967337
743,17472804,g,5,-0.595923983612634,0.11001802667320565,0.46887591138577767,0.7486411944609134,-0.595923983612634
744,17472804,i,14,-1.557837981733686,0.3897323954504145,1.2326840993668142,0.9891329862170607,-1.557837981733686
745,17472804,r,15,-1.1878002637759344,0.6414400943587172,1.2138095059665182,0.9718358217793138,-1.1878002637759344
746,17493282,g,4,-0.5669441112892174,0.11054325834653234,0.21385051856853116,0.31185566312090873,-0.5669441112892174
747,17493282,r,6,-1.3082078569528544,0.43072786784606254,0.7409897859214268,1.2672182445816305,-1.3082078569528544
748,17542655,g,5,-0.5954453348828892,0.03500286911883066,0.06040695272000485,0.31773952136538564,-0.5954453348828892
749,17542655,i,9,-0.17976007934775184,0.10776322635632879,0.1572609299235211,0.18518567893258198,-0.17976007934775184
750,17542655,r,11,-0.29004612344634695,0.10418390344840789,0.3236252312594772,0.1041595906459972,-0.29004612344634695
751,17548837,i,11,-0.9469494886382823,0.13205399272574447,0.5574093337136927,0.4185781195370381,
752,17548837,r,5,-1.5519098072504174,0.06378643505439063,0.3872300152675714,0.9348255806289604,-1.5519098072504174
753,17630361,i,3,1.1123403053244711,0.01061328140260942,0.05161544285956654,0.7008340456296063,
754,17630361,r,3,0.9471744059217109,0.023941767798411284,0.043589722100831896,0.4862124132584141,
755,17691489,i,12,-0.8380374545514668,0.3912472385274538,0.7875247593391479,0.755359990844097,-0.8380374545514668
756,17691489,r,16,-0.6636441247922967,0.24372534654597122,0.46252334384735083,0.5082140082065201,-0.6636441247922967
757,17748910,i,12,-0.762936427829868,0.3453326848894749,0.5592320147169467,0.5005211804223245,-0.762936427829868
758,17748910,r,13,-0.7155791899235566,0.5183402851408592,0.7226914277730516,0.42836723502164176,-0.7155791899235566
759,17778796,g,7,-0.11377052795997233,0.03531242096711207,0.1200793603819329,0.03457111343879095,-0.11377052795997233
760,17778796,i,23,-0.35355982080875537,0.2883239929237825,0.6378278880250758,0.16607480574438416,-0.35355982080875537
761,17778796,r,26,-0.421059860960169,0.09871739953080494,0.46952075636871227,0.2320564136705421,-0.421059860960169
762,17781604,i,9,-0.9115064810263288,0.08801754166248343,0.1474128382398081,0.7317595403934922,-0.9115064810263288
763,17781604,r,4,-1.0517364247066023,0.04141300550788507,0.11119960427420184,1.0014013329915525,-1.0517364247066023
764,17802271,g,4,-0.25668532429212465,0.22750681277617457,0.5749410092158547,0.16631054581734284,-0.25668532429212465
765,17802271,i,24,-0.7359226018187984,0.19875812079564986,0.33116735632653854,0.35356679222211684,-0.7359226018187984
766,17802271,r,20,-0.5957995328191178,0.06002591150256842,0.11853078378972537,0.29157187783514643,-0.5957995328191178
767,17802271,u,3,-0.9655254118804435,0.018798636512384004,0.02083920249478477,0.7652228372380055,-0.9655254118804435
768,17862618,g,3,-0.23259160719730332,0.15452476500995438,0.2285253788393551,0.05313767018331531,-0.23259160719730332
769,17862618,i,18,-0.33820343238685574,0.16043367197948666,0.4802634313739509,0.15772862234103138,-0.33820343238685574
770,17862618,r,13,-0.515086560450575,0.3243239977211293,0.6297194154059206,0.3200438961955735,-0.515086560450575
771,17885725,i,8,-0.1547986391491351,0.15096348791689035,0.28514797324508057,0.07145396961216807,-0.1547986391491351
772,17885725,r,7,-0.1950983925514842,0.21895348078997268,0.39361741418265883,0.10444533678762073,-0.1950983925514842
773,17889255,i,5,-0.43288678240924394,0.16240966704645798,0.24376633121288305,0.16770890387131515,-0.43288678240924394
774,17889255,r,7,-0.4710992215345272,0.09206345182363918,0.11460298820713322,0.24877874969153124,-0.4710992215345272
775,17915116,g,3,-1.035211956786537,0.1416015036563718,0.21925536870632922,0.9008793485158675,-1.035211956786537
776,17915116,i,4,-0.47717807745881,0.40963746034780224,0.688496552306926,0.3404816022473899,-0.47717807745881
777,17915116,r,10,-0.8003784082458613,0.1162150724382548,0.21334299518009403,0.5129025187372225,-0.8003784082458613
778,17929859,i,3,-1.0810023482114086,0.18785469479948658,0.4880674725078038,0.6308396739445526,-1.0810023482114086
779,17929859,r,6,-0.4777477173763617,0.2847871325787944,0.47985526850815285,0.3350911878389118,-0.4777477173763617
780,17997278,g,2,-0.37706676542139506,0.0047339753126321715,0.004733975312632144,0.15231052133640244,-0.37706676542139506
781,17997278,i,4,-0.5005007751203773,0.1932060783984148,0.21520741005185318,0.2713769247565755,-0.5005007751203773
782,17997278,r,10,-0.5557430264485919,0.0891501462032668,0.2517123320056417,0.43773424104195513,-0.5557430264485919
783,180103,g,2,-0.21138756937495606,0.11430494040521766,0.11430494040521766,0.06069369139195861,-0.21138756937495606
784,180103,i,17,-0.48181313318345487,0.2132100651741592,0.3622960837849395,0.1839629258880032,-0.48181313318345487
785,180103,r,18,-0.5940879543932238,0.2618344022205592,0.5013989948576986,0.21871191962541606,-0.5940879543932238
786,18038015,g,3,-0.35394477745294906,0.011365748374261853,0.01745558660834584,0.12679769330551063,-0.35394477745294906
787,18038015,i,5,-0.4748062883830483,0.15270108146514227,0.5306877728140236,0.17833473851015386,-0.4748062883830483
788,18038015,r,8,-0.425453386326794,0.11054320332279532,0.2481367089080352,0.17380687310187387,-0.425453386326794
789,1805570,g,12,-1.164705470723278,0.09352972184976349,0.45933974638180297,0.6326473432735596,-1.164705470723278
790,1805570,i,33,-0.634522847904802,0.2777314420342871,0.5099469566225251,0.30283496543517935,
791,1805570,r,29,-0.7301757668550359,0.37309491677436823,0.7051720441890013,0.41348802027623194,
792,1805570,u,6,-0.560771703537142,0.24251595849302154,0.39208581056923264,0.319613351056715,
793,18097663,i,4,-0.2570418134671453,0.16187783991600482,0.4214446875319575,0.22889000935016202,-0.2570418134671453
794,18097663,r,8,-0.20374945958106017,0.10504256730062647,0.14470322045082112,0.18199927606228702,-0.20374945958106017
795,18178154,g,3,-0.3221944931059302,0.06469495559477423,0.13367353580842925,0.07721344212780347,-0.3221944931059302
796,18178154,i,8,-0.6017182168781697,0.11159433588794893,0.2055248558539372,0.31939608152095267,-0.6017182168781697
797,18178154,r,6,-0.3663016770860665,0.12267016547429316,0.208564219970087,0.16268124879744889,-0.3663016770860665
798,18242040,i,20,-0.6451959685018704,0.13958599936982752,0.3763835015987418,0.24970103861220458,-0.6451959685018704
799,18242040,r,15,-0.7489706873512005,0.21607926671279576,0.4341936531918399,0.4159073331498956,-0.7489706873512005
800,1827254,g,7,0.029214602254853173,0.15787823734930573,0.22809614670464018,0.04982986412119906,0.029214602254853173
801,1827254,i,13,-0.8348741724875555,0.1638614906907898,0.30918072770159877,0.4224426272723469,
802,1827254,r,14,-0.5685303339791572,0.05901102875837527,0.10529189022281582,0.24405014353079652,-0.5685303339791572
803,18352749,g,3,-0.4503503477590187,0.01062209624707433,0.02052365163527059,0.20333994041909112,-0.4503503477590187
804,18352749,i,6,-0.19029542361637436,0.1307560210119967,0.389130864045102,0.07363996959950127,-0.19029542361637436
805,18352749,r,5,-0.2221814385428379,0.008501039752904449,0.012445873629353899,0.04467258891064004,-0.2221814385428379
806,18438177,g,3,-0.9227070757048343,0.18128797567883392,0.27111941399239803,0.34684122081739194,-0.9227070757048343
807,18438177,i,8,-1.0513487234049368,0.34209977380470263,0.6791710864282184,0.8348910356726222,-1.0513487234049368
808,18438177,r,7,-1.2537398321895443,0.09577291118425646,0.3762361191115935,1.0225810031215763,-1.2537398321895443
809,18491392,g,4,-0.7617805068599997,0.15349321381555092,0.2692974802976257,0.523089214773317,-0.7617805068599997
810,18491392,i,17,-1.3972951786279528,0.28376129678849926,0.8703097103648311,0.7502325525801289,-1.3972951786279528
811,18491392,r,14,-1.165528651959555,0.3371748428304636,0.6165141202709696,1.0054645659913073,-1.165528651959555
812,18506856,i,8,0.051922938186426876,0.10198020179676115,0.23640033781423334,0.050939006840401514,0.051922938186426876
813,18506856,r,8,0.049541066272539236,0.06897545155142458,0.15372012559016143,0.03067894204531977,0.049541066272539236
814,18524734,i,3,-1.6720378572329149,0.09823712636758097,0.11993749225187877,1.7032785295677988,-1.6720378572329149
815,18524734,r,10,-1.3709683720354255,0.4495184148517619,0.7864439639610898,1.1736351765019557,-1.3709683720354255
816,18581502,g,3,-0.6525576870044962,0.13919695132280696,0.2619759960986735,0.3498095742197776,-0.6525576870044962
817,18581502,i,10,-0.5771055409889672,0.20150677256888555,0.3686499797734911,0.29049025337889234,-0.5771055409889672
818,18581502,r,14,-0.7859027508365681,0.08215800131254669,0.1769576453044056,0.6288569033516077,-0.7859027508365681
819,18613253,i,5,-1.2099231861845778,0.17663151635480734,0.7812791829278734,0.4673315401817081,
820,18613253,r,5,-1.5780379300039487,0.30971773649161083,0.5710687027879775,1.6097131607284876,-1.5780379300039487
821,18634256,g,4,-0.5674006696106257,0.06914748233455092,0.2940008207007049,0.2668810700741573,-0.5674006696106257
822,18634256,i,8,-0.2903824270258095,0.055706737344532936,0.08468508357942117,0.0760623859621285,-0.2903824270258095
823,18634256,r,8,-0.3584531377126792,0.053097308848109426,0.20728976895237386,0.1350219721060696,-0.3584531377126792
824,18777490,g,4,-0.13198446165098143,0.053276806387263065,0.22064102606053992,0.07643073289906595,-0.13198446165098143
825,18777490,i,10,-0.1928043526036709,0.1088709202269651,0.20098018312518673,0.22837862077203724,-0.1928043526036709
826,18777490,r,9,-0.2752511468844204,0.02697345453470895,0.031143142043631944,0.06954217856822421,-0.2752511468844204
827,18814357,i,13,-0.8542936777891752,0.09405667859555833,0.29997227904717816,0.28372492787823,-0.8542936777891752
828,18814357,r,12,-1.240900665219539,0.1043366508965633,0.163618674669062,0.8712095944258725,-1.240900665219539
829,1882220,g,2,-0.2493262829621974,0.3581949837348064,0.3581949837348064,0.17981693906148652,-0.2493262829621974
830,1882220,i,8,-0.25101884014340736,0.06301234468775072,0.1301273790669009,0.14312766939367855,-0.25101884014340736
831,1882220,r,8,-0.36377117382605745,0.027913838696958237,0.05718471758918553,0.11690952720400727,-0.36377117382605745
832,1883095,g,5,-0.5803868349397877,0.08781807249167228,0.08950558992953894,0.3283405924567381,-0.5803868349397877
833,1883095,i,3,-0.9423436863987128,0.08737899792148884,0.37780296154274273,0.6101946581780107,-0.9423436863987128
834,1883095,r,7,-0.2247545647876804,0.22668253097862742,0.46465303927414536,0.25219015787264143,-0.2247545647876804
835,18867794,g,3,0.3918151400467478,0.006331414188341045,0.11341535713052708,0.1085612788902468,0.3918151400467478
836,18867794,i,14,0.22082549520035671,0.15607277560486066,0.38862693714666263,0.3458442877093721,0.22082549520035671
837,18867794,r,11,0.3235500482174434,0.12226084418100414,0.3011000619676031,0.21258569320783344,0.3235500482174434
838,18927388,i,7,0.18203232827257831,0.04473632187625254,0.16863768691906367,0.07239621665611695,0.18203232827257831
839,18927388,r,9,0.1605621504250051,0.06872428245359119,0.12118876624352018,0.05469652751409047,0.1605621504250051
840,18929801,g,3,-1.0870455935924788,0.5847089464910804,0.6195047206361639,1.0423398387280978,-1.0870455935924788
841,18929801,i,10,-1.019488812972278,0.24998683143539774,0.5008545168038789,0.8490412607795774,-1.019488812972278
842,18929801,r,10,-1.1952782982882213,0.6045548310304663,1.0760344128815658,1.3090431130060518,-1.1952782982882213
843,18976661,i,10,-0.8269560364233245,0.04466401756734106,0.2526314065244579,0.4788192762371196,-0.8269560364233245
844,18976661,r,6,-0.7318350956858481,0.055447157675214964,0.08558588140089607,0.569539573122014,-0.7318350956858481
845,19001562,g,3,-0.8672748703291497,0.003975550221523294,0.03219559525328641,0.6342327171421055,-0.8672748703291497
846,19001562,i,5,-0.2906047287802639,0.31125269072980577,0.34030862446302645,0.24623630120145376,-0.2906047287802639
847,19001562,r,7,-0.7115448529825997,0.07476550201559962,0.2062654151007587,0.4337738358677288,-0.7115448529825997
848,19061653,g,6,-1.0965076570343366,0.44046226610965455,0.8761034906034072,0.4067890138474482,-1.0965076570343366
849,19061653,i,21,-0.9057973254721529,0.6692871454331043,1.2456429675580625,0.910345140265424,-0.9057973254721529
850,19061653,r,18,-0.7435583690098804,0.7037772896200192,1.8095441213998535,1.0924642901974755,-0.7435583690098804
851,19061653,u,4,-0.4018618033841368,0.30937932735497153,0.7938169031586364,0.3386268387984719,-0.4018618033841368
852,19150668,i,9,-0.5861917964167032,0.11073786501980731,0.17064565947609422,0.3100771693128852,-0.5861917964167032
853,19150668,r,3,-0.5898067846684154,0.012557996101389635,0.025876712858226014,0.3483329339060776,-0.5898067846684154
854,19200658,i,7,-0.5977209600828886,0.1471871179605958,0.33618081196916894,0.282686761718449,-0.5977209600828886
855,19200658,r,11,-0.827677692241374,0.15679696742183769,0.32610230715766764,0.39925265075573857,-0.827677692241374
856,19215153,g,2,-0.18759438079816615,0.003082162684183709,0.003082162684183709,0.03718844108971221,-0.18759438079816615
857,19215153,i,4,-0.12817013173371028,0.08148022542694675,0.09594980974581829,0.028026315514424822,-0.12817013173371028
858,19215153,r,5,-0.02128839034576263,0.04190638731572832,0.07812158504450817,0.05610975288899576,-0.02128839034576263
859,19218484,i,6,-0.9294808855155714,0.03887225377115777,0.06400818844606337,0.6217197784126088,-0.9294808855155714
860,19218484,r,5,-0.712272595567339,0.07648862667429679,0.07694087560689145,0.29497912160521134,-0.712272595567339
861,19323727,i,6,-0.16010195573591335,0.21177846100571024,0.3897527227800349,0.11420139370313949,-0.16010195573591335
862,19323727,r,11,-0.5865004554124811,0.1745984417514761,0.4189328988203872,0.2674619836109047,-0.5865004554124811
863,19378959,i,4,-0.8652471486129649,0.16442417940031162,0.3173017589235224,0.3419190178109619,-0.8652471486129649
864,19378959,r,7,-1.1235381559069668,0.26704887253919485,0.5543248599592357,0.735814847511954,-1.1235381559069668
865,19424040,g,3,-0.16907410869366601,0.06854140558476929,0.3893701864664422,0.1302920788260735,-0.16907410869366601
866,19424040,i,16,-0.15681277642178007,0.14699288767832686,0.5414965664160591,0.12569040485235392,-0.15681277642178007
867,19424040,r,9,-0.12133808293049131,0.05632121095408038,0.12247782077612035,0.18334368752892147,-0.12133808293049131
868,19424040,u,2,-0.06267072011589697,0.33711165516028957,0.33711165516028957,0.1149383193108883,-0.06267072011589697
869,19439248,g,3,-0.09834432636289897,0.04072214504468974,0.2949730035188351,0.07512915957644874,-0.09834432636289897
870,19439248,i,4,-0.666168131836067,0.04450632160138185,0.20459639525690798,0.317604130027751,-0.666168131836067
871,19439248,r,4,-0.13071409860799754,0.009573145870287472,0.030799147623630563,0.014747501365501906,-0.13071409860799754
872,1954924,g,4,-0.6603214662685386,0.15952395168641953,0.26170287182595264,0.43450208549003666,-0.6603214662685386
873,1954924,i,13,-0.7568536482014814,0.4207656032205682,0.8060687320125756,0.5000203428157128,-0.7568536482014814
874,1954924,r,10,-0.860957039606143,0.31379417159622813,0.5050155837498815,0.710235048382596,-0.860957039606143
875,19575374,i,12,-1.9583186446401892,0.09487944787973968,0.14431113571251442,1.249215060247457,-1.9583186446401892
876,19575374,r,7,-2.104379490370271,0.1070078202114666,0.28585009909832726,1.8551862839579205,-2.104379490370271
877,1963544,g,5,-0.38672560348668084,0.009387945301286504,0.013131012924856633,0.12959310415871925,
878,1963544,i,19,-0.5424174155352467,0.06926541018628607,0.20909506166520708,0.16045737367459748,-0.5424174155352467
879,1963544,r,15,-0.5171832326213557,0.19485157154023025,0.29174098332212495,0.2484289983852757,
880,1963544,u,3,0.22461760738500258,0.1005989379534471,0.41378506908193224,0.2618098482081222,0.22461760738500258
881,19664797,g,2,0.024614538128826913,0.32539558446943345,0.32539558446943345,0.0915023993060515,0.024614538128826913
882,19664797,i,10,0.10767400798268753,0.20519237287586028,0.40757523945110496,0.08222638443356127,0.10767400798268753
883,19664797,r,12,0.0957598055140712,0.08915238652299895,0.2088245523785395,0.04573163965120656,0.0957598055140712
884,19667023,i,27,-1.577290367380966,0.6893333347397272,1.387713055214008,1.7581077739854554,-1.577290367380966
885,19667023,r,24,-1.0527676052795987,0.42083703349558366,0.7317189008525514,4.015035332834145,-1.0527676052795987
886,19672163,g,2,-0.5088367308498284,0.048777329208965825,0.04877732920896588,0.24116975466996626,-0.5088367308498284
887,19672163,i,6,-0.7892835892386632,0.1948217075227934,0.4708773131052155,0.5781052061383744,-0.7892835892386632
888,19672163,r,10,-0.9039833257419809,0.10801717650204934,0.28421008013520976,0.7539230731653395,-0.9039833257419809
889,19682617,i,12,-1.16251334169353,0.20736992082535288,0.3756184823354394,0.6622725252305922,-1.16251334169353
890,19682617,r,15,-1.3759808532783793,0.15705552596514538,0.35380751558392753,0.9513942425557307,-1.3759808532783793
891,19695609,i,5,-1.2178946125074124,0.03050415744016477,0.058542553997593894,0.7808841964520484,-1.2178946125074124
892,19695609,r,7,-1.3147302189296237,0.1183555172537405,0.22871282532860215,0.9495916790292078,-1.3147302189296237
893,19714978,g,3,-0.3654164002141426,0.0029934590206313616,0.0484016565101969,0.17712804434908935,-0.3654164002141426
894,19714978,i,9,-0.03526759460641937,0.20118209082186386,0.2584945050545874,0.09380383156477588,-0.03526759460641937
895,19714978,r,9,-0.15633836578595517,0.09810696315580328,0.15757551670413628,0.04553908552272809,-0.15633836578595517
896,19714978,u,3,-1.1373350905139457,0.017506296810825273,0.1140390959495372,1.3372041379809865,-1.1373350905139457
897,19722833,g,2,0.8273663178187363,0.049262656864463406,0.049262656864463406,0.38219444547536663,0.8273663178187363
898,19722833,i,8,-0.13404764502888472,0.09148404060017379,0.5553369572726901,0.05695364145010607,
899,19722833,r,8,0.6392362104747313,0.09303102315544498,0.32604738069258754,0.2028889908330731,0.6392362104747313
900,19734774,g,3,-0.09123604503605687,0.18149821503741903,0.4693812348921885,0.15575376878947952,-0.09123604503605687
901,19734774,i,14,0.037274313917941726,0.14870582612648808,0.34184831991832715,0.027636072615451653,0.037274313917941726
902,19734774,r,14,-0.0845543334858529,0.14564329905045398,0.25486591551341076,0.04057199815871974,-0.0845543334858529
903,1976459,i,11,-1.5412958470329428,0.43582805137121916,0.844526547594902,1.4181729074148708,-1.5412958470329428
904,1976459,r,13,-1.901040427822617,0.34998858387577014,0.9597625171283508,1.6056540403806099,-1.901040427822617
905,19782506,g,6,-0.4370764454268019,0.08641957753660537,0.16034225868398128,0.16567520433903665,-0.4370764454268019
906,19782506,i,11,-0.9596331950595145,0.6056802379441302,1.064770180675625,0.7806668242141328,-0.9596331950595145
907,19782506,r,12,-0.8697996241141065,0.7598012160115442,1.0773977243753672,0.9691434720460789,-0.8697996241141065
908,19807975,g,5,-0.603361471519477,0.0399316257373703,0.11522189027912644,0.3638661294890214,-0.603361471519477
909,19807975,r,6,-0.17352722748166277,0.12831121933273493,0.20179899545333094,0.062369302636024304,-0.17352722748166277
910,19847981,g,3,-0.6968745777458802,0.05075841986797425,0.07027994158945161,0.44086551128155776,-0.6968745777458802
911,19847981,i,3,-0.2963287649537658,0.058178385509010555,0.12419468192642624,0.06593131360469168,-0.2963287649537658
912,19847981,r,5,-0.5726026861048072,0.08447105556629453,0.19002794352369656,0.2791447080493252,-0.5726026861048072
913,19850249,i,17,-0.35272131042386623,0.30703418014730954,0.5971842095294545,0.11457413395454574,-0.35272131042386623
914,19850249,r,10,-0.49386940698100723,0.2351474461375468,0.4578994019577489,0.241963515682373,-0.49386940698100723
915,19872880,g,2,-0.3165569822590708,0.3062167520592829,0.3062167520592829,0.1924131591116618,-0.3165569822590708
916,19872880,i,5,-0.27708324096762227,0.2061827445890348,0.27949019800204583,0.07894305481941175,-0.27708324096762227
917,19872880,r,8,-0.3336199697944179,0.03178334508725855,0.09336773283845845,0.14564221205405858,-0.3336199697944179
918,19892460,i,8,-0.12199940878257517,0.08449756909099962,0.13513229702715057,0.07288042878955224,-0.12199940878257517
919,19892460,r,6,-0.23676217660601218,0.18622999713590094,0.49842341559607795,0.1115110564934011,-0.23676217660601218
920,19906592,g,8,-0.8312400447348264,0.14664757832023523,0.3244082732756539,0.3929378141295515,-0.8312400447348264
921,19906592,i,27,-0.9207018715254554,0.37997565156321556,0.7024383080549677,0.5890542372193622,-0.9207018715254554
922,19906592,r,20,-1.0817985859494943,0.4806702544995209,0.8991579139882664,0.9302726381600734,-1.0817985859494943
923,19908471,g,3,-0.3357490492748384,0.11383670904683296,0.1712830560649624,0.12067168773317088,-0.3357490492748384
924,19908471,i,3,-0.5148967757405504,0.035003544855603974,0.2605574077154883,0.1609749606871854,-0.5148967757405504
925,19908471,r,7,-0.3337134938915306,0.08001343135768912,0.14177269960298072,0.13888875231014625,-0.3337134938915306
926,19930504,i,2,0.19249367584984706,0.1819233106224673,0.18192331062246728,0.07318538932238453,0.19249367584984706
927,19930504,r,6,-0.21758744320413353,0.07269198292591472,0.11138571362468075,0.05334246863981029,-0.21758744320413353
928,19930504,u,2,-1.6962278074535342,0.17973760486924184,0.17973760486924206,2.574774627752579,-1.6962278074535342
929,19989039,i,9,-0.1372598059627026,0.07900356661186114,0.10551307407408766,0.042592454241522706,-0.1372598059627026
930,19989039,r,8,-0.25300416172447965,0.09130367344121454,0.19194593197199167,0.06529536878756528,-0.25300416172447965
931,19989039,u,2,-1.439800050213318,0.04108639704991546,0.041086397049915346,1.8800489983500261,-1.439800050213318
932,20009444,g,2,-0.6647226619591471,0.017667895739043038,0.017667895739043038,0.2225409896840742,-0.6647226619591471
933,20009444,i,13,-0.8294179336261613,0.2514689990235319,0.4478520257366756,0.581745088350964,-0.8294179336261613
934,20009444,r,13,-1.0884661263004127,0.27063402874700104,0.52398101805559,0.7043963464127846,-1.0884661263004127
935,20045692,g,5,-0.31860064529003485,0.2737292407397355,0.4601015723986227,0.13336636768711735,-0.31860064529003485
936,20045692,i,4,-0.13855380649906585,0.16884980970856317,0.3271608405734747,0.045138897562768704,-0.13855380649906585
937,20045692,r,9,-0.21641141793516028,0.09410730967113312,0.18750539156504642,0.07030691737772841,-0.21641141793516028
938,20097691,g,6,-0.5166432981371578,0.02145632713592288,0.03536117989585141,0.26280148138314763,-0.5166432981371578
939,20097691,i,12,-0.5406329271014786,0.16473298263688801,0.2691094693193755,0.23716686826534625,-0.5406329271014786
940,20097691,r,9,-0.2730914878783848,0.1749273812516775,0.49809854734549985,0.14937887249074608,-0.2730914878783848
941,20101928,i,6,-0.07185990384425528,0.07090954919676856,0.10959291962431589,0.025999588502595122,-0.07185990384425528
942,20101928,r,9,-0.12926510979977457,0.12863579254449908,0.2495263482838831,0.031545624449575066,-0.12926510979977457
943,20153262,g,2,-0.30078651981416504,0.03742741834621918,0.037427418346219155,0.10200953830688823,-0.30078651981416504
944,20153262,r,9,-0.12126628807745465,0.09303862044015332,0.17688343882494317,0.09280255251063706,-0.12126628807745465
945,20167626,i,11,-0.5950520891665656,0.08878814711475491,0.23481245731802353,0.18801479065946464,-0.5950520891665656
946,20167626,r,5,-0.4063287103049098,0.05398192563106763,0.30362908132415,0.2296128872852996,-0.4063287103049098
947,2017977,g,2,-0.33479839068083483,0.24287872400249289,0.24287872400249289,0.15867273579134597,-0.33479839068083483
948,2017977,i,22,-0.1310873303009398,0.18556156763208842,0.38114474089837386,0.059927656432913874,-0.1310873303009398
949,2017977,r,22,-0.26622892980634294,0.11980226398361682,0.21825799428354292,0.08241190323690922,-0.26622892980634294
950,20195929,i,15,-0.2751323657921484,0.09831642790754058,0.2835388636002799,0.10244070885152126,-0.2751323657921484
951,20195929,r,10,-0.445613627308621,0.11298579795009761,0.35926481939426685,0.19448571439456225,-0.445613627308621
952,20199308,i,12,-0.7097001149794522,0.03422806546167062,0.06843511291114934,0.3948534319736649,-0.7097001149794522
953,20199308,r,4,-0.619840005397061,0.044012112489183686,0.11108860742420323,0.34327198696205247,-0.619840005397061
954,20207138,g,3,-0.00984667953760493,0.11785152493389489,0.17095991853594322,0.02358469893013748,-0.00984667953760493
955,20207138,i,5,-0.19085454110165875,0.14207371873997635,0.22568716485811854,0.03670828361011848,-0.19085454110165875
956,20207138,r,8,-0.2877011920803401,0.16341100101402717,0.2836922848367576,0.11583932919934657,-0.2877011920803401
957,20272201,i,10,-1.6963275650048133,0.30123119594507,0.5089543833524448,1.7847535430282195,-1.6963275650048133
958,20272201,r,11,-1.7134409366294794,0.31229566262092523,0.49822843891922686,2.0004157433071343,-1.7134409366294794
959,20314678,i,8,-0.5706519213206405,0.12478560052989845,0.25417042968179315,0.33407109747906183,-0.5706519213206405
960,20314678,r,10,-0.5329348487919686,0.2574871547624938,0.4614856142417223,0.37427631282396173,-0.5329348487919686
961,2036104,i,22,-1.6130981382244198,0.5228369831944424,1.044961141359952,3.562991562806077,-1.6130981382244198
962,2036104,r,26,-1.5986710858878732,0.6940044485198935,1.3457143759004029,1.968938752033741,
963,20377049,g,3,-0.48012578273222706,0.14067937595392277,0.31415557160454083,0.19748872161810493,-0.48012578273222706
964,20377049,i,5,-0.03984006492654024,0.14601243310070355,0.25655343879217835,0.07812268695473834,-0.03984006492654024
965,20377049,r,6,-0.4271153339686974,0.03700466591050877,0.06056977796943297,0.1723652330732779,-0.4271153339686974
966,20377315,g,2,0.1997674396862834,0.0724220484878928,0.0724220484878928,0.040822481536610625,0.1997674396862834
967,20377315,i,5,-0.3598120289638167,0.05422614624054267,0.07683878821181966,0.07545428895175778,-0.3598120289638167
968,20377315,r,4,-0.4214723281294809,0.036511099459609286,0.1253089035759387,0.10824080052659729,-0.4214723281294809
969,20377843,g,3,-1.109667868446389,0.040895179864665065,0.21496701139467822,0.968620869463073,-1.109667868446389
970,20377843,i,20,-1.3023000648813252,0.49877065527758263,0.9702770650194692,1.0130327495444558,-1.3023000648813252
971,20377843,r,18,-1.089996162182008,0.5749047295166666,1.072584842146004,1.1908787775601815,-1.089996162182008
972,20453196,g,8,-0.32530130139724944,0.09331440752604192,0.21103885662284472,0.0900603807188864,-0.32530130139724944
973,20453196,i,15,-0.6280099066903317,0.19080589242151202,0.46589369709482975,0.18514759999009164,-0.6280099066903317
974,20453196,r,14,-0.5540198740704972,0.262991969543934,0.5285770717031443,0.27982183842786496,-0.5540198740704972
975,20453196,u,2,-0.6320254832921671,0.4577381669277706,0.45773816692777053,0.5165121779464078,-0.6320254832921671
976,20461543,g,5,-0.5580097654532854,0.08599860540133131,0.26930753917966344,0.15853562149477476,-0.5580097654532854
977,20461543,i,15,-0.38829927560877475,0.1966632420585539,0.7238504563265404,0.24134407777656344,-0.38829927560877475
978,20461543,r,15,-1.1799610262115667,0.14671329221402418,0.794340969748934,0.5827070069654211,-1.1799610262115667
979,20461543,u,2,-0.40263397240411214,0.0638222075325765,0.0638222075325765,0.1370350912703768,-0.40263397240411214
980,20461682,i,15,-0.06813774462865296,0.07339637561914514,0.13159141823020984,0.025467879807041825,-0.06813774462865296
981,20461682,r,6,-0.02755332895557633,0.05247194087329665,0.08279471902911098,0.004209842192449288,-0.02755332895557633
982,20556121,i,11,-0.006504460991696659,0.17811741554698968,0.28490919473780907,0.04086993914289571,-0.006504460991696659
983,20556121,r,9,-0.04000482495462898,0.0791142543632779,0.11883252779358311,0.013853964774520063,-0.04000482495462898
984,20579262,i,19,-0.3259954306396886,0.18996953003211486,0.36513166951758746,0.09407165860078943,-0.3259954306396886
985,20579262,r,15,-0.23068819565545207,0.050419190936709324,0.08774566583484855,0.0440553617263184,-0.23068819565545207
986,20611127,g,4,-0.5934191132700386,0.03308716707746706,0.09989135582613962,0.29518911133963416,-0.5934191132700386
987,20611127,i,6,-0.8290815084671268,0.3846152955788132,0.8899627997250525,0.7567385969061396,-0.8290815084671268
988,20611127,r,10,-0.8073550963273105,0.37467498307655484,0.6894774938516952,0.6720723630882102,-0.8073550963273105
989,20621238,i,10,-0.4857531849431743,0.26176890456436436,0.544078252985331,0.3508223459812128,-0.4857531849431743
990,20621238,r,12,-0.4671188385178231,0.3234066210282033,0.7947210926356628,0.4904196823098416,-0.4671188385178231
991,20624336,g,2,-0.6969453133357005,0.30643413120191554,0.30643413120191554,0.5573696598208036,-0.6969453133357005
992,20624336,i,3,-0.7240513510296356,0.005136093231799754,0.04717750406730303,0.5097318266708463,-0.7240513510296356
993,20624336,r,7,-0.7830386593397294,0.03766006449895276,0.12076633052206387,0.5075848789540428,-0.7830386593397294
994,20637527,g,2,-1.1027917246207704,0.1371577224083831,0.1371577224083831,0.8362969332028763,-1.1027917246207704
995,20637527,i,15,-1.254309973192858,0.6177579648368341,1.2358193430045707,1.0507960369495815,-1.254309973192858
996,20637527,r,13,-1.2746598974705161,0.6182721278454133,1.1360681823167287,1.2020790407693807,-1.2746598974705161
997,20641531,r,9,-0.1650680816910235,0.14438361487274587,0.5426016697016706,0.08493741933639562,-0.1650680816910235
998,20641531,u,2,-0.8646753621267491,0.17664190403195357,0.17664190403195357,0.6865022341818093,-0.8646753621267491
999,20674109,i,7,-0.908212190743114,0.10083844640772766,0.16245176377083181,0.345084958027718,
1000,20674109,r,8,-1.1158850835595995,0.24177560457767688,0.5220833985028102,0.6169906128010311,-1.1158850835595995
1001,20691546,g,11,-0.7081253220364019,0.11313874546453162,0.1885790848815848,0.4112712829546687,-0.7081253220364019
1002,20691546,i,19,-0.32882431119377864,0.24898194921786052,0.6640707956580977,0.3095718847469819,-0.32882431119377864
1003,20691546,r,20,-0.5499708375860615,0.23693921116212507,0.39901856383467593,0.399726170159193,-0.5499708375860615
1004,20691546,u,5,-0.7843760029033642,0.1470783914882421,0.16160637708815795,0.8540867747780843,-0.7843760029033642
1005,20696993,g,7,-0.5908838025899343,0.06602035366319936,0.18155207927878658,0.15323916962479575,-0.5908838025899343
1006,20696993,i,20,-0.6779337915062327,0.3590579906816187,0.7071433384816724,0.41720751854928284,-0.6779337915062327
1007,20696993,r,22,-0.6619680486432118,0.34889470783295407,0.8556656568900425,0.36430092093307276,-0.6619680486432118
1008,20696993,u,3,-0.32118794758565117,0.035307184276404,0.07835957406031108,0.12528664372644413,-0.32118794758565117
1009,20855707,g,3,-0.6014033093620694,0.1173616109537512,0.1875232252952903,0.3080973880358452,-0.6014033093620694
1010,20855707,i,7,-0.8560197122365687,0.146699687211725,0.5779942269174214,0.7861036594037795,-0.8560197122365687
1011,20855707,r,7,-0.8188754465451644,0.103585657443791,0.24305068960567078,0.6791394588155947,-0.8188754465451644
1012,20895837,g,5,-0.018970471529287547,0.05184976387640994,0.11765599214590727,0.003017932520598827,-0.018970471529287547
1013,20895837,i,4,-0.15190628167379708,0.2708221337891472,0.5306709619325065,0.07192044226306207,-0.15190628167379708
1014,20895837,r,8,-0.03494491531860283,0.073017349770508,0.16686546616973602,0.06519731683584616,-0.03494491531860283
1015,20908755,g,2,-0.4317329521999056,0.1254845036950787,0.1254845036950787,0.185307895402871,-0.4317329521999056
1016,20908755,i,10,-0.31748190414574196,0.11290109987545757,0.1912978043030694,0.09842706774777524,-0.31748190414574196
1017,20908755,r,10,-0.48239065311498036,0.19695926244630257,0.4586965733370567,0.21763817721750295,-0.48239065311498036
1018,20955241,i,8,0.01013340219142908,0.050868429751964886,0.18403716237706166,0.04282218733765474,0.01013340219142908
1019,20955241,r,3,-0.13354629589052536,0.0357448824512856,0.08714594718933855,0.024459013960204095,-0.13354629589052536
1020,20977153,i,9,-0.08088496005849963,0.31829316047761425,0.5014910807460722,0.10694403668367809,-0.08088496005849963
1021,20977153,r,8,0.1255098936483336,0.08162428111845668,0.12934521397706605,0.03365085815985669,0.1255098936483336
1022,21044017,g,3,-0.35363559627074304,0.0910746057353784,0.18283476852363162,0.10723982127719628,-0.35363559627074304
1023,21044017,i,2,0.19944050797905927,0.2379177626232465,0.2379177626232465,0.08895226955455049,0.19944050797905927
1024,21044017,r,6,-0.10852246175701866,0.07150708495078473,0.13191990387853936,0.018207991998420704,-0.10852246175701866
1025,21050603,g,6,-1.538657652767294,0.32655936462911317,0.6359202206958374,1.5489234346520622,-1.538657652767294
1026,21050603,i,19,-0.9432386534665308,0.6941701273659324,1.3393386564785847,1.0627692027514617,-0.9432386534665308
1027,21050603,r,15,-1.408734714493497,0.6513844600886582,1.2663616164965568,2.4899057463236756,-1.408734714493497
1028,21055969,g,2,-0.02112656918226352,0.019933754568550066,0.019933754568550066,0.0007807244614662186,-0.02112656918226352
1029,21055969,i,3,0.17378317539649443,0.02886933319104612,0.06800758613791788,0.022272807852420584,0.17378317539649443
1030,21055969,r,6,0.006547713436182545,0.1631063752894953,0.3218667202124882,0.028850107467310194,0.006547713436182545
1031,21089251,i,8,-0.9481013603171733,0.23322188293565815,0.4364826518906949,0.8120014845018204,-0.9481013603171733
1032,21089251,r,4,-0.6315823485866568,0.046504286799252226,0.11953670605931055,0.33528853344981707,-0.6315823485866568
1033,2111830,g,2,-0.8885573890960653,0.0719029985101508,0.07190299851015092,0.7331833512264238,-0.8885573890960653
1034,2111830,i,2,-0.6518607878280311,0.38516319891193823,0.3851631989119383,0.51634602185175,-0.6518607878280311
1035,2111830,r,7,-0.8244109730930677,0.04303137273254054,0.09301655532819153,0.6198543113108294,-0.8244109730930677
1036,21197908,g,4,-0.3306106075187251,0.20545466859694428,0.41004472873858916,0.1487189769304582,-0.3306106075187251
1037,21197908,i,10,-0.25918690359819974,0.23848802275395686,0.6426748630064162,0.12828910713316663,-0.25918690359819974
1038,21197908,r,7,-0.32210852466417433,0.11304408508457536,0.20672070241658425,0.15703097507837144,-0.32210852466417433
1039,21197908,u,2,-1.0594692831905408,0.06789675639548698,0.06789675639548709,0.9805824092608988,-1.0594692831905408
1040,21277974,i,11,-0.038035628450016123,0.17783361200727218,0.38622926049895734,0.11930475114424538,-0.038035628450016123
1041,21277974,r,11,0.008666611272530378,0.052379999195872884,0.16265766465820367,0.04564948143391526,0.008666611272530378
1042,21277974,u,2,-0.7273357143052107,0.09954067526874966,0.09954067526874977,0.49480723287101974,-0.7273357143052107
1043,21286488,g,7,-0.09944776685612844,0.06596776557806372,0.13857126261659136,0.02067388271325777,-0.09944776685612844
1044,21286488,i,19,-0.6015840250897275,0.2553848209466602,0.4638264739510226,0.2922644262544389,-0.6015840250897275
1045,21286488,r,23,-0.3419718534271634,0.19937234665969594,0.7072233622416331,0.39201303466414,-0.3419718534271634
1046,21303800,g,2,-0.25589019244350286,0.3161337956991064,0.3161337956991064,0.14393679154717762,-0.25589019244350286
1047,21303800,i,5,-0.4189230986945116,0.23786706196537014,0.35006532722041367,0.39685862567172553,-0.4189230986945116
1048,21303800,r,8,-0.642128523571995,0.06485042698931637,0.1357858886857588,0.3712437011713342,-0.642128523571995
1049,21359462,i,6,-0.20850591849645433,0.0762838348101468,0.12462038333331943,0.07726499283510709,-0.20850591849645433
1050,21359462,r,5,-0.5892127626716679,0.1296628047123678,0.39690784889073666,0.4883000405657397,-0.5892127626716679
1051,21418038,i,17,-0.3730789594088773,0.20152433844578316,0.48781018835065504,0.16728549478162144,-0.3730789594088773
1052,21418038,r,14,-0.37789159817382456,0.09478125310416519,0.1608628941916334,0.15327819470710927,-0.37789159817382456
1053,21418038,u,2,-0.9753725610746209,0.0780229061422908,0.0780229061422908,0.8312182551051001,-0.9753725610746209
1054,21426675,i,5,-0.07728454761983705,0.1129548594119546,0.19342781365692574,0.023091017008156443,-0.07728454761983705
1055,21426675,r,6,-0.19254244783731267,0.11324968554175271,0.1935330137768912,0.051697051320013204,-0.19254244783731267
1056,21433151,g,7,-0.2964232701215256,0.02176915310750782,0.037098566653312515,0.08869792499557538,-0.2964232701215256
1057,21433151,i,16,-0.4640596360779001,0.19398091672287623,0.3869498496587003,0.20711452946707487,-0.4640596360779001
1058,21433151,r,16,-0.1997775080656237,0.11182076280940284,0.22492486807863818,0.11370095947411912,-0.1997775080656237
1059,21433151,u,4,0.06095776433582234,0.09442667582694997,0.1154436253996527,0.019052065186222766,0.06095776433582234
1060,21454698,g,2,-0.29813107752270185,0.11708316141395436,0.11708316141395436,0.09487513550114557,-0.29813107752270185
1061,21454698,i,5,-0.29215273512875284,0.07965168594700367,0.14966058151696604,0.15598571185174906,-0.29215273512875284
1062,21454698,r,7,-0.3470961400875877,0.08329417345512846,0.1622849061246871,0.13195119518744486,-0.3470961400875877
1063,21462082,g,3,-0.8344378392725527,0.05860761932006353,0.13877176437433425,0.3694151416096516,-0.8344378392725527
1064,21462082,i,7,-0.7556685805402921,0.27144506237777555,0.41561607279900215,0.3636619419404645,-0.7556685805402921
1065,21462082,r,8,-1.1510782079999355,0.41580931894595763,0.7593456085773114,0.8047718238824986,-1.1510782079999355
1066,21518204,g,4,-0.20593998191662055,0.7372196445292619,1.39781331252926,0.5153766265149966,-0.20593998191662055
1067,21518204,i,3,-0.45173793866964185,0.11436292598818909,0.25408900353665964,0.32126976870688195,-0.45173793866964185
1068,21518204,r,5,-0.5185853929503896,0.11558186468784126,0.43747087290066783,0.2125386349804149,-0.5185853929503896
1069,21518204,u,4,-1.2421510991444191,0.2902550565575237,0.6294769587805809,1.379143890805064,-1.2421510991444191
1070,21586173,i,12,-0.753082840312068,0.13466840446785383,0.2641731220353082,0.49848814490137916,-0.753082840312068
1071,21586173,r,17,-0.8330067304091238,0.08106185471715421,0.14582733209660548,0.6986325950210689,-0.8330067304091238
1072,21696860,g,6,-0.005844866680238869,0.02828844770703906,0.05055197848190536,0.019324735933324042,-0.005844866680238869
1073,21696860,i,4,-0.06938164084648288,0.1500057225940188,0.39002462410187866,0.08748163997513397,-0.06938164084648288
1074,21696860,r,5,0.19336609530218762,0.08182383851877895,0.09237162480660155,0.2038632353380126,0.19336609530218762
1075,21696860,u,3,-0.3290659289476443,0.0011604984091506676,0.1820294374004372,0.22288565173997252,-0.3290659289476443
1076,21748177,i,7,-0.37776833309950364,0.12788553052984003,0.28301681350377605,0.22987237533183486,-0.37776833309950364
1077,21748177,r,4,-0.3442558866668918,0.11882595208855407,0.42133392996820135,0.3636447535958785,-0.3442558866668918
1078,21748464,i,20,-0.8602642293456135,0.09236392942530935,0.18320909265647156,0.6530042263943832,-0.8602642293456135
1079,21748464,r,20,-0.7612802552906024,0.09324145302799508,0.27300559289753745,0.4729027774577753,-0.7612802552906024
1080,21776619,g,8,-0.15738103908020182,0.0403386883110364,0.10719417665443359,0.05677981535933556,-0.15738103908020182
1081,21776619,r,6,-0.4022442289214252,0.18379933532234433,0.3120753832495892,0.21170401995421514,-0.4022442289214252
1082,2177749,i,3,-0.00643273376693998,0.17064869590183798,0.5343139770883384,0.18767884490611933,-0.00643273376693998
1083,2177749,r,6,0.01157586606490274,0.010679109249908683,0.017796011159647455,0.08666990849816525,0.01157586606490274
1084,2180818,g,3,-1.0195094696501754,0.04438654581618673,0.17565487905447785,0.5455482957557948,-1.0195094696501754
1085,2180818,i,9,-1.3725696263108307,0.09514953461157716,0.12288753822104792,1.1784444758478818,
1086,2180818,r,7,-2.1438318490229538,0.2050518393984615,0.580906086916477,2.214333319844043,
1087,21844398,g,3,0.2609980727394725,0.3177090552137962,0.43699641993128807,0.17004046702265896,0.2609980727394725
1088,21844398,i,13,0.12427067202858921,0.14339159564791865,0.25290108447444315,0.14133306384737104,0.12427067202858921
1089,21844398,r,14,0.13385368443634676,0.12341002386646854,0.23288540538366648,0.055049279211316464,0.13385368443634676
1090,21879146,g,7,-0.8242182793338365,0.02640995991777839,0.04911879473153724,0.60396589743291,-0.8242182793338365
1091,21879146,i,20,-1.0959502867139492,0.19863768215247152,0.5709219523411737,0.6032467826024639,-1.0959502867139492
1092,21879146,r,19,-0.7442375271867154,0.08303715419847724,0.3388609563854207,0.5891988994345158,-0.7442375271867154
1093,21879146,u,2,-0.26404250661510753,0.08076641090976588,0.08076641090976588,0.06592435741587464,-0.26404250661510753
1094,21880072,i,11,-0.10527203615598923,0.05520336634303907,0.09802689872477924,0.03978281275468769,-0.10527203615598923
1095,21880072,r,13,-0.31059414967744314,0.12245899768748891,0.199208359898136,0.0755144854662906,-0.31059414967744314
1096,21940086,i,16,-0.3775399831559016,0.19585456960537723,0.28528348938399417,0.1641664347060193,-0.3775399831559016
1097,21940086,r,8,-0.43145503978835886,0.14947606637429334,0.22123632267638682,0.09326274663126013,-0.43145503978835886
1098,21971146,g,2,-0.6381293444409142,0.3077023210443703,0.30770232104437023,0.4340360389966195,-0.6381293444409142
1099,21971146,i,4,-0.45569395192097517,0.05786924044625302,0.1972409274204121,0.17295247486656082,-0.45569395192097517
1100,21971146,r,5,-0.43715173398792806,0.09096652185445953,0.2589331608290458,0.1414286639145897,-0.43715173398792806
1101,21980398,i,18,-1.0153003321069791,0.28826900175161463,0.4640922917163207,0.7823758785136311,-1.0153003321069791
1102,21980398,r,14,-1.073380310147356,0.13064376902366104,0.3160600018782842,0.9172365026580558,-1.073380310147356
1103,21994914,g,5,0.26470001462306536,0.038389488686130235,0.038804981404533256,0.058150865696087496,0.26470001462306536
1104,21994914,i,4,-0.41503779064329993,0.00768554060486859,0.2465949985969278,0.12315665220015497,-0.41503779064329993
1105,21994914,r,7,-0.2599524532571247,0.026319729622128474,0.14789580265875313,0.09269139656322682,-0.2599524532571247
1106,22035162,i,8,-0.09813658495082817,0.2526770385571604,0.488223774802357,0.08412784395571207,-0.09813658495082817
1107,22035162,r,10,-0.3847479977738597,0.04971500844077545,0.18826379353964023,0.1860414596756057,-0.3847479977738597
1108,22035162,u,2,-1.5413809880412594,0.2628418344520378,0.26284183445203757,2.031623631512417,-1.5413809880412594
1109,22098498,g,3,-0.26729459354045715,0.24438362279170722,0.40328678916168376,0.1427681527165243,-0.26729459354045715
1110,22098498,i,7,-0.6383008874162622,0.054448637158065805,0.164785442633805,0.31242533573937975,-0.6383008874162622
1111,22098498,r,10,-0.5951479079395371,0.037210916705060826,0.06828526201735186,0.34731963753315387,-0.5951479079395371
1112,22114474,g,10,-0.4238691716446036,0.07858515625328857,0.19632283197049627,0.1879611258610637,-0.4238691716446036
1113,22114474,i,30,-0.7762327877681143,0.7503081001356104,1.263482734311709,0.8323687066145885,-0.7762327877681143
1114,22114474,r,29,-0.8987930009255458,0.49805474966700025,1.2225344168118375,0.8771750422686111,-0.8987930009255458
1115,22116853,g,2,-1.637301324272651,0.24487228290837693,0.24487228290837715,1.3999493994667103,-1.637301324272651
1116,22116853,i,6,-1.6068660104122792,0.1415596366057441,0.25574461773320833,1.5138895502124379,
1117,22116853,r,3,-2.0905788328294217,0.02855757680681048,0.12658222173327216,2.3302429815060592,
1118,22135960,g,5,-0.5682962176528099,0.03299883029428807,0.03876611833180954,0.29148556754419114,-0.5682962176528099
1119,22135960,i,8,-1.0163856445337451,0.3744155759972041,0.7795572460183753,0.531313842083742,-1.0163856445337451
1120,22135960,r,8,-0.9401482301622421,0.40371165216015414,0.836373652963366,0.8273264950861853,-0.9401482301622421
1121,22135960,u,2,-0.27848994099093854,0.48938069648223,0.4893806964822299,0.31912316543281977,-0.27848994099093854
1122,22158472,i,6,0.20608664427234927,0.08631856119290131,0.14920837541567694,0.052278486140879425,0.20608664427234927
1123,22158472,r,6,0.2620798196078347,0.04666892993236704,0.0809836788861939,0.2566889187898034,0.2620798196078347
1124,22182801,i,7,0.028569840224120124,0.13121486544363758,0.26244089312449614,0.026795019091810954,0.028569840224120124
1125,22182801,r,5,-0.3390653257545908,0.22944203790290874,0.2715377334944068,0.12852457345667084,-0.3390653257545908
1126,22210892,g,4,-0.7324225144949217,0.02203919513995345,0.06924422792218599,0.4417316215091115,-0.7324225144949217
1127,22210892,i,5,-0.254794707591557,0.07975165981827909,0.12341901967038066,0.0689359630288336,-0.254794707591557
1128,22210892,r,15,-0.3795107783678544,0.1218562558502988,0.2205111298333327,0.1501498846771427,-0.3795107783678544
1129,22260753,i,8,0.06311470735728175,0.0714678023110328,0.1291634832828428,0.053468676745253026,0.06311470735728175
1130,22260753,r,5,-0.030279499306777424,0.0452105231848543,0.06766989979580773,0.03995471772576173,-0.030279499306777424
1131,22287007,g,5,-0.5237004156010348,0.11927227429951703,0.151419764430904,0.247206772377482,-0.5237004156010348
1132,22287007,r,6,-0.5700584929891014,0.1386952136644521,0.29898595053091903,0.31790178736772085,-0.5700584929891014
1133,22287067,i,3,0.38488457930923514,0.22191694400535578,0.2709738102853292,0.15758180860318968,0.38488457930923514
1134,22287067,r,7,0.39438220912422883,0.07874899815520009,0.20325363945679403,0.13775965883266664,0.39438220912422883
1135,22389692,g,7,-0.6903843266832155,0.1258191322074289,0.1664670078750753,0.3799064685523144,-0.6903843266832155
1136,22389692,i,27,-0.7631091203539058,0.4432021368176142,0.7343283667527399,0.6667550780269473,-0.7631091203539058
1137,22389692,r,29,-0.8126041799335537,0.2730788680698941,0.7092271136796081,0.7916560487850094,-0.8126041799335537
1138,22389692,u,5,-1.3957032434755066,0.09539013954337294,0.1533871615262381,1.5036035606772313,-1.3957032434755066
1139,22401149,i,8,-0.10512469092434683,0.0830402926085554,0.30481428658626386,0.0359219855385199,-0.10512469092434683
1140,22401149,r,10,-0.002918557251187337,0.19981426771357316,0.3689159140622439,0.04112618969133866,-0.002918557251187337
1141,22410261,g,3,-0.30779758594820184,0.01624890771245102,0.09069297717105851,0.08580392425544303,-0.30779758594820184
1142,22410261,i,11,-0.6431180245486543,0.29371164172928155,0.6097477161589042,0.2547359795642457,-0.6431180245486543
1143,22410261,r,12,-0.7442240926865483,0.06742534586847548,0.16513959553122692,0.36945307009859674,-0.7442240926865483
1144,22444719,g,5,-0.20752380842914347,0.08749662795851892,0.43412265494607255,0.15336404912807752,-0.20752380842914347
1145,22444719,i,8,-0.1171778633238099,0.10869395294660271,0.2439670230080238,0.06974486547352939,-0.1171778633238099
1146,22444719,r,12,-0.15624417834862894,0.14062599145712548,0.2391451483284453,0.03977652114832476,-0.15624417834862894
1147,22444719,u,2,-1.1842903156370987,0.12868697197565937,0.1286869719756596,1.3269762590747738,-1.1842903156370987
1148,22449603,i,8,-0.13931048777394323,0.04960443877107541,0.0975878070069751,0.020975805587424602,-0.13931048777394323
1149,22449603,r,7,-0.17665902414360712,0.07646620786065991,0.13649597719160333,0.03776071864973185,-0.17665902414360712
1150,22457270,i,4,-0.26979611835605577,0.2937344008841174,0.5494921334402574,0.10534682191862224,-0.26979611835605577
1151,22457270,r,5,-0.3969660256558071,0.24014245795670275,0.382915543004544,0.16913090360840966,-0.3969660256558071
1152,22457270,u,2,-0.556823605687179,0.03504660239803947,0.035046602398039584,0.2942866442923636,-0.556823605687179
1153,22470255,g,3,-0.8974081840342705,0.037557673212383236,0.13421022810692207,0.6161750668411411,-0.8974081840342705
1154,22470255,i,14,0.005656834010822898,0.11105418086481028,0.2055571807203831,0.01801359212533818,0.005656834010822898
1155,22470255,r,11,0.20374937249502945,0.15107530089991172,0.526355867491164,0.08780167111216637,0.20374937249502945
1156,22496143,g,2,-0.2491949207497346,0.11879804230755542,0.11879804230755542,0.0759337239402594,-0.2491949207497346
1157,22496143,i,2,-0.2202804709240816,0.11711494513255315,0.11711494513255313,0.05693463567787698,-0.2202804709240816
1158,22496143,r,6,0.0819460401236856,0.09244841223716724,0.15549707592240275,0.04112942234569047,0.0819460401236856
1159,22515392,g,3,-0.39778527068709524,0.01114532046863198,0.41849074299379535,0.171567493641034,-0.39778527068709524
1160,22515392,i,8,-0.7532919978730681,0.10460144950847178,0.21711130538525913,0.40638597767800655,-0.7532919978730681
1161,22515392,r,9,-0.6327635096814181,0.2099393309855948,0.501309455182203,0.48812696735038713,-0.6327635096814181
1162,22525101,g,6,-0.21003454691033618,0.04881423069453261,0.08322352060924332,0.05670734173520339,-0.21003454691033618
1163,22525101,i,2,0.1356233856757463,0.06268945342455509,0.06268945342455508,0.018914086855895698,0.1356233856757463
1164,22525101,r,7,-0.008663048026371911,0.05125612461096929,0.16318147672370933,0.021991197634182284,-0.008663048026371911
1165,22543354,g,2,0.15873253411315136,0.2831071781300676,0.2831071781300676,0.128787591143869,0.15873253411315136
1166,22543354,i,4,-0.7661364036770192,0.060310251495242384,0.12252405200491534,0.44556714981196804,-0.7661364036770192
1167,22543354,r,8,-0.8718137455354724,0.07810837222068967,0.14706736602194737,0.442548766209483,-0.8718137455354724
1168,22602035,g,4,-0.39339424548271307,0.15480811240787,0.32912387037326496,0.18320225585206562,-0.39339424548271307
1169,22602035,i,7,0.1691264564084953,0.054689986572331345,0.07564847927728606,0.03406147534433227,0.1691264564084953
1170,22602035,r,6,-0.04085358784948273,0.07128083605620898,0.11548910915578725,0.017104947604787316,-0.04085358784948273
1171,22602035,u,2,-1.1195632804441453,0.21486609304946058,0.2148660930494608,1.1658059271765087,-1.1195632804441453
1172,22605845,i,7,-0.35736869047053577,0.03810511038421249,0.07438579883560553,0.1107703401853013,-0.35736869047053577
1173,22605845,r,8,-0.20720841334571632,0.03104938268789792,0.07491615812912705,0.03259571291531805,-0.20720841334571632
1174,22610752,g,4,-0.19390661209913457,0.03047670096520677,0.08010296550821852,0.03221454730325516,-0.19390661209913457
1175,22610752,i,11,-0.3965757314403777,0.22528800930690968,0.41070246993506754,0.138832015142453,-0.3965757314403777
1176,22610752,r,10,-0.39290612990289225,0.09357725538110734,0.1933931957316808,0.18308930719620897,-0.39290612990289225
1177,22627668,i,8,-1.5643532728127882,0.19744134519872802,0.6783035756151357,1.6395814006208247,
1178,22627668,r,8,-1.6156706992206555,0.14604473967149034,0.3653326595064723,1.4515442514178551,-1.6156706992206555
1179,22633528,g,2,0.32125043919230667,0.3171864733100843,0.3171864733100843,0.16133495140158421,0.32125043919230667
1180,22633528,i,16,-0.30269184325585474,0.19864781625662292,0.39445111604340427,0.10894922185160975,-0.30269184325585474
1181,22633528,r,12,-0.33478395870239164,0.0698701849038259,0.15452476542964955,0.14424692701394354,-0.33478395870239164
1182,22665696,g,2,-0.21958209193989808,0.008913757563869362,0.008913757563869362,0.04668151295519827,-0.21958209193989808
1183,22665696,i,6,-0.1918178744037106,0.2740320632185243,0.4584373371114236,0.0957977456988212,-0.1918178744037106
1184,22665696,r,8,-0.39191231007359884,0.1242361826972806,0.3544276820707849,0.140665492956553,-0.39191231007359884
1185,2266937,g,2,-0.20227815850270614,0.06527979831006137,0.06527979831006137,0.043568607370167704,-0.20227815850270614
1186,2266937,i,8,-0.3624529724771869,0.2789085208966038,0.522038401795456,0.13806570593950676,-0.3624529724771869
1187,2266937,r,6,-0.34516029481269433,0.24006855382241415,0.47089960039208045,0.1613874715487866,-0.34516029481269433
1188,22674460,i,6,-1.8965282902545746,0.06815734138581697,0.1567671784934883,1.96056022229792,-1.8965282902545746
1189,22674460,r,9,-2.2734480192833053,0.10401573321063706,0.13478745901268274,2.461495202136769,-2.2734480192833053
1190,22690340,i,14,-0.02267418026896241,0.06058440006276007,0.10779493998967156,0.011999928939239058,-0.02267418026896241
1191,22690340,r,10,-0.11074080831993394,0.20074259179934878,0.5040355665500114,0.06519608969151278,-0.11074080831993394
1192,22703804,g,2,-0.09946810989936783,0.1980775963833773,0.1980775963833773,0.02584065231850746,-0.09946810989936783
1193,22703804,i,16,-0.3173483028690038,0.13106209209837688,0.27643245341270994,0.1324636647457807,-0.3173483028690038
1194,22703804,r,12,-0.49014832184488966,0.28950096223063515,0.57538399197259,0.22297258823630198,-0.49014832184488966
1195,22788303,g,3,-0.6162437893469228,0.04869115303752558,0.07042912386478739,0.34673402159826966,-0.6162437893469228
1196,22788303,i,11,-0.982754453409172,0.4812354519068306,0.8835270771096704,0.8875874698502664,-0.982754453409172
1197,22788303,r,10,-1.1377139191623469,0.3846497289135766,0.6910146069855515,1.0525176428672844,-1.1377139191623469
1198,22793209,g,4,-0.20467134045035712,0.1711560722867374,0.4156331064766208,0.09218777113871394,-0.20467134045035712
1199,22793209,i,7,-0.5827404701821248,0.13338232966157104,0.41583126676695586,0.14274938490534095,-0.5827404701821248
1200,22793209,r,9,-0.2800108948791653,0.19742557753997958,0.31320963877434793,0.13713964655220753,-0.2800108948791653
1201,22861649,g,2,-0.8276839487324748,0.13561101468901926,0.13561101468901926,0.6378574148384527,-0.8276839487324748
1202,22861649,i,8,-0.9204427773454101,0.18517164921371154,0.35598058040112956,0.64968307159291,-0.9204427773454101
1203,22861649,r,6,-0.9698495730858167,0.09657615189119967,0.17032851791105774,0.808515162226612,-0.9698495730858167
1204,22868155,g,4,-0.5494930247780828,0.04279560464388332,0.14069082161906088,0.3071353396715327,-0.5494930247780828
1205,22868155,i,8,-1.0316800744710821,0.14322265535375733,0.4516569327256488,0.5358806273958082,-1.0316800744710821
1206,22868155,r,8,-0.7418750453261714,0.13722584985868436,0.28221723970669466,0.3265427513217686,-0.7418750453261714
1207,2289517,g,6,-0.6391550733586663,0.12917313589200174,0.9074435079819988,0.3643445991049014,-0.6391550733586663
1208,2289517,i,6,-0.12354449624121139,0.1268510174074902,0.2572112586720967,0.0655564400174989,-0.12354449624121139
1209,2289517,r,9,-0.27742461360329085,0.13164066842732758,0.26107078768064595,0.2017783341724716,-0.27742461360329085
1210,22924639,g,2,-0.07573727068849359,0.19695509208946008,0.1969550920894601,0.04794680573341949,-0.07573727068849359
1211,22924639,i,5,-0.7426933866369521,0.7648988610102884,1.3295963899113443,0.7910357452712293,-0.7426933866369521
1212,22924639,r,4,-0.4719103809463411,0.2280609221110721,0.41594694141571703,0.30997536717376506,-0.4719103809463411
1213,22934696,g,5,-0.9875925793622153,0.019352868199053574,0.3378182954622515,0.5231355127876041,-0.9875925793622153
1214,22934696,i,10,-0.9082297328170649,0.3103925335867256,0.7100761083597265,0.4879955307008128,-0.9082297328170649
1215,22934696,r,11,-1.0729347261035662,0.3719924503704557,0.5714694787245538,0.8381540499765424,-1.0729347261035662
1216,22941624,g,4,0.45405323520035057,0.14054141079951776,0.2485381080788598,0.10168203140700605,0.45405323520035057
1217,22941624,i,2,-0.16163004166319817,0.0012641153101341507,0.0012641153101341507,0.020190257174601507,-0.16163004166319817
1218,22941624,r,6,-0.0886419226423788,0.027237808054047796,0.06638421188605073,0.011636743687816814,-0.0886419226423788
1219,22948398,g,3,-1.105390523637483,0.025143579103460212,0.2923322096254306,0.7562379051537661,-1.105390523637483
1220,22948398,i,5,-1.0970068350733728,0.18601343676620674,0.196819062388083,0.8706246229499847,-1.0970068350733728
1221,22948398,r,10,-0.916095656687703,0.2069299957240146,0.3785774930100392,0.6584034364769179,-0.916095656687703
1222,22951063,i,6,-0.4962278449027487,0.07162632988230982,0.11117150552200716,0.2809552374290425,-0.4962278449027487
1223,22951063,r,7,-0.6213620573972398,0.06873936089844057,0.16864493822466997,0.45065234118446157,-0.6213620573972398
1224,22974262,g,5,-0.19752627183313054,0.09015870068596499,0.2591038145724356,0.061592970004556845,-0.19752627183313054
1225,22974262,i,18,-0.42666662157821744,0.23417338009867572,0.49892750247183637,0.27455622821657094,-0.42666662157821744
1226,22974262,r,14,-0.47958912285790256,0.2556452237577656,0.47451630407649625,0.23906075548065817,-0.47958912285790256
1227,23000996,g,3,-0.33268158894042116,0.0855913216359312,0.2144483929108625,0.10964329210012626,-0.33268158894042116
1228,23000996,i,5,-0.2722316761753266,0.020933556958391775,0.028216777831687134,0.11234595271721055,-0.2722316761753266
1229,23000996,r,8,-0.653289942126146,0.15263427586519557,0.7187167127000094,0.33955867545584223,-0.653289942126146
1230,23020565,g,4,-0.8490242602894997,0.031093879769351185,0.07962099515905463,0.6587541318159748,-0.8490242602894997
1231,23020565,i,11,-0.034856257303027105,0.07614492804836803,0.1294489393946553,0.01970456609320824,-0.034856257303027105
1232,23020565,r,5,-0.24813282784978286,0.15877344375604563,0.19805286212583567,0.06782748783336721,-0.24813282784978286
1233,23020565,u,3,-1.3094709387133923,0.03537531120903625,0.11950068247642909,1.608081502671462,-1.3094709387133923
1234,2308145,i,6,-0.5216853686644694,0.4306926390113083,0.7715166770012432,0.39839962793090883,-0.5216853686644694
1235,2308145,r,11,-1.1528621646273904,0.5223696332012069,0.8000927740664131,1.0200353179842596,-1.1528621646273904
1236,23094926,g,7,-0.08605505346199349,0.038040407648159746,0.07437567529006633,0.007894749280787787,-0.08605505346199349
1237,23094926,i,10,-0.6281851040316698,0.5298774799821246,1.0097355836590332,0.1736501752294786,-0.6281851040316698
1238,23094926,r,12,-0.6363569621727266,0.45310326389512356,1.2373844202825834,0.6074328307984203,-0.6363569621727266
1239,2321255,g,5,-0.6282394177022399,0.14143702572893768,0.33747362324054686,0.32338429429223875,-0.6282394177022399
1240,2321255,i,4,-0.6285924861211423,0.02150318720030825,0.14688688219122442,0.26938562090039914,-0.6285924861211423
1241,2321255,r,8,-0.6541780676073619,0.07673841516645419,0.12694616033422756,0.489852726192301,-0.6541780676073619
1242,23217377,i,5,-1.2084652351779988,0.24528096206292593,0.6134956754394997,0.6858597139358805,
1243,23217377,r,5,-1.7500813969138216,0.024868249484987892,0.03038207550240024,2.109289491326,
1244,2326028,g,3,-0.5760384114671258,0.047966989271625016,0.07333007876623387,0.27151942116609845,-0.5760384114671258
1245,2326028,i,5,-0.25791065926246415,0.04671160570333366,0.05892947557505074,0.16945854116873768,-0.25791065926246415
1246,2326028,r,5,-0.43272414637842305,0.035643696308253925,0.06624399956101679,0.17429131822364027,-0.43272414637842305
1247,23264511,g,2,-0.7845857691560127,0.1132330983323111,0.1132330983323111,0.5414619355433297,-0.7845857691560127
1248,23264511,i,5,-0.6300346859871269,0.05069694079270026,0.09522089318233151,0.39038845024493646,-0.6300346859871269
1249,23264511,r,7,-0.7138559906148304,0.04924054127540212,0.12326566811812645,0.6164257754767298,-0.7138559906148304
1250,23264663,g,4,-0.5202105815004059,0.05814336241839685,0.09539656619122183,0.2685388841725327,-0.5202105815004059
1251,23264663,i,3,-0.07151697660955536,0.006160136602271771,0.1949561008179812,0.06741646460459864,-0.07151697660955536
1252,23264663,r,4,-0.331472008758555,0.009920611737163104,0.049966003139747195,0.13751486072742483,-0.331472008758555
1253,23271487,i,6,-0.6063457394600449,0.11016124291382381,0.3177879568645974,0.40413838096821203,-0.6063457394600449
1254,23271487,r,7,-0.6540670335682854,0.09183960555201653,0.14751453323241037,0.38913079289350855,-0.6540670335682854
1255,23315100,g,3,-0.339061904306428,0.10491767681905095,0.11918833582601307,0.11158122626205215,-0.339061904306428
1256,23315100,i,13,-0.6941812825331413,0.25095924421710336,0.49322639036633886,0.6824242002175692,-0.6941812825331413
1257,23315100,r,11,-0.40301043731844965,0.11801872110271017,0.2655165626229652,0.16739035885644346,-0.40301043731844965
1258,23359901,g,3,-0.47383534699826335,0.2849882771090525,0.45154600660588046,0.26172917703205445,-0.47383534699826335
1259,23359901,i,3,-0.29623845752662453,0.06296422116040279,0.1400122000199553,0.13008402372187314,-0.29623845752662453
1260,23359901,r,8,-0.1234460450661563,0.1117690528126989,0.17178152850361286,0.03403872400207813,-0.1234460450661563
1261,23451220,g,10,-0.7403462315627929,0.11461211900644902,0.20023521052509163,0.9380604439234519,-0.7403462315627929
1262,23451220,i,27,-1.1897663019987834,0.5091356600035606,1.2100727562278228,0.95007009488159,-1.1897663019987834
1263,23451220,r,23,-1.3950820261623853,0.6673644743160936,1.2949785108613352,1.253483504955808,-1.3950820261623853
1264,23461438,i,8,-0.08848950549037038,0.12917587554506832,0.22699067166766362,0.03153387494897721,-0.08848950549037038
1265,23461438,r,2,-0.2507167614180456,0.00899405967168393,0.008994059671683902,0.06036163074516333,-0.2507167614180456
1266,23538595,i,3,0.18069216402867727,0.05892640244552472,0.14081680922481227,0.025960256685099593,0.18069216402867727
1267,23538595,r,5,-0.13469667625141818,0.04017297330582417,0.11588331296280505,0.017927009303903254,-0.13469667625141818
1268,23538595,u,3,-0.7338547645674303,0.003844690909505344,0.11279931695136769,0.4232738059116208,-0.7338547645674303
1269,23551827,i,17,-0.5754086811174313,0.15957009522997534,0.31023001966467323,0.298790602915801,-0.5754086811174313
1270,23551827,r,12,-0.5566387812787709,0.14401088791928796,0.3154319667568602,0.35445087414156545,-0.5566387812787709
1271,23553295,g,8,-0.5956005500368854,0.09739473630182549,0.8161697380913473,0.5553114854586745,
1272,23553295,i,12,-1.1475512047053718,0.35701350440109714,0.7327541948274554,0.8492672833619964,
1273,23553295,r,10,-0.4135436739215668,0.11814897581033523,0.5807726268455687,0.262811455329899,
1274,23572014,g,2,-0.15808680806651548,0.19718674789335883,0.1971867478933588,0.0604647936167189,-0.15808680806651548
1275,23572014,i,5,-0.8772898376585284,0.19110259870398072,0.22248488284030332,0.8631096113413204,-0.8772898376585284
1276,23572014,r,4,-0.23816893007256454,0.15482643664255077,0.3075331540609653,0.1211099726641853,-0.23816893007256454
1277,23591538,g,3,-0.23576889859368244,0.02913068788353662,0.3281837771726209,0.21406955390259438,-0.23576889859368244
1278,23591538,i,11,-0.4401203075595723,0.4783107086453848,0.9717090964218438,0.34258988423791253,-0.4401203075595723
1279,23591538,r,15,-0.4588126990576116,0.40008578642427794,0.792202836068014,0.35191395301410017,-0.4588126990576116
1280,23623466,i,9,-0.9957916015016786,0.06565828108178984,0.15604825501419528,0.5214992415107647,-0.9957916015016786
1281,23623466,r,5,-0.9583631362582312,0.12848486873250486,0.19937361865348668,0.48736227393461207,-0.9583631362582312
1282,23630811,g,3,-0.4165194141142743,0.11436159282133218,0.14533021986673467,0.1547823032108442,-0.4165194141142743
1283,23630811,i,16,-0.380658855315978,0.3219203744448159,0.6421031943947746,0.19190835804836004,-0.380658855315978
1284,23630811,r,18,-0.4280782770835577,0.17689828475591118,0.33467883934696546,0.17312314529840905,-0.4280782770835577
1285,23647948,g,4,-0.6554325555021776,0.07814159226837186,0.18836503801684246,0.3569302906220775,-0.6554325555021776
1286,23647948,i,3,-0.6630376182403743,0.10397095632817988,0.28213152919582474,0.6115716581447709,-0.6630376182403743
1287,23647948,r,9,-0.48285065848592595,0.10562330646328127,0.12023748330003803,0.3243019479027934,-0.48285065848592595
1288,23667965,g,2,-0.018858851878592597,0.20391103371233643,0.20391103371233643,0.00776123355192895,-0.018858851878592597
1289,23667965,i,5,-0.9350890150855533,0.05285611807586843,0.15658309238770607,0.5459619646841507,-0.9350890150855533
1290,23667965,r,5,-0.8809499284470368,0.10353427677591043,0.22062406358380682,0.37937318903488215,-0.8809499284470368
1291,2372123,i,12,-0.40962977389592947,0.17853230617915578,0.5173464760742204,0.25927915818698904,-0.40962977389592947
1292,2372123,r,5,-0.5534264684958998,0.17537434241706684,0.3481774280795873,0.23023089081371487,-0.5534264684958998
1293,2375243,g,3,-0.48958482940694426,0.307564692679121,0.4834726861339759,0.3063143051582075,-0.48958482940694426
1294,2375243,i,4,-0.07961034670584158,0.12359362685177419,0.3873327619103694,0.20921648173190935,-0.07961034670584158
1295,2375243,r,6,0.20660688695923243,0.47764514911520495,0.9192232050223031,0.37767019175861966,0.20660688695923243
1296,2375243,u,3,-1.394101616812704,0.017460075870179725,0.16894845857066576,1.4778297507138214,-1.394101616812704
1297,23829334,g,2,-0.799901485499259,0.04405665109329049,0.04405665109329049,0.5777755285916879,-0.799901485499259
1298,23829334,i,12,-0.6305641761907539,0.1999206787919991,0.31662377942689124,0.4432401660985108,-0.6305641761907539
1299,23829334,r,8,-0.6109465460332335,0.12426678801749247,0.20777879428286805,0.36516329217293764,-0.6109465460332335
1300,23858864,g,14,-0.8548289690799977,0.12048843842260504,0.3003183319910606,0.54971124454584,-0.8548289690799977
1301,23858864,i,31,-0.8718841477586035,0.19117190987320565,0.3775305991692173,0.46287451354422243,-0.8718841477586035
1302,23858864,r,31,-0.9477752663047339,0.2426095006282727,0.5435695602556716,0.4944648046830058,-0.9477752663047339
1303,23886499,g,2,-0.30586018448752966,0.046218451779554914,0.04621845177955486,0.0931927728866277,-0.30586018448752966
1304,23886499,i,6,0.08677989592062703,0.10763712101804815,0.1751033327012387,0.06675595105813205,0.08677989592062703
1305,23886499,r,5,-0.19551081496189648,0.05189559189493431,0.0960419643532312,0.22525102574869343,-0.19551081496189648
1306,23888686,i,13,0.185158130652118,0.1414584649785809,0.23273790999445254,0.07040289767516943,0.185158130652118
1307,23888686,r,13,0.05776407574890852,0.09610221946623715,0.25551897913292976,0.019814508896796222,0.05776407574890852
1308,23898810,i,10,-0.867385416529183,0.5893572627196101,1.5050202959162067,1.0912580935537854,-0.867385416529183
1309,23898810,r,13,-0.6049561842864093,0.12159643757750538,0.1611451100971827,0.44639396967141326,-0.6049561842864093
1310,23921767,g,2,-0.08944811090038293,0.07229110600264108,0.07229110600264106,0.013690406952993648,-0.08944811090038293
1311,23921767,i,4,-0.37813450419809136,0.02888784394214583,0.08901405435721821,0.15807787950453164,-0.37813450419809136
1312,23921767,r,7,-0.46954716097185023,0.08518121490124786,0.11234373388976304,0.2543050093725124,-0.46954716097185023
1313,2393193,i,9,-0.5602214427232849,0.2706766129376993,0.5460093756792606,0.36514596106587205,-0.5602214427232849
1314,2393193,r,6,-0.3486246301015611,0.11681815421474451,0.20668166883208905,0.12321997818957497,-0.3486246301015611
1315,23932303,g,6,-0.690795091660915,0.11092029755740451,0.2534762005614475,0.44661176117576495,-0.690795091660915
1316,23932303,i,17,-0.9193071369313541,0.22748501636094387,0.42069646400909555,0.5465965837244656,-0.9193071369313541
1317,23932303,r,17,-1.0667898330606975,0.2713537791813663,0.3631902584305058,0.6999762638052376,-1.0667898330606975
1318,23956832,g,5,-0.6773607684402787,0.09364145108066357,0.2370501214381533,0.42345889422555816,-0.6773607684402787
1319,23956832,i,12,-1.0983966560608756,0.43597498694733455,0.8226154177518326,1.295828090984241,
1320,23956832,r,12,-1.4782013282223188,0.3879254580602486,0.7934286053957662,1.3907992252946062,-1.4782013282223188
1321,23975254,g,4,-0.05307713775321177,0.18564047108742593,0.3325074061453031,0.0425432702382938,-0.05307713775321177
1322,23975254,i,4,0.09137052580376312,0.07153001283848662,0.12268998426783184,0.018507697833726574,0.09137052580376312
1323,23975254,r,8,0.06841930809476474,0.02329331056490208,0.13541792829266774,0.02044614828597088,0.06841930809476474
1324,24001786,g,4,-0.5847497199943801,0.03794551137002433,0.11824858252341564,0.23995479882955917,-0.5847497199943801
1325,24001786,i,15,-0.8257672108158989,0.27428254182385636,0.4932813266183511,0.5276908231435364,
1326,24001786,r,15,-0.7513538123734973,0.25914194868386375,0.47136975203405607,0.5679791193378896,-0.7513538123734973
1327,24018909,g,7,0.22468051590966276,0.14889595321069415,0.32028723466251086,0.07021863018181414,0.22468051590966276
1328,24018909,i,13,0.06031416252386956,0.09130885143392059,0.20933362838074632,0.030237484669265933,0.06031416252386956
1329,24018909,r,16,0.03296893503858378,0.06325244603632996,0.15579953468323807,0.0267117377196274,0.03296893503858378
1330,24037239,g,2,-0.3982332044353522,0.03016744890850981,0.030167448908509864,0.16723478102934256,-0.3982332044353522
1331,24037239,i,7,0.061057781350607465,0.09141143495878043,0.15620134288177917,0.02953706793794996,0.061057781350607465
1332,24037239,r,6,-0.08077983765595548,0.06422969621663693,0.10084220812900409,0.022407655958541436,-0.08077983765595548
1333,24057058,i,17,-0.052867794264271684,0.13391064259814156,0.3065617049954619,0.06382408058196315,-0.052867794264271684
1334,24057058,r,11,-0.3352060976179383,0.10495705236753217,0.26965654725307964,0.09235281304579107,-0.3352060976179383
1335,24067571,g,5,-0.365356876773173,0.34723294436792357,0.3558015512431179,0.29598220453756763,-0.365356876773173
1336,24067571,r,5,-0.37659517856989433,0.293125028343572,0.5174492360944537,0.321180073216822,-0.37659517856989433
1337,24067571,u,3,-1.2623011189963005,0.15406249239908099,0.3428277209530287,1.2858845971788317,-1.2623011189963005
1338,24069411,g,3,-1.9837380606958188,0.017188363219087233,0.21652394269573505,3.3193871936645407,-1.9837380606958188
1339,24069411,i,8,-1.274005005488661,0.47831835438646086,1.1499623491213122,1.5679135647371605,-1.274005005488661
1340,24069411,r,6,-1.5189919823332787,0.5317759441406108,0.8366726734901739,1.9966851939925006,-1.5189919823332787
1341,24103488,g,3,-0.7270395063806635,0.0012053350214431546,0.023166952663843388,0.5025467490125064,-0.7270395063806635
1342,24103488,i,8,-0.3481059202157554,0.07348380505824026,0.12629371179401655,0.08654291360545599,-0.3481059202157554
1343,24103488,r,8,-0.3827429102085861,0.057246804794540695,0.10381960743567092,0.1184271556144632,-0.3827429102085861
1344,2412034,i,12,-0.5399184722527537,0.11444833869400134,0.169182661884139,0.262130149968706,-0.5399184722527537
1345,2412034,r,8,-0.43047484136175107,0.06745654130505552,0.13653535182165777,0.1347382618428831,-0.43047484136175107
1346,2412608,g,2,-0.4183674066769498,0.05140999847660144,0.05140999847660144,0.16636803704422587,-0.4183674066769498
1347,2412608,i,10,-0.13923522720322165,0.17230987869818187,0.3326495325970606,0.08335888418247399,-0.13923522720322165
1348,2412608,r,7,-0.2678708881482339,0.15414979493905778,0.3926139194713396,0.0812013382016594,-0.2678708881482339
1349,24136652,g,3,-0.15378669710740067,0.03981470893256356,0.10104807807626814,0.017486911659574736,-0.15378669710740067
1350,24136652,i,8,-0.0855991916028921,0.07671485892503958,0.14246135276576172,0.03500532116899993,-0.0855991916028921
1351,24136652,r,15,-0.3754642465746103,0.26642158486728307,0.5831176066576631,0.25973450136123616,-0.3754642465746103
1352,24151151,i,12,-0.6141732033265819,0.22952496855024038,0.43932263954329526,0.3210074848397145,-0.6141732033265819
1353,24151151,r,10,-0.8026812949428628,0.05418701512204904,0.10868829421360837,0.6566826855488949,-0.8026812949428628
1354,24151709,g,3,-0.5962102499036939,0.009426387068359854,0.0586989874306838,0.3043363796694931,-0.5962102499036939
1355,24151709,i,9,-0.6596497541857074,0.12783677145635264,0.2258526156293753,0.4983935476400468,-0.6596497541857074
1356,24151709,r,4,-1.1496744122263671,0.3038219204540076,0.6148973975157369,1.100543540064041,-1.1496744122263671
1357,24151709,u,2,-1.178315979579851,0.10683686168651774,0.10683686168651785,1.1806029452084976,-1.178315979579851
1358,24199466,g,4,-0.08939583174840292,0.24502781595656528,0.48536612122117384,0.07320482672690239,-0.08939583174840292
1359,24199466,i,5,-0.04958569316506711,0.027237406562016786,0.03525911525473424,0.006169155573387088,-0.04958569316506711
1360,24199466,r,9,-0.043700033410536854,0.20768853047673164,0.37707513474802845,0.1182965297846148,-0.043700033410536854
1361,2420305,i,8,-0.22764257258149206,0.09307641435438485,0.1983014146029124,0.041700671531132064,-0.22764257258149206
1362,2420305,r,10,-0.10373505620164936,0.17264686160417145,0.3236235787736899,0.053483215252583,-0.10373505620164936
1363,24217149,g,9,-0.34862058231886695,0.013061206440685758,0.024795298468972327,0.163441016471075,-0.34862058231886695
1364,24217149,i,24,-0.47660730045975547,0.2990114268598066,0.5148819271243315,0.20988327882447208,-0.47660730045975547
1365,24217149,r,22,-0.7372103413775746,0.6195177296762077,1.133320902720548,0.5793168793613851,-0.7372103413775746
1366,24217149,u,5,-0.3318472366820622,0.1309886807505798,0.3314411240125499,0.09150767062226205,-0.3318472366820622
1367,24223832,g,5,-1.0647924593302218,0.1708006121321859,0.3330200740573257,1.0688866881218488,-1.0647924593302218
1368,24223832,i,18,-0.7832227183461352,0.2440325840816162,0.44308580879964754,0.6243242264202611,-0.7832227183461352
1369,24223832,r,20,-0.9116546723961825,0.18136892769906482,0.4607319555810294,1.0033761625079403,-0.9116546723961825
1370,24238542,g,5,-0.499011746463939,0.029893086144720415,0.055081357916498375,0.2298519256784494,-0.499011746463939
1371,24238542,i,17,-0.22413470607547226,0.18058133147002808,0.3346744643532218,0.11541251137087745,-0.22413470607547226
1372,24238542,r,19,-0.2884701454720694,0.10435365095402405,0.1920362124633087,0.17117811181056444,-0.2884701454720694
1373,24251391,i,8,-1.273536878994803,0.06503092807300981,0.3624086150193253,1.1111005281474302,-1.273536878994803
1374,24251391,r,8,-1.4222267926161591,0.20281090977886618,0.6554153205317391,1.5634039439587242,-1.4222267926161591
1375,24326364,g,4,-0.1515204210661768,0.09047070745398467,0.1542628027646284,0.035708061249740956,-0.1515204210661768
1376,24326364,i,14,0.13677395260659397,0.152346052871067,0.28450588688404177,0.10325506891746457,0.13677395260659397
1377,24326364,r,10,0.11390814517701375,0.07214257178904979,0.26612553506123415,0.05881293300317084,0.11390814517701375
1378,24335531,i,8,-0.13310510310867907,0.2577439380381122,0.4883082010211769,0.10814358486626205,-0.13310510310867907
1379,24335531,r,4,-0.05569701361511725,0.024638498204903825,0.07386952455668064,0.020366982519657767,-0.05569701361511725
1380,24354569,i,20,-0.15498512333938436,0.2784578045565812,0.6376893597376354,0.17427668924297499,-0.15498512333938436
1381,24354569,r,23,-0.010417149564401318,0.3676032430628705,1.044723015303775,0.25729528533316776,
1382,24389193,i,9,-0.8297796351411382,0.12239439313170086,0.26510642226604364,0.48953422979853833,-0.8297796351411382
1383,24389193,r,5,-0.6184884563158539,0.1913623665908335,0.25184561978887676,0.3947502204393553,-0.6184884563158539
1384,24407915,i,5,-1.8229855397838566,0.11186206379052455,0.2197322823347081,2.2047620742932414,-1.8229855397838566
1385,24407915,r,6,-1.9084858194351857,0.14399369196493783,0.2618148611491091,2.117882567475421,-1.9084858194351857
1386,24418285,i,4,-0.5669893720722842,0.10399116780764661,0.1934702348644466,0.2900690470467938,-0.5669893720722842
1387,24418285,r,7,-0.43655542838708067,0.04813611267079082,0.14846684464076526,0.16380570239478479,-0.43655542838708067
1388,24520234,g,5,0.18619664904315814,0.03461100275406226,0.067729299676619,0.041130899161864645,0.18619664904315814
1389,24520234,i,7,-0.22846685251582277,0.05329214617259925,0.08931237585752005,0.05505391562137398,-0.22846685251582277
1390,24520234,r,7,-0.2706890721199695,0.14845757089587885,0.2431091868120519,0.0972035257800827,-0.2706890721199695
1391,24570033,g,4,-0.1908867130334948,0.14546852846292402,0.327278232325783,0.06533784672127513,-0.1908867130334948
1392,24570033,i,3,-0.5907850987781944,0.23278545140366247,0.7071962994073439,0.6825606455983589,-0.5907850987781944
1393,24570033,r,8,-0.460508649011485,0.034634954982380284,0.21671432617564357,0.2571879686335698,-0.460508649011485
1394,24583335,i,9,-0.5406843539387742,0.13698351766971695,0.3742232747675801,0.14312948177311108,-0.5406843539387742
1395,24583335,r,11,-0.3142435100042791,0.2362085699498846,0.38692416011797537,0.14552226792812462,-0.3142435100042791
1396,24593022,g,3,0.2498122939418676,0.11495507594007781,0.5025062245494178,0.19975734247027419,0.2498122939418676
1397,24593022,i,6,-0.3581347519298718,0.27591350198620657,0.4157696983656897,0.1896221068197169,-0.3581347519298718
1398,24593022,r,12,-0.3096828096344615,0.08779105469223658,0.1951353151048733,0.18084766121221396,-0.3096828096344615
1399,24613118,g,4,0.20330538208895466,0.12530275566226656,0.27556761143965547,0.07060728654073474,0.20330538208895466
1400,24613118,i,18,-0.15156518837585511,0.12098929684708268,0.23168834171463315,0.03995905678277187,-0.15156518837585511
1401,24613118,r,12,-0.3557135913360704,0.15548915427633098,0.24323046368063125,0.11406993804160091,-0.3557135913360704
1402,24633607,i,4,-0.8421019866356494,0.07605684829394738,0.15397481557697335,0.5271624072436637,-0.8421019866356494
1403,24633607,r,7,-1.2074375933294506,0.1568067892914251,0.5292746084549367,0.7085419259965694,-1.2074375933294506
1404,24687856,g,2,-0.21636742381287088,0.23128026638493293,0.23128026638493293,0.09371355028745022,-0.21636742381287088
1405,24687856,i,4,-0.7045568783523091,0.030912399159971127,0.04137656896316477,0.48750344275940427,-0.7045568783523091
1406,24687856,r,5,-0.49799133850789823,0.09242657530602127,0.18341089635309005,0.24070492132592358,-0.49799133850789823
1407,24697135,i,18,-0.9145790571043088,0.10707050136332391,0.25853189863323767,0.7239636456791334,-0.9145790571043088
1408,24697135,r,10,-0.5727991651975404,0.05161318793402386,0.15887684087015885,0.27682238033241824,-0.5727991651975404
1409,2469939,g,3,-1.1117502199381408,0.08213910787199596,0.4796353297917557,0.4944913712606291,-1.1117502199381408
1410,2469939,i,7,-0.7536553580588556,0.17328915251919152,0.4960287922542095,0.24546130039466968,
1411,2469939,r,5,-0.32659207533902324,0.13962479178046916,0.37404968844942554,0.28357859758623055,-0.32659207533902324
1412,24704970,i,9,-0.24947916018667948,0.10498218158574102,0.1795242297847618,0.08164905611652841,-0.24947916018667948
1413,24704970,r,8,-0.31632969762768665,0.10713239730672475,0.2229126619316314,0.081945460230085,-0.31632969762768665
1414,2471553,i,4,-0.884521587675967,0.27839766364849383,0.6585407239639558,0.3528856990729905,-0.884521587675967
1415,2471553,r,7,-0.784340048504726,0.49002699243640113,0.7713614608522612,0.4228082067296324,-0.784340048504726
1416,24720705,g,4,-0.6948989232060613,0.08154984554007438,0.11771222624723787,0.3903263104387124,-0.6948989232060613
1417,24720705,i,4,-0.9862363252923025,0.23458648934367127,0.4486292272869413,0.7127464654208056,-0.9862363252923025
1418,24720705,r,3,-0.7650703859379682,0.002260998862288144,0.006848983572798728,0.5715326857770621,-0.7650703859379682
1419,24732288,g,2,-0.1058079531574937,0.3898610829163861,0.3898610829163861,0.15811784890078903,-0.1058079531574937
1420,24732288,i,3,0.04929291666423108,0.01950887375747118,0.023901789215567792,0.002464312314896473,0.04929291666423108
1421,24732288,r,8,-0.5834349730855592,0.05487532617079255,0.1501159360982125,0.2900981518826271,-0.5834349730855592
1422,24741635,g,4,-0.08376845893193477,0.1316795750538458,0.2582585955387782,0.02629520207689936,-0.08376845893193477
1423,24741635,i,9,-0.2768881722186012,0.14887251843212412,0.21369907035163682,0.07137359121396658,-0.2768881722186012
1424,24741635,r,11,-0.14626813944932326,0.27979385577134214,0.4537641376020055,0.07035421154658883,-0.14626813944932326
1425,24746687,g,4,-0.10855619822634222,0.07417175693750022,0.1848907117824785,0.0481960018344295,-0.10855619822634222
1426,24746687,i,16,-0.36798447703559134,0.21744799368023893,0.4044283856700294,0.13833047603950377,-0.36798447703559134
1427,24746687,r,13,-0.2556407377291863,0.10698868200006428,0.2417730650645974,0.10261261605493256,-0.2556407377291863
1428,24757563,i,13,-0.9603293056372544,0.1082083170640622,0.5508683242053898,11.953754623163094,-0.9603293056372544
1429,24757563,r,8,-1.1765766432485187,0.26912753066872264,0.5449751519221123,0.9736253578017249,-1.1765766432485187
1430,24770143,i,15,-1.47105661366286,0.44349378515277027,1.109094253383842,1.6340783019225167,-1.47105661366286
1431,24770143,r,16,-1.1797191252765682,0.22033868167477488,0.5412841572901768,1.233442060524137,-1.1797191252765682
1432,24773673,g,4,-0.24952658593156143,0.0680736664534195,0.1408925936778248,0.0670255157432703,-0.24952658593156143
1433,24773673,i,6,-0.20290513253411008,0.08062517333917216,0.14954560628566016,0.0626870914485171,-0.20290513253411008
1434,24773673,r,8,-0.30668095860170924,0.18645016958664115,0.3740057909732578,0.1437884370834573,-0.30668095860170924
1435,24779623,g,4,-0.23155825363566218,0.13028182942219635,0.18736989357223954,0.1304828099866348,-0.23155825363566218
1436,24779623,i,13,-1.343499534793129,0.6520358277026894,1.2715792399030306,1.3924156619812973,-1.343499534793129
1437,24779623,r,12,-1.1074446930037631,0.3847022320731368,0.8163073076600521,1.1422572867140273,-1.1074446930037631
1438,24805545,i,6,-0.8855366234566978,0.0629759717461984,0.09787921615833672,0.4661780895671712,-0.8855366234566978
1439,24805545,r,6,-1.1322682776117141,0.11278808563405773,0.1811852032870538,0.7957907241851158,-1.1322682776117141
1440,2485139,g,5,-0.591740622754987,0.00991645182262424,0.01076579733218097,0.33837961585628773,-0.591740622754987
1441,2485139,i,3,-0.41504350423074,0.02331860532289587,0.08707529405674358,0.1706735325824812,-0.41504350423074
1442,2485139,r,4,-0.4798099229294942,0.030399531616956244,0.06621219698684594,0.23644662726300417,-0.4798099229294942
1443,24860410,i,12,-0.9754837262733126,0.20330618886942586,0.4299843537202279,0.40829679892944304,-0.9754837262733126
1444,24860410,r,17,-0.8045329233450484,0.3150748145967457,0.7753033831018848,0.48850298935661796,-0.8045329233450484
1445,2488881,g,4,-0.27740689619376213,0.030064170716727123,0.056031499211078306,0.08826284883584365,-0.27740689619376213
1446,2488881,i,3,-0.08214718052507022,0.04743405203277909,0.0914528884609653,0.007762254863644401,-0.08214718052507022
1447,2488881,r,4,-0.10778889540479615,0.02163611731195282,0.04288175218627238,0.019313953776834668,-0.10778889540479615
1448,2488881,u,2,-0.15719415167848205,0.05745569965921038,0.05745569965921038,0.027160385251427884,-0.15719415167848205
1449,24910234,g,2,0.05209736366545126,0.4191826569132676,0.4191826569132676,0.16870551778609422,0.05209736366545126
1450,24910234,i,8,0.04033384148488858,0.1420920142969026,0.394554107114302,0.05919624473203158,0.04033384148488858
1451,24910234,r,7,-0.019944789951804376,0.03614966021074861,0.06481963265448659,0.004291499569796483,-0.019944789951804376
1452,24944664,g,2,-0.5067865232438822,0.021497788873020174,0.02149778887302023,0.2536265813787567,-0.5067865232438822
1453,24944664,i,6,-0.19943154701040794,0.20375580239699806,0.44659698260196096,0.2564663324027269,-0.19943154701040794
1454,24944664,r,10,-0.46061605125919947,0.15381491687077453,0.2529526160299263,0.2868679544139511,-0.46061605125919947
1455,24947926,g,5,0.2826953947179307,0.15663616100298428,0.17027457807172564,0.06105287465135525,0.2826953947179307
1456,24947926,i,6,-0.223687970209096,0.04477359007757553,0.07366008975832139,0.04181167916876454,-0.223687970209096
1457,24947926,r,7,-0.3325619849309873,0.07033517675913198,0.1149174033538704,0.12555895321204014,-0.3325619849309873
1458,24952600,i,7,-0.4949047987386661,0.25350738019133423,0.7989932416044536,0.4825157701982784,-0.4949047987386661
1459,24952600,r,7,-0.9166871390653013,0.19888601050101484,0.3369940690857288,0.7387581871143938,-0.9166871390653013
1460,24989048,i,13,-2.1994850188839092,0.18496659846413221,0.45153526471696215,2.7131945666609316,
1461,24989048,r,6,-1.8825363598646716,0.15717226770633852,0.3242871059576009,1.7747836123516298,
1462,25116242,g,2,-0.10442003533363248,0.025390542480226708,0.025390542480226708,0.012687303539692146,-0.10442003533363248
1463,25116242,i,5,0.13179582362358627,0.6081906219086477,0.8404174907092523,0.28653846237406533,0.13179582362358627
1464,25116242,r,12,-0.2106774115744242,0.244227825974475,0.38210667907149287,0.1307190774856862,-0.2106774115744242
1465,25179765,g,2,-0.4127839343730019,0.037834776527235825,0.03783477652723588,0.1744335433590038,-0.4127839343730019
1466,25179765,i,8,-0.23734075042317118,0.17743995290971668,0.3442371513366985,0.07283303757957836,-0.23734075042317118
1467,25179765,r,12,-0.3446045723492171,0.11793802830114497,0.18670327194640451,0.1103945352968717,-0.3446045723492171
1468,25209438,g,3,0.48952233494341724,0.12144656800942966,0.260410049455713,0.14405610734879912,0.48952233494341724
1469,25209438,i,8,-0.01873995263904865,0.06383767295877413,0.1213948040235178,0.018043629843179303,-0.01873995263904865
1470,25209438,r,8,-0.03189627044344884,0.12720098718402956,0.21585141143279452,0.03718836442224486,-0.03189627044344884
1471,25222523,g,4,-0.5849923729677724,0.1035527872858989,0.2220493418643037,0.35497688853987847,-0.5849923729677724
1472,25222523,i,13,-0.761802843650441,0.3380645692355616,0.6689620351433504,0.4333403897394214,-0.761802843650441
1473,25222523,r,13,-0.5292016664908367,0.22827887560485915,0.4710612162423364,0.36409765158724466,-0.5292016664908367
1474,25222523,u,4,-0.8041186736809828,0.07735881883191686,0.12303556787105419,0.558398174056322,-0.8041186736809828
1475,25233245,g,7,-0.13176001955770444,0.07170648211212316,0.1990259307578483,0.05223976749988639,-0.13176001955770444
1476,25233245,i,11,-0.06611906340904378,0.13671334131437415,0.23478945014847585,0.048006371946536716,-0.06611906340904378
1477,25233245,r,11,0.0018057072606418312,0.13866630566853078,0.27875291053590556,0.07458805063676775,0.0018057072606418312
1478,25233477,i,8,-0.24021877172592027,0.2143837317988695,0.35344356912745595,0.09624727174525573,-0.24021877172592027
1479,25233477,r,6,0.13201549205678476,0.05340235684650817,0.5671151772552223,0.13045382541325154,0.13201549205678476
1480,25233477,u,3,0.09896357716152215,0.0012745336283433994,0.005841189259017665,0.010560778078199246,0.09896357716152215
1481,25250792,g,2,-0.6688055056313694,0.1992937552523638,0.19929375525236392,0.46292499737466725,-0.6688055056313694
1482,25250792,i,3,-1.0282344388232316,0.2735339454624701,0.4037780556437901,0.7137383556465355,-1.0282344388232316
1483,25250792,r,8,-0.09827076349120414,0.11623647019673633,0.24403727387543142,0.044396721302106576,-0.09827076349120414
1484,25250792,u,2,-1.941264311787518,0.0715790396988073,0.07157903969880741,3.368166531786972,-1.941264311787518
1485,2526919,g,3,-0.14858423953918654,0.0925305372123939,0.2222166086560146,0.0394425534744141,-0.14858423953918654
1486,2526919,i,8,0.07808842641280667,0.05958927870467945,0.13421134986644853,0.03368710815990202,0.07808842641280667
1487,2526919,r,7,-0.06825672530111382,0.19810771014029102,0.28624069438018096,0.032613903478587364,-0.06825672530111382
1488,2526919,u,2,-0.12187727902050244,0.4954813631245569,0.4954813631245568,0.24048714763910237,-0.12187727902050244
1489,25295255,g,2,0.18717598958544557,0.404593527622371,0.404593527622371,0.1911853862863025,0.18717598958544557
1490,25295255,i,6,-0.3816768923988232,0.08975936628711167,0.2261673385555134,0.16258690826280095,-0.3816768923988232
1491,25295255,r,4,-0.447868786282583,0.019816842591708683,0.042015074878592296,0.20811956684781266,-0.447868786282583
1492,25319859,g,5,0.4178435750763052,0.105542094050322,0.15871625444602522,0.15327858931158048,0.4178435750763052
1493,25319859,i,15,-0.38153232451975394,0.25998939943304455,0.601370324118826,0.11240417550803274,-0.38153232451975394
1494,25319859,r,14,-0.4288159257041325,0.20040450494207152,0.5487142521786141,0.13021010083991205,-0.4288159257041325
1495,25334585,i,10,-0.2511434638533368,0.11486533310216798,0.20667673083779936,0.14212711690485208,-0.2511434638533368
1496,25334585,r,11,-0.5158184846603302,0.1513766089215054,0.41307582924072817,0.3643286846098391,-0.5158184846603302
1497,25348041,i,3,-0.6969009166999496,0.05528045084539346,0.07769137183082053,0.27781659329716285,
1498,25348041,r,7,-1.1039019766700426,0.12801025342708572,0.19223804229663877,0.6877273850079305,-1.1039019766700426
1499,2537640,i,9,-0.4080482443864676,0.3650181863483669,0.9616053086964789,0.47359578527813323,-0.4080482443864676
1500,2537640,r,6,-0.4830573045825242,0.20306630001165138,0.3678758701831105,0.3154110164590318,-0.4830573045825242
1501,25379149,i,4,-0.23791102350475585,0.15700451286819245,0.2854399289014567,0.09454774216160763,-0.23791102350475585
1502,25379149,r,6,-0.4149364517267098,0.11546049459398283,0.18606267697425916,0.17153365736831996,-0.4149364517267098
1503,25470355,i,11,-0.7389655980534613,0.33911364100102803,0.6359669562371244,0.3055708424717461,-0.7389655980534613
1504,25470355,r,9,-0.3864373840022095,0.44019232730763913,0.9695129964623378,0.38340728923746054,-0.3864373840022095
1505,25474252,g,2,-1.6602986977343477,0.39856584499972847,0.39856584499972847,2.373565108307424,-1.6602986977343477
1506,25474252,i,9,-1.4166259340490537,0.6728663857122805,0.7608783684652234,1.7522728291556406,-1.4166259340490537
1507,25474252,r,9,-1.3871327910481317,0.44268629352182076,0.7594085195018276,1.2458078924662062,-1.3871327910481317
1508,25526774,i,11,-1.2848221092702523,0.13420514670707107,0.29322181144856474,1.2594482523662072,-1.2848221092702523
1509,25526774,r,12,-1.4210402016800545,0.1122574285354574,0.260145979003948,0.9280044232444653,-1.4210402016800545
1510,25541760,g,4,-1.292990784151305,0.2697349950707234,0.41078927332032644,1.382929822330511,-1.292990784151305
1511,25541760,i,21,-1.1325948661463856,0.49357632139526686,0.8490851633999744,1.3230660918501076,-1.1325948661463856
1512,25541760,r,14,-0.9050229812847939,0.39866419457242896,0.665952816696522,1.0116820160602262,-0.9050229812847939
1513,25547885,g,3,-0.24314996492431984,0.03388753818951562,0.1656343619263243,0.11731861005167477,-0.24314996492431984
1514,25547885,i,9,-0.9345921900817182,0.07124778112493291,0.12432790522045345,0.6514728757630275,-0.9345921900817182
1515,25547885,r,6,-0.642400980664446,0.11892380793613483,0.3451573620398861,0.5324531374981119,-0.642400980664446
1516,25552968,g,2,-0.33511068585476456,0.1798215987750218,0.1798215987750218,0.16239912890284813,-0.33511068585476456
1517,25552968,i,12,-0.6901982063131228,0.17103854255476636,0.3439821218852015,0.2704033410072886,-0.6901982063131228
1518,25552968,r,11,-1.1479586097476315,0.2691390651253398,0.49166854274636473,0.6400817050351167,-1.1479586097476315
1519,25562943,i,6,-0.5189925514640765,0.2923994216067959,0.5248894233946917,0.2871697449072876,-0.5189925514640765
1520,25562943,r,6,-0.2320073615267894,0.23591672154219187,0.39420420436241604,0.1740559014437221,-0.2320073615267894
1521,25568902,g,5,0.36342398999624237,0.057836190943574506,0.05908640622958061,0.11101887979678234,0.36342398999624237
1522,25568902,i,22,-0.5275388831005434,0.16866644829519936,0.3270306051942391,0.20313235309675265,-0.5275388831005434
1523,25568902,r,14,-0.5115755975659981,0.028123741443675965,0.04848967718386804,0.2281266012346188,-0.5115755975659981
1524,25609982,g,3,-0.5854741941572201,0.005110185850634497,0.2763195327342143,0.24147569901043162,-0.5854741941572201
1525,25609982,i,6,-0.19268103697552796,0.10506670537136631,0.20240937254483496,0.0434674111158273,-0.19268103697552796
1526,25609982,r,6,-0.05755824935914458,0.1039375857467556,0.16965531110612111,0.014964971439180576,-0.05755824935914458
1527,25634598,g,2,-0.03787335187687746,0.05417397614596531,0.05417397614596531,0.0041568015014794915,-0.03787335187687746
1528,25634598,i,5,-0.004332616469613526,0.051588557645877275,0.08235658606760432,0.01639178001366006,-0.004332616469613526
1529,25634598,r,6,-0.027413150763764882,0.08244046019967632,0.1471708372285149,0.016954532006682368,-0.027413150763764882
1530,25634598,u,3,-0.3400099696849027,0.017993560842961,0.07692901195426005,0.08611150458935764,-0.3400099696849027
1531,25658806,g,3,-1.181120155199077,0.00015742304646781946,0.00044095030629587306,1.2484429709466056,-1.181120155199077
1532,25658806,i,12,-0.8079740607873167,0.5092503763643521,0.8332612937544505,0.6990400124074218,-0.8079740607873167
1533,25658806,r,8,-0.6589500326381846,0.01622863669217034,0.026815722986038848,0.41177813609699376,-0.6589500326381846
1534,25670877,i,3,-0.03321613294663539,0.28894095362452743,0.3490592379319954,0.08750708850883565,-0.03321613294663539
1535,25670877,r,6,-0.17576405366601566,0.11541016183348532,0.3583855491523194,0.12201654656477685,-0.17576405366601566
1536,25710821,g,4,-0.26645490551174467,0.02772790875289652,0.05218065166031499,0.08032759851397853,-0.26645490551174467
1537,25710821,i,20,-0.20886070793573708,0.3017320755174886,0.5030562941088219,0.22756967243193524,-0.20886070793573708
1538,25710821,r,17,-0.4122697656839637,0.35726104700127953,0.7999812653708049,0.2835771667477805,-0.4122697656839637
1539,25756127,g,2,-0.3464752310864919,0.2608453182560583,0.2608453182560583,0.17903690530547314,-0.3464752310864919
1540,25756127,i,7,-0.4748497708095961,0.245442244078999,0.35891639058369984,0.22194575710747483,-0.4748497708095961
1541,25756127,r,5,-0.2950906186950384,0.06364532387101918,0.12008877970009191,0.07831068237917445,-0.2950906186950384
1542,25809971,i,14,-0.3426876567554229,0.2744313168623008,0.6010512868595489,0.11168707159582159,-0.3426876567554229
1543,25809971,r,17,-0.12735706861933394,0.13765159563320092,0.343715174583085,0.03879730010377509,-0.12735706861933394
1544,25817089,g,7,-0.2723562248021639,0.6765019496130077,0.739071912971713,0.37331920122838536,-0.2723562248021639
1545,25817089,i,11,-0.5125467091561053,0.3896689146536587,0.7057708406120344,0.36689242199367167,-0.5125467091561053
1546,25817089,r,14,-0.6122678394413694,0.47736309195619614,0.7665366984196156,0.38263397029168533,-0.6122678394413694
1547,25817089,u,3,-1.100716994679649,0.024848394474095814,0.14219581737349396,0.9999937909624137,-1.100716994679649
1548,25834571,i,6,0.09959917985710943,0.07318823201632053,0.1718001932192934,0.03191782755567423,0.09959917985710943
1549,25834571,r,6,-0.23478381368976808,0.0451947022580822,0.06904358843133157,0.06029163554661763,-0.23478381368976808
1550,25843042,i,4,-0.6830435845700056,0.0948919689739211,0.23010875033766842,0.3318625951850893,-0.6830435845700056
1551,25843042,r,6,-0.5793996995817237,0.2905368267904229,0.5154275972187545,0.391800634913474,-0.5793996995817237
1552,25851753,g,8,-0.22086435100914914,0.24403658626710606,0.39976585373070206,0.11064780060442729,-0.22086435100914914
1553,25851753,i,17,-0.19589518502296932,0.41361590505081836,0.6590745986929794,0.2386757519758536,-0.19589518502296932
1554,25851753,r,17,-0.18344458904521943,0.1024178989306802,0.17553368634877103,0.0728087932078108,-0.18344458904521943
1555,25879918,g,6,-1.3222308667752707,0.18507992284948294,0.37503713412282247,1.8791482360695948,-1.3222308667752707
1556,25879918,i,21,-1.3284099781998795,0.6585946520822454,1.0995976124365616,1.319095248447677,-1.3284099781998795
1557,25879918,r,21,-1.4491943852766607,0.5901787494929391,0.8881876095137,1.8853579249248955,-1.4491943852766607
1558,25883064,g,2,-0.174946922378043,0.06660607873469726,0.06660607873469726,0.03315294158128388,-0.174946922378043
1559,25883064,i,6,-0.2822355018326247,0.07718138903488948,0.11725785369388636,0.1409604954684568,-0.2822355018326247
1560,25883064,r,10,-0.47534472966782165,0.12341320642057946,0.2184657648418195,0.27020221052662263,-0.47534472966782165
1561,25980075,g,5,-0.42134885774818376,0.15288317650679295,0.4809756642933277,0.14485688353623083,-0.42134885774818376
1562,25980075,i,4,-0.07019288229205509,0.22885159973850966,0.4097723108032424,0.06621862536740813,-0.07019288229205509
1563,25980075,r,6,-0.25609567097533437,0.025367598024515603,0.04177154695412866,0.07264563518933245,-0.25609567097533437
1564,25997259,g,2,0.24325207982315133,0.011328267073667742,0.011328267073667742,0.057811249770254404,0.24325207982315133
1565,25997259,i,9,-0.12554603945105375,0.18823680545194146,0.35208286152542123,0.06487341542054446,-0.12554603945105375
1566,25997259,r,10,0.16713637747165058,0.16021532566664154,0.2527188738254662,0.07877682831884061,0.16713637747165058
1567,26008365,g,3,-0.8226631908697841,0.30508112942137355,0.3265199139179298,0.7017992980432033,-0.8226631908697841
1568,26008365,i,4,-1.208047864540713,0.5690531765630971,1.1633103377908802,0.9832552721444169,-1.208047864540713
1569,26008365,r,9,-1.1920916712004137,0.678098047981053,0.9180430988561661,1.2117030685990153,-1.1920916712004137
1570,26044671,i,9,-0.4178683804394627,0.1827336042885488,0.3377925901839338,0.10165468664909905,-0.4178683804394627
1571,26044671,r,6,-0.45187411293670976,0.14716284441829142,0.28350605551226354,0.10252343751384059,-0.45187411293670976
1572,26071214,g,2,-0.6247372437997265,0.01565417882323006,0.01565417882323006,0.3672972938667104,-0.6247372437997265
1573,26071214,i,14,-0.4095545092638901,0.1880761585836042,0.32176294953568035,0.18789756255609663,-0.4095545092638901
1574,26071214,r,10,-0.471000613256115,0.026090795028509528,0.0457249599869789,0.22117323825066687,-0.471000613256115
1575,26075306,g,4,-0.8454244982048019,0.0540779685123951,0.08865120028427631,0.6334738532141548,-0.8454244982048019
1576,26075306,i,2,-0.3814197634938773,0.12098716579638136,0.12098716579638136,0.14987933494187877,-0.3814197634938773
1577,26075306,r,5,-0.6025916318378812,0.02041333692090297,0.03416805007953916,0.3359602418845083,-0.6025916318378812
1578,2618381,i,10,-0.00284920665967775,0.05802258994693124,0.14602959520930409,0.019926701841865412,-0.00284920665967775
1579,2618381,r,13,-0.08012876826762394,0.08016515288894699,0.1417795015595138,0.015934410148834052,-0.08012876826762394
1580,26256242,g,5,0.08768792442786344,0.026048305465775634,0.04613400262914502,0.0064885665784806205,0.08768792442786344
1581,26256242,i,19,-0.013220204300919858,0.09183308999776985,0.1689432452167231,0.029759381719434153,-0.013220204300919858
1582,26256242,r,18,-0.24667188810800383,0.11070124973950951,0.19687291199705367,0.08441462972824272,-0.24667188810800383
1583,26259172,g,8,-1.0777428096652977,0.5507815538193246,1.0456245982524641,0.8548306310407833,-1.0777428096652977
1584,26259172,i,25,-0.9346176280451706,0.5441671752359438,0.9888670369541511,0.9518464330413375,-0.9346176280451706
1585,26259172,r,22,-0.8593551695786936,0.4777415944828107,1.0462369446370912,0.9349374396089547,-0.8593551695786936
1586,26386945,i,9,-0.6492463798240211,0.22540846390510738,0.42432758013525695,0.3303234031968767,-0.6492463798240211
1587,26386945,r,10,-0.5622604812741901,0.41688861652064924,0.8134812740897318,0.39500923816714073,-0.5622604812741901
1588,26432381,i,7,-0.5241609203983122,0.34874061640362786,0.8288457063368762,0.6036457978362945,-0.5241609203983122
1589,26432381,r,10,-0.790785967910161,0.49902807096336665,0.7810865612360658,0.6839258032896669,-0.790785967910161
1590,26439077,i,3,-0.2715556265864718,0.11391563999802656,0.2908583777191076,0.14106474234255795,-0.2715556265864718
1591,26439077,r,8,-0.5555365954058734,0.2836300454075762,0.5659556745300711,0.3083909159504475,-0.5555365954058734
1592,26459601,i,5,0.08508110326962814,0.1123633818769127,0.18919617365247965,0.03460898548520656,0.08508110326962814
1593,26459601,r,8,-0.029355116762687372,0.1767711825242204,0.34479759508037866,0.0343761832086876,-0.029355116762687372
1594,26559230,g,3,-1.4522231588458339,0.051924791203740384,0.4770749422221843,2.4948973808643964,-1.4522231588458339
1595,26559230,i,11,-1.3139292664625586,0.6386501989107234,1.3085003593990576,1.1171533114330308,-1.3139292664625586
1596,26559230,r,9,-0.7092508086220067,0.30550740235809715,0.7302559698177042,1.0704488898803577,-0.7092508086220067
1597,26562070,g,7,-0.7440715405518604,0.07149537607537892,0.30913513729310443,0.3948171983731136,-0.7440715405518604
1598,26562070,i,9,-0.7474176786393391,0.03595449048403332,0.06689239652896073,0.5406519143810121,-0.7474176786393391
1599,26562070,r,12,-0.8831501721165171,0.11477495201499388,0.20399299897586776,0.7808606789923546,-0.8831501721165171
1600,26569704,g,3,-0.8605600627326668,0.018242242544300513,0.27196991598374753,0.5137329165670633,-0.8605600627326668
1601,26569704,i,30,-1.0149240979619016,0.4697965431875558,0.8920266163453173,0.8140706860723105,-1.0149240979619016
1602,26569704,r,27,-0.922176097925929,0.29397765898198036,0.6320525299180684,0.7388504246619142,-0.922176097925929
1603,26584537,i,6,-0.7814092600969527,0.23102693426409582,0.3784221149986242,0.7476468785653213,-0.7814092600969527
1604,26584537,r,5,-0.7861881225393899,0.07051443434989046,0.10886608343102055,0.5602243341559541,-0.7861881225393899
1605,26641614,g,2,-0.8781772046688351,0.08548392648089431,0.08548392648089442,0.6811187639357821,-0.8781772046688351
1606,26641614,i,5,-0.3939503997830557,0.20778537871981867,0.394861519083715,0.18830820682503058,-0.3939503997830557
1607,26641614,r,7,-0.6019133559137791,0.06528234776606223,0.114978138376155,0.33337486104056907,-0.6019133559137791
1608,26664986,g,4,-0.6844481860092708,0.03512503049111848,0.13516764459691677,0.3598983366631721,-0.6844481860092708
1609,26664986,i,16,-1.3406408123850486,0.5238503210580103,1.0025629786818009,1.110808693059428,
1610,26664986,r,14,-1.493231112706949,0.5538095593781512,1.0249817046422316,1.458809750976134,
1611,26737705,g,3,-0.08170246838268058,0.006004792453147667,0.12639901974553713,0.045208954281765294,-0.08170246838268058
1612,26737705,i,16,-0.2348726112088277,0.3302467633017076,0.578813485744214,0.19919079650934968,-0.2348726112088277
1613,26737705,r,9,-0.45302866162665256,0.17583003358100435,0.3717318648828065,0.22727836831409526,-0.45302866162665256
1614,26737705,u,2,-0.8908428673739914,0.009930412998530702,0.009930412998530702,0.7816039183533028,-0.8908428673739914
1615,26746335,g,7,-0.595903821777338,0.1710905211472813,0.40674555103045595,0.2227822442093568,-0.595903821777338
1616,26746335,i,16,-0.6284712901699323,0.3339419641326793,0.7120856838300731,0.25269642310135154,
1617,26746335,r,17,-0.9553689055877785,0.33161772110421706,0.8568504278156789,0.5177242695396438,
1618,26754768,g,2,-0.596121754701064,0.1730050907119738,0.17300509071197379,0.36490601745453444,-0.596121754701064
1619,26754768,i,4,-0.6425035788978498,0.09812778583355025,0.18801536181229217,0.42716252708479785,-0.6425035788978498
1620,26754768,r,4,-0.7090658609088323,0.004489605473215752,0.015789180368428357,0.499623691714779,-0.7090658609088323
1621,26758520,g,8,-0.9206322259175639,0.172348812925044,0.31863761465889073,0.4501535176079862,-0.9206322259175639
1622,26758520,i,17,-0.9270233276372628,0.1876515364955067,0.3606215285428551,0.5286575232998768,
1623,26758520,r,16,-1.0392427056337352,0.14556556586393843,0.31958813835964117,0.6274125100845767,
1624,26780935,g,6,-0.5903752523482663,0.06951606545767797,0.14389131055879884,0.1626585486369253,-0.5903752523482663
1625,26780935,i,21,-0.9882001874444293,0.1807300197259366,0.3556945917770965,0.5930416188959295,-0.9882001874444293
1626,26780935,r,18,-0.8161074989663943,0.200068056044457,0.36078864441833725,0.6608758897534162,-0.8161074989663943
1627,26821876,i,9,-0.7666496833023625,0.10545547691632884,0.16425135904048138,0.46115560119161536,-0.7666496833023625
1628,26821876,r,7,-0.6896494383009222,0.21021320453922754,0.5455983634832422,0.4833957212324692,-0.6896494383009222
1629,26833097,i,7,-0.15791483215380353,0.227783534145499,0.3906153871208993,0.05293590372033864,-0.15791483215380353
1630,26833097,r,2,-0.7355473214146118,0.06302716173110756,0.06302716173110756,0.276086252437808,
1631,2684619,i,10,-0.06862428322077971,0.23598941374569332,0.44893744659536994,0.07209932599817957,-0.06862428322077971
1632,2684619,r,9,0.15538793086732838,0.1427487205252247,0.21056354439278968,0.048738615612586,0.15538793086732838
1633,26916855,g,5,-0.3013086907229755,0.02578797179675102,0.5503629059511302,0.3083576081618615,-0.3013086907229755
1634,26916855,i,3,-0.27109961173206776,0.09556124453654397,0.2262061732560269,0.15900909000880303,-0.27109961173206776
1635,26916855,r,5,-0.6173161025697343,0.27908194520394425,0.28865931131420464,0.4491296544354789,-0.6173161025697343
1636,26962945,i,6,-0.817562453084909,0.2808878797516705,0.4296804831314964,0.5480437676888857,-0.817562453084909
1637,26962945,r,7,-0.6255039545328445,0.08019363212082731,0.11539598098175596,0.5182211655322139,-0.6255039545328445
1638,26965328,g,2,-0.16821425884115881,0.18453666011122272,0.18453666011122272,0.07238418281938129,-0.16821425884115881
1639,26965328,i,4,-0.6498093412243955,0.36365498385695544,0.7715263769512091,0.5306359260206284,-0.6498093412243955
1640,26965328,r,6,-0.3394155045684991,0.2359574996173317,0.3687175160373065,0.23488192129437832,-0.3394155045684991
1641,26985551,i,5,-2.044475415578745,0.42431622060926455,0.6610123876740308,2.474736006874699,-2.044475415578745
1642,26985551,r,8,-1.7871432491585653,0.10900302339870727,0.510009806510197,2.823074304593188,-1.7871432491585653
1643,26993037,i,10,-0.3987567942782353,0.11944941633445116,0.1924848817268192,0.15117312456530488,-0.3987567942782353
1644,26993037,r,8,-0.4684435018815387,0.11882943410552316,0.2576263528251701,0.12696347945561143,-0.4684435018815387
1645,2701045,g,3,0.13776398105702636,0.22751049615440766,0.2404810221010058,0.05137610587380387,0.13776398105702636
1646,2701045,i,12,0.3443683448530951,0.22760343834121083,0.34043087547567386,0.19553423269863193,0.3443683448530951
1647,2701045,r,6,0.06731915471735453,0.04259604306306938,0.1082136329469645,0.014265159803675603,0.06731915471735453
1648,27020002,i,15,-0.9537810047214714,0.14438348938358514,0.21927600435208205,0.5845100985866601,-0.9537810047214714
1649,27020002,r,13,-0.7539948834399373,0.11180863953563769,0.1627531175135235,0.3577151887991483,-0.7539948834399373
1650,27074491,i,13,-0.5556187552334839,0.2538221518882151,0.525434363003759,0.29415847625071223,-0.5556187552334839
1651,27074491,r,10,-0.36498733691531116,0.1946980862837766,0.3063694987860688,0.12891665005300773,-0.36498733691531116
1652,27102937,g,5,-0.004779776465592356,0.18291498194567746,0.40566643731198826,0.07312215282562032,-0.004779776465592356
1653,27102937,i,32,-0.8933060021642247,0.23218130438106976,0.5887904489680643,0.37167940432162605,-0.8933060021642247
1654,27102937,r,27,-0.6727758384555116,0.2577726576114112,0.3756886813490027,0.3527167270446058,-0.6727758384555116
1655,2711780,g,3,-1.1017099386824756,0.09970721919401315,0.22193992207663615,0.8937497028398865,-1.1017099386824756
1656,2711780,i,5,-0.8776183801611843,0.29919062320630685,0.3739086653672745,0.7670242151028638,-0.8776183801611843
1657,2711780,r,14,-0.8433564304969784,0.0739559625472953,0.1277503171260902,0.6764342633560849,-0.8433564304969784
1658,27154814,g,3,-0.6573113320670971,0.0888539053238615,0.0921301391996433,0.39467341489692664,-0.6573113320670971
1659,27154814,i,3,-0.36681037366672475,0.08561176811348048,0.263359123476135,0.10955959809535891,-0.36681037366672475
1660,27154814,r,7,-0.3696866076776131,0.09136377033733367,0.1810555066493274,0.14564409486434116,-0.3696866076776131
1661,27199398,g,2,-0.420728149095625,0.22273300857131,0.22273300857131006,0.21430388015516103,-0.420728149095625
1662,27199398,i,7,-0.2966196181164467,0.07241035184868666,0.12236727419649987,0.3100006948489109,-0.2966196181164467
1663,27199398,r,5,-0.32678271603838616,0.004130939540040068,0.006567792319795873,0.30518261004492453,-0.32678271603838616
1664,27213468,g,5,-0.7991630764959667,0.08911271035779789,0.09836093355648134,0.6220564309739506,-0.7991630764959667
1665,27213468,i,9,-1.4922831725042143,0.5197153349315953,0.9224068216639574,1.3801486040438384,-1.4922831725042143
1666,27213468,r,14,-1.492789646856691,0.7237928707403611,1.2184327935486474,1.4051482479223925,-1.492789646856691
1667,27273391,g,7,-0.48659555875881544,0.19876476554575684,0.35989304742874795,0.20127441189663245,-0.48659555875881544
1668,27273391,i,18,-0.7591394237419784,0.5168330067150759,1.3707815579249694,0.8435865818699365,-0.7591394237419784
1669,27273391,r,25,-0.56395220110041,0.5115845814711156,1.293799835851319,0.7690085152902313,-0.56395220110041
1670,27273391,u,2,-0.9614977814760246,0.06374076221172231,0.06374076221172231,0.8281654807192067,-0.9614977814760246
1671,27298728,i,17,-1.0566665751382975,0.10781281686678335,0.20662309086510366,0.7119456610915057,-1.0566665751382975
1672,27298728,r,15,-0.79725821681796,0.1277743915340983,0.24728097499871948,0.1805088619046093,-0.79725821681796
1673,27368927,i,6,-0.702455707299462,0.2011431174078993,0.3307108524134118,0.3471297170892245,-0.702455707299462
1674,27368927,r,6,-0.44958732078547325,0.16974531049473252,0.2954275753200087,0.03378049327009158,-0.44958732078547325
1675,27389973,i,5,-0.2629845157159259,0.07091172660593531,0.13548961555473515,0.11888009660247274,-0.2629845157159259
1676,27389973,r,8,-0.08979554330655792,0.07055398967090909,0.19765109513089957,0.060580187178239216,-0.08979554330655792
1677,27403978,i,10,0.2306731554804094,0.1492582014312233,0.2844318535809175,0.13159307168954948,0.2306731554804094
1678,27403978,r,6,0.040565144545342324,0.05999554052356176,0.10618442241702417,0.0065599557275690225,0.040565144545342324
1679,27465919,g,2,-0.21323203803145446,0.019565069987544426,0.019565069987544426,0.04493240517407676,-0.21323203803145446
1680,27465919,i,5,-0.02620721246962049,0.0435061979818572,0.3104692799622089,0.028433012547339355,-0.02620721246962049
1681,27465919,r,6,-0.04953904642287796,0.10900425058625451,0.16394497914051082,0.02382791875208205,-0.04953904642287796
1682,27494114,g,4,-0.10209002645206217,0.015431336973242199,0.025300594481126842,0.011760317308885266,-0.10209002645206217
1683,27494114,i,2,-0.11781225332954415,0.36416963631486055,0.36416963631486055,0.1165131591643311,-0.11781225332954415
1684,27494114,r,3,0.053527092698125694,0.005454031139154242,0.00860595978646976,0.0033210609216203966,0.053527092698125694
1685,27494114,u,3,-0.6193196419347539,0.010494036064982337,0.09697302309832989,0.4515788839091999,-0.6193196419347539
1686,27534468,g,8,-0.4951876801716061,0.049522608869488116,0.07933300814951139,0.20979209389359338,-0.4951876801716061
1687,27534468,i,19,-1.0434869480625268,0.2558463863215763,0.5041616036467406,0.5383263676610639,-1.0434869480625268
1688,27534468,r,19,-0.7626011754873789,0.2300894759213451,0.41540438122082346,0.4156624510926948,-0.7626011754873789
1689,27596854,g,6,-0.6904369247651467,0.047531118837972786,0.09430567328387962,0.4312058164447441,-0.6904369247651467
1690,27596854,i,11,-0.20532733470255493,0.16518079424071636,0.35237733438383156,0.09903835245772999,-0.20532733470255493
1691,27596854,r,14,-0.36403672132489606,0.0575185464852519,0.12194066687551253,0.1170399392956755,-0.36403672132489606
1692,27603144,g,3,0.43444567244207777,0.08831789740766638,0.4759583708652263,0.1858839778712433,0.43444567244207777
1693,27603144,i,10,-0.8715203747385507,0.2865684103757063,0.5995143673193472,0.5016473849582536,-0.8715203747385507
1694,27603144,r,6,-0.4968095119638413,0.12486243120025883,0.5209696425460482,0.3596074122056385,-0.4968095119638413
1695,2762497,g,7,-0.40778450830103913,0.129470927447551,0.22080908382504105,0.21879478747593875,-0.40778450830103913
1696,2762497,r,5,-0.2892764170127955,0.062587953246942,0.12547666148359385,0.06381939754596683,-0.2892764170127955
1697,2762497,u,2,-1.176321442421463,0.04611874559511331,0.046118745595113086,1.2826607678023279,-1.176321442421463
1698,27652321,g,2,0.04868826684220573,0.49211259429077203,0.49211259429077203,7.693765719874881,0.04868826684220573
1699,27652321,i,5,-0.764092157437404,0.19442405223817105,0.6277059981546713,0.27483639760570994,-0.764092157437404
1700,27652321,r,7,-0.2244203947184782,0.15720844266154899,0.4264566347334664,0.12652311228305899,-0.2244203947184782
1701,27667137,g,4,0.885461989059138,0.2229785537953728,0.4155744552931345,0.2984050754246245,0.885461989059138
1702,27667137,i,13,-0.09044026531336036,0.1337305263962003,0.44454889504680994,0.07142780480605483,
1703,27667137,r,11,-0.07072313448477274,0.08479947048468528,0.17382520828389075,0.10420976463702533,-0.07072313448477274
1704,27713111,i,12,-0.9824855134381472,0.0598479465098668,0.10275002158878244,0.4392420256919682,-0.9824855134381472
1705,27713111,r,10,-1.3576100990018045,0.0939408153642649,0.15535070341124424,1.000525578611936,-1.3576100990018045
1706,27724833,g,2,-0.5714014218066702,0.06827244835080748,0.06827244835080748,0.33656488021307635,-0.5714014218066702
1707,27724833,i,6,-0.612666735713995,0.18276835765017474,0.57018233218342,0.27119236625144544,-0.612666735713995
1708,27724833,r,6,-0.12912890667833432,0.038664049623402474,0.1849772913691849,0.1322295163014335,-0.12912890667833432
1709,27724833,u,2,-0.7304744148253846,0.027556443513837126,0.027556443513837126,0.47529221214756545,-0.7304744148253846
1710,27748419,g,5,0.4730905647780337,0.08260386079814408,0.2750380113786923,0.14944656697429418,0.4730905647780337
1711,27748419,i,27,-0.11667595966815719,0.11042439745736149,0.5922178512428614,0.12355208112750748,-0.11667595966815719
1712,27748419,r,30,-0.32307119798438755,0.27078538999893353,0.7028527262850373,0.31200683509240446,-0.32307119798438755
1713,27777544,g,2,-0.5370038906545274,0.030342060949009486,0.030342060949009486,0.2382436977073247,-0.5370038906545274
1714,27777544,i,5,-0.6618024268117879,0.15815061165691846,0.21986325801621753,0.34589707957537763,-0.6618024268117879
1715,27777544,r,6,-0.5671821367184317,0.3915111074513973,0.7763966211208427,0.4802661433943738,-0.5671821367184317
1716,27784714,g,2,-0.1617343041576127,0.1289249275766069,0.1289249275766069,0.039125886356987716,-0.1617343041576127
1717,27784714,i,4,-0.21156286883200903,0.025228697541157752,0.06625434311971873,0.044435129523456296,-0.21156286883200903
1718,27784714,r,6,-0.24964609312159514,0.10916970774865342,0.22422656525949425,0.06812559157383959,-0.24964609312159514
1719,2787165,g,5,0.043386320676297885,0.025408757050745745,0.09949056510608512,0.005468262909900606,0.043386320676297885
1720,2787165,i,9,-0.7957452529149078,0.22779731620114685,0.4158387339487283,0.36381765349275297,-0.7957452529149078
1721,2787165,r,9,-0.22119090459581114,0.1896470144114326,0.6498457702420914,0.14530182500837557,-0.22119090459581114
1722,2787449,g,6,0.25948175218532377,0.16602267115033587,0.3885475160748343,0.08377876885095802,0.25948175218532377
1723,2787449,i,17,0.04507743130453201,0.20664000607417493,0.5302234754027713,0.051003595781718605,0.04507743130453201
1724,2787449,r,15,0.10662401702311342,0.12503976210872836,0.26188618602661856,0.045921417782825553,0.10662401702311342
1725,27878540,g,3,-0.3163328026144858,0.050983728621497804,0.14453366922544075,0.07519506826473842,-0.3163328026144858
1726,27878540,i,4,-0.47585824193661685,0.020167990117140128,0.06213151485388524,0.19897678329669166,-0.47585824193661685
1727,27878540,r,13,-0.4188541938940966,0.15354607350395372,0.4824390941001937,0.4056345898090023,-0.4188541938940966
1728,27883591,g,4,-0.5159223814380437,0.026999186124886165,0.23429517687577223,0.21604040421642492,-0.5159223814380437
1729,27883591,i,6,-0.06771390127165233,0.07321142644236112,0.13498959730574123,0.00982387652887127,-0.06771390127165233
1730,27883591,r,6,-0.3122448803722817,0.02104895865489448,0.11705355374444307,0.06947202648637753,-0.3122448803722817
1731,27883591,u,4,-0.8716804835723773,0.045508721834752075,0.09932977732556025,0.6213472534175145,-0.8716804835723773
1732,2791187,g,2,0.14857333446905419,0.35764973673666567,0.35764973673666567,0.13706627803698354,0.14857333446905419
1733,2791187,i,16,-0.2094471234332885,0.13172639105084072,0.28328262485938627,0.13632889696778439,-0.2094471234332885
1734,2791187,r,15,-0.2100233685193219,0.08137015193448616,0.1353771990696574,0.0816586072988552,-0.2100233685193219
1735,27938250,g,6,-0.19211102313766829,0.031200354485432236,0.0470707814045849,0.043030571951519624,-0.19211102313766829
1736,27938250,i,8,-0.0940405571526606,0.26216670429082517,0.5022111677375871,0.07442791959047655,-0.0940405571526606
1737,27938250,r,9,-0.11942793495419235,0.12700226694963967,0.2915260473968356,0.02959543875268012,-0.11942793495419235
1738,27938250,u,2,-0.6809945379107651,0.002778295422740884,0.002778295422740884,0.4522951791510159,-0.6809945379107651
1739,2799845,g,3,-0.34911079359863706,0.05360879596357382,0.07228283658751167,0.08935631381450188,-0.34911079359863706
1740,2799845,i,26,-1.3642775914843623,0.7876330578243363,1.5572317673833211,1.3154974543567073,-1.3642775914843623
1741,2799845,r,25,-1.1512492976854645,0.544766452648811,0.9808340030363865,1.0957835665234725,-1.1512492976854645
1742,28034720,g,5,-0.21836965363876926,0.08397990366949204,0.26384305249290496,0.037552047815300874,-0.21836965363876926
1743,28034720,i,12,-0.001235792137201458,0.1489823253436234,0.3769154839956997,0.05441109251330339,-0.001235792137201458
1744,28034720,r,16,-0.05651388646212552,0.1879065866829283,0.4478244504347663,0.06962154838284731,-0.05651388646212552
1745,28048471,g,2,-0.3673007855496336,0.2401900229945802,0.24019002299458023,0.18379413014041718,-0.3673007855496336
1746,28048471,i,5,-0.34290849813622126,0.08060815218819178,0.08169232307512203,0.14000587191005645,-0.34290849813622126
1747,28048471,r,6,-0.35536136849735683,0.11701695571436352,0.1963988009585995,0.12840675617499384,-0.35536136849735683
1748,28057102,g,5,-0.2862918343122156,0.082503072049249,0.14195116469301694,0.08258720164137252,-0.2862918343122156
1749,28057102,i,5,0.6988757141032881,0.4854250083127837,1.013663577307386,0.5973010558309293,0.6988757141032881
1750,28057102,r,6,-0.013209483691641155,0.05088977825718155,0.08081017404836652,0.035831070068251834,-0.013209483691641155
1751,28116824,g,6,0.08400492902509643,0.2069452110978207,0.4020916518455878,0.05862165044488213,0.08400492902509643
1752,28116824,i,25,-0.4451224496174303,0.309762971101755,0.624956926141565,0.24568092330674968,-0.4451224496174303
1753,28116824,r,20,-0.6270140608052704,0.472054459195103,0.9145825293657618,0.3558718191451612,-0.6270140608052704
1754,28121664,g,4,0.09501689345254977,0.314177543969982,0.652626201049731,0.13955670093077707,0.09501689345254977
1755,28121664,i,3,0.23910288283669678,0.16662658524579885,0.19851528527056633,0.08592996938057873,0.23910288283669678
1756,28121664,r,4,0.1550591156805379,0.039328878806366846,0.09533484853967947,0.023319425337975107,0.1550591156805379
1757,28123235,i,6,-0.3589338292726641,0.2264988326536826,0.36218854998709527,0.14483158358339374,-0.3589338292726641
1758,28123235,r,5,-0.7638039821994047,0.02897240785090127,0.07132458447397327,0.4624964350552075,-0.7638039821994047
1759,28147820,i,3,-0.6508602832002582,0.07740860096247704,0.1429833886931,0.314326211177991,-0.6508602832002582
1760,28147820,r,7,-0.7879989411440539,0.16766328505762873,0.3130269811535197,0.4612722105735407,-0.7879989411440539
1761,28147820,u,2,-1.2850537457503353,0.3204466256834873,0.32044662568348725,1.7128342672868249,-1.2850537457503353
1762,28165575,i,12,-1.5862127511901192,0.35886467993760696,0.7938497764475136,0.8126639838963001,-1.5862127511901192
1763,28165575,r,10,-1.6084881983356807,0.3382997669824168,0.8498034107705155,1.1508497458240963,-1.6084881983356807
1764,28167633,i,7,-2.453766752781752,0.2991491635749379,0.44816551045496356,5.363867892671673,-2.453766752781752
1765,28167633,r,4,-2.4272592132100224,0.21871617310380653,0.44498652915780035,4.199606174754257,-2.4272592132100224
1766,28262118,i,12,-0.048456765830872106,0.10110785225884861,0.29849149454945567,0.04176031751663473,-0.048456765830872106
1767,28262118,r,9,-0.08029991980976647,0.07023461160685618,0.15877544755245787,0.01941602432691282,-0.08029991980976647
1768,28271923,i,13,-1.4745472731862186,0.4636223528927095,0.9952571502035675,1.4179375951040603,-1.4745472731862186
1769,28271923,r,11,-1.8556259920723084,0.5416280505846875,1.0703657252508294,1.9394612947671475,-1.8556259920723084
1770,28283975,g,6,-0.18499004088056156,0.07161960646506815,0.1077921372825051,0.044348215679804404,-0.18499004088056156
1771,28283975,i,17,-0.08390692898928709,0.1893019019892126,0.4389864221883536,0.1665155548742114,-0.08390692898928709
1772,28283975,r,18,-0.14825720870989095,0.3236043003049292,0.6730450899974565,0.2648275762426441,-0.14825720870989095
1773,28296440,i,8,-0.6309775707826597,0.15303149117266496,0.3183624811815748,0.4990520636657222,-0.6309775707826597
1774,28296440,r,10,-0.7849056522850181,0.04176226219269208,0.08651220632182222,0.6072939346242936,-0.7849056522850181
1775,28354134,g,4,0.06995688449805768,0.3676077707514886,0.6553313549947859,0.16372233786222298,0.06995688449805768
1776,28354134,i,10,-0.40060256378897174,0.19928170220241215,0.36844496117285497,0.2086317951663761,-0.40060256378897174
1777,28354134,r,10,-0.188255259612995,0.1630983181125923,0.6484315044686444,0.14745652324119474,-0.188255259612995
1778,28360539,g,3,-0.35189414790786,0.06355196880120523,0.13277188646525645,0.11426002452054927,-0.35189414790786
1779,28360539,i,17,-0.48022105582505736,0.3480451562905083,0.6644498201991464,0.32079870608545685,-0.48022105582505736
1780,28360539,r,14,-0.5260589632242795,0.2327752711988595,0.47436715669449986,0.23614490282526707,-0.5260589632242795
1781,28361570,g,5,-0.6308955154391456,0.013847346551568718,0.0255853126895087,0.32840973774358484,-0.6308955154391456
1782,28361570,i,10,-0.7587184933997416,0.358898261528594,0.7813405783941854,0.2760335938148596,-0.7587184933997416
1783,28361570,r,9,-0.5942007480169078,0.21208277356432448,0.48252487719548715,0.4652647235677843,-0.5942007480169078
1784,28370558,g,2,0.11119096706368503,0.2722607111116851,0.2722607111116851,0.08416872953324162,0.11119096706368503
1785,28370558,i,3,-0.06187138836382683,0.08068116148457583,0.11941998543832574,0.016329221349801182,-0.06187138836382683
1786,28370558,r,6,-0.2856008624305973,0.05783803558135192,0.3184376202045537,0.07800659047550244,-0.2856008624305973
1787,28370558,u,2,-0.8623235139971775,0.09669920391826647,0.09669920391826659,0.6902643023690934,-0.8623235139971775
1788,28420063,i,6,-0.5275697127004733,0.051229617149842754,0.10225222411951507,0.24717335532717136,-0.5275697127004733
1789,28420063,r,5,-0.5375319107354519,0.04996949616677193,0.10315519977479098,0.2515330297394628,-0.5375319107354519
1790,28445091,g,2,0.0368534076181245,0.2504528597833672,0.2504528597833672,0.06234220423789781,0.0368534076181245
1791,28445091,i,18,-0.27526691556187904,0.43824105348025266,0.7549824842806104,0.2911219990862122,-0.27526691556187904
1792,28445091,r,18,-0.3602451201231647,0.518241445830394,0.9332141007672377,0.38220960379042235,-0.3602451201231647
1793,28452464,g,3,-0.6326676572819996,0.0034443630985399043,0.09999013641419907,0.3053415460936477,-0.6326676572819996
1794,28452464,i,3,-0.11388098812337888,0.03441357559359165,0.07289189947850735,0.010501046727196041,-0.11388098812337888
1795,28452464,r,7,-0.339556785547483,0.11109706136188974,0.17614095918241301,0.1244000215524984,-0.339556785547483
1796,28473456,i,18,0.13169472383056596,0.13532887607613922,0.24797840196869672,0.056621256109026824,0.13169472383056596
1797,28473456,r,21,0.1315637211324111,0.06816210009076396,0.1171367768538043,0.039882357679059094,0.1315637211324111
1798,28505537,g,2,-0.1287586489106829,0.05113827274379812,0.05113827274379812,0.018200549931914903,-0.1287586489106829
1799,28505537,i,7,-0.43492502455763526,0.2684685485672348,0.4714992455945648,0.18892812902976702,-0.43492502455763526
1800,28505537,r,7,-0.2141728031726281,0.1057864189623211,0.20331981692779055,0.08640351526206917,-0.2141728031726281
1801,28584304,i,7,-0.7123087828864851,0.043947128503920796,0.1473937138826591,0.4158517646847675,-0.7123087828864851
1802,28584304,r,5,-0.5751167204074108,0.31192403337918795,0.5215540632357727,0.3834138748951316,-0.5751167204074108
1803,28678065,i,11,-1.4009220689704265,0.5585843526784575,1.4738503729700996,1.0124780957889392,-1.4009220689704265
1804,28678065,r,7,-0.2529467650216456,0.07328771984749155,0.08343192038449385,0.07076235924506497,-0.2529467650216456
1805,28742621,i,8,-0.28780844469888034,0.026253021279178113,0.08963923037284954,0.058693072735374656,-0.28780844469888034
1806,28742621,r,7,-0.17410652044764285,0.11815297149666026,0.2756180474233842,0.06286926912960215,-0.17410652044764285
1807,28760403,g,3,-0.36223653233689124,0.00441284834529776,0.22681581066266338,0.09342843717917461,-0.36223653233689124
1808,28760403,i,8,-0.2665916105739534,0.15816515588455737,0.3409023544342743,0.07611233341259549,-0.2665916105739534
1809,28760403,r,10,-0.27055318354517943,0.10930370850761267,0.4352060107765547,0.12629979443385977,-0.27055318354517943
1810,28786120,i,8,-0.33562862908193125,0.21344286674020502,0.4675085209976403,0.14365715401598383,-0.33562862908193125
1811,28786120,r,4,-0.40059776156336513,0.02427902972004825,0.05397269100526986,0.18154352539035212,-0.40059776156336513
1812,28808621,i,9,-0.08249419417273185,0.09301340136727843,0.17908657362186325,0.16977817527742933,-0.08249419417273185
1813,28808621,r,10,-0.15064506649578366,0.0679010368144819,0.12218474756356487,0.09802224992047306,-0.15064506649578366
1814,28814931,i,7,-1.5309939217079678,0.35880759344672475,0.56694434541809,1.5091081333190413,-1.5309939217079678
1815,28814931,r,7,-1.73529203176941,0.4217228515911744,0.4735709629849256,1.9371816994513076,-1.73529203176941
1816,28822107,g,4,-0.41930379364619125,0.01958243247682373,0.03914029494053506,0.17425788733410635,-0.41930379364619125
1817,28822107,i,4,-0.29566361911935607,0.16622442521212238,0.29847722182699526,0.1067652842706652,-0.29566361911935607
1818,28822107,r,8,-0.23070725536583186,0.1528417054032884,0.2540020655810925,0.07509673926042194,-0.23070725536583186
1819,28836761,g,2,-0.20101369035611635,0.0352241201411472,0.03522412014114723,0.04994112652000979,-0.20101369035611635
1820,28836761,i,8,0.19405514996797035,0.07042784472641354,0.28727405809995854,0.24527200452618694,0.19405514996797035
1821,28836761,r,6,0.25045625029957386,0.06828081865918328,0.19084986989966,0.15423033650695742,0.25045625029957386
1822,2886474,g,2,-0.5844256603399791,0.04290525059507938,0.042905250595079436,0.33856041175452195,-0.5844256603399791
1823,2886474,i,14,-0.7407464235223327,0.3567790987989429,0.48132421942356807,0.46969362933545605,-0.7407464235223327
1824,2886474,r,13,-0.9368190179075899,0.3441310065198575,0.7603498118308015,0.4897551047172674,-0.9368190179075899
1825,28930049,g,5,-0.9944554620470678,0.0519278195399393,0.07789657736239941,0.867099997092344,-0.9944554620470678
1826,28930049,i,16,-2.0375991136815625,0.6047087545741232,1.6270921242998908,2.6806192079141398,-2.0375991136815625
1827,28930049,r,17,-1.8224197911981672,0.6538426580342926,1.170164195069395,2.45292880603346,-1.8224197911981672
1828,2895702,i,9,-0.5392924392247743,0.34519774965881134,0.4101019912403313,0.39296322912010445,-0.5392924392247743
1829,2895702,r,3,0.1531515734177904,0.04003632649017405,0.4839450783036356,0.18350316235050715,0.1531515734177904
1830,28975441,i,3,-0.36734756610850355,0.08466106600833695,0.2814047085060317,0.21680988534037585,-0.36734756610850355
1831,28975441,r,7,-0.2444041989836787,0.11590679625616329,0.2087185014241271,0.07708483394271816,-0.2444041989836787
1832,28975441,u,2,-1.0160863033042358,0.17635162408172023,0.17635162408172034,0.8455469913945092,-1.0160863033042358
1833,28978516,i,12,0.17804774026547943,0.13959591642033858,0.35123560137007326,0.09126440107119053,0.17804774026547943
1834,28978516,r,10,0.199780807435675,0.10570517606574742,0.233318962300671,0.0809461685002154,0.199780807435675
1835,2898494,g,6,0.09157223568626194,0.02913891181313999,0.1602173787600119,0.016453333914262746,0.09157223568626194
1836,2898494,i,15,0.14404608640157662,0.1317854849524506,0.20978909361043532,0.05554047544125616,0.14404608640157662
1837,2898494,r,11,0.09245464785492818,0.08104067344251376,0.2478573088823665,0.05478588919186523,0.09245464785492818
1838,29008168,g,9,-0.08453136947682083,0.30057863193811096,0.6462271925393852,0.1929722880729006,-0.08453136947682083
1839,29008168,i,22,-0.36086421555578085,0.073679443134542,0.16600921548233566,0.0983704326447504,-0.36086421555578085
1840,29008168,r,17,-0.3142384431956913,0.046451024275115715,0.09120469895185712,0.09913158257364821,-0.3142384431956913
1841,29008168,u,5,-1.4236688492734129,0.043444007732935885,0.06122654230618818,1.9214926504784635,-1.4236688492734129
1842,29091418,g,10,-0.29163042491280855,0.18266054014770405,0.3545897773485375,0.14174506553880561,-0.29163042491280855
1843,29091418,i,20,-0.7563274903574411,0.25298528910950113,0.508983886840207,0.3457827087703453,-0.7563274903574411
1844,29091418,r,20,-0.6393168316138067,0.29592313515784996,0.5770804276511775,0.4000667298632994,-0.6393168316138067
1845,29091418,u,3,-0.3977851016999545,0.0893105672864265,0.12508535541942833,0.13910665943253,-0.3977851016999545
1846,29134027,i,6,0.013355039359151888,0.06143444042824482,0.10665712927977851,0.08453325355425667,0.013355039359151888
1847,29134027,r,7,-0.014590434296509247,0.08960001692348935,0.12427863908117326,0.016770450104100654,-0.014590434296509247
1848,29223418,g,4,-0.3949795857339339,0.04911256557478616,0.12470634502023759,0.13054108995138022,-0.3949795857339339
1849,29223418,i,11,-0.7927428188248355,0.44035676696797577,0.6621015278967937,0.5043302849340688,-0.7927428188248355
1850,29223418,r,9,-0.6733094581205158,0.2362543389219518,0.44388456477909777,0.4753609673434882,-0.6733094581205158
1851,29280050,g,3,-0.20284453483490572,0.03672950703670619,0.04702752236757557,0.043155128465423166,-0.20284453483490572
1852,29280050,i,6,0.0803936116427889,0.08707333092145433,0.13578183877915956,0.09678953169344,0.0803936116427889
1853,29280050,r,7,0.07336839042955207,0.05386281644245211,0.08016610108342695,0.04041738898127164,0.07336839042955207
1854,29301263,g,4,-0.17702019831431481,0.1018109786230747,0.25077456187043645,0.11202515749750927,-0.17702019831431481
1855,29301263,i,8,0.07382463191634897,0.16215106182100575,0.287196205556054,0.0330204239929393,0.07382463191634897
1856,29301263,r,10,-0.1807044298929818,0.11715491267421459,0.19153300434469603,0.07617529140154217,-0.1807044298929818
1857,29324180,g,5,-0.453079656889971,0.00991737168652973,0.29211162169436133,0.12844335277705357,-0.453079656889971
1858,29324180,i,16,-0.40799793917976324,0.19044007058331047,0.35205407144907597,0.2035790159483231,-0.40799793917976324
1859,29324180,r,14,-0.33119008714635767,0.04870947388428659,0.06432136168039798,0.10188694091439561,-0.33119008714635767
1860,29324180,u,2,-0.7650698495417267,0.03584331918721073,0.03584331918721073,0.4853420498267045,-0.7650698495417267
1861,29324931,g,4,-0.48508188771044414,0.2836607163367799,0.6135314418880803,0.31247514455785663,-0.48508188771044414
1862,29324931,i,3,-0.09252234695264339,0.2962393895535717,0.8193723502429927,0.5047834686763243,-0.09252234695264339
1863,29324931,r,7,-0.36539964020043514,0.20284106661692813,0.3081425228823853,0.1704493744561785,-0.36539964020043514
1864,29338634,i,8,-0.12472318076944722,0.16714591887653651,0.4547174370993143,0.1886455550041893,-0.12472318076944722
1865,29338634,r,8,-0.2961751969928606,0.171748629079583,0.35647094906051147,0.16717367963733812,-0.2961751969928606
1866,29341796,g,6,-0.7972011834969306,0.007193222379557329,0.013143803892093242,0.5871951261477378,-0.7972011834969306
1867,29341796,i,4,-1.3728775664077706,0.22527069030555613,0.45043158954066964,1.1759000431600177,-1.3728775664077706
1868,29341796,r,6,-0.7959837825201146,0.009518383602032998,0.2150173291427061,0.7034634742234925,-0.7959837825201146
1869,29341796,u,3,0.8050592192497916,0.026653340165690764,0.10065521150474277,0.4168191693832892,0.8050592192497916
1870,29362181,g,3,-0.05446188296929311,0.06493181194529596,0.09325427119838298,0.006859774807295595,-0.05446188296929311
1871,29362181,i,7,-0.030781259594920618,0.061506984500863615,0.3392448588426328,0.07221502359568052,-0.030781259594920618
1872,29362181,r,10,-0.21820457789393533,0.19504796084358847,0.3846388534728173,0.12894077479310784,-0.21820457789393533
1873,29378107,g,8,-0.7458235928725345,0.09071354373836793,0.19684507774163107,1.4949316900834955,-0.7458235928725345
1874,29378107,i,30,-0.7710461453203973,0.2610245268541137,0.45781021768746166,0.4505347289503664,
1875,29378107,r,32,-0.8588668036050137,0.2361491093040372,0.500458178451058,0.5028078902536071,-0.8588668036050137
1876,29390166,i,6,-0.07007382711922025,0.32900270844350016,0.5241144434632478,0.10868144314618981,-0.07007382711922025
1877,29390166,r,11,-0.3245760366173148,0.1896247711040253,0.3797642048134105,0.14394263001704782,-0.3245760366173148
1878,29403489,g,6,-0.005793308592892288,0.10731600687678622,0.20368849313236448,0.014291588099872868,-0.005793308592892288
1879,29403489,i,23,-0.8962271287921124,0.1407289942570814,0.29740281139078306,0.5285158452625456,-0.8962271287921124
1880,29403489,r,16,-0.7772039169480524,0.16200356038792518,0.27990886300058637,0.39245834728646745,-0.7772039169480524
1881,29428655,g,3,-0.590045214761875,0.029449688401775642,0.03053464949289808,0.3357632342381653,-0.590045214761875
1882,29428655,i,10,-0.29497187702683814,0.09066981988243801,0.315841128303215,0.3718581172185151,-0.29497187702683814
1883,29428655,r,7,-0.4721897216411648,0.26066081477665204,0.529763499975922,0.25393555378997923,-0.4721897216411648
1884,29464031,i,13,-0.45477240250531936,0.23307629699812427,0.4837749750136647,0.24251353421804916,-0.45477240250531936
1885,29464031,r,16,-0.6186237602241123,0.23774554548815974,0.38362704169339407,0.41509982478221624,-0.6186237602241123
1886,29560990,g,3,-0.44096065473598545,0.17750294334265382,0.2409873311765633,0.20746533338873716,-0.44096065473598545
1887,29560990,i,4,-1.1210309919036154,0.10693764167930703,0.16740862631448472,1.28504779706393,-1.1210309919036154
1888,29560990,r,7,-0.5647314875321181,0.10263218468742985,0.18493135244869396,0.4151116530552178,-0.5647314875321181
1889,29568820,g,2,-0.39634057292221236,0.039846821937813554,0.03984682193781358,0.16169513426541887,-0.39634057292221236
1890,29568820,i,3,-0.7641254470368408,0.0856829803557908,0.27189979173531464,0.36748966423330726,-0.7641254470368408
1891,29568820,r,6,-0.6637040505851539,0.18923635908634856,0.579018874462861,0.37827328981286756,-0.6637040505851539
1892,29600184,g,3,-0.8909044324728572,0.06077990407293865,0.0716976213062327,0.7480027260637132,-0.8909044324728572
1893,29600184,i,10,-1.0339490209168336,0.1647416061303914,0.3842722945180699,0.8775230846642245,-1.0339490209168336
1894,29600184,r,11,-0.8676402533660397,0.15708856912869829,0.3289541994824743,0.7122374252803089,-0.8676402533660397
1895,29617376,g,5,-0.68110036235116,0.04847875324748796,0.08774859796412271,7.292195544005686,-0.68110036235116
1896,29617376,i,24,-0.8369601574770424,0.3223691899749974,0.7281733621518056,0.469434827361096,-0.8369601574770424
1897,29617376,r,24,-0.8616717429205106,0.30763727933010454,0.7754098262239087,0.5473676570280265,-0.8616717429205106
1898,29635519,i,12,-0.143611163729936,0.09212731834488491,0.18674396932005888,0.06128233159111047,-0.143611163729936
1899,29635519,r,15,-0.05680639003720156,0.12004665209564164,0.2356455316848588,0.03230766918368979,-0.05680639003720156
1900,29643560,g,3,-0.5037721831592621,0.007345514399731856,0.04386095746136154,0.25172667552206723,-0.5037721831592621
1901,29643560,i,6,-0.12243704978857874,0.11733401685357712,0.19978814243226126,0.02577779703376538,-0.12243704978857874
1902,29643560,r,7,-0.08991410885686354,0.05187893914917652,0.14287678868488712,0.025632773481502273,-0.08991410885686354
1903,29670870,g,3,-0.5097822438804582,0.007065985977464884,0.053129401829411615,0.3238736825699506,-0.5097822438804582
1904,29670870,r,4,-0.20822526087137785,0.17915606026335323,0.29845784097618133,0.0992746899839542,-0.20822526087137785
1905,29670870,u,4,-1.3007919501569867,0.061227150456380386,0.2255505927548802,1.375363564431146,-1.3007919501569867
1906,29680888,g,6,-0.19793337436862318,0.09753357179409244,0.35856207223907904,0.06614456096890241,-0.19793337436862318
1907,29680888,i,9,-0.9889465014845622,0.10820536480535914,0.3993949326376821,0.46378570493374394,-0.9889465014845622
1908,29680888,r,11,-0.8590543591373472,0.4461224846576505,0.7299261320887592,0.52917825289548,-0.8590543591373472
1909,29748926,i,8,-0.8505177763648802,0.18258333608945854,0.27680019633135833,2.491131520350931,-0.8505177763648802
1910,29748926,r,3,-1.0058953133493298,0.16987054420150693,0.3880398294860601,0.8771776863380797,-1.0058953133493298
1911,29751953,g,3,-0.47345426580329764,0.023134767639256815,0.5417446575509881,0.24142715504161597,-0.47345426580329764
1912,29751953,i,11,-1.512652536402552,0.43004543075363877,0.8794168560698086,0.7365330955893069,-1.512652536402552
1913,29751953,r,9,-0.536231710066212,0.3895330196670622,0.6961809814168206,0.415758818636097,-0.536231710066212
1914,29760814,g,2,-0.39030688427633065,0.019071755818786063,0.019071755818786063,0.07675765486784367,-0.39030688427633065
1915,29760814,i,9,-1.0298376301773149,0.27321052815786473,0.4575687758528886,0.4959501628659661,
1916,29760814,r,8,-1.3405926039025964,0.2878583197308504,0.5829746897493351,0.9227694877987918,
1917,29772042,i,6,-0.20331976197704865,0.179503388282634,0.33558368954281537,0.16987497205554067,-0.20331976197704865
1918,29772042,r,10,-0.3786876460809686,0.1624651164750438,0.2703388616430652,0.11927594661061436,-0.3786876460809686
1919,29772042,u,2,-1.0748608578290937,0.20310817714755702,0.20310817714755713,1.0400400266979077,-1.0748608578290937
1920,29790723,g,4,-0.20133688312763565,0.15137447568602214,0.34260707876359414,0.09110093898863314,-0.20133688312763565
1921,29790723,i,13,-0.8720583935008579,0.7446954360731834,1.223472964284194,1.4618014545519853,-0.8720583935008579
1922,29790723,r,14,-0.42341119203987687,0.37713696853611245,0.7930161764973387,0.31467676978999876,-0.42341119203987687
1923,29798926,g,2,-0.006734726967764226,0.2888636128154422,0.2888636128154422,0.087727884448247,-0.006734726967764226
1924,29798926,i,9,-0.17678684450042692,0.27116833591599787,0.6104268648572373,0.2647227827010304,-0.17678684450042692
1925,29798926,r,12,-0.16545590528051457,0.25400187570018856,0.403321655948229,0.11410822272873311,-0.16545590528051457
1926,29799244,i,15,-0.8634363974247325,0.1720043815893717,0.3469359294179276,0.3939668700971303,-0.8634363974247325
1927,29799244,r,8,-0.9298150284824289,0.15988827017516338,0.24091835910768167,0.4805742610060256,-0.9298150284824289
1928,29826093,g,4,-0.2089798271253177,0.020224217410325596,0.026312991401802655,0.04967762494399142,-0.2089798271253177
1929,29826093,i,8,-0.003809801557447534,0.06001671145611012,0.20748805861867553,0.06264958848614967,-0.003809801557447534
1930,29826093,r,9,-0.001915388543517027,0.06739306673231793,0.11793389737926521,0.008899202439027691,-0.001915388543517027
1931,29826093,u,4,-0.8230048138409722,0.0681752595469367,0.15357571811457693,0.7095957483844897,-0.8230048138409722
1932,29835044,i,5,-0.07946534223397742,0.024385523232664713,0.05680578314626125,0.005413797520423371,-0.07946534223397742
1933,29835044,r,6,0.10577601313451723,0.08849952679801387,0.14645116653430523,0.01872626980709625,0.10577601313451723
1934,29850305,i,5,-0.8617641816364714,0.13070617110343985,0.14975127479755967,0.5078336131894138,-0.8617641816364714
1935,29850305,r,6,-0.478399949390112,0.10094324519873205,0.16804370713051664,0.2813967913342848,-0.478399949390112
1936,29852101,g,2,-0.08657402411018345,0.06995922448677694,0.06995922448677694,0.011719845630870664,-0.08657402411018345
1937,29852101,i,13,-0.9742729788642484,0.10663252693785363,0.16014969945186386,0.4673856273257175,-0.9742729788642484
1938,29852101,r,7,-0.3631672674790185,0.0703906864156334,0.32750694562043703,0.14287049817456968,-0.3631672674790185
1939,2985355,g,3,-0.12669680339388795,0.016366771802587166,0.08905014512659634,0.03640793220817893,-0.12669680339388795
1940,2985355,i,7,0.2729056056461387,0.14459444628685253,0.3026474560574778,0.19664214529305113,0.2729056056461387
1941,2985355,r,8,0.10884520304052649,0.11466538152970063,0.15971726943330966,0.05798013815371415,0.10884520304052649
1942,2985355,u,2,-0.8355521226986875,0.24134210296185304,0.2413421029618531,0.7274258414091267,-0.8355521226986875
1943,29875992,i,10,-0.2935491318949453,0.40056548090740174,0.906428665674493,0.19809653801902363,-0.2935491318949453
1944,29875992,r,9,-0.3252948085001628,0.2533913428525605,0.4559861250842314,0.20809743573230027,-0.3252948085001628
1945,29906318,g,5,-1.3249341690446914,0.06682548611192018,0.11294480182725675,3.311435586503028,-1.3249341690446914
1946,29906318,i,3,-0.4699502855451408,0.006669276109202871,0.5761417711597552,0.5847129409688678,-0.4699502855451408
1947,29906318,r,4,-2.0015459590403375,0.12963871692674434,0.19954617371828398,2.099420183374193,-2.0015459590403375
1948,29909990,i,8,-1.8491148664698107,0.4701306324551354,0.8697333545842825,1.2042705394795603,-1.8491148664698107
1949,29909990,r,5,-1.9285212550393576,0.4010846933955454,0.7444171700082101,1.9196602629425787,-1.9285212550393576
1950,29936276,g,3,-1.0852691384498703,0.09614744166336298,0.18316248382213784,0.9274216775329583,-1.0852691384498703
1951,29936276,i,16,-0.5533635895050489,0.329805710680623,0.5566794719110151,0.49524803439314435,-0.5533635895050489
1952,29936276,r,20,-0.801861959731238,0.09987080600051834,0.21343417268408826,0.7083181167253353,-0.801861959731238
1953,29961304,i,4,-0.13151902838696072,0.07943230185436678,0.16169586459612373,0.029967468407622398,
1954,29961304,r,2,-0.6524182228891344,0.12504064921888935,0.12504064921888935,0.27492351207138943,
1955,30007202,i,8,-0.8326650135330916,0.4710393027890121,0.9090024944687909,1.868513418415052,-0.8326650135330916
1956,30007202,r,8,-0.9741683608100844,0.3254819097146685,0.5656638949383587,0.7132451028343754,-0.9741683608100844
1957,30020314,g,4,-0.5265603388907789,0.0873811738334187,0.2105018485973763,0.2232968171471485,-0.5265603388907789
1958,30020314,i,11,-0.12169057034070863,0.04552919529726085,0.08082593373009636,0.014262241548923778,-0.12169057034070863
1959,30020314,r,11,-0.11317156134226258,0.19906370962165343,0.30217405782718004,0.04496492322250085,-0.11317156134226258
1960,30106856,i,5,-0.09719335257735384,0.10046408666742679,0.19230215632163866,0.04436156960121409,-0.09719335257735384
1961,30106856,r,6,0.006818413908646542,0.09963946236583751,0.16080082048060312,0.024095074556444735,0.006818413908646542
1962,30120940,i,12,-2.207975588792703,0.21494843700925625,0.4440249460793986,4.71618448264205,-2.207975588792703
1963,30120940,r,15,-1.7781920925153119,0.16426012745080154,0.27165233560113955,2.9883337174976066,-1.7781920925153119
1964,30122416,g,4,-0.09317563908601392,0.21774870674632635,0.3463026251436291,0.07915455286954445,-0.09317563908601392
1965,30122416,i,3,-0.6564349657481368,0.26333956487236065,0.34097762596020786,0.3376195190721743,-0.6564349657481368
1966,30122416,r,7,-0.4049754942985402,0.06152244828576958,0.23267869803302785,0.1530827076488011,-0.4049754942985402
1967,30122416,u,2,-0.6531696728193094,0.05496326539582952,0.05496326539582941,0.3932533945496266,-0.6531696728193094
1968,30129880,i,6,-0.9892361445771725,0.1775249888830872,0.36644517082979844,0.41835394455152913,-0.9892361445771725
1969,30129880,r,8,-1.1995243625013596,0.15903945251968477,0.22368351228262218,0.8740771244530439,-1.1995243625013596
1970,30158542,i,15,-0.6893807853334557,0.13495607471692983,0.3064037623907635,0.29728093524489985,-0.6893807853334557
1971,30158542,r,16,-0.7894633698311522,0.20739390400349567,0.39088435561866075,0.48752778162298965,-0.7894633698311522
1972,30167330,i,7,-0.13278423335431966,0.10206266621108417,0.17319927113689382,0.05542084469080894,-0.13278423335431966
1973,30167330,r,8,-0.3398990369892745,0.1282849456116633,0.3343712153322953,0.1071978481578855,-0.3398990369892745
1974,30245662,g,3,-0.5943125830739231,0.009668586278759661,0.03327344182111658,0.321520267667396,-0.5943125830739231
1975,30245662,i,2,-0.17499302625788707,0.06597030929779732,0.06597030929779729,0.03248898583522285,-0.17499302625788707
1976,30245662,r,8,-0.2618605627977535,0.1546250128734527,0.2369842247707365,0.1032480037510283,-0.2618605627977535
1977,30246308,i,10,0.047852970593474514,0.19915352887825696,0.24399908875357093,0.07123922386027355,0.047852970593474514
1978,30246308,r,10,-0.03385493177460436,0.16270571698003294,0.5148793394401361,0.14640354941366418,-0.03385493177460436
1979,30250706,i,20,-0.08108618359103875,0.1510380593504862,0.3607482479210764,0.07512575361741623,-0.08108618359103875
1980,30250706,r,20,-0.22448379806994265,0.051796883952427236,0.1816220536578984,0.042538638276517576,-0.22448379806994265
1981,30267409,g,5,-1.4174385249657773,0.03715545672733511,0.06354562216812432,1.9569247585019856,-1.4174385249657773
1982,30267409,i,6,-0.5137840690117939,0.8016177983718893,1.5856430979690703,0.9246708015468473,-0.5137840690117939
1983,30267409,r,6,-0.7793881654427592,0.049842114089097,0.08199938021947106,0.5139472503943471,-0.7793881654427592
1984,30271254,g,4,0.0007442882306882836,0.1729385111183948,0.3287374107762596,0.05118820831930239,0.0007442882306882836
1985,30271254,i,7,0.09980410418936869,0.0632758834513647,0.3223077452909272,0.09554644719728138,0.09980410418936869
1986,30271254,r,12,0.08153552462803226,0.05267801253356408,0.10975957749861726,0.016801597933243238,0.08153552462803226
1987,30286606,g,4,-0.9540593333879599,0.11544578460865129,0.22476014142858658,0.8078195266546009,-0.9540593333879599
1988,30286606,i,11,-0.5232444231583312,0.22829714104832233,0.4499336010609038,0.48378661574736204,-0.5232444231583312
1989,30286606,r,16,-0.7088418387596013,0.2034984383617745,0.41897470216997557,0.522188607738243,-0.7088418387596013
1990,30339656,i,4,-0.13781516147429637,0.03590459441670163,0.10297339453867156,0.04568015547813643,-0.13781516147429637
1991,30339656,r,7,-0.5510270570774021,0.11521065587607615,0.18168626632429152,0.1928955193329532,-0.5510270570774021
1992,30352898,g,2,-0.7157509967677051,0.12347854069359676,0.12347854069359676,0.46406273268339615,-0.7157509967677051
1993,30352898,i,4,-0.32725105268162835,0.1888151065688748,0.39889695777917966,0.129841975012864,-0.32725105268162835
1994,30352898,r,5,0.06805320744810384,0.15504260763420408,0.16924843200340067,0.023456014500370718,0.06805320744810384
1995,30391446,g,4,-0.3640001216023652,0.15793948785790096,0.33002278764330256,0.12957695251841483,-0.3640001216023652
1996,30391446,i,12,-0.66050587141343,0.3688508134067219,0.5452622513856277,0.2925264206337022,-0.66050587141343
1997,30391446,r,9,-0.5054489253827514,0.31409092770229774,0.5059139364595916,0.46501191468743375,-0.5054489253827514
1998,30391446,u,2,-0.6892143146930599,0.15266892486591976,0.15266892486591987,0.4281673237215239,-0.6892143146930599
1999,3039910,i,4,0.018254792729882452,0.10855475906834253,0.18398658276406205,0.011791649745511612,0.018254792729882452
2000,3039910,r,7,-0.05063705637185478,0.2828319724037639,0.6309314560593824,0.11933266947786589,-0.05063705637185478
2001,30406454,g,2,-0.8656591392283373,0.0019675265887100224,0.0019675265887100224,0.6464769045163308,-0.8656591392283373
2002,30406454,i,6,-0.22298137404565516,0.06557714898579431,0.10933555333245068,0.07402954005867614,-0.22298137404565516
2003,30406454,r,11,-0.35303431420806275,0.1457968780975576,0.2926106680117495,0.1426650245394525,-0.35303431420806275
2004,30425356,g,8,-0.45093175935630625,0.06829593848875709,0.10989645027228079,0.15057059536829923,-0.45093175935630625
2005,30425356,i,24,-0.3667746910934624,0.24958662983113478,0.5034157053286114,0.13288923483747137,-0.3667746910934624
2006,30425356,r,32,-0.5634154063037307,0.2761567279619823,0.5533189852954103,0.28209262598183293,-0.5634154063037307
2007,30425356,u,5,-1.050944214852934,0.10471060806752197,0.2355090984656738,1.1721352598160641,-1.050944214852934
2008,30443531,g,4,-0.39331189148808066,0.12376204488543507,0.27341211627214346,0.19430185103371508,-0.39331189148808066
2009,30443531,i,14,-0.5938441394778142,0.40549003719498344,0.7596975690482917,0.16720223816765825,-0.5938441394778142
2010,30443531,r,14,-0.29540576468038987,0.23902140705310637,0.41167108121015805,0.1274640564791237,-0.29540576468038987
2011,30443531,u,2,-1.2935759039759347,0.009601791723321429,0.009601791723321318,1.6369670432624492,-1.2935759039759347
2012,30461126,i,9,-0.5103501281087939,0.06906678448546644,0.22349552012956098,0.21493714388551688,-0.5103501281087939
2013,30461126,r,7,-0.5570329404935831,0.08840844190802544,0.48142358336639257,0.2161090742761956,-0.5570329404935831
2014,30468216,g,4,-0.5973403736914591,0.050887243243628644,0.15668758141722244,0.29994753749156944,-0.5973403736914591
2015,30468216,i,8,-0.4251677929584463,0.0742859107523669,0.11220115219530197,0.16819631382494787,-0.4251677929584463
2016,30468216,r,6,-0.38277239260018336,0.023160287215836156,0.03825079776546153,0.14880582094621256,-0.38277239260018336
2017,30490736,g,2,-0.5942805166564757,0.01661667327567079,0.016616673275670846,0.37610597270867174,-0.5942805166564757
2018,30490736,i,5,0.040938937622315374,0.09992747023118964,0.21393080880017942,0.062192040287034026,0.040938937622315374
2019,30490736,r,5,-0.049110072523419174,0.050072606229479344,0.29224067785663366,0.07272122958208735,-0.049110072523419174
2020,30490736,u,2,-0.8101631465134108,0.5437466188306118,0.5437466188306119,0.8788067419025896,-0.8101631465134108
2021,30502689,g,3,-0.4495619686103946,0.49475261465573045,0.5708782630438516,0.36089020937401606,-0.4495619686103946
2022,30502689,i,3,-0.16757310490199362,0.015008218995701372,0.08358938220876547,0.019024709191689904,-0.16757310490199362
2023,30502689,r,7,-0.6235700434966778,0.06941373970593345,0.42766633329612713,0.37947855385603324,-0.6235700434966778
2024,3056000,g,11,0.14471582241296632,0.2407039651367514,0.4767071241308823,0.11487293751724076,0.14471582241296632
2025,3056000,i,27,-0.4297248721320397,0.5019392588663071,1.2247634810243735,0.36597328262181966,-0.4297248721320397
2026,3056000,r,26,-0.1127534953578212,0.15408405961498198,0.7397774615858572,0.33315327018681234,
2027,3056000,u,4,-0.5800210522598237,0.10059047212556993,0.15192043408453082,0.33526688018597517,-0.5800210522598237
2028,3056903,i,8,-1.0789147205684793,0.2769537134904151,0.46590854923072833,6.392513061446373,-1.0789147205684793
2029,3056903,r,10,-1.003801848906812,0.35997015748588224,0.6678567076886655,0.7415833976454641,-1.003801848906812
2030,30609952,r,6,0.21224220552455642,0.16811274512937163,0.26549566170416616,0.08171878758830424,0.21224220552455642
2031,30609952,u,3,-0.7374871864705821,0.2375381145458133,0.39582263322473576,0.7229041347905077,-0.7374871864705821
2032,30616197,g,2,-0.3865213084038778,0.0975117468273824,0.0975117468273824,0.1573325888316939,-0.3865213084038778
2033,30616197,i,11,-0.39171831672733304,0.223446022044495,0.34827403212618724,0.16984964745956402,-0.39171831672733304
2034,30616197,r,10,-0.39346202082670695,0.06093338018327557,0.11936279323412197,0.1496568527533368,-0.39346202082670695
2035,3062747,g,5,-1.3192422411936033,0.21877177787953261,0.3349522233587412,1.2694300751252006,-1.3192422411936033
2036,3062747,r,12,-0.9882272298034427,0.1631966525259273,0.30222331095573884,0.9181778112585016,-0.9882272298034427
2037,30645502,i,3,-1.8889705484130683,0.47046717194579113,0.8344096811096424,2.235711932464547,-1.8889705484130683
2038,30645502,r,7,-1.2926926565732533,0.14181670887633935,0.6384726133663428,2.1904029112212666,-1.2926926565732533
2039,30662535,g,10,-0.8678028972999277,0.24144530603150605,0.45232903272108493,0.1895149584023645,-0.8678028972999277
2040,30662535,i,31,-1.1840563078524875,0.36667924275190433,0.721182915242903,0.9894372381441188,-1.1840563078524875
2041,30662535,r,23,-1.471448240219535,0.3415731307603469,0.6800925253076856,1.083543767962711,-1.471448240219535
2042,30704765,g,3,-1.4268076698043908,0.006395951300903979,0.05965970661108044,1.9543276167542782,-1.4268076698043908
2043,30704765,i,16,-1.7388345948203203,0.8166861388680686,1.4867755678221568,2.8751059052859773,-1.7388345948203203
2044,30704765,r,17,-1.3891916307801067,0.42862351876857163,1.111830273478032,1.996766342924796,-1.3891916307801067
2045,30750325,i,5,-0.4099273226802139,0.12900241258742473,0.23785189587689837,0.16819970551816493,-0.4099273226802139
2046,30750325,r,6,-0.33027116571335546,0.11134791974939129,0.20178522843233787,0.11728601241339094,-0.33027116571335546
2047,30870264,g,3,-0.5732314024615882,0.003292501066808673,0.022498525500321387,0.30396187175770284,-0.5732314024615882
2048,30870264,i,4,0.09653683787910718,0.06540021359590487,0.384832217778272,0.06798423605638418,0.09653683787910718
2049,30870264,r,7,-0.1499891512498514,0.019999890898281913,0.06898248504487159,0.031155303971591046,-0.1499891512498514
2050,30887461,i,9,-0.1429899636808791,0.13049448938237987,0.2312038074874453,0.0699591462364984,-0.1429899636808791
2051,30887461,r,5,-0.21819094784437643,0.1388647313450666,0.17612040338546642,0.09166510489073018,-0.21819094784437643
2052,30917324,g,3,0.14865082091705561,0.03212188282725337,0.060042004897324586,0.03042103178495433,0.14865082091705561
2053,30917324,i,3,0.15251319290803447,0.02034779152404606,0.13369329928159174,0.017994923697796376,0.15251319290803447
2054,30917324,r,5,-0.2547820606724935,0.04976435700965548,0.09896201730884618,0.08376557954304688,-0.2547820606724935
2055,30930363,g,5,-0.3158645202106277,0.029275118447911086,0.05469927369138411,0.11140120343453042,-0.3158645202106277
2056,30930363,i,3,-0.055589288232596124,0.11203307155023345,0.3098118193813041,0.06515274129137273,-0.055589288232596124
2057,30930363,r,15,-0.07869826669111163,0.09011817970796748,0.20499233638849876,0.03556515208777606,-0.07869826669111163
2058,31022384,g,6,-0.2954962186602854,0.05152810891402104,0.09424675996450127,0.07630729254608862,-0.2954962186602854
2059,31022384,i,9,-0.5074984019988631,0.2181159812478234,0.5132705272855421,0.25196510970934505,-0.5074984019988631
2060,31022384,r,10,-0.5446853981270441,0.4539158148689806,0.6937968209697555,0.4376904132864333,-0.5446853981270441
2061,3104476,i,7,-0.07156094989839001,0.07217617464221232,0.1316352243925032,0.03529286740394216,-0.07156094989839001
2062,3104476,r,6,-0.272959159193201,0.11039411982737468,0.21151354921478088,0.1295043699589995,-0.272959159193201
2063,31052923,i,8,-0.0764993377401349,0.08897048499824586,0.15832471996189673,0.07266758114394822,-0.0764993377401349
2064,31052923,r,7,-0.3186752907725363,0.15316363274903677,0.2778630201073375,0.269060385463069,-0.3186752907725363
2065,31067953,i,13,-0.05272429658171007,0.18475841687965777,0.5625288252314662,0.12987953745512854,-0.05272429658171007
2066,31067953,r,6,-0.18544787767851206,0.07930019924708387,0.14240685443066378,0.04307752720330435,-0.18544787767851206
2067,31071440,i,11,-1.7484505729105198,0.07643889845747265,0.22468781504038038,1.8289658905716744,-1.7484505729105198
2068,31071440,r,7,-2.1247391624644223,0.05293615587175671,0.10075000600005435,2.531251017972713,-2.1247391624644223
2069,3108031,g,6,0.4043543651894328,0.3426687937179498,0.6395611795120324,0.3562032657198572,0.4043543651894328
2070,3108031,i,19,-0.2727456170554655,0.3314651349663623,0.642835252502356,0.1281843592284411,-0.2727456170554655
2071,3108031,r,21,-0.21107766427875152,0.18602873988063415,0.3626771158373637,0.08769066038016138,-0.21107766427875152
2072,31127386,g,3,-0.41425474764775305,0.01768316819456095,0.04258748757699782,0.1648251558014869,-0.41425474764775305
2073,31127386,i,2,-0.054085131145304,0.14303185638289573,0.14303185638289573,0.024027109329174526,-0.054085131145304
2074,31127386,r,6,0.03963577399742135,0.07191370177327068,0.13175376621504103,0.013029785766389973,0.03963577399742135
2075,31127386,u,2,-1.0724568151568397,0.07120158168011537,0.07120158168011526,1.063699090035544,-1.0724568151568397
2076,31149467,i,12,-0.3119542990715495,0.09198246726007964,0.16423585197730337,0.08463040442571514,-0.3119542990715495
2077,31149467,r,12,-0.35585566821985093,0.06377217127123536,0.14509111749942383,0.10687031164378984,-0.35585566821985093
2078,31216497,i,11,-1.3331852412180758,0.23483115878420402,0.4331113495313639,1.0677677428676358,-1.3331852412180758
2079,31216497,r,9,-1.7507590196399354,0.323850820235863,0.7383966150147478,1.2707870413737465,-1.7507590196399354
2080,31241191,i,9,0.03782230180545487,0.19819262861040332,0.43522428948298064,0.0610325756819997,0.03782230180545487
2081,31241191,r,5,-0.10852323286021065,0.06378535465752744,0.33518681252761173,0.1696572986413157,-0.10852323286021065
2082,3124416,g,2,-0.5236787236838536,0.3565330958721848,0.35653309587218474,0.388545068962296,-0.5236787236838536
2083,3124416,i,5,-0.5838045567258421,0.20439495208374658,0.3434381137313317,0.3503902024354441,-0.5838045567258421
2084,3124416,r,9,-0.5823997626883772,0.09204741728912391,0.1035681485720149,0.28145571880008446,-0.5823997626883772
2085,31279703,i,15,-1.576746711496726,0.38369382623880877,0.7592332847987153,1.017237675780616,
2086,31279703,r,9,-1.7336625773526007,0.25019352616935864,0.5520446993974655,1.3667304543103458,-1.7336625773526007
2087,31284657,i,6,-0.9839599259150815,0.2546841514084499,0.4208507944942994,0.7543719670697557,-0.9839599259150815
2088,31284657,r,5,-0.7628040862520367,0.07222852623051845,0.11944817457242807,0.5556263198230323,-0.7628040862520367
2089,3129259,i,6,-1.9169534575911007,0.2954879408970357,0.5578025446519339,1.9916298847359195,-1.9169534575911007
2090,3129259,r,5,-2.0261777112900563,0.2453638149402595,0.4244594806910529,1.981333844047191,-2.0261777112900563
2091,31330922,g,4,0.0124945409280951,0.344967138821924,0.640333130493225,0.1324539327828297,0.0124945409280951
2092,31330922,i,6,-0.8725616644420006,0.11263481593347169,0.276698065474849,0.4128667075111823,-0.8725616644420006
2093,31330922,r,7,-0.5731228740224779,0.2757593340649684,0.7496332982110184,0.4788818969811424,-0.5731228740224779
2094,31358258,i,9,-0.3896879689728191,0.11828245736604803,0.20942034070612398,0.11795523528020777,-0.3896879689728191
2095,31358258,r,5,-0.19483764858802233,0.2097060854712349,0.2636720844859092,0.10222945725111424,-0.19483764858802233
2096,31441881,g,2,0.46576153801265263,0.47333290309928777,0.4733329030992877,0.4455619245909847,0.46576153801265263
2097,31441881,i,4,-0.22846611591886673,0.04194554622112437,0.05745473333997422,0.04590212522041271,-0.22846611591886673
2098,31441881,r,7,-0.11882752266391416,0.042376169476703196,0.5536275862170412,0.2947183858430043,-0.11882752266391416
2099,31453183,g,3,-0.9319379226590323,0.06925880856862943,0.13866289360511153,19.913910035756306,-0.9319379226590323
2100,31453183,i,14,-1.143403929716147,0.4832362912797677,0.8407742643940332,1.008447011446625,
2101,31453183,r,13,-1.3384475106015588,0.43200826695903816,0.5847225989227869,1.269368698638118,-1.3384475106015588
2102,3149562,g,4,-0.7495676516715583,0.052192272446685894,0.3256566352970932,0.45948284839317716,-0.7495676516715583
2103,3149562,i,4,-0.6856547964213542,0.07022647524588183,0.19037856257447183,0.481328449505082,-0.6856547964213542
2104,3149562,r,8,-0.3575883769578799,0.06810891975098846,0.24213752242105285,0.1222004263450335,-0.3575883769578799
2105,3149562,u,2,-1.1564166786896575,0.12104781805865661,0.1210478180586565,1.1752682214816677,-1.1564166786896575
2106,31543864,i,8,-0.30520474675242426,0.10758685536185808,0.1777965703733644,0.07042388414339733,-0.30520474675242426
2107,31543864,r,6,-0.1132820995166402,0.18723072390653075,0.2923337416076087,0.03287733583909291,-0.1132820995166402
2108,31558256,g,3,-0.5314212739985585,0.287278704564776,0.3420723276497354,0.40383752099464987,-0.5314212739985585
2109,31558256,i,8,-0.5006554344898648,0.3664353325232238,0.8795295119436306,0.2701605860944524,-0.5006554344898648
2110,31558256,r,12,-0.38300507014954,0.3419376339319238,0.6213044404301463,0.25538077889014343,-0.38300507014954
2111,31560341,i,14,0.05080414936729029,0.16477463854823174,0.29741348287779384,0.14516718966272796,0.05080414936729029
2112,31560341,r,11,0.15911874321261754,0.04735013159747292,0.08225264905412906,0.027212563069363448,0.15911874321261754
2113,31569173,g,5,-0.7892579300767915,0.08219710618844966,0.12691913801255295,0.5961000191211354,-0.7892579300767915
2114,31569173,i,17,-0.7983138361993138,0.5000291088374165,0.9619315504390774,0.547151811397988,-0.7983138361993138
2115,31569173,r,15,-0.5632734658306462,0.17992158300808292,0.5729265031932651,0.5037346459877841,-0.5632734658306462
2116,31586083,i,4,-1.4855761103559557,0.20255290329484255,0.4823126964138349,1.2129961867063654,
2117,31591567,g,4,-0.9917229069623261,0.1069775089151992,0.23358484644027167,0.47950786851450133,-0.9917229069623261
2118,31591567,i,11,-1.683899893098604,0.10929540461390963,0.2321202998180134,1.6777094495471851,
2119,31591567,r,11,-1.9451064288854565,0.12561881369554895,0.29286814260521443,2.3606916533617817,-1.9451064288854565
2120,31611948,g,4,-0.5840018046165996,0.06261279391520225,0.12886388377175417,0.3191297204535921,-0.5840018046165996
2121,31611948,i,11,-0.6326444028362513,0.141041430813851,0.3617079013887984,0.28013296131814086,-0.6326444028362513
2122,31611948,r,10,-0.7379399282957939,0.1673261275925575,0.40331452334290463,0.41615260974732304,-0.7379399282957939
2123,31613858,i,12,-1.7309690506762587,0.18743410928308835,0.373504620690599,1.651054974412076,-1.7309690506762587
2124,31613858,r,14,-1.9574601267597085,0.18963498760641806,0.4212099273561818,1.9974419729358528,-1.9574601267597085
2125,31639991,g,3,-0.1424038527804823,0.08232259611979398,0.17797187075994803,0.028176925722947267,-0.1424038527804823
2126,31639991,i,8,0.012816570719411918,0.15146132850347857,0.5066279046054273,0.0482342578309623,0.012816570719411918
2127,31639991,r,6,0.17110644776453773,0.08602860809875904,0.15469933083470996,0.03093524451433032,0.17110644776453773
2128,31640888,i,14,-0.43285412810973994,0.17439778364757114,0.3307521205830082,0.16868303920355668,-0.43285412810973994
2129,31640888,r,13,-0.3417891761251233,0.24750390939800826,0.4351141936740127,0.2270728110535171,-0.3417891761251233
2130,31640888,u,2,-0.5315194934240768,0.1732482582194632,0.1732482582194632,0.27139439101927265,-0.5315194934240768
2131,31674713,i,8,-0.20179557394116276,0.2618094669447635,0.4638822055324226,0.1456969310011881,-0.20179557394116276
2132,31674713,r,9,-0.3041182415833167,0.041762404776164,0.14732438227534472,0.10221605989375056,-0.3041182415833167
2133,31698823,g,2,-0.18704697229080558,0.051315108490075756,0.051315108490075756,0.041909823394888225,-0.18704697229080558
2134,31698823,i,4,0.21306302442170827,0.15812106676617166,0.2862639929733949,0.1263802991024388,0.21306302442170827
2135,31698823,r,7,0.112069587531957,0.04273498985652052,0.0744097841088237,0.02413507861781533,0.112069587531957
2136,31711925,g,2,-0.3136512668530105,0.08480626089786858,0.08480626089786858,0.08342171603736123,-0.3136512668530105
2137,31711925,i,18,-1.4097706884718941,0.4972508949418173,0.9667191946041603,1.2150742191973796,-1.4097706884718941
2138,31711925,r,21,-0.9818204586757524,0.26284016846242597,0.8883142104374888,1.0214915837041365,-0.9818204586757524
2139,31840918,g,2,-0.20234728237093824,0.20321311212071835,0.20321311212071835,0.07823632827209155,-0.20234728237093824
2140,31840918,i,3,-0.06614820256051479,0.031027818423525866,0.29527770972187856,0.09405615628541664,-0.06614820256051479
2141,31840918,r,6,-0.20363808781410686,0.29266655802137526,0.573927056006418,0.12338323614737885,-0.20363808781410686
2142,31854782,g,4,-0.43258236318554144,0.12625989995394793,0.19486190559120392,0.18628101619903023,-0.43258236318554144
2143,31854782,i,10,-0.5700334279705194,0.2764904223348049,0.46729489590933765,0.23646777825447246,-0.5700334279705194
2144,31854782,r,10,-0.5763906773904252,0.15318929158771755,0.24194387776437537,0.24894235347626129,-0.5763906773904252
2145,31887227,i,8,-0.3575816312501542,0.21375983363574308,0.40646989034243425,0.12590584214891484,-0.3575816312501542
2146,31887227,r,6,-0.2831443973717475,0.10469445331683278,0.30541720276480117,0.16330492951407036,-0.2831443973717475
2147,31926347,i,6,-0.43272645553881883,0.17033316978679508,0.2646397217265509,0.1783728601053878,-0.43272645553881883
2148,31926347,r,7,-0.12865620002169698,0.18378691867545205,0.5267519738942976,0.13947620879369146,-0.12865620002169698
2149,31963376,i,12,-2.096781408551333,0.22402770929051075,0.4459751286256981,2.921156079816934,-2.096781408551333
2150,31963376,r,15,-2.3679866030009284,0.4519741433593505,0.924504866043312,3.398788705255272,-2.3679866030009284
2151,31982591,i,6,0.18014354974401545,0.06311834020579235,0.1560560204584468,0.19398418404920745,0.18014354974401545
2152,31982591,r,8,0.0472633538357774,0.09888601302173367,0.18517094858184244,0.034574281883624866,0.0472633538357774
2153,32070800,i,3,-1.2136766358265507,0.23110539249995266,0.37470338198606457,0.9706642082245768,-1.2136766358265507
2154,32070800,r,8,-1.2146329074517253,0.11720569980482698,0.24932682508567106,0.9420580443555524,-1.2146329074517253
2155,32108888,g,3,-0.5653752472956688,0.012765743954958886,0.09167905762376516,0.2582582416092168,-0.5653752472956688
2156,32108888,i,5,-0.6556935606016262,0.40557615185041734,0.7957893573354953,0.4461531703442275,-0.6556935606016262
2157,32108888,r,4,-0.5992640230120851,0.15518256699339422,0.3038659168199035,0.3582573802110387,-0.5992640230120851
2158,32210521,i,6,-0.5329825970651386,0.22300909561669335,0.3349871087455595,0.2305461019884357,-0.5329825970651386
2159,32210521,r,9,-0.727569578508952,0.1890847664741948,0.32489516653092254,0.3774302297657953,-0.727569578508952
2160,32301363,i,16,-0.8188895297446827,0.15459675712781062,0.2926023268898551,1.0860763088730536,-0.8188895297446827
2161,32301363,r,11,-0.7503880799733933,0.11253203681904678,0.20707707050286606,0.28681035738956995,-0.7503880799733933
2162,32350473,g,3,-0.9742625051475875,0.0708145354538614,0.10787154930162524,0.8844275840440302,-0.9742625051475875
2163,32350473,i,4,-0.3764744606392781,0.15908842203380297,0.2950795391773388,0.205687870761099,-0.3764744606392781
2164,32350473,r,9,-0.5550303254383034,0.11940522642490792,0.24346509220014928,0.3006019458732114,-0.5550303254383034
2165,3242888,g,15,-0.585039564326411,0.0816642085374002,0.19463391523730156,0.5541752755452145,-0.585039564326411
2166,3242888,i,24,-0.7728542896897352,0.3436809705091233,0.6559012235465003,0.41966211173073725,-0.7728542896897352
2167,3242888,r,28,-0.6470038484253021,0.37213869022519813,0.7573574092654674,0.47485693718895483,-0.6470038484253021
2168,3242888,u,3,-0.5871151670126453,0.06770962911854594,0.09160704690579924,0.27955463831439015,-0.5871151670126453
2169,32471676,g,4,-0.2736092035161187,0.14963525693400526,0.25878936768878186,0.09244607264705164,-0.2736092035161187
2170,32471676,i,27,-1.2444762956840103,0.5579577238537023,1.14833936233944,1.0387271227637893,-1.2444762956840103
2171,32471676,r,26,-1.1678772493637934,0.5390988231123327,1.0972932500333277,1.0375822691879664,-1.1678772493637934
2172,32472484,g,3,0.01340165879114763,0.09328685744088439,0.2358495340518033,0.04605110792627438,0.01340165879114763
2173,32472484,i,7,-0.2758588080665796,0.11820065186951978,0.1914825930839104,0.051909371891046975,-0.2758588080665796
2174,32472484,r,10,-0.31396775211451156,0.2867015712103479,0.8731655602159252,0.2037917396318704,-0.31396775211451156
2175,32477848,g,4,-0.9388831483904881,0.050920689381198314,0.07639735821398896,0.8097645884277676,-0.9388831483904881
2176,32477848,i,8,-0.08794541445409307,0.20319194226362433,0.5718130863789157,0.08745668526987731,-0.08794541445409307
2177,32477848,r,9,-0.4133365217005497,0.03947926337109792,0.0760568805419044,0.17681291050814651,-0.4133365217005497
2178,32480335,g,3,-0.5080871012527333,0.014204440014984998,0.07613976202823458,0.2775212676045403,-0.5080871012527333
2179,32480335,i,3,-0.27719248737697855,0.004354811003074444,0.05750951433456586,0.09335383850490253,-0.27719248737697855
2180,32480335,r,6,-0.4236999292927205,0.09502872386236288,0.16551661957457037,0.1562542621980151,-0.4236999292927205
2181,32499313,g,2,-0.30493078498415405,0.1870384766605011,0.1870384766605011,0.11097506597964298,-0.30493078498415405
2182,32499313,i,9,-0.7273316658947031,0.08063008250644232,0.18088733453312456,0.5224609064471113,-0.7273316658947031
2183,32499313,r,10,-0.7070862181149213,0.07140034716863164,0.14892312224972748,0.4560097587067301,-0.7070862181149213
2184,32520045,i,12,-0.9867232957288824,0.07746696824172805,0.14369524867258032,0.4463769005997758,-0.9867232957288824
2185,32520045,r,10,-0.8505849759184304,0.11359666561532078,0.20878263673182917,0.4479849173642984,-0.8505849759184304
2186,32524829,g,8,0.07208476452465717,0.08980912977460653,0.7070759824609786,0.14250346233145222,0.07208476452465717
2187,32524829,i,18,-0.26135764425483904,0.07431156409462746,0.1288715943591094,0.05018459207345837,-0.26135764425483904
2188,32524829,r,17,-0.3104987749858017,0.09419018546155983,0.21112078904212112,0.16118235761354846,-0.3104987749858017
2189,32548152,g,2,-0.7477357615988193,0.03270799782315137,0.03270799782315126,0.5623115136444596,-0.7477357615988193
2190,32548152,i,6,-0.009360580390027254,0.3121838922899791,0.5899684661750451,0.11354989135614657,-0.009360580390027254
2191,32548152,r,5,-0.35529980135000044,0.05057514868284335,0.0831716258425495,0.08739353954896101,-0.35529980135000044
2192,32548152,u,3,-1.520867210835187,0.05268015927008296,0.06483196014941717,2.006314835582367,-1.520867210835187
2193,32583000,i,9,-1.9925614678049781,0.05491013987570437,0.07225624055800228,1.4046007065947141,-1.9925614678049781
2194,32583000,r,5,-1.971452491088343,0.20886676930391923,0.4331536446533928,1.8970425251643313,-1.971452491088343
2195,32630285,g,3,0.03730471856834883,0.624533439446024,0.6342251798786972,0.24152103623391982,0.03730471856834883
2196,32630285,i,6,-0.21328905378705637,0.12866730207671345,0.23387258735471658,0.06235714380929116,-0.21328905378705637
2197,32630285,r,9,-0.24027211709193108,0.11118896821071156,0.14895476801302351,0.0631823165240946,-0.24027211709193108
2198,32630285,u,2,-1.4586793504757136,0.03805339172512179,0.03805339172512179,1.9225780697122623,-1.4586793504757136
2199,32653287,g,4,0.2978843499661116,0.22926753677520617,0.39766281067545184,0.11162329514174069,0.2978843499661116
2200,32653287,i,3,0.06206266689487694,0.11273784592529185,0.22133811829061514,0.05083771152472527,0.06206266689487694
2201,32653287,r,4,-0.013758431935843696,0.10219840865976709,0.27291929299591844,0.06462183943515643,-0.013758431935843696
2202,32701387,g,2,0.22014399283115815,0.15016565702833762,0.15016565702833762,0.053925637331685705,0.22014399283115815
2203,32701387,i,12,-0.3157729805695921,0.13613043531640673,0.2627690773796416,0.09622447789668605,-0.3157729805695921
2204,32701387,r,10,-0.35932558503285983,0.21098198136867946,0.4039811609683311,0.16725527435596743,-0.35932558503285983
2205,32707419,g,6,-0.5850673470798862,0.025236044491770138,0.043016046983367806,0.330276244968152,-0.5850673470798862
2206,32707419,i,12,-0.47869134072791786,0.2186701905198025,0.5197166798627464,0.30782331024540194,-0.47869134072791786
2207,32707419,r,8,-0.6624486906566629,0.07352585014751634,0.19525675887173322,0.36416380353609057,-0.6624486906566629
2208,32715799,g,3,-0.8582507170814724,0.04108599581072969,0.1199560477870173,0.5863614059231511,-0.8582507170814724
2209,32715799,i,21,-0.8323851827181012,0.37167727692497965,0.670968338802672,0.7149328724007865,-0.8323851827181012
2210,32715799,r,25,-0.9640838060546879,0.350821915310527,0.611210867996002,0.6480173209522999,-0.9640838060546879
2211,3281478,i,11,-0.731154611237411,0.056912810176675044,0.09099715036531975,0.4102065389888719,-0.731154611237411
2212,3281478,r,8,-0.4777557691346441,0.026433685786541095,0.08675807523840201,0.1717687465165178,-0.4777557691346441
2213,32835412,g,3,0.06112660461106678,0.2333455318329456,0.6720930699841374,0.1844574336890414,0.06112660461106678
2214,32835412,i,11,-0.9652898610850191,0.07840087015713282,0.17480249929622604,0.5349760475666103,-0.9652898610850191
2215,32835412,r,12,-0.7500495004961197,0.07170906998609272,0.14102210685705663,0.34470502213697624,-0.7500495004961197
2216,32867085,g,4,-0.5985944457587054,0.18582267002713532,0.40405204667818834,0.35550422934024933,-0.5985944457587054
2217,32867085,i,8,-0.6700528428910906,0.1750765974376889,0.3500288779907922,0.4969415677539346,-0.6700528428910906
2218,32867085,r,11,-0.7643181830358796,0.2838667332057119,0.4821626528449114,0.4192541829734173,-0.7643181830358796
2219,32894958,g,4,0.30362882333926466,0.09170248184188945,0.19360586369260685,0.07589273591048769,0.30362882333926466
2220,32894958,i,19,-0.1938688132772559,0.367549000236149,1.0273748785565973,0.3560520187817616,-0.1938688132772559
2221,32894958,r,15,-0.13201065495561326,0.16430127160386093,0.8188182444879002,0.25027369801833715,-0.13201065495561326
2222,32933167,i,11,-0.7385509185412643,0.10453576072392945,0.2487672299595738,0.3686390624479951,-0.7385509185412643
2223,32933167,r,10,-0.06619514717081659,0.1345236941269632,0.26167820956580123,0.12172145505277654,-0.06619514717081659
2224,32984224,g,6,-0.6219476457906115,0.1708504212707872,0.33424800568619745,0.3586964345138994,-0.6219476457906115
2225,32984224,i,6,-0.2281601781658231,0.25473720221592644,0.5463633524924544,0.25263624075018637,-0.2281601781658231
2226,32984224,r,12,-0.1524330669082843,0.5872197619681718,1.1586777771083687,0.29257716491768443,-0.1524330669082843
2227,32984224,u,4,-1.6399999879099019,0.01950030302291572,0.04700401687079392,2.247403707190074,-1.6399999879099019
2228,32988968,i,12,-0.7219798372426067,0.16432873739623183,0.3451092627367003,0.35173612820858474,-0.7219798372426067
2229,32988968,r,10,-0.7738712716448581,0.11675226797724081,0.20310391111383097,0.3782672383348122,-0.7738712716448581
2230,32992318,g,3,-0.3253022874112264,0.002269826772284489,0.030561937559034746,0.12977738410547832,-0.3253022874112264
2231,32992318,i,4,0.3800921495438252,0.20135725291330528,0.32347395431665876,0.17960933045943933,0.3800921495438252
2232,32992318,r,3,-0.11264636294703162,0.013320226633468601,0.2372176448849405,0.05760964483696824,-0.11264636294703162
2233,3299820,g,3,-0.32013188177418506,0.043866976031649574,0.06219994611325136,0.1023313611894792,-0.32013188177418506
2234,3299820,i,9,-0.10457085553809486,0.08062825812347901,0.14048460313030275,0.01544627860895614,-0.10457085553809486
2235,3299820,r,9,-0.13995208159778838,0.050406752373514774,0.09041840800280906,0.02284893571878184,-0.13995208159778838
2236,32999339,i,7,-1.6104106770784372,0.2904158758857087,0.4455467783912097,1.5872691165578685,-1.6104106770784372
2237,32999339,r,4,-1.873021534983852,0.06538670432579052,0.1738344088930619,2.2891820617131087,-1.873021534983852
2238,33015605,g,3,0.03671019526234259,0.2374828431839608,0.4123974820737968,0.1318985315581396,0.03671019526234259
2239,33015605,r,9,0.14599657699577517,0.1058968204297121,0.27853247974277723,0.05018204551713274,0.14599657699577517
2240,33015605,u,2,-0.6499407234168793,0.1445930295791254,0.14459302957912545,0.4264241357374791,-0.6499407234168793
2241,33038796,i,11,-1.0877513168610846,0.21652941517374003,0.30569679778781955,0.4147016694309713,-1.0877513168610846
2242,33038796,r,11,-1.3725738192040748,0.17571097583978368,0.39120514864804434,0.9349984244504863,-1.3725738192040748
2243,33059481,g,2,-0.8289292334786815,0.22807448144814546,0.22807448144814546,0.38232160754848377,-0.8289292334786815
2244,33059481,i,19,-1.5978512826726856,0.34206069517638316,0.8069719471814918,1.4259258524179828,
2245,33059481,r,14,-2.077626118519327,0.1776681491868255,0.9482156571597571,1.8937423891323586,
2246,33069285,g,2,0.27875567126361434,0.010889058578487987,0.010889058578487987,0.06191442614205575,0.27875567126361434
2247,33069285,i,12,-0.3329848305782342,0.07531741150110755,0.17488976544398266,0.10420465090975052,-0.3329848305782342
2248,33069285,r,15,-0.3446191171916362,0.06224331341331901,0.13338866223020007,0.12922850486145682,-0.3446191171916362
2249,33091045,i,6,-0.34073101780975834,0.17632716374282975,0.3201911507238788,0.10683941658177959,-0.34073101780975834
2250,33091045,r,6,-0.460560250227408,0.07350862330198005,0.12642184949459156,0.16931004922770876,-0.460560250227408
2251,33093942,i,2,0.20735137742704943,0.18108052228378688,0.18108052228378685,0.06453962657831346,0.20735137742704943
2252,33093942,r,8,-0.4676593472850062,0.1294988537461813,0.25983396332069253,0.20104471041320573,-0.4676593472850062
2253,33124280,g,7,-0.5007877618150722,0.05019107196086492,0.08109957564802556,0.260679616017332,-0.5007877618150722
2254,33124280,i,9,-0.34765072692874527,0.30285218901495325,0.9239343425427682,0.32144721579504437,-0.34765072692874527
2255,33124280,r,15,-0.409928758503154,0.28486159703636876,1.0280652909515855,0.5809181130691026,-0.409928758503154
2256,33132737,i,15,-1.6983131002701604,0.2932625125267232,0.5625035023187905,1.4806217748088517,-1.6983131002701604
2257,33132737,r,15,-1.6627759255047705,0.177275669363111,0.4227712933620451,1.6164068344693325,-1.6627759255047705
2258,33150477,g,3,0.11234630092483888,0.0559770338169816,0.13671041022692365,0.006092662754018717,0.11234630092483888
2259,33150477,i,12,-0.6407116157318296,0.32195193292811564,0.5779339650175959,0.16278253061336276,
2260,33150477,r,11,-0.9975124929778758,0.43499444745475246,0.7152681940002686,0.6231895822997285,
2261,33155694,i,8,-0.5134658107518153,0.19541829438585717,0.39637588273870167,0.2705759126472056,-0.5134658107518153
2262,33155694,r,6,-0.8615576559042575,0.07692382351256816,0.17022205419784142,0.6779390973597722,-0.8615576559042575
2263,33197319,g,4,-0.5366815427492276,0.036468003966205254,0.1546761758358977,0.23997247505125574,-0.5366815427492276
2264,33197319,i,3,-0.4588791435423419,0.10578287341188525,0.1422923160338515,0.1742578242253673,-0.4588791435423419
2265,33197319,r,9,-0.5281486924165764,0.13090800034728134,0.22862878250759655,0.30056588312465804,-0.5281486924165764
2266,33307971,g,3,-0.3311293667321239,0.01937260947926467,0.1539618329168153,0.20035328241422,-0.3311293667321239
2267,33307971,i,4,-0.6601431324887901,0.13024941982738125,0.3604568151600642,0.3184360301407822,-0.6601431324887901
2268,33307971,r,5,-0.5829287803725847,0.21994608146722427,0.3624583823227818,0.32965933920948476,-0.5829287803725847
2269,33308405,g,3,-0.3704399426566538,0.07549841606597196,0.29435492854656853,0.7352603273582666,-0.3704399426566538
2270,33308405,i,12,-0.25357850343304683,0.25968569273113656,0.522481872336876,0.08282288094225145,-0.25357850343304683
2271,33308405,r,11,-0.2766318790195854,0.4600109148053675,0.5624644516362897,0.16912906777240808,
2272,33321630,i,21,-0.7040422034955678,0.3538385930722796,0.9883480879918187,0.8239649995106791,-0.7040422034955678
2273,33321630,r,19,-0.7909564520720134,0.3364415442480284,0.861014732138702,0.7384250633564861,-0.7909564520720134
2274,33388107,i,3,-0.2882934659590507,0.08336364826872045,0.14349172817967748,0.10727176211860295,-0.2882934659590507
2275,33388107,r,7,-0.3267279001124519,0.04648024245455229,0.09164428034855832,0.11537018086240233,-0.3267279001124519
2276,33412205,i,5,-0.1931665284904835,0.08081752255446512,0.12512635623729945,0.03636627371280326,-0.1931665284904835
2277,33412205,r,5,-0.25246182905744785,0.13637220671671235,0.1370679988125687,0.0667938937510757,-0.25246182905744785
2278,33420715,i,12,-0.05051829814682936,0.10607231639665099,0.187973557160438,0.029443347465742117,-0.05051829814682936
2279,33420715,r,13,0.01575008746181994,0.0663478190328548,0.14308921539205977,0.025923413651390982,0.01575008746181994
2280,33425047,g,4,-0.8807519075155527,0.05595730948493294,0.12027112717435329,0.6681378571574415,-0.8807519075155527
2281,33425047,i,12,-0.587236848260263,0.5515264553888639,1.2562591683830528,0.4560554746462902,-0.587236848260263
2282,33425047,r,11,-0.6045751143763729,0.07666092932830826,0.9509998988904618,0.740074500664127,-0.6045751143763729
2283,33455611,g,2,-0.93605626541746,0.2539993516898415,0.25399935168984145,0.8939438771484115,-0.93605626541746
2284,33455611,i,10,-0.989751376845655,0.05452704140070075,0.1462770838976193,0.8613910774635132,-0.989751376845655
2285,33455611,r,11,-0.6867298140421714,0.19670400751454792,0.32324050586874553,0.5690688756070799,-0.6867298140421714
2286,33469444,g,2,0.0021792359616933377,0.0386066440148255,0.0386066440148255,0.001126424079806522,0.0021792359616933377
2287,33469444,i,6,-0.7585425540073756,0.013179184426706902,0.020465557638414178,0.4257605828645217,-0.7585425540073756
2288,33469444,r,6,-0.6374685086767105,0.01497911407950775,0.028855008295547657,0.37960758734427574,-0.6374685086767105
2289,33469977,g,4,-0.37360800159506047,0.017867809110580973,0.028687471325710034,0.13915233055987392,-0.37360800159506047
2290,33469977,i,3,0.12854802484982786,0.10674724822327333,0.20960115439336874,0.07099564568058318,0.12854802484982786
2291,33469977,r,6,0.26089608165899253,0.10671459892219191,0.1742081316432272,0.09264632375978392,0.26089608165899253
2292,33469977,u,3,-1.0762067881232418,0.08394254434925763,0.12543882357173608,1.1386643288069795,-1.0762067881232418
2293,33527346,i,4,-0.25370766024702046,0.11366902472404813,0.1991867478366815,0.08438614259507765,-0.25370766024702046
2294,33527346,r,5,-0.41353292424389015,0.2421704659573682,0.2706621257960271,0.24366909837334302,-0.41353292424389015
2295,33528754,g,3,-0.9408835986218484,0.12501072950486058,0.4366003380994071,0.6098815299091497,-0.9408835986218484
2296,33528754,i,14,-1.0444645425463999,0.14896504211988293,0.27127193097198554,0.9839339548634001,-1.0444645425463999
2297,33528754,r,11,-0.9105197620769458,0.22439884763758622,0.40013521759176274,0.7830201064715028,-0.9105197620769458
2298,33548656,i,9,-0.32903615144032816,0.25950237302846,0.38883328798207517,0.11234903351999719,-0.32903615144032816
2299,33548656,r,8,-0.42048623774026395,0.12307398874592279,0.3205299714913692,0.10200685054304666,-0.42048623774026395
2300,33557526,g,2,-0.22162794965586674,0.0874081686400131,0.0874081686400131,0.05368025601150573,-0.22162794965586674
2301,33557526,i,12,-0.1300865914431037,0.24140704892453496,0.5805560847274613,0.12398101466330223,-0.1300865914431037
2302,33557526,r,13,-0.33441826124339546,0.21515283617822045,0.5003733969003719,0.2214283151162901,-0.33441826124339546
2303,33582019,i,6,-0.4298685195149785,0.38183637835770257,0.5742494821443135,0.44909351787232454,-0.4298685195149785
2304,33582019,r,5,-0.7105750095941861,0.0847835047961305,0.19159148761573996,0.5719568971886239,-0.7105750095941861
2305,33590642,g,4,-0.5067429876328371,0.049468794348081546,0.09826478700470459,0.22439704739984428,-0.5067429876328371
2306,33590642,i,3,0.0519040469264927,0.07233464280483909,0.1688520006780723,0.030231230212006664,0.0519040469264927
2307,33590642,r,4,-0.102610383196174,0.0953667022694496,0.19466613124192217,0.06589466924971112,-0.102610383196174
2308,33632437,g,2,0.160714472390315,0.19809032712274932,0.19809032712274932,0.058950841713773953,0.160714472390315
2309,33632437,i,9,-0.1274121696653029,0.03773807329182066,0.06722443856664884,0.024421564936303222,-0.1274121696653029
2310,33632437,r,5,-0.0665264612205152,0.04353618798046899,0.07622512193176667,0.007141249761096813,-0.0665264612205152
2311,33639951,g,7,-0.3244521801679101,0.05386407284113487,0.08407997992340976,0.1257979680071611,-0.3244521801679101
2312,33639951,i,21,-0.2032956680239737,0.12965178477553319,0.23545122909834693,0.07831078577486827,-0.2032956680239737
2313,33639951,r,31,-0.19563809696707812,0.14036436232219573,0.27788757613981496,0.10818712934067552,-0.19563809696707812
2314,33639951,u,4,-0.7037733474573101,0.06853589225764356,0.12258673413043186,0.4415729553619972,-0.7037733474573101
2315,33664442,i,6,-2.3062186738207586,0.18910642079588302,0.3540015901476181,4.153952907345671,-2.3062186738207586
2316,33664442,r,9,-1.6728290740875786,0.24110786209945534,0.34874451553367103,2.688156052384507,-1.6728290740875786
2317,33677531,i,7,-0.7930896025031497,0.2773811377682205,0.3480949983379249,0.4117100787929728,-0.7930896025031497
2318,33677531,r,8,-0.8121108087941842,0.25540714911334694,0.5813209876803254,0.36372821813050277,-0.8121108087941842
2319,3375376,g,4,-1.0138316389418813,0.15946420333389238,0.22781454255551148,1.063533068736994,-1.0138316389418813
2320,3375376,i,6,-0.6652572968628341,0.4671409171712557,0.8460494877537341,0.5930844660986131,-0.6652572968628341
2321,3375376,r,8,-0.5500494132326267,0.11311457253163554,0.22840251442987874,0.3172841379973792,-0.5500494132326267
2322,33754291,g,3,-0.7263190010285177,0.08513884616059819,0.08743308320727727,0.5024572368898966,-0.7263190010285177
2323,33754291,i,11,-0.16250837027441958,0.08599451926617666,0.22887338691351156,0.04299023436037255,-0.16250837027441958
2324,33754291,r,11,-0.3198113109576539,0.06132958675104294,0.23198781038126454,0.07714598482431663,-0.3198113109576539
2325,33770152,g,4,-0.7888068681546203,0.3187616529580424,0.7250282290953806,0.5690900213227996,-0.7888068681546203
2326,33770152,i,11,-0.9981230326624929,0.41670462009299203,0.8009853678220019,2.033596806251562,-0.9981230326624929
2327,33770152,r,11,-1.1222986543036488,0.4718519324900483,0.7830019625248281,1.5636307504386067,-1.1222986543036488
2328,33831074,g,2,-1.2150456879765168,0.11812414437981933,0.11812414437981955,1.3109571011330932,-1.2150456879765168
2329,33831074,i,9,-1.0267068630632354,0.39354224153367157,0.7514156236054386,1.0090369143100955,-1.0267068630632354
2330,33831074,r,11,-1.1353429956621333,0.2784593690790753,0.611716316627008,1.3574417100324834,-1.1353429956621333
2331,33834561,g,2,-0.6089856751831787,0.05779713612287607,0.05779713612287618,0.3399436923839833,-0.6089856751831787
2332,33834561,i,6,-0.7058478421518093,0.2265566551844696,0.3475473163831886,0.4308886117690864,-0.7058478421518093
2333,33834561,r,5,-0.6925076545326845,0.009937627516295122,0.026717833713127304,0.44461321629210504,-0.6925076545326845
2334,33846186,g,3,-0.5757131065241965,0.05325510709534176,0.0805470732960607,0.3494430108976181,-0.5757131065241965
2335,33846186,i,10,-0.6577514705891885,0.10568099272198334,0.20554770187301546,0.3411539371464549,-0.6577514705891885
2336,33846186,r,10,-0.6996654142000163,0.1510863339951961,0.6094545762747636,0.4355339626363398,-0.6996654142000163
2337,3385159,i,7,-1.193681751025229,0.11016485240870288,0.16153177155115928,0.9540498304167062,-1.193681751025229
2338,3385159,r,5,-0.9778663224217907,0.05535660263863429,0.13182127277184197,0.6055638674869166,-0.9778663224217907
2339,33935295,g,3,-0.04016118671281621,0.056054921098194654,0.07205292737717373,0.0033527698654849847,-0.04016118671281621
2340,33935295,i,10,-0.24647654829574825,0.2741724303964306,0.5057632458506465,0.11461581583550809,-0.24647654829574825
2341,33935295,r,11,-0.6015047427137443,0.2179057915283692,0.44413196975318703,0.28017911824479647,-0.6015047427137443
2342,3396817,g,3,-0.6200107324113304,0.0034792195508056567,0.2799890050810714,0.24354597162653194,-0.6200107324113304
2343,3396817,i,4,-0.6435714897444856,0.09180030770949305,0.1379724463474613,0.3789009040280641,-0.6435714897444856
2344,3396817,r,8,-0.6544297341144663,0.05877246593123314,0.10113029462256107,0.49706331188088865,-0.6544297341144663
2345,33980573,i,14,-1.4076316669937232,0.5732732390963643,1.1783767399477283,0.7267020474023548,-1.4076316669937232
2346,33980573,r,16,-1.3237950405209569,0.4774864082313913,0.8325046937300398,1.1893824898670509,-1.3237950405209569
2347,33987319,g,3,-0.7580185137413853,0.043874539358791376,0.08611256273660473,0.5747434744179832,-0.7580185137413853
2348,33987319,i,8,-0.838584923651413,0.37680689539652246,0.5868796358687702,0.5671527363548364,-0.838584923651413
2349,33987319,r,6,-0.6703626314008426,0.2613560527977707,0.4752196974586473,0.6313345946893987,-0.6703626314008426
2350,33997316,g,2,-0.559855134419702,0.023957894076402697,0.023957894076402697,0.27595947714814784,-0.559855134419702
2351,33997316,i,12,-0.5721515882329934,0.06111378168938458,0.12751332093264517,0.347645705405302,-0.5721515882329934
2352,33997316,r,9,-0.5175388826068684,0.026830019476196454,0.08419968709355097,0.2928815566623151,-0.5175388826068684
2353,34049463,g,4,-0.492720789997321,0.05708399226443395,0.1567121544676099,0.2079701796845562,-0.492720789997321
2354,34049463,i,8,-0.11267768788099133,0.11338099290933212,0.233917230965715,0.03912719016003226,-0.11267768788099133
2355,34049463,r,9,-0.23424267416806815,0.04964243123017692,0.07990117055845203,0.06958359894762245,-0.23424267416806815
2356,34057162,i,11,-1.1242129132451648,0.05611540323248754,0.10569343978903789,0.4994098911633453,-1.1242129132451648
2357,34057162,r,7,-0.9725550388431605,0.10923560233796392,0.17440272076240282,0.5604825955694227,-0.9725550388431605
2358,34080639,g,2,-0.3004077431411134,0.250990661204321,0.250990661204321,0.15757693001764686,-0.3004077431411134
2359,34080639,i,9,-0.05439490075245379,0.11544302209961457,0.16632909312743785,0.13698894070219333,-0.05439490075245379
2360,34080639,r,14,-0.25842869654335937,0.08907929000933049,0.20254439059219742,0.13817756315703186,-0.25842869654335937
2361,34080639,u,3,-0.7353227368674842,0.023802088734477422,0.10109009260117674,0.4049968857632114,-0.7353227368674842
2362,34121126,i,5,0.17452190435287585,0.1496754066649023,0.26116374998511593,0.055239598223511654,0.17452190435287585
2363,34121126,r,6,-0.013798953064457192,0.07343760838075797,0.17986425136992798,0.011278016848900405,-0.013798953064457192
2364,34162009,g,2,-0.11635745671449152,0.049145451322799266,0.04914545132279928,0.018017916388213765,-0.11635745671449152
2365,34162009,i,7,-0.10316914808055944,0.06863232923887416,0.11344494151148603,0.01535328356601139,-0.10316914808055944
2366,34162009,r,8,-0.13676685184742973,0.027247706934126453,0.047920844362955656,0.025502316973462523,-0.13676685184742973
2367,34245687,i,10,-0.24979394153614415,0.13239039298621597,0.20868527722452335,0.07183137421118257,-0.24979394153614415
2368,34245687,r,5,-0.33901842822004413,0.049240992789475246,0.19971814391953335,0.08410534693624,-0.33901842822004413
2369,34259487,g,2,-0.6409132421491203,0.05213183430485102,0.05213183430485091,0.3857501514825531,-0.6409132421491203
2370,34259487,i,5,-0.45381038279302344,0.25452308465473206,0.33142245647414237,0.3059144425314594,-0.45381038279302344
2371,34259487,r,6,-0.7085119448351542,0.10349019169211221,0.31286599838873264,0.40218738119601194,-0.7085119448351542
2372,34273417,g,4,-0.6906952750151121,0.29158369617257396,0.5492724399160726,0.40996595387424256,-0.6906952750151121
2373,34273417,i,17,-1.0157290373048093,0.16575286388694388,0.3280225025300487,0.7230093711391281,-1.0157290373048093
2374,34273417,r,20,-1.2406461223297187,0.1937548948912069,0.39430360167163925,0.9808710811790927,-1.2406461223297187
2375,34283792,i,14,-1.4395285910396223,0.4918056309846386,0.9311731912462871,1.2701163856143576,-1.4395285910396223
2376,34283792,r,12,-1.4033033628340101,0.4193741030203769,0.6809014499285773,1.4003342360322328,-1.4033033628340101
2377,34294999,g,11,-0.027639100389051152,0.07823128657879763,0.2010269362502747,0.011667946515837468,-0.027639100389051152
2378,34294999,i,18,-0.46958821550614255,0.22829284414746184,0.3399688583153614,0.14901340380831868,-0.46958821550614255
2379,34294999,r,15,0.07052629051737924,0.03950831866886573,0.313148166161867,0.06287882390930208,0.07052629051737924
2380,34318674,g,3,-0.21679687991301566,0.0805907291007768,0.17833048535244683,0.04678074617924999,-0.21679687991301566
2381,34318674,i,11,-0.23513571349970924,0.1304293248692985,0.22154033804369652,0.07035826500425803,-0.23513571349970924
2382,34318674,r,8,-0.42516635679037457,0.13807571496256615,0.38905126690951775,0.14662798974757296,-0.42516635679037457
2383,3435439,i,2,0.3524659180289274,0.06958880750581159,0.06958880750581165,0.11115726843191509,0.3524659180289274
2384,3435439,r,7,0.10474635407994451,0.15163779272981573,0.20418075137999275,0.03904682735642246,0.10474635407994451
2385,34365150,g,4,-0.604531727115585,0.05745085569835129,0.19992473644343278,0.6633359665308309,-0.604531727115585
2386,34365150,i,14,-1.133432000703373,0.3648050118999544,0.5532584853051528,0.7856058171194414,-1.133432000703373
2387,34365150,r,15,-1.1946440099136342,0.35406288721618706,0.5695313587286989,0.8869698321526699,-1.1946440099136342
2388,3441978,g,4,-0.43473318295900804,0.08784773193949263,0.271174976967707,0.20557545568633445,-0.43473318295900804
2389,3441978,i,4,-0.5510506786146985,0.055041730488115614,0.2379710914389822,0.1985218706339289,-0.5510506786146985
2390,3441978,r,7,-0.07063640967057075,0.5106437943632444,0.9347261506208924,0.3148954138432033,-0.07063640967057075
2391,34425912,i,5,-0.17345806590522717,0.0020605611289650216,0.0029701030263675765,0.03302404503210645,-0.17345806590522717
2392,34425912,r,8,-0.026146385483758694,0.24400630719248612,0.4578391471259909,0.07309215977220719,-0.026146385483758694
2393,34438639,i,5,-0.8243833834328411,0.17264073852946304,0.23472980932054965,0.3936470324657787,-0.8243833834328411
2394,34438639,r,6,-0.9215946277888231,0.1140972717256512,0.2060180963233924,0.5729431297749846,-0.9215946277888231
2395,34503732,g,2,0.4155806580550441,0.19229046711880743,0.19229046711880737,0.18710505642677921,0.4155806580550441
2396,34503732,i,8,-0.22319848845996762,0.16205858095361614,0.4491483581011842,0.19415958674461253,-0.22319848845996762
2397,34503732,r,9,-0.1672081207803221,0.07536303956334656,0.0846630369938125,0.057233459674093407,-0.1672081207803221
2398,34510608,g,9,-0.571570376101485,0.07988565869413145,0.19971622110980247,0.1314364249862737,-0.571570376101485
2399,34510608,i,20,-0.8029513942312947,0.21805619627457296,0.41550922554358904,0.4442795967584191,-0.8029513942312947
2400,34510608,r,20,-0.7772033906236289,0.1605324661756069,0.35233442823571326,0.4083291222214894,-0.7772033906236289
2401,34578058,i,7,-0.13853187717970317,0.06424639686804567,0.14632686173472542,0.03883739286739094,-0.13853187717970317
2402,34578058,r,7,-0.14456406391548327,0.24442904425374745,0.2926952604380349,0.10105399380145895,-0.14456406391548327
2403,34578058,u,2,-1.1594212930533891,0.5363725089030172,0.5363725089030174,1.2887307801459071,-1.1594212930533891
2404,34589567,i,8,-0.4229388568564666,0.044293046872715736,0.11560335206087335,0.1529370750629806,-0.4229388568564666
2405,34589567,r,7,-0.11424414350584255,0.176685262971084,0.26798721206989806,0.036082230077787,-0.11424414350584255
2406,34646448,i,7,-0.8571984813599489,0.14568528625064592,0.3042060662685888,0.44290741310995113,-0.8571984813599489
2407,34646448,r,5,-1.3244309520316184,0.19631038349135999,0.3575152474176928,1.2363189017459388,-1.3244309520316184
2408,34686104,g,3,-0.016343191701968296,0.45631035070014525,1.00995704093478,0.8061615377430035,-0.016343191701968296
2409,34686104,i,21,-0.33034049319709924,0.1690116194246274,0.33896268322578194,0.10505439303798754,-0.33034049319709924
2410,34686104,r,20,-0.1868415400473526,0.060606426399647806,0.12164884071269635,0.03739231949536635,-0.1868415400473526
2411,34686104,u,3,-0.9463780534147002,0.13960797538153158,0.3381478011738469,0.6959325501340756,-0.9463780534147002
2412,34712809,g,2,-0.24568747307127345,0.015309099609996518,0.015309099609996546,0.0670686139632445,-0.24568747307127345
2413,34712809,i,8,-0.30105983186359425,0.17009262232467537,0.26534761019182806,0.1285530485382977,-0.30105983186359425
2414,34712809,r,7,-0.20302035508583072,0.21165569602649567,0.346257833997063,0.13269946214749415,-0.20302035508583072
2415,34730397,i,14,-0.19605751916760011,0.17790969497647063,0.3229371793918011,0.049383235150308215,-0.19605751916760011
2416,34730397,r,10,-0.5537998236303873,0.2600844125015169,0.6934641632335201,0.23536708732353154,-0.5537998236303873
2417,34730397,u,2,-0.6277198981531281,0.015345359142770465,0.015345359142770354,0.3779224794741753,-0.6277198981531281
2418,3474381,g,4,-1.7922467076414075,0.0696976492251955,0.2424835543644901,2.3319705464905782,-1.7922467076414075
2419,3474381,i,9,-1.1029465642369254,0.3569108769433612,0.6353339566211439,1.0032593564272154,-1.1029465642369254
2420,3474381,r,8,-1.5622486647895317,0.47484256683098736,0.9156838146370267,1.5091605316984935,-1.5622486647895317
2421,3476275,i,7,-0.7173167856461897,0.13109578350343531,0.3683910310601983,0.6208176509730624,-0.7173167856461897
2422,3476275,r,4,-0.9474765426636811,0.09684554826878711,0.17385493176854883,0.6128886908747591,-0.9474765426636811
2423,34771404,i,5,-0.6668392702439153,0.08047836708079925,0.3793170712401649,0.607682479525913,-0.6668392702439153
2424,34771404,r,8,-0.8732493538710904,0.08922886683067743,0.17510642875728966,0.6380425425066043,-0.8732493538710904
2425,34782399,g,2,-0.31832492447961636,0.0036184460806035768,0.0036184460806035768,0.09294041104557585,-0.31832492447961636
2426,34782399,i,6,-0.4162779126526087,0.18227741337629919,0.28205788168449547,0.17235212769171682,-0.4162779126526087
2427,34782399,r,3,-0.7327383914312073,0.11039265798314424,0.2797153410620582,0.39906297595275597,-0.7327383914312073
2428,34809573,i,10,-0.4287799198396771,0.11992362525894679,0.2593142245395825,0.14487113130508994,-0.4287799198396771
2429,34809573,r,8,-0.5519802761643678,0.07263110698122066,0.1178281128528792,0.27900448435312447,-0.5519802761643678
2430,3485108,i,3,-0.15216088997056462,0.10312640804177906,0.11444411544052437,0.033918853920799664,-0.15216088997056462
2431,3485108,r,10,-0.3182100225197435,0.06765760777920021,0.16428632528873027,0.12047284694477675,-0.3182100225197435
2432,34879612,g,5,-0.3259962607073429,0.04077405090707026,0.0572006037932995,0.16347980213010732,-0.3259962607073429
2433,34879612,i,2,-0.4671854268901917,0.2223803898382726,0.22238038983827263,0.18670859310428278,-0.4671854268901917
2434,34879612,r,2,-0.3314380087518838,0.019191141127272077,0.019191141127272104,0.11227641782433091,-0.3314380087518838
2435,34879612,u,2,-0.9082357910279881,0.09374501927530399,0.09374501927530399,0.7578066974034119,-0.9082357910279881
2436,34882379,i,11,-0.3447579561651942,0.18219968842021383,0.3712618237439759,0.11421548868024184,-0.3447579561651942
2437,34882379,r,9,-0.32985866344044346,0.10150390962379086,0.15587462623076132,0.10923925793655974,-0.32985866344044346
2438,34901272,g,4,-0.6396520719728089,0.0333513270642567,0.04670818279769773,0.3946549194374056,-0.6396520719728089
2439,34901272,i,7,0.18702749072245006,0.02439566205887439,0.07034015243187541,0.04164767566061307,0.18702749072245006
2440,34901272,r,9,-0.06943350958610295,0.04183804419022552,0.060631822630130006,0.01067851386701868,-0.06943350958610295
2441,34901272,u,2,-1.5214918880532589,0.08444688024416735,0.08444688024416758,1.962923917810492,-1.5214918880532589
2442,34909557,g,5,0.4082477654041914,0.17354095322957175,0.7689498992561717,0.1805340400095999,0.4082477654041914
2443,34909557,i,25,-0.32312856272520996,0.1339496796093279,0.38075918769855893,0.08709842472924238,-0.32312856272520996
2444,34909557,r,18,-0.2095653968744597,0.0894001293693179,0.19464604439914981,0.05895516191597425,-0.2095653968744597
2445,34947484,i,13,0.36907980029992177,0.18663631316345658,0.664841123939851,0.2969820626447419,0.36907980029992177
2446,34947484,r,7,0.15796404441074152,0.07719243632935172,0.11559229836023625,0.03735008331320721,0.15796404441074152
2447,34962709,i,20,-0.7162341738604738,0.3803140462848337,0.7208255162269273,0.7427388229542852,-0.7162341738604738
2448,34962709,r,17,-0.7610656647541405,0.3390701953074732,0.7805057400289683,0.610172070847876,-0.7610656647541405
2449,34980292,g,8,-0.6674447593791069,0.037455360571583995,0.2136841486155613,0.5336147131564529,-0.6674447593791069
2450,34980292,i,23,-0.7646163566622403,0.5510248288056528,0.8729135518927398,0.7202057080525046,-0.7646163566622403
2451,34980292,r,19,-1.5930593282582257,0.31775885426465234,1.3756759314232885,1.0314376883989143,-1.5930593282582257
2452,34980292,u,2,-0.5112630174218225,0.18098575493986035,0.18098575493986035,0.2302016720747087,-0.5112630174218225
2453,34994009,g,5,-0.06548870962606812,0.13070064015150512,0.15205465078114366,0.016149727614049775,-0.06548870962606812
2454,34994009,i,3,0.4824903265012379,0.19327962705138024,0.25965955550866926,0.19568080941049046,0.4824903265012379
2455,34994009,r,6,0.16440770246390846,0.0499189262027705,0.07560165272106373,0.04556133739366114,0.16440770246390846
2456,34994009,u,3,-0.7952132271983774,0.07829231306627671,0.09890911797379054,0.5999516157853343,-0.7952132271983774
2457,3499473,g,4,-0.05547257018169299,0.007430116979814272,0.024419933472397543,0.0027130440071382956,-0.05547257018169299
2458,3499473,i,8,-0.014503088619336413,0.06151964680070747,0.11633903625007358,0.005725639029554828,-0.014503088619336413
2459,3499473,r,6,-0.00935421252584484,0.027210664661203754,0.04232875419556509,0.006491000906404054,-0.00935421252584484
2460,3499473,u,3,-0.17295332238752525,0.10673374762687127,0.39473547792015795,0.25441842777657514,-0.17295332238752525
2461,35046189,g,9,-0.24618368875126811,0.08755983556606922,0.41060461219294764,0.09935158585602294,-0.24618368875126811
2462,35046189,i,31,-0.41157551311105967,0.44419903488084445,0.8651536164593384,0.3001401301370424,-0.41157551311105967
2463,35046189,r,29,-0.11405127100152623,0.2038920929936007,1.111735085679883,0.3880772319566287,-0.11405127100152623
2464,35051137,g,3,-0.12185796628157752,0.1862288269889259,0.3587297385083752,0.09207772211242245,-0.12185796628157752
2465,35051137,i,15,-0.12538729335940574,0.09840642376107506,0.2808958975856687,0.06880713031873169,-0.12538729335940574
2466,35051137,r,15,-0.13802637110314686,0.13517869468908783,0.2571918910071874,0.06489366769815928,-0.13802637110314686
2467,35051137,u,3,-0.973928369427383,0.06796549495896631,0.08816328056673539,0.9628287467560283,-0.973928369427383
2468,35085155,g,4,-0.8820392640868038,0.2827629575814359,0.5608586146404306,0.5000628278684538,-0.8820392640868038
2469,35085155,i,3,-0.47657701697113775,0.2753010571832598,0.4328109111093627,0.2718262008793,
2470,35085155,r,7,-0.7513432266755229,0.37585914967437173,0.690147279422074,0.5781230913960455,-0.7513432266755229
2471,35088481,i,5,-0.900050775033243,0.043939722562854944,0.07274743219932944,0.6679873329753608,-0.900050775033243
2472,35088481,r,6,-1.0959404472175616,0.1155911687739517,0.33585474511644486,1.042079177280381,-1.0959404472175616
2473,35135660,i,5,-0.42620183151252977,0.19915537762487778,0.24116168230468793,0.19079988495227146,-0.42620183151252977
2474,35135660,r,4,-0.3579642976764414,0.061694388433071234,0.12314204968130332,0.11791032078215255,-0.3579642976764414
2475,35135660,u,2,-0.8216935778927856,0.022645313938990164,0.022645313938990164,0.6189167233982591,-0.8216935778927856
2476,35155209,g,3,-0.6007192111979212,0.05541348945397595,0.18585391995958067,0.22293680476832145,-0.6007192111979212
2477,35155209,i,17,-0.8726095547633307,0.693992727882406,1.4637793756084314,1.0222460111918332,-0.8726095547633307
2478,35155209,r,15,-0.8839042198074467,0.5804921682182778,1.321368331431228,1.48922454347883,-0.8839042198074467
2479,35168217,i,7,-0.4028400205673397,0.2654674094969008,0.46418140280931075,0.17898439110860279,-0.4028400205673397
2480,35168217,r,8,-0.6283458297250093,0.06350674743596207,0.1416825291211522,0.3506894540459303,-0.6283458297250093
2481,35192097,i,11,-0.6362465038203671,0.08526139049272485,0.15598222804125295,0.2050004022805468,-0.6362465038203671
2482,35192097,r,6,-0.4146823669141968,0.020942867623659378,0.03253068387199365,0.12467998790543287,-0.4146823669141968
2483,35297389,g,5,-0.18479516433674847,0.0364713531663452,0.06969723392141214,0.27983814341674174,-0.18479516433674847
2484,35297389,i,29,-0.515109511623437,0.25975803306289813,0.4260789424092496,0.20369579558638204,-0.515109511623437
2485,35297389,r,27,-0.6949530512116215,0.19262321629824175,0.3113908135481718,0.21870394065605495,-0.6949530512116215
2486,35393104,i,10,-0.12595819715695122,0.07427921287886587,0.12393775324467707,0.049027620662022674,-0.12595819715695122
2487,35393104,r,8,-0.05789378736999656,0.09262168845918761,0.24430253984801736,0.04163229981068228,-0.05789378736999656
2488,35394208,g,6,0.25085741777954373,0.19503209323681658,0.2983372052194485,0.3724440353527551,0.25085741777954373
2489,35394208,i,18,-0.15512469835245882,0.16318660034459462,0.2681725098428699,0.07250051852439288,-0.15512469835245882
2490,35394208,r,19,-0.22348948027202375,0.06830726099981413,0.12735393199955447,0.06540075995816201,-0.22348948027202375
2491,35413757,g,3,-0.2099056334908569,0.11476015395581385,0.28125064451200343,0.06501074751262793,-0.2099056334908569
2492,35413757,i,9,-0.21574128546576993,0.2497787991960932,0.38658881865734035,0.12912097252318605,-0.21574128546576993
2493,35413757,r,7,0.14689653616951873,0.39548848011199733,0.7943028159399583,0.2194797346408031,0.14689653616951873
2494,35428596,g,5,0.33151424395933704,0.27189237859948623,0.49647774039754444,0.1916175467790406,0.33151424395933704
2495,35428596,i,22,-0.18954545156542696,0.10503627508146843,0.23279078786855778,0.05195466524623942,-0.18954545156542696
2496,35428596,r,22,-0.29545026390547563,0.11801759941979317,0.22413490405538158,0.08142528731447098,-0.29545026390547563
2497,35430275,g,3,-0.31940132159253576,0.0038504124299143516,0.06787258249708228,0.12318136622849636,-0.31940132159253576
2498,35430275,i,20,-0.809571459421171,0.19825402936377956,0.38050870859951214,0.41012730047561285,-0.809571459421171
2499,35430275,r,14,-0.6918709393136501,0.15743365061512432,0.29646273872374573,0.37765903919812044,-0.6918709393136501
2500,35442886,g,3,-1.2584128084829196,0.02350681709258673,0.5745663160955492,0.9381196178973527,-1.2584128084829196
2501,35442886,i,8,-0.7938566143749985,0.1248491434293117,0.2404454778449704,0.5360904732752441,-0.7938566143749985
2502,35442886,r,11,-0.9386606189399898,0.11600282412861196,0.5362238952214267,0.681939582065401,-0.9386606189399898
2503,35500047,g,2,-0.511806212810506,0.0032441267256263506,0.0032441267256262396,0.2159394484597397,-0.511806212810506
2504,35500047,i,12,-0.9808942380981179,0.23474887137660172,0.4653247770352408,5.703278465288374,-0.9808942380981179
2505,35500047,r,14,-0.9165154265183753,0.2122163518747393,0.4669747422373218,0.7551399874914378,-0.9165154265183753
2506,35514762,i,12,-0.8901380667010166,0.2712984152088207,0.5672445908513817,0.349022850263436,-0.8901380667010166
2507,35514762,r,13,-1.0371688588562624,0.21111114595602087,0.3836998855298175,0.603061511749543,-1.0371688588562624
2508,35541095,g,2,-0.3135900644263542,0.05444342568201088,0.05444342568201088,0.09236801904951077,-0.3135900644263542
2509,35541095,i,4,-0.22593504187101593,0.06448637942014576,0.09558664884207363,0.05187106183298565,-0.22593504187101593
2510,35541095,r,6,-0.3069845136955756,0.1172204156339256,0.18523974577319038,0.09302515480474151,-0.3069845136955756
2511,3558185,i,7,0.12613424585815874,0.18094115299218388,0.3136651704703445,0.05923617218959919,0.12613424585815874
2512,3558185,r,10,0.05751059241795277,0.06738604542750472,0.10795153041453812,0.04344533032724311,0.05751059241795277
2513,35635681,i,7,-0.12765358127488513,0.12967014145801925,0.2242969652937307,0.023772335677640786,-0.12765358127488513
2514,35635681,r,7,-0.15011679437907344,0.10269388064020579,0.2460847026111791,0.031817357069295636,-0.15011679437907344
2515,35635681,u,2,-0.7367994267020013,0.15630723309215994,0.15630723309215988,0.5536287096506045,-0.7367994267020013
2516,35659594,i,8,-0.3992675360913267,0.4573070070684364,0.6871675592028296,0.3305260412246713,-0.3992675360913267
2517,35659594,r,8,-0.3076182117278594,0.15017491224304794,0.27056347223637894,0.20878284741049652,-0.3076182117278594
2518,35666221,g,6,-0.01566650581858578,0.32197137906098106,0.4857905985651101,0.31014931764272896,-0.01566650581858578
2519,35666221,i,11,-0.2573684791995628,0.34498665230200437,0.455702628288925,0.11537201439315686,-0.2573684791995628
2520,35666221,r,10,0.02796944148764216,0.40389598482385153,0.6934725433723687,0.3145471038930599,0.02796944148764216
2521,35666221,u,3,0.04742106289427872,0.01744131214770195,0.1969812502780362,0.04022845666008423,0.04742106289427872
2522,35667575,g,4,-0.1719770667369691,0.06754667086605648,0.0976198019821698,0.0560816212943607,-0.1719770667369691
2523,35667575,i,4,0.20270466389056294,0.03919873272909663,0.0790558809613669,0.038653850869492495,0.20270466389056294
2524,35667575,r,8,0.10347529656592658,0.1028465697460702,0.20729018231003118,0.062234008626592195,0.10347529656592658
2525,35667575,u,2,-0.5876210373634534,0.3113705416307806,0.3113705416307806,0.41481486212975616,-0.5876210373634534
2526,35718225,i,17,-1.55422912983361,0.22385883686349572,0.382967226774348,1.500371998083983,
2527,35718225,r,13,-1.850109560834146,0.2955774949789247,0.8403541139564872,1.783253726073994,-1.850109560834146
2528,35723481,g,2,-0.48159213855621164,0.04620973282314278,0.04620973282314278,0.2570676724585132,-0.48159213855621164
2529,35723481,i,11,-0.8558214372001052,0.4234096935997075,0.8214564695139552,0.6516627159692271,-0.8558214372001052
2530,35723481,r,16,-0.8582502300971899,0.5830057803182674,1.1502831975592271,1.0693216294296175,-0.8582502300971899
2531,35778559,g,5,-0.011429228989731532,0.11851013012884248,0.20630486609338616,0.08351974299019507,-0.011429228989731532
2532,35778559,i,19,0.07026749107994579,0.04665938685307891,0.10280475689950841,0.09650848781573541,0.07026749107994579
2533,35778559,r,18,0.42264746407956016,0.11032765445544604,0.18700295786495008,0.3209894380632972,0.42264746407956016
2534,35798482,g,4,0.020405760991499933,0.14494855035890708,0.3278385804218395,0.043037111569553886,0.020405760991499933
2535,35798482,i,7,-0.5909339706642145,0.31905317003637734,0.6106877895501146,0.2313477492327274,-0.5909339706642145
2536,35798482,r,11,-0.2472421691954727,0.1691351888314437,0.28481912907558493,0.15562418229772268,-0.2472421691954727
2537,35803306,g,3,-0.14569949151458866,0.06577523707144445,0.1555056020382963,0.0688226374660099,-0.14569949151458866
2538,35803306,i,4,-0.32356826903273483,0.08680090335979412,0.1386323237351869,0.08347967875572687,-0.32356826903273483
2539,35803306,r,5,-0.15319323589455897,0.04637062681903931,0.22287148647182606,0.02285423909987191,-0.15319323589455897
2540,35834324,i,12,-0.8187469611204969,0.23112926520680027,0.5216961369326243,0.660625344441434,-0.8187469611204969
2541,35834324,r,11,-0.9538132839793954,0.27285311447032456,0.40063847345025927,0.7320241972726005,-0.9538132839793954
2542,35856605,i,5,-0.10967137871254418,0.15765313074771292,0.4623162928174669,0.24762010024880024,-0.10967137871254418
2543,35856605,r,6,-0.37118474860342643,0.41788893489467105,1.0468935023969559,0.33188084730360984,-0.37118474860342643
2544,35871581,g,3,-0.33366354479127536,0.032598207114967526,0.3122972237811807,0.10701437178229123,-0.33366354479127536
2545,35871581,i,7,-0.49782080002445295,0.38226595785394546,0.779834449938117,0.20661093325520838,-0.49782080002445295
2546,35871581,r,11,-0.0038113798555874934,0.026708826758160137,0.06340082661792541,0.002479179041927021,-0.0038113798555874934
2547,35871581,u,2,-0.9663038429878595,0.03502108036261664,0.03502108036261675,0.8798261489405803,-0.9663038429878595
2548,35981189,g,2,-0.15326728718161758,0.18307510372073182,0.18307510372073182,0.0662706178955869,-0.15326728718161758
2549,35981189,i,4,-0.3053613635209451,0.1432605631257526,0.18130234275799448,0.12737393814980733,-0.3053613635209451
2550,35981189,r,6,-0.22994834155111976,0.09328542073889906,0.16227114107222496,0.05877088142612536,-0.22994834155111976
2551,36033066,i,7,-0.4974983320814036,0.106336854858602,0.214131236732922,0.17866423200478443,-0.4974983320814036
2552,36033066,r,5,-0.12555287029220558,0.5787790201932987,0.7428617550863719,0.23280283526654263,-0.12555287029220558
2553,36084138,g,4,-0.26015123584925937,0.06052652291211824,0.240041116200935,0.04563445810452295,-0.26015123584925937
2554,36084138,i,5,-0.6546307805923419,0.06503176339819317,0.241285612750335,0.30049040695377127,
2555,36084138,r,6,-1.010140031145602,0.30587574264951156,0.5051982836482338,0.5955362469293721,-1.010140031145602
2556,36099059,g,5,-0.18967489510884783,0.03321711254117954,0.06681909350333037,0.04227988317273333,-0.18967489510884783
2557,36099059,i,5,-0.05438031866279269,0.1635806677955114,0.3481960207872064,0.038955213026539356,-0.05438031866279269
2558,36099059,r,4,-0.2692351195710607,0.042618632529981604,0.07258373341088828,0.0691382834667934,-0.2692351195710607
2559,36103660,g,3,-0.47114696645320486,0.05297921601457434,0.06460067646516038,0.20670308460511064,-0.47114696645320486
2560,36103660,i,5,-0.41374591569752994,0.11524711118019049,0.4345586949682165,0.3300157254522523,-0.41374591569752994
2561,36103660,r,4,-0.5039344393291705,0.06567285666031694,0.13158141585246402,0.25789254807284356,-0.5039344393291705
2562,36125851,i,5,-0.8024351701207881,0.13356590750477593,0.23298929326119577,0.5281588698872147,-0.8024351701207881
2563,36125851,r,9,-0.6391180931913554,0.15685106426666467,0.2944276533026254,0.41202975232766104,-0.6391180931913554
2564,36132549,i,7,-1.0034242907671058,0.2476666087059296,0.3773170855670456,0.32996776091193075,-1.0034242907671058
2565,36132549,r,5,-1.0144898635250796,0.22594635968700372,0.39125988442615345,0.6483269004087318,-1.0144898635250796
2566,36141426,g,6,-0.21078277798448136,0.08071618827815313,0.14268745359043336,0.06490637386603892,-0.21078277798448136
2567,36141426,i,9,0.13134521393758336,0.10524498471194005,0.3811367081021878,0.12666167880293522,0.13134521393758336
2568,36141426,r,15,-0.052465388762833576,0.07246753885432144,0.1443202727619447,0.054801657069191996,-0.052465388762833576
2569,36224978,g,2,-1.0850648253748774,0.0291846472657592,0.02918464726575931,1.1084712114326287,-1.0850648253748774
2570,36224978,i,4,-0.56945953944578,0.10141318669571625,0.3434666706024005,0.24093901023207964,-0.56945953944578
2571,36224978,r,7,-0.46522419883570776,0.0680171293272821,0.11472512976828037,0.2457404851528257,-0.46522419883570776
2572,36309329,i,17,-0.45676105827582636,0.14380140808779118,0.2609956124944406,0.18903875291716984,-0.45676105827582636
2573,36309329,r,12,-0.4379544385830366,0.09130523873822782,0.16686558537417784,0.12459100716299054,-0.4379544385830366
2574,36437560,g,3,-0.4132135358973503,0.18848565414816798,0.5531567990744779,0.2487505203076854,-0.4132135358973503
2575,36437560,i,9,-0.8211158158779421,0.3127109021283101,0.6119378022123355,0.4128393476031756,-0.8211158158779421
2576,36437560,r,12,-0.328166537212663,0.3357660380484546,0.5324377398460158,0.22753415133019414,-0.328166537212663
2577,36437560,u,3,-0.917316869663068,0.020628519393114386,0.6519161710349866,0.5871381483106243,-0.917316869663068
2578,36510636,g,2,0.3500039927814097,0.00039522663884572484,0.00039522663884572484,0.11484666174947099,0.3500039927814097
2579,36510636,i,15,0.07769689810415448,0.16106690968335274,0.365729019010689,0.048695185197177124,0.07769689810415448
2580,36510636,r,11,0.09948786404309617,0.09687870529935638,0.19389416327172876,0.017436467616426848,0.09948786404309617
2581,36615469,g,3,-0.27540333363082037,0.023099748554149646,0.033884972003071,0.07692123171993688,-0.27540333363082037
2582,36615469,i,4,0.16268446282032642,0.12159590881144924,0.2156748488348172,0.045220275630374715,0.16268446282032642
2583,36615469,r,5,0.012843546637494097,0.008614223195373194,0.014069526885129968,0.03868938821128465,0.012843546637494097
2584,36616791,g,2,-1.1943989174456204,0.2564059136332171,0.2564059136332171,1.126601339889129,-1.1943989174456204
2585,36616791,i,5,-1.549740287392699,0.05885488523735716,0.065113567295914,1.2059926707668545,-1.549740287392699
2586,36616791,r,6,-1.7407993621886466,0.5549233020763769,1.0487105826945249,2.1292098791312957,-1.7407993621886466
2587,3666614,g,2,-0.43858941548302,0.02455329701076081,0.02455329701076081,0.20685203221667578,-0.43858941548302
2588,3666614,i,4,0.049780043161630566,0.034571687582691996,0.07073981415526953,0.0053779554040979255,0.049780043161630566
2589,3666614,r,9,-0.060901899112075,0.1181595322093918,0.15158386181633596,0.016159603629904158,-0.060901899112075
2590,3666614,u,2,-0.8153068693478991,0.13938075059364552,0.13938075059364552,0.6560601142092537,-0.8153068693478991
2591,36686982,i,6,-0.19619442177151844,0.08997072274876836,0.150652550045546,0.05069317511227956,-0.19619442177151844
2592,36686982,r,8,-0.27417655047094325,0.09469630880083607,0.17958085750016492,0.087408827259325,-0.27417655047094325
2593,36694575,g,3,-0.06984301812917326,0.042625352418420914,0.13441175354240703,0.02947217045147268,-0.06984301812917326
2594,36694575,i,5,-0.057856877773191706,0.01023284263348051,0.0191125445469002,0.0226740600631953,-0.057856877773191706
2595,36694575,r,10,0.03870886361316156,0.07302104466885981,0.13452887225332555,0.009262176174024068,0.03870886361316156
2596,36772908,g,5,-0.716748155629255,0.03569596982626,0.5595820725442939,0.32231178318861736,-0.716748155629255
2597,36772908,i,7,-0.7815721059652737,0.5525740431527589,0.6779430311279067,0.45920148019788903,-0.7815721059652737
2598,36772908,r,7,-0.722131366809656,0.6352111314795456,1.1549433679037207,0.4937571161053082,-0.722131366809656
2599,36772908,u,2,0.21661067298526138,0.0679131860599057,0.0679131860599057,0.04729146534716311,0.21661067298526138
2600,36778728,g,2,-0.3329250332306425,0.05867754727358043,0.05867754727358043,0.11396280476104996,-0.3329250332306425
2601,36778728,i,3,0.23873700760162625,0.3517178855775345,0.3868854944154318,0.13973548686098594,0.23873700760162625
2602,36778728,r,7,0.10209352248117204,0.047750540426642896,0.09823225780547604,0.040166959194163354,0.10209352248117204
2603,36779856,g,5,-1.0331215212040235,0.18280811171658917,0.19511179698569858,0.6070958869660645,-1.0331215212040235
2604,36779856,i,18,-1.2508893730767012,0.3602950167435659,0.8416247963618181,0.9004386681233514,-1.2508893730767012
2605,36779856,r,17,-1.0079946896474927,0.6037224230016414,1.2973787349614145,0.9728760468706712,-1.0079946896474927
2606,36779856,u,2,-1.0214269901453883,0.12915987023564524,0.12915987023564512,0.8942465750227172,-1.0214269901453883
2607,36783262,g,3,-0.5565852893580323,0.00245787354873761,0.04907937805962914,0.27668567650048076,-0.5565852893580323
2608,36783262,i,2,0.2140494277073634,0.32999808436194417,0.3299980843619442,0.17181801479550443,0.2140494277073634
2609,36783262,r,7,-0.053701688358803734,0.09863493737408957,0.19505464947952805,0.024033195736644974,-0.053701688358803734
2610,36783262,u,2,-1.506539881827988,0.03208974136328868,0.03208974136328879,2.0652833791642675,-1.506539881827988
2611,36810788,i,12,-0.9223812955162212,0.25008895581087565,0.4322252946509778,0.8512131170503711,-0.9223812955162212
2612,36810788,r,9,-1.104977602393177,0.03499279219945994,0.1558053362763443,0.9402203206341206,-1.104977602393177
2613,36857167,g,7,-0.32113609299201157,0.0614172501832701,0.17660355101207076,0.12417691778077619,-0.32113609299201157
2614,36857167,i,24,-1.3535902888056832,0.3083188213383372,0.7188830715405345,1.0090534912605758,-1.3535902888056832
2615,36857167,r,23,-0.9360165144456263,0.5026667148521968,0.8924040465721268,0.7920147322875725,-0.9360165144456263
2616,36857167,u,2,-0.9332239554746539,0.15759604807916905,0.15759604807916916,0.8836743241940319,-0.9332239554746539
2617,36902742,g,3,-0.07868870600887323,0.011472926675862638,0.1063244746100327,0.00818229146594793,-0.07868870600887323
2618,36902742,i,4,-0.07289981801584394,0.04383476857106469,0.07346327078440978,0.006277452876445323,-0.07289981801584394
2619,36902742,r,3,-0.32780451873423355,0.226971212844993,0.6702320420874114,0.32342254195179937,-0.32780451873423355
2620,36907206,g,3,-0.43092326103821,0.05703996638503883,0.05998508554424575,0.19684794400881092,-0.43092326103821
2621,36907206,i,2,0.3798193845152073,0.32939787660399217,0.3293978766039921,0.2812974708046195,0.3798193845152073
2622,36907206,r,6,0.04871545631693018,0.030134309820419314,0.05281018912492908,0.03940176761352483,0.04871545631693018
2623,36992812,i,16,-2.120317095407133,0.15487608297119493,0.34657353438112537,3.270139992824337,-2.120317095407133
2624,36992812,r,7,-1.6209691994601556,0.012747566882854056,0.10151620448684384,2.6375188562119116,-1.6209691994601556
2625,37106235,i,7,-0.6043355016904752,0.3545199994364985,0.45357646892394504,0.20578437322564658,-0.6043355016904752
2626,37106235,r,7,-0.09762740009512627,0.10116198456719139,0.3289179320823993,0.07925309550518311,-0.09762740009512627
2627,37116321,i,6,-0.8511517434574143,0.13550574433352613,0.21718436928697082,0.6105838214921042,-0.8511517434574143
2628,37116321,r,13,-0.7227858887224026,0.11033629461472794,0.20416371400687638,0.5583109177278771,-0.7227858887224026
2629,37142801,g,2,-0.2692020221180731,0.42967677932112425,0.42967677932112425,0.25551621480294906,-0.2692020221180731
2630,37142801,i,3,-0.24723494163624882,0.017203895200706976,0.03324291156408579,0.04280306336698006,-0.24723494163624882
2631,37142801,r,4,-0.2759024457182464,0.010549608024495533,0.03316545066450394,0.08502569897663106,-0.2759024457182464
2632,37142801,u,2,-1.4910234668394011,0.006317860276854215,0.006317860276854104,2.042768884181757,-1.4910234668394011
2633,37163760,g,2,-0.2884564735774091,0.10155301627162105,0.10155301627162105,0.10215461709658197,-0.2884564735774091
2634,37163760,i,2,-0.2872026311083772,0.020097424081814835,0.020097424081814863,0.08311799377039263,-0.2872026311083772
2635,37163760,r,7,-0.19532230768985825,0.2128666257212767,0.36708976311948577,0.13343569850232,-0.19532230768985825
2636,37169149,i,6,-0.6738784625819013,0.055258505710967354,0.10099733600123362,0.44712776495822554,-0.6738784625819013
2637,37169149,r,5,-0.45408020968850216,0.1412647743407136,0.24656923994873892,0.19896410736654285,-0.45408020968850216
2638,37226288,i,7,-0.3731649528844361,0.12462132551413363,0.22434417469937185,0.10603303882181045,-0.3731649528844361
2639,37226288,r,8,-0.25628849427927636,0.19450831873748994,0.3841006814850858,0.135314398493159,-0.25628849427927636
2640,37226288,u,4,-0.5488516063460217,0.0867126402115459,0.146498915792325,0.2785794514564509,-0.5488516063460217
2641,37255646,i,6,-0.37414330431350595,0.16446432877496958,0.27899483265978864,0.15124642189730061,-0.37414330431350595
2642,37255646,r,5,-0.2560771977361562,0.13645394254663734,0.39324401547400023,0.08644548787921996,-0.2560771977361562
2643,37269566,g,2,-0.05624718235118198,0.19395285742440171,0.19395285742440171,0.04344072705536847,-0.05624718235118198
2644,37269566,i,4,-0.10073545048676819,0.1928692113568523,0.354847167719199,0.03928503000267526,-0.10073545048676819
2645,37269566,r,6,-0.2513742002142721,0.06428753909067836,0.10142327210076754,0.08882693006260285,-0.2513742002142721
2646,37330420,i,11,-1.0312457172956502,0.2548237057540266,0.6293159161070168,0.7880054133758185,-1.0312457172956502
2647,37330420,r,6,-0.9160415729318132,0.17086013912277365,0.6312079471811943,0.7532265421992893,-0.9160415729318132
2648,37334286,g,4,-0.23439523885366798,0.10553889017133372,0.22497871966094643,0.08493351160645402,-0.23439523885366798
2649,37334286,i,4,-0.09761217646382611,0.1260824077297227,0.17687700820876304,0.024747256522697096,-0.09761217646382611
2650,37334286,r,10,-0.17645906620101348,0.1278839834363974,0.20132829966935728,0.06593386494628528,-0.17645906620101348
2651,37341254,i,8,-0.6942196168668703,0.7251529695165424,1.5000865205449279,0.6896343262936181,-0.6942196168668703
2652,37341254,r,9,-0.6784099542469628,0.4894620750162863,0.7498930595685555,0.8681885277505584,-0.6784099542469628
2653,37350218,g,4,-0.9496831654751043,0.053642338765748865,0.10188132525821714,0.795165863886006,-0.9496831654751043
2654,37350218,i,19,-0.7011402709745501,0.6949666211156923,1.2412304913113499,0.63253396541684,-0.7011402709745501
2655,37350218,r,11,-0.5613749827001228,0.28376825892558444,0.5028818313034771,0.31657124617859417,-0.5613749827001228
2656,3738068,g,2,-0.9198295713586808,0.03517032172311918,0.03517032172311918,0.7648314720113937,-0.9198295713586808
2657,3738068,i,6,-0.5876086593630341,0.28002003744023046,0.47301777680276835,0.4743406376218983,-0.5876086593630341
2658,3738068,r,3,-0.4294285616026581,0.11527534940625028,0.1258424529214534,0.17868363566320353,-0.4294285616026581
2659,37487596,i,4,-0.10763302683562051,0.1064887482573061,0.21388919185835034,0.020290892103543595,-0.10763302683562051
2660,37487596,r,6,-0.08797184319656731,0.020485694368724536,0.15243183358853765,0.02982891110018419,-0.08797184319656731
2661,37487596,u,2,-0.5497171342010112,0.03459001059134126,0.03459001059134126,0.28213252292172153,-0.5497171342010112
2662,37515969,g,4,0.0011678161894194128,0.10442222683455771,0.2620862014018403,0.03136046283143909,0.0011678161894194128
2663,37515969,i,13,0.07717153224561896,0.1550967371329127,0.4443903206668994,0.06815005398497458,0.07717153224561896
2664,37515969,r,11,-0.06762190636838783,0.09891892092691962,0.14538736198938892,0.03146475631500427,-0.06762190636838783
2665,37532790,i,12,-0.4254027359465176,0.5588132736184097,1.0314414711315023,0.3394937627136739,-0.4254027359465176
2666,37532790,r,13,-0.10267188860464149,0.15146897899965495,0.26335635819806735,0.10285963289566526,-0.10267188860464149
2667,37548865,i,2,-0.35188947187951103,0.04057510411973966,0.04057510411973969,0.123283856768799,-0.35188947187951103
2668,37548865,r,8,-0.46748289032530344,0.08466073589806716,0.12901554236978002,0.21371977985083673,-0.46748289032530344
2669,37573632,i,13,-0.864315792210067,0.2472655832041597,0.6517897093397707,0.3217457605456167,-0.864315792210067
2670,37573632,r,12,-1.2593927626194827,0.11816660559938774,0.5265919867808355,0.7055081063553414,-1.2593927626194827
2671,37577148,g,2,0.6498835438521102,0.19265818773662002,0.19265818773662002,0.38639584902039775,0.6498835438521102
2672,37577148,i,14,-0.18118929336020795,0.19322704380573086,0.35421049409659977,0.051219094272997354,-0.18118929336020795
2673,37577148,r,15,-0.2133142167946036,0.061249558039610186,0.15697264483805462,0.0343757237020866,-0.2133142167946036
2674,37607911,g,6,-0.7753160042041292,0.0052828372130563905,0.035043557629704125,0.6008932109380841,-0.7753160042041292
2675,37607911,i,8,-0.6801895847496189,0.07844668117807041,0.24530403047019755,0.27128338148778386,-0.6801895847496189
2676,37607911,r,9,-0.7351390377347662,0.10207178914980575,0.1996018465632351,0.45484530021701747,-0.7351390377347662
2677,37632747,i,10,-1.146586194868679,0.34188623673656515,0.6462215093328146,0.44950064937133494,-1.146586194868679
2678,37632747,r,4,-0.8198957793512822,0.41838289943824036,0.6534257295067183,0.5122003579195598,-0.8198957793512822
2679,37641317,g,5,-0.3193260771549351,0.10702848599730341,0.12440464885884595,0.10646463242042918,-0.3193260771549351
2680,37641317,i,12,-0.5181173013228912,0.108211810256155,0.1897024003881584,0.2375218524727397,-0.5181173013228912
2681,37641317,r,15,-0.4857578186218181,0.08990692895644559,0.16059974873733285,0.22898211048882586,-0.4857578186218181
2682,3767546,g,3,-0.6803367475340315,0.07627971840849335,0.21298760358339408,0.3733017043514466,-0.6803367475340315
2683,3767546,i,2,-0.16404677234406545,0.15290444236132833,0.1529044423613283,0.048049341948714935,-0.16404677234406545
2684,3767546,r,5,-0.24543802166760054,0.0866232201492178,0.1112993351456189,0.055276457912362464,-0.24543802166760054
2685,37697847,i,6,-0.06958823997094224,0.1293492442087804,0.21323801994458272,0.04899768559032358,-0.06958823997094224
2686,37697847,r,7,-0.38977412275234435,0.13722843646370686,0.2214411409992348,0.13168093282130083,-0.38977412275234435
2687,37706202,i,7,-0.17439549313896974,0.07713605118534417,0.13945595739946232,0.03167400807119294,-0.17439549313896974
2688,37706202,r,4,-0.20588381155281643,0.04569219189975171,0.09560553192324411,0.07642229618884976,-0.20588381155281643
2689,37734719,g,6,-0.3339677566528402,0.07361702066635067,0.35576166976662965,0.10158398160819893,-0.3339677566528402
2690,37734719,i,11,-0.24065972040017225,0.07241175257840216,0.8433916165867563,0.27814194393906466,-0.24065972040017225
2691,37734719,r,9,-0.4360880740709038,0.459040576310344,0.6136121460451451,0.42356633761101237,-0.4360880740709038
2692,37734719,u,4,0.6664677939131272,0.07381270443578658,0.304912737440153,0.3439449797245122,0.6664677939131272
2693,37744032,g,5,-0.02593884031234861,0.07991215484290903,0.20551169527177027,0.01649550579230178,-0.02593884031234861
2694,37744032,i,14,-0.3479292147597503,0.14858362949779455,0.31850103283755776,0.12305945938913358,-0.3479292147597503
2695,37744032,r,12,-0.24068821408882854,0.16405481925796409,0.26432815485565186,0.11471996787412274,-0.24068821408882854
2696,37750926,g,4,-0.7550684469764983,0.16496947191306977,0.35102891002737036,1.1439271323515312,-0.7550684469764983
2697,37750926,i,19,-1.1006909867502854,0.5109543531981158,0.8913880277807991,0.88260897364102,-1.1006909867502854
2698,37750926,r,13,-0.9649620833017105,0.6137872687594892,1.2237194374489497,0.8114937299394297,-0.9649620833017105
2699,37777680,i,7,-0.0186266595652613,0.11483286502157652,0.2561347389438224,0.03247536087482807,-0.0186266595652613
2700,37777680,r,7,0.03158807284898546,0.1650973814026609,0.28567885781825875,0.03763770765592763,0.03158807284898546
2701,37845394,g,3,-0.5515496920047168,0.09536201471860983,0.2658061417339996,0.2334113292171557,-0.5515496920047168
2702,37845394,i,13,-0.455809101937291,0.27035937669527466,0.5045802804180315,0.2729962520330084,-0.455809101937291
2703,37845394,r,12,-0.4025040557050449,0.07508827348410413,0.12955480847005352,0.19688659029270303,-0.4025040557050449
2704,37845394,u,2,-1.3052769168020157,0.11318679198174009,0.1131867919817402,1.4200733795048073,-1.3052769168020157
2705,37875237,g,3,-0.44808564349615454,0.03998172291421831,0.04139006082881963,0.20112649411430752,-0.44808564349615454
2706,37875237,i,6,-0.4920944794884651,0.1619609368097299,0.2755587506968052,0.2573746359021318,-0.4920944794884651
2707,37875237,r,10,-0.7273882607459543,0.10198428593718806,0.17375631787072265,0.5453743971118079,-0.7273882607459543
2708,37889860,i,9,-0.4371837504763729,0.10431792441504362,0.18636392730996637,0.15415029198493702,-0.4371837504763729
2709,37889860,r,8,-0.4837407331582661,0.022599176689511336,0.07057464304402483,0.22952004601790918,-0.4837407331582661
2710,37908657,g,6,-0.1288876957919369,0.2382205707672787,0.3910212045969671,0.12572233632969662,-0.1288876957919369
2711,37908657,i,17,-0.7591975103095303,0.16517138504179396,0.26357846650396244,0.599887759384236,-0.7591975103095303
2712,37908657,r,18,-0.9381326366209932,0.1541888322959749,0.2800202468161377,0.694965063971765,-0.9381326366209932
2713,37908657,u,4,-0.020448322311382716,0.3344014163707651,0.6711900750027829,0.1314623803411135,-0.020448322311382716
2714,38004436,g,3,-0.9499632417336314,0.08652892476599994,0.339894025539325,0.676837179417098,-0.9499632417336314
2715,38004436,i,16,-0.6137953977403456,0.2365242342324343,0.41602146469221823,0.3318015270425091,-0.6137953977403456
2716,38004436,r,18,-0.5390426363429331,0.1047977316400577,0.30679522318809455,0.3878941883078903,-0.5390426363429331
2717,38023045,i,7,-0.3005982519367518,0.07588611660714356,0.21942788923402387,0.11043385478199393,-0.3005982519367518
2718,38023045,r,3,-0.2615396639076004,0.17626780903799033,0.3981261575057519,0.10751121090935278,-0.2615396639076004
2719,38134971,g,3,-0.30663234929868244,0.0091262467788229,0.39288893969178784,0.1208732368971298,-0.30663234929868244
2720,38134971,i,4,0.13065477432848616,0.06964776498166769,0.16346081118565578,0.038607315374778114,0.13065477432848616
2721,38134971,r,9,-0.3036913608723445,0.09701663762107426,0.3867731511026068,0.10639698362587373,-0.3036913608723445
2722,38157782,i,12,-0.8672639057860796,0.084054443768667,0.1447467212107072,0.6248692231362531,-0.8672639057860796
2723,38157782,r,5,-0.3902114924132425,0.2812524650400319,0.3612416972559871,0.2137257811138261,-0.3902114924132425
2724,38158645,i,8,-0.04268282433387777,0.29100486233434897,0.513215859484451,0.15934228221813712,-0.04268282433387777
2725,38158645,r,6,0.10822313765736774,0.05233154857001532,0.07893140142463664,0.0452875817389971,0.10822313765736774
2726,38217404,i,7,-1.873894287498004,0.2643441421796009,0.4735392728402479,1.4269552163589687,-1.873894287498004
2727,38217404,r,5,-1.8956598625700005,0.07934416535908762,0.09732651472924658,1.7635737479163591,-1.8956598625700005
2728,3828082,i,6,-0.35548001269348073,0.23174022012596934,0.40944246628864006,0.16686011745060694,-0.35548001269348073
2729,3828082,r,6,-0.21933417730805593,0.2030667780261336,0.5396191226302769,0.11985416394021962,-0.21933417730805593
2730,38286969,i,11,0.21852666592383743,0.1064883332315899,0.1793804935193523,0.057855929042392756,0.21852666592383743
2731,38286969,r,9,0.16607689436625067,0.07631541756232824,0.14677087579375403,0.06938771730713045,0.16607689436625067
2732,38324353,i,7,-0.08994952731684025,0.06961264305430115,0.10586972698790026,0.012112121355942643,-0.08994952731684025
2733,38324353,r,7,-0.04109125195937763,0.09288185517336284,0.1789882283829842,0.014908621819113154,-0.04109125195937763
2734,38324353,u,2,-0.7839113499249789,0.03716904035373003,0.03716904035372992,0.5407136597590392,-0.7839113499249789
2735,38390422,g,4,-1.0067961833804588,0.014179385511334464,0.029923545365156956,0.9348542470132319,-1.0067961833804588
2736,38390422,i,8,-0.23892574944858896,0.12483591421643248,0.26422223518391663,0.12860908390259929,-0.23892574944858896
2737,38390422,r,10,-0.4929816657053722,0.077273290150498,0.14176722129608532,0.3073983723013082,-0.4929816657053722
2738,38400325,i,8,-0.5885832352301397,0.14875941058135797,0.2740762293713641,0.32462369577077005,-0.5885832352301397
2739,38400325,r,8,-0.7841726502918089,0.13888384545384147,0.2798848672483165,0.5426417141604212,-0.7841726502918089
2740,38447015,i,7,-0.21977053604110874,0.17164906434373495,0.38929405096623304,0.111307557461829,-0.21977053604110874
2741,38447015,r,9,-0.792599392454606,0.12958577181616837,0.2499454791708453,0.43273992324947336,-0.792599392454606
2742,38449106,i,7,-1.0754611808253833,0.4028500530418555,0.7504313094842698,0.6811595614241706,-1.0754611808253833
2743,38449106,r,16,-0.9460156351046554,0.2915508922198927,0.607992091420462,0.7494297903245748,-0.9460156351046554
2744,38449360,g,5,0.13998250029710008,0.11192911174063469,0.1723516493193979,0.04789692953177439,0.13998250029710008
2745,38449360,i,9,-0.11514851830826878,0.18250215462152497,0.46146782753122717,0.08612010777760953,-0.11514851830826878
2746,38449360,r,10,0.037959535193401256,0.19903733876142926,0.2586185053418299,0.04306055475646501,0.037959535193401256
2747,38455833,g,10,-0.8417998883514295,0.09593902970429175,0.19997314107048403,0.5488844229104757,-0.8417998883514295
2748,38455833,i,32,-1.0400514554583886,0.49515785278702473,1.1042091860688912,0.9665006281074193,-1.0400514554583886
2749,38455833,r,33,-1.6469005856876575,0.49624556778263695,1.1764390269962965,1.4551792873481646,-1.6469005856876575
2750,38455833,u,3,-1.3458449807196586,0.02072337730702034,0.04143453902364058,1.629457521288962,-1.3458449807196586
2751,38516261,i,8,-1.2046224199400402,0.16669813305486691,0.28167531996368145,0.5818104968348015,-1.2046224199400402
2752,38516261,r,9,-1.3229320360520243,0.11911432949604128,0.2565102310567404,1.0320911645656468,-1.3229320360520243
2753,38543236,g,3,0.45425303642337034,0.1938126920942187,0.4295995441498893,0.15674037218674974,0.45425303642337034
2754,38543236,i,6,0.11460183213410076,0.08395067587915231,0.1282221519498296,0.026647541085190418,0.11460183213410076
2755,38543236,r,4,0.12081376576309527,0.06436983249089451,0.091401048720373,0.028766248559195635,0.12081376576309527
2756,38589834,g,7,-0.3446702622516692,0.20927178195309049,0.5454204770496603,0.11751592223757523,-0.3446702622516692
2757,38589834,i,15,-0.0629520979206557,0.10294228521057897,0.18822246820164518,0.028577659864833474,-0.0629520979206557
2758,38589834,r,14,-0.16321393475978224,0.029714740607025086,0.05516754510768565,0.0326804768325436,-0.16321393475978224
2759,38589834,u,5,-0.9655947937141873,0.021498285324700994,0.03661091681755391,0.8340562699381386,-0.9655947937141873
2760,38591305,g,3,-0.29573102528207995,0.193684697340349,0.39153273315381903,0.131793791354947,-0.29573102528207995
2761,38591305,i,3,-0.5945517333708659,0.05943309068312974,0.3130792311143177,0.2353020267131103,-0.5945517333708659
2762,38591305,r,9,-0.4504309884262635,0.2317376757219567,0.5767200445745474,0.20974469863299358,-0.4504309884262635
2763,38619918,g,2,0.33529958469449694,0.014189635395794098,0.014189635395794098,0.1078687872453142,0.33529958469449694
2764,38619918,i,9,-0.10397706442665322,0.14375704736542136,0.3018648932401351,0.02476703974105365,-0.10397706442665322
2765,38619918,r,13,-0.06053417185499005,0.07949461878302133,0.31506227002837583,0.0438537291557073,-0.06053417185499005
2766,38714416,g,5,0.00834497293601455,0.20853484874989237,0.34126934613044213,0.037170656475483746,0.00834497293601455
2767,38714416,i,19,-0.5144019298784337,0.1294499444964674,0.39413209793086423,0.12922806335787873,-0.5144019298784337
2768,38714416,r,16,-0.4185880837395167,0.29265141427943075,0.5638662139961,0.19645519789187882,-0.4185880837395167
2769,38760666,i,5,-0.8326887572560104,0.1553051769570768,0.18232113237724068,0.502886713120153,-0.8326887572560104
2770,38760666,r,5,-0.8936418199303331,0.07476786192417917,0.13293531738517084,0.2252245646495255,-0.8936418199303331
2771,38764776,i,8,-0.4218898304510903,0.06805136471609702,0.28515272079060644,0.4622908092948447,-0.4218898304510903
2772,38764776,r,7,-0.4913477556386133,0.06520470545890467,0.13190275605755147,0.20506366695593353,-0.4913477556386133
2773,38767002,g,3,-0.3478905151247871,0.04050052524562309,0.21998146285618397,0.08636991839208902,-0.3478905151247871
2774,38767002,i,12,0.13910577093359228,0.07843378372770948,0.13391384041728327,0.03510843869356828,0.13910577093359228
2775,38767002,r,14,-0.09430058026525778,0.09745681380930094,0.17819648641043911,0.014885854138035089,-0.09430058026525778
2776,3877687,g,2,0.4830971376468448,0.016358742239555357,0.016358742239555357,0.1889968834955592,0.4830971376468448
2777,3877687,i,4,0.1120754048919193,0.20537254857578424,0.3713715638666668,0.08440179610823327,0.1120754048919193
2778,3877687,r,5,0.2570361039273646,0.015040398293087176,0.015820308321303544,0.14184188573408635,0.2570361039273646
2779,38805953,i,9,-1.3660488966986502,0.510332716866587,0.9264303516163013,1.0155265001558216,-1.3660488966986502
2780,38805953,r,11,-1.5748395911250355,0.5152098714753945,0.725927665343967,1.402265673193651,-1.5748395911250355
2781,38852916,g,2,-0.6245725983549193,0.03521662413196025,0.03521662413196025,0.3352750212076102,-0.6245725983549193
2782,38852916,i,3,-0.22031456154190382,0.38305783814789646,0.43099251144503103,0.15697467732593548,-0.22031456154190382
2783,38852916,r,8,-0.5057687431608389,0.1029644693952613,0.15613416074953346,0.24772440404323373,-0.5057687431608389
2784,38859395,g,3,-0.2781042127546678,0.03019347260274996,0.06446923099450463,0.0826587528541781,-0.2781042127546678
2785,38859395,i,2,0.2319653137459457,0.16500039031768227,0.1650003903176823,0.07802304473715971,0.2319653137459457
2786,38859395,r,6,-0.028101479508879312,0.09142413125869164,0.16265886590851536,0.043608058955439157,-0.028101479508879312
2787,38860270,i,9,-0.4839620620727775,0.16377571270855712,0.3344024766347885,0.36058007797336905,-0.4839620620727775
2788,38860270,r,9,-0.6165421981187506,0.11472392240511131,0.18016865272671978,0.43794502506613936,-0.6165421981187506
2789,38874677,g,4,-0.6941465389433614,0.13804467462139752,0.30914732423060787,0.5503765779936045,-0.6941465389433614
2790,38874677,i,9,-0.16879029708730453,0.22770498172731668,0.45977931724794263,0.09546998975700934,-0.16879029708730453
2791,38874677,r,11,-0.45178250598133163,0.10324783818914307,0.4803439030841885,0.19555268693124403,-0.45178250598133163
2792,38874677,u,2,-1.9058970672186861,0.015379272049541481,0.015379272049541592,3.263671648094344,-1.9058970672186861
2793,38880872,g,5,-0.8019687878546105,0.010389319861029311,0.011769229595952502,0.6300407328472157,-0.8019687878546105
2794,38880872,i,13,-0.7920033184695083,0.09823158128705112,0.19175472035192098,0.42059977574106644,-0.7920033184695083
2795,38880872,r,11,-0.8861067732038346,0.26342157924742127,0.4990035380870739,0.5114206808848146,-0.8861067732038346
2796,38898310,i,8,-0.20612742708681556,0.2760979221109412,0.6064780323848888,0.13180433674147704,-0.20612742708681556
2797,38898310,r,10,-0.16176426846867475,0.09431239986566733,0.2361322119049462,0.10231159136333849,-0.16176426846867475
2798,38983328,g,5,0.2914187249174227,0.10560819570509095,0.20854971487404583,0.10033686216702789,0.2914187249174227
2799,38983328,i,7,-0.16878970884024413,0.032994962577686415,0.07453075171749379,0.023938901135999193,-0.16878970884024413
2800,38983328,r,10,-0.24702080812104332,0.06822487243428332,0.1897014012600542,0.08595168041886955,-0.24702080812104332
2801,38983328,u,2,-1.0536815134214836,0.18821797460179956,0.18821797460179956,0.9018238898900649,-1.0536815134214836
2802,39092713,g,4,-0.2306607443764251,0.019475704707215324,0.15955715632776643,0.06509642882439275,-0.2306607443764251
2803,39092713,i,6,-0.11419741807463832,0.08801445758142432,0.24158778001073644,0.046909545345919366,-0.11419741807463832
2804,39092713,r,5,-0.1404173607698473,0.023608944299939483,0.03085263168349811,0.0625971400590321,-0.1404173607698473
2805,39111301,g,2,-0.38077490982421724,0.03518424148533916,0.03518424148533916,0.14092933296472346,-0.38077490982421724
2806,39111301,i,6,0.012049657042175227,0.030416656364060657,0.09128157889428198,0.007970847456647927,0.012049657042175227
2807,39111301,r,6,-0.0007662734395722792,0.021741355086028716,0.07830809085767296,0.00568506505966598,-0.0007662734395722792
2808,39124028,g,5,-0.49324638285834643,0.02055519233404668,0.04673861636719634,0.21660856091082897,-0.49324638285834643
2809,39124028,i,15,0.10466912473792112,0.14443121194492425,0.3305717753537074,0.06687640939695827,0.10466912473792112
2810,39124028,r,12,0.021509519534512272,0.05772846480146357,0.11029175405871221,0.011901005446355176,0.021509519534512272
2811,39133468,g,2,0.293786257647224,0.17212754160269983,0.17212754160269983,0.10368218129979956,0.293786257647224
2812,39133468,i,8,-0.005392527302588546,0.12010350704688376,0.2482408159482798,0.05631790606035766,-0.005392527302588546
2813,39133468,r,7,0.0040704359408430535,0.09393983365053304,0.354056559793258,0.06396318495636796,0.0040704359408430535
2814,39133468,u,3,-0.5432797612639964,0.09209473783818833,0.09235672046919668,0.2855293888037003,-0.5432797612639964
2815,39153895,g,3,-0.21492309696769185,0.02611697703839222,0.18805880946335263,0.037296718023636335,-0.21492309696769185
2816,39153895,i,22,-0.7544538359378954,0.16246415126981656,0.4925809315722175,0.3525377906596231,-0.7544538359378954
2817,39153895,r,20,-0.6658909102256523,0.06580189544135778,0.12903691758726998,0.38242395968278625,-0.6658909102256523
2818,39192094,i,12,0.09801799060689922,0.1229982798433086,0.2937562816337056,0.1232672869217029,0.09801799060689922
2819,39192094,r,9,0.25771052567990194,0.14554787613742382,0.21448471329100494,0.1007165392658813,0.25771052567990194
2820,39196388,g,7,-0.6274956709537824,0.053452396625313536,0.07213729781780476,0.4863808120431661,-0.6274956709537824
2821,39196388,i,11,-0.6442328106466,0.0913078111136737,0.18318809540468917,0.3388395917895824,-0.6442328106466
2822,39196388,r,12,-0.6432766829184693,0.03309680174276092,0.15381625490256723,0.40963954475029785,-0.6432766829184693
2823,39219130,g,5,0.14842949751507462,0.260011773661327,0.5403249352504308,0.0773754343597778,0.14842949751507462
2824,39219130,i,4,0.06963979551025132,0.14029481471387137,0.20650087458643568,0.03652980343204698,0.06963979551025132
2825,39219130,r,7,0.04880351263861893,0.059981692524742836,0.12093276139755654,0.017860535787639412,0.04880351263861893
2826,39221940,i,10,-0.8374910421283273,0.10560453375509093,0.17298949065354952,0.54063165194571,-0.8374910421283273
2827,39221940,r,8,-0.6586905917149036,0.11682842333741694,0.2248295894649588,0.8090817738061866,-0.6586905917149036
2828,39238124,i,7,-0.7588679252173887,0.02617479259415223,0.043319747471243786,0.47298478132458976,-0.7588679252173887
2829,39238124,r,9,-0.7230550333861714,0.21471918999812667,0.4826074157161452,0.5434426513029332,-0.7230550333861714
2830,39248305,i,8,-0.2983710890151321,0.039369442466316074,0.06499979123555655,0.09222949652997132,-0.2983710890151321
2831,39248305,r,6,-0.18946821751550597,0.060126385902966484,0.10293351800112552,0.04093159208775971,-0.18946821751550597
2832,393134,g,7,-0.5494946144741204,0.04588276298762617,0.0897763589760211,0.32496953752829655,-0.5494946144741204
2833,393134,i,24,-0.7825075075739801,0.3103166340548864,0.6724206044523852,0.46423154106048664,-0.7825075075739801
2834,393134,r,16,-0.7908462022970487,0.2034991883982218,0.31759611627341966,0.5728494999909581,-0.7908462022970487
2835,393134,u,2,-0.62469894414339,0.09638624856254074,0.09638624856254085,0.3452586138069344,-0.62469894414339
2836,39347854,i,6,-1.1665096070585215,0.10881014978208925,0.19690579751700188,0.8922699103734734,-1.1665096070585215
2837,39347854,r,6,-1.064581142170141,0.16420072460592705,0.3203787839079042,1.115463906418356,-1.064581142170141
2838,39361950,g,2,-0.6353914439739795,0.1696222824668393,0.1696222824668394,0.4167583429514795,-0.6353914439739795
2839,39361950,i,4,0.2760430172794704,0.18403541879096724,0.2947049668528299,0.14790104802109288,0.2760430172794704
2840,39361950,r,7,-0.11621309128225676,0.14037366501977644,0.26621689788682207,0.0732421037407044,-0.11621309128225676
2841,3937370,i,8,-0.6366756937320177,0.12290491246548313,0.2365976256981639,0.3762977910479085,-0.6366756937320177
2842,3937370,r,4,-0.26179369748119563,0.12625631512772695,0.22630576641000671,0.11274281474184251,-0.26179369748119563
2843,39393610,i,6,-0.513582186533285,0.12195741864528845,0.22464770277099433,0.2364739663119484,-0.513582186533285
2844,39393610,r,5,-0.6548269388932917,0.0439014994846596,0.05780904359747707,0.44521654098624436,-0.6548269388932917
2845,39439619,i,5,0.27591656179202123,0.05938358912591213,0.15295114776887297,0.06269585258425232,0.27591656179202123
2846,39439619,r,7,-0.13573634574419413,0.09990524871703721,0.19373518748690116,0.021696030070443267,-0.13573634574419413
2847,39450916,i,12,-1.0156172056857395,0.056491127629368365,0.40938409010155696,0.2188025608048945,-1.0156172056857395
2848,39450916,r,8,-0.6265079881643003,0.34397898761820866,0.7242970006723572,0.26085581189362095,-0.6265079881643003
2849,3946774,g,7,-0.8170136582427157,0.03084950791773977,0.04309268790815557,0.6426601684143703,-0.8170136582427157
2850,3946774,i,18,-0.7654438012489055,0.5392462813340699,0.9121014385237994,3.1187248291130456,-0.7654438012489055
2851,3946774,r,27,-0.9264064016177946,0.44325971898786043,0.83281750634367,0.7862076877515547,-0.9264064016177946
2852,39478052,i,12,-0.6343105597624585,0.09044289458746552,0.17352694374030675,0.3326838178910449,-0.6343105597624585
2853,39478052,r,6,-0.5631951574486248,0.03011237672063094,0.04654086310582217,0.31107605032281,-0.5631951574486248
2854,39481746,i,9,-0.3391843639942663,0.33544281470795767,1.0624107225018602,0.5137855574345558,-0.3391843639942663
2855,39481746,r,12,-0.6036001812751217,0.40764431973020443,1.1625355232711194,0.5141780422539066,-0.6036001812751217
2856,39502162,g,3,-0.3529763793290869,0.01742638141680397,0.05756261371768828,0.10436354272139849,-0.3529763793290869
2857,39502162,i,2,-0.008229883997054308,0.031734871415233526,0.031734871415233526,0.0009638771273263989,-0.008229883997054308
2858,39502162,r,9,0.0022749530028042253,0.05157313527471796,0.08944343529089516,0.009382079187951399,0.0022749530028042253
2859,39525132,g,4,0.2707026742642227,0.13745546609998038,0.2915493195593754,0.10963878186573277,0.2707026742642227
2860,39525132,r,8,0.015603082468505128,0.2717530237064108,0.5116601128690219,0.07471838234298414,0.015603082468505128
2861,39525132,u,3,-0.978556720894727,0.10039782920376683,0.2717195793397491,0.7503363581379809,-0.978556720894727
2862,39554853,g,4,-0.5633961290474704,0.06099575247495265,0.100174431214902,0.3606088011396499,-0.5633961290474704
2863,39554853,i,22,-0.5205592782208499,0.20526479854854845,0.39265288978558666,0.26712890276499873,-0.5205592782208499
2864,39554853,r,22,-0.6979351166699415,0.3104120182504573,0.5809972339869529,0.45443089287959276,-0.6979351166699415
2865,39554947,g,6,-0.6371952728067976,0.053641308340031,0.09992890673406318,0.44970426242927214,-0.6371952728067976
2866,39554947,i,17,-0.9101363915990547,0.47143204494112056,0.7749177315877691,0.767016783906322,-0.9101363915990547
2867,39554947,r,13,-0.7786402999960069,0.18339445317439362,0.5916338118442988,0.4824026573194044,-0.7786402999960069
2868,39576725,g,7,0.26379259648279163,0.0768133120680774,0.8485511950963481,0.1875112314431808,0.26379259648279163
2869,39576725,i,19,-0.28086356908727783,0.14065372335189408,0.21941724739987173,0.07201412374985777,-0.28086356908727783
2870,39576725,r,16,-0.24102216535238669,0.041032345527116654,0.06923206288897688,0.057415729642134886,-0.24102216535238669
2871,39576725,u,3,-1.1401145393851644,0.0043541800410598075,0.07208268732078182,1.313197545409962,-1.1401145393851644
2872,39578193,g,3,-0.24293192810994624,0.04232246366453429,0.07717491923140196,0.02270393375399865,-0.24293192810994624
2873,39578193,i,10,-0.5316724620674808,0.16513404162918832,0.300558689610015,0.15571212157427167,-0.5316724620674808
2874,39578193,r,12,-0.7366647365527826,0.08293704200505159,0.15553995685659983,0.32588016110139356,-0.7366647365527826
2875,39628072,i,10,-1.7507278803993778,0.18510664347058114,0.3232026860892878,2.1046190936947804,-1.7507278803993778
2876,39628072,r,8,-2.0800508765889516,0.04165471969879131,0.07726241570210846,2.3559292513115784,-2.0800508765889516
2877,39648477,g,2,-0.5321838105895588,0.0742931730379495,0.07429317303794952,0.30297584817532297,-0.5321838105895588
2878,39648477,i,3,-0.31315641063695043,0.09501224092193339,0.15897701426139005,0.07192188592351108,-0.31315641063695043
2879,39648477,r,9,-0.29452663696399506,0.1238774056121964,0.23438435352228348,0.10899133367989242,-0.29452663696399506
2880,39675704,g,2,-0.5729217998005944,0.07926706913966419,0.07926706913966419,0.17389638098624943,-0.5729217998005944
2881,39675704,i,13,-1.0657698750270042,0.15297195974595001,0.34813935634902216,0.719416580144953,-1.0657698750270042
2882,39675704,r,16,-1.2203344094224653,0.1927027816811132,0.3126680337452621,0.9679042637372417,-1.2203344094224653
2883,396890,i,3,-1.5823676305694243,0.07647937004042804,0.08842294106739312,1.355562946604742,-1.5823676305694243
2884,396890,r,6,-0.15849061183129967,0.26381889451042545,0.43373781000633815,0.21348534879251088,-0.15849061183129967
2885,39734292,i,10,-0.4001012791144165,0.18501190177203106,0.3215297965679318,0.19666197887496356,-0.4001012791144165
2886,39734292,r,7,-0.29692747407306963,0.12697243670551284,0.19415042386743936,0.11924918416317665,-0.29692747407306963
2887,39734292,u,2,-0.6489621075789791,0.023770062465911845,0.023770062465911845,0.3895937014536862,-0.6489621075789791
2888,39760359,g,5,-0.28918508323779407,0.016957840802123147,0.41427241444064333,0.0768991470314756,-0.28918508323779407
2889,39760359,i,9,0.0711667753990527,0.058086854535950416,0.14272852555722748,0.01549857788553594,0.0711667753990527
2890,39760359,r,18,0.13597594193028334,0.062358385816242326,0.132529956700579,0.046224642863497194,0.13597594193028334
2891,39841422,i,8,-0.024329428894160565,0.1408298663101788,0.1929493572247294,0.03386730598663104,-0.024329428894160565
2892,39841422,r,6,-0.032345771046608185,0.16148458686806422,0.295001573178427,0.026839428107574087,-0.032345771046608185
2893,39862217,g,2,-0.3856230930805944,0.032508338941555026,0.032508338941555026,0.13571663729133804,-0.3856230930805944
2894,39862217,i,11,-0.7618001461257806,0.1672192851096903,0.31416391361955687,0.46889884995712366,-0.7618001461257806
2895,39862217,r,8,-0.7078981473196946,0.039253194698422644,0.06700637606986537,0.3782770095713346,-0.7078981473196946
2896,39882427,g,3,-0.6990892036385306,0.00970031953140904,0.057740824955016645,0.4516874944758711,-0.6990892036385306
2897,39882427,r,7,-0.062416417696637944,0.09972701568903938,0.17689516114561535,0.024588482213542397,-0.062416417696637944
2898,39882427,u,2,-1.3847002410655544,0.058444721523349896,0.058444721523349674,1.5986187716699005,-1.3847002410655544
2899,39886750,g,4,-0.6268182059469644,0.08640049847482945,0.3327007221094491,0.4891060766569975,-0.6268182059469644
2900,39886750,i,3,-0.735318017738198,0.07645120423955865,0.3440371920167981,0.28519408586528855,-0.735318017738198
2901,39886750,u,3,-1.2086887470349539,0.07090229188874697,0.41325180245291393,1.056736692976039,-1.2086887470349539
2902,39891654,i,8,-0.16561131170584292,0.27512119536725244,0.6233492686104767,0.1667883411179505,-0.16561131170584292
2903,39891654,r,8,-0.31114549404107783,0.23073553253884005,0.3790773035495274,0.14376090581919818,-0.31114549404107783
2904,39932749,g,3,-0.5916709808815552,0.08308784393293323,0.08518469269376439,0.3078912667705807,-0.5916709808815552
2905,39932749,i,17,-0.8947557047983525,0.43270348070807385,0.7529621449298034,0.7730117063594096,-0.8947557047983525
2906,39932749,r,21,-1.0023756886023738,0.26754148863794835,0.49975239216081113,0.6332060487525676,-1.0023756886023738
2907,39951079,i,5,-0.38621106572729236,0.09401008422402068,0.09794283473907861,0.08106027073113971,-0.38621106572729236
2908,39951079,r,6,-0.4963241774133893,0.29049301052683485,0.5526067517811651,0.2154722840569988,-0.4963241774133893
2909,39979054,g,4,-0.20176303274474183,0.38730777477452605,0.7625124728699479,0.18736617380414722,-0.20176303274474183
2910,39979054,i,30,-1.3177202443765021,0.581769932109157,1.1212236974630716,1.2062392715354913,-1.3177202443765021
2911,39979054,r,27,-1.1277020351323126,0.5831340424348672,1.1258273365207103,1.2298943553639947,-1.1277020351323126
2912,40035517,g,3,-0.1246469600146759,0.016702967757743048,0.08549146849784467,0.011462956587050018,-0.1246469600146759
2913,40035517,i,13,-0.7753238258910468,0.3657141509965368,0.9227334149574553,0.3925710355226949,-0.7753238258910468
2914,40035517,r,17,-0.4385609413806122,0.40998059460822545,1.0446147796054044,0.40529570274270155,-0.4385609413806122
2915,40045830,i,8,-0.5666723549452433,0.11109293039121515,0.24322719177674035,0.2531941709850793,-0.5666723549452433
2916,40045830,r,9,-0.5484178308637749,0.1338230008330733,0.289310179542033,0.2285723282105708,-0.5484178308637749
2917,40048668,i,8,-0.5454283630790209,0.12981966940403164,0.2436504818765134,0.3170718958203166,-0.5454283630790209
2918,40048668,r,3,-0.3366301325169443,0.012742607815898088,0.038617934008982724,0.12079306705533237,-0.3366301325169443
2919,40143982,g,3,-0.23338698222819265,0.018159443787195362,0.024101722669487458,0.05531239227177095,-0.23338698222819265
2920,40143982,i,7,0.04424921540974061,0.0716774413414851,0.10164578015557842,0.008707501071576518,0.04424921540974061
2921,40143982,r,8,0.015835117688637435,0.08424451910031555,0.15187446180298286,0.007683851130732239,0.015835117688637435
2922,4020468,i,6,-0.987318682765747,0.08739001769783572,0.3190112382772843,0.35972087562429156,-0.987318682765747
2923,4020468,r,6,-0.7275338720847824,0.10356020069840755,0.1675696145970964,0.3600752262234895,-0.7275338720847824
2924,40210097,g,3,-0.2500536379151981,0.1182811468280277,0.21339626714949483,0.10942150578805614,-0.2500536379151981
2925,40210097,i,11,-1.806739806902558,0.3245270256344708,0.48437156662394565,2.262620505108453,-1.806739806902558
2926,40210097,r,9,-1.1584391561729714,0.11273111283453474,0.19650899523774656,1.5165177366827045,-1.1584391561729714
2927,4024030,i,5,0.1104758979094449,0.05583249726328304,0.09932327013611797,0.025329754121430736,0.1104758979094449
2928,4024030,r,5,0.0040216992953527875,0.08444421365200164,0.3807573073252661,0.041787058944489565,0.0040216992953527875
2929,40245854,g,4,-1.068705512296637,0.01823608091624096,0.05236987358227396,0.5082266462005154,-1.068705512296637
2930,40245854,i,7,-0.6816488099708904,0.2170972429916216,0.516844982227061,0.3437928094905803,-0.6816488099708904
2931,40245854,r,7,-0.910753807192408,0.17248421027745553,0.5674936269103592,0.44195753564025875,-0.910753807192408
2932,40259502,g,5,-0.27689200499892785,0.02200727922447132,0.1644122427070791,0.046916447842718007,-0.27689200499892785
2933,40259502,i,6,-0.2593684247813479,0.19470727552360984,0.3479729290534533,0.06673332232822107,-0.2593684247813479
2934,40259502,r,9,-0.022193859540463823,0.0552844431996512,0.1660461332650598,0.023028715332892146,-0.022193859540463823
2935,40295581,g,5,0.06558874242710622,0.039815574477599425,0.220428316908019,0.012286483441008801,0.06558874242710622
2936,40295581,i,9,0.044530224518706585,0.05807412439947279,0.18563233193591072,0.011670432767753612,0.044530224518706585
2937,40295581,r,12,-0.06716815029640189,0.05299890675460084,0.26296044740811675,0.04443349049069495,-0.06716815029640189
2938,40321237,g,2,-0.12680608860369202,0.023021345767253565,0.023021345767253565,0.015870391578372955,-0.12680608860369202
2939,40321237,r,12,0.19463014974755316,0.06674349662524334,0.12457685963184745,0.059105771798980654,0.19463014974755316
2940,40323250,g,2,-0.11652569345270586,0.22787522170820534,0.22787522170820534,0.07654220141808978,-0.11652569345270586
2941,40323250,i,4,-0.13552412380205883,0.08813070894859908,0.19318656548080446,0.027054947249072817,-0.13552412380205883
2942,40323250,r,6,0.5143594916274383,0.5413794649876126,1.0777918936176552,0.5984632248980499,0.5143594916274383
2943,40323250,u,4,-0.01963359296612388,0.009439975467876338,0.30855926686584384,0.3655903326191266,-0.01963359296612388
2944,40407496,g,4,-0.3776145422627226,0.04705971820026428,0.0825566525918397,0.15469890489489518,-0.3776145422627226
2945,40407496,i,3,-0.14704934735480246,0.1630091178535557,0.2627427287057731,0.05454904634907822,-0.14704934735480246
2946,40407496,r,6,-0.06930264870281111,0.07679945612615507,0.11725147239426945,0.024742368185104256,-0.06930264870281111
2947,40408110,i,14,-1.3366149365113469,0.397649561356279,0.6552173944448061,1.3928331573558534,-1.3366149365113469
2948,40408110,r,12,-1.2734721745840043,0.3468262573923937,0.6477262909436681,1.0819555313916591,-1.2734721745840043
2949,40451005,g,7,-0.3427500336556011,0.059722841599788135,0.13036924753180945,0.09465153966627608,-0.3427500336556011
2950,40451005,i,22,-0.32039126735149365,0.23814258773438776,0.6325345237902764,0.15693506174456354,-0.32039126735149365
2951,40451005,r,22,-0.44567663300563365,0.24816748088627058,0.46604948807454755,0.27737976200996567,-0.44567663300563365
2952,40558941,g,5,-0.138379539007496,0.16107684678339962,0.49672246149429444,0.10901128950113599,-0.138379539007496
2953,40558941,i,8,-0.24034220668688247,0.022958865516001764,0.05943556351848467,0.04250769453496947,-0.24034220668688247
2954,40558941,r,9,-0.32842285126967385,0.03585768572037695,0.05258046513209158,0.10262517415138056,-0.32842285126967385
2955,40565957,g,4,-1.613380631603159,0.07027286123610044,0.10773265825484413,2.0809540960855992,-1.613380631603159
2956,40565957,i,9,-1.727454925830507,0.2665807003020726,0.734837416074676,2.2601697522043,-1.727454925830507
2957,40565957,r,11,-1.4147027533444785,0.4960316426416005,1.0037497224749743,1.7631311825799119,-1.4147027533444785
2958,40565957,u,2,-2.099099386422095,0.19266717080945361,0.1926671708094534,3.8170991879343665,-2.099099386422095
2959,40590376,i,8,-1.309944163578176,0.23071534214234524,0.526418677182559,1.1962987456715029,-1.309944163578176
2960,40590376,r,5,-0.6972755607957322,0.17970583127748507,0.35120953908942143,0.6106524137717857,-0.6972755607957322
2961,40603687,g,5,-0.0620281827340472,0.13748683087727925,0.14663470117133026,0.03768496906991024,-0.0620281827340472
2962,40603687,i,11,-0.3005063575810791,0.12541094862758673,0.2238927374587225,0.11123803640801294,-0.3005063575810791
2963,40603687,r,9,-0.03753303885185311,0.27978042644081824,0.5350501045624062,0.12307885462999943,-0.03753303885185311
2964,40708910,g,3,0.07633410598785262,0.12086709235580484,0.24990857089050011,0.06736718681674118,0.07633410598785262
2965,40708910,i,24,-0.5702658021574397,0.1336188677356382,0.29001069228994275,0.24380279464087237,-0.5702658021574397
2966,40708910,r,18,-0.5340987007154139,0.08625540555649419,0.1614731625581003,0.2630262474587386,-0.5340987007154139
2967,40737275,g,13,-0.3035840392221786,0.20359839188667495,0.2834700602035203,0.1464154263001428,-0.3035840392221786
2968,40737275,i,27,-0.393589389180908,0.24347352254907173,0.6063911922056249,0.18706261871478966,-0.393589389180908
2969,40737275,r,29,-0.5179222549490781,0.2784805504197898,0.6813077325069125,0.34843954221274703,-0.5179222549490781
2970,40737275,u,2,-0.0636259259886911,0.23597064370558485,0.23597064370558485,0.05230773853026589,-0.0636259259886911
2971,40742561,g,2,-0.844329957320796,0.27109163535003755,0.27109163535003744,0.7014192082615527,-0.844329957320796
2972,40742561,i,2,-0.658396720674777,1.0770919916424506,1.0770919916424506,1.0470659192407616,-0.658396720674777
2973,40742561,r,9,-0.7356542910540794,0.3762862491111634,0.7990181328919432,0.9144102770206644,-0.7356542910540794
2974,40799015,g,11,-0.7556253927837377,0.13524107882824898,0.2353363966525288,17.74976647518936,-0.7556253927837377
2975,40799015,i,26,-1.1364438888931547,0.21304080855330254,0.4246839297415119,0.7127495233409413,-1.1364438888931547
2976,40799015,r,23,-1.0180985187276832,0.3559602143999079,0.7527971949192258,0.9539667409665491,-1.0180985187276832
2977,40810488,g,5,-0.28351660583926597,0.16599754212969647,0.3038099240838676,0.17780991740208552,-0.28351660583926597
2978,40810488,i,14,-0.7499729561972182,0.26106465373680776,0.43388289055527596,0.48025519936910277,-0.7499729561972182
2979,40810488,r,14,-0.8477129640707958,0.1745055785732817,0.6608125663556398,0.5330326726265187,-0.8477129640707958
2980,40810488,u,4,-0.3800422276628801,0.04295801831298107,0.09724625883824162,0.18144789139879836,-0.3800422276628801
2981,40821371,g,4,-0.6708339773566525,0.01686079898866305,0.02698460495157362,0.4542600068319224,-0.6708339773566525
2982,40821371,i,4,0.17597416218643058,0.3057404417640196,0.5972756402875402,0.16968560634362456,0.17597416218643058
2983,40821371,r,4,-0.31124240683554016,0.08952636408290018,0.15846544600451445,0.10536518791461937,-0.31124240683554016
2984,40821371,u,2,-1.3552184466386006,0.1573041815000531,0.1573041815000531,1.6281542680566334,-1.3552184466386006
2985,4085069,i,8,-1.5757323507842185,0.27231463376670206,1.2695548629689852,1.169561510769427,-1.5757323507842185
2986,4085069,r,15,-1.5425790338219625,0.34953368515846117,1.2655204718367425,0.9607759449861754,-1.5425790338219625
2987,40906442,i,7,-0.6850054448818154,0.04598448548824352,0.14394574800883664,0.30359995000335827,-0.6850054448818154
2988,40906442,r,8,-0.538642515759221,0.02771185699429285,0.059797182521778014,0.26826833260346283,-0.538642515759221
2989,40936127,i,7,-0.6957398549239658,0.024726077642233002,0.04263966065346336,0.3465820230738878,-0.6957398549239658
2990,40936127,r,5,-0.8422807403023813,0.11820602755315912,0.15508644814960793,0.7047270002944261,-0.8422807403023813
2991,40957499,g,5,-1.0777667101515875,0.09645796495115788,0.35301076185370817,0.8897353101545263,-1.0777667101515875
2992,40957499,i,21,-1.2432062257200986,0.5000827679627081,1.112904247647996,0.9396629156362628,-1.2432062257200986
2993,40957499,r,21,-0.7748465349230313,0.22194131991692678,0.6353297951412124,0.7017598125747757,-0.7748465349230313
2994,40978237,g,3,-0.9325395439833055,0.11399373686051217,0.13727916601138368,0.8290315099158438,-0.9325395439833055
2995,40978237,i,21,-1.0212601307872262,0.3817739982396673,0.7989278728136024,0.8481548540327646,-1.0212601307872262
2996,40978237,r,19,-1.0756612773891767,0.6417958725813084,1.0964208693723783,1.2526907733284318,-1.0756612773891767
2997,40978237,u,2,-1.7106285984476415,0.08588141279846584,0.08588141279846595,2.552987000997832,-1.7106285984476415
2998,40984981,g,4,-0.3249224472572454,0.25769149834028554,0.49827857813698745,0.18538154404320892,-0.3249224472572454
2999,40984981,i,3,-0.08435661231641903,0.2839229124456506,0.5307784413940057,0.1698285628087114,-0.08435661231641903
3000,40984981,r,7,-0.30125519897176806,0.07364394537405822,0.1727316743136061,0.13210646502236897,-0.30125519897176806
3001,40984981,u,2,-1.1553379728760729,0.05904344477576051,0.0590434447757604,1.2170795349675645,-1.1553379728760729
3002,40986155,g,3,-0.3790345914417974,0.1605662157627843,0.32808218324889404,0.13751895514716053,-0.3790345914417974
3003,40986155,i,6,-0.449847155958216,0.09132552587773005,0.14097041076379913,0.19572220663735931,-0.449847155958216
3004,40986155,r,5,-0.6124642744327575,0.06332321946033725,0.30066232215571764,0.27355058341071564,-0.6124642744327575
3005,41053022,i,10,-1.285534159165296,0.4555310572965626,0.7755409037623257,1.144953441027516,-1.285534159165296
3006,41053022,r,12,-1.3088526734104522,0.20314436324920015,0.443675895763608,1.2071659959354821,-1.3088526734104522
3007,41070074,g,3,-0.6400479342815955,0.07245316341119068,0.19802045738410212,0.33178641777427975,-0.6400479342815955
3008,41070074,i,7,-0.6092564987662799,0.08388756699393829,0.17941215647568654,0.35027599492417216,-0.6092564987662799
3009,41070074,r,4,-0.7024431369261377,0.07273035038717734,0.12537724696517683,0.5188256607534543,-0.7024431369261377
3010,41070074,u,2,-0.7075019187674015,0.013073709822350899,0.013073709822350787,0.4873068490968111,-0.7075019187674015
3011,41070521,g,2,-0.2074297887074002,0.1302875655440316,0.13028756554403156,0.05724869784434194,-0.2074297887074002
3012,41070521,i,15,-0.2574286398174024,0.08701224174297467,0.14807567424955953,0.09113353350379973,-0.2574286398174024
3013,41070521,r,9,-0.21730641317538452,0.05873973109507402,0.1059533046292423,0.06662796232938195,-0.21730641317538452
3014,41079937,g,2,-0.918065844337758,0.07549040261472062,0.07549040261472073,0.78269356217658,-0.918065844337758
3015,41079937,i,8,-1.1673189156942994,0.23352515645485428,0.4349137477459146,0.8542950544583939,-1.1673189156942994
3016,41079937,r,8,-0.9888528451913727,0.1848730889621808,0.47706468300729843,0.7068741155935577,-0.9888528451913727
3017,41106915,i,9,-0.03015853123589085,0.0808694932222524,0.1456191655592329,0.008316851018860628,-0.03015853123589085
3018,41106915,r,6,-0.043654205274909264,0.10968671083656735,0.16560979795240513,0.02799022952049184,-0.043654205274909264
3019,41106915,u,2,-0.4951760416265715,0.250957157689768,0.25095715768976806,0.3036660968482341,-0.4951760416265715
3020,41190835,g,4,-0.22672933476026297,0.09961636679737429,0.20226354752437456,0.05868151214721849,-0.22672933476026297
3021,41190835,i,19,-0.5321878958263901,0.26233879451347586,0.5319913925509607,0.21069391416851882,-0.5321878958263901
3022,41190835,r,16,-0.5015754990829064,0.16102939103303657,0.31651328854611915,0.16909212804257334,-0.5015754990829064
3023,41223232,i,19,-1.2700484211864624,0.5519090013160963,1.1078780331079707,1.1875134074337486,-1.2700484211864624
3024,41223232,r,15,-0.808467897469587,0.3329506613194465,0.5819303861658515,0.8514278539896288,-0.808467897469587
3025,41241423,i,24,-1.4421943305885332,0.5400509758860914,1.3753717255807885,2.822039313256127,-1.4421943305885332
3026,41241423,r,29,-1.8638180997283567,0.7503376410073883,1.4832494804594718,2.5349826286610977,-1.8638180997283567
3027,41265445,i,15,-0.18187793722671652,0.2509519675587424,0.4628351518042073,0.15381092204416336,-0.18187793722671652
3028,41265445,r,13,-0.318513958269655,0.17081281844492535,0.2159609214625522,0.20322817869496024,-0.318513958269655
3029,41267951,i,6,-1.1038268811040393,0.20077080499155453,0.3320076087490863,0.5715347886511253,-1.1038268811040393
3030,41267951,r,7,-1.0329781481344624,0.320593138247105,0.5660577844689396,0.7523502320500667,-1.0329781481344624
3031,41293019,i,9,-0.23927598815626017,0.25093396615696617,0.48450869147598785,0.4407707284612784,-0.23927598815626017
3032,41293019,r,5,-0.2893920602384292,0.07187631715637499,0.20076050457779793,0.05288943225449359,-0.2893920602384292
3033,41332814,i,10,-0.5399752702974017,0.08235615655012962,0.15979528488139572,0.24673682433463387,-0.5399752702974017
3034,41332814,r,8,-0.21380277790650223,0.08597220792479685,0.17634534896648668,0.06142512655708838,-0.21380277790650223
3035,41398222,i,12,-0.473003278978821,0.09097577133260648,0.14265438051283225,0.10130407436756766,-0.473003278978821
3036,41398222,r,7,-0.5498888427330528,0.14768089758652225,0.25935741076012975,0.17547006481133806,-0.5498888427330528
3037,41401459,g,4,-0.12365790465178017,0.024455481979648586,0.04650874341074368,0.014135061593424206,-0.12365790465178017
3038,41401459,i,6,0.07356723037343899,0.15773886979763724,0.32609044027929884,0.044772781920884984,0.07356723037343899
3039,41401459,r,8,0.021804794255098514,0.11763339059376121,0.22164408576896688,0.01439531543150909,0.021804794255098514
3040,4140739,g,2,-0.3399178027781541,0.024921528282509597,0.024921528282509597,0.10813065633803035,-0.3399178027781541
3041,4140739,i,7,-0.9274102951399035,0.4777503885552027,0.753937025325987,1.3197807781196118,-0.9274102951399035
3042,4140739,r,5,-0.49466871961324776,0.24230250062354225,0.280486271041028,0.24891779881430773,-0.49466871961324776
3043,41449927,g,2,-0.8550105289364173,0.07999495447252414,0.07999495447252403,0.6724961656157662,-0.8550105289364173
3044,41449927,i,19,-0.7700652078892339,0.2016769397503676,0.42709552969478815,0.47548248822025485,-0.7700652078892339
3045,41449927,r,26,-0.7851984156666043,0.1416498762622444,0.3214268220108496,0.4686191955811448,-0.7851984156666043
3046,41458038,i,4,-1.267803215999457,0.06407734268648757,0.11900681653780043,1.0832769652675056,
3047,41458038,r,3,-1.8294986717537842,0.014628129412131763,0.01678339737616663,1.9540493840433062,
3048,41459540,g,2,-0.6692029024364212,0.0077514798371873805,0.0077514798371873805,0.40318267314759365,-0.6692029024364212
3049,41459540,i,3,-0.30621089103516697,0.09294889885391283,0.1753286260664862,0.07977069449234195,-0.30621089103516697
3050,41459540,r,7,-0.34565060061217423,0.18470677601408703,0.6850222002413171,0.14433075032776307,-0.34565060061217423
3051,41501939,g,3,-0.22583232253736618,0.04374650116049272,0.35378648724308537,0.1469399544409325,-0.22583232253736618
3052,41501939,i,15,-0.5081844954161776,0.3236224564220447,0.736757128272171,0.2265429969746798,
3053,41501939,r,10,-0.8843637889221636,0.22656979146981437,0.532203188204772,0.49486072647509366,
3054,41559174,i,4,-0.2642369889494565,0.03391111034251254,0.14437420843848953,0.06547060480431748,-0.2642369889494565
3055,41559174,r,6,-0.005394320648960643,0.11734145178130524,0.2243398814321626,0.02751201537947365,-0.005394320648960643
3056,41592872,g,4,-0.6506377064252102,0.07818750629875226,0.1356175940148504,0.4087456612390792,-0.6506377064252102
3057,41592872,i,7,-0.7466262574121687,0.1251361158382832,0.19137006059262096,0.6150362369373774,-0.7466262574121687
3058,41592872,r,7,-0.6180653409032077,0.06379019846181833,0.1641472555565769,0.37307087366040953,-0.6180653409032077
3059,41594391,i,10,-1.0090036660000243,0.5546744232625118,0.9379163328521557,0.9359101382815311,-1.0090036660000243
3060,41594391,r,10,-1.7791851135292949,0.39686777844667653,1.2117641133159929,1.6123410077834657,-1.7791851135292949
3061,41599154,i,8,0.24150436956529286,0.057960584969616175,0.1207692762790375,0.04799705203925704,0.24150436956529286
3062,41599154,r,6,0.032746963161737475,0.029626005904668212,0.04480606446612974,0.003815342796092304,0.032746963161737475
3063,41611108,g,3,-1.7199338441183802,0.039314029184866595,0.07033206485174892,1.3474549734536507,-1.7199338441183802
3064,41611108,i,9,-1.6218024282432373,0.29455383574501925,0.6538561323075756,1.6259524959247615,-1.6218024282432373
3065,41611108,r,4,-2.4684939363291116,0.04007677357786865,0.3888552270876331,2.5603094975901075,-2.4684939363291116
3066,4172329,g,6,-0.2990269595610322,0.08086420552949472,0.2773382235282297,0.08819461098920024,-0.2990269595610322
3067,4172329,i,9,-0.33649213181823767,0.45060591873911837,0.7567754687871652,0.14197921949473613,-0.33649213181823767
3068,4172329,r,11,-0.3341837050229558,0.14102746363960306,0.2896464440660305,0.11512620707641666,-0.3341837050229558
3069,4172329,u,2,-0.6110248520612087,0.018933830611555624,0.018933830611555624,0.3391825491963979,-0.6110248520612087
3070,41728554,i,8,-1.6281012721533645,0.12076529942555658,0.291507457844727,1.7623599406583874,
3071,41728554,r,10,-2.0084983866172736,0.14156605909484776,0.24242498207884688,2.4242264645799465,
3072,41756147,i,13,-0.8742671044722239,0.17518844837118852,0.2951079092178137,0.3028507294472096,-0.8742671044722239
3073,41756147,r,15,-0.8360145342632088,0.0935910136795064,0.2695164241199399,0.46207188039307073,-0.8360145342632088
3074,41834879,g,3,-0.18721579706077085,0.12272159076038136,0.15713767933909661,0.05692578384773938,-0.18721579706077085
3075,41834879,i,5,-0.10854145644825408,0.07465580323269352,0.08502921554373813,0.033984990320255856,-0.10854145644825408
3076,41834879,r,7,-0.19509541568438687,0.04589673367605884,0.0789261743852169,0.03170653997868706,-0.19509541568438687
3077,41852791,i,6,-0.20084271204300114,0.2468673835017713,0.39268029296320894,0.13988427030473402,-0.20084271204300114
3078,41852791,r,7,-1.08236232948757,0.298894591118384,0.5502138433687359,0.7738462273535084,-1.08236232948757
3079,41890574,g,3,-0.37976883690697416,0.12710579266266597,0.26332144093267507,0.13535872497698917,-0.37976883690697416
3080,41890574,i,5,-0.3392585469574848,0.2586694400109354,0.589214557154389,0.11078517938150408,-0.3392585469574848
3081,41890574,r,7,-0.22498955497168077,0.04463947304331023,0.07283541050480341,0.09022876685855961,-0.22498955497168077
3082,41890574,u,4,-1.143100701970066,0.03233113406274113,0.07922886982252231,1.1820089974845023,-1.143100701970066
3083,41937766,i,8,0.08646014830458051,0.028513119726351344,0.05662469627122259,0.006732803315656967,0.08646014830458051
3084,41937766,r,6,-0.051952318639222256,0.028194015230842362,0.045409550182483285,0.005575584992546151,-0.051952318639222256
3085,41955856,g,5,-0.686437917801392,0.11577700130648594,0.2296581793161221,0.5030456965462127,-0.686437917801392
3086,41955856,i,15,-0.5251551192204762,0.5053223164006155,0.9883217035272083,0.6315515776193241,-0.5251551192204762
3087,41955856,r,16,-0.7314052215385041,0.4290740000146808,0.6416260735057604,0.5717151185600089,-0.7314052215385041
3088,41961266,g,5,-0.2437123044239452,0.05750892973588162,0.07614600070992872,0.06669391545691285,-0.2437123044239452
3089,41961266,i,2,-0.713406422134386,0.0263824462890625,0.0263824462890625,0.5109053832488024,-0.713406422134386
3090,41961266,r,5,-0.219713386433035,0.18392709466101947,0.3440091025158336,0.09238299558683542,-0.219713386433035
3091,42042939,i,3,-0.5350846089497973,0.02311170058524281,0.032445701070619615,0.2317328067561627,-0.5350846089497973
3092,42042939,r,6,-0.4133334353865141,0.04291887293601154,0.06930441392756703,0.13141036400667852,-0.4133334353865141
3093,42042939,u,2,-0.920399222406421,0.05762441438515786,0.05762441438515786,0.696400628060461,-0.920399222406421
3094,42050536,g,3,-0.042346627445760454,0.03635688500206491,0.11846618423987604,0.018526798120881104,-0.042346627445760454
3095,42050536,i,7,-0.5397304166484406,0.343483433233267,0.4989687770146768,0.3421488311979938,-0.5397304166484406
3096,42050536,r,9,-0.45976942516749264,0.15142758580329152,0.28960768504398315,0.22438425076628501,-0.45976942516749264
3097,42086644,i,8,-1.4909642002632315,0.190007901114714,0.43450793430905343,2.0095697041035505,-1.4909642002632315
3098,42086644,r,5,-1.2131631050284009,0.056835476354945236,0.23075320789759335,0.7334797997875245,-1.2131631050284009
3099,42102075,g,3,-0.2264553799939013,0.01267145631329969,0.022445893230582326,0.034916190293323414,-0.2264553799939013
3100,42102075,i,18,-0.0493081149644351,0.2241538181638657,0.5251274413977736,0.06596912691521727,
3101,42102075,r,18,-0.6938961404277681,0.26577028442679074,0.6513062364911877,0.2466209379667473,
3102,42107521,g,3,-0.9277585887311703,0.052357202220592036,0.09348022418260604,0.24329771357826555,-0.9277585887311703
3103,42107521,i,5,-1.2042032478979687,0.006108239400270055,0.1868756741280868,0.7399310472907088,
3104,42107521,r,10,-1.2284497794778162,0.14352917478478777,0.29129532849700546,0.7846003125634406,-1.2284497794778162
3105,42107703,i,14,-0.14310019442652838,0.11010817336845291,0.2361696179089616,0.03505416134783695,-0.14310019442652838
3106,42107703,r,13,-0.0953259381455076,0.0973560472818622,0.2330403423874543,0.01303253872198998,-0.0953259381455076
3107,42120672,g,4,-0.391340903279045,0.23664163675623429,0.4324956777256237,0.20112340377876436,-0.391340903279045
3108,42120672,i,22,-0.7319210804226917,0.30499347767167134,0.6090903780875172,0.368281587189805,-0.7319210804226917
3109,42120672,r,19,-0.7598476206988858,0.14516859143351313,0.29518137010585255,0.5982256266395763,-0.7598476206988858
3110,42165927,g,4,-0.8386277514958215,0.09219856951615296,0.2015995583351966,0.6916756696932463,-0.8386277514958215
3111,42165927,i,10,-0.6855907539247025,0.252676257300827,0.573331338934608,0.4534913686236308,-0.6855907539247025
3112,42165927,r,12,-0.7231635472630288,0.17170778503184952,0.3611483734096823,0.4859122855510339,-0.7231635472630288
3113,42231462,g,2,-0.4230074032173323,0.10560905589675862,0.10560905589675862,0.18035243577081228,-0.4230074032173323
3114,42231462,i,8,-0.5017717589665153,0.15817213708614564,0.2470262945164356,0.22046828115190303,-0.5017717589665153
3115,42231462,r,6,-0.3552301843490506,0.05643746473377412,0.0947170176268744,0.13859379739713992,-0.3552301843490506
3116,42283179,g,4,-0.2761667789820037,0.03824607704708671,0.06964361014380771,0.07744447925923685,-0.2761667789820037
3117,42283179,i,11,-0.06160235446837725,0.04494709904343752,0.09902584578991845,0.047317223442437266,-0.06160235446837725
3118,42283179,r,11,0.05650983952403371,0.09148644129443445,0.176293003740142,0.02373701661243798,0.05650983952403371
3119,42289764,g,2,-0.7084340133619461,0.0758716881328757,0.07587168813287559,0.44379434106611676,-0.7084340133619461
3120,42289764,i,4,-0.8439498972365235,0.0901748037122907,0.22988196352629242,0.56289859939938,-0.8439498972365235
3121,42289764,r,5,-0.4039753347352066,0.1370601117293871,0.7147748356409339,0.4512828938553346,-0.4039753347352066
3122,4229399,g,3,0.009189498148807429,0.0457077139325574,0.1913756887033427,0.04369437951827301,0.009189498148807429
3123,4229399,i,7,0.10955848164723805,0.09289393358461162,0.23224480549028476,0.07295921996016566,0.10955848164723805
3124,4229399,r,12,-0.03613626133561952,0.1275170315179071,0.20079573820032517,0.037322405646106484,-0.03613626133561952
3125,42311361,i,11,-0.3924767665606186,0.1868845861034687,0.3820659879375427,0.11863703937310373,-0.3924767665606186
3126,42311361,r,5,-0.40535709326675295,0.13102496355902638,0.27731544805555486,0.11499969744777863,-0.40535709326675295
3127,42379033,i,10,-0.13155803248619935,0.07450058249525682,0.1458453480754739,0.02420891671446571,-0.13155803248619935
3128,42379033,r,5,-0.18453758651531582,0.03345169545844545,0.06324660290669798,0.03388378871059528,-0.18453758651531582
3129,42404855,i,9,-1.7580148233729318,0.2994400819172809,0.6115226134264002,1.528276704437534,-1.7580148233729318
3130,42404855,r,5,-2.0895403981521485,0.11312696937912081,0.4805281332774145,1.9161428168470667,-2.0895403981521485
3131,42406178,g,3,-0.5851940303691243,0.07117267193176935,0.10360895708422335,0.3493222610803864,-0.5851940303691243
3132,42406178,i,9,-0.7971437952817699,0.22669488669245985,0.2840509692687787,0.6163307125775893,-0.7971437952817699
3133,42406178,r,12,-0.7590573773209731,0.24557209944301917,0.5590174343128101,0.4433010919317664,-0.7590573773209731
3134,42406178,u,2,-0.6682907483700238,0.11834916200693679,0.11834916200693679,0.38047876397978814,-0.6682907483700238
3135,42425610,i,11,-0.7003326523315541,0.26545595685286316,0.5011161030254487,0.3687268626360268,-0.7003326523315541
3136,42425610,r,3,0.2937543901494335,0.12680643514738565,0.22497539336569183,0.09565595017076574,0.2937543901494335
3137,42431277,g,2,-0.3138263074054987,0.16949881101324377,0.16949881101324374,0.1233248006331513,-0.3138263074054987
3138,42431277,i,5,0.08003599556353136,0.12641178825847102,0.23839300424515275,0.06957209283174648,0.08003599556353136
3139,42431277,r,11,-0.07791249513755344,0.049153598063079895,0.08679905193775428,0.01752560469412401,-0.07791249513755344
3140,42432667,g,3,-0.06538127017560497,0.15879297928785924,0.18024280613228308,0.026023091751536182,-0.06538127017560497
3141,42432667,i,2,0.3376425037695695,0.08893119354777823,0.08893119354777823,0.1341885430292367,0.3376425037695695
3142,42432667,r,6,0.015344676572270788,0.20442299821679155,0.40155695078910847,0.07007223937698888,0.015344676572270788
3143,42434700,g,3,-0.3878302933067522,0.00209352044518879,0.017145890262365793,0.1595750397194169,-0.3878302933067522
3144,42434700,i,7,-0.16836074139784332,0.07129464210118056,0.1382119004662507,0.046864958857989976,-0.16836074139784332
3145,42434700,r,5,-0.28697973057463333,0.03929763483564386,0.2835607075691211,0.0810132557828633,-0.28697973057463333
3146,42434700,u,3,-0.5052123717351327,0.18553663133107356,0.19556187375853612,0.26577572556489704,-0.5052123717351327
3147,42445807,g,2,-0.5088504084582849,0.012526454899120743,0.012526454899120631,0.3608743421555933,-0.5088504084582849
3148,42445807,i,10,-0.9688719306357281,0.20617473603820335,0.40871883575378487,0.6065333924908389,-0.9688719306357281
3149,42445807,r,11,-0.7960792390514548,0.19712835916064453,0.2947318084803978,0.4132417271130938,-0.7960792390514548
3150,42476165,g,3,-0.13247692578181258,0.03349400761495619,0.03606435527524679,0.021610754614346972,-0.13247692578181258
3151,42476165,r,6,0.10830509274268413,0.06535932373766419,0.099581364577504,0.02347279612450272,0.10830509274268413
3152,42476165,u,3,-0.6645077686480869,0.032883224974701974,0.09980864370878662,0.37516151608104403,-0.6645077686480869
3153,42485446,g,2,-0.5732401420263027,0.08124736360194684,0.08124736360194684,0.18847632086835778,-0.5732401420263027
3154,42485446,i,11,-0.9736058363602251,0.19552558393300679,0.3423756792076209,0.3067415630969366,-0.9736058363602251
3155,42485446,r,9,-1.1929392105222432,0.08584831976426521,0.14512917253725255,0.7618151853124017,-1.1929392105222432
3156,42524406,g,4,-1.9457153966530862,0.1805947106055672,0.28391430195641254,2.620709507661534,-1.9457153966530862
3157,42524406,i,15,-1.7321063280619295,0.09966405516320309,0.16998338678369618,8.10877645306356,-1.7321063280619295
3158,42524406,r,15,-2.093131413539594,0.045706628123626025,0.0988897276913483,2.370204854088202,-2.093131413539594
3159,42529987,i,8,-0.5834989117869394,0.33133997674325255,0.5216802670849311,0.1174639789478343,-0.5834989117869394
3160,42529987,r,12,-0.8863164149290406,0.27482668932850274,0.6755866104294901,0.4198040071964873,-0.8863164149290406
3161,42540265,g,7,-0.8392434892659941,0.18586454839388855,0.26592250946631457,0.6314899412289955,-0.8392434892659941
3162,42540265,i,14,-1.1394602377765333,0.5963804284444362,1.143450892655491,21.007784208302354,-1.1394602377765333
3163,42540265,r,13,-1.2636552894953075,0.4565992023200063,1.2213128743374495,1.3157798243970276,-1.2636552894953075
3164,42626963,i,3,-0.5333977511427364,0.009684435286363424,0.016712849284630904,0.21222923430095975,-0.5333977511427364
3165,42626963,r,7,-0.3369099511880884,0.019513755173156677,0.040374785144763725,0.08573548641533443,-0.3369099511880884
3166,42636449,g,6,-0.6915478824817421,0.035183066932024,0.05388652580000308,0.47756868810560754,-0.6915478824817421
3167,42636449,i,6,-0.15985452289067248,0.31779930613722984,0.5242822755964871,0.2721047610674598,-0.15985452289067248
3168,42636449,r,12,-0.21197814241691468,0.1480671728570792,0.2826973747453309,0.07050668483992116,-0.21197814241691468
3169,42687917,g,2,0.11431547903459993,0.2606746563119579,0.2606746563119579,0.08290702247850058,0.11431547903459993
3170,42687917,i,5,-0.11864941565903314,0.07574279195774475,0.08001770100180303,0.011618456765713697,-0.11864941565903314
3171,42687917,r,5,0.15570324636161148,0.008509646713829727,0.011360476675592562,0.06367491308588341,0.15570324636161148
3172,42700799,i,9,-0.5270266867123028,0.10919821302637023,0.2184635946766233,0.27476340124525434,-0.5270266867123028
3173,42700799,r,5,-0.3428657430790779,0.04984041881343548,0.08804715656728407,0.20940538963992944,-0.3428657430790779
3174,4273442,g,5,-0.21949736593168767,0.19628857943847344,0.6848089692956743,0.13137368995608673,-0.21949736593168767
3175,4273442,i,20,-0.1420376955656737,0.05908407005130656,0.10804080878063616,0.018771684254381943,-0.1420376955656737
3176,4273442,r,16,-0.13742860502435106,0.08143717195580699,0.15815616508243363,0.588951535626059,-0.13742860502435106
3177,4273442,u,4,-0.8827393964176861,0.07932453325602473,0.23952053359473569,0.6368578680608178,-0.8827393964176861
3178,42788574,i,4,-1.2868910622576748,0.6165218037970951,0.9332215871742853,1.2901944853938214,-1.2868910622576748
3179,42788574,r,6,-0.7654036198536021,0.38152849292271396,0.6265663658592954,0.5800709543355368,-0.7654036198536021
3180,42797140,g,2,-0.7109189924273077,0.10331935479017862,0.10331935479017873,0.5563005273216504,-0.7109189924273077
3181,42797140,i,5,-0.9786053471610846,0.17138609056901755,0.23201760061211485,0.6737034453405123,-0.9786053471610846
3182,42797140,r,6,-0.8517015426822974,0.09489084215769544,0.15562391049144897,0.7512567259738674,-0.8517015426822974
3183,4282224,i,9,-0.6025252806922833,0.09543022444306637,0.16942793420532898,0.26157020478187887,-0.6025252806922833
3184,4282224,r,8,-0.5518662953859945,0.10352143010187936,0.20414176481667368,0.3093863970047356,-0.5518662953859945
3185,42845330,g,3,-0.5516410238523268,0.024487027649692905,0.6672392759579384,0.1724423495524573,-0.5516410238523268
3186,42845330,i,10,-0.5067250292219845,0.19163080987606718,0.773639497476146,0.158760717855351,
3187,42845330,r,11,-0.35400170687885524,0.555903987434514,1.0323208312522507,0.2515951836011221,-0.35400170687885524
3188,42906445,i,8,-0.30251207240898415,0.09110691124336862,0.20467908261982098,0.07861407672683793,-0.30251207240898415
3189,42906445,r,8,-0.26997481646194904,0.10734369535053184,0.21693659767796608,0.08034987280065992,-0.26997481646194904
3190,42906445,u,2,-0.9375499011580024,0.038259742744876535,0.038259742744876535,0.683039016019291,-0.9375499011580024
3191,42918476,i,9,-0.706119560850168,0.09059872349649045,0.15147085059051935,0.39052713430277797,-0.706119560850168
3192,42918476,r,9,-0.8008741843047016,0.062132517287068145,0.0963298876220966,0.57790170301717,-0.8008741843047016
3193,43091514,i,6,-0.6933024342588517,0.1667789245676019,0.3870785995632221,0.35257771242287633,-0.6933024342588517
3194,43091514,r,11,-0.7876278999110142,0.10064913007184217,0.18057164500509748,0.5447327171498373,-0.7876278999110142
3195,43100043,g,2,0.2627046639231521,0.045899663556040526,0.045899663556040554,0.0667354622001601,0.2627046639231521
3196,43100043,i,8,0.09271193048563277,0.1502114897847536,0.22913365320633064,0.11055038393906938,0.09271193048563277
3197,43100043,r,9,0.2849683548467331,0.21600319504878607,0.29957606397754,0.10327647445234935,0.2849683548467331
3198,43117004,i,4,-0.28322741043570104,0.06624641912425472,0.08420160227305018,0.08117289533984788,-0.28322741043570104
3199,43117004,r,4,-0.22983234110532907,0.08593342689197,0.17913143785063476,0.06767016795979237,-0.22983234110532907
3200,43117004,u,4,-0.36222146863107585,0.06019093642753742,0.09325753948536447,0.13396613265896704,-0.36222146863107585
3201,43151201,i,8,-2.2699702274895697,0.23774097416555917,0.38392951137493503,18.551159592329146,-2.2699702274895697
3202,43151201,r,6,-2.729115067522378,0.1820051493462469,0.4197496295562386,4.064137801772618,-2.729115067522378
3203,43217810,i,9,-0.4403926149618663,0.18049168851477548,0.3637910364472871,0.17849706242481111,-0.4403926149618663
3204,43217810,r,6,-0.3544835096306061,0.13478182285841156,0.21816040790975322,0.1337996195744302,-0.3544835096306061
3205,43237435,i,10,0.18508201370524824,0.14709584555503996,0.2997486031917691,0.06394959001280992,0.18508201370524824
3206,43237435,r,7,-0.07224554927531279,0.08848749159661728,0.15100865707975394,0.023790687595943986,-0.07224554927531279
3207,43250575,g,5,-0.23434854975008845,0.030906572414021727,0.23242326855606738,0.04161881512195296,-0.23434854975008845
3208,43250575,i,21,-0.27997622157863866,0.22392168610848007,0.3738260217633941,0.1361229862484863,-0.27997622157863866
3209,43250575,r,17,-0.25634890193225535,0.24593306925254574,0.5318999865095964,0.23742857380084167,-0.25634890193225535
3210,43250575,u,3,-0.6087931104998896,0.03704385367342766,0.10666119487631431,0.28467092727482174,-0.6087931104998896
3211,43278431,i,9,0.16385547753852603,0.16904077339666035,0.24834961440486847,0.06480896441587343,0.16385547753852603
3212,43278431,r,8,0.2231402931565638,0.1498212378842123,0.29806889384569374,0.07743063162834243,0.2231402931565638
3213,43298895,g,8,-0.49732387282717394,0.06279640318721669,0.1669232006975267,0.20897946664852046,-0.49732387282717394
3214,43298895,i,10,-0.14503884589381363,0.08143238213324097,0.15058441422364197,0.021464309418734707,-0.14503884589381363
3215,43298895,r,10,-0.35544433123177455,0.02918033582492957,0.08990869650808059,0.10411188491605876,-0.35544433123177455
3216,43301264,g,6,-0.027485055409825487,0.2728339035884335,0.4221290374449406,0.0780356982135264,-0.027485055409825487
3217,43301264,i,21,-0.3382140017342721,0.2911681088805589,0.4949814570154565,0.13168081013114744,-0.3382140017342721
3218,43301264,r,22,-0.22244530161491483,0.1534872205497561,0.5598188226704792,0.13855835827180144,-0.22244530161491483
3219,43307245,g,3,0.4371648234930512,0.1733952913510931,0.3696205125141079,0.18854143510101742,0.4371648234930512
3220,43307245,i,2,0.2050658497878052,0.07205944375569182,0.07205944375569179,0.04724343981420346,0.2050658497878052
3221,43307245,r,6,0.08035486625457726,0.09347081956904783,0.21127176127259376,0.018691498476830836,0.08035486625457726
3222,4331543,i,7,-0.8548753653704722,0.10832446338647961,0.15217356671808757,0.5968956507660058,-0.8548753653704722
3223,4331543,r,9,-0.46025193410907805,0.15226206460730163,0.4954036244267724,0.33985140198121805,-0.46025193410907805
3224,4331543,u,3,-1.56020716640731,0.0493922667691955,0.05712383509711971,2.067559466026335,-1.56020716640731
3225,4332306,g,2,-0.15686076670668278,0.1689723153854165,0.16897231538541652,0.06266883608962241,-0.15686076670668278
3226,4332306,i,6,-0.22142342184218816,0.15992742024649542,0.26071848605073666,0.06296978960872804,-0.22142342184218816
3227,4332306,r,8,-0.1859017024342703,0.13037044856944968,0.20033407912227325,0.11128873350042028,-0.1859017024342703
3228,4332306,u,2,-0.23350858384281176,0.09099584792129572,0.0909958479212957,0.05881680713608965,-0.23350858384281176
3229,43326372,g,4,-0.0834200099228573,0.10921965869984956,0.24276129496434906,0.027722804621155686,-0.0834200099228573
3230,43326372,i,3,0.20399591571232584,0.13396654046784878,0.1430921830609896,0.04656403629414468,0.20399591571232584
3231,43326372,r,4,0.19488727979075915,0.038884971927387005,0.07835274822420527,0.04797255414853415,0.19488727979075915
3232,43457059,g,3,0.18302777922462438,0.09277509579289278,0.31520064485181337,0.16477755242644349,0.18302777922462438
3233,43457059,i,3,0.2263132115056748,0.2593847352201314,0.32711656546999945,0.12373830061136086,0.2263132115056748
3234,43457059,r,6,0.07000930088158783,0.09617327795662609,0.2310066900130251,0.09631464160573298,0.07000930088158783
3235,43484712,i,4,-1.1434459824694783,0.010957589154666492,0.04565575049807058,0.7390428092045733,
3236,43484712,r,5,-0.8405303508993418,0.4220968923466555,0.5841915626540284,0.5055905935643938,
3237,43539087,i,11,-0.3430013882911285,0.11751802025609459,0.20583811433318427,0.10826450615361684,-0.3430013882911285
3238,43539087,r,9,-0.32885751061492896,0.09653109831888984,0.19397433520907148,0.17544142108283614,-0.32885751061492896
3239,4358537,i,2,-1.5097429187263136,0.25153690677771867,0.2515369067777189,1.7763161465307746,
3240,43589918,g,4,-0.0472744664005863,0.1831677456226729,0.3422973498853478,0.11309364963678335,-0.0472744664005863
3241,43589918,i,11,-1.204732719056794,0.5259843702713127,0.9306371352648716,3.3786085879268644,-1.204732719056794
3242,43589918,r,11,-0.7288940679942082,0.4000884415445297,0.9249986031680393,0.6112265730404349,-0.7288940679942082
3243,43609956,g,2,-0.7513787794201683,0.17598745734467053,0.17598745734467058,0.5477383554372756,-0.7513787794201683
3244,43609956,i,3,0.034978622839732076,0.08954350729025012,0.17976014500967377,0.023567074462079618,0.034978622839732076
3245,43609956,r,6,-0.3372615713415229,0.09620830349251985,0.17048973020876287,0.10947134617841486,-0.3372615713415229
3246,43615583,g,2,-0.5672370172549819,0.09165426421895889,0.09165426421895895,0.3899410829070887,-0.5672370172549819
3247,43615583,i,10,-0.8834794976985565,0.3578476089006407,0.7837539202770492,0.6171450208496465,-0.8834794976985565
3248,43615583,r,11,-0.7618784158558565,0.4278632253488788,0.6025234977469749,0.9275846327260999,-0.7618784158558565
3249,43631556,g,6,0.6973217882346678,0.2543837956252948,0.4091948486811903,0.42086541237824354,0.6973217882346678
3250,43631556,i,25,-0.3060884936854144,0.13673758989548773,0.23065438868888788,0.09774178146282059,-0.3060884936854144
3251,43631556,r,25,-0.17289954952087228,0.11094837906039146,0.1839226978239057,0.12268686202419923,-0.17289954952087228
3252,43710588,i,5,-1.68102740726281,0.24166092764891545,0.47118254152791694,2.186122919619591,-1.68102740726281
3253,43710588,r,5,-2.005717176146851,0.26614219598111033,0.6883075748843257,2.014206023903726,-2.005717176146851
3254,43741161,g,4,-0.7674073687022981,0.08731723358925941,0.14003699035023132,0.5508372845602781,-0.7674073687022981
3255,43741161,i,8,-0.44287230513435716,0.24078642828837804,0.48964673161402444,0.22080779487131816,-0.44287230513435716
3256,43741161,r,12,-0.32821172310577124,0.10883327778760608,0.22897863860840623,0.1742408805162526,-0.32821172310577124
3257,43851598,g,6,0.01365817166804828,0.11797142028808599,0.2066542710442513,0.04678952826201054,0.01365817166804828
3258,43851598,i,2,0.10793363487607147,0.06665766348357646,0.06665766348357645,0.012704874567734352,0.10793363487607147
3259,43851598,r,12,0.042810063270257145,0.062306345670474564,0.125730808529791,0.015883567847058785,0.042810063270257145
3260,43890579,i,13,-0.5434644922888056,0.26727946375084854,0.49154297061871033,0.34629202780113266,-0.5434644922888056
3261,43890579,r,13,-0.7991465213369835,0.1796559013570883,0.3126540590084458,0.6079192875231402,-0.7991465213369835
3262,43900947,i,14,-0.5099759396437047,0.12908988746665162,0.24691196794741976,0.3051337529479695,-0.5099759396437047
3263,43900947,r,11,-0.4296568170516202,0.09177321651521897,0.23337065953300612,0.1499687696087186,-0.4296568170516202
3264,43917505,g,3,-0.20989873065207876,0.0031680182599878592,0.06010562653274862,0.0362412373079687,-0.20989873065207876
3265,43917505,i,8,0.00684676945544635,0.1618423174926793,0.2263749743367937,0.10534807315608916,0.00684676945544635
3266,43917505,r,10,0.042449402329395064,0.09186522571257393,0.16448093767982208,0.0217036009435815,0.042449402329395064
3267,43968368,g,3,-0.8262089076381667,0.011023076760981354,0.09890070309189947,0.4864010012627514,-0.8262089076381667
3268,43968368,i,6,-0.9829995088351533,0.4187265001607814,0.7493591941698201,0.8291605407440171,-0.9829995088351533
3269,43968368,r,3,-0.558700837784724,0.011486208791026353,0.27583500640591696,0.5143623174457721,-0.558700837784724
3270,4398506,g,6,-0.1570657346152493,0.04919504029091315,0.07691245999369956,0.02959989071530586,-0.1570657346152493
3271,4398506,i,13,-0.8396707091952516,0.13640048092846013,0.24980148421220527,0.3815461790931325,
3272,4398506,r,15,-0.6480851497662998,0.08555028593665537,0.1439469135046133,0.3105030568454367,-0.6480851497662998
3273,43986157,g,4,-0.08818420433753038,0.04485510456441211,0.08196837662801465,0.012562940657858696,-0.08818420433753038
3274,43986157,i,12,0.049146673226034665,0.19468647063110772,0.6836576697563193,0.08635332496255628,0.049146673226034665
3275,43986157,r,13,-0.04654560033370703,0.10779931175545754,0.3650899131152081,0.08433245558685656,-0.04654560033370703
3276,44009852,i,6,-0.5948720047624159,0.49470498812189817,0.875317648748951,0.25179805249467385,-0.5948720047624159
3277,44009852,r,7,-0.6344858322897748,0.20603448342615438,0.22936142529869585,0.3685386756437773,-0.6344858322897748
3278,4403538,g,6,-0.5801662593818093,0.051761329119907606,0.08872121662700772,0.39505902076482724,-0.5801662593818093
3279,4403538,i,17,-0.9962466429351313,0.4665632202948675,0.9543257868247088,0.9732638988059246,-0.9962466429351313
3280,4403538,r,20,-1.1821387080948744,0.7009225578945556,1.262975685872512,1.2206662617891049,-1.1821387080948744
3281,44051001,g,3,-0.5181452612192958,0.034596438924672235,0.06944188594322154,0.23549611515580024,-0.5181452612192958
3282,44051001,i,10,-0.5835527704342838,0.32931170703746804,0.8346227143675683,0.380519403751721,-0.5835527704342838
3283,44051001,r,8,-0.4131823440827367,0.11291156305130268,0.817174083538796,0.4187847815404729,-0.4131823440827367
3284,44063709,i,7,-0.6189803522332351,0.12660377295295144,0.1893939507858874,0.28656103789425647,-0.6189803522332351
3285,44063709,r,9,-0.749450399647221,0.1545539690408484,0.2912432471937123,0.33213938770508783,-0.749450399647221
3286,44071456,r,3,-0.5239862319588644,0.056222566032871235,0.21980530621253536,0.2538725959844431,
3287,4407377,g,3,-0.6478309556861624,0.03234354983642407,0.07762232208148556,0.3290499956681368,-0.6478309556861624
3288,4407377,i,20,-0.537398899336375,0.22860115004990644,0.4452732637230333,0.3333388507853392,-0.537398899336375
3289,4407377,r,23,-0.46877931906664383,0.06302309633533087,0.13859322920470563,0.20600557314760468,-0.46877931906664383
3290,44108372,g,6,-0.5440350277982954,0.060189863594692694,0.0995446174995383,0.2620842492239081,-0.5440350277982954
3291,44108372,i,14,-0.785190981732032,0.6558635922668714,1.1607188582575616,0.6776845644967883,-0.785190981732032
3292,44108372,r,14,-1.2374616038574768,0.4998289879586065,0.8854558058731541,1.104201744013447,-1.2374616038574768
3293,44109514,g,4,0.3113391697490361,0.33522807455576836,0.6220374901613924,0.21220647862363026,0.3113391697490361
3294,44109514,i,8,-0.3691181093265522,0.30491844250894085,0.5410867975659565,0.16255870063991712,-0.3691181093265522
3295,44109514,r,7,-0.05072870343915914,0.0813939487151304,0.12396030408471248,0.16236181184407564,-0.05072870343915914
3296,44180911,i,6,-0.7628653240319181,0.12498119005901226,0.22732312921866904,0.48283781878784815,-0.7628653240319181
3297,44180911,r,5,-0.45539199557385146,0.147970120865611,0.2350169835014262,0.21374702638575274,-0.45539199557385146
3298,44180911,u,2,-0.210800786003297,0.029307201990488307,0.029307201990488307,0.041954270410513375,-0.210800786003297
3299,44202923,i,7,-0.3399910748736901,0.07125094655629033,0.11265550685479031,0.140278316624679,-0.3399910748736901
3300,44202923,r,7,-0.45338678316440595,0.08236321599036678,0.09975368833253134,0.17188443506701492,-0.45338678316440595
3301,44234549,g,3,-0.4970028657292278,0.12050018339892055,0.2526476776502231,0.3726761505776288,-0.4970028657292278
3302,44234549,i,10,-1.0897145094439848,0.36393878936719826,0.6170089888950361,0.7790432096810751,-1.0897145094439848
3303,44234549,r,11,-0.7010333553963537,0.16016410790238456,0.8358638367101615,0.7451783761419786,-0.7010333553963537
3304,44250424,i,5,-0.7727767009283938,0.2928069243788707,0.5083015704155709,0.7593069079626836,-0.7727767009283938
3305,44250424,r,7,-1.0323045739474914,0.0689979703507213,0.13762217920869024,1.1013608847287384,-1.0323045739474914
3306,44285883,i,25,-0.9409810991311638,0.19431383747019693,0.35665605189362615,0.6297628491207752,
3307,44285883,r,27,-1.1688801387686247,0.42383016341120117,0.8313960444555143,0.8862635400680086,
3308,44334963,g,2,-0.5224893332918781,0.004361355263231059,0.004361355263231004,0.2591336224453091,-0.5224893332918781
3309,44334963,i,9,0.167227824770308,0.05820829050078574,0.1014892232090569,0.046300377127173435,0.167227824770308
3310,44334963,r,11,0.06091674881192494,0.07641883011067324,0.119548480207841,0.025801240780086342,0.06091674881192494
3311,44346723,i,6,-0.3752477938196376,0.15721720110789117,0.24151035754001604,0.14431813773610677,-0.3752477938196376
3312,44346723,r,9,-0.1824684710727602,0.15182495912206662,0.21145143935557842,0.018611670982601605,-0.1824684710727602
3313,44416955,i,13,-0.05658285166035326,0.22318201880359917,0.38672484992668715,0.056654232893395474,-0.05658285166035326
3314,44416955,r,13,0.2574064069306444,0.11133848055868939,0.1960549774939543,0.08515390699512236,0.2574064069306444
3315,44436893,g,5,-0.1038077934392766,0.0549199801744259,0.168827949195254,0.0784176077262838,-0.1038077934392766
3316,44436893,i,12,-0.3386339580709871,0.10284593858538621,0.1986901869756709,0.09088846711495659,-0.3386339580709871
3317,44436893,r,11,-0.23502342081049743,0.07370256761269656,0.13860983790434894,0.08842883544363492,-0.23502342081049743
3318,44475098,g,3,-0.33203353019836224,0.019289378866850893,0.0289710586809227,0.11350872339446773,-0.33203353019836224
3319,44475098,i,9,0.11817795147893595,0.1328317933435526,0.2379986629335651,0.06367987833890565,0.11817795147893595
3320,44475098,r,10,0.0485880552206982,0.05679608576565451,0.10186270808547898,0.008237517106944727,0.0485880552206982
3321,44475098,u,5,-0.9956119844324816,0.07571627570993078,0.10169164268202335,0.8345244530995333,-0.9956119844324816
3322,44477372,g,5,-0.53734091932489,0.10286005403925536,0.13278348764631276,0.34074969395893284,-0.53734091932489
3323,44477372,i,10,-0.2775047707674782,0.1421879297162425,0.20700138491423412,0.11925809754862135,-0.2775047707674782
3324,44477372,r,8,-0.16277506593693936,0.11937398433299821,0.19659986111246278,0.04175345162387819,-0.16277506593693936
3325,44498332,g,4,0.2540998089679636,0.11530847418200674,0.19083473862370637,0.06309129642688875,0.2540998089679636
3326,44498332,i,9,-0.18396118868612732,0.0347704637781584,0.06226047390597689,0.03458632966716049,-0.18396118868612732
3327,44498332,r,10,-0.16000737504955875,0.0355400019518991,0.09678487554716816,0.018786407641369407,-0.16000737504955875
3328,44505535,i,7,-0.8371444858574177,0.1829675877422985,0.32592738428220824,0.6943028669871291,-0.8371444858574177
3329,44505535,r,7,-0.7801033446122863,0.18990983567713315,0.25978371636677966,0.5854850413049395,-0.7801033446122863
3330,44513270,i,14,-0.2343507426108065,0.15125265100695423,0.304816919420174,0.09276334451341886,-0.2343507426108065
3331,44513270,r,17,-0.2535664363275419,0.05497713138896232,0.12726934519310806,0.1067541902366779,-0.2535664363275419
3332,44513270,u,2,-0.2502899064564694,0.01539347584847639,0.01539347584847639,0.052203330649482745,-0.2502899064564694
3333,44519605,i,5,-0.15978193393258452,0.10508062874686144,0.14437044449259634,0.10032957256156338,-0.15978193393258452
3334,44519605,r,10,-0.15848816373665903,0.03639378521304837,0.07528666911506882,0.047842816374531874,-0.15848816373665903
3335,44523091,g,2,-1.2809884004412715,0.0026299186987441825,0.0026299186987444045,1.4544134036003458,-1.2809884004412715
3336,44523091,i,2,-0.7492628529192092,0.31447673507822327,0.3144767350782234,0.6261895565936747,-0.7492628529192092
3337,44523091,r,10,-0.9612416759280062,0.18035426673620014,0.33742534988781925,0.7416287443201502,-0.9612416759280062
3338,44551997,g,5,-1.942041094396561,0.024772767600540035,0.21464154124656032,16.880307268297507,-1.942041094396561
3339,44551997,i,14,-1.5069735528954782,0.2616938879246168,0.5045337633637028,1.2906442090431118,
3340,44551997,r,13,-1.9440190171903784,0.09040183064441809,0.33868000606318027,1.7962708243974075,-1.9440190171903784
3341,44552688,i,20,-0.9962307740360539,0.08165444753128237,0.21052286404688847,0.6552546764502664,-0.9962307740360539
3342,44552688,r,18,-0.7696928974471307,0.10933028507618081,0.2108037092151841,0.3931782266557293,-0.7696928974471307
3343,44568650,i,6,-0.3384780511477911,0.1640366672540473,0.2585917778245963,0.13003532696220887,-0.3384780511477911
3344,44568650,r,16,-0.5697890797011511,0.07463361302483401,0.13742939718059466,0.3015473854338039,-0.5697890797011511
3345,44569378,g,4,0.2652618468196517,0.03055563715469356,0.04934039961169068,0.07969786656647239,0.2652618468196517
3346,44569378,i,27,-0.8368106502366899,0.16336016555438682,0.3070659358679415,0.4478365771160338,
3347,44569378,r,22,-0.699126266915909,0.14004995047841606,0.27551436015749386,0.34466912790867094,-0.699126266915909
3348,44590071,g,4,0.3931527115983171,0.026001590164397098,0.17892320445629417,0.3269019134142871,0.3931527115983171
3349,44590071,i,20,-0.37244529626220096,0.14987274036695414,0.2849929523985505,0.13504266626783862,-0.37244529626220096
3350,44590071,r,17,-0.224976351031869,0.10044758367422066,0.34849299782674864,0.10759545491782466,-0.224976351031869
3351,44626664,g,5,-0.13755241695041032,0.058768046791993156,0.2696897053147879,0.023775783979623162,-0.13755241695041032
3352,44626664,i,9,-0.28232409182670015,0.1814634274764947,0.27635509018959414,0.06953846725430608,-0.28232409182670015
3353,44626664,r,9,0.14698940987518533,0.02180458656513093,0.05930761542663851,0.04969700233448703,0.14698940987518533
3354,44626664,u,4,0.01855999925528984,0.2596218668630524,0.5291720283994833,0.07128828806109559,0.01855999925528984
3355,44658797,g,5,-0.8861934170999963,0.08682717794041972,0.2690152852900396,0.6952375584259943,-0.8861934170999963
3356,44658797,i,33,-0.8132584250896597,0.45751675370570344,0.9418269865997431,0.7961693077030327,-0.8132584250896597
3357,44658797,r,34,-1.2202868292075315,0.5505001734037973,1.0901104730472873,1.142508560363152,-1.2202868292075315
3358,44664111,i,6,-0.41527094427299494,0.19065745290801162,0.37932209725647403,0.27048958289174824,-0.41527094427299494
3359,44664111,r,5,-0.3037560686194238,0.18479042332243628,0.27146737919917896,0.25644896983700627,-0.3037560686194238
3360,44664111,u,2,-1.5471953660821778,0.03700642599880399,0.03700642599880388,2.2279150492928603,-1.5471953660821778
3361,44672504,i,12,-0.4543330769666513,0.10436652912022581,0.2264380976694762,0.22140840221134064,-0.4543330769666513
3362,44672504,r,10,-0.4691537091761266,0.08669260597668643,0.23148435950964197,0.27255686454558614,-0.4691537091761266
3363,44701325,g,3,-0.09894306324466151,0.07569339593677227,0.10871687452498785,0.02412112196295914,-0.09894306324466151
3364,44701325,i,4,0.09277873736785153,0.24552644930337172,0.4835825199336223,0.11902814281817492,0.09277873736785153
3365,44701325,r,4,0.2625930916629821,0.09165190401840302,0.22961991487390015,0.09444092412720277,0.2625930916629821
3366,44736577,i,2,-0.06007422823537638,0.04096751576863157,0.04096751576863158,0.0045719452019547645,-0.06007422823537638
3367,44736577,r,8,-0.0759262472855242,0.13686060117039797,0.27186204133663155,0.02432345067433267,-0.0759262472855242
3368,44736577,u,4,-1.456102162996584,0.1638583743178098,0.3032957654888957,1.9994517767102173,-1.456102162996584
3369,44738701,i,10,-0.6267608307115748,0.11897778016823346,0.2751553529009483,0.441449172076083,-0.6267608307115748
3370,44738701,r,6,-0.6581801147969928,0.09337643828518144,0.1702374298026359,0.3858332872284116,-0.6581801147969928
3371,44750614,g,2,0.1311851032537986,0.3543260718818192,0.35432607188181914,0.1416917852737766,0.1311851032537986
3372,44750614,i,6,-0.00862133264999726,0.08399029414035106,0.1383601705449586,0.014584793604866109,-0.00862133264999726
3373,44750614,r,6,0.10815459416615682,0.2301874149150217,0.4024731932605572,0.18170064129894978,0.10815459416615682
3374,44750614,u,2,-0.3971320717465344,0.010240464369037028,0.010240464369037028,0.14480585894120676,-0.3971320717465344
3375,44774790,g,5,-0.3049784938237414,0.08284900607870771,0.21105172243945813,0.08020380575502987,-0.3049784938237414
3376,44774790,i,6,-0.25843816393004515,0.2639637252325856,0.5979746592618028,0.1760213786620092,-0.25843816393004515
3377,44774790,r,11,-0.4582070245291827,0.12634850099573602,0.510518488756108,0.2635921663167445,-0.4582070245291827
3378,4480939,i,10,0.25284700728387943,0.2928491586327502,0.6488712834460288,0.09394717756929147,0.25284700728387943
3379,4480939,r,7,-0.24090192752948258,0.05233225971418509,0.5271009932014366,0.12609021841079357,-0.24090192752948258
3380,44817933,g,2,-0.11369441160409366,0.06953939636810125,0.06953939636810125,0.012324215654703524,-0.11369441160409366
3381,44817933,i,8,-0.5027305985044102,0.044726549886030975,0.24257020364807574,0.13080155513279673,-0.5027305985044102
3382,44817933,r,5,-0.7658940199535507,0.03862393430038957,0.47252989580767046,0.2740461700097701,-0.7658940199535507
3383,44877730,g,2,0.09176936816079317,0.11109532580861803,0.11109532580861803,0.019945761111201738,0.09176936816079317
3384,44877730,i,8,-0.29313018958674253,0.06431369379813859,0.12981376666038857,0.08416341310470585,-0.29313018958674253
3385,44877730,r,14,-0.21461850917327774,0.14114000646400116,0.28161663357493144,0.06099325981691393,-0.21461850917327774
3386,44879219,i,7,-0.5876691418387879,0.13905431427354198,0.2389615764146793,0.25830090408162504,-0.5876691418387879
3387,44879219,r,4,-0.45858707216168704,0.10521665248843257,0.2082593774486522,0.20272028467459352,-0.45858707216168704
3388,44943936,g,4,-0.5254674775472306,0.05622395126555313,0.10862829121242673,0.26965803187951093,-0.5254674775472306
3389,44943936,i,5,-0.10943860731370783,0.32134844678648644,0.4539564284063268,0.14146537290337752,-0.10943860731370783
3390,44943936,r,8,-0.09885094839936451,0.1636474276050502,0.4643497227322215,0.12279407560047297,-0.09885094839936451
3391,44943936,u,2,-1.2905814731844671,0.16759130812417544,0.16759130812417555,1.5172314189802916,-1.2905814731844671
3392,44951150,g,2,-0.5069374828948747,0.18548893402254296,0.18548893402254296,0.26770674415578266,-0.5069374828948747
3393,44951150,i,9,-0.026503462826724333,0.04861409094250224,0.0795265286839057,0.006132813332266296,-0.026503462826724333
3394,44951150,r,6,-0.20657207928575072,0.005354700645875177,0.040026059125724184,0.05250243366090774,-0.20657207928575072
3395,44962888,i,16,-0.5454130715209988,0.18897168656147265,0.4512631788060533,0.3049451205775341,-0.5454130715209988
3396,44962888,r,13,-0.4632465811281845,0.11749248078326358,0.22314220493447856,0.13178363488348635,-0.4632465811281845
3397,44966024,g,4,-0.39681872984784466,0.048764934262542026,0.22038308581187918,0.16375681649837018,-0.39681872984784466
3398,44966024,i,9,-0.767780300825478,0.4382124940665173,0.8142931357750044,0.45885240017213547,-0.767780300825478
3399,44966024,r,10,-0.6054226013457474,0.3383940889857357,0.752810591931182,0.5218047769631692,-0.6054226013457474
3400,44995685,i,8,0.0557174823687685,0.017635688884415884,0.03268628874743998,0.004987065217609372,0.0557174823687685
3401,44995685,r,5,0.040563040760931396,0.0470919393789653,0.07997984144278394,0.06317379090069382,0.040563040760931396
3402,45033481,g,7,-0.7200458481701659,0.12954043794491088,0.32225106192013103,0.37200307596641596,-0.7200458481701659
3403,45033481,i,12,-1.105340099579665,0.2036805590086116,0.3562270370015378,0.7280744667391371,-1.105340099579665
3404,45033481,r,17,-0.9286346993865049,0.24921013890607147,0.3756200660299662,0.7731041909974518,-0.9286346993865049
3405,45037016,g,5,-0.6201795018811835,0.05286908016371017,0.05472077117826668,0.23043026974820213,-0.6201795018811835
3406,45037016,i,3,-0.38163185351760653,0.10508725660249052,0.1484725507977413,0.11817854634476384,-0.38163185351760653
3407,45037016,r,4,-0.9107719404019395,0.026028753379802372,0.1599278708918105,0.4656737987171883,-0.9107719404019395
3408,4505249,g,3,-0.875163848028021,0.09733441044628743,0.2378480711483637,0.5713116993942468,-0.875163848028021
3409,4505249,i,3,-0.25280567751376937,0.15892778133851648,0.1633948255987015,0.08311459520046142,-0.25280567751376937
3410,4505249,r,8,-0.25807143414562544,0.2202924893315758,0.31393283120451576,0.11833023074423131,-0.25807143414562544
3411,4505249,u,2,-0.9180140525823881,0.10981443783864786,0.10981443783864786,0.7505641061821294,-0.9180140525823881
3412,45098282,i,6,0.7234577518108498,0.02937282234884453,0.04970115573109246,0.33834525645470337,
3413,45104082,i,4,-1.22934194201477,0.09673446412790354,0.3643795538968424,0.6283764461425543,-1.22934194201477
3414,45104082,r,6,-1.3893075601306892,0.11920602854671691,0.6576437809330569,0.8132460386492705,-1.3893075601306892
3415,45106203,g,3,-0.606383321498599,0.018155913973523452,0.08409626524112424,0.13524014811459356,-0.606383321498599
3416,45106203,i,10,-1.0081376784090612,0.22632358445590756,0.44004010407601113,0.5539263751893786,-1.0081376784090612
3417,45106203,r,17,-1.0589550576705378,0.1837605050185389,0.3022973474223287,0.7139575329379804,-1.0589550576705378
3418,45171382,i,6,-1.555530480688249,0.4393393740911262,0.6711905544162207,1.3352593824990875,-1.555530480688249
3419,45171382,r,6,-0.8952721139057634,0.12640408873431652,0.31305808237393484,0.5997239030082654,-0.8952721139057634
3420,45189677,i,7,-1.3681809729106325,0.30008500239488556,0.628510080568774,0.8556029527255716,-1.3681809729106325
3421,45189677,r,7,-0.7272385404729094,0.19023584925342485,0.5503113300123142,0.709710830651536,-0.7272385404729094
3422,45214746,g,2,-0.11540892013823956,0.12456857250375397,0.12456857250375397,0.02097871875248585,-0.11540892013823956
3423,45214746,i,5,-0.2691501557086152,0.01883021364165849,0.07302840030965146,0.053507554711914096,-0.2691501557086152
3424,45214746,r,4,-0.30932283947903016,0.003928027126164468,0.010914749167302895,0.10019826754304406,-0.30932283947903016
3425,45246790,g,5,-0.2851287940214187,0.017509984249968913,0.019025752827978526,0.07089064395428185,-0.2851287940214187
3426,45246790,i,8,-0.47044587174356944,0.21472172905511203,0.3217715843643413,0.21991365277316816,-0.47044587174356944
3427,45246790,r,7,-0.32575609374274117,0.2622555558343542,0.6196764371075996,0.24079621458557257,-0.32575609374274117
3428,45246790,u,5,-0.255731679358695,0.15291391567271995,0.22267983887918552,0.08822035948782317,-0.255731679358695
3429,45255013,g,3,-0.08750030242832718,0.15015398071751984,0.28756325030018115,0.08703174416532951,-0.08750030242832718
3430,45255013,i,14,-0.6067529202653048,0.38978924733202325,0.6348760737567862,0.8177418870837567,-0.6067529202653048
3431,45255013,r,23,-0.6628743804841344,0.2145724772655786,0.6033335251169752,0.7103483278776351,-0.6628743804841344
3432,45261050,i,4,-1.9547453115378226,0.0710414965712527,0.22508699831765155,1.9437586734547652,
3433,45261050,r,5,-2.1955996995547835,0.22734125278154194,0.3115253424902309,2.2483889521572094,
3434,45266229,i,11,-0.9353578623777941,0.11687534217028506,0.17174650512147505,0.4761740205692755,-0.9353578623777941
3435,45266229,r,11,-1.0714478901395075,0.10614170674873424,0.2052592657765998,0.5610302688053517,-1.0714478901395075
3436,4529001,i,11,-0.848964394620948,0.26793454842279496,0.5503751810448843,0.6851569065484525,-0.848964394620948
3437,4529001,r,7,-1.3178913653753273,0.42955210020843904,0.6185467250776521,0.9870788658227211,-1.3178913653753273
3438,45319371,i,13,-0.8750110826717052,0.27344709268274503,0.4898287665074854,0.6543539043986384,-0.8750110826717052
3439,45319371,r,7,-0.7760315548814875,0.08861742041333898,0.1778869369832442,0.5786056140229856,-0.7760315548814875
3440,45321955,g,4,-0.5532763708527244,0.08064218356745001,0.17649549485208643,0.2488032586528742,-0.5532763708527244
3441,45321955,i,19,-0.8154811788457931,0.25141551489211367,0.4491016067037774,0.5164112837350737,-0.8154811788457931
3442,45321955,r,17,-0.8558703969285126,0.09902240585001443,0.14645759334077202,0.6985855198555838,-0.8558703969285126
3443,45368223,g,4,0.0036443122247380444,0.12843186257485234,0.3105064461281326,0.0713080067054239,0.0036443122247380444
3444,45368223,i,5,-0.12848809139589806,0.11001484605061701,0.1272216847817706,0.13274351042482074,-0.12848809139589806
3445,45368223,r,6,-0.061980052061947746,0.28162920079759574,0.46778763337125095,0.16155937151408056,-0.061980052061947746
3446,45371191,g,5,-1.1207494089574537,0.05907021269600188,0.09089158100874828,0.9572554687432593,-1.1207494089574537
3447,45371191,i,5,-0.8311001655793502,0.18328262257086692,0.3136527771416161,0.6245032127876027,-0.8311001655793502
3448,45371191,r,11,-0.9470310075254114,0.06291097566025172,0.09218351516888457,0.7999427206341313,-0.9470310075254114
3449,45448627,i,5,0.03603887232053629,0.11913926194673971,0.26348945762703624,0.01775236033762183,0.03603887232053629
3450,45448627,r,6,-0.10256849462350696,0.09643099022348688,0.23859442940123987,0.034045384461032904,-0.10256849462350696
3451,45469717,g,6,-0.15542063845054022,0.02921089965184087,0.052281749336979155,0.024227729049338186,-0.15542063845054022
3452,45469717,i,24,-0.4626671773696765,0.17249804632973567,0.305783857755445,0.18245438209515594,-0.4626671773696765
3453,45469717,r,21,-0.3813267074339429,0.37689824855656295,0.5861471061522303,0.2791366058087898,-0.3813267074339429
3454,45469717,u,2,-0.9113498878634215,0.06743726626514823,0.06743726626514834,0.8250219009284507,-0.9113498878634215
3455,45486879,i,11,-1.53234942271272,0.23056082523082,0.45017797659395375,0.9983016123331538,-1.53234942271272
3456,45486879,r,8,-1.1593983367454506,0.10709654098874621,0.6064615743855006,1.2172037077453903,-1.1593983367454506
3457,45498805,g,2,0.10649561745233782,0.041040516175408714,0.041040516175408714,0.012670239351420884,0.10649561745233782
3458,45498805,i,9,-0.7951207444116277,0.3066813191598401,0.4785278416214752,0.13947842338187838,-0.7951207444116277
3459,45498805,r,13,-0.26048672196021283,0.12368699456032484,0.29060527929185254,0.11103718786403202,-0.26048672196021283
3460,45500046,i,10,0.10372508696812616,0.10156972294309302,0.1669477877235084,0.0715520878369122,0.10372508696812616
3461,45500046,r,6,0.22039205033953196,0.20398705104393777,0.36201677316105707,0.0757463954021419,0.22039205033953196
3462,45540845,i,5,-0.09865364561184062,0.17259490605533637,0.5584180969916254,0.07052481260163614,-0.09865364561184062
3463,45540845,r,6,-0.4780430296341962,0.12581107666670033,0.43785593242191606,0.19296187841184645,-0.4780430296341962
3464,45556900,g,3,-0.59784557107458,0.09823162378461081,0.17662067372628687,0.3277897473372412,-0.59784557107458
3465,45556900,i,12,-1.1442398052355975,0.3132719561910584,1.0478600535256763,0.7951073464998385,-1.1442398052355975
3466,45556900,r,11,-0.43392482229813134,0.5290050995867763,1.1874829807076797,0.5840649277838109,-0.43392482229813134
3467,45564936,i,9,-1.236708879898568,0.4600857340404869,0.7198865042280336,1.3849981663739475,-1.236708879898568
3468,45564936,r,9,-1.1065963426372147,0.1697988705083422,0.3379770686969361,0.511526940890082,-1.1065963426372147
3469,45608122,g,4,-0.5017703984595185,0.006798718451151098,0.03847259966534278,0.23522277829377763,-0.5017703984595185
3470,45608122,r,6,0.0751720134641159,0.03425806732273459,0.05646131422769572,0.01641788408980258,0.0751720134641159
3471,45627478,i,16,-0.29271766224168494,0.10821825601214925,0.1659745170221345,0.07043401144201863,-0.29271766224168494
3472,45627478,r,10,-0.21893963031667263,0.06159257473738389,0.10619313877370101,0.06122155804803033,-0.21893963031667263
3473,45680825,i,8,-0.3164652351074352,0.1937816903866017,0.34035557203347533,0.10849874103324685,-0.3164652351074352
3474,45680825,r,6,-0.2902212700902187,0.07149205047392015,0.12476453530513182,0.08874043220258647,-0.2902212700902187
3475,45697406,g,2,-0.37374494444535666,0.049220027867982435,0.04922002786798246,0.16008509249863717,-0.37374494444535666
3476,45697406,i,4,0.043276252913725624,0.037258934672146596,0.11323209770693646,0.015553182664077866,0.043276252913725624
3477,45697406,r,6,-0.21268149337649245,0.13946552532422918,0.22817659615987596,0.0699330678069875,-0.21268149337649245
3478,45697406,u,2,-0.3815353878149077,0.44383863728759465,0.44383863728759465,0.3302806599413061,-0.3815353878149077
3479,45705116,i,10,-0.8828764411835468,0.13324412971161192,0.2578137479029694,0.5752368926284588,-0.8828764411835468
3480,45705116,r,10,-0.8123380507696885,0.06869655168876021,0.11304423962688448,0.43707400113532435,-0.8123380507696885
3481,45744942,g,4,-1.8593633574106585,0.05427970868195797,0.23264811739759828,22.437661521172224,-1.8593633574106585
3482,45744942,i,6,-1.6813826225272763,0.09091405909195283,0.6113521786581984,1.1372609423508804,-1.6813826225272763
3483,45744942,r,7,-1.780971237857934,0.16518970450527415,0.8003841126287403,1.3532763567766442,-1.780971237857934
3484,45747702,g,3,-0.6031653240210857,0.11773961867876759,0.12137863611271904,0.34712208871273087,-0.6031653240210857
3485,45747702,i,4,-0.5107666015221646,0.0868269556072237,0.32593945813254527,0.3791614758233356,-0.5107666015221646
3486,45747702,r,6,-0.7512825362885369,0.06316100542386993,0.2961599034660426,0.628325652465528,-0.7512825362885369
3487,45757584,g,2,-0.37045688800348575,0.32407278302002807,0.32407278302002807,0.2203217516937176,-0.37045688800348575
3488,45757584,i,11,-0.8051782944203258,0.3616477718415652,0.6189033381806571,0.6400516739273407,-0.8051782944203258
3489,45757584,r,16,-0.5194755496349518,0.13138472375810764,0.23882139054626889,0.30259188291220646,-0.5194755496349518
3490,45771841,g,6,-0.31115757899797936,0.20399330663973642,0.3116102074617499,0.1338172553078965,-0.31115757899797936
3491,45771841,i,26,-0.4952721188929729,0.26018982170965466,0.50765206864064,0.20421425036861812,-0.4952721188929729
3492,45771841,r,23,-0.5118251300508112,0.2198618829361002,0.574389344076402,0.3588813496364739,-0.5118251300508112
3493,45774860,g,2,-0.5513494609870145,0.1708259561134634,0.17082595611346346,0.3007344121873142,-0.5513494609870145
3494,45774860,i,4,-0.6064827769252983,0.5048499086814315,0.9879142342173726,0.6101589891859066,-0.6064827769252983
3495,45774860,r,7,-0.8373108993510371,0.2014742274705329,0.4358354520219623,0.6383141067785069,-0.8373108993510371
3496,45810281,g,8,-0.6925033029233167,0.16398727411044633,0.32715420989683874,1.0043083104993014,-0.6925033029233167
3497,45810281,i,8,-1.4390337188082643,0.10357762032370355,0.21225419647572963,1.3460007287189768,-1.4390337188082643
3498,45810281,r,16,-1.498058634695171,0.5849512996815994,1.0569958165525286,1.3277527047661812,-1.498058634695171
3499,45821198,g,2,-0.7799556198858759,0.043995153197823544,0.043995153197823544,0.4176466293685983,-0.7799556198858759
3500,45821198,i,11,-0.42931337760817834,0.23543439597110227,0.42377708012072113,0.23482925847584887,-0.42931337760817834
3501,45821198,r,9,-0.3987875016609156,0.09862971776506047,0.17950375709181965,0.1725343792890468,-0.3987875016609156
3502,45829510,i,6,-1.3701718022551046,0.12227649265722929,0.23143637235582482,1.0822890068927402,-1.3701718022551046
3503,45829510,r,5,-1.8559445230630898,0.04557047968230821,0.05742747663621328,1.9060850159096563,-1.8559445230630898
3504,45850755,g,4,-0.5880895501011143,0.07193313635146742,0.11616851091514624,0.34665010075274477,-0.5880895501011143
3505,45850755,i,4,-0.3397157929431307,0.021688158760770904,0.11862971135245343,0.08077275532539444,-0.3397157929431307
3506,45850755,r,8,-0.15769615187819352,0.10202012174327296,0.1281425743850874,0.03813328359780619,-0.15769615187819352
3507,45878347,g,3,-0.2256065212672297,0.00340482324826763,0.055998661325293686,0.07926217164822019,-0.2256065212672297
3508,45878347,i,4,-0.3151630241409832,0.18444771941939325,0.6190819028240577,0.2985668078099998,-0.3151630241409832
3509,45878347,r,6,0.08999768731839525,0.02980270204559024,0.4424140513027331,0.12543743050175182,0.08999768731839525
3510,45898053,g,3,0.24539356994470846,0.061253415231654396,0.2717831611322514,0.07296399645969208,0.24539356994470846
3511,45898053,i,12,-0.05914606964533892,0.137253529794225,0.21920878645990657,0.03940455202289441,-0.05914606964533892
3512,45898053,r,10,-0.010682330907743287,0.05526771779941658,0.26443827657911145,0.03166709595825912,-0.010682330907743287
3513,45898053,u,3,-0.17098134255622288,0.3511786211984099,0.5395362233194472,0.27827263943009545,-0.17098134255622288
3514,45902829,g,2,0.452232727917916,0.31228946995943685,0.3122894699594368,0.2766142701203608,0.452232727917916
3515,45902829,i,11,-0.16007343299147914,0.259008038553899,0.4629527565763246,0.10020722991175916,-0.16007343299147914
3516,45902829,r,13,-0.1724400875751051,0.15467450873575095,0.2725572864491661,0.06091870529391125,-0.1724400875751051
3517,45902873,g,5,0.2597755426372228,0.3316711290734,0.5028578516969833,0.1410995012144855,0.2597755426372228
3518,45902873,i,17,0.10804195642554226,0.19170848344502917,0.3086986159151762,0.11476561452371045,0.10804195642554226
3519,45902873,r,18,0.09620572552792617,0.09773630434371539,0.2183386842363196,0.0539331957606599,0.09620572552792617
3520,45906406,g,12,-0.20829674524892416,0.09528861702861796,0.18075458426355434,0.059960978467187155,-0.20829674524892416
3521,45906406,i,26,-0.4812506254360654,0.18891913164894247,0.35399466272705316,0.1830254846137001,-0.4812506254360654
3522,45906406,r,27,-0.35793533390463117,0.18441536613306986,0.36462876081250073,0.1873419885033815,-0.35793533390463117
3523,45929008,g,3,-0.7223271664857052,0.16989866385647412,0.6911174438535801,0.48375864807317415,-0.7223271664857052
3524,45929008,i,8,-0.2601707259552658,0.16088793365959841,0.3593357017524513,0.10094192064568103,-0.2601707259552658
3525,45929008,r,11,-0.2567586795412624,0.07717853961267096,0.14951187195586885,0.07371172283184044,-0.2567586795412624
3526,45935152,g,4,-0.18068918496972586,0.04432442214669452,0.13048102214755725,0.07037790760977164,-0.18068918496972586
3527,45935152,i,3,-0.21329311811629564,0.033820598120867906,0.27640469435866083,0.04685635557435635,-0.21329311811629564
3528,45935152,r,7,-0.4796540503934521,0.06189467206046251,0.29255781881862497,0.11829232475969752,-0.4796540503934521
3529,46057118,g,3,-0.11228541463398467,0.1157817663110483,0.19250323852766527,0.05508805130630507,-0.11228541463398467
3530,46057118,i,9,-0.04067383801812552,0.13997612323676634,0.2660833222135962,0.11412431139694935,-0.04067383801812552
3531,46057118,r,11,0.014635693907483205,0.12485995337151001,0.30080720153637247,0.04318308169655236,0.014635693907483205
3532,46073675,g,11,-1.2428462964603555,0.12186060338357674,0.1704034983764231,1.2577364578871464,-1.2428462964603555
3533,46073675,i,5,-0.8379685497970154,0.3082340171738852,0.6911793785971229,0.5777006896503588,-0.8379685497970154
3534,46073675,r,12,-0.783608993714228,0.42606929171209085,1.068709012937552,0.6786204659497633,-0.783608993714228
3535,46098598,g,2,0.06148338029795192,0.29673794744170084,0.29673794744170084,0.09311510379716194,0.06148338029795192
3536,46098598,i,6,-0.04208167893407953,0.14857258751211339,0.22922021016301622,0.04342504111791621,-0.04208167893407953
3537,46098598,r,6,0.0030994319646360513,0.24202406728947148,0.44193629670066353,0.109063511455137,0.0030994319646360513
3538,46116680,g,2,0.23594282984429937,0.1515502188809148,0.1515502188809148,0.07337918581037832,0.23594282984429937
3539,46116680,i,8,0.02671728841183485,0.23334311506689806,0.5865079460549567,0.5763312205542865,0.02671728841183485
3540,46116680,r,7,0.0038689217603472548,0.06265366760034707,0.08915225006848847,0.009732603396091844,0.0038689217603472548
3541,46120046,g,3,-0.5183298960215509,0.018539683274368612,0.050040766519769686,0.25434475803487333,-0.5183298960215509
3542,46120046,i,3,-0.06670019170246311,0.019776744418165015,0.2895068027560761,0.10958822006094598,-0.06670019170246311
3543,46120046,r,6,-0.22298130676703443,0.12018199408191749,0.2563757658799941,0.05910914453577417,-0.22298130676703443
3544,46120046,u,4,-1.2342665185902901,0.02077333735110176,0.06629732375937403,1.4828231751873537,-1.2342665185902901
3545,46151593,g,11,-0.04779531800697301,0.05162283475493812,0.08292235318937424,0.010745893612729335,-0.04779531800697301
3546,46151593,i,18,-0.4700386034503223,0.23658834542363688,0.3978019903381537,0.1697499482025006,-0.4700386034503223
3547,46151593,r,23,-0.403276745082529,0.11438982963295641,0.26833257352857487,0.14022437108207655,-0.403276745082529
3548,46151593,u,3,0.2625547932351818,0.0165449405199386,0.05006170224205697,0.05325380970518257,0.2625547932351818
3549,46195745,g,12,-0.767592728724207,0.46393800293830045,0.9693545183782405,0.37222843772889247,-0.767592728724207
3550,46195745,i,19,-1.1297141747405322,0.26640762517976935,0.9810530706031191,0.583242194749998,-1.1297141747405322
3551,46195745,r,23,-1.260670071985278,0.24834089717372443,0.7847679434565388,0.9790638667116803,-1.260670071985278
3552,46195745,u,4,0.5341383849129465,0.08179000228443434,0.1844434082700518,0.29110289378209087,0.5341383849129465
3553,46226782,g,3,-0.6118198586500521,0.010580944215219046,0.051753673884700535,0.33159720383790187,-0.6118198586500521
3554,46226782,i,13,-1.270550818493513,0.2894163731567133,0.5617816576651337,1.0979458271181388,-1.270550818493513
3555,46226782,r,14,-1.43900200117967,0.4426919708262278,1.1663245083957379,1.1953990004279285,-1.43900200117967
3556,46226782,u,2,-1.0428218200006096,0.07753596430502352,0.07753596430502352,0.920106999250663,-1.0428218200006096
3557,46239662,i,17,-1.0080253953864768,0.10568452553825813,0.1439600614692571,0.855628777393245,-1.0080253953864768
3558,46239662,r,9,-0.8224769049297487,0.11082170516108847,0.20306278181766535,0.770103763247185,-0.8224769049297487
3559,46254613,g,9,-1.0662650342173698,0.2335130898112201,0.39516443111054067,0.42030764133767234,
3560,46254613,i,17,-1.3636105455203247,0.5547572118070994,1.2542076884153286,1.0372605297801916,
3561,46254613,r,20,-1.1397112232792144,0.5751241346267594,1.0797001580645649,1.228178306986592,
3562,46254613,u,2,-0.5512606958007031,0.12576205723583578,0.12576205723583578,0.2308295082297674,-0.5512606958007031
3563,46356228,g,3,-0.5838795720078997,0.04904169633334243,0.1907063096593684,0.24026765445802267,-0.5838795720078997
3564,46356228,r,8,-0.8438472245103361,0.20611820612012755,0.35944556671048655,0.598366459305015,-0.8438472245103361
3565,46367617,i,12,-0.621734195570152,0.11446604160139695,0.25463141659126404,0.2391029746233926,-0.621734195570152
3566,46367617,r,11,-0.6221618964255526,0.13449839830945076,0.21867724756928775,0.290482764392992,-0.6221618964255526
3567,46370134,i,6,-0.058711749526086765,0.11842251247315969,0.21787339249650167,0.032399692141529185,-0.058711749526086765
3568,46370134,r,3,0.1508643851422184,0.011432457859169687,0.02540350725289106,0.02779760070091007,0.1508643851422184
3569,46380893,i,9,-0.11080503920836027,0.05999626051933893,0.18228183383372654,0.09067631005457456,-0.11080503920836027
3570,46380893,r,10,-0.35368718254286513,0.1324311932910464,0.23862981490296245,0.19695114443091838,-0.35368718254286513
3571,46420291,g,6,-0.16525995681034772,0.12010500556657161,0.23715265260726198,0.052540741663387173,-0.16525995681034772
3572,46420291,i,9,-0.17763546221411225,0.05793674433235546,0.08978068762743907,0.05181558974802968,-0.17763546221411225
3573,46420291,r,12,-0.13858055967398158,0.13520711291301743,0.2707368137408279,0.10777662049623582,-0.13858055967398158
3574,46438784,g,5,-0.17166572044059691,0.10300361110814293,0.2153042255086679,0.18217605474426368,-0.17166572044059691
3575,46438784,i,8,-1.2017235652928626,0.2510229577533707,0.5969432098735745,0.7515904106375502,-1.2017235652928626
3576,46438784,r,11,-1.541640479627271,0.36971630714336623,1.2543589603904906,0.9258659483227842,-1.541640479627271
3577,46481823,i,6,-0.10949150219559484,0.15772003917811062,0.23674159798307098,0.03026658686565482,-0.10949150219559484
3578,46481823,r,5,-0.2538488353406125,0.1235699856484675,0.2264378657706268,0.12073927111186018,-0.2538488353406125
3579,46500728,g,3,0.09939131250712241,0.18917059679669213,0.1981040993493225,0.03251331887749559,0.09939131250712241
3580,46500728,i,9,-0.03606291215617677,0.2862197638249644,0.6127985284111745,0.16653440258927574,-0.03606291215617677
3581,46500728,r,12,-0.14511909800371015,0.1924642352341632,0.39488069818074684,0.14317697008962577,-0.14511909800371015
3582,4651127,i,15,-0.7302132392332704,0.07837526432124775,0.19601830136590614,0.5006313143222,-0.7302132392332704
3583,4651127,r,9,-0.6052615357879051,0.09617486995107771,0.1779038989963434,0.32461927896119575,-0.6052615357879051
3584,46529731,g,2,0.1119465278116544,0.39135006804254246,0.3913500680425424,0.15123328047099027,0.1119465278116544
3585,46529731,i,5,-0.3239756863318308,0.5549033677904194,0.789441675458953,0.222746110270372,-0.3239756863318308
3586,46529731,r,7,0.023915412438883954,0.05528126653986931,0.08577495393891196,0.0039091218241594705,0.023915412438883954
3587,4653865,g,5,-0.4816312813208013,0.15798091949344667,0.16879435555378386,0.3299071776058137,-0.4816312813208013
3588,4653865,r,4,-0.11244062912104652,0.07546327985784548,0.15551183472813768,0.022899593981917557,-0.11244062912104652
3589,4658140,i,8,-0.7102354048930511,0.4477604209471192,0.8018016336070226,0.3535520751785039,-0.7102354048930511
3590,4658140,r,8,-0.860492858702361,0.315558433965172,0.43006399738026446,0.38925657033530503,-0.860492858702361
3591,46606117,i,5,-0.401106273992184,0.029187523303203178,0.22125569690252145,0.19759779096855054,-0.401106273992184
3592,46606117,r,5,-0.7109493323120275,0.07565305051744042,0.13677548876296486,0.3500122984573312,-0.7109493323120275
3593,46623283,i,9,-0.12698035588131895,0.1780721469379677,0.27999626011551115,0.2888771939765645,-0.12698035588131895
3594,46623283,r,7,-0.22195519793983642,0.08494124644388246,0.23660119638260385,0.39084016654116255,-0.22195519793983642
3595,46624222,i,8,-0.38181897647762997,0.21391745853341876,0.3491892899801443,0.18318932618183018,-0.38181897647762997
3596,46624222,r,5,-0.3477655394497765,0.15710303151512894,0.26450700773146396,0.1797955179157371,-0.3477655394497765
3597,46628370,g,3,-0.39102538954747623,0.09807280228907522,0.17534501613321846,0.1332943648243329,-0.39102538954747623
3598,46628370,i,5,-0.03602978292511794,0.14750729150437103,0.23424091574165684,0.0981743774010767,-0.03602978292511794
3599,46628370,r,7,-0.3574483603028297,0.08925080718952122,0.15264837849807888,0.1236417044474237,-0.3574483603028297
3600,46670038,g,2,-0.641800952118484,0.002257568219271089,0.0022575682192710333,0.37854688775699463,-0.641800952118484
3601,46670038,i,20,-0.4959216497807287,0.12001332528415282,0.28543310331420224,0.3092770897742133,-0.4959216497807287
3602,46670038,r,15,-0.4969005253495512,0.0415063118876684,0.06181356907191943,0.22627292963001192,-0.4969005253495512
3603,46674810,g,3,-1.550726832855887,0.20253823564058715,0.23973025100622847,2.028873925161958,-1.550726832855887
3604,46674810,i,7,-1.3909582884793568,0.17951060355945891,0.2619409154771277,1.4549365035393738,-1.3909582884793568
3605,46674810,r,4,-1.43009840633025,0.06506242182665445,0.24858939309717565,1.8589865546183248,-1.43009840633025
3606,46686899,g,6,-0.2189799258562879,0.08124589574330876,0.1611250694911286,0.0451817564373718,-0.2189799258562879
3607,46686899,i,14,-0.13104948340245856,0.28089717642080203,0.6286542640964669,0.10762279173842636,-0.13104948340245856
3608,46686899,r,16,-0.1747213251863542,0.4704807823097289,0.8679213603697253,0.25550206008101484,-0.1747213251863542
3609,46701731,g,2,-0.1889171082568547,0.08738079068349325,0.08738079068349325,0.04103530363487355,-0.1889171082568547
3610,46701731,i,5,-0.5592270693702149,0.3323264552139161,0.42052235841811925,0.2549679632614086,-0.5592270693702149
3611,46701731,r,6,-0.16212542361773946,0.16756755197917508,0.3372576870040471,0.2219457109191946,-0.16212542361773946
3612,46746863,g,5,-0.6512731011626209,0.08147851586563926,0.10618779106665621,0.3727420132807563,-0.6512731011626209
3613,46746863,i,6,-0.764175687025346,0.21417922844256082,0.36899659591181044,0.5097120291513632,-0.764175687025346
3614,46746863,r,5,-0.9006902980002922,0.09978580921677982,0.17809354597325855,0.761260595434209,-0.9006902980002922
3615,46797057,g,3,-0.01217335202171621,0.03196770510084446,0.03387738839112775,0.0008397526587747476,-0.01217335202171621
3616,46797057,i,8,0.2987333713139476,0.19834199969662397,0.7382927170769382,0.17589166451495863,0.2987333713139476
3617,46797057,r,9,0.07315805853656354,0.10699041318027158,0.1500547987764822,0.027869155235060665,0.07315805853656354
3618,46810917,g,4,-0.5249838424449609,0.029516251644262192,0.09816951001010266,0.24449417241259574,-0.5249838424449609
3619,46810917,i,6,-0.3609265272133723,0.1461792626071609,0.29114238640006007,0.17788735575324477,-0.3609265272133723
3620,46810917,r,7,-0.5265353546358346,0.02467590068412906,0.06386982913381456,0.28570317234284637,-0.5265353546358346
3621,46825767,i,13,-1.1537045699132675,0.45680250205878803,0.6581859310535234,1.0361109732425369,-1.1537045699132675
3622,46825767,r,13,-1.685402680994164,0.32849847998928317,0.6341897987487228,1.286378492362472,-1.685402680994164
3623,46937636,g,3,-0.1569215136169444,0.10015572970969266,0.11664306429125093,0.03343591502045743,-0.1569215136169444
3624,46937636,i,7,-0.5422615387027164,0.17930376193807207,0.41044208229451973,0.27575855599657884,-0.5422615387027164
3625,46937636,r,7,-0.5841257671981321,0.23264412767955878,0.3126227693421609,0.4094394555481292,-0.5841257671981321
3626,46937636,u,2,-1.5008712227245011,0.003435529181052943,0.003435529181053054,2.019277912411497,-1.5008712227245011
3627,47019383,i,27,-1.774806945332351,0.2583356541376516,0.6469180691570622,2.277279916415919,
3628,47019383,r,20,-1.2820523313243952,0.19757734741971655,0.4612838962493513,1.3438377848309733,
3629,47057064,g,3,-0.27499158722949013,0.019775406068758494,0.05922898954018391,0.09235632252914472,-0.27499158722949013
3630,47057064,i,6,-0.03474474809017353,0.03823380006074839,0.05785898567575812,0.00975650306015169,-0.03474474809017353
3631,47057064,r,8,-0.09917480183427424,0.03812353914612432,0.05623174785589899,0.010619261836768612,-0.09917480183427424
3632,47059100,i,24,-0.9670914498995393,0.6094287534084367,1.224438178739911,1.1935602949386135,-0.9670914498995393
3633,47059100,r,22,-1.0994324617942635,0.40275347451133536,0.7858098458941101,0.9312539978782368,-1.0994324617942635
3634,47064070,i,20,-0.537428356061081,0.2955321418165193,0.6614723912486998,0.1747336369252718,-0.537428356061081
3635,47064070,r,16,-0.27849358373708144,0.20431984717319807,0.3754390746443989,0.09081849761541613,-0.27849358373708144
3636,47169792,i,3,-0.5413584815500059,0.034285777971721165,0.04372451429777591,0.27171229273891256,-0.5413584815500059
3637,47169792,r,6,-0.33384556152200995,0.353239106181913,0.5903539986456294,0.22244694666052314,-0.33384556152200995
3638,47171665,i,10,-0.5289368875062157,0.10924989314013622,0.17876287080206937,0.2602832067821669,-0.5289368875062157
3639,47171665,r,9,-0.5022217821343831,0.14419177868758237,0.24095369333697747,0.2825632112731879,-0.5022217821343831
3640,47268812,i,9,-1.3527183614959366,0.19875966672126366,0.607650203752534,0.9665118460097119,-1.3527183614959366
3641,47268812,r,5,-1.5673592823288847,0.3157940729536801,0.4666200461946568,1.7733939883524878,-1.5673592823288847
3642,47275497,g,2,-0.6406622031653874,0.0067658165593659225,0.0067658165593658115,0.3691464782315962,-0.6406622031653874
3643,47275497,i,4,-0.42446717611618767,0.0613457176181319,0.1344385169076896,0.1515335569121562,-0.42446717611618767
3644,47275497,r,5,-0.2552753009811227,0.02161140987190313,0.05951601540369228,0.12310001834054973,-0.2552753009811227
3645,47321063,i,9,-0.7404591610380629,0.10528064588628594,0.39496148708726686,0.49305607187021505,-0.7404591610380629
3646,47321063,r,3,-0.5815261630228685,0.1868468326444499,0.20500758051225232,0.30946967022670163,-0.5815261630228685
3647,47335989,g,3,-0.5337596807905902,0.05936923615264217,0.06050491731060892,0.3023719896940682,-0.5337596807905902
3648,47335989,i,8,-0.11656476531446955,0.18041689311489745,0.3300100886870152,0.04720397406705545,-0.11656476531446955
3649,47335989,r,9,-0.18999469397862806,0.07052840124701026,0.12612952354116286,0.07359335631669585,-0.18999469397862806
3650,47335989,u,4,-0.9194838268141093,0.026131904125228478,0.05857660697502243,0.6997528359476509,-0.9194838268141093
3651,47356849,i,9,-0.509767618594747,0.1711628223237227,0.2646618011175716,0.3678637230408934,-0.509767618594747
3652,47356849,r,8,-0.6865119974898573,0.08344077839717556,0.15117848487318486,0.4667049982044442,-0.6865119974898573
3653,47379414,g,2,-0.397587562213358,0.23226003420320018,0.23226003420320018,0.17170572039832557,-0.397587562213358
3654,47379414,i,27,-1.2776654653297495,0.49226436017929176,0.9839663285352693,12.45863436062763,-1.2776654653297495
3655,47379414,r,24,-1.3546925568089916,0.42143441557081274,0.8910953004412863,1.3233811066299093,-1.3546925568089916
3656,47392892,g,6,-0.02665495964896203,0.02586931658576852,0.12029201798174205,0.06281490505889205,-0.02665495964896203
3657,47392892,i,22,-0.25124321973957325,0.05910840549890875,0.11497218728093819,0.08696985258153613,-0.25124321973957325
3658,47392892,r,17,-0.35746607729577273,0.03572951411178171,0.055720629965589574,0.12741300975436176,-0.35746607729577273
3659,47392892,u,2,-1.3486258653440442,0.004820872818362076,0.004820872818362076,1.5819558125075093,-1.3486258653440442
3660,47401987,g,5,-0.1439644681496559,0.0691828328632691,0.0915555471728764,0.016250494205505568,-0.1439644681496559
3661,47401987,i,12,-0.2228492581497865,0.13165366736813783,0.25965690909850936,0.10513200468380686,-0.2228492581497865
3662,47401987,r,10,-0.19403680092746062,0.3393413689654307,1.002033710795414,0.22472497895604468,-0.19403680092746062
3663,47415665,g,4,-0.7048202296683415,0.07409446747033854,0.11056001361737877,0.5373669060124091,-0.7048202296683415
3664,47415665,i,2,-0.1344564492782325,0.2358033307966351,0.23580333079663512,0.07436707835560036,-0.1344564492782325
3665,47415665,r,4,-0.8223660962401557,0.1677775496981112,0.4107568504343777,0.5615084747346685,-0.8223660962401557
3666,47415665,u,2,-0.8695310361585005,0.29488192106341504,0.29488192106341504,0.7576566138779097,-0.8695310361585005
3667,47440044,g,4,-0.5297983485364619,0.020964649945337366,0.08497133993231876,0.1914000550113762,-0.5297983485364619
3668,47440044,i,10,-0.6702267810023399,0.310249377373892,0.4838943832878535,0.3800729806487817,-0.6702267810023399
3669,47440044,r,10,-1.04582577330258,0.18716411007037437,0.42274094152192254,0.6711445503711864,
3670,47456541,g,2,0.5326096997369507,0.024243167584469427,0.024243167584469427,0.14211799151882545,0.5326096997369507
3671,47456541,i,8,-0.41072469755333313,0.0757557070426283,0.19711596450402608,0.14324713838554992,-0.41072469755333313
3672,47456541,r,6,-0.0978643770814498,0.24126061677300192,0.44466162861789565,0.08102233155822149,-0.0978643770814498
3673,47459408,g,6,-0.9561663613143396,0.10444913166381198,0.16407784183423724,0.9028123435204117,-0.9561663613143396
3674,47459408,r,7,-0.8997813276802019,0.1565954388070846,0.3071433289739126,0.5569945989622761,-0.8997813276802019
3675,4746182,g,5,-0.345359319395822,0.07099642965816177,0.08396593052780199,0.1476256249710825,-0.345359319395822
3676,4746182,i,21,-0.47709780508228905,0.6565641266028193,1.295728189274156,0.5414770969743741,-0.47709780508228905
3677,4746182,r,18,-0.47520510847838443,0.415333441997046,0.5881023959806588,0.4232708058926483,-0.47520510847838443
3678,4746182,u,2,-1.2411308767720581,0.025039027642592138,0.025039027642592027,1.5053335246220327,-1.2411308767720581
3679,47508654,i,12,-3.155696188391513,0.08655949413745367,0.17771984322143508,8.426133527773391,-3.155696188391513
3680,47508654,r,7,-2.6309940904931772,0.09927455546627995,0.15087087714219516,6.318863036398197,-2.6309940904931772
3681,47511906,i,8,-1.0972216911204766,0.23169750407843642,0.4650393506888354,0.8985356934779326,-1.0972216911204766
3682,47511906,r,8,-1.394228898815109,0.13479080406579103,0.25060448030938387,1.1529867344559066,-1.394228898815109
3683,47523099,g,2,-0.5868874614277375,0.26397934202374224,0.2639793420237423,0.3939365429904126,-0.5868874614277375
3684,47523099,i,19,-0.6010987692514419,0.3346309707914266,1.0615252146322371,0.6036736160350007,-0.6010987692514419
3685,47523099,r,14,-0.6001031203298292,0.10424698927011844,0.1790264268336783,0.4585866540975606,-0.6001031203298292
3686,47526633,i,16,-0.6710603603050218,0.17805999493845853,0.3359891781179884,0.3877696349401556,-0.6710603603050218
3687,47526633,r,18,-0.5951373432597324,0.1207862085200041,0.25004489596001395,0.3252186903637092,-0.5951373432597324
3688,4758640,g,3,-0.24402559012210234,0.399591949123008,0.43855809647245714,0.1726253475528389,-0.24402559012210234
3689,4758640,i,17,-0.28332825175902354,0.23092967651462504,0.4831391232394182,0.18615045466076222,-0.28332825175902354
3690,4758640,r,18,-0.35904122169103353,0.20769822775667168,0.3608499966485873,0.13186434047996143,-0.35904122169103353
3691,4758640,u,2,-1.0615357158905052,0.0015482154332699949,0.0015482154332699949,0.9952946201597666,-1.0615357158905052
3692,47657924,g,5,-0.27191033152998156,0.027760331504656843,0.41306535055956395,0.11463156265645331,-0.27191033152998156
3693,47657924,i,11,-0.2266852820414591,0.23763572624917995,0.5612113975001571,0.12773072201636515,-0.2266852820414591
3694,47657924,r,11,0.009622874837918571,0.10945608231699144,0.1961170598050761,0.02182211953894087,0.009622874837918571
3695,47657924,u,3,-0.6133132887866899,0.013208853950598343,0.07335424280873815,0.29231200116276007,-0.6133132887866899
3696,47679793,g,2,-0.06408859558187821,0.30005472954172374,0.3000547295417238,0.10305333960661328,-0.06408859558187821
3697,47679793,i,22,-0.010514774322227055,0.06824113467616785,0.13509381559554823,0.010904192498908203,-0.010514774322227055
3698,47679793,r,17,-0.024406887732034033,0.11447714703377432,0.20319029657294058,0.01838768148998601,-0.024406887732034033
3699,47686873,g,5,-0.5943424906628965,0.08914608403391311,0.28091603696705203,0.23460403427977367,-0.5943424906628965
3700,47686873,i,16,-0.7762495712004402,0.1725275365856616,0.29021630987054603,0.5217378830211677,-0.7762495712004402
3701,47686873,r,9,-0.6736967179470156,0.03529687219858335,0.0662747780151961,0.4091105831531593,-0.6736967179470156
3702,47760803,i,11,-0.8193886364145864,0.26685683739116284,0.3912365906073645,0.5066347873291706,-0.8193886364145864
3703,47760803,r,13,-0.42552961106664045,0.20024744728697685,0.3907029448438834,0.40908063449169746,-0.42552961106664045
3704,47760803,u,2,-1.5629472228478734,0.07960552006639376,0.07960552006639365,2.1252740467823745,-1.5629472228478734
3705,47780271,g,4,0.13927704375379663,0.20852559074011773,0.43066529808267323,0.030901602754780603,0.13927704375379663
3706,47780271,i,6,-0.034435738848399094,0.29153234197126554,0.4515713382297405,0.19463489409086676,-0.034435738848399094
3707,47780271,r,14,-0.007112153557248646,0.2948634341992118,0.7919031518143793,0.23937911596569966,-0.007112153557248646
3708,47780627,g,3,-0.6673567350588426,0.02610700614507555,0.04559662161790956,0.45741532291911186,-0.6673567350588426
3709,47780627,i,17,-0.9610815697895078,0.13130572053386358,0.48370296839086124,0.5862752535547162,-0.9610815697895078
3710,47780627,r,15,-0.46068744170770193,0.23900458195111718,0.5843079387624007,0.24197830432843398,-0.46068744170770193
3711,47798782,i,8,-0.27295776473191474,0.10545950097236845,0.18599272771607048,0.06941179757580584,-0.27295776473191474
3712,47798782,r,4,-0.09255841021886846,0.05230297156934571,0.1401143938245364,0.06527235213807268,-0.09255841021886846
3713,47812749,g,2,0.02046318223026966,0.187074822937074,0.187074822937074,0.02707324958133408,0.02046318223026966
3714,47812749,i,9,-0.09552869746366952,0.17349772484282835,0.33063513910220144,0.05531673225322215,-0.09552869746366952
3715,47812749,r,10,-0.11095652416769347,0.12354520766279548,0.22848738484770895,0.15249229165341321,-0.11095652416769347
3716,47825000,g,2,-0.856845278337821,0.006537958262018528,0.006537958262018639,0.6890198774132452,-0.856845278337821
3717,47825000,i,8,-0.21956939816994242,0.23679348466675051,0.7574761594896164,0.2102291283598603,-0.21956939816994242
3718,47825000,r,9,-0.5007210153362942,0.036299821150636236,0.10136667902212748,0.3005142498885145,-0.5007210153362942
3719,47825000,u,3,-1.473545864179869,0.1393774604945115,0.2170901480519103,1.6617646652013287,-1.473545864179869
3720,47844994,g,6,-0.13815524427872286,0.1849488271883084,0.3486401194096882,0.09523893525216309,-0.13815524427872286
3721,47844994,i,2,-0.21083431682505413,0.07732557212901162,0.07732557212901164,0.03470681161811264,-0.21083431682505413
3722,47844994,r,12,-0.10331333946238483,0.06108156197313608,0.11521953349166339,0.03628901907978546,-0.10331333946238483
3723,47844994,u,4,-0.28565880040592934,0.16588309797840312,0.23388457920650202,0.13900876482151875,-0.28565880040592934
3724,47847753,i,5,-0.5349381651857789,0.1317398835787923,0.2246421931260183,0.28313747621644136,-0.5349381651857789
3725,47847753,r,4,-0.4503030036540068,0.031813107444119526,0.15645850640674364,0.3389545473425029,-0.4503030036540068
3726,47854827,i,9,-2.253610009838466,0.389065019149895,0.6471903442022429,3.6093170626982465,-2.253610009838466
3727,47854827,r,11,-2.48415621397224,0.3001621440368192,0.6191470451269607,11.477276889681432,-2.48415621397224
3728,47990242,g,4,-0.7753807152473988,0.10027361273922941,0.22541998575586963,0.2984466893519866,-0.7753807152473988
3729,47990242,i,20,-1.0932967554602815,0.25488446943594895,0.5518624611753411,1.1236237975546213,-1.0932967554602815
3730,47990242,r,19,-1.1387760362126054,0.13762494957135418,0.2953619225358055,0.8484869819526821,-1.1387760362126054
3731,48004292,i,8,-1.569771195503093,0.21127828597743026,0.7402528425746757,1.3058539476490307,-1.569771195503093
3732,48004292,r,3,-1.57872177007807,0.260398280354353,0.3049423583080839,1.2725351365548643,-1.57872177007807
3733,48004730,g,3,-0.049815466280483056,0.3957554735489257,0.5362580008530058,0.2069390891109777,-0.049815466280483056
3734,48004730,i,4,-0.30267139881354244,0.016095941948605308,0.0397469721597461,0.058705981082932665,-0.30267139881354244
3735,48004730,r,7,-0.2146465308068175,0.17028683625672492,0.5640683772078773,0.17085552069023371,-0.2146465308068175
3736,48004730,u,2,-0.7257643052946168,0.029624963684729833,0.029624963684729777,0.5165860595958371,-0.7257643052946168
3737,48055006,i,6,0.06047356131822468,0.10185150048044012,0.18338478305752842,0.01293400972941038,0.06047356131822468
3738,48055006,r,12,0.015334354100666303,0.14278698098959153,0.23656210079711118,0.05622097151278697,0.015334354100666303
3739,4806269,g,4,-0.8069990987580771,0.08909648731186115,0.2922780590178845,0.4239563176336749,-0.8069990987580771
3740,4806269,i,15,-0.5532321795841583,0.1656738232562266,0.3456368162600947,0.32893601162060604,-0.5532321795841583
3741,4806269,r,16,-0.8756829118438607,0.030385654603661327,0.0744222568226326,0.6560226070736901,-0.8756829118438607
3742,48078124,g,3,-0.22769146130479623,0.06047196556107437,0.07073884190471702,0.04599620076969798,-0.22769146130479623
3743,48078124,i,4,-0.2673265359631557,0.027378108097956655,0.04696074812203577,0.062032013405063854,-0.2673265359631557
3744,48078124,r,5,-0.2581285169174843,0.012283409504436071,0.051953581425316586,0.09808288028519858,-0.2581285169174843
3745,48086275,g,4,-0.4496215516292159,0.057760712643063816,0.06573424754135793,0.17688231929103135,-0.4496215516292159
3746,48086275,i,8,-0.6488445043448392,0.21053950143871242,0.4125743898223185,0.375359901411683,-0.6488445043448392
3747,48086275,r,5,-0.2842801149807336,0.11890926542713409,0.22658832573891052,0.10019255454515526,-0.2842801149807336
3748,48118332,g,5,-0.5757242184535534,0.03491660847419176,0.09050816948267815,0.30407586746643384,-0.5757242184535534
3749,48118332,i,2,-0.3257300738105393,0.08666591150562516,0.08666591150562514,0.1013250048897428,-0.3257300738105393
3750,48118332,r,8,-0.5819352918931241,0.051312519456462036,0.10556990358397744,0.3320251493274483,-0.5819352918931241
3751,48133185,g,4,-0.23283829652723187,0.018781677805436242,0.04971749395241867,0.053619906562005784,-0.23283829652723187
3752,48133185,i,4,0.3883264360183824,0.3432579372012375,0.7532938409897119,0.28841435953079597,0.3883264360183824
3753,48133185,r,9,0.12227388481582616,0.06544198813444208,0.1271649695724223,0.021657471798570985,0.12227388481582616
3754,48133185,u,4,-0.5123061164490899,0.12480768298828815,0.28947124941135327,0.2394744763286652,-0.5123061164490899
3755,48152721,i,8,-0.9858587874755647,0.14270669377376527,0.406535811330093,0.7449754650745084,-0.9858587874755647
3756,48152721,r,8,-0.8600033509285775,0.06663202341240915,0.18317446523702285,0.6144868840209938,-0.8600033509285775
3757,4819036,g,2,-0.5366188555530871,0.24108095157053366,0.24108095157053366,0.29385574032002293,-0.5366188555530871
3758,4819036,i,5,-0.33167568938857217,0.0749026255841787,0.11718801889350217,0.11386546976909613,-0.33167568938857217
3759,4819036,r,7,-0.2581748520059856,0.10621630387372122,0.20688941878087191,0.08573242667030899,-0.2581748520059856
3760,48223785,g,2,-1.0963405381264535,0.0005308761478064472,0.0005308761478066693,1.0375263431239499,-1.0963405381264535
3761,48223785,i,14,-1.939490551405741,0.7598336361784137,1.5525558812808093,2.4896276871810676,
3762,48223785,r,14,-1.4272632569665107,0.4822788252933158,0.8640859183462541,1.7343000313726118,
3763,48243809,g,4,-0.3174980978336906,0.016058125722642314,0.04872521983856315,0.09226680480337567,-0.3174980978336906
3764,48243809,i,16,-0.2613943858962291,0.11660978539183231,0.25220920087186227,0.06650396158677346,-0.2613943858962291
3765,48243809,r,12,-0.06993683442980113,0.10679540864415198,0.18129682084594703,0.02004982488407804,-0.06993683442980113
3766,48243809,u,2,-0.4868956631316532,0.15230478858303487,0.15230478858303487,0.23351932238900372,-0.4868956631316532
3767,48245992,g,2,-0.8295888209197743,0.22585826903454043,0.22585826903454032,0.7014163002926925,-0.8295888209197743
3768,48245992,i,5,-0.5065455887420276,0.43463469931072646,0.5890468177949004,0.2936976981562097,-0.5065455887420276
3769,48245992,r,10,-0.7926996354186715,0.16407820669137363,0.21440696900720113,0.6728707179049146,-0.7926996354186715
3770,48281129,g,4,0.11574645071787146,0.16119787092016036,0.2449948035040984,0.08339203399386222,0.11574645071787146
3771,48281129,i,11,-0.11879155521542129,0.293256001651674,0.7867263533669144,0.22865471491132092,-0.11879155521542129
3772,48281129,r,8,-0.23629100828689475,0.1961969782552933,0.3202400757753657,0.11152265125207009,-0.23629100828689475
3773,48304949,g,2,-1.4793991717098305,0.0116282941657182,0.011628294165717978,1.2145309267687334,-1.4793991717098305
3774,48304949,i,4,-1.5377707866044688,0.1291671322832647,0.28994726906352875,1.3147476956509465,
3775,48304949,r,6,-1.8904961072575903,0.19903066943174474,0.3922091951365816,2.1052236528147206,
3776,4831315,g,2,-0.28628207602679423,0.012700358857297811,0.012700358857297811,0.08139142810594904,-0.28628207602679423
3777,4831315,i,7,-0.3056981553401906,0.1935549902281623,0.4318342653891303,0.19380537391811284,-0.3056981553401906
3778,4831315,r,5,-0.059960041052697255,0.06368307543786411,0.07642126203718064,0.08369647377759862,-0.059960041052697255
3779,48332431,g,4,-0.28192453516089455,0.0297758343319878,0.10061178817621544,0.07531788253547536,-0.28192453516089455
3780,48332431,i,17,-0.05941216993946924,0.3246451598286932,0.9019433565186692,0.24637506898380207,-0.05941216993946924
3781,48332431,r,16,-0.1807050782715664,0.19665916076414103,0.4632776623618937,0.15707559878047522,-0.1807050782715664
3782,48384172,g,6,0.49972886377840275,0.28385572695543093,0.5419460105996731,0.36973497612984624,0.49972886377840275
3783,48384172,i,25,-0.05896715665824648,0.1329182624000299,0.4872772488085412,0.05702376768822922,-0.05896715665824648
3784,48384172,r,25,-0.4243857920419243,0.3285040620438394,0.3983548190138714,0.19267038916347945,-0.4243857920419243
3785,48443489,g,5,-0.48125542447587133,0.22810216876895528,0.23361945013532393,0.31979793762115094,-0.48125542447587133
3786,48443489,i,10,-0.2731149141226162,0.10135467935718623,0.2428102660082643,0.09739160577278058,-0.2731149141226162
3787,48443489,r,12,-0.47797035636874885,0.04099036687014651,0.1229941072631463,0.3429252095346955,-0.47797035636874885
3788,48443489,u,2,-1.2871724262296138,0.083981020198032,0.08398102019803222,1.4343504790510289,-1.2871724262296138
3789,48492089,g,3,-0.9146349422566127,0.20788734220476712,0.2882394794314047,0.6230313472246288,-0.9146349422566127
3790,48492089,i,4,-1.0985351585997347,0.20722045691351243,0.5048145644010261,0.7355732052458546,-1.0985351585997347
3791,48492089,r,5,-0.8833863087322396,0.21053987835261057,0.447591502900187,0.9246684793192204,-0.8833863087322396
3792,4852519,g,4,-0.3529216357114591,0.08132349175991227,0.13456386120874664,0.12218846018791643,-0.3529216357114591
3793,4852519,i,6,-0.10267590792632972,0.1004530055197527,0.24032999195124624,0.026210056126236118,-0.10267590792632972
3794,4852519,r,7,-0.031195264489728314,0.03127106578805744,0.47205157538262804,0.1649627602263113,-0.031195264489728314
3795,48579814,g,3,-0.43707876805816914,0.04557266035179608,0.06313429626797651,0.17113554411668355,-0.43707876805816914
3796,48579814,i,9,-0.023017969284242157,0.17399956146625495,0.273589285647024,0.1001167011977574,-0.023017969284242157
3797,48579814,r,14,-0.06844270757401621,0.08764261904458209,0.1832673686028869,0.037919110586162895,-0.06844270757401621
3798,48596043,g,4,-1.5438731071342435,0.0964774519437881,0.2536953007429632,0.9911641898224068,-1.5438731071342435
3799,48596043,i,13,-1.506531826625819,0.4496691347341373,0.6393171114781449,1.4342970448263967,
3800,48596043,r,14,-1.735128399213435,0.5435915075953324,0.6857517968382691,1.6251184949312532,
3801,48694040,g,3,-0.27840089399283785,0.14383555231346162,0.23511327339088048,0.15401690053900688,-0.27840089399283785
3802,48694040,r,8,-0.22700981621893676,0.2002705596800339,0.3609909385884965,0.10758385886333661,-0.22700981621893676
3803,48740354,g,2,-0.21784560015248056,0.008755585258367726,0.008755585258367726,0.04148869590290521,-0.21784560015248056
3804,48740354,i,8,-0.3559398676033217,0.09569916522152536,0.19066304041415932,0.09111904808197596,-0.3559398676033217
3805,48740354,r,7,-0.37736621272495685,0.027239715273125853,0.05338250453666571,0.1206733403382543,-0.37736621272495685
3806,48813710,g,2,0.560283276629453,0.21787077348536976,0.21787077348536976,0.2874083687804653,0.560283276629453
3807,48813710,i,5,-0.21020934601754748,0.045703901350285014,0.07515199535568196,0.03413643954068386,-0.21020934601754748
3808,48813710,r,6,-0.22955874215158167,0.036469841875444664,0.0648855247096845,0.043711008036213174,-0.22955874215158167
3809,48886788,g,5,-0.4894642929118227,0.19135728226939186,0.3735713708327999,0.20442754840656327,-0.4894642929118227
3810,48886788,i,14,-1.5280200778970858,0.4962406299660369,0.7474975589133521,1.7385030887782456,-1.5280200778970858
3811,48886788,r,15,-1.67187442725624,0.18138718936789067,0.4239771684115443,1.7113236600142763,-1.67187442725624
3812,48915414,g,5,0.004976877889183828,0.04365510547137258,0.15378272590949005,0.01825742439497763,0.004976877889183828
3813,48915414,r,7,0.06132904389620136,0.08787307978954029,0.22622007925898918,0.052701963450003234,0.06132904389620136
3814,48949378,g,4,-0.5613143598141105,0.18628291302201821,0.3735882512586146,0.33655717999942725,-0.5613143598141105
3815,48949378,i,2,-1.0956843033327492,0.8673776440395368,0.8673776440395368,1.227892407097976,-1.0956843033327492
3816,48949378,r,7,-0.30253141822323487,0.08573767916860309,0.2994691416196905,0.2362392048456867,-0.30253141822323487
3817,48967301,i,7,-1.158490548605232,0.17223287313670377,0.2775476035712581,0.900372842022864,-1.158490548605232
3818,48967301,r,7,-1.1980468555429429,0.17106661466936446,0.28476551787968085,1.156632949998409,-1.1980468555429429
3819,48998958,i,6,-0.5573970418647729,0.05014079833220719,0.21410226233283347,0.21005559941043161,-0.5573970418647729
3820,48998958,r,5,-0.28917798507795217,0.026287020453001464,0.03663988604103413,0.12473465357766744,-0.28917798507795217
3821,49023274,i,14,-0.13239643480989988,0.08701966223722722,0.15299426052307663,0.03614226439209518,-0.13239643480989988
3822,49023274,r,10,0.19088359257420254,0.0946104606534976,0.2667725199445008,0.08148005870279283,0.19088359257420254
3823,49036439,i,6,-0.4286197066228211,0.25270716074175914,0.466599617682512,0.1399960520037958,-0.4286197066228211
3824,49036439,r,11,-0.5032795200566649,0.12921196991386452,0.287356646657548,0.25502983751936015,-0.5032795200566649
3825,49073445,g,4,-0.40080546590302796,0.4494803677156407,0.7725015043930982,0.6429435397979675,-0.40080546590302796
3826,49073445,i,7,-1.09769495441001,0.4045975940356936,0.7319059180462153,0.7360336176242098,-1.09769495441001
3827,49073445,r,7,-1.0191643245809965,0.40387632707609933,0.6387961356143613,0.6934747169637124,-1.0191643245809965
3828,49101006,g,2,0.19359368663927112,0.03836402469707112,0.03836402469707112,0.03719002622281465,0.19359368663927112
3829,49101006,i,6,-0.21858516869690592,0.047936724223269056,0.07816322574132809,0.03861394084198602,-0.21858516869690592
3830,49101006,r,11,-0.12333596610621123,0.10609451872482212,0.31408249169932295,0.0582780013773738,-0.12333596610621123
3831,4914357,i,8,-0.25668144225768863,0.18866682750884556,0.2983023787258662,0.07158872879980657,-0.25668144225768863
3832,4914357,r,7,-0.188722727020195,0.027344331610809958,0.0774382164761378,0.0422595894897542,-0.188722727020195
3833,49146115,g,4,-0.13445451566986144,0.025524190925745427,0.05540008006693109,0.016410957441944166,-0.13445451566986144
3834,49146115,i,14,-0.44142025517966393,0.2213837453425292,0.3189688483292118,0.18145556877675897,-0.44142025517966393
3835,49146115,r,11,-0.37789071484604375,0.25331819883904017,0.39527041134428315,0.2053030076231302,-0.37789071484604375
3836,49173979,g,6,-0.7024030968927399,0.2737839506584123,0.5003084808746506,0.245149090661099,-0.7024030968927399
3837,49173979,i,11,-0.9830286469477865,0.24729009869658247,0.5225569477037426,0.5771627248126442,-0.9830286469477865
3838,49173979,r,12,-1.0646975413690374,0.5755171598195414,1.0112037204421802,0.8883542687348562,-1.0646975413690374
3839,49228955,i,8,-0.18867061714790967,0.4278205530103282,0.9578399767076861,0.3965236216942738,-0.18867061714790967
3840,49228955,r,7,-0.37901713348567634,0.3821547665820415,0.7787295662613256,0.49211205072322733,-0.37901713348567634
3841,49267664,i,5,-0.7189042458995939,0.09449187593209907,0.14290513154863838,0.4435930361221745,-0.7189042458995939
3842,49267664,r,6,-0.594366360097294,0.07593668147670984,0.13468333867514293,0.4011682601283962,-0.594366360097294
3843,49347787,g,5,0.1943014429101083,0.04173481217183728,0.051708808634052916,0.4520682536469579,0.1943014429101083
3844,49347787,i,7,-0.1272122042338008,0.02381510988620772,0.05303657383801305,0.01819109521114525,-0.1272122042338008
3845,49347787,r,10,-0.10370869458904858,0.034642604922812764,0.06348533455753945,0.01692098406279515,-0.10370869458904858
3846,49399781,g,3,-1.01264151878122,0.18745108963395207,0.19936483221288448,0.9912898362390631,-1.01264151878122
3847,49399781,i,5,-0.7635284067102747,0.7284013623334642,0.9023643675635061,0.5632236185739264,-0.7635284067102747
3848,49399781,r,10,-0.4871243029715195,0.1799924439363509,0.31183512536362695,0.2464683515060752,-0.4871243029715195
3849,49402868,g,2,-0.6742015818408054,0.0031964082925845516,0.003196408292584496,0.46940559078884425,-0.6742015818408054
3850,49402868,i,9,0.02008833900758178,0.10211500280823799,0.15940096285219524,0.025830250492372787,0.02008833900758178
3851,49402868,r,9,-0.09648699747377742,0.09821478224235713,0.19222902860245517,0.023232327899773905,-0.09648699747377742
3852,49406188,g,3,-0.35622879644908667,0.1455975518902004,0.1911162364227459,0.14488021579095203,-0.35622879644908667
3853,49406188,i,8,-0.4324702337202887,0.12614514230794754,0.18317934881900078,0.17467279486959766,-0.4324702337202887
3854,49406188,r,7,-0.5408253019603415,0.10248411287367498,0.15798781095253794,0.3084335978207976,-0.5408253019603415
3855,49505525,g,2,-0.20589783643216997,0.026286388482672507,0.026286388482672507,0.04683542999877985,-0.20589783643216997
3856,49505525,i,2,0.2930929655719484,0.13989858712408004,0.1398985871240801,0.10367924513659406,0.2930929655719484
3857,49505525,r,6,0.10029362215597265,0.06420439280552014,0.12512273085698145,0.038505969778427435,0.10029362215597265
3858,49584038,i,7,-0.17948148503930006,0.13821872678993607,0.22654806918775555,0.08686533406715931,-0.17948148503930006
3859,49584038,r,6,-0.26685292415178363,0.2685389012820787,0.6464524300455048,0.15595016377141185,-0.26685292415178363
3860,49599039,g,4,-0.1867281539561817,0.07128091786795365,0.2043891443509041,0.040932954811458616,-0.1867281539561817
3861,49599039,i,2,0.18468865535732532,0.1740409483446601,0.17404094834466013,0.05200371205243324,0.18468865535732532
3862,49599039,r,8,0.15855195873335662,0.09830441390776218,0.15641156221204283,0.03530889175250962,0.15855195873335662
3863,49602310,g,2,-0.7447610556578217,0.05599952936648117,0.055999529366481116,0.5283977851242146,-0.7447610556578217
3864,49602310,i,5,-1.3891806048505064,0.5622304220108723,0.901389415107599,1.5515804564777063,-1.3891806048505064
3865,49602310,r,11,-1.0228668866266022,0.33276960363664676,0.6913026261898081,0.7679352577865042,-1.0228668866266022
3866,49628327,g,3,0.5218886715084208,0.05717113192439027,0.2516639818859176,0.48994014178581113,0.5218886715084208
3867,49628327,i,11,-0.1479479807636901,0.15589435512675343,0.2936989161853381,0.21574051890229162,-0.1479479807636901
3868,49628327,r,5,1.0390954548128666,0.07706361706085718,0.0953176053725322,1.1508520263793633,1.0390954548128666
3869,49636293,g,4,-0.20803597575218322,0.017484197781871852,0.10264476240612258,0.040078149934319726,-0.20803597575218322
3870,49636293,i,8,-0.08527657334587713,0.22645042212068014,0.4649446676646015,0.125191758125912,-0.08527657334587713
3871,49636293,r,10,-0.2856165065638337,0.12050089458730515,0.31558193583828836,0.16687501516140663,-0.2856165065638337
3872,49636293,u,3,-0.31857949887649917,0.10112429644393706,0.2021093355979401,0.1602887275341225,-0.31857949887649917
3873,49643766,g,3,0.14262541975127274,0.06771943749353604,0.2379780226889971,0.043939502311660106,0.14262541975127274
3874,49643766,i,7,0.01124147828237232,0.13077862226344672,0.15952812981944584,0.024314021927862806,0.01124147828237232
3875,49643766,r,4,-0.06882431454123647,0.13155159164014277,0.26589232965372356,0.025046235290451673,-0.06882431454123647
3876,49655685,i,11,-0.6508910188119721,0.1617310284081166,0.33188936778782574,0.3664934425221366,-0.6508910188119721
3877,49655685,r,7,-0.6842911293423457,0.10360646381134675,0.21410106881830604,0.30530347557771614,-0.6842911293423457
3878,49669306,g,3,-0.6771565681478127,0.03800935712025033,0.07459176064343165,0.5040612216679966,-0.6771565681478127
3879,49669306,i,8,-0.7507119958186885,0.14124549089815136,0.27839521020379987,0.42410756212682144,-0.7507119958186885
3880,49669306,r,6,-0.6238823808801564,0.08728731385355232,0.13210649394436824,0.3943556951268974,-0.6238823808801564
3881,49704297,g,3,0.09156358043548485,0.13310679840749406,0.40481274029815006,0.12671773524482463,0.09156358043548485
3882,49704297,i,12,-0.4431659497211928,0.3469027858211001,0.6449408158809876,0.2730525293074412,-0.4431659497211928
3883,49704297,r,13,-0.4451224958055432,0.07393521271678638,0.15379206644630528,0.24811221725345314,-0.4451224958055432
3884,49715629,i,5,-0.048875981529309276,0.024112732115212476,0.04575261644241391,0.007901997295787255,-0.048875981529309276
3885,49715629,r,5,-0.0671409943076352,0.06237497713719198,0.09257526948276085,0.09669474089854953,-0.0671409943076352
3886,49753812,g,4,-0.40583904800264214,0.008803929543230726,0.010826533804072946,0.7252786252950882,-0.40583904800264214
3887,49753812,i,19,-0.8048460608872523,0.08581649631430033,0.16231487911190456,0.3230550568080197,
3888,49753812,r,17,-0.6861030938465678,0.23511848376477018,0.37886286719540996,0.30613298821788126,
3889,49762504,g,4,-0.0842300400886305,0.05136410527171881,0.16023741075557654,0.034192146322195506,-0.0842300400886305
3890,49762504,r,7,0.0869280414726834,0.06961865910078632,0.22906681647945037,0.05617327390778409,0.0869280414726834
3891,49769521,g,8,0.4219584109286655,0.4212142231854402,0.5877798601177171,0.3554318228970565,0.4219584109286655
3892,49769521,i,17,0.041262703761045016,0.04984281112497713,0.07832716648164306,0.01047960892791018,0.041262703761045016
3893,49769521,r,14,-0.05285153433661924,0.05085114758361026,0.10627438969681631,0.015627030598913808,-0.05285153433661924
3894,49782526,i,12,-0.7684351054660302,0.11446332300530526,0.23808665546795527,0.31877403548030797,-0.7684351054660302
3895,49782526,r,12,-0.8198876367465153,0.0469079472110403,0.10421810403301301,0.39727525965923943,-0.8198876367465153
3896,49788606,i,4,0.0016450751366590133,0.13683251298751922,0.24990994469729383,0.033953490441656846,0.0016450751366590133
3897,49788606,r,6,0.0045088750184219956,0.19622799418692694,0.42956825315214375,0.048905889879993114,0.0045088750184219956
3898,49804320,i,10,0.17499771264610905,0.07747094345997987,0.25317158458002537,0.04950915448999614,0.17499771264610905
3899,49804320,r,12,0.06892441603956229,0.09085878457796515,0.17121609417215375,0.01935451280613859,0.06892441603956229
3900,4980739,i,6,-0.08440791447536355,0.0935105408314652,0.14762109693712258,0.02015885963888307,-0.08440791447536355
3901,4980739,r,5,-0.003028203006603891,0.07978271723313834,0.14405631049190504,0.03824100756742849,-0.003028203006603891
3902,49854844,g,5,-0.14436520293106703,0.06434189301390958,0.1720802071484806,0.06729427992655282,-0.14436520293106703
3903,49854844,i,3,-0.7021214076138638,0.007299697393400861,0.012864315741016208,0.3919385284249733,-0.7021214076138638
3904,49854844,r,2,-0.6103457357752446,0.028199002494417147,0.02819900249441709,0.3282347119365594,-0.6103457357752446
3905,49854844,u,3,-0.23372517016191952,0.017116139984513112,0.12215176385918391,0.10428614876970506,-0.23372517016191952
3906,49941403,i,7,0.020077018221852372,0.060954923243155545,0.11391747485502618,0.015376600706495533,0.020077018221852372
3907,49941403,r,6,-0.1556153589114087,0.08139092429355488,0.12844857805855123,0.03093837896327581,-0.1556153589114087
3908,49967322,g,3,-0.174385501731794,0.012280717567064281,0.3758347478595158,0.1228817429347649,-0.174385501731794
3909,49967322,i,8,0.1942154905243348,0.08375537798980338,0.10710307914045625,0.06875948406653623,0.1942154905243348
3910,49967322,r,4,0.2291249977851248,0.107771016578046,0.2068426446424095,0.06148070683363362,0.2291249977851248
3911,49990108,i,5,-0.27412252388588754,0.1380157496236173,0.19084355556628813,0.1955885212780751,-0.27412252388588754
3912,49990108,r,7,-0.3144739351719028,0.12392535834338347,0.1859053555709927,0.10563850317613455,-0.3144739351719028
3913,49996161,g,2,-1.1906600062411368,0.006938384191908398,0.006938384191908398,0.6380912595184367,-1.1906600062411368
3914,49996161,i,7,-0.823946851799302,0.207237602109287,0.30172682416441865,0.39498342100435524,
3915,49996161,r,9,-0.9802917813883005,0.2234787310736781,0.3615721885340517,0.5386599638386929,
3916,50158701,g,4,0.062333121508515665,0.16574070219570447,0.21434705433217777,0.05429429904448674,0.062333121508515665
3917,50158701,i,11,-0.1264490616008872,0.11779790793193318,0.3407939295209752,0.06137432296564568,-0.1264490616008872
3918,50158701,r,14,-0.158018114454302,0.21731117712457432,0.5921011594864628,0.11577229865379922,-0.158018114454302
3919,50266053,g,3,-0.2455763513001592,0.14288664402153617,0.3520116732396582,0.10658433967570109,-0.2455763513001592
3920,50266053,i,8,0.04559189420122728,0.15797024222713302,0.3223948999075152,0.04709886016164977,0.04559189420122728
3921,50266053,r,7,-0.0021797581725626625,0.09944778484347966,0.16364361854529433,0.014395013837619723,-0.0021797581725626625
3922,50312649,g,3,-0.5386983050411426,0.12102802349546982,0.1820458569673718,0.26049871462629565,-0.5386983050411426
3923,50312649,i,13,0.094427176871557,0.17888400750932232,0.3664213031911422,0.2850745358455486,0.094427176871557
3924,50312649,r,13,-0.025641173653634608,0.09233016741446698,0.14217423175525906,0.030795181583613055,-0.025641173653634608
3925,50316520,g,3,-0.22693271729016734,0.07968850511991127,0.08021742085275826,0.06073782733553843,-0.22693271729016734
3926,50316520,i,4,-0.28766300005338447,0.2171540486606534,0.43104478357051224,0.11092238704840608,-0.28766300005338447
3927,50316520,r,7,0.07822360645573495,0.06230817044651296,0.2081218578959469,0.11879602084532251,0.07822360645573495
3928,50373997,g,12,-0.1823920708339612,0.11182696026003863,0.22304590399995242,0.04084652968289588,-0.1823920708339612
3929,50373997,i,28,-0.29031535785347723,0.26639226107270286,0.4564901034992393,0.11286861599640241,-0.29031535785347723
3930,50373997,r,27,-0.40174540592339136,0.348601526831795,0.6862209742649721,0.17796418492517047,-0.40174540592339136
3931,50373997,u,3,0.10299077999694894,0.010842930494077807,0.03422001013865483,0.007728174633213,0.10299077999694894
3932,50411962,g,4,-0.6759872561747887,0.0936719361960191,0.20675620377233983,0.4304149086505844,-0.6759872561747887
3933,50411962,i,18,-0.0718795934663549,0.11080642201523745,0.1739483336357105,0.042103217847944935,-0.0718795934663549
3934,50411962,r,19,-0.05593375500988795,0.11878212067723326,0.249491478429472,0.0296314759274991,-0.05593375500988795
3935,50413987,g,3,-0.3705521109141814,0.01602268602123469,0.024382040232797664,0.12252527873901005,-0.3705521109141814
3936,50413987,i,14,-0.422423095754163,0.11999515746928463,0.23187810285558408,0.1886145290184973,-0.422423095754163
3937,50413987,r,11,-0.38937868482075666,0.043673705145938935,0.11580887765633513,0.14908118927939445,-0.38937868482075666
3938,50420444,g,5,-0.27779321513419686,0.14757294560707734,0.22674872957237963,0.07804113781336794,-0.27779321513419686
3939,50420444,i,4,-0.3849510259355843,0.20888278263494303,0.31644480091686356,0.1507693496508456,-0.3849510259355843
3940,50420444,r,10,-0.24340163433412076,0.1663215554933054,0.4756990592597025,0.11021793888296982,-0.24340163433412076
3941,50427220,g,3,-0.5109161334923944,0.06376449100000903,0.07789323401473003,0.1409299396234842,-0.5109161334923944
3942,50427220,i,2,-1.1176949344150342,0.12809700118099365,0.12809700118099387,0.7079429794330363,
3943,50427220,r,3,-1.2898445721536125,0.03755962228368093,0.2875275236848913,0.6852603602819912,
3944,50434001,g,3,-0.25776439938030826,0.0775819568487992,0.18120123634534946,0.030644395378574534,-0.25776439938030826
3945,50434001,i,8,-0.5425278118224692,0.052562191090948396,0.12114320698656511,0.15582992734297388,
3946,50434001,r,5,-0.8620449483339989,0.1855376046053332,0.5321705020798015,7.514366868847921,
3947,50464428,i,7,-1.7970170023938468,0.09774414220263594,0.18449566952188468,1.6204124816811054,-1.7970170023938468
3948,50464428,r,5,-1.9757307656656256,0.06699447239088974,0.08281971045043202,2.1579404064706185,-1.9757307656656256
3949,50468917,g,2,-0.3219923758684613,0.0545383232400867,0.05453832324008673,0.12148487645022973,-0.3219923758684613
3950,50468917,i,12,-0.12385756127677977,0.3791356461997303,0.6916615742148468,0.21495602806496836,-0.12385756127677977
3951,50468917,r,10,0.01871746066778951,0.11013337992240316,0.15456626998095777,0.05790334892603777,0.01871746066778951
3952,50468917,u,2,-0.421391106950441,0.0651813300880737,0.0651813300880737,0.16777733854344912,-0.421391106950441
3953,50488422,g,4,-0.4129051931060479,0.10235176783286959,0.2004774324373655,0.17718759146006574,-0.4129051931060479
3954,50488422,i,5,0.03565539948082458,0.10029389815056461,0.14040915228776418,0.099018162876196,0.03565539948082458
3955,50488422,r,7,-0.02034362458328487,0.13858588106423986,0.228460637075847,0.037422196752932894,-0.02034362458328487
3956,50532315,g,3,-0.3967805883948966,0.01955456508082598,0.043189399343064594,0.15113169247712888,-0.3967805883948966
3957,50532315,i,2,-0.294534710844067,0.014686378969257952,0.014686378969257952,0.06546884846084157,-0.294534710844067
3958,50532315,r,5,-0.1983002776568849,0.2525159155012798,0.4278788949555603,0.10673896999705756,-0.1983002776568849
3959,50532315,u,2,-1.0833909417622356,0.04249912566791214,0.04249912566791236,1.0711272934192473,-1.0833909417622356
3960,50557624,g,5,-0.7553454183944315,0.02199109911211483,0.05284363065156428,0.57405561292063,-0.7553454183944315
3961,50557624,i,14,-1.4021160771818946,0.38956580462496904,1.085841414430639,1.0856913511590351,
3962,50557624,r,10,-1.9890674158134032,0.07393548759366841,0.9272219653995826,1.7486763771313072,-1.9890674158134032
3963,50557624,u,2,-0.7745238440285074,0.0009247326460379846,0.0009247326460379846,0.5039851430782801,-0.7745238440285074
3964,50621176,i,14,-0.8923906569020998,0.23831946405368432,0.6878334175403692,0.5501394320111882,-0.8923906569020998
3965,50621176,r,9,-0.7215045796524668,0.029877685561445766,0.3009829180134562,0.524529819878852,-0.7215045796524668
3966,50665136,i,10,-0.10193603185925482,0.26318776781218367,0.7154519389527138,0.15699447157730634,-0.10193603185925482
3967,50665136,r,7,-0.23899039355348672,0.15719308051890846,0.2581393855243266,0.11237623777000301,-0.23899039355348672
3968,50669385,i,9,-0.8593263424543078,0.34938053369373456,0.6237528976003649,0.6361092980381077,-0.8593263424543078
3969,50669385,r,12,-1.196825435194576,0.14107629075366346,0.4847399442899766,0.844440726591629,-1.196825435194576
3970,50676786,g,2,0.7469066374426889,0.1981747922258456,0.19817479222584555,0.5867175703398791,0.7469066374426889
3971,50676786,i,11,-0.22064089324007397,0.04631546337283965,0.08674497073363996,0.04042427077172398,-0.22064089324007397
3972,50676786,r,10,-0.2535544908704426,0.11628529529499648,0.15028675738572356,0.05666952034439924,-0.2535544908704426
3973,50723287,g,5,-0.8133236305790077,0.05955494112367532,0.2455452396639437,0.45886837600731223,-0.8133236305790077
3974,50723287,i,20,-0.9026185326481277,0.16052255767620693,0.32643724841179833,0.5123505189781029,-0.9026185326481277
3975,50723287,r,24,-0.9674073775957862,0.2542306996742506,0.3710929503096012,0.6596772034255474,-0.9674073775957862
3976,5078532,g,6,0.3248282022539093,0.05612106250786775,0.09365643120520645,0.11404341930534719,0.3248282022539093
3977,5078532,i,27,-0.008447556181285787,0.11169664337177035,0.22335485576693936,0.13454607436097224,-0.008447556181285787
3978,5078532,r,27,0.046302503250750915,0.11574198839913058,0.3457990958865952,0.07091009254199247,0.046302503250750915
3979,5078532,u,2,-0.36785206671209536,0.054350881092190995,0.054350881092190995,0.13475081329886227,-0.36785206671209536
3980,50787881,g,3,-0.13278299876573607,0.029478150216063037,0.042967122892924814,0.015612104068306043,-0.13278299876573607
3981,50787881,i,15,-0.10081871480288318,0.20052653096728656,0.29990117758876095,0.14932638363046766,-0.10081871480288318
3982,50787881,r,14,-0.010800712593799222,0.1579076949245365,0.2631289873096422,0.11077341438983375,-0.010800712593799222
3983,50825740,i,8,-0.31652688353012376,0.25729221723077933,0.4941702906545569,0.15935796890035597,-0.31652688353012376
3984,50825740,r,3,-0.4293479404781336,0.03083967525897785,0.09323609525775034,0.2201809942101415,-0.4293479404781336
3985,50829903,g,3,0.0715291245618927,0.1693166759775772,0.2369662721601908,0.03944078291422349,0.0715291245618927
3986,50829903,r,7,0.17939401427871193,0.08273351385916611,0.1350586501418609,0.048198499239699114,0.17939401427871193
3987,50877183,i,9,-0.4966396652829257,0.09266659512335829,0.23043180725654888,0.16507449601801555,-0.4966396652829257
3988,50877183,r,4,-0.39875429354690306,0.10971081998941667,0.21542200488177615,0.1648050030207056,-0.39875429354690306
3989,50879930,g,3,0.4358502402426471,0.07179027128720966,0.2970663736347409,0.1402111258848879,0.4358502402426471
3990,50879930,i,2,-0.31185939924462397,0.15745201847747642,0.15745201847747645,0.1297152157038084,-0.31185939924462397
3991,50879930,r,6,0.007788695037323115,0.11398753336769345,0.21267924733533472,0.22916363741930035,0.007788695037323115
3992,50915469,g,2,-0.5718586833203649,0.5045889768844787,0.5045889768844786,0.5344727158111976,-0.5718586833203649
3993,50915469,i,4,-0.8294531097809485,0.017169526661643342,0.18014063649183343,0.367907331268443,-0.8294531097809485
3994,50915469,r,9,-1.0737326319814153,0.3771148844601675,0.42408519923532895,0.9696419065480618,-1.0737326319814153
3995,50923542,i,11,-0.7026138511692814,0.4668005765413754,0.8072968701996148,0.3735832345879096,-0.7026138511692814
3996,50923542,r,14,-0.6803988926130856,0.3983158920282416,0.5847216203369834,0.3590294525643012,-0.6803988926130856
3997,50948344,i,7,-0.15839297333072017,0.15101829895473784,0.24857441287596024,0.08002851721945836,-0.15839297333072017
3998,50948344,r,12,-0.5099028110904629,0.09032394972857705,0.17157229016944786,0.2690122430399626,-0.5099028110904629
3999,50980577,i,15,-0.9102294755474811,0.5131485703556102,0.8194857316835441,1.0294197947906818,-0.9102294755474811
4000,50980577,r,16,-0.5723917303267705,0.18581698905623034,0.5564121236970777,0.30034279744586984,-0.5723917303267705
4001,50988050,i,8,-0.6309636536061834,0.06376444047971536,0.09389694711972174,0.3046902585877353,-0.6309636536061834
4002,50988050,r,5,-0.4738508611335721,0.03649779093790728,0.06337291146669799,0.21795946258031887,-0.4738508611335721
4003,51006740,i,5,-0.7131157431119968,0.3352685175021115,0.7272343917311734,0.3791456544811373,-0.7131157431119968
4004,51006740,r,5,-0.33632915097077576,0.19619065602456245,0.2630077653495144,0.14314136068799252,-0.33632915097077576
4005,51079308,i,9,-0.30062700815266175,0.10810136293454142,0.21194292557436123,0.09374904917971826,-0.30062700815266175
4006,51079308,r,7,-0.25505059313191214,0.10483036627455017,0.19942866619944755,0.1684806110542554,-0.25505059313191214
4007,51080408,g,4,-0.2294180517622244,0.09135181831378383,0.178055181820718,0.05426976538091567,-0.2294180517622244
4008,51080408,i,10,-0.2942840728532048,0.07231130026529076,0.20117780874673788,0.11947141278913413,-0.2942840728532048
4009,51080408,r,9,-0.3020413385517614,0.1006877377155998,0.1374428534176675,0.12354308556501611,-0.3020413385517614
4010,51088542,g,6,-0.3167304822476436,0.01469979407333405,0.023659656905205217,0.21687484338402815,-0.3167304822476436
4011,51088542,i,16,-0.234658918026541,0.16843680880598647,0.652810492470405,0.28515399354576154,
4012,51088542,r,14,-0.24663109243616174,0.057252302927544574,0.2437978498580044,0.08296963528486374,-0.24663109243616174
4013,51088542,u,4,0.3838951708189762,0.18596572763517227,0.37486171904557575,0.15669525744562718,0.3838951708189762
4014,51092033,i,6,-0.7898005531708017,0.2455612291300392,0.42258732367215546,0.5645316601857305,-0.7898005531708017
4015,51092033,r,7,-0.46878523813852746,0.12407208916159562,0.2926242140133481,0.29918961612703476,-0.46878523813852746
4016,51100464,g,3,-0.36183581995292813,0.2457923430896788,0.3509745245995279,0.16955984397849158,-0.36183581995292813
4017,51100464,i,25,-1.457862211314678,0.4753395413042112,1.036935104915754,6.913802230546043,-1.457862211314678
4018,51100464,r,28,-1.3706653603683143,0.5538034408220638,1.20802387797534,1.1728163575348276,-1.3706653603683143
4019,51111746,g,4,0.01899332887727545,0.10631688901927272,0.1727098608676556,0.0097894028689322,0.01899332887727545
4020,51111746,i,19,-0.4414909130391016,0.2266049451192531,0.46565197665968405,0.100858226353626,-0.4414909130391016
4021,51111746,r,16,-0.3506619367982179,0.30644158790893994,0.6255375165748812,0.22149082686306698,-0.3506619367982179
4022,51154349,i,13,-0.48707213885305223,0.13294478831690726,0.18940872085416793,0.22137261293799118,-0.48707213885305223
4023,51154349,r,20,-0.7207361089957485,0.15098619537030872,0.2640871302303469,0.5110790694757659,-0.7207361089957485
4024,51187182,g,3,-0.18546574956971984,0.015927190259970248,0.020737837890317024,0.029197366490039817,-0.18546574956971984
4025,51187182,i,14,-0.6140208391033333,0.46804139875043926,1.0348870758978113,0.7446946647241531,-0.6140208391033333
4026,51187182,r,8,-0.807441902623039,0.33616403876289935,0.8239217571366033,0.8626427542311611,-0.807441902623039
4027,51207828,g,10,-0.37563326208082626,0.030844267929542424,0.1003297156188952,0.0997655720289522,-0.37563326208082626
4028,51207828,i,22,-1.0102499101570688,0.24628227254877788,0.5078298840404274,0.5359627957373027,-1.0102499101570688
4029,51207828,r,27,-0.7945309767379474,0.24918526713028777,0.45938455107016263,0.47693488893470387,-0.7945309767379474
4030,5123344,g,2,0.210550738164967,0.14006908014671565,0.14006908014671562,0.05940853052925636,0.210550738164967
4031,5123344,i,22,-0.015207510917079725,0.2709481653180783,0.5669796540768167,0.13047630047469533,-0.015207510917079725
4032,5123344,r,24,-0.13875300650881506,0.14736184352589377,0.3135478490387567,0.053221562172970305,-0.13875300650881506
4033,51340374,i,8,-0.35984783040354273,0.20333543994348602,0.34271882735766734,0.17542993031918538,-0.35984783040354273
4034,51340374,r,15,-0.3447664704288056,0.1784407589068946,0.28060098153071317,0.15409078679287333,-0.3447664704288056
4035,51362783,i,12,0.06144815774535943,0.15978311500393716,0.2710476153812084,0.05119649228447803,0.06144815774535943
4036,51362783,r,9,0.06620609300928768,0.27243652134397467,0.38997125280834566,0.06378010308931856,0.06620609300928768
4037,513652,i,4,-0.04381246253980517,0.23016717429205263,0.3234354767319662,0.10841969083062494,-0.04381246253980517
4038,513652,r,6,-0.3765675145398336,0.018244127867488247,0.0487161089401541,0.16893410408921117,-0.3765675145398336
4039,51413752,g,2,0.38049395505602446,0.022350606464699663,0.022350606464699663,0.11527128562195507,0.38049395505602446
4040,51413752,i,6,-0.7223502051969297,0.04381071410045578,0.09199761690277686,0.4262381946648121,-0.7223502051969297
4041,51413752,r,7,-0.8657887245332287,0.07484974472300499,0.22102085178278874,0.37059978290561696,-0.8657887245332287
4042,51468459,g,9,-0.6795001227093884,0.17970057508455883,0.3114661343852524,0.522329659044233,-0.6795001227093884
4043,51468459,i,19,-1.0584923932346644,0.4340331582119361,0.7589817694994241,0.8750948178351148,-1.0584923932346644
4044,51468459,r,19,-0.8183100630573213,0.6590268831593438,1.0601316436320363,0.9479896041547504,-0.8183100630573213
4045,51468459,u,3,-1.449503134897696,0.07269829104677195,0.32561275207505536,1.6280972482232723,-1.449503134897696
4046,5153090,i,8,-0.4610033525630769,0.3773861525108394,0.7407453313401204,0.2991360118996347,-0.4610033525630769
4047,5153090,r,9,-0.5772570136647968,0.16751376283424801,0.214217891259058,0.47174286419927053,-0.5772570136647968
4048,51560460,i,10,-0.44183088800887815,0.29365036494409663,0.6244200756948235,0.23381148427947882,-0.44183088800887815
4049,51560460,r,10,-0.8129296854485693,0.14537797488310772,0.25976401151100204,0.5407333990284406,-0.8129296854485693
4050,51583440,g,4,-0.5346350029717384,0.18383905692220984,0.35585365199227936,0.2713168906333958,-0.5346350029717384
4051,51583440,i,11,-0.6286840056670144,0.3968259440229629,0.7070515348598461,0.3055632918896382,-0.6286840056670144
4052,51583440,r,17,-0.5690108735414438,0.4343550710916909,0.8239317851462096,0.33523508722100165,-0.5690108735414438
4053,51583440,u,5,-0.25060966156218734,0.10034534929069738,0.12273344998165969,0.10035241494431495,-0.25060966156218734
4054,51587734,i,7,-0.2586930910927898,0.17643433533256947,0.2660371719653424,0.09356850561345624,-0.2586930910927898
4055,51587734,r,8,-0.329583507653146,0.11446558945896262,0.23760657437571842,0.07261448171160301,-0.329583507653146
4056,51623039,i,13,-1.7635287401017843,0.36997500970770547,0.7288611038338428,1.7000575176615749,-1.7635287401017843
4057,51623039,r,9,-1.2612435009623726,0.38417571943946327,0.7007145610567544,1.2375160141167811,-1.2612435009623726
4058,51654066,g,2,0.008162169203142389,0.07000584206485261,0.07000584206485261,0.004074979365593138,0.008162169203142389
4059,51654066,i,14,-0.1274688913964866,0.19644370573069803,0.43895407401595693,0.07610689129228136,-0.1274688913964866
4060,51654066,r,6,0.09893461918568353,0.1628120856785149,0.3746988117666733,0.04183049901055566,0.09893461918568353
4061,51673444,r,10,-0.5740673190027155,0.16027381856507839,0.30135329120067267,0.3283166792447984,-0.5740673190027155
4062,51693481,g,7,-0.08758004426369914,0.012509442756062805,0.15768711403704072,0.053716689550010334,-0.08758004426369914
4063,51693481,i,19,-0.668120746146832,0.1584730159561517,0.5781291488758407,0.2894204245401388,-0.668120746146832
4064,51693481,r,13,-0.5607482757523314,0.006600296704066588,0.14700616733338728,0.22790085337482838,-0.5607482757523314
4065,51693481,u,2,-0.10193361305707005,0.09435928395860871,0.09435928395860871,0.01639162459107701,-0.10193361305707005
4066,51771729,i,6,-0.23150353300609164,0.09100301390600701,0.14329742618600017,0.07443035531076327,-0.23150353300609164
4067,51771729,r,4,-0.34533205063482975,0.029771411681485643,0.031966377720562655,0.12282371053188448,-0.34533205063482975
4068,51819247,g,2,-0.520299477862773,0.02856880065394518,0.028568800653945292,0.2942725054869071,-0.520299477862773
4069,51819247,i,7,-0.0033424190238053875,0.18524547793390783,0.36156846492192996,0.07837656137707547,-0.0033424190238053875
4070,51819247,r,5,0.1583576333844468,0.23839571478369298,0.4431628622453984,0.10213390783949657,0.1583576333844468
4071,51819247,u,2,-1.1414082919314468,0.06717626761164663,0.06717626761164674,1.2090523756819982,-1.1414082919314468
4072,51834905,g,4,-0.31929991519899437,0.07264192800729269,0.21969319854453312,0.10364662440804943,-0.31929991519899437
4073,51834905,i,14,-1.8932659574111197,0.13697559328769426,0.32801007045319897,2.5919832542061445,-1.8932659574111197
4074,51834905,r,15,-1.4609149199395532,0.04946774704999046,0.12896275770159749,2.209980821959633,-1.4609149199395532
4075,51846526,g,2,-0.301835110463317,0.01855856502665243,0.01855856502665243,0.05988572639258584,-0.301835110463317
4076,51846526,i,9,-0.20093682287908954,0.03639182763031201,0.1337014627877543,0.028450093070871058,-0.20093682287908954
4077,51846526,r,8,-0.2932720038230159,0.08495582099009702,0.32137070678133145,0.060711874081433664,-0.2932720038230159
4078,51852181,g,6,-0.3454557422814466,0.05531156101033741,0.412786902669718,0.10488622255690372,-0.3454557422814466
4079,51852181,i,10,-0.003122733141265932,0.08130504619568764,0.1662549821719067,0.08820438305173152,-0.003122733141265932
4080,51852181,r,10,-0.029472477298598337,0.07883628847899846,0.17515657054369785,0.010990383460895568,-0.029472477298598337
4081,5196952,g,3,-0.45563926854195147,0.054113642891204794,0.07003461826852819,0.1979514918195445,-0.45563926854195147
4082,5196952,i,2,-0.13897860479494384,0.01909999415350054,0.019099994153500527,0.021077376741829724,-0.13897860479494384
4083,5196952,r,7,-0.08365155043078798,0.1380808256355136,0.19869882013153956,0.026061555930131826,-0.08365155043078798
4084,5197476,i,2,-0.3373851513144496,0.004710665168685402,0.004710665168685346,0.0975729013712768,-0.3373851513144496
4085,5197476,r,10,-0.07033143690336147,0.2066409237950155,0.3739088183273713,0.06578586508349862,-0.07033143690336147
4086,5198243,g,4,-0.7117643459330604,0.31462902682873095,0.5670537658854728,0.26864454805639465,-0.7117643459330604
4087,5198243,i,6,-0.4878598130287425,0.3609489751047518,0.6597835565880601,0.34905418418759376,-0.4878598130287425
4088,5198243,r,10,-0.5070816179421999,0.2951051614625004,0.657927069455617,0.5610254189421134,-0.5070816179421999
4089,52038838,g,2,-0.5366781313696775,0.01166354737799502,0.011663547377995132,0.27411986595834625,-0.5366781313696775
4090,52038838,i,13,-0.09751534423790831,0.11931651351614592,0.18829442622252296,0.021355012280002608,-0.09751534423790831
4091,52038838,r,10,-0.26251641101603745,0.07766796824329919,0.3969646753137493,0.058473298980663856,-0.26251641101603745
4092,52038838,u,2,-0.9024283097203654,0.06830637053253152,0.06830637053253152,0.6633908509567328,-0.9024283097203654
4093,52097584,g,3,-0.8810388791097112,0.21471071356218752,0.22099248580933506,0.7662781732873823,-0.8810388791097112
4094,52097584,i,8,-1.2107578381717619,0.260469284761002,0.5608253990186012,1.0957433112848098,-1.2107578381717619
4095,52097584,r,14,-1.6765627301451032,0.5001560023860164,1.0611153142752707,1.785523908436859,-1.6765627301451032
4096,52152060,g,5,-0.3182340323983044,0.014839959858019336,0.05027512750299323,0.08530811177644862,-0.3182340323983044
4097,52152060,i,12,-0.5231179611200676,0.3048284822211592,0.6509413384342182,0.1977720880200813,-0.5231179611200676
4098,52152060,r,10,-0.23923826354967534,0.11114186259611286,0.5255787248193671,0.16685832868378891,-0.23923826354967534
4099,52152060,u,2,-0.4606023448741081,0.13288258130187414,0.13288258130187414,0.19359325396187949,-0.4606023448741081
4100,52155357,g,3,-0.11701242067766027,0.021281428095538235,0.098099576626339,0.011626868463598108,-0.11701242067766027
4101,52155357,i,9,-0.13206076923974086,0.15475614170681695,0.22697933401992232,0.044108170796346546,-0.13206076923974086
4102,52155357,r,7,0.37726187454736715,0.31342828568014924,0.5179795130679595,0.201199264258014,0.37726187454736715
4103,5217169,i,8,-0.8171631171689149,0.6355945899617557,1.2238708452148193,0.9050998037693057,-0.8171631171689149
4104,5217169,r,7,-0.5949049452724513,0.16891628989553653,0.304550836709211,0.3400633462800021,-0.5949049452724513
4105,52173948,g,4,0.13478419138954323,0.18378515753359226,0.3635210560807096,0.06610823080468087,0.13478419138954323
4106,52173948,i,19,0.20947822545047945,0.14960581114529603,0.2599774140123104,0.09148334853514407,0.20947822545047945
4107,52173948,r,16,0.1286168700472029,0.06258283307535528,0.12271975960622059,0.07114855392341218,0.1286168700472029
4108,5219421,g,2,-1.2335996080077742,0.2237384158519129,0.2237384158519129,0.8149286524991094,-1.2335996080077742
4109,5219421,i,4,-1.9108655334522595,0.10480374936728121,0.26241947299412227,2.1107726560572977,
4110,5219421,r,5,-1.8374177728637604,0.038782121015273674,0.0614965445685991,1.8855875587541946,
4111,52233982,i,10,-1.3962816297819993,0.5493790424737024,0.8487071357954348,1.8325102152233341,-1.3962816297819993
4112,52233982,r,14,-1.8460601696614634,0.13441705853696884,0.41673262787399223,8.392029853805708,-1.8460601696614634
4113,52234027,g,4,-0.3644960113058173,0.04361436122389806,0.05762889572569768,0.12747489166147802,-0.3644960113058173
4114,52234027,i,9,-0.8838799351357273,0.4252895234746361,0.8259177783691881,0.6098390380301242,-0.8838799351357273
4115,52234027,r,10,-0.7989764796647725,0.38613040050166836,0.8953602433170212,0.7901974107674427,-0.7989764796647725
4116,52247176,g,2,-0.998668512825319,0.08065458536426018,0.08065458536426018,0.7285446309393914,-0.998668512825319
4117,52247176,i,3,-0.8834623507486841,0.24141197407722492,0.2443935231678147,0.6473519178465703,-0.8834623507486841
4118,52247176,r,8,-1.0153493054832037,0.019681063654586328,0.1000764724527674,0.9373870981311891,-1.0153493054832037
4119,52270218,g,2,-0.3449648680638257,0.18006125991304506,0.180061259913045,0.14447287219144908,-0.3449648680638257
4120,52270218,i,5,-0.7518597930121665,0.38192396835127007,0.952657556018935,0.7164964759938666,-0.7518597930121665
4121,52270218,r,9,-0.8355235456633856,0.3288018678471738,0.9172819021799186,0.8771390602808133,-0.8355235456633856
4122,52285827,i,6,-0.9373145508632132,0.15669943386065643,0.2749233105732024,0.5889103238062567,-0.9373145508632132
4123,52285827,r,9,-0.7758642584385487,0.05678319875501048,0.13312341352437285,0.42827997594373746,-0.7758642584385487
4124,52295380,g,2,-0.36658758106839023,0.14502279469391194,0.14502279469391188,0.15057455347390514,-0.36658758106839023
4125,52295380,i,8,-0.6999129881660592,0.17936736353714522,0.34594185821394874,0.3700427162933676,-0.6999129881660592
4126,52295380,r,4,-0.4602848536670587,0.06630805740001078,0.1336422905481725,0.21013998287466346,-0.4602848536670587
4127,5232993,i,4,-0.9618090081228973,0.13732925994211354,0.27837084271562207,0.5938326212696672,-0.9618090081228973
4128,5232993,r,9,-1.0897127918334168,0.07267385289794737,0.40692045044017955,0.5375188125849655,
4129,52383490,g,4,0.43059607014154727,0.15662384621960573,0.4381546947699366,0.2123503248082503,0.43059607014154727
4130,52383490,i,5,0.12035318092058306,0.06382160796070435,0.1461357136648449,0.09132827682535091,0.12035318092058306
4131,52383490,r,6,0.35636003013277845,0.26602667109061784,0.6538488552975799,0.31811858801130016,0.35636003013277845
4132,5239589,g,6,-0.02691799325863531,0.011454049234511543,0.035860646044213906,0.0028285245870807167,-0.02691799325863531
4133,5239589,i,25,-0.291004088637263,0.21720878322766465,0.36919588539225434,0.22541781483494325,-0.291004088637263
4134,5239589,r,28,-0.3182606529842968,0.20617015140335676,0.4173082345593548,0.2934940040803907,-0.3182606529842968
4135,52424191,g,2,-0.589056907999367,4.800461256571076e-05,4.800461256571076e-05,0.32819865452371905,-0.589056907999367
4136,52424191,i,23,-0.6250473207828482,0.12368207693826638,0.24534062248192623,0.32518474253918694,-0.6250473207828482
4137,52424191,r,22,-0.5845144153614841,0.022352497399177107,0.0415671711694674,0.3315697970567283,-0.5845144153614841
4138,52424191,u,3,-0.9515679632252909,0.030812066128529825,0.051801784562225506,0.773962150310269,-0.9515679632252909
4139,52444853,i,8,0.05206834998593639,0.03520623644541755,0.06062661911116733,0.007926355252591989,0.05206834998593639
4140,52444853,r,9,-0.13151720256565602,0.1029228155130093,0.19278442601821755,0.05510638528743058,-0.13151720256565602
4141,52456762,g,4,-0.07138511591901542,0.08661764554457618,0.09162813675834469,0.01860716608484349,-0.07138511591901542
4142,52456762,i,12,-0.23841388072372433,0.27989139441387834,0.4241589419980406,0.1102087322204684,-0.23841388072372433
4143,52456762,r,13,-0.227410748986291,0.3651444838458688,0.6399326774342597,0.16766701329345948,-0.227410748986291
4144,52522391,g,7,-0.6979596092062132,0.022197005199743547,0.26451137612217057,0.4360338869185911,-0.6979596092062132
4145,52522391,i,19,-0.8392442265346158,0.2819851397963291,0.545063650006745,0.4432532744584402,-0.8392442265346158
4146,52522391,r,18,-0.9390088059886156,0.16971688460795087,0.424228098609979,0.5618755236378298,-0.9390088059886156
4147,52542861,g,2,-0.2648336151530126,0.2869624120325154,0.2869624120325154,0.14838342923564216,-0.2648336151530126
4148,52542861,i,10,-1.0306981904890815,0.7710417186857482,1.424645054205377,0.9443669271976296,-1.0306981904890815
4149,52542861,r,12,-0.5463705030485548,0.29185408865605184,1.1180750704789626,0.5621604664372475,-0.5463705030485548
4150,52542861,u,3,-1.3632048274239745,0.0980737188587768,0.1725197520267292,1.6211819192537533,-1.3632048274239745
4151,5260890,g,3,-0.4307217711195375,0.012050303816565522,0.023180121453759417,0.18679316030752283,-0.4307217711195375
4152,5260890,i,9,-0.6200743871852943,0.026978891346691736,0.049670351892523,0.2673798875625659,-0.6200743871852943
4153,5260890,r,9,-0.22745820125932306,0.02240450178163289,0.3357020045424993,0.17412902265222316,-0.22745820125932306
4154,52631740,g,2,-0.6413541506478119,0.20716469531757065,0.20716469531757054,0.5814216625058624,-0.6413541506478119
4155,52631740,i,5,-0.7460554506363244,0.37808779838569195,0.6623541506643479,0.7435526346099246,-0.7460554506363244
4156,52631740,r,4,-0.6665055135817654,0.2007205723706631,0.36263810079633063,0.5209368740912521,-0.6665055135817654
4157,52646659,g,2,-0.30644799534756867,0.09405687304623628,0.09405687304623622,0.10480732618358754,-0.30644799534756867
4158,52646659,i,9,0.11376638566177777,0.1889510374380815,0.636352688196384,0.14180711703235602,0.11376638566177777
4159,52646659,r,7,0.052817156555057476,0.02137338358792057,0.0396203914933715,0.004012974519123526,0.052817156555057476
4160,52657365,i,10,-0.6804526575016216,0.3978133266624674,0.6480676641212818,0.34871982593757944,-0.6804526575016216
4161,52657365,r,8,-0.2965835796421066,0.08778274822732911,0.15071464722776917,0.11421067968079957,-0.2965835796421066
4162,52657365,u,2,-1.1669444880952895,0.14163591571539247,0.14163591571539258,1.2399893205532022,-1.1669444880952895
4163,52721543,g,2,-0.3213427330765292,0.08218275409001241,0.08218275409001241,0.11837957069947766,-0.3213427330765292
4164,52721543,i,7,-0.30688359755346967,0.20726824605344535,0.26342940833105455,0.1489546417002179,-0.30688359755346967
4165,52721543,r,6,-0.43214051389860286,0.06239330367384022,0.12280656838029913,0.19698901009993156,-0.43214051389860286
4166,52727468,i,15,-1.3857856112462985,0.37964428719548704,0.9520304355877554,0.7068805610467483,-1.3857856112462985
4167,52727468,r,13,-0.7107356764258015,0.26584952872094236,0.5718041517714687,0.5744717095859346,-0.7107356764258015
4168,52801123,g,4,-0.06717523931375369,0.17345018741505336,0.27757264647557184,0.04561581945196576,-0.06717523931375369
4169,52801123,i,8,-1.0737609962182542,0.6309328353573489,1.221398261117925,0.9039414115365525,-1.0737609962182542
4170,52801123,r,11,-1.1044453145386006,0.5061979130427594,0.8546656428735571,0.8570028848989835,-1.1044453145386006
4171,52820659,i,12,-0.9074916738484653,0.4092875876004447,0.8127831012120349,0.9256512888525972,-0.9074916738484653
4172,52820659,r,11,-0.6391250774664166,0.17710089427703424,0.34180003458889063,0.4003491164549872,-0.6391250774664166
4173,52820659,u,2,-1.930545581640151,0.03741235889650474,0.03741235889650474,3.307261070519901,-1.930545581640151
4174,52821852,i,4,0.2653487148092122,0.23625207641439988,0.36642606831239666,0.21093437736435874,0.2653487148092122
4175,52821852,r,6,-0.07811832249190086,0.30145539324338244,0.7721575913756276,0.17346306506248046,-0.07811832249190086
4176,52879613,g,5,-0.6056597162239741,0.11998257827454628,0.20663998830160546,0.24735255657413474,-0.6056597162239741
4177,52879613,i,23,-0.2366639440675744,0.20559331358645072,0.5585363114110868,0.2203733850005257,-0.2366639440675744
4178,52879613,r,26,-0.2740367082363387,0.1534067721119381,0.2803722435492262,0.1493744304950038,-0.2740367082363387
4179,52912776,g,4,-0.8889251294033448,0.2549265279540276,0.5019816413810428,0.6370191223639609,-0.8889251294033448
4180,52912776,i,15,-1.3039153281440619,0.4148070359282374,0.9355353599233223,1.2755502318996752,-1.3039153281440619
4181,52912776,r,16,-1.4477318695368335,0.46206264048334456,0.8649777737006357,1.0757003317815867,-1.4477318695368335
4182,52934273,g,2,-0.6513500001424961,0.055527403238787354,0.055527403238787354,0.28743062108065764,-0.6513500001424961
4183,52934273,i,9,-1.3836152236133636,0.5865895559217407,1.3147792884819527,25.58447740070297,-1.3836152236133636
4184,52934273,r,13,-1.8239627828354843,0.33299904606676645,0.7648824638551084,1.6795396369348181,-1.8239627828354843
4185,52969535,g,6,-1.1802352525617656,0.0643484203673006,0.1820075847109781,3.743557462857591,-1.1802352525617656
4186,52969535,i,6,-1.5713751297068956,0.043794026720825996,0.08112612709865319,1.613176823828284,
4187,52969535,r,5,-1.742645110183752,0.18536407617775685,0.6751603445399201,2.151424578442661,-1.742645110183752
4188,52986726,g,3,-0.9102170176522064,0.11316589224591733,0.5095654242345833,0.5651540863196439,-0.9102170176522064
4189,52986726,i,5,-0.4891284611666321,0.24597538067450841,0.41872541041079275,0.28134377724751813,-0.4891284611666321
4190,52986726,r,5,-0.6399620437906277,0.1211114416602771,0.12112771350109686,0.4175153299394342,-0.6399620437906277
4191,5305229,g,4,-0.7928269008590213,0.18957524168843876,0.3944011869138988,0.3842894675032446,-0.7928269008590213
4192,5305229,i,13,-0.6826795795000923,0.20965791402009726,0.3919620464850949,0.3771861659189012,-0.6826795795000923
4193,5305229,r,13,-0.582764033452404,0.5532624678785615,1.0977377712224081,0.5435186386071332,-0.582764033452404
4194,53067298,i,5,-0.20557133531309307,0.10550755102790396,0.12962660251494076,0.04996635585565855,-0.20557133531309307
4195,53067298,r,5,-0.3371895533080267,0.008205954354563172,0.1366401613287369,0.19300884764401172,-0.3371895533080267
4196,53089253,i,6,-0.29597831773711414,0.044616541714983554,0.0814183192365659,0.07141230167202868,-0.29597831773711414
4197,53089253,r,4,-0.5530399869967506,0.12761605629887895,0.24894629053148465,0.2985687013080034,-0.5530399869967506
4198,53125011,i,8,-0.6927443853243069,0.1398788668779447,0.37034939254625876,0.3312601179660958,-0.6927443853243069
4199,53125011,r,6,-0.2595641395819098,0.1004936897237492,0.15131093737398538,0.17534506141115172,-0.2595641395819098
4200,53160221,i,4,-0.25157782702144416,0.015992808463365593,0.04013079740586262,0.0483498117703228,-0.25157782702144416
4201,53160221,r,7,-0.24145096113771403,0.09763585370725125,0.1439498680808664,0.05370127496366661,-0.24145096113771403
4202,53260232,i,7,-2.107800226890851,0.18277713074868562,0.3912696690544917,3.5272066180730843,-2.107800226890851
4203,53260232,r,5,-1.4413132914259195,0.037510697404254945,0.07719067350440323,2.175963928510261,-1.4413132914259195
4204,53277521,g,3,-0.09396667246592205,0.186675282536638,0.24688599232813313,0.042482298788891794,-0.09396667246592205
4205,53277521,i,10,-0.19780008581431488,0.0496502157975775,1.572088556676288,0.869156003987913,-0.19780008581431488
4206,53277521,r,5,-0.2049115570017921,0.009472902753566104,0.011274984030178403,0.04210173985948187,-0.2049115570017921
4207,53277521,u,3,-0.11204049339333766,0.03381856109398518,0.33510987483473587,0.08758467012036232,-0.11204049339333766
4208,53290447,i,10,-2.809879317582565,0.2506978532447992,0.41942807793485937,6.0935766280751285,-2.809879317582565
4209,53290447,r,9,-2.3043056628847567,0.09682860229006396,0.10122747377029206,4.77684530746115,-2.3043056628847567
4210,53305072,i,8,-1.3720797234222886,0.26610324153948506,0.6700477881569533,1.6993235406296983,-1.3720797234222886
4211,53305072,r,3,-1.5154306119581242,0.25851445769093107,0.34967339531801933,1.5780315729982324,-1.5154306119581242
4212,53313121,g,3,-1.5036948830740489,0.006534218711128581,0.06039908131280236,0.6272791010035829,-1.5036948830740489
4213,53313121,i,15,-1.4032878385753,0.4929303805597357,0.947156014185162,1.271922455803797,-1.4032878385753
4214,53313121,r,13,-1.7541290040733446,0.2818711616804448,0.43054624231221705,1.9080359648599265,-1.7541290040733446
4215,53417792,i,4,-1.0424866387782614,0.19355235196752757,0.5099580113771219,1.1227274993460301,-1.0424866387782614
4216,53417792,r,7,-1.2870438579408159,0.355947332504579,0.6841054470123527,1.2262089542611494,-1.2870438579408159
4217,53419308,i,9,-0.12408013823731334,0.0891215012415475,0.14784676106541628,0.032750004546186436,-0.12408013823731334
4218,53419308,r,8,-0.23295893883055335,0.027729686895813288,0.048255298465687935,0.059266901698325186,-0.23295893883055335
4219,53467051,i,14,-0.4718897698190219,0.45681658651158685,0.8171875401723041,0.48511719981686613,-0.4718897698190219
4220,53467051,r,9,-0.6427915906374573,0.5877990565715265,0.875772616421061,0.7328727575119648,-0.6427915906374573
4221,53475206,g,2,-0.4317196909884885,0.0053530632987999205,0.0053530632987999205,0.2005068378046133,-0.4317196909884885
4222,53475206,i,6,-0.31753571133807224,0.1954935233784887,0.347651941208202,0.14144643538534377,-0.31753571133807224
4223,53475206,r,8,-0.3463000352302569,0.033851950107724155,0.07645773535710632,0.136619593521692,-0.3463000352302569
4224,53477343,i,4,-0.44753186322471605,0.11489247396320987,0.21089809174841345,0.30680407983979735,-0.44753186322471605
4225,53477343,r,8,0.14222330939809294,0.19287742039072256,0.41125024142291133,0.09468604322570365,0.14222330939809294
4226,53485261,i,14,-0.7045042557838354,0.44441087606397955,0.7345288775005532,0.4204701911672478,-0.7045042557838354
4227,53485261,r,17,-0.8241463671396081,0.5663318524172599,0.9496650634961082,0.551187613090399,-0.8241463671396081
4228,53496379,g,6,-0.806980281229061,0.08532126014883301,0.13566745414460502,0.8143898895091713,-0.806980281229061
4229,53496379,i,10,-1.0126813003512216,0.17413882913883755,0.36308669651278946,0.5526628236249986,-1.0126813003512216
4230,53496379,r,8,-1.1634381040339106,0.13222955000176517,0.24040476585966952,0.8645038056757639,-1.1634381040339106
4231,53505276,g,7,-0.7515652606036078,0.13019514762202888,0.3778576314211772,0.43550851830177734,-0.7515652606036078
4232,53505276,i,17,-0.7468428578748689,0.253026025722882,0.49296182371027736,0.44579245024226605,-0.7468428578748689
4233,53505276,r,18,-0.9265893080889643,0.11991165703595275,0.25625642823836114,0.7177304018038401,-0.9265893080889643
4234,53522795,i,11,-0.1839021272317392,0.05787877099401201,0.13148180841258633,0.04761227344671897,-0.1839021272317392
4235,53522795,r,8,-0.03134814100652539,0.09182549770161974,0.17074390371562867,0.014691417978045641,-0.03134814100652539
4236,53575102,i,9,0.07252167101480239,0.12454534967430292,0.23805278421893272,0.05882510061736092,0.07252167101480239
4237,53575102,r,8,-0.21193834817151877,0.22066109097796993,0.3798854941840394,0.09430533438996726,-0.21193834817151877
4238,53672805,i,6,-1.3123907953103993,0.21640387134607453,0.4241526068023136,0.7341874418992735,-1.3123907953103993
4239,53672805,r,5,-1.439932866448221,0.3446097883998338,0.44792973828383453,1.1954409970166116,-1.439932866448221
4240,53733561,g,4,-0.17160648020753494,0.031095670958166066,0.06331921224370199,0.02981607796841451,-0.17160648020753494
4241,53733561,i,2,-0.10389615759454102,0.18315968308544622,0.18315968308544622,0.03161728070106443,-0.10389615759454102
4242,53733561,r,8,0.14361506997541812,0.12990996167881272,0.2769431557373577,0.10892362869992911,0.14361506997541812
4243,53745023,g,5,-0.15856690786466765,0.008475744035599364,0.01680648738924151,0.037960338245416496,-0.15856690786466765
4244,53745023,i,15,0.04893925128494725,0.11554140163976179,0.19618573317025195,0.03235614016996996,0.04893925128494725
4245,53745023,r,13,-0.06370096741902098,0.05605737022502366,0.09490811493956364,0.03190540032731863,-0.06370096741902098
4246,5375611,g,4,-0.27570927153205643,0.06916321137572928,0.1274365936802031,0.08739912651052775,-0.27570927153205643
4247,5375611,i,7,0.17473594776545212,0.23118156171064683,0.4603377020596834,0.06640731952836211,0.17473594776545212
4248,5375611,r,13,0.02939459717857562,0.05913646426882557,0.10030264431430663,0.07910297136906727,0.02939459717857562
4249,53802827,g,6,-0.7660174667879117,0.21614796572700323,0.6829265679273104,0.5106994898164324,-0.7660174667879117
4250,53802827,i,7,-0.5392061776055493,0.24542321968541125,0.4100450826183616,0.4219111183826069,-0.5392061776055493
4251,53802827,r,8,-0.5876648417990048,0.1782087654052485,0.35423792486614497,0.3991214099521373,-0.5876648417990048
4252,53802827,u,2,-1.5028326180484768,0.08392960855365517,0.08392960855365539,1.9618470604988003,-1.5028326180484768
4253,53828609,i,3,-0.2918374546633853,0.1892361288841905,0.19361104290878273,0.08863976420356995,-0.2918374546633853
4254,53828609,r,9,-0.14025716962335993,0.10063608201110996,0.19109786702860682,0.1102243502647769,-0.14025716962335993
4255,53852428,i,9,-0.7817816755223473,0.11486975001980204,0.27565281307592127,0.5184029866550862,-0.7817816755223473
4256,53852428,r,3,-0.09757099007084821,0.02411421765714672,0.39887327942509276,0.20175176531581338,-0.09757099007084821
4257,53865030,g,4,-1.0064880202485447,0.030160376637120456,0.0362964368017229,0.802937058557269,-1.0064880202485447
4258,53865030,i,14,-1.5603275894067692,0.2558738742353627,0.6459894414450258,1.2762375595614723,
4259,53865030,r,10,-1.8150083312100331,0.45081133974073007,1.0387476476522994,1.9176218694690905,-1.8150083312100331
4260,53865030,u,2,-0.8805437155562159,0.004833531861056617,0.004833531861056617,0.526617475896184,-0.8805437155562159
4261,53874192,i,12,-0.3622016930963073,0.2620927237711906,0.4879682133875232,0.1734209146179622,-0.3622016930963073
4262,53874192,r,10,-0.4946073221997602,0.4070507678556162,0.7139457786842653,0.24985091971297435,-0.4946073221997602
4263,53899766,g,2,-0.6360777642581086,0.011296103138327185,0.011296103138327185,0.3818092732889573,-0.6360777642581086
4264,53899766,i,8,-0.6964830963278057,0.16521026591409427,0.2938959704225469,0.5353875126361188,-0.6964830963278057
4265,53899766,r,5,-0.581932935351031,0.19826826284150956,0.2108232685384943,0.5716979058717548,-0.581932935351031
4266,53932447,i,8,0.11722297736573023,0.08227319087296645,0.12800992930053368,0.06996687593684667,0.11722297736573023
4267,53932447,r,10,0.11936569222375276,0.11711750248491976,0.21678168803305603,0.10080469307141478,0.11936569222375276
4268,53994172,g,3,-1.4987717176264255,0.14012070349039352,0.27315543520194785,1.4574075709978616,-1.4987717176264255
4269,53994172,i,10,-0.8272802292849242,0.20644336995705348,0.3521425146255466,0.7777834390625512,-0.8272802292849242
4270,53994172,r,13,-0.57793528570078,0.10472149506608663,0.20541184302467164,0.3068020352372487,-0.57793528570078
4271,54029292,i,8,0.019952699490298847,0.08022659473891894,0.1559911078855788,0.09720113429506742,0.019952699490298847
4272,54029292,r,3,-0.1977193449395861,0.026812160581040967,0.058906602751438275,0.03493155485570688,-0.1977193449395861
4273,54068967,g,2,-0.49477462987961485,0.0023473508402919174,0.0023473508402919174,0.2267948485950987,-0.49477462987961485
4274,54068967,i,5,-0.6837820705689319,0.29610992587147095,0.5783231048746647,0.5967095389666615,-0.6837820705689319
4275,54068967,r,10,-0.5857598345622131,0.23446214880925792,0.4707808209522445,0.3747399024492455,-0.5857598345622131
4276,54068967,u,2,-0.8111119166392504,0.03447672069715568,0.03447672069715568,0.5345943718846805,-0.8111119166392504
4277,54097403,i,5,-0.3533483707962157,0.27013087354460374,0.5710314714600874,0.13888372181147374,-0.3533483707962157
4278,54097403,r,6,-0.5062447372094914,0.10776358281834619,0.20866780253663125,0.3217157649331013,-0.5062447372094914
4279,5410146,i,6,-1.2587637558264215,0.1282992329342717,0.21149240483180098,0.9135195995199595,-1.2587637558264215
4280,5410146,r,5,-1.0067093214582585,0.08753719192602616,0.23395441507387904,0.6516687114715136,-1.0067093214582585
4281,54122064,i,9,-2.0035261793268244,0.07314466557460708,0.14248252492484026,2.4150319474892226,-2.0035261793268244
4282,54122064,r,3,-1.9105718498843784,0.05008379852029776,0.4046929990882666,1.468713559855405,-1.9105718498843784
4283,5413959,i,26,-0.9719609252738648,0.5842459475112642,1.1278663169869607,0.7730538256242758,-0.9719609252738648
4284,5413959,r,24,-1.178994107314098,0.5337695570719648,0.9907905938910503,1.0956685623696798,-1.178994107314098
4285,54153094,i,9,-1.0989244980176673,0.20261243691537867,0.2437079806598067,1.0901810441505102,-1.0989244980176673
4286,54153094,r,10,-1.0235857336598237,0.10445440710897069,0.18043864271171728,1.3635142422906321,-1.0235857336598237
4287,54252083,g,2,-0.3838027235522553,0.37662760604041645,0.3766276060404164,0.2719048409528353,-0.3838027235522553
4288,54252083,i,4,-0.752053371962468,0.10544793023428367,0.15062457565651455,0.5113097213073425,-0.752053371962468
4289,54252083,r,5,-0.7466249348643468,0.05483238200437124,0.06331517611836035,0.556352517433665,-0.7466249348643468
4290,54263665,g,2,-0.3144458074097927,0.157064360507433,0.157064360507433,0.1310841301450329,-0.3144458074097927
4291,54263665,i,5,-0.7546148134328844,0.22177731528321598,0.23869984753868678,0.4651280123261158,-0.7546148134328844
4292,54263665,r,5,-0.4819128282890304,0.040980645565227014,0.05805970317494269,0.22589031065725948,-0.4819128282890304
4293,54314818,g,4,-0.18269327729834273,0.12803467372228106,0.15752615287080785,0.06126292042817035,-0.18269327729834273
4294,54314818,i,17,-0.6028684050559799,0.3528455026461812,0.821614448723244,0.46114974537918224,-0.6028684050559799
4295,54314818,r,16,-0.8904242554261309,0.32879388705539836,0.5694880361955873,0.5862237095637559,-0.8904242554261309
4296,54371040,i,5,-0.6917065782108085,0.11744581617989958,0.24714368220943006,0.40520694595283724,-0.6917065782108085
4297,54371040,r,6,-0.5418623968213407,0.17288169714172952,0.2975025395877138,0.31418384661337767,-0.5418623968213407
4298,54390365,g,8,-0.8193150296213195,0.1251672516957255,0.30860651320259713,0.5553436470819569,-0.8193150296213195
4299,54390365,i,12,-0.20388306282079235,0.10126060565508158,0.32417017112286495,0.05056687545913905,-0.20388306282079235
4300,54390365,r,16,-0.24107480576073423,0.12380947450771532,0.24855100912597383,0.07834340380301837,-0.24107480576073423
4301,54390365,u,2,-1.6286285266847393,0.1322916377949661,0.1322916377949661,2.142447172411823,-1.6286285266847393
4302,54392519,g,3,-0.768369098223036,0.12183744675014663,0.3124989597500515,0.4855516984201018,-0.768369098223036
4303,54392519,i,8,-1.489294856900691,0.33251810861638853,0.869068747861724,1.1431967885987158,-1.489294856900691
4304,54392519,r,8,-0.7091526645680548,0.5334702080079982,0.7335256053730175,0.6639614603343701,-0.7091526645680548
4305,54392519,u,3,-1.055297906770579,0.0886436577350107,0.21424937300733093,1.1906358357369984,-1.055297906770579
4306,54434416,g,2,-0.10698401914238165,0.012480938564532362,0.012480938564532362,0.010977268269488787,-0.10698401914238165
4307,54434416,i,20,-1.3573207883392655,0.5692146593256077,1.01048322802065,1.0784728455123953,-1.3573207883392655
4308,54434416,r,22,-1.1437412199445296,0.5729963838975247,1.1107027151133393,1.0205873585566865,-1.1437412199445296
4309,5448374,g,9,-0.8244999139650733,0.2275365600536814,0.2778434044750193,0.623013500623147,-0.8244999139650733
4310,5448374,i,16,-0.9332021399442636,0.6236583580623832,0.8744759205324648,0.6865155201338949,-0.9332021399442636
4311,5448374,r,16,-0.884344913065941,0.5096326421131949,0.6709559445962284,0.6968235011134366,-0.884344913065941
4312,54491541,i,7,0.09782258307343497,0.09435584540089215,0.1928725210278486,0.023719122748825823,0.09782258307343497
4313,54491541,r,4,0.1502173909387879,0.040561128335880436,0.12073002693693916,0.023924124805477398,0.1502173909387879
4314,54522469,i,16,-0.4465146607735186,0.07266081886825415,0.13457629149732175,0.19746181860941397,-0.4465146607735186
4315,54522469,r,14,-0.3532746619765199,0.17262811076378204,0.2830302990513915,0.1260392512793003,-0.3532746619765199
4316,5453905,g,6,-0.2794009083916067,0.0881113602533602,0.1936327764219164,0.06728046657070942,-0.2794009083916067
4317,5453905,i,11,-0.2549814851114871,0.24057278047673347,0.4968682623410384,0.07266668133631636,-0.2549814851114871
4318,5453905,r,13,-0.17793387971627794,0.1132787249401147,0.1484810593468313,0.17217700497721367,-0.17793387971627794
4319,5453905,u,2,-0.45687948966886394,0.45422395915616276,0.45422395915616276,0.43066949627931933,-0.45687948966886394
4320,54579645,i,14,-0.19840855682103392,0.08923580037021556,0.17211176663262495,0.060888357160091715,-0.19840855682103392
4321,54579645,r,8,-0.2258846259213177,0.07399169605447886,0.10030687487729845,0.061947506069489074,-0.2258846259213177
4322,54611065,g,3,-0.19588100267784322,0.04172951286961582,0.11930284504716694,0.0381717892084159,-0.19588100267784322
4323,54611065,i,5,-0.43402477611662993,0.19332090873181518,0.303380102856067,0.10366873948583921,-0.43402477611662993
4324,54611065,r,6,-0.15853367740311466,0.21831537656865063,0.4966107937240759,0.13290235035988668,-0.15853367740311466
4325,54611065,u,2,-0.8008233422632249,0.001128297843933146,0.0011282978439332014,0.6595646850660899,-0.8008233422632249
4326,5463182,g,3,-0.6099205432625991,0.009429828226067638,0.116886740803259,0.7276457048331045,-0.6099205432625991
4327,5463182,i,14,-0.9632324328921157,0.11236222791018502,0.20356600185886442,0.4701953732623084,-0.9632324328921157
4328,5463182,r,10,-1.438485850386257,0.07415290322224455,0.34342227413828996,0.9982561950502511,-1.438485850386257
4329,54757513,g,5,-1.1120272306744532,0.4688808531521196,1.0308972314613454,0.9863604074306016,-1.1120272306744532
4330,54757513,i,11,-1.1457514177379449,0.5842543811115777,0.791920312184292,0.8972978265330184,-1.1457514177379449
4331,54757513,r,12,-1.8253570262353014,0.15931211719931815,0.6295425871598506,1.6718086996546315,-1.8253570262353014
4332,54801176,g,3,0.16503377642151917,0.21399439199551545,0.34117151443967114,0.08875301912719787,0.16503377642151917
4333,54801176,i,7,-0.3330134477586023,0.05859031919694391,0.45473207369619717,0.06959197761348375,-0.3330134477586023
4334,54801176,r,6,-0.010692219838491654,0.06023375549337147,0.11274576328696628,0.1219057237664915,-0.010692219838491654
4335,54835651,g,7,-0.3909915951490519,0.12102803073995849,0.3428448627291343,0.105399837433199,-0.3909915951490519
4336,54835651,i,21,-0.4514725379634128,0.2110490096879234,0.5410662349260171,0.20456460870531043,
4337,54835651,r,22,-0.6811871299532666,0.17581735512841246,0.5701903463246671,0.3638422438007222,
4338,54951233,g,3,-0.6247528139788234,0.06556850900463584,0.1840340734710978,0.49544989117846017,-0.6247528139788234
4339,54951233,i,8,-0.4254792926027994,0.08652699724490268,0.21625275769977625,0.21037150971398683,-0.4254792926027994
4340,54951233,r,8,-0.43617766387651885,0.06273681976507445,0.13239157183337263,0.1708979766579887,-0.43617766387651885
4341,54951704,g,5,-0.477631905986474,0.009086117764913526,0.0146695572569579,0.21070010243951848,-0.477631905986474
4342,54951704,i,8,-0.30156587708181937,0.16425020872372462,0.5481319560390434,0.23398402733943496,-0.30156587708181937
4343,54951704,r,13,-0.2178925494877737,0.15636528720484608,0.402340645272249,0.18530557241034643,-0.2178925494877737
4344,54981973,i,19,-0.7311945383570813,0.17680485237464127,0.34486555537181995,0.38920178313598436,-0.7311945383570813
4345,54981973,r,14,-0.5640186398403413,0.16589168229469908,0.3104770920567539,0.18479005756132436,-0.5640186398403413
4346,54988592,g,4,-0.3156306140825591,0.02879872626997873,0.10564128541492668,0.0917459127131099,-0.3156306140825591
4347,54988592,i,15,-0.2830204686628533,0.16703739864487271,0.3338436005588961,0.15037217996382285,-0.2830204686628533
4348,54988592,r,17,-0.2592402756355181,0.2357814184641344,0.4531362462810731,0.21773846969677174,-0.2592402756355181
4349,54988592,u,3,-0.8864546468485701,0.10704204366255321,0.19675089912482235,0.6975591587566724,-0.8864546468485701
4350,55013801,g,4,-0.3024561720565947,0.036202925977104505,0.17180667917771553,0.21251783975384927,-0.3024561720565947
4351,55013801,i,9,-0.16221863874899345,0.09456622752646715,0.19970111677926472,0.06836318879096615,-0.16221863874899345
4352,55013801,r,11,-0.21807283867186478,0.12727286312326835,0.27858072988819926,0.07013821584979973,-0.21807283867186478
4353,55065040,g,4,-0.47750499127516854,0.286161102861123,0.5057172092932034,0.2991412096180104,-0.47750499127516854
4354,55065040,i,9,-0.9538330020793933,0.3476970572720175,0.6951707051289773,13.220821262945927,-0.9538330020793933
4355,55065040,r,13,-0.6029272610882537,0.18988319832404144,0.38890689708149606,0.34059758402716817,-0.6029272610882537
4356,55067376,g,3,-0.14870036633820938,0.039029670862379795,0.1660238096912697,0.02579110889839588,-0.14870036633820938
4357,55067376,i,8,-0.3552869965263975,0.11323260801076526,0.18663202567310572,0.14745408111655192,-0.3552869965263975
4358,55067376,r,11,-0.3135438250367897,0.06958411623185246,0.13204025094363114,0.08390620903750369,-0.3135438250367897
4359,55093933,g,4,-0.3729970606867523,0.04362171470166523,0.0926829467515865,0.1468279137079351,-0.3729970606867523
4360,55093933,i,22,-0.3259512632128131,0.21591739325254122,0.37327893770872134,0.08707994090186322,-0.3259512632128131
4361,55093933,r,22,-0.1916240153274221,0.13223484896810114,0.26324632811578225,0.05833713465457446,-0.1916240153274221
4362,55099204,g,2,-0.8459348588387567,0.3487454509845362,0.34874545098453624,0.7911991424174121,-0.8459348588387567
4363,55099204,i,9,-0.7254982763958486,0.24597339685473196,0.2922566608405006,0.5351818633282098,-0.7254982763958486
4364,55099204,r,9,-0.8987530366684658,0.17074693785886386,0.2417920321889755,0.6279303363718982,-0.8987530366684658
4365,55099204,u,2,-0.5606103631645618,0.2708521841873887,0.27085218418738866,0.3636752934723993,-0.5606103631645618
4366,55110206,i,11,-1.2725699073315961,0.3229188627505224,0.6809585672040341,1.259585527654885,-1.2725699073315961
4367,55110206,r,11,-1.3960409890302474,0.43647621384053514,0.8671284069398604,1.3899904741221887,-1.3960409890302474
4368,55123822,g,3,-0.4114158228864978,0.04828398179487353,0.052767300790284966,0.18767273192121822,-0.4114158228864978
4369,55123822,i,6,-0.31436859054641264,0.33239916944803233,0.6435273638115756,0.20151883868874818,-0.31436859054641264
4370,55123822,r,11,-0.15248916978353455,0.09151652448057213,0.1463685805642044,0.061631715301970175,-0.15248916978353455
4371,55123822,u,4,-0.9822139397385744,0.13625927315823183,0.23431057303045144,0.9576084067179164,-0.9822139397385744
4372,55124190,g,2,-0.5726653956832528,0.08241408486604773,0.08241408486604773,0.2230488699996564,-0.5726653956832528
4373,55124190,i,12,-0.45950551488413294,0.26929429189013165,0.8055690974369729,0.3006337797079182,-0.45950551488413294
4374,55124190,r,10,-0.8482638066596964,0.3270632476808679,0.6120609154739305,0.684369488055538,-0.8482638066596964
4375,55150536,g,3,-0.8819378551838297,0.13436679944822227,0.4433802015253241,0.5906482891771879,-0.8819378551838297
4376,55150536,i,8,-0.5740439647447084,0.26415664738353933,0.5719266986106257,0.4831212943241673,-0.5740439647447084
4377,55150536,r,7,-0.5680611389959433,0.08621393946162836,0.3186289788858787,0.4525056600323785,-0.5680611389959433
4378,55166990,g,2,-0.03994968336118604,0.026287078857421875,0.026287078857421875,0.002227688946909535,-0.03994968336118604
4379,55166990,i,3,-0.148761627201199,0.0688588624933284,0.12582683393065203,0.04041197556166508,-0.148761627201199
4380,55166990,r,7,-0.20944139603995043,0.14664175789146477,0.22223495859238268,0.07267447854368665,-0.20944139603995043
4381,55180493,g,6,-0.06808849646946849,0.05232611090929809,0.1297182178586635,0.02353152544549143,-0.06808849646946849
4382,55180493,r,5,0.0913743814802449,0.025520308105389633,0.08873655852188556,0.0089597015091864,0.0913743814802449
4383,55180493,u,2,-0.8207147801970278,0.036482954980145754,0.036482954980145754,0.6471593421318778,-0.8207147801970278
4384,5518832,g,4,-0.5856159376322059,0.028081837672374987,0.054782074872341324,0.33737479126645187,-0.5856159376322059
4385,5518832,i,4,-0.612169354029745,0.07614587237711734,0.1811453444210771,0.41701553214763665,-0.612169354029745
4386,5518832,r,6,-0.4604642777581322,0.11824094014492353,0.2202390441169645,0.2776422309040809,-0.4604642777581322
4387,5518832,u,2,-1.157029811273573,0.05797664705714145,0.05797664705714167,1.0848741348774915,-1.157029811273573
4388,55203289,g,2,-0.6060163218430104,0.04335892831766136,0.043358928317661305,0.34659435771983604,-0.6060163218430104
4389,55203289,i,3,-0.2298955109209172,0.1877560537792926,0.20889861768761847,0.06653902953683671,-0.2298955109209172
4390,55203289,r,8,-0.27756895267799486,0.025081838386686067,0.1192856498112766,0.06195339884656896,-0.27756895267799486
4391,55203289,u,2,-1.2667101103188174,0.10069864231651238,0.10069864231651238,1.2505687052842438,-1.2667101103188174
4392,55240466,i,4,0.08148538220936213,0.1719015797203725,0.35827145522712456,0.04826510883969649,0.08148538220936213
4393,55240466,r,9,-0.30152384212435257,0.09709202016435337,0.25243079674472,0.10789630398631328,-0.30152384212435257
4394,55240466,u,2,-1.0618166392269761,0.010847610264861252,0.01084761026486114,0.9862858890212999,-1.0618166392269761
4395,5525719,g,5,-0.5611066432438667,0.05382946350846929,0.0632158019009399,0.1758842970736491,-0.5611066432438667
4396,5525719,i,10,-0.4411883428579556,0.22149166938421155,0.6575226052622207,2.84716813107204,
4397,5525719,r,12,-0.8144617135086656,0.3303426375224706,0.48050774509620564,0.5316627706464736,-0.8144617135086656
4398,55267743,i,5,-0.25141277033001896,0.24753825689513465,0.2558259261299676,0.2536583690801756,-0.25141277033001896
4399,55267743,r,6,-0.49161185954427383,0.041448546508744716,0.07502831777585578,0.2314936034097862,-0.49161185954427383
4400,55306762,i,8,-2.6723271516261673,0.11048475406338487,0.21141630910113918,5.739639130908767,-2.6723271516261673
4401,55306762,r,10,-2.101735322165985,0.1046531093813603,0.23885352412402616,4.127355981822534,-2.101735322165985
4402,55313821,i,10,-0.38840097264539103,0.4465492768391025,0.8037945651644354,0.7878825019745491,-0.38840097264539103
4403,55313821,r,7,-0.9166740557541151,0.26373349106070276,0.4489061378570953,0.5976007403017779,-0.9166740557541151
4404,55342683,g,2,-0.2958270047293138,0.02352160564347494,0.02352160564347494,0.09250153557734678,-0.2958270047293138
4405,55342683,i,4,-0.05410819443150419,0.26251374383692816,0.49529841943703007,0.057987758218118454,-0.05410819443150419
4406,55342683,r,8,-0.019446399460039315,0.0764815863976171,0.12109588036903163,0.012186486103006162,-0.019446399460039315
4407,55373457,i,5,-2.8009313092178147,0.17628292862314776,0.30514696044899425,4.187323142162312,-2.8009313092178147
4408,55373457,r,6,-2.9927834399950695,0.12240752134799737,0.27341016998739365,36.240359133972056,-2.9927834399950695
4409,55374518,g,3,-0.06656617874162413,0.14886919111401303,0.20666573850250902,0.045292747982656395,-0.06656617874162413
4410,55374518,i,11,-0.7224417405303165,0.163945943130128,0.43584888415851364,0.24775460049297662,-0.7224417405303165
4411,55374518,r,10,-0.4629912507468364,0.481050215282947,0.9425544332947353,0.26391206668373196,-0.4629912507468364
4412,55419639,g,2,-0.7413575635768302,0.2040217464938331,0.2040217464938332,0.4390595330893924,-0.7413575635768302
4413,55419639,i,7,-0.8218988240438897,0.3191953156807562,0.7458970460641048,0.45352523971278064,-0.8218988240438897
4414,55419639,r,4,-0.4648164956917302,0.0504487413462445,0.2236095930906069,0.39511164214924677,-0.4648164956917302
4415,55424282,i,12,-0.039181680288565404,0.11408166170077261,0.23242988175791343,0.06422910986191883,-0.039181680288565404
4416,55424282,r,20,-0.14782648351748312,0.09721954866278615,0.30465011683367604,0.07990699867924152,-0.14782648351748312
4417,55431095,g,5,-0.2355916614230431,0.10062953743497727,0.2152156394931959,0.04363468021184073,-0.2355916614230431
4418,55431095,i,5,-0.05002482663610158,0.3277651938028923,0.45898949461088684,0.11467580299418949,-0.05002482663610158
4419,55431095,r,8,0.019124707378488634,0.1990842671012274,0.30954419368693487,0.10823323967459993,0.019124707378488634
4420,55520634,g,3,-0.06993860104275074,0.003980988083227777,0.12258965087106544,0.03327636437261768,-0.06993860104275074
4421,55520634,i,5,0.12964552625685533,0.04049027669037092,0.16422814175710476,0.028379998503697712,0.12964552625685533
4422,55520634,r,9,-0.01508542452694095,0.04655197365717778,0.10506403027075828,0.0034834737204681087,-0.01508542452694095
4423,55527463,i,5,-0.7919246160510811,0.3834427012833821,0.5438374363403824,0.4303811998786335,-0.7919246160510811
4424,55527463,r,5,-0.37448184231453885,0.005209371599570023,0.009644074636767419,0.07883211988016366,-0.37448184231453885
4425,55611250,i,3,-2.007993391080329,0.04339020670626148,0.12164389091328376,2.4361152581288685,-2.007993391080329
4426,55611250,r,8,-1.9079383624361415,0.2944621986981202,0.539299445963977,2.397187920739599,-1.9079383624361415
4427,55668489,i,6,-0.2103010780589309,0.09463504613874568,0.20481395898529964,0.0659755524012356,-0.2103010780589309
4428,55668489,r,7,-0.2868478988316582,0.11007474867064015,0.19968900001550866,0.08154064077158565,-0.2868478988316582
4429,55702130,g,5,-1.0067874687560392,0.05394206366839405,0.10217707613301752,0.8980819465657153,-1.0067874687560392
4430,55702130,i,14,-1.1557064621630717,0.3296869260233519,0.5744034496020243,0.9692242785407067,-1.1557064621630717
4431,55702130,r,17,-0.9103220568834947,0.3453057389665435,0.49141087410764905,1.1207220876912471,-0.9103220568834947
4432,55702130,u,2,-1.361303185770833,0.19451674155746201,0.19451674155746224,1.6001489708299261,-1.361303185770833
4433,55714511,g,2,-0.18728049571155936,0.4041358046386284,0.4041358046386284,0.18837830639882708,-0.18728049571155936
4434,55714511,i,5,-0.2597471683010002,0.012151317500091574,0.052483131369252756,0.04810964936575049,-0.2597471683010002
4435,55714511,r,6,-0.3556100920149409,0.021476082430978705,0.0608229694963342,0.11066256966044219,-0.3556100920149409
4436,55751546,g,2,-0.10283639327225214,0.04525122008033933,0.04525122008033933,0.011246475087034892,-0.10283639327225214
4437,55751546,i,7,-0.4379198358717099,0.15066727746593062,0.3526025376809625,0.16370892873422926,-0.4379198358717099
4438,55751546,r,8,-0.1988528866959457,0.036649451895605104,0.24725946228577167,0.26405989196634705,-0.1988528866959457
4439,5576022,g,5,0.2142109611958296,0.06784209808342245,0.07497196421070962,0.060966259995837865,0.2142109611958296
4440,5576022,i,12,-0.7404313437035518,0.18570936332274568,0.3834356463070232,0.37151350682077,-0.7404313437035518
4441,5576022,r,9,-0.694617455459541,0.06685558981632433,0.10004960834085952,0.3958626291232148,-0.694617455459541
4442,55771273,i,8,-0.25432660462386936,0.06326575826013103,0.11508292637497802,0.06242508790461956,-0.25432660462386936
4443,55771273,r,8,-0.35183617185518556,0.10571809407231614,0.2123690918844507,0.12658405443510215,-0.35183617185518556
4444,55796340,i,6,-0.9128148940570129,0.11801054882324569,0.19141657414196533,0.5569831850604748,-0.9128148940570129
4445,55796340,r,7,-0.7201452786291809,0.09766626917975363,0.1851136136205822,0.3425589518672818,-0.7201452786291809
4446,55804746,g,8,-0.3261346831002979,0.21203716609586037,0.7859158577507102,0.15098484800593842,-0.3261346831002979
4447,55804746,i,15,-0.30136060488297084,0.07262885950106152,0.1564983316754998,0.09170338765786569,
4448,55804746,r,12,-0.21755459920446701,0.047541656573315993,0.37427148975310026,0.15511034990572448,-0.21755459920446701
4449,55804746,u,4,-0.10939404013323784,0.22797931671642502,0.4720325501543199,0.06936072049827954,-0.10939404013323784
4450,55819525,g,2,-0.3453866906433386,0.15340042950271282,0.15340042950271282,0.0898436528127889,-0.3453866906433386
4451,55819525,i,13,-0.3002785311534385,0.12844000524142168,0.27264254909737107,0.10043251607573236,-0.3002785311534385
4452,55819525,r,13,-0.3750350500679801,0.18609077616110842,0.3871612315169829,0.24163547337272523,-0.3750350500679801
4453,55909709,g,2,-0.3235562392414416,0.028566663672744602,0.028566663672744574,0.12117764842022136,-0.3235562392414416
4454,55909709,i,4,-0.5348253957726545,0.07477174313455859,0.18672243594116655,0.2272555396674272,-0.5348253957726545
4455,55909709,r,8,-0.46893617287888767,0.10444974026731074,0.1843044958708724,0.23675968883695225,-0.46893617287888767
4456,55934728,i,5,-2.18021833338386,0.059516480327452825,0.060172614445776595,2.4692758558656034,
4457,55934728,r,5,-2.09510991281538,0.1296686524735633,0.15783477284096037,2.178865689313308,
4458,55935843,g,6,-1.1012980377503694,0.295613397568563,0.5797801014880647,0.8675381642181855,-1.1012980377503694
4459,55935843,i,9,-0.9316824231413128,0.48767610242777787,0.7619671183989918,0.6785356636606336,
4460,55935843,r,11,-1.1816890432622562,0.33483959065658864,0.5147699613672398,1.0602518583714882,-1.1816890432622562
4461,55935843,u,5,-1.6250499334959816,0.09822412964880955,0.8239111153827863,1.4670808718305743,-1.6250499334959816
4462,55958801,i,8,-0.4193047916964411,0.26155172930748516,0.4890068377557304,0.1341026558401352,-0.4193047916964411
4463,55958801,r,5,-0.09211975174718456,0.2517623480352549,0.5334726406770012,0.08319146242669657,-0.09211975174718456
4464,56007350,i,5,0.04321399459211617,0.030966104231589853,0.27764963054740305,0.0838498743058078,0.04321399459211617
4465,56007350,r,8,-0.09392465571161124,0.11646350341719153,0.5147674205814887,0.15363550464857312,-0.09392465571161124
4466,56014584,i,6,-0.2896647199362845,0.32648850804303187,0.6801644984341957,0.2566936283013948,-0.2896647199362845
4467,56014584,r,6,-0.34741978598669254,0.07431126252459122,0.12571675968512186,0.2012336936704158,-0.34741978598669254
4468,56042685,i,32,-0.9384395891434433,0.6896867144405674,1.3730208652334892,6.732848930147195,
4469,56042685,r,22,-1.0806904791400467,0.4211033579763359,0.8327955351313703,0.8930980717439371,-1.0806904791400467
4470,5607813,i,9,-1.566900680878154,0.2919016212876717,0.532407419439908,1.6462661098498113,-1.566900680878154
4471,5607813,r,9,-1.2257919911358317,0.029923692140845448,0.22400004270102092,1.158231048504106,-1.2257919911358317
4472,56120431,i,6,-1.0219149437864337,0.6273645072870351,0.9863671043309981,0.9017467566967095,-1.0219149437864337
4473,56120431,r,10,-0.7147733146309152,0.27233904399287445,0.4795903112536471,0.7316699530532252,-0.7147733146309152
4474,56126843,g,2,-0.9476459984871147,0.046187763319038955,0.046187763319039066,0.8640098052724959,-0.9476459984871147
4475,56126843,i,12,-1.1007514912605014,0.46684302546521184,0.9617784067937054,0.8272346147387074,-1.1007514912605014
4476,56126843,r,12,-0.6371798345486345,0.23227560369360262,0.4800861394197449,0.546884547592283,-0.6371798345486345
4477,56127521,i,7,-0.2877476828395621,0.18603914548286105,0.28162418482672,0.07791482942972931,-0.2877476828395621
4478,56127521,r,9,-0.5532600303042885,0.26861040637181577,0.4762192080003176,0.20419299045642905,-0.5532600303042885
4479,5614159,i,4,-1.0226966224691625,0.29639935068717854,0.5500001726314981,0.34910106967129395,-1.0226966224691625
4480,5614159,r,8,-0.5273685286814445,0.13534546581017082,0.2964393808980024,0.25717206544366855,-0.5273685286814445
4481,561451,i,12,-0.9935022406004393,0.3522188239734194,0.656704024752786,0.7363526265935407,-0.9935022406004393
4482,561451,r,15,-0.4069271210893437,0.10195054734457465,0.3764592284864711,0.19553944252394467,-0.4069271210893437
4483,5615705,i,9,-0.11471465187069424,0.14986117880806915,0.2007100784212396,0.060591545754150836,-0.11471465187069424
4484,5615705,r,6,-0.3437860621280435,0.08595064808305325,0.14595151899925377,0.10668040321458361,-0.3437860621280435
4485,56184989,g,4,-0.45847722328424834,0.1274677585034949,0.6105017188481805,0.43066627571284877,-0.45847722328424834
4486,56184989,i,17,-0.30925118899177767,0.171425117286439,0.3540212128189467,0.07631215195782212,-0.30925118899177767
4487,56184989,r,18,-0.3273149780705437,0.09672738153044258,0.1508641890437766,0.08609517031449351,-0.3273149780705437
4488,56197567,g,5,-0.5807998793453834,0.05840683036643046,0.06601802182221717,0.2948347347117477,-0.5807998793453834
4489,56197567,i,17,-1.17250746800274,0.44301576945452914,1.2650790127505986,1.2171760977339061,-1.17250746800274
4490,56197567,r,23,-0.8847158711483998,0.6933273353193108,1.329619979100218,0.6503677407472777,-0.8847158711483998
4491,56209122,g,4,0.1079379021870033,0.2531670021949468,0.49755752799113095,0.10086539248940808,0.1079379021870033
4492,56209122,i,3,0.014141261606681527,0.018381253507984002,0.02344264788503375,0.0004576315096936685,0.014141261606681527
4493,56209122,r,6,0.008234283303315368,0.20902531851581474,0.3516150459960433,0.07572624445874312,0.008234283303315368
4494,56209122,u,2,-0.6194259293794262,0.1724556412451897,0.17245564124518975,0.38226099165650046,-0.6194259293794262
4495,56213559,g,3,-0.6900414918074516,0.07563320234161608,0.1363981038552471,0.5207569530230157,-0.6900414918074516
4496,56213559,i,8,-0.5034543023061239,0.3090180987306018,0.4358495058527746,0.27260588596952884,-0.5034543023061239
4497,56213559,r,8,-0.37742058970950176,0.026399610585570443,0.053689069921870725,0.19816434351913906,-0.37742058970950176
4498,56234487,g,4,-0.4375345867966024,0.060336001824514485,0.10028588972247215,0.22794711436516973,-0.4375345867966024
4499,56234487,i,3,0.07292074701629336,0.4528343580729901,0.46242698840142626,0.1569102100806955,0.07292074701629336
4500,56234487,r,8,0.07753284565101404,0.18173167529549863,0.38150421858736727,0.04712646408750881,0.07753284565101404
4501,56256702,g,5,-1.0513614893806111,0.07107631714280682,0.10240654502665647,0.8549345799149863,-1.0513614893806111
4502,56256702,i,13,-0.8085200822002382,0.4490724971735619,0.7158968323946617,0.8942174825246366,-0.8085200822002382
4503,56256702,r,12,-0.7258395622088485,0.056603474680868404,0.10930078147850963,0.49876193850991046,-0.7258395622088485
4504,5627383,g,2,-0.22436061178907302,0.04304235710986298,0.04304235710986298,0.05991816949175115,-0.22436061178907302
4505,5627383,i,3,0.13514412117517038,0.09425506794892571,0.20999951761658175,0.06434556126502025,0.13514412117517038
4506,5627383,r,8,0.0049482121173700655,0.09718977400804807,0.2777599243929535,0.12670980927181147,0.0049482121173700655
4507,56305556,i,7,-1.7041504784016264,0.19239409583495326,0.9255182659483778,1.255380679504363,-1.7041504784016264
4508,56305556,r,5,-1.1001253918082483,0.04364875487633624,0.07450344993180291,0.8444093237714198,-1.1001253918082483
4509,56318376,g,3,-0.08543506149629332,0.009154577269749664,0.022990596852168088,0.008659472982315515,-0.08543506149629332
4510,56318376,i,5,-0.42963948186104534,0.11707244540883494,0.21164913390435558,0.1377695154139313,-0.42963948186104534
4511,56318376,r,5,-0.09063727958805745,0.03817880455893585,0.0381871883419701,0.0372861870689934,-0.09063727958805745
4512,56339339,g,5,-0.6517365057218871,0.037817251136397445,0.13518847439325066,0.47613937533951367,-0.6517365057218871
4513,56339339,i,14,-0.5784487942098271,0.22917933107632482,0.6375476582569636,0.23021383132165085,-0.5784487942098271
4514,56339339,r,7,-0.6147381235629814,0.11477979338533717,0.2260266332002847,0.3317591259537424,-0.6147381235629814
4515,56339339,u,2,-0.7141747127176468,0.02889877332029056,0.02889877332029056,0.42840783383177383,-0.7141747127176468
4516,56362870,i,5,0.013024901760828156,0.0718846832125224,0.12505748557135543,0.013148160069392834,0.013024901760828156
4517,56362870,r,8,-0.07332998745142877,0.09117661322767151,0.17708568853245682,0.018892064188262715,-0.07332998745142877
4518,56398627,i,13,-0.7068750444514814,0.2784861775869505,0.6637395121329854,0.3874519595131033,-0.7068750444514814
4519,56398627,r,9,-0.879623973089261,0.29887214478372015,0.5691165753298588,0.6370503760802746,-0.879623973089261
4520,56426327,g,3,-0.5265609204723882,0.1610940094578075,0.30501904482927944,0.23788806614356806,-0.5265609204723882
4521,56426327,i,18,-0.4906157387090973,0.4430702055089972,0.8071894863871101,0.40684730121795937,-0.4906157387090973
4522,56426327,r,15,-0.48096479951259474,0.1420273292178944,0.24276637109546034,0.29978994232444556,-0.48096479951259474
4523,56429769,g,3,-0.28996503718643574,0.048536930999159233,0.45937012820754886,0.14532120061837886,-0.28996503718643574
4524,56429769,i,16,-0.4011396925264919,0.288143862913293,0.6133819305337737,5.114871600206076,-0.4011396925264919
4525,56429769,r,24,-0.5986340860985438,0.3994456365443713,0.7712536723634393,0.4177245010895532,-0.5986340860985438
4526,56457538,i,6,-0.5823226925268699,0.22008343559365315,0.3461600261580222,0.3384393845855891,-0.5823226925268699
4527,56457538,r,7,-0.5074588859424767,0.05238355049853183,0.14456916706823525,0.2814046179264567,-0.5074588859424767
4528,56472616,i,8,-0.6655511478404825,0.19050527133053796,0.30194522502436966,0.28428214796779094,-0.6655511478404825
4529,56472616,r,7,-0.44045252791837597,0.1241083803844103,0.360186368586097,0.18461773036658835,-0.44045252791837597
4530,56487607,g,3,-1.4615297773186517,0.009172225272084278,0.43880580037617944,1.4340353389855565,-1.4615297773186517
4531,56487607,i,4,-1.2433654847631708,0.12352644893531872,0.2257293625897645,1.2164807327958977,-1.2433654847631708
4532,56487607,r,8,-1.440630890483661,0.5396810035555838,1.0792947608981693,1.0964423434481954,-1.440630890483661
4533,56487607,u,2,-2.46052171117052,0.07748654697948076,0.07748654697948076,4.913957194902224,-2.46052171117052
4534,56498934,g,5,-0.5359097243612105,0.1142937388604337,0.18424289526311965,0.2765094678265972,-0.5359097243612105
4535,56498934,i,2,-0.012427833744772215,0.007337819356721315,0.007337819356721315,0.00019469801372730321,-0.012427833744772215
4536,56498934,r,5,-0.13097513139386496,0.125048646495185,0.14038669206901977,0.020087752606090425,-0.13097513139386496
4537,56540586,g,3,-0.5002964391890741,0.046392589400676254,0.1596134294868774,0.21870556813821185,-0.5002964391890741
4538,56540586,i,13,-0.2446569081198553,0.1293367930363114,0.19840339554752418,0.08244433132047845,-0.2446569081198553
4539,56540586,r,9,-0.4255382089657378,0.27260807050709057,0.5373367952268913,0.15447649528195903,-0.4255382089657378
4540,56540586,u,2,-1.0642374092941527,0.1681390683259344,0.1681390683259345,1.1097257849928477,-1.0642374092941527
4541,56609025,i,8,-2.036105642795088,0.16199523639497504,0.4326190682401485,2.471553679486692,
4542,56609025,r,11,-1.9614439209866528,0.20371291657985946,0.4895981487836214,2.182223675991214,-1.9614439209866528
4543,5661721,i,3,-0.578765595716995,0.12616850411211722,0.18415877786766832,0.3785170426591866,-0.578765595716995
4544,5661721,r,10,-0.6523018088782353,0.14021672882652692,0.40576770200248474,0.3700559319417389,-0.6523018088782353
4545,5665979,i,10,-0.4160118737856281,0.17227791629467765,0.3075738061279749,0.23570905568003875,-0.4160118737856281
4546,5665979,r,7,-0.37563441800507413,0.058155721515023295,0.15493636781381614,0.13013735526795803,-0.37563441800507413
4547,56662198,g,6,-0.4844837863966308,0.10680663934348045,0.2284878957264539,0.32748220317742166,-0.4844837863966308
4548,56662198,i,10,-1.415356635308017,0.401576613755082,0.9136320275802874,1.0627880436514574,-1.415356635308017
4549,56662198,r,15,-0.8908330925228083,0.7148893455609617,1.3998371436343207,1.0088089666601785,-0.8908330925228083
4550,56732589,g,5,-0.49587985754460817,0.06784562784630599,0.2548542449282522,0.2098484384962136,-0.49587985754460817
4551,56732589,i,6,-0.5420965419569538,0.218528281109921,1.0241017558496954,0.7024084063765231,-0.5420965419569538
4552,56732589,r,7,-0.2454660289841789,0.27846096867566283,0.4805138839629396,0.3012790565319089,-0.2454660289841789
4553,56831921,i,4,-0.01893808986213444,0.06398127308608922,0.15145901194919653,0.011570013827306354,-0.01893808986213444
4554,56831921,r,12,-0.4083573780132468,0.16308455304497926,0.24087143298907032,0.18027080899312822,-0.4083573780132468
4555,56885735,g,3,-0.189482764089005,0.031443387383857435,0.036136417479968874,0.035736785505212025,-0.189482764089005
4556,56885735,i,11,0.00777471188914669,0.15332371379960594,0.31771185794256,0.0704154214838722,0.00777471188914669
4557,56885735,r,14,-0.05300662662772665,0.11401002105968919,0.24261727933109273,0.10617548288683713,-0.05300662662772665
4558,56912075,g,3,0.2736283705367937,0.19998583260192282,0.345049490820031,0.10049851101268824,0.2736283705367937
4559,56912075,i,4,-0.17808647322430776,0.16363868900234732,0.2939384446366484,0.04817210755845645,-0.17808647322430776
4560,56912075,r,8,-0.12645777059014418,0.07726313736844787,0.14345091485104,0.0849971486565211,-0.12645777059014418
4561,56921196,g,6,-0.10483744539795847,0.14346412399562003,0.230546560368243,0.03414788822176539,-0.10483744539795847
4562,56921196,i,9,-0.08493584766977769,0.16822444787439006,0.33070903100576576,0.06694087921316344,-0.08493584766977769
4563,56921196,r,12,-0.5314812098586815,0.430274772607394,0.8205398171094818,0.34901872579082366,-0.5314812098586815
4564,56931452,g,3,0.21970147540232698,0.003509156027542426,0.03942420456306839,0.05519942057390862,0.21970147540232698
4565,56931452,i,16,-0.21630737161309338,0.3240597329327057,0.6265302899891462,0.138266877913788,-0.21630737161309338
4566,56931452,r,18,-0.3589161601276295,0.2966695625393816,0.654620512248709,0.2211643365302627,-0.3589161601276295
4567,5695127,i,7,-0.5779103847426248,0.07145402290131253,0.16835625294562084,0.2464432353281654,-0.5779103847426248
4568,5695127,r,4,-0.4667600329958662,0.10756739172611884,0.19880286347044573,0.16565201017122114,-0.4667600329958662
4569,56956924,i,6,-0.5176837957373857,0.12183772525205391,0.44342298166253935,0.3582353457676484,-0.5176837957373857
4570,56956924,r,6,-0.7621565482705548,0.1701942233189832,0.33017243277111497,0.5592290015645662,-0.7621565482705548
4571,56957759,g,6,-1.3090141810612896,0.2876135905968096,0.718844920535033,0.7909448482230218,-1.3090141810612896
4572,56957759,i,7,-1.2614942681368975,0.48399359457801916,0.7894271708062417,1.0526874619723132,-1.2614942681368975
4573,56957759,r,12,-1.516295797207804,0.41369086446845893,0.7409135878772939,1.4484561394486557,-1.516295797207804
4574,57032933,i,9,0.20742096133948043,0.06554686674203933,0.1627723568862985,0.07812070179383945,0.20742096133948043
4575,57032933,r,6,0.04925195322488819,0.05080870739376156,0.0772352124233332,0.00853618842436209,0.04925195322488819
4576,57043540,g,4,-0.39049472761767945,0.0806129662790685,0.12658685692756078,0.14615617572052228,-0.39049472761767945
4577,57043540,i,6,0.11079812010759597,0.11295068216786447,0.21026196412671175,0.0518140646271913,0.11079812010759597
4578,57043540,r,9,-0.0781156717685999,0.08010750001239364,0.10539294488448497,0.012392531264590098,-0.0781156717685999
4579,57043540,u,2,-1.3924065397173184,0.0006121278177160239,0.0006121278177162459,1.7633441327658104,-1.3924065397173184
4580,57132895,g,5,-0.024436443694771715,0.23196364157513116,0.4158959884081517,0.029297580215441398,-0.024436443694771715
4581,57132895,i,25,-0.6688667202092037,0.11444736215712425,0.2195015600854222,0.30693497073563825,
4582,57132895,r,29,-0.4773587195149277,0.12798732568352034,0.22641250058747198,0.2230901949718621,
4583,5717511,g,10,-0.36836229118995956,0.3521995757003573,0.4970543416892343,0.30752176886375515,-0.36836229118995956
4584,5717511,i,25,-0.4837277676026377,0.32668835771625004,0.6427606724444057,0.23020661625041217,-0.4837277676026377
4585,5717511,r,26,-0.27029835814056447,0.4295396968593157,0.7079419160136208,0.324607197663109,-0.27029835814056447
4586,5717511,u,2,0.48626862220429423,0.03240569622883438,0.03240569622883438,0.20680589404355793,0.48626862220429423
4587,57204686,g,6,-0.9608363540878042,0.37593471202681517,0.5786082050958642,0.780946649664629,-0.9608363540878042
4588,57204686,i,11,-1.6229999228741039,0.2767412454125737,0.4694155671765987,1.3636973515078463,-1.6229999228741039
4589,57204686,r,16,-1.0719043996899424,0.5175901459836099,0.8343133579183517,1.0034512728191616,-1.0719043996899424
4590,57204917,i,4,-1.0284562355627391,0.20417063683861758,0.4338132181325026,0.9741113752296615,-1.0284562355627391
4591,57204917,r,6,-0.9563095459973214,0.1923032484778021,0.3455261873858846,0.9496125848544105,-0.9563095459973214
4592,57248670,g,2,-0.566373434678106,0.08326928967569991,0.08326928967569991,0.2257514179764299,-0.566373434678106
4593,57248670,i,12,-1.132591787990752,0.16075279706681223,0.29174853609985685,0.8096192141250954,-1.132591787990752
4594,57248670,r,18,-1.4401062764271182,0.16905904423797458,0.3245940641505807,1.2358327497272252,-1.4401062764271182
4595,57261946,g,5,-0.4784562468128364,0.04023387338847906,0.07415550068593157,0.2055509442945591,-0.4784562468128364
4596,57261946,i,2,0.11942903509912209,0.1333872851271987,0.13338728512719872,0.03163844487302226,0.11942903509912209
4597,57261946,r,4,-0.028661384605833284,0.13707101144661263,0.31783134156943454,0.042649600838169134,-0.028661384605833284
4598,57271888,g,3,-0.3569462982635747,0.07470722813869424,0.12680952514423804,0.1527511170072424,-0.3569462982635747
4599,57271888,i,3,-0.4972189800576985,0.17364917001422775,0.17759478685800245,0.2751137195823931,-0.4972189800576985
4600,57271888,r,6,-0.39413873885092654,0.07360374261080316,0.14377816438543423,0.18125656817174937,-0.39413873885092654
4601,57373973,i,10,-0.7151271683458106,0.2875320068159213,0.48173046877150316,0.4399350729884583,-0.7151271683458106
4602,57373973,r,12,-0.33491044230801637,0.1211179737663517,0.27763123076383067,0.24308900064063846,-0.33491044230801637
4603,5741157,i,15,-0.39792750456064474,0.2682060437857416,0.6152144810371667,0.23003451060992794,-0.39792750456064474
4604,5741157,r,11,-0.02755840499758011,0.12822973915624147,0.47157688805676384,0.107736519904701,-0.02755840499758011
4605,57451543,i,9,-0.7536585569849255,0.09136676383624964,0.20221354540990977,0.43424190402509594,-0.7536585569849255
4606,57451543,r,7,-0.7047906232331673,0.11034428009818598,0.19504732923241164,0.4314450321395319,-0.7047906232331673
4607,57515684,i,16,-1.175451020840311,0.14046302278611922,0.24892980127385744,1.3104518056008168,-1.175451020840311
4608,57515684,r,10,-1.0191541004899802,0.225848229204615,0.39458546527494687,0.9916328010928588,-1.0191541004899802
4609,57619749,g,7,0.1252606678806992,0.214301982126562,0.4755506678705034,0.10910084913823592,0.1252606678806992
4610,57619749,i,13,-0.1336846875164076,0.20034362121719684,0.5293814298620545,0.2908507180838273,-0.1336846875164076
4611,57619749,r,13,-0.13105555735899244,0.5632386249546133,0.8870305021147135,0.38282178409838485,-0.13105555735899244
4612,5762780,g,2,-0.22285643440898617,0.40691693565379106,0.40691693565379106,0.2005738675883418,-0.22285643440898617
4613,5762780,i,4,-0.6001708036841327,0.00910182587714814,0.06130706242350892,0.25418219922972496,-0.6001708036841327
4614,5762780,r,5,-0.17663197326185753,0.06609803852303253,0.07432194433265316,0.06317356245574847,-0.17663197326185753
4615,57714039,i,11,-0.6689061576601434,0.06890906706083189,0.19972255396082061,0.26536836739987896,-0.6689061576601434
4616,57714039,r,11,-0.8257717532248554,0.20852886151588335,0.42961743689331333,0.4511753801545631,-0.8257717532248554
4617,57731496,g,2,-0.5334264954408172,0.016779541099229522,0.016779541099229522,0.2651011418567025,-0.5334264954408172
4618,57731496,i,6,-0.8460424404479661,0.10124838614797121,0.19081356287746232,0.5570919543860023,-0.8460424404479661
4619,57731496,r,8,-0.6327264933676358,0.23449807520746946,0.40287032560061553,0.4373774340804794,-0.6327264933676358
4620,57778079,g,2,0.042049381592403234,0.25456525270960917,0.25456525270960917,0.05666107647364178,0.042049381592403234
4621,57778079,i,9,0.038882482658476936,0.09182100841200169,0.13917255527895223,0.0879915196257174,0.038882482658476936
4622,57778079,r,11,-0.020268256187488676,0.056894676740062045,0.11377307149418009,0.022712035390199302,-0.020268256187488676
4623,57847051,g,3,-0.3459988246939525,0.015176291396060693,0.02012085086405757,0.11266653642787638,-0.3459988246939525
4624,57847051,i,7,-0.06925804496684729,0.035617665548112076,0.04635788153640584,0.011434441279325195,-0.06925804496684729
4625,57847051,r,8,-0.11342218770488605,0.06752475463730415,0.1316887849708107,0.023175655356186223,-0.11342218770488605
4626,57847051,u,2,-0.9062446289632002,0.017073146003447892,0.017073146003447892,0.6790024751502439,-0.9062446289632002
4627,57849810,g,3,-0.49713329996815725,0.040692991147994295,0.09197923110612083,0.28388672356272115,-0.49713329996815725
4628,57849810,i,7,-0.6772349219083159,0.07208499207935837,0.33667742840809656,0.4442471903613101,-0.6772349219083159
4629,57849810,r,12,-0.44068318376900206,0.1398118493806813,0.20751697663162327,0.22111735266247087,-0.44068318376900206
4630,57908111,g,3,-0.7292483137729046,0.0692254786414005,0.09469547967598912,0.4820105323117328,-0.7292483137729046
4631,57908111,i,13,-0.5066692635889428,0.334060105135877,0.717537849840499,0.3428251971391309,-0.5066692635889428
4632,57908111,r,8,-0.4985917452375697,0.07901218741915769,0.13814131128916052,0.3369266012843707,-0.4985917452375697
4633,57908111,u,3,-1.1424387160557008,0.11428333032691596,0.13011042890294489,1.05418047530047,-1.1424387160557008
4634,57909014,g,3,-0.19426461681823576,0.07585995724232658,0.10384319217083052,0.052197550174720185,-0.19426461681823576
4635,57909014,i,5,-0.12664155683636524,0.07854993522015369,0.1399574873010525,0.04143100597018673,-0.12664155683636524
4636,57909014,r,10,-0.19953720471264225,0.06865663041382875,0.11613566523245189,0.07431367319448223,-0.19953720471264225
4637,57909014,u,2,-0.4022044545400387,0.1168364598830891,0.1168364598830891,0.1649807095949606,-0.4022044545400387
4638,57959592,g,8,0.13144840477559627,0.11025376245051022,0.3027618097423396,0.09412791852079727,0.13144840477559627
4639,57959592,i,29,-0.17973964976135304,0.05916706422927542,0.13187159972677603,0.06943780723893735,-0.17973964976135304
4640,57959592,r,17,-0.08164493674601869,0.057160472228013126,0.08368704032148222,0.037955297232378525,-0.08164493674601869
4641,57959592,u,2,-0.6391851572835925,0.04143466744559965,0.04143466744559965,0.34255515507386125,-0.6391851572835925
4642,58001090,g,3,-1.0219376179936699,0.10218575870703006,0.1402007894477706,0.5042547180643374,
4643,58001090,i,4,-0.8953157845955875,0.1399541694376114,0.29106736983058956,0.491737208227234,-0.8953157845955875
4644,58001090,r,3,-1.0704093303494884,0.10434018822963065,0.17368288802642118,0.7485515528142465,
4645,58012610,i,8,-1.0082725169528892,0.47623508918938195,0.9490934828214022,0.839066822275029,-1.0082725169528892
4646,58012610,r,4,-0.8035830535263062,0.5879216354647162,1.3510970140003613,1.2005426920751125,-0.8035830535263062
4647,58047760,i,4,-0.37584731678737937,0.1403247404401066,0.19494034736496685,0.1850709586260039,-0.37584731678737937
4648,58047760,r,7,-0.21394369541780323,0.10857975758877891,0.14496147282277866,0.08037886594881086,-0.21394369541780323
4649,58075384,i,8,-0.2849435024767817,0.09497579770237508,0.18639455458833418,0.07916355253508872,-0.2849435024767817
4650,58075384,r,9,-0.20188629475995823,0.17678619838094023,0.28503855277938656,0.10600093624020354,-0.20188629475995823
4651,58075384,u,2,-1.7186550698704666,0.06522497052792908,0.0652249705279293,2.673501933304607,-1.7186550698704666
4652,58138629,i,2,-0.07860296258864508,0.076360925934982,0.076360925934982,0.008236095819105694,
4653,58138629,r,2,-0.26666554341683857,0.008200726478767573,0.008200726478767573,0.0415846088331312,
4654,58147640,g,3,-0.41961552371830557,0.009646046946917175,0.08746698530534286,0.22364456394761115,-0.41961552371830557
4655,58147640,i,4,-0.7499938558913575,0.09332681422665556,0.19706490317575187,0.4120096945220271,-0.7499938558913575
4656,58147640,r,9,-0.6470614205630014,0.2000818178963525,0.3380494724365618,0.46200398672163423,-0.6470614205630014
4657,58160437,i,11,-0.025276578281982737,0.10560656453725145,0.21822452896015837,0.06883507679125679,-0.025276578281982737
4658,58160437,r,10,-0.01786627721662004,0.055359074262267494,0.0950738746691639,0.04565964184104016,-0.01786627721662004
4659,58161158,i,17,-2.2229291157656466,0.40742032297245423,0.7823789598358866,3.1774314033344586,
4660,58161158,r,17,-2.883493434602951,0.33329479825111896,0.6382603543750482,4.1747532834380525,
4661,58185804,g,2,-0.6358977287628467,0.009649954406966754,0.009649954406966699,0.38935880132338585,-0.6358977287628467
4662,58185804,i,8,-0.402608709527398,0.08478720753010216,0.14517695753132126,0.15223644569780256,-0.402608709527398
4663,58185804,r,7,-0.39896602295301586,0.08204037446134238,0.2008630199289243,0.14064923698226392,-0.39896602295301586
4664,58222459,g,3,-0.24106157793250937,0.13916190095005132,0.16927062461471154,0.08844709397853767,-0.24106157793250937
4665,58222459,i,5,-0.4253409519246847,0.08942303284591335,0.18706205557787603,0.15289160537789565,-0.4253409519246847
4666,58222459,r,6,-0.08946305843303748,0.1814803292848678,0.38512454454135936,0.09189079818077332,-0.08946305843303748
4667,58222459,u,3,-0.9014038403390126,0.1818616385969687,0.20482527867776623,0.7271906718405204,-0.9014038403390126
4668,58237970,i,6,-0.944805613319409,0.20750366884723137,0.34732677343308116,1.4819497773696784,-0.944805613319409
4669,58237970,r,5,-1.2581744752270767,0.1499714941079704,0.4591863762571198,0.6865104684116744,-1.2581744752270767
4670,58363532,i,13,0.08402592440301149,0.20332825048106862,0.2283464942193159,0.1617155831083385,0.08402592440301149
4671,58363532,r,14,0.02415068701704834,0.10606331306701353,0.19935695372384904,0.23307604169196236,0.02415068701704834
4672,58363532,u,3,0.5374702146861456,0.38102327715696616,0.41314034976318603,0.29186690801800635,0.5374702146861456
4673,58367861,i,9,-1.8268517284885695,0.19505048923956392,0.3065427274992605,2.2128678661172074,-1.8268517284885695
4674,58367861,r,2,-1.3069854185653096,0.16196985904326322,0.16196985904326322,1.078763655207854,-1.3069854185653096
4675,58461468,i,15,-0.4858255187387531,0.18233506007740052,0.6510263725679732,0.1836553641718063,-0.4858255187387531
4676,58461468,r,13,-0.46597307203192284,0.041104612005655294,0.07775992700273449,0.218923283762666,-0.46597307203192284
4677,5848351,g,2,-0.8936220433618282,0.0015227439888466643,0.0015227439888467753,0.7372090395145777,-0.8936220433618282
4678,5848351,i,4,-0.410506656980553,0.17980391281481173,0.19511279409090593,0.24698960435237985,-0.410506656980553
4679,5848351,r,6,-0.6405026338316329,0.04005138238471595,0.07516859343430105,0.4268467773133217,-0.6405026338316329
4680,58527704,g,2,-0.17104107966432136,0.3149721996404826,0.3149721996404826,0.12176561694905992,-0.17104107966432136
4681,58527704,i,11,-0.8188464305261678,0.1158699439931079,0.26381315990748844,0.5027759520411108,-0.8188464305261678
4682,58527704,r,7,-0.6063017713677927,0.1440779385151063,0.2908750941649937,0.30227536447913594,-0.6063017713677927
4683,58548669,g,3,0.24332242915454394,0.1064155447078935,0.30508343210147676,0.08293040055347288,0.24332242915454394
4684,58548669,i,9,-0.7017099805121575,0.43670590914896856,0.8146040930482913,0.7483495958225689,-0.7017099805121575
4685,58548669,r,14,-0.4261744076253641,0.2038978896997472,0.36097696974851845,0.3209825170070465,-0.4261744076253641
4686,58577436,g,5,-0.7379631562798623,0.04052478868650167,0.07005573312248181,0.4498226775723408,-0.7379631562798623
4687,58577436,i,2,-1.638048882774174,0.14900927949686626,0.1490092794968665,1.1053874454869679,-1.638048882774174
4688,58577436,r,5,-0.9834063909595538,0.1072361404151485,0.7756982214164561,1.1181075012960346,-0.9834063909595538
4689,58579003,g,7,-0.20356807745204897,0.18881404642324956,0.3326801121511016,0.09722803408932128,-0.20356807745204897
4690,58579003,i,12,-0.660887487731697,0.2501419134481314,0.46526639601712616,0.42350265298384854,-0.660887487731697
4691,58579003,r,14,-0.5695419441462113,0.3606614882607572,0.5548249323749547,0.4333666044558306,-0.5695419441462113
4692,58630827,g,6,-0.39702233142615945,0.11509971383870182,0.1807366159510576,0.1468797807220266,-0.39702233142615945
4693,58630827,i,7,-0.05996637584863973,0.10767460972681292,0.24355629232903858,0.04465542815903683,-0.05996637584863973
4694,58630827,r,13,-0.2219136823308015,0.036299518314678536,0.09265044669587563,0.06748872803083907,-0.2219136823308015
4695,586749,g,2,-0.5339625662398623,0.15807378387184967,0.15807378387184973,0.28453695515425825,-0.5339625662398623
4696,586749,i,13,-0.8831269869119824,0.09145375846940107,0.27813236199758684,0.5986592346492414,-0.8831269869119824
4697,586749,r,10,-0.7101835605877083,0.05567492613950181,0.26928190191603274,0.4086195669747192,-0.7101835605877083
4698,58737876,g,3,-0.3397542837622409,0.02445458355697938,0.23562708032487464,0.08253827225160833,-0.3397542837622409
4699,58737876,i,5,-0.12590612273610385,0.12700964093412043,0.4039606569471859,0.09563068628694708,-0.12590612273610385
4700,58737876,r,7,-0.22458004580404145,0.2517393359176794,0.46459527135532425,0.15494230294305616,-0.22458004580404145
4701,58769812,i,7,-0.12211624467449012,0.08043456135539184,0.18954941494449123,0.11251708088502839,-0.12211624467449012
4702,58769812,r,8,-0.24581447222005814,0.13060475987826436,0.1793428953508362,0.08892238224333757,-0.24581447222005814
4703,58801144,i,8,-0.3103729033687871,0.03324319877872836,0.06005594638438955,0.0834654615763699,-0.3103729033687871
4704,58801144,r,3,-0.2394781100404777,0.040367456402810475,0.08640299657431061,0.07866491598248877,-0.2394781100404777
4705,58809487,g,5,-0.18697028280197348,0.03105074369506511,0.05015106478205178,0.022225904256956995,-0.18697028280197348
4706,58809487,i,14,-0.7081774426289627,0.16478420075133182,0.3327179113171196,0.2637476862381877,-0.7081774426289627
4707,58809487,r,15,-0.7525893666080012,0.09253192085412865,0.1889463066387399,0.34546563571522687,-0.7525893666080012
4708,58833221,g,3,-0.4140967464375547,0.07686329396835867,0.18893164679901664,0.2552998888314002,-0.4140967464375547
4709,58833221,i,11,-0.794914773573788,0.2316536366290789,0.4193793736178901,0.4481169795456436,-0.794914773573788
4710,58833221,r,14,-0.9100749510768391,0.1718996459284764,0.4039190349054146,0.7088011406258765,-0.9100749510768391
4711,58833221,u,2,-0.6225230038892678,0.09532820331829595,0.09532820331829606,0.3426707840956873,-0.6225230038892678
4712,58850847,i,10,0.05932525637505187,0.32304890409100484,0.6208676131758248,0.10911088825517265,0.05932525637505187
4713,58850847,r,5,-0.047377532408777734,0.07961936126202951,0.1098777783949052,0.009797205195670313,-0.047377532408777734
4714,58903386,g,2,-0.6006168303007787,0.037025755129883264,0.03702575512988315,0.33600523971854046,-0.6006168303007787
4715,58903386,i,10,-0.2636806193664386,0.07242877912205584,0.27186529331478987,0.09723810586077433,-0.2636806193664386
4716,58903386,r,8,-0.2922319216241442,0.038213327626284654,0.23160059240489062,0.060929258423722946,-0.2922319216241442
4717,58930539,g,4,-0.03821285783139938,0.10700798914668297,0.2041118926656535,0.008094037110513819,-0.03821285783139938
4718,58930539,i,9,-0.30385834637251974,0.1374205046957573,0.44744689242017327,0.16239638207453638,-0.30385834637251974
4719,58930539,r,10,-0.503971188694521,0.2090123311206865,0.34713610141744455,0.38803000750233163,-0.503971188694521
4720,58955638,i,3,-1.7159566219492666,0.05524475744756252,0.47995022689532574,1.3483578727084546,
4721,58955638,r,7,-1.7952595730092389,0.34674313809878043,0.8058016799391623,1.7004397268387688,
4722,58957182,i,4,-0.205516778202595,0.2161732433818987,0.4360374929413824,0.11681782379071104,-0.205516778202595
4723,58957182,r,6,-0.5396117084685716,0.08998243310669568,0.3218652776606368,0.23718690084961,-0.5396117084685716
4724,58961275,i,14,-1.7242970111435492,0.11617170684195943,0.2822374994242398,1.6602140365485931,-1.7242970111435492
4725,58961275,r,13,-1.7007682005252622,0.22270491271960458,0.4592846740207852,1.7240461376295297,
4726,5905469,i,11,-0.6802011824730003,0.08673759983867568,0.13458245796613433,0.4465408720506167,-0.6802011824730003
4727,5905469,r,8,-0.6795564143003626,0.06546488635458408,0.12905667597018078,0.4382669359830822,-0.6795564143003626
4728,5905948,i,4,-1.4272947240835747,0.07989231145601206,0.18899852887327606,1.154940893446185,
4729,5905948,r,6,-1.687263181901532,0.07044430114517097,0.1180380923232609,2.042243609428904,-1.687263181901532
4730,59102193,i,5,-0.7139109668508312,0.14315051271829993,0.41758135654822665,0.4008914991791581,-0.7139109668508312
4731,59102193,r,8,-0.9394580914261345,0.10101559936432536,0.19785092986278818,0.8482463249814657,-0.9394580914261345
4732,59144732,i,5,-0.35404860887432665,0.2794223732860721,0.5790010397369405,0.12534719631479604,-0.35404860887432665
4733,59144732,r,8,-0.4949233995583249,0.16667629872442496,0.31816680776218614,0.28490190886194866,-0.4949233995583249
4734,59146292,g,7,0.2726283588121727,0.10334120992554813,0.1520776692314653,0.1546678073603903,0.2726283588121727
4735,59146292,i,10,-0.32145190702065135,0.1356742527875838,0.24970118130527796,0.10085525865476538,-0.32145190702065135
4736,59146292,r,9,0.3537430699943961,0.21000480694024537,0.2762711645731766,0.22021884578589682,0.3537430699943961
4737,59146292,u,2,1.8978093324926226,0.03206507397958336,0.032065073979583136,3.335681586897831,1.8978093324926226
4738,59187151,g,5,-0.4868896442887339,0.059099598757689054,0.06073437665191639,0.2605131603536903,-0.4868896442887339
4739,59187151,i,9,-0.8696759540489081,0.18962754485142042,0.3628078408151867,0.6193669133892092,-0.8696759540489081
4740,59187151,r,9,-0.359277995062247,0.10934000404532324,0.22152682659905631,0.24378423228053117,-0.359277995062247
4741,59211967,i,12,-1.0438060899621737,0.22856655456511188,0.43957293218765914,0.5719513375495769,
4742,59211967,r,10,-1.0114335843290527,0.32787933903832056,0.7610361789206052,0.4789319297753403,
4743,59229691,g,2,-0.3913821535450255,0.1247654242597018,0.12476542425970177,0.16485665547306078,-0.3913821535450255
4744,59229691,i,2,0.15093974648299563,0.351966734219531,0.35196673421953106,0.1549867064827292,0.15093974648299563
4745,59229691,r,5,-0.2470849068823009,0.12168797448715968,0.23257407409266073,0.07349513861631372,-0.2470849068823009
4746,59229691,u,2,-1.3649915326265532,0.13203565351659274,0.13203565351659252,1.6449446282054776,-1.3649915326265532
4747,59270909,i,12,-3.008514996918931,0.107492121319541,0.4177066346007918,6.121771391534026,-3.008514996918931
4748,59270909,r,4,-2.334154721844565,0.05678965145842496,0.0980449858243162,5.218047093883805,-2.334154721844565
4749,59278784,i,7,-0.6539803328130729,0.05821208026874247,0.18410771458897524,0.30210834452863633,-0.6539803328130729
4750,59278784,r,10,-0.6259417523197813,0.1931093821886446,0.3473427731479538,0.42088062492060113,-0.6259417523197813
4751,59283772,g,3,-1.0909736245092565,0.0014858464645559621,0.07846736306251656,1.0100872776789234,-1.0909736245092565
4752,59283772,i,9,-0.7209314042593896,0.2967926907480184,0.753591977452688,0.4382731770771445,-0.7209314042593896
4753,59283772,r,8,-0.9168397332539879,0.33984391885636034,0.5526140020177215,0.8667868433590964,-0.9168397332539879
4754,59283772,u,2,-1.2082416109190646,0.4908060601868101,0.49080606018681006,1.4224343090267295,-1.2082416109190646
4755,59284639,g,3,-0.5455485533083135,0.034112431711935454,0.14321924910342587,0.34536473176370847,-0.5455485533083135
4756,59284639,i,6,0.019614389954025813,0.12078496951358098,0.2615496627352573,0.07182850584773387,0.019614389954025813
4757,59284639,r,4,-0.1085385127492135,0.04876380077404274,0.10902545730397745,0.013721823492059242,-0.1085385127492135
4758,59295908,i,14,-0.2292854225428519,0.26151783066706136,0.650644734737859,0.07727285595890156,-0.2292854225428519
4759,59295908,r,10,0.10515728213420661,0.041239959322369985,0.06326336612894676,0.018705624690473176,0.10515728213420661
4760,59355696,g,6,-0.8646782619714648,0.03737247428086066,0.27880437541394065,0.4901567049439122,-0.8646782619714648
4761,59355696,i,23,-1.2920282151373887,0.4530891274879114,0.8907483169643153,0.9168687791003123,-1.2920282151373887
4762,59355696,r,20,-1.589729982963707,0.6152871652749233,0.8130938609427398,1.3527385349424705,
4763,59355696,u,2,-0.9766881024245482,0.06492654368522999,0.06492654368522999,0.6861335711585654,-0.9766881024245482
4764,59392946,g,3,-0.7204787208532792,0.08685857693837828,0.19712899388946026,0.23189952192482788,-0.7204787208532792
4765,59392946,i,13,-0.9837856532485183,0.14277728673176293,0.42824285731917,0.6377287789450763,-0.9837856532485183
4766,59392946,r,13,-1.1699347236606692,0.19732507841277425,0.3923499689632206,0.8036311714416094,-1.1699347236606692
4767,59492290,i,12,-0.8710820123210121,0.25146483819250526,0.4776281736179343,0.5721493792683247,-0.8710820123210121
4768,59492290,r,14,-1.1274107298507827,0.24239864445462034,0.5218874087855816,0.854916957899417,-1.1274107298507827
4769,59573932,i,7,-0.31541247639058007,0.1368374320474453,0.2475707555891914,0.1563536685783599,-0.31541247639058007
4770,59573932,r,6,-0.3948577916839794,0.25087179449673713,0.4723369657656864,0.19747399099061724,-0.3948577916839794
4771,59632195,g,2,-0.5414850489228842,0.13838219093293014,0.13838219093293014,0.2965951189189338,-0.5414850489228842
4772,59632195,i,6,-1.0986783265754236,0.1205097995949368,0.5356407781477832,0.7672450942123845,-1.0986783265754236
4773,59632195,r,8,-0.7997084863919482,0.08679293390729154,0.1319884243873033,0.6199722686860243,-0.7997084863919482
4774,59643325,i,7,-0.4825306098682068,0.22271746498378103,0.8217903858554907,1.3600324564036956,-0.4825306098682068
4775,59643325,r,11,-0.38755533418656263,0.13785997471164213,0.21801489121372802,0.1479158230277768,-0.38755533418656263
4776,59675725,g,3,-0.4767634503286303,0.07067010246925276,0.28350933797288647,0.1889363080330959,-0.4767634503286303
4777,59675725,r,10,-0.59273297514488,0.11554498904932187,0.20105428629189703,0.37926011268071036,-0.59273297514488
4778,59682727,i,8,-1.1090476504472977,0.045966770606643115,0.11652862355739035,0.6044629001865854,-1.1090476504472977
4779,59682727,r,11,-0.967630413971011,0.05070188142005527,0.09546233858209474,0.5264292011074984,-0.967630413971011
4780,59686165,g,6,-0.5277505904826941,0.04940595658084512,0.08744768727159369,0.2608479248596816,-0.5277505904826941
4781,59686165,i,19,-0.6547819080400408,0.5334571375932717,0.7440780696978521,0.46976615057144433,-0.6547819080400408
4782,59686165,r,19,-0.739299214633595,0.1341292671716332,0.6397325884519859,0.42345425318351565,-0.739299214633595
4783,59697305,i,4,-0.45682427620363386,0.024124293979455036,0.03594525212770172,0.20482550136410171,-0.45682427620363386
4784,59697305,r,7,-0.694329206550905,0.06720476102083128,0.2565625490774838,0.38399552097839385,-0.694329206550905
4785,59709811,g,2,-0.6384676711864299,0.09552948098442915,0.09552948098442915,0.1394282925638981,-0.6384676711864299
4786,59709811,i,13,-1.3235807121770742,0.1185076532365692,0.440562472461858,0.8540087235399855,-1.3235807121770742
4787,59709811,r,14,-1.649359381314953,0.09758303886679542,0.1462790558115601,1.3725301518621376,-1.649359381314953
4788,59713537,i,8,-0.9575486288835229,0.20348414334412734,0.38072393363541734,0.6377377493417096,-0.9575486288835229
4789,59713537,r,10,-0.9679120177172749,0.1489019306531062,0.2849618583766663,0.8478104998814258,-0.9679120177172749
4790,59764331,i,10,-1.0812038655358123,0.36627654883477495,0.6188559682770857,0.363139424684766,-1.0812038655358123
4791,59764331,r,5,-0.3155082996273393,0.13329575190425258,0.23511222820437194,0.07823258204296639,-0.3155082996273393
4792,59785364,i,11,-0.15058312143579966,0.09729378171292213,0.16595925102485104,0.02421547017143312,-0.15058312143579966
4793,59785364,r,13,-0.3062523086291997,0.0525095448948355,0.16385879138010528,0.06692792597590184,-0.3062523086291997
4794,59802299,g,2,-0.04747613737475631,0.03587954612225297,0.03587954612225297,0.002814205413436864,-0.04747613737475631
4795,59802299,i,6,-0.5582454771152148,0.231547315233126,0.3550640458871879,0.3331602131999128,-0.5582454771152148
4796,59802299,r,8,-0.6066136036631848,0.17431142467063565,0.6121842066147962,0.5500880243472679,-0.6066136036631848
4797,59837876,g,2,-0.5889539585766057,0.04638850502423725,0.0463885050242373,0.33373253313367945,-0.5889539585766057
4798,59837876,i,3,-0.17517767755023067,0.08694999692440103,0.11895654299859601,0.03921847354997147,-0.17517767755023067
4799,59837876,r,6,-0.4957586662353373,0.05663258710154223,0.08858141367852268,0.22622321812143517,-0.4957586662353373
4800,59887928,i,8,-1.1077830695859887,0.2612070617896022,0.6173261081609648,0.5601163831185123,-1.1077830695859887
4801,59887928,r,12,-1.03885577255195,0.2126922916884011,0.43371671376384135,0.5968966789451562,-1.03885577255195
4802,5990774,g,4,-0.23005758392637682,0.14356356703127943,0.3221179304358392,0.07737385235713874,-0.23005758392637682
4803,5990774,i,3,-0.12014082953366023,0.06264334217389383,0.32604534287568165,0.12392606533447796,-0.12014082953366023
4804,5990774,r,5,-0.34515328299751946,0.050423088315830866,0.09427426923600357,0.13960334237208366,-0.34515328299751946
4805,59909124,i,3,-0.2481878701911029,0.1016920181955166,0.188475018995913,0.05885812273668998,-0.2481878701911029
4806,59909124,r,6,0.01667927344103358,0.19689809169284478,0.32041488848620403,0.15611685583639565,0.01667927344103358
4807,59909124,u,4,-1.372659457835796,0.13128190966318265,0.19448245871391445,1.7061491869116825,-1.372659457835796
4808,5998872,i,3,-0.49284088038428453,0.07216391266155575,0.38136762416269676,0.1676563764416369,-0.49284088038428453
4809,5998872,r,5,-0.07153266502945416,0.197848105164136,0.5703188195548641,0.13155343724144894,-0.07153266502945416
4810,5998872,u,3,-1.2698189795787955,0.15564008055332845,0.17752439314959578,1.4503787899652785,-1.2698189795787955
4811,59995254,g,3,-0.7636319570243013,0.05890597071181669,0.11464778986638235,0.5020619379020931,-0.7636319570243013
4812,59995254,i,9,-0.11392569811849246,0.14144357356535542,0.2633836489836296,0.02983860079517157,-0.11392569811849246
4813,59995254,r,7,-0.004753726108781442,0.2583226128280256,0.5209840154810701,0.1140368554435692,-0.004753726108781442
4814,60030434,g,4,-0.08563648646395394,0.09714646365356494,0.24197824205583082,0.028436950082774436,-0.08563648646395394
4815,60030434,r,6,-0.060654944718715936,0.0708082402450669,0.11719974628105823,0.015879303727418904,-0.060654944718715936
4816,60069086,g,4,-1.0703234227436527,0.16219121538283748,0.2528787554056431,1.1168448386501881,-1.0703234227436527
4817,60069086,i,11,-1.8608556628020279,0.43888352244987106,1.296475672160518,1.7088203163361564,-1.8608556628020279
4818,60069086,r,20,-1.0792698743253426,0.20586383583835477,0.5411449249710547,0.9650084198610454,-1.0792698743253426
4819,60106109,g,2,-0.767422343627624,0.013273317223993608,0.013273317223993608,0.01776126998277117,-0.767422343627624
4820,60106109,i,9,-1.1941973939316182,0.10934232212835249,0.17206611882405554,8.774143925172977,-1.1941973939316182
4821,60106109,r,7,-1.3565540666138878,0.045794190229722975,0.19123150679477474,1.0105916100041898,-1.3565540666138878
4822,60112356,g,5,-0.45534638177857056,0.09182272701423488,0.23999269380093224,0.16515245095571585,-0.45534638177857056
4823,60112356,r,5,-0.18881505073467564,0.030837413715273765,0.05585006271552767,0.03949907921935035,-0.18881505073467564
4824,60146743,g,3,-0.7244596039863298,0.26528993630142117,0.30380667139614215,0.44075725329499393,-0.7244596039863298
4825,60146743,i,26,-1.6236545699507101,0.8385915319989135,1.6632327478823414,4.045826030986591,-1.6236545699507101
4826,60146743,r,32,-1.5740665035489305,0.704616257907825,1.6781861763845272,2.573939760264931,-1.5740665035489305
4827,60165446,g,3,-0.917756396492559,0.04029656400994619,0.0734871397287643,0.7258036031198611,-0.917756396492559
4828,60165446,r,10,-0.47464162227671725,0.15133991003067943,0.27808692801826074,0.19322224154206208,-0.47464162227671725
4829,6019495,i,8,-0.7110829628111368,0.23027912501015377,0.3931961073625785,0.5782687981686216,-0.7110829628111368
4830,6019495,r,8,-0.4208369541918725,0.12374962676147716,0.22105846729908935,0.22564973347820275,-0.4208369541918725
4831,60280681,g,4,-0.3315670321526182,0.03218101843434906,0.0977428351396824,0.09264915632348614,-0.3315670321526182
4832,60280681,i,16,-0.08858587851214847,0.13325814120429547,0.23857939445248438,0.02599151124610256,-0.08858587851214847
4833,60280681,r,10,-0.17667484345750956,0.10102229878981248,0.1752600082480399,0.04053367156096513,-0.17667484345750956
4834,60280681,u,2,-0.7054473700140682,0.0351014322676364,0.0351014322676364,0.4332665127045426,-0.7054473700140682
4835,60322714,g,5,-0.2074025445385832,0.19285444817414366,0.19589942312825093,0.13033574416156551,-0.2074025445385832
4836,60322714,i,16,-0.8822328558830829,0.36531808112419056,0.7728204038717559,0.8642205068561825,-0.8822328558830829
4837,60322714,r,15,-0.9108757993491747,0.6979316144512357,1.1149336524594355,0.6020064634547863,-0.9108757993491747
4838,6033282,i,3,-0.26309937713079923,0.004026405204956562,0.19088892471575453,0.03821208266326571,-0.26309937713079923
4839,6033282,r,8,-0.6358283433260978,0.09499405744612355,0.18310666235067785,0.29961969933129673,-0.6358283433260978
4840,60364845,g,2,0.32067543245624164,0.05361380773382518,0.05361380773382518,0.08336681259987568,0.32067543245624164
4841,60364845,i,10,-0.012017929698817487,0.16316236973402204,0.32208870611120033,0.06380664847014736,-0.012017929698817487
4842,60364845,r,6,0.6872617742775136,0.16643223730209378,0.2655386260035648,0.5179644347661444,0.6872617742775136
4843,60418875,g,3,-0.6958422598510203,0.021754198790258528,0.026885753593105743,0.4324380745991476,-0.6958422598510203
4844,60418875,i,9,-0.1903163282375957,0.06057299872835176,0.2452084438370199,0.04100214422703121,-0.1903163282375957
4845,60418875,r,14,-0.3669938970221385,0.11615196189921301,0.2142122888233205,0.1183123627820997,-0.3669938970221385
4846,6046411,g,6,-0.2970425108317016,0.08910313598524311,0.13415981679479155,0.08895903609326057,-0.2970425108317016
4847,6046411,i,13,-0.7272171996225423,0.374425326752297,0.7036420628758224,0.46388097760690916,-0.7272171996225423
4848,6046411,r,17,-0.5348310734214923,0.2553004273027455,0.3989604953938134,0.27659008654875944,-0.5348310734214923
4849,60492310,i,7,-1.4643055693931748,0.296483739681914,0.6312950594746789,1.5758765918910371,-1.4643055693931748
4850,60492310,r,6,-1.1282466304107448,0.1560762850948043,0.24854959538201837,1.152344920017524,-1.1282466304107448
4851,60503494,g,4,-0.5094605535360845,0.04837051151943966,0.17621189110790503,0.40663954840703387,-0.5094605535360845
4852,60503494,i,3,-0.16425563766006324,0.49875621291795635,0.5691663840896226,0.21182339452275553,-0.16425563766006324
4853,60503494,r,7,-0.31837212832141437,0.4062061875263263,0.6471312306887782,0.19836080604153125,-0.31837212832141437
4854,60503494,u,3,-1.8537859164620203,0.10293493170877088,0.1972152877450042,2.9924773055496776,-1.8537859164620203
4855,60520564,g,7,-0.7246245595854313,0.11337459956580664,0.14677353636304402,0.5162720931704133,-0.7246245595854313
4856,60520564,i,9,-1.3009090720839378,0.13754789984892501,0.556640469301252,0.9218480950954224,-1.3009090720839378
4857,60520564,r,10,-0.9901057193336638,0.2859705925075543,0.4737239720603076,0.976184546125058,-0.9901057193336638
4858,60543726,i,9,-0.07912689488482735,0.033260814652754045,0.05898828659857916,0.024394945431066555,-0.07912689488482735
4859,60543726,r,12,-0.1783050421446949,0.07086521000611312,0.14875653387716983,0.034336044165765835,-0.1783050421446949
4860,60546966,g,3,-0.7108135010226609,0.028286939583544113,0.06864956644102027,0.4675104276166954,-0.7108135010226609
4861,60546966,i,6,-1.3189959979216361,0.2779644412992245,0.5923016837622366,0.9332147393560447,-1.3189959979216361
4862,60546966,r,8,-0.5692794809314066,0.16325505621889352,0.435886776020647,0.5724250881753705,-0.5692794809314066
4863,60548439,g,5,-0.2502772433588813,0.17920459372521264,0.3972777126240146,0.4523009217058222,-0.2502772433588813
4864,60548439,i,10,-0.6291850949329363,0.10217103983882792,0.17547643412157088,0.32250703225798205,-0.6291850949329363
4865,60548439,r,7,-0.4702829401982067,0.14394702058226427,0.28321242960478193,0.2361366151949826,-0.4702829401982067
4866,60548439,u,3,-0.9848816789031862,0.07466272933193885,0.09787106043828009,0.889122433393395,-0.9848816789031862
4867,60572689,i,6,-0.1919286230449157,0.1921439555770395,0.3255904346771348,0.07054761715910365,-0.1919286230449157
4868,60572689,r,6,-0.2773664282209099,0.1414193443088514,0.34507476815973304,0.08707761811976637,-0.2773664282209099
4869,60606507,g,2,-0.2644802363702495,0.025448587626828167,0.025448587626828112,0.07651778412079362,-0.2644802363702495
4870,60606507,i,5,-0.11211725824293484,0.11304389829478989,0.49340244080114326,0.08139180240509498,-0.11211725824293484
4871,60606507,r,6,0.17512607060376123,0.07399903871918967,0.1421909664543717,0.05467002518928041,0.17512607060376123
4872,6061501,g,3,-0.6579995934974461,0.11663064088265496,0.20831671473701996,0.3527166247844799,-0.6579995934974461
4873,6061501,i,4,-0.7854610028885796,0.13404186327803647,0.3104097162364501,0.5264586397495411,-0.7854610028885796
4874,6061501,r,12,-0.8344716894254729,0.17213622630933867,0.3045517177602307,0.7021082591472091,-0.8344716894254729
4875,60657724,g,8,-0.6415913661481134,0.08542279374591699,0.46990947625173574,1.7720730801985207,-0.6415913661481134
4876,60657724,i,20,-1.7545791442294196,0.36996981133149087,0.9404550149595683,1.4549728436755571,-1.7545791442294196
4877,60657724,r,20,-1.248000776873152,0.7461483292206195,1.3047571889258707,1.4490704787882358,-1.248000776873152
4878,60657724,u,4,-1.08073584290825,0.1627308362274158,0.274328825642034,0.976647427007995,-1.08073584290825
4879,60667156,i,9,0.7387751793693407,0.4546136191912755,1.0574441633844935,0.2914688817634099,
4880,60667156,r,4,-0.3503938462758607,0.003697277965747481,0.34057807259543904,0.1942288325400161,
4881,6069312,g,5,-0.8758033392741091,0.05326941922890249,0.06590401530507961,0.4861655005175362,-0.8758033392741091
4882,6069312,i,9,-0.9205292431017686,0.16147498475539535,0.320094875157077,0.5396578714186648,-0.9205292431017686
4883,6069312,r,10,-1.1148466906716068,0.1793804313595193,0.3330868877033656,0.7462683556397538,-1.1148466906716068
4884,60706289,g,5,-1.0002717386940374,0.07904540128210735,0.35491328109632514,0.7324128550132935,-1.0002717386940374
4885,60706289,i,10,-0.7079411496370522,0.8319562291434854,1.1731642088915,1.0137870552999821,-0.7079411496370522
4886,60706289,r,10,-1.2849186869169427,0.5137596173456681,1.0225459170051394,1.362617768727643,-1.2849186869169427
4887,60714958,i,5,-0.6861879563935556,0.02751384549879332,0.04142429499896794,0.2873859846462024,-0.6861879563935556
4888,60714958,r,8,-0.7798163114378,0.2908790425540423,0.5725183625237757,0.414850874741392,-0.7798163114378
4889,60754252,g,3,0.8463084942384618,0.28718178974198993,0.3469996778786235,0.6014489411216346,0.8463084942384618
4890,60754252,i,11,0.13791772004078323,0.09762144846230122,0.17050499387856244,0.043216712377328104,0.13791772004078323
4891,60754252,r,10,0.23424134547160957,0.12130049780688612,0.19956558267457625,0.07707467425033394,0.23424134547160957
4892,60784924,i,11,-0.35564673104397126,0.07921489097928203,0.17244861097704473,0.1110600411632178,-0.35564673104397126
4893,60784924,r,11,-0.3304191511045562,0.069094078422695,0.10434667246341833,0.09078615875182007,-0.3304191511045562
4894,60845314,g,2,-0.5999460334195952,0.05681627209809559,0.05681627209809559,0.3324904262331135,-0.5999460334195952
4895,60845314,i,7,-0.5395787599056745,0.05386707300069027,0.15267980382977353,0.3216951869756889,-0.5395787599056745
4896,60845314,r,3,-0.4060850870366632,0.0954865422668793,0.10512198041870813,0.17709812921982962,-0.4060850870366632
4897,6089028,i,21,-1.4127737511515783,0.7390300153657767,1.4006086761061183,1.3868478505699922,-1.4127737511515783
4898,6089028,r,19,-0.5559497461379124,0.2788294347643117,0.8324824840328786,0.550426665269764,-0.5559497461379124
4899,6089028,u,2,-1.0866936148218396,0.16745640721408117,0.16745640721408117,1.052728426896834,-1.0866936148218396
4900,60919331,g,8,-0.4921623296825539,0.08973000646549156,0.17757482252743434,0.11947225124710256,-0.4921623296825539
4901,60919331,i,11,-0.3966569752927285,0.1677010177424299,0.41708996979814095,0.2659846311147233,-0.3966569752927285
4902,60919331,r,11,-0.4889084406880808,0.20085532943385842,0.34945901442285265,0.3001588286747119,-0.4889084406880808
4903,60924334,i,6,-0.315933392731206,0.10638997532861183,0.28123635303886324,0.07810084450985039,-0.315933392731206
4904,60924334,r,6,-0.3498806589224971,0.08886471907750793,0.15158336840900283,0.10707440684088156,-0.3498806589224971
4905,60977011,i,4,-0.5014953980610946,0.12658265059518659,0.2779024299532104,0.17403821754326293,-0.5014953980610946
4906,60977011,r,6,-0.2225142161076124,0.12055607957232028,0.20165340240548357,0.20673599764340586,-0.2225142161076124
4907,60990751,i,5,-1.668885309754096,0.20872666092012082,0.38441693300772295,1.6835541596233607,-1.668885309754096
4908,60990751,r,6,-1.08536955742923,0.3931705231602154,0.7243499085621248,0.9990189337274166,-1.08536955742923
4909,60998792,i,11,-0.5588606126251541,0.12093254727041858,0.28832785230830127,0.2504526350696723,-0.5588606126251541
4910,60998792,r,10,-0.49969098046039095,0.07723026240591413,0.09913379815674023,0.16474983304314725,-0.49969098046039095
4911,61028297,g,5,-0.3341701046116462,0.060076152287326046,0.1339488858496698,0.11522010233900579,-0.3341701046116462
4912,61028297,i,7,-0.2877068945598833,0.24939656110458872,0.46333432167704347,0.09318257816774857,-0.2877068945598833
4913,61028297,r,9,-0.06514899968248178,0.2105333213735695,0.36509326319684227,0.0687135391421087,-0.06514899968248178
4914,61028297,u,2,-1.0163181548784967,0.0010043058346717038,0.0010043058346715927,0.9846639190814379,-1.0163181548784967
4915,61031400,g,4,-1.259852980428743,0.07161418455343194,0.1473412856139158,0.8386066621188043,-1.259852980428743
4916,61031400,i,6,-1.0210083104114231,0.11516816909438121,0.23404236016275692,0.47865235777438886,-1.0210083104114231
4917,61031400,r,6,-1.2923567828158056,0.07939183276367956,0.44924375948635753,0.7544197868475994,-1.2923567828158056
4918,61047869,g,2,-0.45911512973691737,0.19016696335255823,0.19016696335255823,0.21332405882544536,-0.45911512973691737
4919,61047869,i,6,0.18857521233153587,0.2006102175671804,0.3201777216995922,0.15681004291868708,0.18857521233153587
4920,61047869,r,7,0.08379589235819851,0.04910705318938463,0.0875969144865521,0.015413126983570962,0.08379589235819851
4921,61047869,u,2,-1.041657754310177,0.17406437283790832,0.1740643728379082,0.9950867842292623,-1.041657754310177
4922,61065561,g,2,-0.3090673082074926,0.10866801027744707,0.10866801027744705,0.1226854048390977,-0.3090673082074926
4923,61065561,i,4,0.14661989274791565,0.20530330149534065,0.3708633606285941,0.07202591324365973,0.14661989274791565
4924,61065561,r,9,0.07282651633675116,0.03398879414541947,0.05750635957459582,0.02605955957471484,0.07282651633675116
4925,610701,g,4,-0.9288029154470321,0.015327842306199213,0.02468954527348266,0.8169684998800468,-0.9288029154470321
4926,610701,i,8,-1.9947127049592739,0.5614243169082891,1.2407395285613751,2.108272636585821,-1.9947127049592739
4927,610701,r,9,-1.124989374983812,0.5351178042258411,1.1671813390938837,1.8103564117086206,-1.124989374983812
4928,61105037,g,4,-0.01602790784766772,0.023035843837997727,0.04839860013374464,0.0013554105603297588,-0.01602790784766772
4929,61105037,i,21,-0.4571951875937075,0.31949375678096215,0.607425758046911,0.22421062685844725,-0.4571951875937075
4930,61105037,r,15,-0.25522975713323337,0.34986559085055724,0.8282592517232545,0.2660748702046807,-0.25522975713323337
4931,61105037,u,2,-0.24051649297163324,0.22390760565942713,0.22390760565942713,0.09026547753359156,-0.24051649297163324
4932,61134529,g,3,-0.5241379349147619,0.09137607630578032,0.15235600448151,0.31583083609429224,-0.5241379349147619
4933,61134529,i,2,-0.7088530616858345,0.33568681934489353,0.3356868193448934,0.5145277877463308,-0.7088530616858345
4934,61134529,r,7,-0.8346959913070675,0.10175326966984977,0.25182259565821774,0.5912076986677816,-0.8346959913070675
4935,61140035,g,5,-0.45460576003295927,0.1674008399079006,0.2640710945409659,0.3215417661757515,-0.45460576003295927
4936,61140035,i,11,-0.8104558405001612,0.132670826622016,0.18751042880779245,0.4961691901430185,-0.8104558405001612
4937,61140035,r,12,-0.5211800096541026,0.4210339985048204,0.8002003685058253,0.4636033156182597,-0.5211800096541026
4938,61148178,i,11,-0.8499414434449315,0.06708702505567721,0.12576699906178035,0.5819392762026628,-0.8499414434449315
4939,61148178,r,2,-0.35724589594537526,0.3114574930534777,0.3114574930534777,0.2582908164159439,-0.35724589594537526
4940,61177900,g,2,-0.6717521471494527,0.18951952584349474,0.18951952584349474,0.4536230815868525,-0.6717521471494527
4941,61177900,i,4,-0.5013708904340698,0.09562194201977722,0.1921625467767114,0.24964044905511729,-0.5013708904340698
4942,61177900,r,6,-0.7277801385742388,0.12820365705286813,0.22679887247364494,0.5422796732687352,-0.7277801385742388
4943,61209429,g,3,-2.066856297352677,0.10561332794643441,0.1287382216436208,2.1275870892335127,-2.066856297352677
4944,61209429,i,24,-1.6692958128594584,0.6281609105658981,1.2751179564786317,1.563637174038199,-1.6692958128594584
4945,61209429,r,26,-1.787741275521447,0.919092232262806,1.8187540728630591,2.2997492053731907,-1.787741275521447
4946,61224273,i,8,-0.8499768675709893,0.14536434132015597,0.30801550402419187,0.7469142545314494,-0.8499768675709893
4947,61224273,r,9,-1.148589558370365,0.11726904545939054,0.2227003395866869,9.189126842671518,-1.148589558370365
4948,61257084,g,5,-0.140781692307139,0.007139574233215873,0.020567232237436395,0.015375704140481472,-0.140781692307139
4949,61257084,i,23,-0.48528458780329176,0.25358831373412294,0.4234109210432476,3.037757386885502,-0.48528458780329176
4950,61257084,r,22,-0.4594936358564943,0.3500509811398655,0.6226635211461722,0.18371251991389118,-0.4594936358564943
4951,61257084,u,2,0.09179571312356893,0.10469026742375398,0.10469026742375398,0.015740003074955614,0.09179571312356893
4952,61264775,g,4,-0.5720046281596971,0.023543972013256698,0.05404911071160989,0.3136387462084508,-0.5720046281596971
4953,61264775,i,2,-0.1249516097134106,0.12537985362363777,0.12537985362363774,0.027604398530170698,-0.1249516097134106
4954,61264775,r,4,-0.21147405499309632,0.025348569689395195,0.09227868761432179,0.08934786567885936,-0.21147405499309632
4955,61264775,u,3,-1.6469301315660418,0.05331562033670201,0.06928165660789176,2.3870714687757797,-1.6469301315660418
4956,61274318,g,2,-0.6371970989167832,0.15347131092680844,0.15347131092680844,0.4042494380066285,-0.6371970989167832
4957,61274318,i,11,-0.1925078835353229,0.06720962221243532,0.1647593870017027,0.06335354258935294,-0.1925078835353229
4958,61274318,r,11,-0.3098534382631292,0.09666413755165754,0.19310378787642934,0.08136596399274033,-0.3098534382631292
4959,61274318,u,3,-1.468280967701765,0.025714781455305147,0.10255741749781877,1.5992241064157484,-1.468280967701765
4960,61305708,g,2,-0.5289941007630896,0.01659148387976972,0.01659148387976961,0.27177166961963006,-0.5289941007630896
4961,61305708,i,19,-0.7731528542690937,0.5242001484712939,1.1129252805854672,0.6854930942300511,-0.7731528542690937
4962,61305708,r,22,-0.8360972970536693,0.7319307608160115,1.4061422232551108,0.7394297948005036,-0.8360972970536693
4963,61305708,u,4,-1.1006956229004543,0.022044292488791695,0.06916213129346183,1.0496307786340537,-1.1006956229004543
4964,61313805,g,2,0.31375185996265625,0.045681393765714506,0.04568139376571445,0.09561728288546426,0.31375185996265625
4965,61313805,i,3,0.520642829151839,0.1494546804794472,0.282142315513343,0.20603939092137377,0.520642829151839
4966,61313805,r,6,0.4450079221208766,0.29776500074088463,0.5099623364745202,0.33546197561793206,0.4450079221208766
4967,61313805,u,2,-0.03338973215679686,0.034515135146327425,0.034515135146327425,0.002091128910932371,-0.03338973215679686
4968,6135887,i,10,-1.0102204094669351,0.3758730822943309,0.7106183401937644,0.9241547920725826,-1.0102204094669351
4969,6135887,r,10,-0.7071141440663719,0.1735874071816101,0.4625128706662831,0.4966676141197312,-0.7071141440663719
4970,61362590,g,3,-0.23963389739448004,0.2621656155416636,0.662563295834133,0.3431849601677101,-0.23963389739448004
4971,61362590,i,12,-0.1696021473963666,0.029443249718782954,0.12463381415152192,0.03768276990418689,-0.1696021473963666
4972,61362590,r,9,-0.1574589335105263,0.1816106367231347,0.22753598031836986,0.0643260061300326,-0.1574589335105263
4973,61362590,u,2,-0.013837779337425832,0.2731133835784574,0.2731133835784573,0.06753542262829455,-0.013837779337425832
4974,61376306,g,2,-0.4463637799333941,0.05193675369710621,0.05193675369710615,0.1974040809452164,-0.4463637799333941
4975,61376306,i,8,-0.30165510014033686,0.16588766277220723,0.29168071598763345,0.11590356422087247,-0.30165510014033686
4976,61376306,r,9,-0.38115491752167263,0.15776534894431138,0.4358349787001409,0.09044518239975531,-0.38115491752167263
4977,61396349,i,7,-0.502544952742492,0.15852683199947404,0.437805858761904,0.27817585433395275,-0.502544952742492
4978,61396349,r,4,-0.48131038124093917,0.11265719890695247,0.2916115191018942,0.30501496653153,-0.48131038124093917
4979,61500120,i,9,-0.74627245317258,0.2153965587074278,0.3871472328305977,0.5368644514743645,-0.74627245317258
4980,61500120,r,9,-0.9804429619608087,0.12043467948383635,0.18513848780012454,0.8528602237537533,-0.9804429619608087
4981,61556695,i,6,-0.4371806642336813,0.1249924646724698,0.2112449941971229,0.15756850007329556,-0.4371806642336813
4982,61556695,r,10,-0.6058382529866506,0.15735361488826693,0.3493234997001532,0.29386916843787114,-0.6058382529866506
4983,61572053,i,11,-2.155021118266223,0.2092900951289991,0.42773372658025766,2.976633099196059,-2.155021118266223
4984,61572053,r,6,-1.5734840654582687,0.10571952536282847,0.22084511098006643,2.0405907176899274,-1.5734840654582687
4985,61626985,g,11,-0.6693689673126582,0.05658093586210411,0.14837374198911946,0.3916183578890972,-0.6693689673126582
4986,61626985,i,10,-0.31799741786573676,0.20237823354603615,0.336613343828766,0.1138963804968717,-0.31799741786573676
4987,61626985,r,13,-0.5418914936141527,0.1107090668269658,0.19503994194308072,0.3557517284574663,-0.5418914936141527
4988,61629208,g,2,-0.12248307243714218,0.19905732484261196,0.19905732484261196,0.05156804899175529,-0.12248307243714218
4989,61629208,i,12,-0.35148174729609627,0.2582064567131846,0.5141712392099254,0.12685356431692152,-0.35148174729609627
4990,61629208,r,13,-0.5572977304173283,0.2140818968497431,0.5954814924101077,0.20316505868914403,-0.5572977304173283
4991,61629208,u,3,-0.3661815085228639,0.05544894816312862,0.219148054067565,0.21799112275923707,-0.3661815085228639
4992,61646587,i,7,-0.45602763000116237,0.1510348168990288,0.21133500627219548,0.22306784916508526,-0.45602763000116237
4993,61646587,r,6,-0.4917709784951054,0.08337944533733693,0.1755927776455552,0.24168197347537088,-0.4917709784951054
4994,6165313,i,7,-0.8548622280802961,0.03884833362032125,0.08541987504675919,0.6614012282118716,-0.8548622280802961
4995,6165313,r,5,-0.6959584364848805,0.006761849811603771,0.008744403664486922,0.470498849986248,-0.6959584364848805
4996,61661795,g,3,-0.5555891463033176,0.0021376063237986687,0.07343660497715576,0.24292819286685266,-0.5555891463033176
4997,61661795,i,3,-0.45378952978132064,0.09917942625808901,0.6089746643966442,0.5254553844088021,-0.45378952978132064
4998,61661795,r,5,-0.3849431514225906,0.11044272648800846,0.19345744404366927,0.3913291015625901,-0.3849431514225906
4999,616783,g,5,-0.6191929850860864,0.06676807682498931,0.12678384777248508,0.36591949028193516,-0.6191929850860864
5000,616783,i,18,-0.860184270466708,0.28124934079799985,0.8541599448158428,0.5487299984640794,-0.860184270466708
5001,616783,r,19,-1.0068722546581323,0.4044937840333249,0.720971913334736,0.701762930674344,-1.0068722546581323
5002,616783,u,2,-0.802859084570162,0.15836585305551343,0.15836585305551343,0.5830285361666235,-0.802859084570162
5003,61694543,g,2,0.06147816444293849,0.11303667717431184,0.11303667717431184,0.016466093716699534,0.06147816444293849
5004,61694543,i,16,-0.17785645651729878,0.11614023639664708,0.2429404956900169,0.06127415298096158,-0.17785645651729878
5005,61694543,r,16,-0.2642319910525819,0.08395983103839516,0.3967445295712407,0.07540028608827964,-0.2642319910525819
5006,61694543,u,2,-0.2563147447356052,0.5059435740321724,0.5059435740321725,0.3120787627713434,-0.2563147447356052
5007,61696701,g,3,0.43334378058223266,0.10072905703886259,0.17406958193496413,0.23473743993172672,0.43334378058223266
5008,61696701,i,19,-0.47214947071739954,0.2938645117451776,0.6146435941655976,0.25464919479901676,-0.47214947071739954
5009,61696701,r,22,-0.5151448486886845,0.28016535600602616,0.5624515658017631,0.3334408573153275,-0.5151448486886845
5010,6172280,g,4,0.18711595683603677,0.29940447440681905,0.4761940374622603,0.13737152864336555,0.18711595683603677
5011,6172280,i,4,-0.12297655902424377,0.24334570213206955,0.5383996178703117,0.10794820589006651,-0.12297655902424377
5012,6172280,r,6,-0.07379927192054486,0.1291966124297777,0.7719966057964357,0.22341679587292096,-0.07379927192054486
5013,6173140,i,11,-0.4042107344177155,0.029477664195688646,0.07567587273983634,0.1510496737704946,-0.4042107344177155
5014,6173140,r,7,-0.2095613722291304,0.11826818569785347,0.2053514442078363,0.07024063547871304,-0.2095613722291304
5015,61765240,i,6,-0.0753291405866036,0.05332867469420699,0.09016544537771129,0.009397183854926184,-0.0753291405866036
5016,61765240,r,7,-0.20987977557127185,0.09813705114600363,0.1301619873061433,0.04273623386686921,-0.20987977557127185
5017,61765240,u,2,-0.7922237789995654,0.07291684557542655,0.07291684557542655,0.5294175626323845,-0.7922237789995654
5018,61770481,i,6,-0.11792560446868579,0.3817926712750682,0.6610498313668693,0.15883715500798654,-0.11792560446868579
5019,61770481,r,4,-0.5019289502919089,0.03551695687302986,0.3742850327658781,0.3787118471766433,-0.5019289502919089
5020,61779016,i,6,-0.5636826789640754,0.23730731778016811,0.414669639949255,0.3372148613425723,-0.5636826789640754
5021,61779016,r,7,-0.7658615451660595,0.1329821856414113,0.23422740656041618,0.4914811121618975,-0.7658615451660595
5022,61803290,i,8,-2.1411751759826796,0.08333567232825434,0.3183086401867101,2.5651561671815277,-2.1411751759826796
5023,61803290,r,6,-2.1433190224827596,0.24367619113440653,0.4398519225531796,2.6111100293270137,-2.1433190224827596
5024,6181720,g,2,-0.08762134177438796,0.19233321687064098,0.19233321687064098,0.005949242409067389,-0.08762134177438796
5025,6181720,i,12,-0.24439390613709663,0.277403743325061,0.48117901077478104,0.10006241096712698,
5026,6181720,r,7,0.28933692401059274,0.1575081990331546,0.21870877146330026,0.086692871979695,
5027,61820323,g,2,-0.20337975906614103,0.006295186116994422,0.006295186116994422,0.04014496363366066,-0.20337975906614103
5028,61820323,i,4,0.13576528418270595,0.36711307923767655,0.7545225345451048,0.17556575157311904,0.13576528418270595
5029,61820323,r,10,-0.05241176882866641,0.2019991479494053,0.435737458031072,0.08128530696135991,-0.05241176882866641
5030,61820323,u,4,-0.9246304865079966,0.06907915923351471,0.14391886094715478,0.7932465907261557,-0.9246304865079966
5031,61829263,g,2,-1.3502993940344972,0.12183127503349578,0.12183127503349578,0.9161500980475736,-1.3502993940344972
5032,61829263,i,8,-1.8694826869882641,0.3015910263205164,0.6766819911185942,2.0134314301073055,-1.8694826869882641
5033,61829263,r,9,-2.041997224581094,0.11090463200310863,0.4446854186714724,2.1662270267935213,-2.041997224581094
5034,61871543,g,6,-0.7573840461968367,0.0798216456549023,0.12250456282915079,0.5164404196812432,-0.7573840461968367
5035,61871543,i,2,-0.1543499484930812,0.11443624866636087,0.11443624866636087,0.03518320692651016,-0.1543499484930812
5036,61871543,r,6,-0.17398575581397555,0.23573118483043687,0.5558411085584017,0.2041933067132263,-0.17398575581397555
5037,61880054,i,5,-0.6724361502375207,0.04471038219834522,0.38443914765543774,0.15088193353892834,-0.6724361502375207
5038,61880054,r,7,-0.5611854617723937,0.11521934434743919,0.44599878602296417,0.24581188613960236,-0.5611854617723937
5039,61907164,i,8,-0.9225617635622874,0.2192554136283934,0.3875224045256833,0.48846349523825355,-0.9225617635622874
5040,61907164,r,7,-0.2347455035980338,0.1446756105399446,0.33578226304628617,0.07596572460120761,-0.2347455035980338
5041,61931067,g,3,-1.0564923745420522,0.1506736874060417,0.39292756779944793,1.3789207203913414,-1.0564923745420522
5042,61931067,i,7,-1.8642669375058243,0.18945897475722484,0.47197448584047486,1.8474966881629826,-1.8642669375058243
5043,61931067,r,11,-1.4536159454324582,0.46229268935445955,1.01172638363251,1.1112999493617581,-1.4536159454324582
5044,6194118,i,8,-0.7530234851246711,0.3657997588256401,0.5920992145093334,0.6081492275776209,-0.7530234851246711
5045,6194118,r,8,-0.6579962432322037,0.27868178738756577,0.4642859300661881,0.5088327431478141,-0.6579962432322037
5046,61961273,i,9,-0.08935949399368537,0.10923764334636615,0.14659382222224981,0.016118281390522887,-0.08935949399368537
5047,61961273,r,5,-0.32213857046183986,0.003292597609427461,0.1750294435072347,0.06623309391805805,-0.32213857046183986
5048,61996316,g,3,-0.9920222671955976,0.033046928916395046,0.19365185446804722,0.7135197504880036,-0.9920222671955976
5049,61996316,i,4,-0.5895645914189712,0.4507639808572263,0.7869886219938957,0.3780338990451249,-0.5895645914189712
5050,61996316,r,4,-0.7825714275838629,0.5166287201374369,0.9026105443434769,0.6483088022921129,-0.7825714275838629
5051,61996316,u,2,-0.715415634764643,0.11250203892451194,0.11250203892451194,0.4454552276856114,-0.715415634764643
5052,61997846,i,3,0.047148163421442735,0.001560006531919067,0.19092238962508387,0.0316652002756669,0.047148163421442735
5053,61997846,r,8,-0.20834114428077932,0.11554367709563218,0.4349969352425872,0.23678656103080647,-0.20834114428077932
5054,61997846,u,2,0.38789071549615584,0.27472972869873047,0.27472972869873047,0.20149854419460497,0.38789071549615584
5055,62014407,i,9,0.259121353434666,0.08158916551474904,0.1258344511996659,0.08793499953012479,0.259121353434666
5056,62014407,r,6,0.30260450215434853,0.23485811281749713,0.4492353661547845,0.14081732561385532,0.30260450215434853
5057,62020851,i,5,-1.0796945440279988,0.16982841223876788,0.315314591430776,0.73309107160295,-1.0796945440279988
5058,62020851,r,6,-1.0625793703861262,0.3806516179923747,0.6748840495985486,0.7844674689386429,-1.0625793703861262
5059,62036729,g,4,-0.6156656612427851,0.03572592759180565,0.07095134546409965,0.36230194443618813,-0.6156656612427851
5060,62036729,i,12,-0.2701155969581329,0.17692323236681268,0.3419024109312866,0.11700546559714536,-0.2701155969581329
5061,62036729,r,9,-0.34793804052625676,0.10169886792845106,0.12809135540824812,0.15386713075055428,-0.34793804052625676
5062,62068925,i,7,-0.6599737720365961,0.08732489287315237,0.2554220406453196,0.331815163040702,-0.6599737720365961
5063,62068925,r,12,-0.5815826185783237,0.11547142239846764,0.19518951381327088,0.36939631234743014,-0.5815826185783237
5064,62071831,g,3,-0.4956493431356108,0.25084339355018903,0.44108392178136135,0.47441033912744973,-0.4956493431356108
5065,62071831,i,7,-0.28857790622376245,0.15826416445723213,0.2667450063796599,0.13560699337874405,-0.28857790622376245
5066,62071831,r,8,-0.5354213970478203,0.05696698103718467,0.09392389319717043,0.26832322755966054,-0.5354213970478203
5067,62099973,i,7,-0.5839925936882404,0.3182102409156311,0.732359632056161,0.38784369768492283,-0.5839925936882404
5068,62099973,r,5,-0.2148768339254965,0.1474334049141508,0.2511091034937203,0.07619375894378702,-0.2148768339254965
5069,62110375,i,13,0.22721212749121378,0.15576967083725635,0.28938960677165876,0.16343224829100417,0.22721212749121378
5070,62110375,r,11,0.1868485575301618,0.1480919026629903,0.24719690917528536,0.1618580547256978,0.1868485575301618
5071,62132931,i,15,-0.9219782236063601,0.09913124127156214,0.16187210777387429,0.5189856464262143,-0.9219782236063601
5072,62132931,r,10,-0.7621084997990386,0.03939364139773249,0.06912042473726454,0.34126464719522276,-0.7621084997990386
5073,62135928,g,2,0.1927710644127295,0.022340008620154506,0.022340008620154506,0.03561605667723923,0.1927710644127295
5074,62135928,i,9,-0.8614620653291007,0.26079742334737466,0.49138512332461226,0.5087245879619551,-0.8614620653291007
5075,62135928,r,10,-0.6795817992566298,0.08272792802157947,0.15680962498753725,0.3695524783554331,-0.6795817992566298
5076,62170913,g,2,-0.05169942287371465,0.002420495281427959,0.002420495281427959,0.002444431952305861,-0.05169942287371465
5077,62170913,i,6,-0.2529996679494393,0.010873544813255198,0.016980310958269323,0.04718913228112245,-0.2529996679494393
5078,62170913,r,6,-0.27847201772379865,0.026579649194462096,0.05023712484408904,0.07808892059928997,-0.27847201772379865
5079,62192567,i,17,-0.12542206785607624,0.23856058993582718,0.39692006455137185,0.08559770850094307,-0.12542206785607624
5080,62192567,r,7,0.08033653859991863,0.01865773190147213,0.04794326703480778,0.009238652050574805,0.08033653859991863
5081,6220397,g,6,-0.21327647081391365,0.08403529247137065,0.17211164922118558,0.06276618073009012,-0.21327647081391365
5082,6220397,i,7,-0.29456877165887263,0.055024802951439994,0.08286120555571724,0.07228386261515109,-0.29456877165887263
5083,6220397,r,6,-0.0005272049661281392,0.05340042461105396,0.08054409955623132,0.006719723498252675,-0.0005272049661281392
5084,62223150,g,3,0.036634161227806494,0.3415992773594527,0.3596182396310814,0.06848759759856202,0.036634161227806494
5085,62223150,i,3,-0.665260320397683,0.0734598487749083,0.15307330777725336,0.2567095571596111,-0.665260320397683
5086,62223150,r,5,-0.21745736122691017,0.07290583435538822,0.09917564535537726,0.14420113211422775,-0.21745736122691017
5087,62227242,i,6,-0.7812596149313303,0.05872250224385228,0.10119719723843545,0.4533037089738421,-0.7812596149313303
5088,62227242,r,5,-0.23403910492125712,0.056744337601053685,0.0755200649792851,0.07327151192707176,-0.23403910492125712
5089,62233888,i,16,-0.3653199213337769,0.10732339425970316,0.19480500016830493,0.1479734750016448,-0.3653199213337769
5090,62233888,r,10,0.24966047687144355,0.1385259642824629,0.46299202263881967,0.0699489935797103,0.24966047687144355
5091,6230620,g,3,-0.3739364733220101,0.01733914274611381,0.09092719408719474,0.15832777407735465,-0.3739364733220101
5092,6230620,i,10,-0.8610247254783879,0.03827521087959973,0.07956757892105015,0.6613259029402394,-0.8610247254783879
5093,6230620,r,7,-0.5787045583394159,0.058924103447483445,0.1947887768673897,0.2601047808627018,-0.5787045583394159
5094,62333623,g,5,-0.31833139307219277,0.06903880571927057,0.22598861488824962,0.09790244791697578,-0.31833139307219277
5095,62333623,r,6,-0.11372943651541978,0.0735251438139954,0.11359410457597355,0.019826426850056617,-0.11372943651541978
5096,62347634,g,4,-0.39070085123913667,0.09416994536811535,0.20651928775869066,0.15838488868435038,-0.39070085123913667
5097,62347634,i,14,-0.8328570740536392,0.16958110496204198,0.3557992117017994,0.46940417361162806,-0.8328570740536392
5098,62347634,r,21,-0.7828602675260969,0.46285546902108543,0.9719317610675275,0.6178174566720669,-0.7828602675260969
5099,62359011,g,4,-0.5118445641936231,0.08294856056569344,0.16603582368727515,0.2701314279893425,-0.5118445641936231
5100,62359011,i,8,-0.40807946976379783,0.25352393734671674,0.45889639350119993,0.21160265435958664,-0.40807946976379783
5101,62359011,r,8,-0.23140938490497287,0.02421836357035395,0.05278736429606423,0.05917363370790363,-0.23140938490497287
5102,62408544,i,6,-0.7603880893574296,0.1602512325173963,0.27406873038631685,0.4674047387946975,-0.7603880893574296
5103,62408544,r,8,-0.7862449174160191,0.08623844613312398,0.18507946824120447,0.6348176756676243,-0.7862449174160191
5104,6245511,i,16,-0.5883534105102524,0.3079305233591412,0.610390906386927,0.29302197357136617,-0.5883534105102524
5105,6245511,r,12,-0.7462308413235997,0.2584175799999311,0.42494766345468643,0.3932384330311342,-0.7462308413235997
5106,62461566,g,6,-0.5624214446113059,0.183452322172748,0.29216223879054987,0.18601870553779695,-0.5624214446113059
5107,62461566,i,19,-1.0095440145317038,0.21112897885887127,0.6173364283429221,0.5842711849894042,-1.0095440145317038
5108,62461566,r,19,-0.9510911872016863,0.2632103990588045,0.4412498673684805,0.6350949777193647,-0.9510911872016863
5109,6248576,g,9,-0.5621744436822735,0.11683524699954884,0.1755649031413411,0.3073600569237128,-0.5621744436822735
5110,6248576,i,24,-0.2276865709914047,0.19852108945616292,0.340294876725977,0.0712428346784217,-0.2276865709914047
5111,6248576,r,23,-0.320723502030573,0.07249467061803894,0.13981412019999828,0.07001742558705193,-0.320723502030573
5112,6248576,u,2,-1.2786722250047051,0.020296605912957455,0.020296605912957677,1.3085103215973954,-1.2786722250047051
5113,62491392,i,8,-0.1060249633637741,0.07830848839274801,0.13449712754285814,0.018163068570936077,-0.1060249633637741
5114,62491392,r,7,-0.11351522268167252,0.0910306379465608,0.29624085418579216,0.03634043484773699,-0.11351522268167252
5115,62604846,g,2,-0.08872194719003579,0.06278365811565356,0.06278365811565356,0.006243418951447192,-0.08872194719003579
5116,62604846,i,10,-0.7345877134230716,0.0940347179209533,0.2866568549708466,0.22511285962258687,-0.7345877134230716
5117,62604846,r,11,-0.8653392811211562,0.19545045466827426,0.4746789626527155,0.3057344360058096,-0.8653392811211562
5118,62649898,i,4,0.12103228758812072,0.02494973677347269,0.0536778197157973,0.02590504594637396,0.12103228758812072
5119,62649898,r,7,0.07041976784625706,0.1437114777074002,0.18708011494193563,0.08776834764795506,0.07041976784625706
5120,62649898,u,2,-0.7804207772452937,0.03620008352581261,0.03620008352581272,0.569097203085949,-0.7804207772452937
5121,62658768,i,6,-1.2553151863278798,0.03738300691001406,0.08681518586858883,0.8704246131105435,-1.2553151863278798
5122,62658768,r,5,-1.5945348244609798,0.09666531076526175,0.43688719700200096,1.0103842174759063,-1.5945348244609798
5123,62667174,g,4,-0.8901303507822631,0.04141668568018442,0.10018526033767394,0.72758737391317,-0.8901303507822631
5124,62667174,i,12,-0.9617669632869976,0.5258388209797169,0.9701365491127222,0.7971452727229428,-0.9617669632869976
5125,62667174,r,11,-0.46986816534360815,0.4621241964399927,1.446429523751012,0.8070622724170801,-0.46986816534360815
5126,62667174,u,2,-1.3993927396299275,0.10206045378125528,0.1020604537812555,1.6812796071806158,-1.3993927396299275
5127,62672421,g,3,-0.03470634608790979,0.08573388754168232,0.12388523277578806,0.009019499675161788,-0.03470634608790979
5128,62672421,i,4,-0.01683505924807821,0.0975874937050821,0.18815783887672916,0.00807869089395188,-0.01683505924807821
5129,62672421,r,7,-0.03028585406927453,0.18833926035120607,0.26774770360734074,0.0259692685797512,-0.03028585406927453
5130,6269638,i,11,0.1505753952001428,0.2692593687235492,0.47969169519344573,0.12390381007410546,0.1505753952001428
5131,6269638,r,10,0.08908588101362064,0.08447861294835757,0.15121131057968512,0.018517017287106162,0.08908588101362064
5132,62697035,g,2,-0.136312614142172,0.15871490316745518,0.15871490316745518,0.04175971763465198,-0.136312614142172
5133,62697035,i,9,-0.16033085759815388,0.12100029721019437,0.24038557769099267,0.04068473310311393,-0.16033085759815388
5134,62697035,r,10,0.009537358362894988,0.07684856142536048,0.13169546860772263,0.010458373333263214,0.009537358362894988
5135,62780348,i,11,-0.17231380880639546,0.177754595487437,0.2651258831269394,0.056678785216117716,-0.17231380880639546
5136,62780348,r,14,-0.24806857568173857,0.13199355384307854,0.25143730831509215,0.11059025380823044,-0.24806857568173857
5137,6281581,g,2,-0.4222834946786693,0.09067036947788598,0.09067036947788598,0.17775465933982187,-0.4222834946786693
5138,6281581,i,3,-0.2318102910458086,0.05760666673010062,0.12526517988427752,0.07006056104813418,-0.2318102910458086
5139,6281581,r,7,-0.5792342118934592,0.0829434860396927,0.4094100833351896,0.27951170946380605,-0.5792342118934592
5140,6284766,g,2,-1.2175477084942852,0.0221711363399848,0.0221711363399848,0.6841214823956108,-1.2175477084942852
5141,6284766,r,4,-0.8779735941909608,0.053010555799576586,0.10841474832980158,0.41491423469137,
5142,62856253,g,3,0.06832786706506933,0.10983928248030272,0.34633140616307717,0.09676606551301038,0.06832786706506933
5143,62856253,i,4,-0.14323386487183756,0.07322884931186266,0.1639109266764753,0.0429504612349616,-0.14323386487183756
5144,62856253,r,8,-0.173525617837981,0.13191946891904158,0.20568831643991264,0.07378085416327543,-0.173525617837981
5145,62961701,g,3,0.11744651991617783,0.19299773236418272,0.2398239388313651,0.05977411031835798,0.11744651991617783
5146,62961701,i,9,0.016312183328708485,0.10262788007272389,0.21213165830493652,0.06837814863675708,0.016312183328708485
5147,62961701,r,17,-0.10868862094667053,0.15108665186943504,0.2802348105434229,0.08362133087115595,-0.10868862094667053
5148,62961701,u,3,-0.33282865090256386,0.016648027403877275,0.25418087735040734,0.2855175594453211,-0.33282865090256386
5149,62976093,i,9,-1.6087809478679385,0.14508142029595272,0.26912164812463835,1.4963486640109462,-1.6087809478679385
5150,62976093,r,8,-1.7692881717753666,0.17119072476211827,0.29806225235353767,1.7058448074083483,-1.7692881717753666
5151,62978177,i,8,-0.5354031392340899,0.1236365737649178,0.2695731433364089,0.3541199136152496,-0.5354031392340899
5152,62978177,r,12,-0.6819771521490297,0.0845623792015005,0.1495791041568444,0.4743975230316257,-0.6819771521490297
5153,62980945,i,7,-0.907940686110666,0.17413701022478634,0.3238923003464651,0.4117554568738795,-0.907940686110666
5154,62980945,r,4,-0.8890614389130262,0.10877057516708799,0.22356960873747145,0.4282025931558426,-0.8890614389130262
5155,62987314,g,7,-0.13364616340173185,0.03415545830115052,0.06138219965685787,0.013677625612015345,-0.13364616340173185
5156,62987314,i,12,-0.4459220621956368,0.2224845642013114,0.44286536311102476,0.1545038633569986,-0.4459220621956368
5157,62987314,r,15,-0.42927457682904924,0.11143563019509106,0.3517474336333543,0.18037623811523992,-0.42927457682904924
5158,63074792,g,2,-0.08972339186430664,0.054896843138747126,0.054896843138747126,0.01293556986879359,-0.08972339186430664
5159,63074792,i,8,-0.19210762178073965,0.16297397749791204,0.3932518700206855,0.08866430905522663,-0.19210762178073965
5160,63074792,r,5,0.14054693064430257,0.1827891350916058,0.19184851248156895,0.05656957814129414,0.14054693064430257
5161,63134252,g,7,-1.219075414482762,0.5655157155611596,0.944036547119263,0.9387419733909775,-1.219075414482762
5162,63134252,i,25,-1.3788517817883912,0.5169010658915528,1.0318463017851642,1.2460385751590077,
5163,63134252,r,22,-1.6325837591807684,0.6111576241121235,1.2265398904501617,1.444904971027395,
5164,63186378,g,5,-0.2675046676426468,0.10252222718334253,0.10399851783707975,0.11615259146995698,-0.2675046676426468
5165,63186378,i,2,-0.41834237070520713,0.17335842729337764,0.17335842729337758,0.164647490971857,-0.41834237070520713
5166,63186378,r,16,-0.5817266464611399,0.1993089818269962,0.3951571125278682,0.34638451539647763,-0.5817266464611399
5167,63193672,g,2,-0.5193420788464248,0.004030000947777945,0.004030000947777834,0.26117822312906036,-0.5193420788464248
5168,63193672,i,9,-0.40590985023511655,0.19147637277325064,0.283247097805159,0.21252383052222001,-0.40590985023511655
5169,63193672,r,8,-0.6005839992072459,0.10665580392041807,0.2807264402903714,0.4574297918610535,-0.6005839992072459
5170,63286788,g,4,-0.06447547611100624,0.17235349369049424,0.3618801935776259,0.03575591022079127,-0.06447547611100624
5171,63286788,i,10,-0.012063792181009614,0.02801634222444066,0.05305051997930085,0.0034406228448183975,-0.012063792181009614
5172,63286788,r,7,-0.013566593885247724,0.012508591843380601,0.02047766563383513,0.0073078370043723135,-0.013566593885247724
5173,63310564,i,14,-0.37458953458647976,0.06262095012562321,0.12939895609779117,0.15199799197206568,-0.37458953458647976
5174,63310564,r,11,-0.1882515309144448,0.044170980002673055,0.14068301068539985,0.09480451040061903,-0.1882515309144448
5175,6331243,g,6,-0.27521302120712354,0.02668037573032389,0.04074458967912625,0.06101174962329956,-0.27521302120712354
5176,6331243,i,8,-0.7170995051384668,0.27087732440485673,0.5835926128916863,0.6130353306050185,-0.7170995051384668
5177,6331243,r,7,-0.5116973387634667,0.20992307663663812,0.6916183964470409,0.5028555322124874,-0.5116973387634667
5178,6335606,g,2,-0.24842518151423992,0.00882507737908761,0.008825077379087581,0.059946103069672844,-0.24842518151423992
5179,6335606,i,13,-0.314384768872714,0.17100996154245846,0.3263791774926614,0.13643072380749788,-0.314384768872714
5180,6335606,r,8,-0.42707115036875537,0.23974731188498422,0.47624272194723494,0.24037041231320283,-0.42707115036875537
5181,6337317,g,3,-0.4470467960418366,0.003325684339494317,0.007699578927299444,0.2084761837341149,-0.4470467960418366
5182,6337317,i,15,-0.6771064223899823,0.19535681822895468,0.38221285681157713,0.28081972706629804,-0.6771064223899823
5183,6337317,r,12,-0.5135806470382026,0.15705686063891627,0.26183354635606426,0.19999377344755573,-0.5135806470382026
5184,63388133,i,19,-1.2380375319541912,0.5937349007057322,1.338057472778364,1.0931511230375988,-1.2380375319541912
5185,63388133,r,20,-1.316393918275323,0.38535941630376924,0.7206955296004678,1.2200894328399752,-1.316393918275323
5186,63415028,g,4,-0.34763946879002827,0.034934512341302126,0.05736857207606805,0.1259525612103536,-0.34763946879002827
5187,63415028,i,5,-0.11767531952474986,0.16847743748956012,0.19390236181427523,0.034144333293007034,-0.11767531952474986
5188,63415028,r,7,-0.03901254031583945,0.05673655703934394,0.09754034094048719,0.003645190297420189,-0.03901254031583945
5189,63436653,i,5,-1.8216456584455045,0.13254568161889946,0.3997700017836192,1.695505061888928,
5190,63436653,r,4,-1.975831694553219,0.20360753626764239,0.38947486678778764,2.321533218976125,-1.975831694553219
5191,63440086,i,8,0.24501373932934611,0.04242850552025329,0.0739351777902483,0.050270984723759585,0.24501373932934611
5192,63440086,r,6,0.3933793747392189,0.038569316495620065,0.0658369493564509,0.1504334936280961,0.3933793747392189
5193,63494245,g,2,-0.7253442879230667,0.03880752562229772,0.03880752562229772,0.5114767851233002,-0.7253442879230667
5194,63494245,i,12,-1.058086164027193,0.29978407822653097,0.5559203397745036,0.8535917269198195,-1.058086164027193
5195,63494245,r,12,-0.9629359300535294,0.15382113703961275,0.3233784264638363,0.8299519478897549,-0.9629359300535294
5196,63547703,i,13,-1.605488180494347,0.1919590058086802,0.3821038464660176,1.388995322411517,-1.605488180494347
5197,63547703,r,6,-1.007362414695204,0.25968248100694225,0.5310171241581899,0.8502336841468648,-1.007362414695204
5198,63572973,g,6,-0.6482723135064742,0.027878811155810757,0.12918249402495774,0.3452169752905983,-0.6482723135064742
5199,63572973,i,13,-0.564625757525977,0.159254040403781,0.26964626382478496,0.3473668106545598,-0.564625757525977
5200,63572973,r,12,-0.5700194063603383,0.11974773255198687,0.41918152105694795,0.46510645241387666,-0.5700194063603383
5201,63572973,u,3,-1.4756672902969643,0.05155840160779546,0.12778710232160218,1.995839590694909,-1.4756672902969643
5202,63711119,i,14,-0.3642095893389426,0.2310179576349513,0.41904438740254973,0.201606467431843,-0.3642095893389426
5203,63711119,r,13,-0.31849147225795493,0.1790310145124071,0.2502089220480508,0.2792720200861204,-0.31849147225795493
5204,63712960,g,6,0.1248977717771057,0.4410578085169845,0.6802707404480177,0.16624490834865632,0.1248977717771057
5205,63712960,i,17,-0.004869935455695529,0.1305772465011475,0.25533522013957477,0.04611930168245053,-0.004869935455695529
5206,63712960,r,20,0.029396696390879995,0.12371198042248654,0.22043138174690394,0.02699720927243481,0.029396696390879995
5207,63712960,u,3,-0.708709135017494,0.08417122279845757,0.1272575385225252,0.5071934893602886,-0.708709135017494
5208,6372017,g,6,-0.3012321433904608,0.04659594071018938,0.19462482995866462,0.07611948447874976,-0.3012321433904608
5209,6372017,i,2,-0.05884869208882937,0.021922288352100916,0.021922288352100916,0.003107047617015725,-0.05884869208882937
5210,6372017,r,4,-0.12129605634282364,0.06127619368768873,0.1330395062340963,0.01735070479196264,-0.12129605634282364
5211,63739519,g,4,-0.4835237698063938,0.1087823631210112,0.2606852741066931,0.2404387824129142,-0.4835237698063938
5212,63739519,i,4,-0.1838401016961937,0.09865639895296541,0.20853770082303114,0.12459929226726899,-0.1838401016961937
5213,63739519,r,9,-0.32661721119635223,0.16972694573116065,0.25619829282200274,0.1429258613181592,-0.32661721119635223
5214,63753574,g,7,0.07516756182493811,0.26348547361208685,0.5865503143796333,0.12765605249541814,0.07516756182493811
5215,63753574,i,18,-0.2658658899320791,0.035495641414865164,0.0652349285991552,0.05730518698776653,-0.2658658899320791
5216,63753574,r,27,-0.3526604979457719,0.03324059096912402,0.07742399330880828,0.10632190459253898,-0.3526604979457719
5217,6380585,g,5,-0.44742734371363535,0.14986633521578652,0.23095409885926566,0.2683991499462907,-0.44742734371363535
5218,6380585,i,2,-0.11395635168302357,0.13089399178374442,0.13089399178374445,0.02791132148506647,-0.11395635168302357
5219,6380585,r,7,-0.17065626232201367,0.13108928636131892,0.24420058194160893,0.11053779358522164,-0.17065626232201367
5220,63914696,g,3,0.11670627439312936,0.3199154018690303,0.36368488512535957,0.10815203940604819,0.11670627439312936
5221,63914696,i,3,-0.4072678508386388,0.10741282052080858,0.21338790270516333,0.1863269038568897,-0.4072678508386388
5222,63914696,r,5,-0.6907675497157211,0.18674219605289855,0.513011556878975,0.7076042213125364,-0.6907675497157211
5223,63917027,g,2,0.2717608130740756,0.13976741014571825,0.13976741014571825,0.08424975106669784,0.2717608130740756
5224,63917027,i,5,-0.004453254709798071,0.09312829067548833,0.12544602223013812,0.07506554657684203,-0.004453254709798071
5225,63917027,r,5,-0.057976476735039806,0.0572113701527911,0.10231157688994585,0.011413877104096902,-0.057976476735039806
5226,63944584,g,2,-0.5392140458853559,0.001268102806940008,0.001268102806940119,0.2973046997520044,-0.5392140458853559
5227,63944584,i,5,-0.20558951542695936,0.16561696468667364,0.28047689001741727,0.09224760536476788,-0.20558951542695936
5228,63944584,r,6,-0.4855469053349508,0.024865760880140086,0.3372561370478323,0.18875093479675234,-0.4855469053349508
5229,63958139,i,4,-1.0000607743783592,0.4842772796911009,0.7754125202129678,0.7418458097961765,-1.0000607743783592
5230,63958139,r,10,-0.24982715349224507,0.22706995892128046,0.623785091761168,0.4487469318041913,-0.24982715349224507
5231,63979066,g,4,-0.14708924472350957,0.3017716424540375,0.5937915127441116,0.11880541839759425,-0.14708924472350957
5232,63979066,i,6,-0.12571640615330587,0.09933535502374422,0.15655334423396255,0.07141487973140923,-0.12571640615330587
5233,63979066,r,12,-0.3124900251143357,0.16292189201148588,0.3830713614265082,0.14362129066402532,-0.3124900251143357
5234,64046858,i,8,0.04083792637105818,0.03507627575921607,0.06234467166989983,0.0022966238613129158,0.04083792637105818
5235,64046858,r,9,0.017308907965327802,0.017155003773907218,0.0273803281989331,0.0009611368094208082,0.017308907965327802
5236,64108945,g,4,-0.21948151911598485,0.07336368158412898,0.17995271525318973,0.05622484792166172,-0.21948151911598485
5237,64108945,i,14,-0.8827279410005382,0.4304762680240668,0.7776898989402239,0.5301807257527474,-0.8827279410005382
5238,64108945,r,12,-1.027294075843399,0.14349366877365877,0.6332239136818316,0.6012973007829611,-1.027294075843399
5239,64175741,i,7,-0.8152967591342031,0.07806372879262691,0.12052172427969154,0.4018209481456844,-0.8152967591342031
5240,64175741,r,9,-0.5172537432218953,0.056993361514747765,0.2197309205995821,0.10085606705311007,-0.5172537432218953
5241,64177987,g,3,-0.6220702284137754,0.02580564284138087,0.08330271186380567,0.31381056116313427,-0.6220702284137754
5242,64177987,i,5,-0.12515493290455754,0.031073693435770322,0.047025018907667526,0.06350954178119501,-0.12515493290455754
5243,64177987,r,8,-0.26259698017634786,0.048338554663717115,0.1272856592046278,0.040625037686575736,-0.26259698017634786
5244,64218654,g,2,-0.6855278258365664,0.12526719535861275,0.12526719535861264,0.4465622582994495,-0.6855278258365664
5245,64218654,i,9,-1.0268508837094634,0.5202039964161478,0.5700605199863782,0.804120828422819,-1.0268508837094634
5246,64218654,r,9,-0.5297534333727655,0.2544967264900947,0.45392891490692017,0.431804225271515,-0.5297534333727655
5247,64232412,g,5,-0.6294993117925494,0.11660962696629729,0.15945207738687805,0.2743650187336171,-0.6294993117925494
5248,64232412,i,18,-1.4597447854931858,0.23411744463432782,0.5941241474317309,1.8060829831257845,-1.4597447854931858
5249,64232412,r,19,-1.2772172219191913,0.36748353230752007,0.734157374040828,1.2670215603031025,-1.2772172219191913
5250,64279066,g,2,-0.04872461197616362,0.07944154739725351,0.07944154739725351,0.006019584324234623,-0.04872461197616362
5251,64279066,i,19,-0.7050124982446907,0.06322345342611613,0.157308765219199,0.4130341818982183,-0.7050124982446907
5252,64279066,r,18,-0.6487087861369345,0.07804828802021746,0.16406442321749548,0.33260034265144,-0.6487087861369345
5253,64365937,i,6,-0.7503661190476429,0.3044178220657987,0.48985240520850504,0.5917450723223318,-0.7503661190476429
5254,64365937,r,10,-1.1403357949570112,0.12043348757762651,0.4119733980316087,1.1885681222001072,-1.1403357949570112
5255,64371473,i,7,-0.18837459919797594,0.061077072905147606,0.10739154144562779,0.0781426847905626,-0.18837459919797594
5256,64371473,r,7,-0.41557117240347613,0.06527077092066474,0.12018947429919602,0.15257468322368067,-0.41557117240347613
5257,6438609,g,5,-0.27827404542067846,0.027849110038515867,0.04075274791655681,0.1521224108100405,-0.27827404542067846
5258,6438609,i,13,-0.4325697792088161,0.24567910091545841,0.5435942276948715,0.2536473411112313,-0.4325697792088161
5259,6438609,r,13,-0.2911466248438632,0.16804905960482952,0.49918440942249387,0.2890783538119338,-0.2911466248438632
5260,6438609,u,2,0.10405699783720879,0.0469140206423595,0.0469140206423595,0.011077659243089033,0.10405699783720879
5261,64404311,g,6,-0.26232755297265686,0.022723122826668524,0.04065244103202237,0.06628849356619947,-0.26232755297265686
5262,64404311,r,6,-0.12482531626550575,0.12277147280208534,0.19395840510086398,0.04970409209705915,-0.12482531626550575
5263,6442356,i,4,-0.8698586753849716,0.2588425744042566,0.5228892481326561,0.5292538680192592,-0.8698586753849716
5264,6442356,r,7,-0.8703597856634855,0.22469984720868563,0.4927369039643521,0.4751214192096773,-0.8703597856634855
5265,64463784,i,8,-0.3833942212963161,0.168451556487129,0.2943911643965376,0.11832730169215866,-0.3833942212963161
5266,64463784,r,4,-0.4831931288784188,0.04822434505967177,0.061725432514602996,0.19880648805432827,-0.4831931288784188
5267,64597473,g,4,0.1010864993929127,0.27293362308040137,0.5697561570270044,0.0910010292835764,0.1010864993929127
5268,64597473,i,3,0.612006276690342,0.04194181008895348,0.0827033656426992,0.33283760888808855,0.612006276690342
5269,64597473,r,8,0.18807111766780074,0.10490295258897425,0.17511180859072467,0.05312187555587758,0.18807111766780074
5270,64620125,i,9,-0.20158114721401021,0.13219112642981745,0.1658963794873547,0.05462450002083124,-0.20158114721401021
5271,64620125,r,7,-0.2578827940121291,0.0739168531641004,0.14778892451730055,0.07298224382691107,-0.2578827940121291
5272,64623885,i,8,-0.5246390293566816,0.24507945068435952,0.5525591411613962,0.2949437005335286,-0.5246390293566816
5273,64623885,r,6,-0.41701408602206524,0.31198798296597025,0.6645322572225552,0.2568687493985791,-0.41701408602206524
5274,64677609,g,3,-0.42330273413303066,0.24638165087877906,0.2964864865667114,0.17901918394087465,-0.42330273413303066
5275,64677609,i,4,-0.8464113022907754,0.4321761996630344,0.6498171591350946,0.6590648206781027,-0.8464113022907754
5276,64677609,r,8,-0.6274666722911515,0.5061969530698374,0.8176770197474375,0.7434894716319077,-0.6274666722911515
5277,64753702,i,5,0.08688896377901634,0.11638357794462784,0.1939282968613658,0.09277915243599585,0.08688896377901634
5278,64753702,r,5,0.1064719340291807,0.12154939099845302,0.2541437487447531,0.02972812830137949,0.1064719340291807
5279,64792110,i,5,-0.11379365696575361,0.09541168109995357,0.11889607931974011,0.08649832596455151,-0.11379365696575361
5280,64792110,r,7,-0.19040301669230097,0.3376231765585094,0.8058820182867865,0.2714553984089066,-0.19040301669230097
5281,64822658,i,7,0.13362104798664787,0.3615091424748021,0.643030501044582,0.2760934192199524,0.13362104798664787
5282,64822658,r,4,-0.2106103650401986,0.060654322781932266,0.11452946168173367,0.06789762247726447,-0.2106103650401986
5283,64834666,g,4,-0.3278381546392253,0.07839661684632926,0.15780213299184898,0.0975032661420957,-0.3278381546392253
5284,64834666,i,5,-0.6692076741682438,0.38859516970161434,0.6953517948216423,0.422600733938223,-0.6692076741682438
5285,64834666,r,7,-0.15113240953804485,0.04313207000672026,0.06285392962923114,0.038809079867418224,-0.15113240953804485
5286,64901723,g,5,-0.4356218812778925,0.01807086620341547,0.02637640647715811,0.18098533480401832,-0.4356218812778925
5287,64901723,i,29,-1.0074382325629008,0.5021819681229573,0.8129176638191705,1.1972035827365823,-1.0074382325629008
5288,64901723,r,25,-1.0335015685438307,0.45354106197746713,0.7304882433879178,1.0426301484161495,-1.0335015685438307
5289,64905514,i,5,0.1891138603534076,0.1325193071534313,0.2379728557232733,0.04782807803288405,0.1891138603534076
5290,64905514,r,5,0.16056099766989917,0.07836538751149114,0.1426566358786583,0.04994089286116221,0.16056099766989917
5291,64936851,i,5,-0.21037808669356095,0.12327621587622173,0.14841448264252316,0.1280282911536974,-0.21037808669356095
5292,64936851,r,7,-0.14339509974654518,0.0341396840668865,0.1554085591923074,0.090562417514522,-0.14339509974654518
5293,64948801,g,4,-0.5088151926392823,0.014183411621176811,0.0550606401209377,0.2246426304485612,-0.5088151926392823
5294,64948801,i,9,-0.4428356481323701,0.10540286507679042,0.24477361116074653,0.14204733871228858,-0.4428356481323701
5295,64948801,r,12,-0.3719528038770866,0.08040098327006656,0.27591543155628184,0.1959702823843027,-0.3719528038770866
5296,64948801,u,3,-0.542933323774835,0.017726953519515476,0.09383964735601724,0.2924505195682572,-0.542933323774835
5297,6495621,g,2,-1.0909713463300643,0.23507306309289744,0.23507306309289744,1.0900034323845882,-1.0909713463300643
5298,6495621,i,4,-0.6053202797778108,0.1799263231595681,0.35075084343083734,0.4183521157419159,-0.6053202797778108
5299,6495621,r,9,-0.44913832606778564,0.13558847607802138,0.3756954977754881,0.3246197104841839,-0.44913832606778564
5300,64966757,i,6,-0.8375653715084964,0.006264438200679845,0.010093758466949154,0.6308945169530666,-0.8375653715084964
5301,64966757,r,7,-0.5364256542719175,0.03870818396439568,0.08986942278886878,0.3472897862126623,-0.5364256542719175
5302,64990166,g,4,-0.24334753637808829,0.4437532115921054,0.9422393617808495,0.33307561532472074,-0.24334753637808829
5303,64990166,i,3,-0.8390569748028597,0.17766708980820678,0.5043377109445115,0.5194157595298784,-0.8390569748028597
5304,64990166,r,4,-0.8739711302457325,0.11434309786869279,0.2958124744616748,0.6140096490912168,-0.8739711302457325
5305,65015789,g,2,-0.01657887688009868,0.056936324112029535,0.056936324112029535,0.004060751984309018,-0.01657887688009868
5306,65015789,i,2,-0.9158697088115526,0.21091898822228372,0.2109189882222836,0.5844710054344402,-0.9158697088115526
5307,65015789,r,9,-0.49088100004552426,0.34232104890589654,0.7292580349321343,0.26483146572166744,-0.49088100004552426
5308,6502940,i,10,-1.121621102701993,0.3655412354870933,0.5600825791153745,0.9271237199133949,-1.121621102701993
5309,6502940,r,10,-1.0583832586518311,0.41374668400558484,0.8378643661608235,1.2398984321930755,-1.0583832586518311
5310,65043807,i,3,-0.1206178449365648,0.03695556781475093,0.07534383078277902,0.013533060306747224,-0.1206178449365648
5311,65043807,r,11,0.12119858362161617,0.24036366186971303,0.4827546419244325,0.10829233527132334,0.12119858362161617
5312,65088154,i,5,-0.0027440576017181417,0.23439326158352153,0.5110964904914848,0.0569159332367151,-0.0027440576017181417
5313,65088154,r,10,0.05979936588577847,0.1100123533345527,0.27128285791596596,0.1285361568957964,0.05979936588577847
5314,65112538,g,2,-0.1397107185622047,0.00424385070800784,0.004243850708007868,0.01849019793138323,-0.1397107185622047
5315,65112538,i,5,-0.30246031289197334,0.05175453769536459,0.19133201164390687,0.06791845308784335,-0.30246031289197334
5316,65112538,r,6,-0.39347248235935617,0.04795553680378509,0.10212796361163645,0.13662193708148535,-0.39347248235935617
5317,65213485,g,6,-0.641789557074983,0.2370281565601891,0.4097514269892273,0.5421478548098123,-0.641789557074983
5318,65213485,i,22,-1.6248554316788486,0.6169222116877036,1.1445149350030843,2.3576727938686406,-1.6248554316788486
5319,65213485,r,30,-1.4485890214458932,0.7293289259053013,1.3398166844646218,2.1509495283810955,-1.4485890214458932
5320,65213485,u,2,-1.011548497394553,0.01619323144246898,0.01619323144246887,0.9429104562249607,-1.011548497394553
5321,65214366,g,4,-0.42110986122079097,0.23140635614243746,0.3866680088299559,0.2935358072898545,-0.42110986122079097
5322,65214366,i,10,-0.42418561482871403,0.5242939799805546,0.8636548276079526,0.4718077725801789,-0.42418561482871403
5323,65214366,r,6,-0.40314680858058494,0.4304136115127518,0.9555011901649668,0.4519058496276214,-0.40314680858058494
5324,65228670,g,3,-0.2057309905899123,0.08857073564806761,0.17146806692609928,0.047667752804589174,-0.2057309905899123
5325,65228670,i,3,-0.5506287096871527,0.06851792781162747,0.10477055872385277,0.16357688642702442,-0.5506287096871527
5326,65228670,r,5,-0.7081830432854015,0.035344177570965085,0.05525598436559798,0.2650427513026538,-0.7081830432854015
5327,65232412,g,4,-0.5336288952234727,0.14525746317042026,0.2676144546927816,0.24773921455007586,-0.5336288952234727
5328,65232412,i,10,-0.5365610787040596,0.4280345774285114,0.7990475500972269,0.41917285861454473,-0.5365610787040596
5329,65232412,r,9,-0.4155903773477432,0.19366973318417297,0.30896952877608913,0.18103290118057,-0.4155903773477432
5330,65233465,i,10,-0.7723271631490345,0.5099772188030194,0.9175397048974197,0.467192204057994,-0.7723271631490345
5331,65233465,r,7,-1.03819539699594,0.15930659604466824,0.2707967368727944,0.808798598841361,-1.03819539699594
5332,65253928,i,6,-0.5477583243726601,0.09842534044706941,0.18941951349935282,0.32492800005379946,-0.5477583243726601
5333,65253928,r,7,-0.3460029402068946,0.0865900429550786,0.14573562468928397,0.11836651910065912,-0.3460029402068946
5334,65324441,i,13,-1.092871477723158,0.11320163680884598,0.2887537604103121,0.8818976054777402,-1.092871477723158
5335,65324441,r,9,-0.5433019731068187,0.06917305503369686,0.07891469636662451,0.16265425726099403,-0.5433019731068187
5336,65352303,g,2,-0.703708712106017,0.21536503486748176,0.2153650348674817,0.4839660192301952,-0.703708712106017
5337,65352303,i,9,-1.1601476712003471,0.5037257154973247,0.8469631296404668,0.7952202544414988,-1.1601476712003471
5338,65352303,r,11,-0.9400292892842763,0.2964486688498691,0.5074243198844649,0.7997348963097096,-0.9400292892842763
5339,65387707,i,10,-1.1300448622352333,0.19922836887176,0.32259405241166883,0.7914485511239268,-1.1300448622352333
5340,65387707,r,10,-1.228437968116484,0.18707183296174945,0.3126129071756647,0.9261766809227749,-1.228437968116484
5341,65398238,g,4,0.04494201285418198,0.07169883218009154,0.21603032814006828,0.059591404043152114,0.04494201285418198
5342,65398238,i,10,-0.8385092412438128,0.3401751817296149,0.7828881899716884,0.4574943237982808,-0.8385092412438128
5343,65398238,r,8,-0.2096821360152083,0.33528595736037625,1.0541265977481962,0.26049742544639054,-0.2096821360152083
5344,65463269,g,4,-0.49539197778953936,0.19550698523229815,0.42685820913257,0.23579580083505836,-0.49539197778953936
5345,65463269,i,14,-0.9824871576461007,0.2582379799172444,0.4307811839764999,0.5685762751441631,-0.9824871576461007
5346,65463269,r,13,-0.9707655067776508,0.09140672067777467,0.19533125071364799,0.76351856369525,-0.9707655067776508
5347,6546815,i,8,-0.04325639643803114,0.20346564205469822,0.6196432805856544,0.2751996623727667,-0.04325639643803114
5348,6546815,r,4,-0.060241106900225216,0.23904948636638257,0.5445245898768574,0.09954665428142803,-0.060241106900225216
5349,65499574,g,8,-0.10470386657048059,0.09750224408729469,0.1687531289931058,0.007463029318914022,-0.10470386657048059
5350,65499574,i,15,-0.5173876973821336,0.15698687969725866,0.312223779466463,2.694819944723404,-0.5173876973821336
5351,65499574,r,8,-0.49352994591946553,0.2655504467318009,0.47313402634761215,0.21608487877480698,-0.49352994591946553
5352,65511048,i,7,-0.24258158361282936,0.07331862513897633,0.08781753417299171,0.11827829738144129,-0.24258158361282936
5353,65511048,r,7,-0.2375243491625288,0.04231781372523713,0.3486355720901876,0.09151615715532276,-0.2375243491625288
5354,6552275,i,6,-0.426759929249267,0.2887550599374939,0.4376080420740879,0.2477313052954481,-0.426759929249267
5355,6552275,r,8,-0.5907962534650075,0.2425681084195892,0.40942673442627936,0.3798165340564914,-0.5907962534650075
5356,65570664,i,10,-0.9131310033427517,0.14565358276906648,0.24689460273719144,0.42821139190136803,-0.9131310033427517
5357,65570664,r,8,-0.7021691936769938,0.072418463093463,0.11184200891709806,0.28020287517367065,-0.7021691936769938
5358,65584794,g,6,-0.8276866082184872,0.06585876378887412,0.13986182675761283,0.6272255190698846,-0.8276866082184872
5359,65584794,i,9,-1.1773431741686322,0.427356010081414,0.9292458167878983,0.7778011952189363,-1.1773431741686322
5360,65584794,r,12,-0.6347592996370313,0.10474010045236626,0.20960165241229445,0.41943325206920296,-0.6347592996370313
5361,65682542,i,6,-0.3848536923950328,0.13063300949864323,0.5844077901298539,0.250444636849091,-0.3848536923950328
5362,65682542,r,14,-0.533799510503247,0.1520266652976604,0.36407520864194015,0.4270009435677911,-0.533799510503247
5363,6568354,g,5,-0.19101351100564212,0.09474135012933438,0.1793064711736263,0.04133840743367613,-0.19101351100564212
5364,6568354,i,15,-0.36095309812889576,0.20645354417559153,0.49294367235264464,0.18756781182121454,-0.36095309812889576
5365,6568354,r,13,-0.3640635673932837,0.16051308732011194,0.365909699979731,0.17846963454531162,-0.3640635673932837
5366,6568354,u,4,-0.14865433700405029,0.09184872272032063,0.16104245081449398,0.025407180410442286,-0.14865433700405029
5367,65688210,i,4,0.18825239910747085,0.05345552261815237,0.10087842253834303,0.034996198206557694,0.18825239910747085
5368,65688210,r,6,0.009435802158608064,0.15125867192514614,0.24938446141438783,0.04725582943555686,0.009435802158608064
5369,65708194,i,7,0.049875441888010186,0.07214878105465417,0.2734891540823158,0.0470691009917183,0.049875441888010186
5370,65708194,r,4,-0.05693661926922747,0.1860894472276167,0.36899048135290624,0.04709345793852127,-0.05693661926922747
5371,65711960,g,2,0.2703600482077415,0.18956866741156372,0.1895686674115637,0.10860469813706167,0.2703600482077415
5372,65711960,i,4,0.1894488672873859,0.16010112448291708,0.22565584318516105,0.07396096968943038,0.1894488672873859
5373,65711960,r,5,0.12874206165320848,0.2991463757564349,0.6528240117646246,0.11260621986560408,0.12874206165320848
5374,65721804,g,4,-0.5549364355692634,0.06075878986572758,0.13793096369575714,0.3226540732297512,-0.5549364355692634
5375,65721804,r,7,-0.6725014883491158,0.07856445417746794,0.18699978094132275,0.4936787725964194,-0.6725014883491158
5376,65778022,i,9,-1.2918525216112018,0.26892998488075337,0.48638613032163036,1.4477882734239709,-1.2918525216112018
5377,65778022,r,13,-1.277256487597231,0.18933468813151366,0.5173525698203709,1.6622889199592819,-1.277256487597231
5378,65786188,g,2,-0.38557889737290874,0.3762140597517042,0.37621405975170424,0.2812438990648957,-0.38557889737290874
5379,65786188,i,6,-0.5605244828744295,0.20730956528224764,0.3300205145306785,0.3721973439534266,-0.5605244828744295
5380,65786188,r,6,-0.6783148193615419,0.05640677382379389,0.09054022050030974,0.4383880727395597,-0.6783148193615419
5381,65829725,g,4,-0.08236718557936884,0.12237617605335926,0.16947999315316642,0.0418963842287977,-0.08236718557936884
5382,65829725,i,15,-0.02682082445706635,0.28959157972607596,0.5759448704975307,0.09173097433930585,-0.02682082445706635
5383,65829725,r,11,-0.02158916504898334,0.048227790429780704,0.12494837499471356,0.026461433078354416,-0.02158916504898334
5384,65835764,g,5,-0.6328478716862033,0.08142545809502055,0.12216254017419037,0.33091901663642953,-0.6328478716862033
5385,65835764,i,12,-0.4041790274841385,0.1646730559018504,0.40109557972852283,0.23896235785121545,-0.4041790274841385
5386,65835764,r,8,-0.45362830654372144,0.14334414009763052,0.23422207906839254,0.25873591203239676,-0.45362830654372144
5387,65835764,u,2,-1.1191887225890982,0.07769893593606059,0.0776989359360607,1.0572711939653128,-1.1191887225890982
5388,6588212,g,3,0.36916124716667964,0.14877249486976574,0.3186261656105245,0.13588397975129377,0.36916124716667964
5389,6588212,i,6,-0.041271478784352084,0.1344816642962652,0.3076964432468125,0.05138463006265829,-0.041271478784352084
5390,6588212,r,6,-0.03953624058587678,0.2269367643677857,0.41505014475495544,0.05989310550039991,-0.03953624058587678
5391,65892326,i,11,-0.34016538486349684,0.1230816946483701,0.2769601919990141,0.12902498593240372,-0.34016538486349684
5392,65892326,r,7,0.06021158367766377,0.07496854796209107,0.10956837952825088,0.03343904987659885,0.06021158367766377
5393,65930762,g,2,-0.2957222815004462,0.25854756970699,0.25854756970698994,0.14578609110406932,-0.2957222815004462
5394,65930762,i,3,-1.105472191357837,0.0650424840777788,0.5308661197503857,0.6135640299949554,-1.105472191357837
5395,65930762,r,10,-0.7433537758929939,0.5530275540760057,1.0325293246695635,0.6317038641940147,-0.7433537758929939
5396,65940763,i,11,-0.900665438591702,0.23735285365956538,0.4608780992436625,0.517173639326972,-0.900665438591702
5397,65940763,r,7,-0.9031811938599421,0.17022402511013657,0.4065239484900688,0.4927852345803747,-0.9031811938599421
5398,65962963,i,10,-0.3762489471343238,0.11608912810411248,0.18095452038426527,0.13032134883572238,-0.3762489471343238
5399,65962963,r,9,-0.27566314918193524,0.13465537225544266,0.23348148336648578,0.12236708428059023,-0.27566314918193524
5400,65968912,i,6,-1.074584415420758,0.17308718829052394,0.30963115575248334,0.298914026489223,-1.074584415420758
5401,65968912,r,7,-0.6893277349360767,0.130439317907739,0.3226379566486054,0.38869615012185404,-0.6893277349360767
5402,65990742,i,8,-1.0886752900953351,0.2713084129880088,0.41326530652782223,0.6397805805376283,-1.0886752900953351
5403,65990742,r,10,-1.1858351429816543,0.13393143266900176,0.2138344466728339,0.9036679186484704,-1.1858351429816543
5404,66006694,i,5,-0.9587027574554439,0.315852879744446,0.4802501938408481,0.49727709713146817,-0.9587027574554439
5405,66006694,r,5,-0.9292229638787135,0.125506677281374,0.1528453296440646,0.5922900386182116,-0.9292229638787135
5406,66013428,i,5,-0.32150283495573007,0.12884973014491385,0.2520106784970253,0.09854767377573695,-0.32150283495573007
5407,66013428,r,6,-0.14725476425348993,0.0468350476605488,0.0835148444868346,0.053835164481115305,-0.14725476425348993
5408,6601979,i,6,-1.1232604253522487,0.115306497263856,0.17959826809424295,0.9885593230874067,-1.1232604253522487
5409,6601979,r,5,-0.9743777195635581,0.21879799099198205,0.39918785138689594,0.6921436882768253,-0.9743777195635581
5410,66051478,g,5,-1.8182295011184877,0.04657224765966461,0.08678022205469738,22.28758830654434,-1.8182295011184877
5411,66051478,i,2,-0.947734243623694,0.7399115656662987,0.7399115656662987,0.6022379265634952,-0.947734243623694
5412,66051478,r,8,-1.8502675791307457,0.34511092455353753,1.1275249919804013,1.7134846257151475,-1.8502675791307457
5413,66088139,i,3,0.1361351644095623,0.17066259544658752,0.22543782178886854,0.048283231040573395,0.1361351644095623
5414,66088139,r,7,-0.1995057396460389,0.13525243963141703,0.24897931814933158,0.04910714873467895,-0.1995057396460389
5415,66088139,u,4,-0.9298712573922067,0.5459118885578065,1.1479611869954673,1.0435215821875616,-0.9298712573922067
5416,6612764,g,2,0.11015455575414768,0.07507736105357576,0.07507736105357576,0.016349365597206993,0.11015455575414768
5417,6612764,i,4,-0.2833899400391534,0.1593118232331201,0.20162707052814444,0.09445894960121547,-0.2833899400391534
5418,6612764,r,10,-0.18137220123479025,0.09884527157618006,0.5672729189238194,0.16857332238222517,-0.18137220123479025
5419,66164933,g,3,-0.7386796448172332,0.022627258355830904,0.19010791857679576,0.6629216817840778,-0.7386796448172332
5420,66164933,i,3,-0.11258342007081401,0.10651546963024638,0.2182378939616203,0.06152708041882182,-0.11258342007081401
5421,66164933,r,5,-0.5348481424958857,0.07530128503884892,0.1288055790248651,0.3318057174516887,-0.5348481424958857
5422,66207823,g,6,-0.2916792826519611,0.12693055440379125,0.371783283285787,0.08698567165289989,-0.2916792826519611
5423,66207823,i,17,-0.7426893312051533,0.22242345757426507,0.6508185195956666,0.3499648132854979,-0.7426893312051533
5424,66207823,r,11,-0.6271340944688965,0.05806560113408488,0.15205661855403074,0.34318740850143964,-0.6271340944688965
5425,66244285,g,3,-0.41284259544211643,0.24767722029037742,0.30100920787586016,0.20630115533847793,-0.41284259544211643
5426,66244285,r,4,-0.15120121775416429,0.3607204981847716,0.5566716549903779,0.2052379641135227,-0.15120121775416429
5427,66244285,u,3,-1.407580857912041,0.09604267893005392,0.2805817526194816,2.2642914088888326,-1.407580857912041
5428,66271210,i,8,-1.2681999873251306,0.5268761848188239,0.9118933313815233,0.7484477902597431,-1.2681999873251306
5429,66271210,r,6,-1.8800431734647127,0.15861861721222925,0.5000896931403274,1.696771478880847,-1.8800431734647127
5430,66307643,g,3,-0.3097469488141617,0.12322660751467135,0.3214571054234685,0.10284064112716289,-0.3097469488141617
5431,66307643,i,12,-0.30096994935965854,0.15894196744272296,0.37097385809010863,0.13849061113246483,-0.30096994935965854
5432,66307643,r,13,-0.23623261038853072,0.12376497550395255,0.3702788452503526,0.15764063307961312,-0.23623261038853072
5433,66310350,g,5,-0.5543460096562292,0.0658190369666074,0.12203508911489114,0.299674061313402,-0.5543460096562292
5434,66310350,i,11,-0.7560118108258935,0.20641972651810825,0.41485881350090725,0.4230020902674481,-0.7560118108258935
5435,66310350,r,12,-0.6312941728240611,0.10103335163071686,0.15590740797072267,0.41622955178842225,-0.6312941728240611
5436,6632026,i,4,-0.7027723250909301,0.2631670557887431,0.5744956692667955,0.5590593012064666,-0.7027723250909301
5437,6632026,r,7,-0.5160545091979982,0.16794784768678328,0.2418011274425227,0.3024463860026296,-0.5160545091979982
5438,66326296,g,2,-0.5533067109315386,0.21639700189246902,0.21639700189246902,0.3128756721077695,-0.5533067109315386
5439,66326296,i,5,-0.09737538311872007,0.29236470160643524,0.3104376621044378,0.08983856380606861,-0.09737538311872007
5440,66326296,r,6,-0.34145239039404107,0.14875936124428019,0.2555962194253808,0.12034334937811964,-0.34145239039404107
5441,66330152,g,5,-0.590243641671472,0.09709146370942934,0.1119015431210304,0.22168312596144285,-0.590243641671472
5442,66330152,i,17,-0.9361387842510767,0.5198295082579516,1.0842823708707656,0.8677783370768591,-0.9361387842510767
5443,66330152,r,19,-0.9692487975826936,0.36616325219991264,0.7210247936329826,0.8595095437237196,-0.9692487975826936
5444,66377083,g,3,-0.3172045553588356,0.01558496075708704,0.09026614586557902,0.07593812310698866,-0.3172045553588356
5445,66377083,i,19,-0.9380726903646515,0.2850092197748597,0.718157654550188,0.7079795268460416,-0.9380726903646515
5446,66377083,r,16,-0.7897755693969857,0.3392386545992865,0.742710048362274,0.5798617687281881,-0.7897755693969857
5447,66393656,i,4,-0.5994217135471442,0.16261997054264388,0.24017504958308172,0.27513012466287357,-0.5994217135471442
5448,66393656,r,6,-0.8124878750918978,0.21265582882627093,0.32367595099904245,0.5776084430115366,-0.8124878750918978
5449,66405802,g,4,-0.5976539851877771,0.23733781863392256,0.49379192941961114,0.21758704457557,-0.5976539851877771
5450,66405802,i,5,-1.0325141002166265,0.0910622564905168,0.17885051800086527,0.5880352176482102,
5451,66405802,r,12,-0.6439590790463947,0.27723017148448037,0.6975644196389674,0.5275907555624264,-0.6439590790463947
5452,66408627,i,11,-0.38439467221867396,0.2552021802466622,0.5071973464569599,0.18469593884602717,-0.38439467221867396
5453,66408627,r,6,-0.25858202656900175,0.19216727269962197,0.35666357693507655,0.1142712148215963,-0.25858202656900175
5454,66416618,i,4,-1.6282173580853967,0.12868847607141654,0.2040828602403295,1.6821326800486216,-1.6282173580853967
5455,66416618,r,7,-1.972101885644662,0.22316460394446613,0.31105273700023095,2.131477609689233,-1.972101885644662
5456,66426491,i,7,-0.23885939133670436,0.192282126777219,0.2954011855498011,0.12512088183338319,-0.23885939133670436
5457,66426491,r,7,-0.5075589798482143,0.03050092089570211,0.04230603103340591,0.2717452783225132,-0.5075589798482143
5458,6642838,i,9,-0.1925980821279577,0.20042105723422798,0.30126721847006743,0.13608207106746084,-0.1925980821279577
5459,6642838,r,5,-0.12588708650778768,0.028787218781824553,0.11930231490625409,0.011388257538540603,-0.12588708650778768
5460,66444745,g,3,-0.7746144088351302,0.03614751057088372,0.11655063886705275,0.5304432089388001,-0.7746144088351302
5461,66444745,i,4,-0.8344219406902805,0.06917851273794534,0.21555604365858272,0.5538005278739032,-0.8344219406902805
5462,66444745,r,5,-0.7448124475409656,0.06598087598238345,0.07786239960071095,0.5677936453093342,-0.7448124475409656
5463,66456036,g,5,-0.30210915363171775,0.28647766136267716,0.6262184160401336,0.15903532014416474,
5464,66456036,i,14,-0.43353910174179766,0.2631055213022827,0.4681305367854146,0.1240913894635112,-0.43353910174179766
5465,66456036,r,10,-0.590423176489693,0.31237972005892767,0.6222241664836076,2.651094120173402,
5466,66456036,u,3,0.3939983636213116,0.028315864631959897,0.37062498806614697,0.06170899225661394,
5467,66471381,g,2,-0.37202953569553576,0.07333781574538933,0.07333781574538933,0.1315606175352188,-0.37202953569553576
5468,66471381,i,5,-0.22810001107798872,0.0562803303439498,0.1347629044646041,0.16655214581444763,-0.22810001107798872
5469,66471381,r,5,-0.3676892370025502,0.08192112598473078,0.11854686378346024,0.1264016774248664,-0.3676892370025502
5470,66479095,i,4,-0.9567127154591821,0.0533962305155804,0.09727437835157238,0.4834806425559626,-0.9567127154591821
5471,66479095,r,7,-1.244029433528664,0.17716599334473893,0.23742383134214573,0.7014384254763767,-1.244029433528664
5472,66487191,g,2,-0.811203735471961,0.10141291701219829,0.10141291701219834,0.6333234160475831,-0.811203735471961
5473,66487191,i,8,-0.15229520526589352,0.18976737860248255,0.257011392521309,0.14629502450407447,-0.15229520526589352
5474,66487191,r,14,-0.30110525932917576,0.0442283639561496,0.07670155793981448,0.09471194157783909,-0.30110525932917576
5475,66532311,g,4,-0.8772862475344063,0.2194139028760726,0.4286858832712519,0.7538485594047206,-0.8772862475344063
5476,66532311,i,10,-0.8357040450159556,0.502150942976626,1.1843231695641387,0.7392035708705809,-0.8357040450159556
5477,66532311,r,10,-0.6796904658797481,0.36762123088888365,0.7020188813370314,0.6299957511878719,-0.6796904658797481
5478,66532311,u,2,-1.206217749452581,0.3447631928540207,0.3447631928540207,1.1757495066165116,-1.206217749452581
5479,66549649,g,2,-0.31363029511940227,0.11871348883156235,0.1187134888315623,0.1065357399264238,-0.31363029511940227
5480,66549649,i,4,-0.829857565590049,0.19616115779315224,0.3069636482205882,0.5324331373349247,-0.829857565590049
5481,66549649,r,7,-0.7341915558391972,0.13804740912337543,0.28124005129772933,0.5413432589751908,-0.7341915558391972
5482,66615908,g,2,-0.2807506634299836,0.15311103317812752,0.1531110331781275,0.09839550109706616,-0.2807506634299836
5483,66615908,i,6,-0.29363758339683604,0.14080549585220337,0.4581156686327139,0.11202560187226183,-0.29363758339683604
5484,66615908,r,8,-0.2699808299026044,0.02155473956770919,0.04108259901125588,0.08040789337603034,-0.2699808299026044
5485,66625100,g,4,-0.40531265338216926,0.06203303416856423,0.13425261670154381,0.2558574716181421,-0.40531265338216926
5486,66625100,i,2,-0.3009073030027254,0.22621518746447092,0.22621518746447095,0.1357193288229056,-0.3009073030027254
5487,66625100,r,6,-0.3015675722578255,0.12876122837738174,0.20025472900588306,0.10846248526439556,-0.3015675722578255
5488,66644538,g,5,-0.8488964908382555,0.022872226444381916,0.032091974803508005,0.5883438533898602,-0.8488964908382555
5489,66644538,i,14,-0.8759080564430861,0.34091510114115,0.542619567672724,0.6659380828248654,-0.8759080564430861
5490,66644538,r,15,-0.9492760070101687,0.14980298338039333,0.24853056591773315,0.7178757713479068,-0.9492760070101687
5491,66661527,i,3,0.36820370193181906,0.39334913729840304,0.5906562337892117,0.4039479653275384,0.36820370193181906
5492,66661527,r,5,0.13806259661221754,0.16649157542595683,0.2705565722271974,0.155062106010793,0.13806259661221754
5493,66661527,u,2,-0.06001399234413224,0.11315245271770441,0.11315245271770441,0.015249863704906174,-0.06001399234413224
5494,66666114,i,5,-0.03255141532782657,0.18708736450419539,0.45356407305806407,0.06969492713733239,-0.03255141532782657
5495,66666114,r,6,-0.04866329420011947,0.12286051716721755,0.19943425034368303,0.12680104930545533,-0.04866329420011947
5496,66666114,u,2,-0.40318758274728095,0.10726308457346445,0.10726308457346445,0.17238382768510452,-0.40318758274728095
5497,66702806,i,9,-1.326865237395107,0.27116526971004196,0.7340036047316312,1.0870213801201594,-1.326865237395107
5498,66702806,r,7,-0.8478665129382429,0.40968296120593484,0.7325490222326325,0.8272966294730287,-0.8478665129382429
5499,66705688,i,9,-0.05209211749453768,0.13228043012914115,0.2141589958337906,0.012540310226038555,-0.05209211749453768
5500,66705688,r,9,-0.14098530207239057,0.14818024171231253,0.21839354829591956,0.03340287015456218,-0.14098530207239057
5501,66705688,u,4,-0.48696060995613977,0.08390244113389073,0.17135438280121884,0.34386410369288267,-0.48696060995613977
5502,66723268,g,3,-0.2855011476712863,0.18958053684894471,0.23779076908680952,0.08875107696625585,-0.2855011476712863
5503,66723268,i,9,-0.6246074505844216,0.18475916388337066,0.44758684426138573,0.33802612663974957,-0.6246074505844216
5504,66723268,r,13,-1.0612287261601037,0.4437125498185279,0.635945638601839,0.7746507547943595,-1.0612287261601037
5505,66757481,g,5,-0.2968953659675352,0.07941049645229287,0.15421230456975682,0.09724907164400567,-0.2968953659675352
5506,66757481,i,10,-0.04643790434393019,0.11429343060398534,0.1807411459109014,0.12855721962264757,-0.04643790434393019
5507,66757481,r,10,-0.09684992464208964,0.039203287822783484,0.1392343769956587,0.011405512159392558,-0.09684992464208964
5508,66762956,i,21,-1.0440934522367253,0.6279294471613908,1.2502642306290634,1.0063489632524754,-1.0440934522367253
5509,66762956,r,22,-0.9299788044801788,0.6114458457770495,1.2873234381211223,0.8331828559238655,-0.9299788044801788
5510,66794013,g,3,-0.46068305060388814,0.04529700721352825,0.05512806482539562,0.2208616164143311,-0.46068305060388814
5511,66794013,i,8,-0.10443674332686789,0.18747577556050166,0.90825692770674,0.16027401064117255,-0.10443674332686789
5512,66794013,r,12,-0.4731220735192865,0.3469916957134216,0.6450187703526319,0.35205650356184776,-0.4731220735192865
5513,66806674,g,13,-0.7253268738462622,0.11730451939068298,0.30881649848992043,0.5672081815045527,-0.7253268738462622
5514,66806674,i,30,-0.8535857653291352,0.22082278588351678,0.4246236538820797,0.4835510001252281,-0.8535857653291352
5515,66806674,r,30,-0.7702082701370667,0.3437610667157116,0.6126366056721856,0.47932398977162677,-0.7702082701370667
5516,66889345,g,2,-0.18367781278264306,0.33605618958772987,0.33605618958772987,0.15431821970484622,-0.18367781278264306
5517,66889345,i,3,-0.43471856129146175,0.08324656184646956,0.22406062074009414,0.14150570152266853,-0.43471856129146175
5518,66889345,r,6,-0.34268034499258715,0.10017624221420468,0.15938454589380052,0.12366558558980417,-0.34268034499258715
5519,66891347,g,4,-0.17482151302649587,0.1335881071067119,0.2638207107911228,0.05384330931476289,-0.17482151302649587
5520,66891347,i,12,-0.4264837438292961,0.3086328617584223,0.5702611152034043,0.22087575838430148,-0.4264837438292961
5521,66891347,r,9,-0.28708449225717936,0.20305413345760903,0.8216589895074993,0.24758164387569487,-0.28708449225717936
5522,66891347,u,3,-0.7284192742719806,0.008001646684623553,0.10583073387924857,0.38254155065141493,-0.7284192742719806
5523,66894198,g,2,-0.7973654374544079,0.05957207433160505,0.05957207433160505,0.4199525469104194,-0.7973654374544079
5524,66894198,i,18,-1.8120976143874312,0.4047998138142803,1.002875188737248,1.4994649720726954,-1.8120976143874312
5525,66894198,r,16,-1.580347426436298,0.38059246052182316,0.5912847375673602,1.7080324748934392,-1.580347426436298
5526,66919220,g,4,-0.21892108964472143,0.04345781457990694,0.09398598817256773,0.054011060147264936,-0.21892108964472143
5527,66919220,i,11,-0.17284358709011138,0.09738183035659775,0.14211425729428334,0.03556694622244606,-0.17284358709011138
5528,66919220,r,9,-0.1093640608964972,0.1735406021402348,0.282058235848061,0.05963650295617397,-0.1093640608964972
5529,66919220,u,2,-0.896327554621882,0.07626278864970626,0.07626278864970626,0.8015508406411824,-0.896327554621882
5530,66941242,i,9,-0.2163607092916895,0.18904602836459905,0.3299920920538094,0.1300485427906664,-0.2163607092916895
5531,66941242,r,5,-0.26733317237093357,0.06234065926630228,0.10598297728291006,0.06793857600084582,-0.26733317237093357
5532,66945269,i,10,0.03473319191990276,0.044858295024754524,0.10199626855068192,0.006066771048810486,0.03473319191990276
5533,66945269,r,12,0.0037929128561567937,0.06395062403414098,0.10352886169161163,0.0055445443677895915,0.0037929128561567937
5534,66966086,g,5,-0.9654779426789499,0.3592091368200454,0.7595887609112122,0.5346246242073984,-0.9654779426789499
5535,66966086,i,12,-1.5264726821786005,0.31779415496143903,0.6384177707462955,1.6402002477452324,
5536,66966086,r,10,-1.4274061471234207,0.48120025543469547,0.8958816158259998,1.2892810413482692,
5537,66971757,g,3,-0.602159055673722,0.01025461505617753,0.1177003589060992,0.21893958470753971,-0.602159055673722
5538,66971757,i,9,-0.36455370307542495,0.22606134012637052,0.38680074934910824,0.11564686423591203,-0.36455370307542495
5539,66971757,r,10,-0.48752693647729284,0.12332754800572077,0.33073138330410545,0.23832754523800953,-0.48752693647729284
5540,66985860,i,6,-0.15678737506517737,0.01664732784087504,0.025547268938287876,0.02641357682025756,-0.15678737506517737
5541,66985860,r,6,-0.12104334593297542,0.04689388911933631,0.0767746474044276,0.048907663094028296,-0.12104334593297542
5542,67038627,g,3,-0.8951056098062151,0.017362844389629428,0.11626753659047673,0.7776090535277301,-0.8951056098062151
5543,67038627,i,5,-0.8208833066499479,0.47765536396892555,0.9833345908221829,0.5646700658662089,-0.8208833066499479
5544,67038627,r,5,-0.5312244039270655,0.2707338959913501,0.44412627451135045,0.27177360776394266,-0.5312244039270655
5545,67057356,g,3,-0.27041032008834587,0.04996442272037949,0.20889238655665987,0.1616348212333119,-0.27041032008834587
5546,67057356,i,12,-0.9052301133806099,0.5331253539834895,0.7888620301117237,0.7079534477952744,-0.9052301133806099
5547,67057356,r,11,-1.184952666739442,0.6048877897810727,0.7624099816795975,0.9849626167373056,-1.184952666739442
5548,67077601,i,6,-0.27139689638427267,0.05064558342861558,0.19215844065755025,0.10165601799700953,-0.27139689638427267
5549,67077601,r,6,-0.2336168004839811,0.05463836499171998,0.17687013197459914,0.08337163017586091,-0.2336168004839811
5550,67127321,g,5,-0.1238048371011895,0.03391805597886011,0.06474637588714804,0.035109113470902585,-0.1238048371011895
5551,67127321,i,14,-0.4027538068484301,0.2983039750092411,0.548431695035054,0.2192695234350445,-0.4027538068484301
5552,67127321,r,13,-0.2873581187746157,0.11728246079168525,0.22411118216176795,0.10225564126500243,-0.2873581187746157
5553,67163364,g,4,-0.6452406312496484,0.2471437036429704,0.535187357217166,0.4055616715177317,-0.6452406312496484
5554,67163364,i,13,-0.8197768118393407,0.3783003489445711,0.48462919453171305,0.619137550460922,-0.8197768118393407
5555,67163364,r,11,-0.9494809464021075,0.18369046677890621,0.39166608014538074,0.8146262193048176,-0.9494809464021075
5556,67163364,u,2,-0.394349635332629,0.25750618627745125,0.25750618627745125,0.2164035342145445,-0.394349635332629
5557,67185690,g,5,-0.6895347090104457,0.09876799385324642,0.19317802334419576,0.448230736223781,-0.6895347090104457
5558,67185690,i,8,-1.165485968437014,0.19371922378568007,0.37687131379703986,1.1252150664176526,-1.165485968437014
5559,67185690,r,14,-0.6876397643959671,0.4030602200040098,1.16092231338793,0.8720125645364049,-0.6876397643959671
5560,67185690,u,2,-1.6855128927106005,0.05025863105308326,0.05025863105308348,2.3003356294698714,-1.6855128927106005
5561,67188681,g,5,-0.39233323887870286,0.0024464022197925317,0.20242277591710522,0.09568919666662384,-0.39233323887870286
5562,67188681,i,14,-1.3368587293646668,0.6557130693236968,1.2121127482237803,1.2896710385262362,-1.3368587293646668
5563,67188681,r,17,-1.0727001500253488,0.6449963269357961,1.0107099083796358,0.8222524439655392,-1.0727001500253488
5564,67231642,g,2,-0.4789445260169395,0.07218328961911294,0.07218328961911291,0.2572683760912173,-0.4789445260169395
5565,67231642,i,6,-0.6794149043480872,0.1476440037069614,0.24313582854230886,0.3832429789095401,-0.6794149043480872
5566,67231642,r,9,-0.7578589305580172,0.13264481524865213,0.41195594756843446,0.47664989607192315,-0.7578589305580172
5567,67277862,g,3,0.041624190409040196,0.04461014523924778,0.1571996881589799,0.017184208916418538,0.041624190409040196
5568,67277862,i,9,-0.1720965726169259,0.0829614978411648,0.1634707701908411,0.07195348458321144,-0.1720965726169259
5569,67277862,r,7,-0.1725776685562097,0.044731190176815705,0.19311637819879057,0.07974292168170506,-0.1725776685562097
5570,67299998,g,4,-0.2800885996950665,0.19904791446379366,0.22285161283927968,0.18164975386075696,-0.2800885996950665
5571,67299998,i,7,0.04895778491124425,0.1355031504376415,0.1922855275447936,0.031589731729888375,0.04895778491124425
5572,67299998,r,7,-0.3598013254454422,0.039696791895976746,0.20041920560726176,0.10016509598832668,-0.3598013254454422
5573,6730275,g,3,-0.5863177091835603,0.01719778811835282,0.10968332003606729,0.2732883041478017,-0.5863177091835603
5574,6730275,i,6,0.03130143152448428,0.05082595937631462,0.09811557578384283,0.07979164511308433,0.03130143152448428
5575,6730275,r,5,-0.23273318015683297,0.024376825326176355,0.027890515163045693,0.04556172370205032,-0.23273318015683297
5576,67314218,g,2,-0.5019583732522044,0.03199255311683613,0.03199255311683613,0.232925642477092,-0.5019583732522044
5577,67314218,i,10,0.03178246255307707,0.319819783104972,0.6460052321634917,0.2094813258416377,0.03178246255307707
5578,67314218,r,8,-0.324637434431808,0.07043382719281371,0.28460374931359766,0.18743530027073224,-0.324637434431808
5579,67329682,g,4,-0.6511792286230722,0.24268973417925785,0.5273521720987935,0.5656741382534864,-0.6511792286230722
5580,67329682,i,18,-1.1605267241487884,0.4308178497363454,0.9110940105158871,0.6977993277516448,-1.1605267241487884
5581,67329682,r,20,-1.0082283662874278,0.5553709651062382,1.0699417477529294,1.2068651469399359,-1.0082283662874278
5582,67345407,g,5,-0.43026168703793344,0.24082569226163586,0.39427585753447425,0.19353845448894824,-0.43026168703793344
5583,67345407,i,30,-0.2058225618710562,0.23465297403109167,0.45421659774245937,0.14667719989211786,-0.2058225618710562
5584,67345407,r,18,-0.5698705360253332,0.28616785762622293,0.4970429566449902,0.31307150966700337,-0.5698705360253332
5585,67384200,i,9,-1.1590408204701148,0.16790466686834327,0.49442134130349424,0.8757315735473445,-1.1590408204701148
5586,67384200,r,5,-0.40814224716517844,0.11562691954213328,0.5269697404503682,0.6160006204950026,-0.40814224716517844
5587,67384550,g,3,-0.5404671408608633,0.09588579364031669,0.17939244612058308,0.2769964591603483,-0.5404671408608633
5588,67384550,i,17,-0.5782960387922772,0.2752153792975375,0.4995656047643423,0.3313612716369032,-0.5782960387922772
5589,67384550,r,14,-0.6610310348520365,0.20364862307174392,0.33942508441040176,0.36358698354823993,-0.6610310348520365
5590,67386569,g,5,-0.4505890944211648,0.09093733435006102,0.17515583541857294,0.17436221762979878,-0.4505890944211648
5591,67386569,i,14,-0.04951356820309494,0.16490469317895087,0.2894085474034871,0.027191904180499157,-0.04951356820309494
5592,67386569,r,10,-0.059341236417070536,0.09653146164268574,0.16748019220535726,0.021857084024599592,-0.059341236417070536
5593,67386569,u,2,-1.0670782818160092,0.0002627743529464155,0.0002627743529464155,1.0277043516878916,-1.0670782818160092
5594,67531816,i,7,-1.8173017370129363,0.14022793683288048,0.22355420659955372,1.957223417077892,-1.8173017370129363
5595,67531816,r,3,-2.0598536049658396,0.02002798327572819,0.10427562668808155,2.057745888114979,-2.0598536049658396
5596,67543390,g,2,-0.8036979240232056,0.053775613062306216,0.05377561306230627,0.615271106680676,-0.8036979240232056
5597,67543390,i,3,-0.16943187970481366,0.17309331934979288,0.18377079129673476,0.04298386140380075,-0.16943187970481366
5598,67543390,r,12,-0.3143536436543293,0.1419742931706518,0.2799128069204867,0.13589205496713982,-0.3143536436543293
5599,6755629,g,7,-0.7219795427769915,0.053928638351989466,0.39972582569582626,0.19736185578904847,-0.7219795427769915
5600,6755629,i,6,-0.9229543425823136,0.09357845780647334,0.3647016304446169,0.39643028841387434,
5601,6755629,r,6,-0.8420925095649261,0.3508714587524828,0.570406180115475,0.46066412985111915,
5602,67579689,g,3,-0.4917292450140333,0.6008908335735494,0.9015084043334013,0.540854378422895,-0.4917292450140333
5603,67579689,i,6,-0.6427062322366475,0.1348897210105297,0.20340490341784706,0.3853277875977943,-0.6427062322366475
5604,67579689,r,11,-0.5916124881499837,0.1736537779897971,0.4450007770855343,0.3190616695716445,-0.5916124881499837
5605,67615817,g,4,-0.3765123975719967,0.12239603914214103,0.2931335043375777,0.12930124958348688,-0.3765123975719967
5606,67615817,i,14,-1.2087515910926563,0.08219176647881077,0.24345815533231097,2.919141056240392,-1.2087515910926563
5607,67615817,r,13,-1.1413532909599664,0.16368271603732065,0.6626207945643381,0.582211362539359,-1.1413532909599664
5608,67615817,u,4,0.11828966602905189,0.09246486250358488,0.18753689727990636,0.02426839899045133,0.11828966602905189
5609,67653451,i,8,-0.545824507825742,0.16547039361432075,0.27983170239728267,0.3049684287128245,-0.545824507825742
5610,67653451,r,10,-0.542944571318091,0.06762553710599081,0.11636320955467933,0.3481225116926834,-0.542944571318091
5611,67653451,u,2,-0.9686340574903343,0.2241024350895502,0.22410243508955008,0.9214406870808862,-0.9686340574903343
5612,67721562,g,4,0.21023471113797854,0.03244185582684456,0.08559186337932195,0.03761903276358371,0.21023471113797854
5613,67721562,i,8,-0.6066912421500302,0.009848178080155867,0.037269648246391895,0.2956943160302617,-0.6066912421500302
5614,67721562,r,5,-0.28687930826994323,0.0458657014033631,0.06890916967346172,0.08715339475725804,-0.28687930826994323
5615,67721889,g,7,-0.3722636252418604,0.15676751249226373,0.31095286246709203,0.18679651303603634,-0.3722636252418604
5616,67721889,i,15,-0.17352926195988994,0.1041058354081224,0.19622448113538546,0.05284247532526735,-0.17352926195988994
5617,67721889,r,16,-0.3162979787432556,0.15124297655976926,0.2298570188446393,0.20724991001706272,-0.3162979787432556
5618,67762408,g,3,-0.3038123712046824,0.002198251469716861,0.35370028138327414,0.1167953163249299,-0.3038123712046824
5619,67762408,i,8,0.1368081118657419,0.2258766937998271,0.3877612180426795,0.11893519969367927,0.1368081118657419
5620,67762408,r,5,-0.17154180471202307,0.26165381833184476,0.29279322436460353,0.06709910397028485,-0.17154180471202307
5621,67762408,u,2,-0.8755723475817291,0.023740284018349045,0.023740284018349156,0.7332272784030621,-0.8755723475817291
5622,67810387,i,6,0.176502243412957,0.10116813603948621,0.15520914700088334,0.10980837797321762,0.176502243412957
5623,67810387,r,7,0.014565516576487081,0.14343717758698193,0.3177657493813416,0.06399153883897293,0.014565516576487081
5624,67830365,g,3,-0.2907744622477286,0.08601053412596471,0.1604797917208528,0.07725289222362801,-0.2907744622477286
5625,67830365,r,7,-0.051613817984039745,0.07866302752979781,0.10351413917114612,0.08407369922987008,-0.051613817984039745
5626,67830365,u,2,-0.9761771434362583,0.00943798871499446,0.00943798871499446,0.8947839727582587,-0.9761771434362583
5627,67841396,g,3,-0.17941828848463004,0.011263319646101,0.3056726261450273,0.08204299780121531,-0.17941828848463004
5628,67841396,i,11,0.09652833826636453,0.13319173854190336,0.24885158626142267,0.04635410308600134,0.09652833826636453
5629,67841396,r,9,0.06192529373061073,0.03139324132751542,0.061955976737380514,0.008109471944917518,0.06192529373061073
5630,67841396,u,2,-0.5115025826360861,0.038263243345940334,0.03826324334594028,0.22102533414382636,-0.5115025826360861
5631,67852807,i,7,-0.13401722963920282,0.23367887137685428,0.3359946981267235,0.05336766273538724,-0.13401722963920282
5632,67852807,r,8,-0.31960045023953687,0.22638733136952577,0.388099750094983,0.20777785640098892,-0.31960045023953687
5633,67852807,u,2,0.22043907176228827,0.10834294398238575,0.10834294398238575,0.05642664808998688,0.22043907176228827
5634,67906476,g,5,-0.46408715155831803,0.050568580401161634,0.07172637687821093,0.21802725016066676,-0.46408715155831803
5635,67906476,i,2,-0.2088249978346895,0.09535407707559235,0.09535407707559238,0.0490203643508278,-0.2088249978346895
5636,67906476,r,8,-0.18028255780074848,0.061947664196953744,0.1346973663142611,0.06388747512849904,-0.18028255780074848
5637,6797273,g,2,-0.9619177318282207,0.15269843456070686,0.15269843456070675,0.7794511703887783,-0.9619177318282207
5638,6797273,i,28,-1.031148442610766,0.7735939321427016,1.3462482323544893,1.1791303995081974,-1.031148442610766
5639,6797273,r,22,-0.8459473487934094,0.2276209334860464,0.41012654596478315,2.7951985807315847,-0.8459473487934094
5640,68020918,g,4,-0.32164367091421736,0.11369174249402197,0.2225102216098428,0.12350570678550626,-0.32164367091421736
5641,68020918,i,8,0.08436373564649788,0.07087033532810402,0.12270379854333949,0.029731873817436093,0.08436373564649788
5642,68020918,r,7,0.09353894337292093,0.028311340824625525,0.12179441497195154,0.028991607859384257,0.09353894337292093
5643,68030493,i,4,-0.23570881631469423,0.06704673451721496,0.14237018109929306,0.07098240193226461,-0.23570881631469423
5644,68030493,r,7,-0.09704149333280376,0.08345103742928572,0.19902544599201166,0.02357347119987905,-0.09704149333280376
5645,6805951,g,5,-0.07232235458144509,0.023569622322786143,0.2502703088442134,0.058420427424486,-0.07232235458144509
5646,6805951,i,16,-0.1275110361292255,0.20560404707364893,0.706368905770028,0.13215072805419786,-0.1275110361292255
5647,6805951,r,18,-0.6122612608889944,0.4087378877584394,0.7564735921008017,0.35936662682916654,-0.6122612608889944
5648,68094071,g,5,-0.17721037968008613,0.027158601246737746,0.0466171453734745,0.03888128644650057,-0.17721037968008613
5649,68094071,i,25,-0.5247520558063843,0.22104685801208568,0.49975437085789154,1.9453267835830985,-0.5247520558063843
5650,68094071,r,24,-0.5583653509751362,0.1904816717717357,0.3902609647538375,0.28655905971399237,-0.5583653509751362
5651,68095225,g,6,-0.7009170719638189,0.016836262424345994,0.1988894169662172,0.3911703390025038,-0.7009170719638189
5652,68095225,i,7,-0.09503668190077791,0.08295000570731972,0.12087109902636735,0.016344458193345866,-0.09503668190077791
5653,68095225,r,10,-0.3368323834519996,0.07497676255709665,0.1350049386834335,0.11340820600862722,-0.3368323834519996
5654,68095225,u,3,-1.5094771810642187,0.0014154549564446839,0.02209558030087111,2.0220171708088013,-1.5094771810642187
5655,68096920,i,3,0.024672069433434723,0.10733254013054166,0.13275381002759662,0.010708992218107755,0.024672069433434723
5656,68096920,r,8,-0.004439048768184073,0.06066847918514798,0.105975849004524,0.0963603762767811,-0.004439048768184073
5657,68115307,g,2,-0.15447450744096447,0.1724642712229839,0.1724642712229839,0.049479162952463615,-0.15447450744096447
5658,68115307,i,5,-0.1667992345479809,0.051945905846529195,0.08692780353637009,0.03254974190588008,-0.1667992345479809
5659,68115307,r,10,-0.26680783173327954,0.06565161934356376,0.12327691598168783,0.07914033978962241,-0.26680783173327954
5660,68118360,g,2,-1.2728290903944373,0.0119926403415056,0.011992640341505822,0.7782280029806699,
5661,68118360,i,12,-0.877953842867622,0.188827870814475,0.3656515649007499,0.5021316184815419,
5662,68118360,r,7,-1.1193513898665755,0.16245103040482123,0.2619046722670866,0.7876353078075731,-1.1193513898665755
5663,68140574,g,5,0.2698226007273261,0.06350750210732548,0.2349583331598688,0.05727384667665425,0.2698226007273261
5664,68140574,i,19,-0.41501279210249487,0.40464356482856934,0.827666747999522,0.7384402127306525,
5665,68140574,r,20,-0.48797265864044936,0.4041229810347214,0.6597433820480546,0.32206509281797413,
5666,68184230,g,2,-0.45801954677109286,0.09293912545892596,0.09293912545892591,0.21911988018818343,-0.45801954677109286
5667,68184230,i,4,-1.0464809631716068,0.030091189304113364,0.08403429543255592,0.9505005963412513,-1.0464809631716068
5668,68184230,r,7,-0.8541140386077677,0.1788102613599989,0.2955645824819977,0.7759671766813483,-0.8541140386077677
5669,68189225,i,9,-0.29172755828467967,0.10112328748101351,0.1987371392631205,0.11013408547597758,-0.29172755828467967
5670,68189225,r,7,-0.47869013813149264,0.05521572400428204,0.10677340239059308,0.2554073698311454,-0.47869013813149264
5671,68194315,i,12,-0.3201965302192995,0.34751579746428246,0.7955014085512474,0.19456297544724685,-0.3201965302192995
5672,68194315,r,14,-0.6693372041144704,0.34107447895056553,0.6552649502405536,0.32854339851117625,-0.6693372041144704
5673,6822526,g,2,-0.5169389547144205,0.31672351462900217,0.31672351462900217,0.026317477016446777,-0.5169389547144205
5674,6822526,i,5,-0.7282440247985049,0.7270178005101036,1.1649420923355744,0.3131498727629425,-0.7282440247985049
5675,6822526,r,7,-0.813817419564046,0.49801807748696025,0.8638451868365389,0.9084047727037946,-0.813817419564046
5676,68240402,g,2,0.14754989264967522,0.04881936876629722,0.04881936876629722,0.02299998881906871,0.14754989264967522
5677,68240402,i,9,-0.48521890169189696,0.34990436204506875,0.778290187577416,0.2091165027036107,-0.48521890169189696
5678,68240402,r,10,-0.31843087756312105,0.2548696038738822,0.9502130394527737,0.44009492704115,-0.31843087756312105
5679,68254749,i,6,-0.6016979391723597,0.18918593140485374,0.3262100297259238,0.3803586967256769,-0.6016979391723597
5680,68254749,r,6,-0.6357481121116653,0.24622464152353363,0.392987311610679,0.4928656346499851,-0.6357481121116653
5681,68304110,i,6,-0.4724588899210543,0.21751900304038094,0.33757819483410917,0.22638449736676666,-0.4724588899210543
5682,68304110,r,6,-0.40115222736007405,0.06623488650701376,0.11187113689100053,0.17951088898107959,-0.40115222736007405
5683,68306080,g,3,-0.6257642260735001,0.014525160536359216,0.09623581229926959,0.2668511412228038,-0.6257642260735001
5684,68306080,i,9,-1.8966483594175214,0.5808789288277367,1.382554622624379,1.2533708985278103,-1.8966483594175214
5685,68306080,r,11,-1.089651799197211,0.2700036775764193,0.5453334015165294,0.8749462299633414,-1.089651799197211
5686,68309964,i,8,-0.659232951570994,0.06954531189638286,0.11283399913011849,0.4298620779944544,-0.659232951570994
5687,68309964,r,4,-0.6999470708488669,0.0333511125335369,0.15546788898518915,0.3827963095247413,-0.6999470708488669
5688,68309964,u,3,-0.5127420621388048,0.050507960287923925,0.15793589711572897,0.33052205967201576,-0.5127420621388048
5689,68312526,g,4,-0.10009297024203173,0.06748356566359204,0.1689908327684351,0.04341954764525098,-0.10009297024203173
5690,68312526,i,4,-0.23066415420845077,0.25450581003850964,0.5077715302257514,0.10020927833406129,-0.23066415420845077
5691,68312526,r,8,-0.5987574533575644,0.17223632032791497,0.43567645738793653,0.31509153694423025,-0.5987574533575644
5692,68341229,i,6,-0.6159508077675694,0.04774364220837218,0.08246794103346389,0.28455535499332524,-0.6159508077675694
5693,68341229,r,6,-0.9154855834194418,0.23465832769888728,0.4390326965813949,0.45427181458258875,-0.9154855834194418
5694,68415259,i,12,-0.5561639735598718,0.2727022486110575,0.5096577131739211,0.4221314815717088,-0.5561639735598718
5695,68415259,r,10,-0.66735140329153,0.12497954738982309,0.3160642510505739,0.3586310439326764,-0.66735140329153
5696,68430853,i,5,-0.8415039080973743,0.03340575288833936,0.062229717376007354,0.2982834372198105,-0.8415039080973743
5697,68430853,r,6,-0.8867229083673834,0.3196209830815252,0.5533846780240189,0.46515660658204344,-0.8867229083673834
5698,68477793,i,8,-0.23652258224517186,0.03456884800276416,0.17150908918473073,0.034726323903946435,-0.23652258224517186
5699,68477793,r,8,-0.3131682406900414,0.05098638660861976,0.11674369886060304,0.062190484025998596,-0.3131682406900414
5700,68502596,g,2,0.20838405786614267,0.06783876908772912,0.06783876908772912,0.038160245991277764,0.20838405786614267
5701,68502596,i,4,-0.10365180673821106,0.08147906341414579,0.15031798100927002,0.025259018126256916,-0.10365180673821106
5702,68502596,r,8,-0.15792348238981135,0.038991385548430846,0.08077140112660425,0.021166531118885806,-0.15792348238981135
5703,68521190,i,7,-0.026443297440014946,0.1667651254552146,0.347263479977412,0.04138951904232694,-0.026443297440014946
5704,68521190,r,4,-0.10893762470987248,0.25143314928232846,0.4981270415483473,0.06046612681627642,-0.10893762470987248
5705,68529205,i,6,-0.08319343106174495,0.09817499248813455,0.18027693176552506,0.04060287220088293,-0.08319343106174495
5706,68529205,r,13,-0.23310858268706197,0.17247746610943876,0.4226096580021791,0.15589785535731815,-0.23310858268706197
5707,68589416,i,8,-0.7331922430714739,0.16990228467564306,0.7183852610346289,0.23164075301586215,-0.7331922430714739
5708,68589416,r,3,-0.9016190656687622,0.011857656856325782,0.34096959197529064,0.31430642507531487,-0.9016190656687622
5709,68637967,g,3,-0.1025845155494558,0.007144656429413754,0.08750379976815281,0.02957539305598163,-0.1025845155494558
5710,68637967,i,12,-0.5070382245633807,0.39757630504327335,0.7377496192881005,0.23387215792341423,-0.5070382245633807
5711,68637967,r,14,-0.3526197138903238,0.28345303579094117,0.4631251398076832,0.3443240128396708,-0.3526197138903238
5712,68684181,g,3,-0.8416473683752608,0.006472152678711485,0.4163565903062767,0.4707413831356804,-0.8416473683752608
5713,68684181,i,15,-0.7213289800886279,0.14320263916108855,0.4073425379900127,0.3266223537077836,-0.7213289800886279
5714,68684181,r,11,-0.4768190523207797,0.2687869514132665,0.49451894322523965,0.34107121548423414,-0.4768190523207797
5715,68684181,u,2,-0.7574945167199217,0.08436489153535154,0.08436489153535143,0.5260291798753836,-0.7574945167199217
5716,6870963,g,6,-0.07064924995120714,0.31153222264644964,0.4918777493976007,0.09056877952757321,-0.07064924995120714
5717,6870963,i,6,0.21106479355680113,0.06306994351043918,0.11251546887853925,0.1819704878833984,0.21106479355680113
5718,6870963,r,11,0.0017213690709327878,0.1113986846843468,0.24540886075869198,0.023328851909145073,0.0017213690709327878
5719,68768082,i,14,-1.8067884357061887,0.32806073664913105,0.5979429601039448,1.8061976000074087,-1.8067884357061887
5720,68768082,r,13,-1.3976243011437646,0.22357953052321866,0.5784164570693937,1.7119355544537715,-1.3976243011437646
5721,68808350,g,10,-0.9580467746666212,0.16999414667228896,0.34004629407000864,2.093409591755013,-0.9580467746666212
5722,68808350,i,29,-0.8951667482286132,0.6437440446594012,1.0494086107638025,1.0429133158452715,-0.8951667482286132
5723,68808350,r,29,-0.9991276137279987,0.5287214045294383,1.058410095631181,0.9232987441751461,-0.9991276137279987
5724,6884345,g,2,-0.02360715488673154,0.05545005979796097,0.05545005979796097,0.003615169222763365,-0.02360715488673154
5725,6884345,i,6,-0.6149788542880231,0.06414562121090728,0.22313770703884495,0.3827030146821056,-0.6149788542880231
5726,6884345,r,6,-0.31561917102012826,0.03479608473497586,0.24565707481839816,0.07134181329766652,-0.31561917102012826
5727,68845198,i,3,-0.04638453315337698,0.016063252613744528,0.020866187060031946,0.002427092541113309,-0.04638453315337698
5728,68845198,r,6,-0.15891534427276116,0.03798852486604329,0.05992117300277122,0.030966329061234064,-0.15891534427276116
5729,68845198,u,2,-0.7030925078689079,0.08475214146611587,0.08475214146611587,0.43470159687468535,-0.7030925078689079
5730,68869474,g,2,-0.0052701345332593075,0.2503812129933205,0.2503812129933205,0.053889970096153615,-0.0052701345332593075
5731,68869474,i,11,0.07713309072933447,0.2772129056813637,0.6488180903405216,0.11502576342445324,0.07713309072933447
5732,68869474,r,9,-0.2830468551160281,0.23695062370554654,0.42191831727522283,0.13359582101013365,-0.2830468551160281
5733,68877707,g,3,-0.15392580823489865,0.0009363895695218005,0.03584047879973262,0.006674864419106665,-0.15392580823489865
5734,68877707,i,13,-0.14715331254998532,0.10372166425298979,0.13137350108143198,0.057967411472059464,-0.14715331254998532
5735,68877707,r,9,-0.42766782779874446,0.09886738494915037,0.3002719162022288,0.09923857636827588,-0.42766782779874446
5736,6888039,g,3,-0.01571562976048546,0.02778726088470873,0.24667861852239242,0.07299893086427046,-0.01571562976048546
5737,6888039,i,13,-0.27021225432386037,0.05626275904907635,0.10014974912787444,0.12093642057713713,-0.27021225432386037
5738,6888039,r,11,-0.311168749122699,0.061976664366245826,0.10688784505015753,0.0959137147860314,-0.311168749122699
5739,68891305,i,10,-0.7249903857744625,0.5483698717784395,1.6710657569944019,1.3208266727686662,-0.7249903857744625
5740,68891305,r,7,-0.6674774008640576,0.16491985327729985,0.2098633789875457,0.48785306494586633,-0.6674774008640576
5741,68938994,i,6,-0.6794863071740672,0.10746543217573512,0.5119094701126969,0.2444542398059055,-0.6794863071740672
5742,68938994,r,7,-0.4151734718215019,0.3083979847655215,0.49680165242216484,0.16590048285914608,-0.4151734718215019
5743,6894103,g,4,-0.7939876286611092,0.06419641486447691,0.123406657498906,0.08494230708331871,-0.7939876286611092
5744,6894103,i,9,-1.454953472386156,0.5660344898594329,1.0936874829653447,1.3405854651755797,-1.454953472386156
5745,6894103,r,8,-1.7448671762295374,0.26796675432420125,0.4679187969642886,1.6972159714186472,-1.7448671762295374
5746,68946805,i,11,-0.8187157209421285,0.25000313004473984,0.36755899751383914,0.5197267449115341,-0.8187157209421285
5747,68946805,r,16,-0.652736340956241,0.0695248972996294,0.13730935738212424,0.4086478326921077,-0.652736340956241
5748,68961604,g,3,-0.816319073504738,0.028708928558045188,0.09905391460000534,0.7040548456414714,-0.816319073504738
5749,68961604,i,9,-0.4424289478124035,0.5334360265816527,0.7804515989535515,0.427284224371555,-0.4424289478124035
5750,68961604,r,8,-0.46603142964318134,0.09433351256743727,0.28211016364595964,0.27024491800022066,-0.46603142964318134
5751,68999481,g,3,-0.2863983603094016,0.08031185795131845,0.1374352666748926,0.10278111792781996,-0.2863983603094016
5752,68999481,i,4,0.13692908463267353,0.10395051593595808,0.15600861581002912,0.03221931256957433,0.13692908463267353
5753,68999481,r,8,-0.04240728187222892,0.03151959893049561,0.05398548341217804,0.007979387383335514,-0.04240728187222892
5754,69014998,g,2,-0.41173609783941945,0.028103986459427105,0.028103986459427077,0.1822092817654743,-0.41173609783941945
5755,69014998,i,3,0.4223775352293887,0.05857459694987299,0.1400269220243473,0.26072588134093677,0.4223775352293887
5756,69014998,r,6,0.17460257491588405,0.049454540691305976,0.09700536674537188,0.040219589498572954,0.17460257491588405
5757,69033614,g,3,0.009620170425851393,0.2354031779041581,0.27105437078122674,0.04305865059629987,0.009620170425851393
5758,69033614,i,10,0.00023284667858225472,0.08367947524023024,0.26436138245718843,0.04595368214338259,0.00023284667858225472
5759,69033614,r,10,-0.015159453117913557,0.2637538184398833,0.43225286368254595,0.1410833141294579,-0.015159453117913557
5760,69033614,u,2,-0.241077728295245,0.0026731239879453916,0.0026731239879453916,0.05313601766261629,-0.241077728295245
5761,69043146,g,2,-0.23136515229149496,0.027013272410466638,0.027013272410466638,0.05488353305576758,-0.23136515229149496
5762,69043146,i,11,-0.5138396634974104,0.19608369755252775,0.3455570582698717,0.32917198757053723,-0.5138396634974104
5763,69043146,r,9,-0.4621440065100846,0.08788911889939444,0.14036357479803652,0.23090037425470097,-0.4621440065100846
5764,69057061,g,2,-0.2441995285705314,0.022410832542409054,0.022410832542409054,0.05594039533930689,-0.2441995285705314
5765,69057061,i,11,-0.5619283466960923,0.22284294171311803,0.340070136425801,0.33513560007983845,-0.5619283466960923
5766,69057061,r,14,-0.28597766234751654,0.18491024294676017,0.36355481109716326,0.14932548852704766,-0.28597766234751654
5767,69058283,i,5,0.017233976597080453,0.08502714708839179,0.13512382197284817,0.011278147797029693,0.017233976597080453
5768,69058283,r,4,-0.04695377741134607,0.1268686904268751,0.2506874282283013,0.027375711842368908,-0.04695377741134607
5769,69058283,u,2,-1.2992642853242906,0.0657048287861437,0.06570482878614348,1.5513912970460995,-1.2992642853242906
5770,69078076,g,3,-0.16509428596164927,0.04217110638819471,0.06811153135113945,0.02193138084810868,-0.16509428596164927
5771,69078076,r,8,-0.206473968058916,0.13828180402688328,0.26520981093867035,0.05985213561559394,-0.206473968058916
5772,6910892,g,5,-0.6181450893218664,0.019793950577293717,0.026165400299715924,0.37236609847227364,-0.6181450893218664
5773,6910892,i,3,-0.4723932951301226,0.06268949239993482,0.18497668202907397,0.12586842656167155,-0.4723932951301226
5774,6910892,r,6,-0.4162824416806865,0.02211019455838137,0.04166346320864239,0.16456796940574744,-0.4162824416806865
5775,69156338,i,11,-0.124245617087126,0.1748205766767883,0.2815500528331155,0.05844126650040815,-0.124245617087126
5776,69156338,r,8,-0.2686213218333041,0.24151924583578427,0.49410027429152875,0.1594688684221086,-0.2686213218333041
5777,69176599,g,4,-0.5442531418397183,0.10481014951437317,0.21434659340667206,0.26309244296616563,-0.5442531418397183
5778,69176599,i,13,-0.11263275747265644,0.0943455784101036,0.1689523796423099,0.02636600638184813,-0.11263275747265644
5779,69176599,r,13,-0.30397508588096156,0.1293284089988337,0.2901884262556204,0.10280520975488254,-0.30397508588096156
5780,69179089,g,4,-0.309824791383831,0.010904831842600826,0.023059508901835613,0.09437637102117209,-0.309824791383831
5781,69179089,i,7,0.15279976736538647,0.20261137581514954,0.2821148376774263,0.07326694613555915,0.15279976736538647
5782,69179089,r,5,0.0038097341893852388,0.07106560993432942,0.07592699616389054,0.006408575280904367,0.0038097341893852388
5783,69192790,g,2,-0.08952037043963046,0.08779656252533219,0.08779656252533219,0.014546350239803331,-0.08952037043963046
5784,69192790,i,6,-0.7841429876350483,0.5767786815731705,1.076480207594422,0.3576094537786229,-0.7841429876350483
5785,69192790,r,6,-0.4101405134656828,0.296139180417133,0.6458419987614239,0.3794528024953678,-0.4101405134656828
5786,69192790,u,2,-1.3205412082724606,0.1469024859760223,0.14690248597602218,1.4835814494331623,-1.3205412082724606
5787,69215123,g,5,-0.48087350951510904,0.1840476166136527,0.23113564224754424,0.22189841289107476,-0.48087350951510904
5788,69215123,i,10,-0.7564197270683415,0.624349029038175,0.9227656576124204,0.7051840511706431,-0.7564197270683415
5789,69215123,r,11,-0.6255044822437706,0.291286051068845,0.6533895487903613,0.20540274128578548,-0.6255044822437706
5790,69222150,i,25,-0.6261113084173195,0.36072806216511166,0.6993343191070094,0.3186901990485691,-0.6261113084173195
5791,69222150,r,25,-0.8523818265732084,0.3344722195448151,0.5770158313557185,0.5732739711327224,-0.8523818265732084
5792,69248138,g,3,-0.5130869263723576,0.12816000633892854,0.1879660541114554,0.2285362568866397,-0.5130869263723576
5793,69248138,i,7,-0.88229406033753,0.17030454271487017,0.4242320453704118,0.48136692365547873,-0.88229406033753
5794,69248138,r,8,-0.8437583231263992,0.10634960307777397,0.18713648945084438,0.6535351944925126,-0.8437583231263992
5795,69270559,i,6,-0.16289146531933757,0.13850846870104944,0.22209847164655416,0.06701861017184264,-0.16289146531933757
5796,69270559,r,9,-0.48032620696701334,0.3212773091122227,0.686054284599892,0.2535562285634656,-0.48032620696701334
5797,69320253,g,2,-0.5356528477367319,0.08366736993265245,0.08366736993265245,0.26414615352310433,-0.5356528477367319
5798,69320253,i,10,-0.5304246441635668,0.39708791905037444,0.8750265704510174,0.46546967163997877,-0.5304246441635668
5799,69320253,r,7,-0.72379134262095,0.10394427747526125,0.3075059415014254,0.5732261096794031,-0.72379134262095
5800,6932418,g,2,-0.3164768071815829,0.0036379073072349,0.0036379073072349,0.10016051192789044,-0.3164768071815829
5801,6932418,i,3,-0.112165424156734,0.04097284363079992,0.14064484717513648,0.0147493044148617,-0.112165424156734
5802,6932418,r,7,-0.20636258872054852,0.202695936016054,0.35264396068369636,0.08594554232534406,-0.20636258872054852
5803,6932418,u,2,-0.8270543736504722,0.058516165847193435,0.058516165847193546,0.5751203441265595,-0.8270543736504722
5804,69334838,g,7,-0.09454536688901327,0.027964023502516366,0.09770463380942396,0.01838041726056754,-0.09454536688901327
5805,69334838,i,13,-0.2528876395681113,0.3176145933097964,0.6497714568931331,0.17770047259134142,-0.2528876395681113
5806,69334838,r,12,0.07668339724128234,0.3018223205408744,0.6686416139783379,0.14335300342700033,0.07668339724128234
5807,69334838,u,2,0.48404820220655664,0.07685584927416955,0.07685584927416955,0.20463618122669794,0.48404820220655664
5808,69349656,g,4,0.23090666555117478,0.27625352969515293,0.34898669251914144,0.16736452073399158,0.23090666555117478
5809,69349656,i,4,-0.15061499177355436,0.11018342495511634,0.265453578394781,0.1621127691268038,-0.15061499177355436
5810,69349656,r,8,-0.006267787662954605,0.14009243922898734,0.43498361740332736,0.1533026146157228,-0.006267787662954605
5811,69349656,u,2,-0.4960010184638603,0.5400298808535353,0.5400298808535354,0.5330757552648007,-0.4960010184638603
5812,693851,g,4,-0.46261082513003937,0.06255335846622809,0.10492968624350629,0.21733362143325152,-0.46261082513003937
5813,693851,i,7,-0.581473008322968,0.10618949300029101,0.23501953210670168,0.2939135357899416,-0.581473008322968
5814,693851,r,8,-0.7600808874035672,0.11045003815116494,0.18367645250125442,0.5219540593379244,-0.7600808874035672
5815,69483587,g,2,-0.022517866167142436,0.3490498265018632,0.34904982650186317,0.12664081987637404,-0.022517866167142436
5816,69483587,i,6,-0.1223919595369621,0.0867803036530832,0.17578029514654211,0.06158200083484235,-0.1223919595369621
5817,69483587,r,5,0.1796837652310027,0.22816068812608284,0.27507937106725044,0.08797390631966576,0.1796837652310027
5818,69493410,g,3,-1.2307357564104475,0.037921356485830504,0.07635852214655547,1.4408273381813756,-1.2307357564104475
5819,69493410,i,3,-1.1186828551261523,0.07225656143811943,0.32551252996711033,0.9676171879534227,-1.1186828551261523
5820,69493410,r,7,-0.9964585667900706,0.2440021464093186,0.3785481210876125,2.540606010846993,-0.9964585667900706
5821,69493410,u,2,-2.0601918110394832,0.11967982957875511,0.11967982957875556,3.1528277142939105,-2.0601918110394832
5822,69500642,g,9,-0.4768906242956247,0.09044885918125545,0.18588773308927042,0.2158222426963858,-0.4768906242956247
5823,69500642,i,30,-0.9165533157408123,0.4758130189261123,1.0396052829036782,0.7492075638859889,-0.9165533157408123
5824,69500642,r,29,-0.7787667297268807,0.518380993229166,1.116531252559129,0.9130315693874766,-0.7787667297268807
5825,69500642,u,2,-1.198440280698442,0.02511900472494244,0.02511900472494255,1.256283364992557,-1.198440280698442
5826,69512898,g,5,-2.2520636553818245,0.17025745575426265,0.27127611468862467,3.3632582544832332,-2.2520636553818245
5827,69512898,i,7,-1.8565057961707119,0.23271758732634762,0.39995218013144496,1.825663850889193,-1.8565057961707119
5828,69512898,r,7,-2.039783547018115,0.07561368412433467,0.08393842945839092,2.5699098861534995,-2.039783547018115
5829,69561958,g,5,0.3807153900012774,0.09388305048255807,0.6285258344714306,0.07698290965811658,0.3807153900012774
5830,69561958,i,13,0.03239897900526373,0.04669788991138979,0.08444101829574602,0.03512298915828064,0.03239897900526373
5831,69561958,r,15,-0.02085449715656984,0.03052094932640481,0.3145216585157831,0.047875298021475964,-0.02085449715656984
5832,69561958,u,2,-0.7516944865616857,0.02310567107136352,0.02310567107136352,0.5265299029617312,-0.7516944865616857
5833,69592549,g,2,-0.18252975236536245,0.15297238744649638,0.1529723874464964,0.06622475333167861,-0.18252975236536245
5834,69592549,i,9,-0.6429085704172531,0.2165539338544985,0.38046508332135753,0.24135453738362203,-0.6429085704172531
5835,69592549,r,12,-0.30575445122377465,0.2628622896160738,0.4392665502283371,0.19087742607740657,-0.30575445122377465
5836,69609164,g,3,-0.731138661677208,0.025801803642325094,0.15995014793260076,0.40996143188219875,-0.731138661677208
5837,69609164,i,6,-0.6435087227164318,0.33547737852866555,0.5305199082197692,0.3414669822548766,-0.6435087227164318
5838,69609164,r,10,-0.39748236369012446,0.17968222630704483,0.32469266709383743,0.16495410438404398,-0.39748236369012446
5839,69655068,g,2,-0.5332180970556983,0.06061834804025329,0.060618348040253234,0.3000219676196896,-0.5332180970556983
5840,69655068,i,5,-0.29919755446954055,0.5064760038160045,0.8389852537415023,0.4915185089930997,-0.29919755446954055
5841,69655068,r,13,-0.4321838424677218,0.4228085387756365,0.685823041216938,0.3445564698232796,-0.4321838424677218
5842,69700948,i,3,-0.6401426166330209,0.030878291828460247,0.23845066773346263,0.320390704512266,-0.6401426166330209
5843,69700948,r,10,-0.3868550013518043,0.18268887449313964,0.33572233570640253,0.19508563022856928,-0.3868550013518043
5844,69714108,i,13,-0.8793246447965497,0.12133422264173488,0.22451299545257752,0.5687613346188652,-0.8793246447965497
5845,69714108,r,7,-0.6543665977690889,0.10154606804634958,0.16774302363262383,0.38968617669633127,-0.6543665977690889
5846,6975015,i,3,-0.5373112463739318,0.3149175157822197,0.5301291575763879,0.3587357243489187,-0.5373112463739318
5847,6975015,r,7,-0.557817114404519,0.1912483082733153,0.47034327689803784,0.3364742851304725,-0.557817114404519
5848,69786526,i,5,-0.018469970609421127,0.13735831537454057,0.16314509930629817,0.10140185352807085,-0.018469970609421127
5849,69786526,r,9,-0.3389566494649825,0.20898148300698405,0.4100639835315003,0.18850256763757134,-0.3389566494649825
5850,69800248,i,11,-1.3380066982267498,0.6115737934195167,0.877139395902305,1.5178270918185008,-1.3380066982267498
5851,69800248,r,12,-1.1987787131148189,0.1735402990409799,0.33483293242130574,1.0745135485256312,-1.1987787131148189
5852,69814462,g,2,-0.676715763257518,0.01624259093648428,0.01624259093648428,0.4317068629364638,-0.676715763257518
5853,69814462,i,8,0.008369366887332835,0.11640491830583068,0.2221346624361213,0.0136952815791189,0.008369366887332835
5854,69814462,r,7,-0.14984189194671793,0.10990755943628111,0.22462462756659124,0.041933170488156306,-0.14984189194671793
5855,69858489,i,4,-0.4570517222343924,0.03208878458536496,0.1064395268426902,0.2531717750135862,-0.4570517222343924
5856,69858489,r,6,-0.5761861834195208,0.034823315615603145,0.1801286664150561,0.27069659997024215,-0.5761861834195208
5857,69870977,g,3,0.031879507914905236,0.07339991754580066,0.13777691787275348,0.012100391992124976,0.031879507914905236
5858,69870977,i,6,-0.17268324818445605,0.1829059399438075,0.47308951336696425,0.13310149339169133,-0.17268324818445605
5859,69870977,r,11,-0.39135214778858074,0.15931942805027244,0.3447260792551967,0.21850892300667465,-0.39135214778858074
5860,6987777,g,3,0.06185872907883405,0.10024732207304321,0.17546226435079681,0.02387679552632696,0.06185872907883405
5861,6987777,i,19,-0.1385721442183575,0.19435075950942876,0.5363819757689954,0.089121409874986,-0.1385721442183575
5862,6987777,r,16,-0.24658136046425383,0.3100054653331453,0.6032347338153666,0.17928386123712442,-0.24658136046425383
5863,6989758,g,2,-0.3613144433981902,0.3131921224184747,0.31319212241847466,0.19776815985356483,-0.3613144433981902
5864,6989758,i,5,-0.01727084812280366,0.08093230005803342,0.1382173795472713,0.03857022481906634,-0.01727084812280366
5865,6989758,r,8,-0.3897823186469514,0.024187523452619653,0.10015642242725126,0.11790242203258347,-0.3897823186469514
5866,69898951,i,5,-0.004307412747347472,0.05003956176483071,0.06794031589741756,0.005152444920721311,-0.004307412747347472
5867,69898951,r,6,-0.2815656814503568,0.12519317850543094,0.19868091027869142,0.09747320758414424,-0.2815656814503568
5868,6990096,i,5,-0.16495971516193741,0.083385464979712,0.15525297279980232,0.06741402098998786,-0.16495971516193741
5869,6990096,r,5,-0.15243251912947609,0.09541726231261649,0.18831571234708022,0.11314674519111474,-0.15243251912947609
5870,69914702,g,2,-0.4833871822788074,0.18204789559870524,0.1820478955987052,0.2629355135519276,-0.4833871822788074
5871,69914702,i,6,-0.4498755571792382,0.12847789325219117,0.2397884659192147,0.1525497102952835,-0.4498755571792382
5872,69914702,r,5,-0.25129543026048584,0.21648154112687742,0.42388741608061997,0.10413821546592383,-0.25129543026048584
5873,69971349,i,5,-0.9371755332406956,0.3917570618650391,0.6647320019991463,0.5887226714105942,-0.9371755332406956
5874,69971349,r,6,-0.9329035876047833,0.23274325256195394,0.6386552811809374,0.8609371073167474,-0.9329035876047833
5875,69995038,g,2,-0.44204812611515326,0.035838735071463346,0.0358387350714634,0.19542537903094997,-0.44204812611515326
5876,69995038,i,10,-0.36108998605483666,0.22315143242833563,0.2667822933945654,0.1254053371029955,-0.36108998605483666
5877,69995038,r,7,-0.2969631490347633,0.22297556366763133,0.4755291579866263,0.11473034871067093,-0.2969631490347633
5878,69995038,u,2,-0.5607715898471936,0.32809290264500846,0.3280929026450085,0.3936868808540768,-0.5607715898471936
5879,69999242,g,4,-0.8057117266122149,0.06199328173117452,0.0926973068330249,0.6180221752543733,-0.8057117266122149
5880,69999242,i,6,-0.1406574985683841,0.0752560846685591,0.1261799925170547,0.023176797546188867,-0.1406574985683841
5881,69999242,r,8,-0.1849475697785753,0.12603243007839418,0.23183023496341165,0.07070281647188727,-0.1849475697785753
5882,70019106,g,3,-1.01627807105046,0.0662603472572445,0.35280181175355474,1.130701998137349,-1.01627807105046
5883,70019106,i,20,-0.940418796963534,0.2945875921741202,0.5556063563766689,0.7698467101650189,-0.940418796963534
5884,70019106,r,21,-0.9833634285180775,0.24064023042247062,0.5476812023927351,0.6718431254698283,-0.9833634285180775
5885,70039383,g,2,-0.28963446412926575,0.17042020295814908,0.17042020295814908,0.11562458738178676,-0.28963446412926575
5886,70039383,i,3,-0.13870136738242558,0.03952102184416953,0.051898918077235165,0.019742576263377592,-0.13870136738242558
5887,70039383,r,9,-0.54431400339359,0.1710124079948303,0.44402734506248154,0.2729379082313257,-0.54431400339359
5888,70063803,g,3,-0.9942647398147297,0.02198215888285171,0.09129371971962619,0.30071278287347236,
5889,70063803,i,15,-0.958396090333546,0.17877682772397674,0.5798602930524179,0.4205250651626452,
5890,70063803,r,14,-1.1180019920239044,0.1700006054999692,0.4073257259220311,0.5943705784886905,
5891,70084271,g,5,-0.2207531833542582,0.09752571025126722,0.15483405698734143,0.050554740282886035,-0.2207531833542582
5892,70084271,i,8,0.293705271222207,0.07256108716484905,0.33665795049861846,0.14241591979665025,0.293705271222207
5893,70084271,r,9,0.06392670538883216,0.0812348683307017,0.15965009103691263,0.020519771782692535,0.06392670538883216
5894,7009054,i,9,-0.3707102053650555,0.24755641945381957,0.4821895916601764,0.14929154869939823,-0.3707102053650555
5895,7009054,r,14,-0.45007345847606905,0.19224712691594104,0.451690859200461,0.28978610320380904,-0.45007345847606905
5896,70183417,g,5,-0.7921544812660211,0.21048211161766206,0.39580312724516564,0.6260177787928489,-0.7921544812660211
5897,70183417,i,3,-0.425419177302036,0.016635208927720357,0.021524054773470525,0.1441635240805336,-0.425419177302036
5898,70183417,r,13,-0.549392657723414,0.10046558781029868,0.16265550898510261,0.26582366962095993,-0.549392657723414
5899,70183762,g,4,-0.34057486550505395,0.06419115437547657,0.23639137238685973,0.1444788463296639,-0.34057486550505395
5900,70183762,i,8,-0.1344557020700652,0.1387586908271416,0.20892294192458755,0.037325222057811025,-0.1344557020700652
5901,70183762,r,6,-0.09580883869355616,0.040239530689918424,0.07160073575105666,0.029955122430061498,-0.09580883869355616
5902,70234705,g,2,-0.12447006760499657,0.004290328334846327,0.004290328334846327,0.018227284014685173,-0.12447006760499657
5903,70234705,i,5,-0.13582382925629394,0.03395023148612586,0.14141756942044847,0.01076577806800479,-0.13582382925629394
5904,70234705,r,4,0.1474051524136366,0.3151174180008878,0.6285355358241096,0.14881304864916375,0.1474051524136366
5905,70261224,g,2,-0.4352748281165471,0.05733878015304822,0.05733878015304816,0.19832499947652016,-0.4352748281165471
5906,70261224,i,4,-0.18613524093496095,0.16451200156922818,0.3660064650905914,0.12113664932081142,-0.18613524093496095
5907,70261224,r,8,-0.18842900898000697,0.04929545763936097,0.0997162340255689,0.046739864646840434,-0.18842900898000697
5908,70265484,g,4,0.2550718370040044,0.1726201416582399,0.34084299711493266,0.10464618070356364,0.2550718370040044
5909,70265484,i,11,0.12364773140254803,0.09600854148508539,0.16040902148270283,0.07536682229534179,0.12364773140254803
5910,70265484,r,11,0.14002707615494048,0.09600528218226612,0.1940648846833024,0.06039428066905059,0.14002707615494048
5911,7030386,g,4,-0.08730967319271743,0.0384375740500148,0.09556921936803048,0.01794668244721034,-0.08730967319271743
5912,7030386,i,8,-0.4383754222292017,0.17335767764303744,0.3271800030430147,0.14145828753050907,-0.4383754222292017
5913,7030386,r,8,-0.11383577608636836,0.07721626913983776,0.1321461526900711,0.03962311504044297,-0.11383577608636836
5914,70318584,i,9,-0.47672088856259465,0.14713581287761612,0.2698815659440945,0.10771829096733163,-0.47672088856259465
5915,70318584,r,8,-0.24017281357929166,0.1488343342807189,0.4557509700936086,0.11890831784759302,-0.24017281357929166
5916,70361059,g,9,-0.9581171039841498,0.2442494450878523,0.48274940506527364,0.5216263009962677,-0.9581171039841498
5917,70361059,i,34,-1.0031644103878117,0.5084246033314939,1.0317956287899652,0.9674653196179783,
5918,70361059,r,31,-1.4848022088259099,0.4246845650437492,0.7713560204437955,1.261122682813639,
5919,70451974,i,7,-1.414534969540158,0.2675743267403512,0.43540828219626726,1.6668414033205896,-1.414534969540158
5920,70451974,r,4,-1.7954803905932377,0.2265126732590994,0.5423412071017772,1.6560478916989372,-1.7954803905932377
5921,70462652,g,5,-0.13976010302039332,0.08573173926994249,0.21475222276134953,0.047369788793445514,-0.13976010302039332
5922,70462652,i,24,-0.4412617309295615,0.44395324345434234,0.8177815180812299,0.21238124324106888,-0.4412617309295615
5923,70462652,r,25,-0.37319703103167257,0.374475176504392,0.7602003183019514,0.2815984794506308,-0.37319703103167257
5924,70498604,i,9,-1.5720523791799006,0.47495066301822586,0.9186779186970802,0.9642949398502486,-1.5720523791799006
5925,70498604,r,11,-1.2390124176900774,0.5051186027541226,0.6644515618581333,1.3761178639392393,-1.2390124176900774
5926,70500927,i,8,-0.6792817302862371,0.11126112178217273,0.1868311815977406,0.31262013761545826,-0.6792817302862371
5927,70500927,r,8,-0.7192482612577253,0.03220856701978736,0.0529179155434325,0.36132056818844605,-0.7192482612577253
5928,70514618,g,2,-0.13614656228278746,0.19251068872635116,0.1925106887263512,0.05751059541706949,-0.13614656228278746
5929,70514618,i,4,-0.08458254185266906,0.05232812788852487,0.29635507848773013,0.11403807135468688,-0.08458254185266906
5930,70514618,r,6,-0.1858088841030735,0.05078200102493331,0.08019170514742738,0.0725176792887382,-0.1858088841030735
5931,70525260,g,2,-0.8930278293331713,0.021201665147625226,0.021201665147625226,0.7048333308790126,-0.8930278293331713
5932,70525260,i,3,-0.5272303886640143,0.28650009525817566,0.47285262020729163,0.27316194245769415,-0.5272303886640143
5933,70525260,r,7,-0.24570003603481294,0.4103682519188765,0.6433836352265407,0.24102055770377193,-0.24570003603481294
5934,70525260,u,2,-1.563726650167938,0.05227467990892454,0.05227467990892465,2.261936057694555,-1.563726650167938
5935,70553332,g,5,0.1480995816541144,0.23520236247427206,0.2748662544496523,0.15399629005440135,0.1480995816541144
5936,70553332,i,16,0.02047029233943526,0.06726825554752688,0.1383866845647122,0.026197666589698444,0.02047029233943526
5937,70553332,r,9,0.003221094242263467,0.029234364076035357,0.0581738841402773,0.027028960820466682,0.003221094242263467
5938,70553332,u,3,-0.0879271112640545,0.08750299047675103,0.16283006267533562,0.016798560272448766,-0.0879271112640545
5939,70553984,g,2,-0.7272628902829789,0.062082709496702804,0.06208270949670269,0.4636031468070888,-0.7272628902829789
5940,70553984,i,8,-0.2895988042405211,0.1022081307788667,0.1948135598030749,0.09123602279373545,-0.2895988042405211
5941,70553984,r,10,-0.32454878352879135,0.06790543813664829,0.16340716486177354,0.09628722739286567,-0.32454878352879135
5942,7056906,i,5,-0.5161857342112119,0.36207450822156395,0.4999266154620934,0.3366307984001165,-0.5161857342112119
5943,7056906,r,8,-0.1927788251920008,0.11618398758371895,0.20116057420288036,0.0918249721316703,-0.1927788251920008
5944,70584905,g,2,-0.46496347033132235,0.06408591780260453,0.06408591780260453,0.19447973367321333,-0.46496347033132235
5945,70584905,i,3,-0.018928048297467248,0.07542481715261523,0.2124184506155747,0.0367888752465941,-0.018928048297467248
5946,70584905,r,9,-0.10921608461259624,0.050445100323018965,0.16340850592510237,0.03064638685375566,-0.10921608461259624
5947,70598233,g,4,-0.4309569647263635,0.03716538025700716,0.10590037857058032,0.15199148607688873,-0.4309569647263635
5948,70598233,i,6,0.017526790906573816,0.118010653163107,0.29523063914397957,0.030210502687504703,0.017526790906573816
5949,70598233,r,7,0.048332237021165514,0.025202184416025036,0.16762027808403213,0.02527192277781525,0.048332237021165514
5950,70640272,g,5,-0.351682595724069,0.06368645405159867,0.08569801915986641,0.13031703256149282,-0.351682595724069
5951,70640272,i,2,0.018764294184751645,0.10647838042690291,0.10647838042690291,0.01075817820258959,0.018764294184751645
5952,70640272,r,4,-0.0864660035834319,0.04948097680671737,0.12368379693890463,0.011659065812969722,-0.0864660035834319
5953,70646756,i,6,0.10871415995991794,0.06415964591025197,0.1226154611280306,0.01406732794576269,0.10871415995991794
5954,70646756,r,5,0.17964716866402589,0.10077399776873211,0.1376222196832313,0.03563227587590499,0.17964716866402589
5955,70658037,g,2,-0.46466586513703084,0.26861846673739725,0.2686184667373973,0.2905787143476972,-0.46466586513703084
5956,70658037,i,5,-0.11148310114944554,0.1809572978561732,0.33444576461061304,0.04468577405480101,-0.11148310114944554
5957,70658037,r,8,-0.22629947071038867,0.09823335761107069,0.13594188279475106,0.05722604622429357,-0.22629947071038867
5958,70667281,i,4,-0.4010326677879759,0.16505877746468406,0.31906706883763647,0.11513506213941468,-0.4010326677879759
5959,70667281,r,7,-0.3488983095916234,0.03629833289124762,0.1689759701823878,0.0840804881346441,-0.3488983095916234
5960,70682317,g,2,-0.3411850415500922,0.051357044026303006,0.05135704402630298,0.1383511604985792,-0.3411850415500922
5961,70682317,i,4,-1.02647267200321,0.2950430074183507,0.6517163068967752,0.8535518255633503,-1.02647267200321
5962,70682317,r,6,-0.7172771692209574,0.13465600471681105,0.5380256743819158,0.3812457727972156,-0.7172771692209574
5963,70705106,i,13,-0.17487503197123624,0.07619638864628805,0.15659110210432026,0.05676906584319064,-0.17487503197123624
5964,70705106,r,14,-0.2055431712632233,0.07077645668895416,0.12931405862150952,0.044892197441004845,-0.2055431712632233
5965,70718314,g,3,-0.4590031713209082,0.06823806508413544,0.08546823792254932,0.2446124961147318,-0.4590031713209082
5966,70718314,i,10,-0.5189572378203549,0.19738952693626693,0.3920736213317862,0.17105645758019403,-0.5189572378203549
5967,70718314,r,11,-0.2179121198727081,0.14237250543634938,0.4257751769870041,0.17740737555971164,-0.2179121198727081
5968,70718314,u,2,0.03153759570212844,0.18732127436145407,0.18732127436145407,0.030402529112201912,0.03153759570212844
5969,7075894,g,7,-0.8157729380839966,0.04755067150932879,0.18760994212979376,0.4342867701833265,-0.8157729380839966
5970,7075894,i,15,-0.6106587462824167,0.20568036915557475,0.3537031917347088,0.33868375861352257,-0.6106587462824167
5971,7075894,r,15,-0.8465872671708794,0.11721109772229221,0.18359396856364518,0.6134907319745757,-0.8465872671708794
5972,7078092,g,5,-0.9506862890023033,0.012443542239815253,0.019110305789452386,0.923280059322766,-0.9506862890023033
5973,7078092,i,30,-0.8832804674573257,0.3694592057115264,0.8470777488385219,0.5590332333404042,-0.8832804674573257
5974,7078092,r,26,-0.9743438358274588,0.2832859107766257,0.5584666070685725,0.6324648264527949,-0.9743438358274588
5975,70809692,g,3,-1.248240445854211,0.005148907098875277,0.1356570232609111,1.1509192042631542,-1.248240445854211
5976,70809692,i,2,-0.2688704223234171,0.03263958636655212,0.032639586366552176,0.06051744256381901,-0.2688704223234171
5977,70809692,r,6,-0.6018134153448762,0.0654691057931473,0.10127884799021813,0.35464533935505876,-0.6018134153448762
5978,70847695,g,3,-0.4648923532960245,0.09898864450251987,0.16914859304250407,0.18665597576248405,-0.4648923532960245
5979,70847695,i,19,-0.7692806843873238,0.35097792733299565,0.6282130404998912,0.44402546899415746,-0.7692806843873238
5980,70847695,r,21,-0.6623978371624875,0.20997620963825087,0.4887118009043059,0.4749352715508657,-0.6623978371624875
5981,70879849,i,8,-1.2219617905232718,0.2770972285354629,0.43894992352706586,0.9547568093528006,-1.2219617905232718
5982,70879849,r,5,-1.2977755073168193,0.246488555207228,0.28148174249078295,1.0649666070442823,-1.2977755073168193
5983,7089232,g,3,-0.2960696660869364,0.09946888860447278,0.44592229939191863,0.15635406682446173,-0.2960696660869364
5984,7089232,i,5,0.17673749279519946,0.03345305559745709,0.22138066637375342,0.05719279030469093,0.17673749279519946
5985,7089232,r,7,-0.11303695360995958,0.024479305597769896,0.046033776924331776,0.010850089863098275,-0.11303695360995958
5986,70892843,i,7,-0.6411493815225835,0.17178406451631512,0.7545725912793223,0.12859448343987026,-0.6411493815225835
5987,70892843,r,6,-0.7073053700322616,0.049754310547175606,0.09463357303791509,0.3201347460107376,-0.7073053700322616
5988,7098124,g,8,-0.04029772036945711,0.24305763040934147,0.5852856069347536,0.16451372470705056,-0.04029772036945711
5989,7098124,i,13,-0.14021055756492887,0.06493201357201175,0.12064411236676098,0.04596526656126265,-0.14021055756492887
5990,7098124,r,11,-0.148368588952005,0.06468205365099178,0.095459821224255,0.028123989181251616,-0.148368588952005
5991,71022484,g,3,-0.13132036077057085,0.077365622453069,0.25266486948087086,0.04116896623124356,-0.13132036077057085
5992,71022484,i,21,-0.6391292250681052,0.15283566832113132,0.3153735359462728,0.2726532577053826,-0.6391292250681052
5993,71022484,r,21,-0.5946333920113341,0.08405758073443537,0.11952240220512422,0.30712825771570385,-0.5946333920113341
5994,71075097,g,5,0.3976502454701414,0.16240777897364,0.17471392343185776,0.14792707047748782,0.3976502454701414
5995,71075097,i,19,-0.09871793854941835,0.09451941463142866,0.17637774970706388,0.029997898262674506,-0.09871793854941835
5996,71075097,r,13,-0.29578733084471986,0.14429950134654845,0.22823867145297538,0.060660414282196116,-0.29578733084471986
5997,71076004,i,2,-0.47411234132518554,0.4242485015945996,0.4242485015945996,0.315529661815914,-0.47411234132518554
5998,71076004,r,6,0.04297198749460644,0.16971470727747154,0.26621391811664974,0.033790049159848796,0.04297198749460644
5999,71076004,u,2,-0.98870834913792,0.19497774171829563,0.19497774171829574,0.9628071492224124,-0.98870834913792
6000,71108341,i,9,-0.29033452300558527,0.05995635434099056,0.11136062562662874,0.09819639641282876,-0.29033452300558527
6001,71108341,r,9,-0.3472238932316578,0.13751818650398473,0.2960865850525136,0.10025041011703613,-0.3472238932316578
6002,71108341,u,3,-0.9794553248711497,0.1089831317441341,0.1575035327289369,0.790484055922367,-0.9794553248711497
6003,71181535,g,10,-0.03812030687961776,0.10492725152583127,0.20798603394460394,0.02684499628061554,-0.03812030687961776
6004,71181535,i,32,-0.3062646578694648,0.3836125599432936,0.9367848749362253,0.27422746492522976,
6005,71181535,r,33,-0.3543557809693416,0.4978048927595904,0.9597808529890279,0.37804869543735753,-0.3543557809693416
6006,71186158,i,24,-0.5982102344314264,0.2996515951396691,0.6269753693672184,0.3821359724905527,-0.5982102344314264
6007,71186158,r,19,-0.4297040514605932,0.052512748580330504,0.11756129350279504,0.15206197781380593,-0.4297040514605932
6008,71190400,g,4,-0.6675600237680258,0.06470618616342216,0.18663449797743836,0.30897655692473613,-0.6675600237680258
6009,71190400,i,17,-0.7292810806705974,0.2262296789110514,0.6372209167933243,0.30481984450208677,-0.7292810806705974
6010,71190400,r,15,-0.6526342107276015,0.39804445178955494,0.7492404397994133,0.35643751402923857,-0.6526342107276015
6011,71190400,u,2,-0.4074818525413335,0.3998157222739438,0.3998157222739438,0.28146397737439005,-0.4074818525413335
6012,71224356,g,5,-0.6831076180274667,0.19443694626544983,0.29846071000162,0.5584914456978085,-0.6831076180274667
6013,71224356,i,18,-0.6702324522818056,0.28614335200922325,0.6714819630791916,0.413835250718404,-0.6702324522818056
6014,71224356,r,18,-0.8110980197096751,0.29909577324344583,0.6210035078252477,0.5967848593188534,-0.8110980197096751
6015,7123786,g,3,-0.682514681134194,0.0042934727837040665,0.16370750816905566,0.34989490568518544,-0.682514681134194
6016,7123786,i,7,-0.6275190478005344,0.09113046742708064,0.7486143284837592,0.21164348669696853,-0.6275190478005344
6017,7123786,r,4,0.11922298549865734,0.12532219805360378,0.27401605382281413,0.15184107688628828,0.11922298549865734
6018,71247197,g,9,-0.47119390732290256,0.329962083372338,0.5129520019252638,0.0525186860102011,-0.47119390732290256
6019,71247197,i,28,-0.15659353916147178,0.42541682368305195,0.829313361701338,0.32691839805052375,
6020,71247197,r,29,-0.38941971936859354,0.42994219891328084,1.0011217882976693,0.48561407206562524,
6021,71271731,i,4,-0.2160759295905486,0.21630283540959583,0.41029307322079434,0.1817402310851867,-0.2160759295905486
6022,71271731,r,8,-0.4887521010726429,0.14578218891160277,0.2846026906803585,0.2886246530822347,-0.4887521010726429
6023,71306862,i,14,-1.6058502980496066,0.2975899927432277,0.557184313932493,1.3672643405094418,
6024,71306862,r,18,-1.7605692173563354,0.39013028299236363,0.7354987636552592,1.7231049590852237,-1.7605692173563354
6025,71331716,g,3,-0.36436095681294345,0.04610002124971502,0.21847460089230797,0.0984592578177292,-0.36436095681294345
6026,71331716,i,5,-0.17816831605571504,0.013424928198308872,0.019967131892576706,0.1105922731629009,-0.17816831605571504
6027,71331716,r,7,-0.27538347760892024,0.1434227143111546,0.8562799120212458,0.3601950726147189,-0.27538347760892024
6028,71345254,g,2,0.023257802688124607,0.09486143074865316,0.09486143074865316,0.0069470131433226785,0.023257802688124607
6029,71345254,i,7,-0.42681483947321674,0.169613262144666,0.2544752179197128,0.13927390869155312,-0.42681483947321674
6030,71345254,r,8,-0.3288527137341355,0.0932140654320941,0.22757163785113368,0.11345060043962477,-0.3288527137341355
6031,71359599,g,5,-0.38085417814232647,0.015842211200013168,0.027076711641657703,0.13795748818938575,-0.38085417814232647
6032,71359599,i,7,0.05396884054913778,0.10962211731296537,0.19554384647799325,0.0996344622879595,0.05396884054913778
6033,71359599,r,8,-0.12731586051640809,0.06535779745827547,0.49678977313969347,0.13048516670818705,-0.12731586051640809
6034,71404094,g,2,-0.5717784663181917,0.13462202895322467,0.13462202895322462,0.33577890635659624,-0.5717784663181917
6035,71404094,i,5,0.1564027211601513,0.15139370450305345,0.2857787296435149,0.040034681507097374,0.1564027211601513
6036,71404094,r,3,-0.0939411825998051,0.030627234314257512,0.10796484977320658,0.011715647497739644,-0.0939411825998051
6037,71449880,g,3,-0.13957114053621367,0.010877041946773636,0.25331922594434214,0.1449893292490877,-0.13957114053621367
6038,71449880,i,4,-0.2851348443839522,0.013653325313681797,0.04546685049620136,0.04801579420847088,-0.2851348443839522
6039,71449880,r,2,-0.3924247642790384,0.01099282644205779,0.01099282644205779,0.1354406103523648,-0.3924247642790384
6040,71449880,u,2,-0.49921933345037073,0.9270733708120658,0.9270733708120658,0.9587533077403736,-0.49921933345037073
6041,71450019,g,2,-0.12023413254011917,0.016944433821396987,0.016944433821396987,0.013621810204891172,-0.12023413254011917
6042,71450019,i,9,-0.1668962572851923,0.29692454399538815,0.5560066278029676,0.12457524731869826,-0.1668962572851923
6043,71450019,r,12,-0.09350998154870599,0.24881585637251002,0.5541846061335132,0.11073878149023986,-0.09350998154870599
6044,71460924,i,6,-0.2518038643173589,0.08155447524542256,0.1374438729503203,0.10545496581995446,-0.2518038643173589
6045,71460924,r,6,-0.11450980348393823,0.05719236914411856,0.09375774535148085,0.029800174713126532,-0.11450980348393823
6046,71460924,u,4,-1.372150348560008,0.07947411674103477,0.15964388803954144,1.6330765155384386,-1.372150348560008
6047,71466676,g,3,-0.09254229578483608,0.09436001434538344,0.11254724346246525,0.020856650027607237,-0.09254229578483608
6048,71466676,i,4,-0.6101848747169869,0.07848013257039815,0.1343450093241858,0.2979811500307745,-0.6101848747169869
6049,71466676,r,5,-0.4814361648973433,0.09954399835836975,0.16678026710638633,0.2802346146921473,-0.4814361648973433
6050,71487174,g,5,-0.46265489039399743,0.02017162115642579,0.026789051875272918,0.17328249431360104,-0.46265489039399743
6051,71487174,i,10,-0.5279843346591153,0.23015002372379112,0.45618313404005983,0.2036577839164071,-0.5279843346591153
6052,71487174,r,14,-0.4286197342846946,0.1316263829629807,0.536449142757955,0.3031170444126997,-0.4286197342846946
6053,71487174,u,2,-0.8071112067432626,0.03827911561503483,0.03827911561503483,0.5503909674374118,-0.8071112067432626
6054,71536950,i,4,-0.7934072427034213,0.3141768445836452,0.5450232263042166,0.6062043284984975,-0.7934072427034213
6055,71536950,r,13,-0.8392098823209262,0.14959575650716728,0.359139858665964,0.571786543160141,-0.8392098823209262
6056,71556373,i,8,-0.5149422887348432,0.16816166597422672,0.28883512470990746,0.25084156597219637,-0.5149422887348432
6057,71556373,r,5,-0.8032397019884895,0.11211278803265656,0.48503408935814024,0.46640979589608833,-0.8032397019884895
6058,71692379,i,8,-0.6880180669945355,0.06312858194125187,0.13649377357346804,0.3681712938498155,-0.6880180669945355
6059,71692379,r,7,-0.5953841357647498,0.06824566998224968,0.09867133142203666,0.2974333343396629,-0.5953841357647498
6060,71699155,g,4,-0.7141978200207363,0.17617851172055166,0.27251630081432243,0.47568700866947145,-0.7141978200207363
6061,71699155,i,14,-0.532973543066887,0.1976761388597621,0.3766259913995361,0.35608984493152224,-0.532973543066887
6062,71699155,r,15,-0.8357418956149282,0.1323886177780076,0.240707540006745,0.6486463064430603,-0.8357418956149282
6063,7170854,i,12,-1.860790050743531,0.3894437962493442,0.7535942052203575,1.754272495805593,-1.860790050743531
6064,7170854,r,8,-0.7941506268713692,0.34192402139288286,0.6181790206437034,0.7326212975188692,-0.7941506268713692
6065,71762981,g,4,-0.3417709937549645,0.11577259571118817,0.28214450876684727,0.13433194471572701,-0.3417709937549645
6066,71762981,i,6,0.1572608881490922,0.08716124430322805,0.1493801963343202,0.06461056038553072,0.1572608881490922
6067,71762981,r,9,0.059658534504956284,0.10597506627985301,0.15458350914599636,0.027825011528709857,0.059658534504956284
6068,7176412,g,11,0.3054440204056035,0.11446197693169147,0.44460982668775156,0.07246884408517405,0.3054440204056035
6069,7176412,i,34,-0.09561580422530952,0.09638100746763642,0.38390416615345124,0.3439961104779427,-0.09561580422530952
6070,7176412,r,33,-0.15409028088264387,0.03408030557909947,0.18471344998602926,0.26689725310785095,-0.15409028088264387
6071,7176412,u,3,-0.2872814968105746,0.16295231442093772,0.24110929448985663,0.08347339171589502,-0.2872814968105746
6072,71775522,g,3,-0.5251967627885219,0.02628067478116103,0.050164719726895846,0.2459762966656365,-0.5251967627885219
6073,71775522,i,5,-0.10527555652226894,0.10536778789414158,0.19102240745110277,0.021672300083337724,-0.10527555652226894
6074,71775522,r,6,-0.32622505844947414,0.06123140451605508,0.10647137016572605,0.10753931416327311,-0.32622505844947414
6075,71797413,g,2,-0.741966799618599,0.06531736161507973,0.06531736161507973,0.5288813119532748,-0.741966799618599
6076,71797413,i,7,-0.6806230564509674,0.24467863581384708,0.46585808864860845,0.3235131761448698,-0.6806230564509674
6077,71797413,r,6,-0.8192635525065126,0.15243998796627173,0.29232865208562453,0.6378943435538719,-0.8192635525065126
6078,71797950,i,7,-1.1570065491285162,0.14965164482019455,0.2509047630248873,1.5152320062487052,-1.1570065491285162
6079,71797950,r,4,-0.9316489297518453,0.1542594216601827,0.25115464994846204,0.9041573224010677,-0.9316489297518453
6080,71808805,i,7,-1.7533290130962282,0.40236934186784334,0.5080518393381226,12.478392787667277,-1.7533290130962282
6081,71808805,r,6,-2.0349958881337677,0.2610279541137559,0.4236293325394871,2.205203177180889,-2.0349958881337677
6082,71849512,i,6,-0.6242071678102665,0.1465708398022072,0.318223858675133,0.20541804203737732,-0.6242071678102665
6083,71849512,r,7,-0.7177309532538474,0.11361548972235891,0.24013692454335556,0.2944572941391555,-0.7177309532538474
6084,71852111,i,8,-0.21716298590782296,0.10842473958418669,0.1864735452420713,0.07435176848476155,-0.21716298590782296
6085,71852111,r,7,-0.34813371946998306,0.07819008089919666,0.1583858045338078,0.13705624324671703,-0.34813371946998306
6086,71887842,g,7,-1.8224277348767077,0.07743424689537459,0.3218872486190185,2.043216347961448,-1.8224277348767077
6087,71887842,i,14,-1.0208295936006466,0.33728059777649394,0.9848962708489617,1.1127584743155035,-1.0208295936006466
6088,71887842,r,24,-1.4182004128704224,0.528616087459417,0.9480938371707692,1.4964708129989799,-1.4182004128704224
6089,71909335,i,5,0.20433250050694757,0.05104938813905918,0.07000950887763807,0.0879349259918076,0.20433250050694757
6090,71909335,r,4,0.06507879456209992,0.07929332179336726,0.12382421165835321,0.022107002010560248,0.06507879456209992
6091,71951560,g,3,-0.48604666978917055,0.03682023953558633,0.05278892153629389,0.2469896657130148,-0.48604666978917055
6092,71951560,i,2,-0.2732620529623043,0.3134779292121518,0.3134779292121518,0.11371884047069,-0.2732620529623043
6093,71951560,r,8,-0.3012199113810828,0.35205555116430065,0.5621142178697186,0.26887832074898804,-0.3012199113810828
6094,71985889,i,8,-0.8702505809399964,0.09556298380470962,0.3367738340086217,0.5794853924795943,-0.8702505809399964
6095,71985889,r,7,-0.78693985331955,0.11173537393397504,0.2934099229181255,0.5238014360779352,-0.78693985331955
6096,71992170,g,2,-0.17115481338024563,0.03605939807524507,0.03605939807524508,0.036455465064979445,-0.17115481338024563
6097,71992170,i,3,-0.00883819641261313,0.05095754413138803,0.05143336662677128,0.001461628465634636,-0.00883819641261313
6098,71992170,r,7,-0.1886299903493805,0.053608364012372955,0.22220743548846594,0.03773664243783237,-0.1886299903493805
6099,71992170,u,3,-0.16064877427607854,0.03562556887653229,0.19675932891803175,0.10825789433937756,-0.16064877427607854
6100,7201616,i,3,-0.7733764582680203,0.19975097666064157,0.3568294364724265,0.4379159199421568,-0.7733764582680203
6101,7201616,r,7,-1.3744683126942738,0.20887160621212653,0.34573015345475944,1.0403641931554308,-1.3744683126942738
6102,7202727,g,3,0.27180314460531263,0.020415872224028853,0.034491265753808675,0.06593773050715795,0.27180314460531263
6103,7202727,i,8,0.4642763577647608,0.09299565941053214,0.2312271219665028,0.21557421968392587,0.4642763577647608
6104,7202727,r,13,0.19433011974845515,0.04220128372395113,0.1014929390860696,0.058026003881878015,0.19433011974845515
6105,72068849,g,3,-1.8633694077765135,0.002528045163257886,0.6427766920744098,3.7260851870262477,-1.8633694077765135
6106,72068849,i,3,-1.8410423687857091,0.36707386445429413,0.45323581042354766,1.04104603123057,-1.8410423687857091
6107,72068849,r,5,-1.5121259709192811,0.12494794714788537,0.2193881044631154,1.3937974416990424,-1.5121259709192811
6108,72070074,g,6,-1.071617248020444,0.08373166292134537,0.1476452250422413,0.49134375771916855,-1.071617248020444
6109,72070074,i,5,-1.1717106117256357,0.08977826860046823,0.14344260606369952,0.8521183111182484,-1.1717106117256357
6110,72070074,r,8,-1.484751897333489,0.15326042350079405,0.5142227287513585,1.5859331811784636,-1.484751897333489
6111,72078533,g,2,-0.06974552616652169,0.3553331612061528,0.3553331612061528,0.14507744709102688,-0.06974552616652169
6112,72078533,i,11,-1.0546671130095908,0.34148711262373843,0.7109900414539815,0.734976901717259,-1.0546671130095908
6113,72078533,r,10,-0.3280162952205661,0.39965723210474813,0.6600059329457104,0.5288167207414026,-0.3280162952205661
6114,72078533,u,2,-1.200724748413966,0.07303783369390804,0.07303783369390815,1.395511469260882,-1.200724748413966
6115,72136659,g,3,-0.1575034241325619,0.2618427388604475,0.2889941270507816,0.07168431515586013,-0.1575034241325619
6116,72136659,i,7,-0.6800438868079508,0.16911436837269633,0.25812734539993243,0.3097450975103509,-0.6800438868079508
6117,72136659,r,9,-0.46141730133845515,0.062455891787894235,0.0840529320536978,0.18097615896326297,-0.46141730133845515
6118,72164377,i,7,-0.12642897551985538,0.16723259906324522,0.39960887524806266,0.10006043704155185,-0.12642897551985538
6119,72164377,r,8,-0.24400517045682307,0.14839750912980115,0.25469703000777943,0.2233984127364999,-0.24400517045682307
6120,72165187,g,3,-0.5165638578960015,0.032502529148554116,0.22286468959089256,0.4357040618097375,-0.5165638578960015
6121,72165187,i,12,-0.9493650648410448,0.14752168305764274,0.37057117850220855,0.777727798277799,-0.9493650648410448
6122,72165187,r,17,-0.6522153345087098,0.4396696013475221,0.944417546238568,0.467995414294601,-0.6522153345087098
6123,72173607,i,9,-0.7256916643235767,0.15365484431627596,0.24289475389676896,0.4032501722122639,-0.7256916643235767
6124,72173607,r,8,-0.571504742031955,0.18789365545620967,0.37553305611908355,0.35840737655103083,-0.571504742031955
6125,72174135,g,9,0.10582541837458437,0.046324550807578024,0.3132435002247591,0.024974294467786214,0.10582541837458437
6126,72174135,i,10,-0.008706461126352538,0.1288953933820115,0.21546227556414982,0.041509363020356266,-0.008706461126352538
6127,72174135,r,15,0.11175804012216539,0.07116295897359493,0.13828633739602555,0.049690728631787244,0.11175804012216539
6128,72189578,g,2,-0.28038576874230237,0.04774797986142976,0.04774797986142976,0.07512208933491862,-0.28038576874230237
6129,72189578,i,7,-0.10061247336389822,0.10106560223084238,0.15153051713343985,0.01571078289136434,-0.10061247336389822
6130,72189578,r,6,-0.23063626136201087,0.09825567362408388,0.18033742356003638,0.055735983146356534,-0.23063626136201087
6131,72199850,g,3,-1.0541385588337144,0.08371582023421065,0.10299389965595807,1.0619990797346583,-1.0541385588337144
6132,72199850,i,4,-0.37078215939620524,0.20998216040298792,0.3064870443077453,0.2110546547983221,-0.37078215939620524
6133,72199850,r,8,-0.3691002638820603,0.07724366388092763,0.1381130062939936,0.17497705079358006,-0.3691002638820603
6134,72206609,g,6,0.01961683640570916,0.15041339717022548,0.27752960776510305,0.04439568125083693,0.01961683640570916
6135,72206609,i,8,-0.008782988518869494,0.1585463055338816,0.3010343601184612,0.021352235193304064,-0.008782988518869494
6136,72206609,r,21,-0.057533313951850906,0.2583872343727275,0.4503911610098058,0.11513509326393002,-0.057533313951850906
6137,72217861,i,10,-1.1244610001663995,0.10652828023338534,0.1789977555178588,1.186135124022239,-1.1244610001663995
6138,72217861,r,9,-1.0639213445897717,0.14104050273732693,0.28466159354884724,1.1134416968318375,-1.0639213445897717
6139,72235815,g,6,-1.145795561788135,0.08555009873708552,0.16845489593657237,1.0153289411356623,-1.145795561788135
6140,72235815,i,8,-0.878045626506873,0.19127415314587592,0.4017986106283954,0.5657277415603256,-0.878045626506873
6141,72235815,r,10,-0.9299763994266426,0.0767767442984133,0.1135530568785007,0.6246254956059331,-0.9299763994266426
6142,72279828,g,4,-0.3075106952457114,0.07455862370384558,0.13442205190533077,0.09672764032189586,-0.3075106952457114
6143,72279828,r,8,0.049630923810657895,0.10363900268720824,0.16776989622629845,0.021968359147415534,0.049630923810657895
6144,72328237,i,6,-0.018596059617470476,0.1228032996259253,0.23888557736327362,0.019519475149607977,-0.018596059617470476
6145,72328237,r,4,-0.18330857503635295,0.0504299138324697,0.08803728391715396,0.04114065325825225,-0.18330857503635295
6146,72328237,u,2,-0.700455704063143,0.05070584848016346,0.05070584848016346,0.4545275329761194,-0.700455704063143
6147,72332160,i,9,-0.1876618594235533,0.17907086540334594,0.35805544189758365,0.12433814726865498,-0.1876618594235533
6148,72332160,r,3,-0.23068668422155625,0.030683528040899244,0.057687919887879024,0.04123823245885011,-0.23068668422155625
6149,72333034,g,5,-0.7814321703166087,0.12927737007132278,0.15258887215177275,0.369605809305254,-0.7814321703166087
6150,72333034,i,13,-0.971295229439707,0.21564444118560988,0.5416560092711518,0.715210369480241,-0.971295229439707
6151,72333034,r,13,-1.0040228782946448,0.23149694909520435,0.45612822533881014,0.6880079580368583,-1.0040228782946448
6152,72373877,i,6,-0.8036497562916826,0.20936493781447796,0.32131102979768,0.759531765589914,-0.8036497562916826
6153,72373877,r,6,-1.0864550799532053,0.06676786246560207,0.13463781504185635,1.1309661481608138,-1.0864550799532053
6154,72465362,g,4,0.6090647364255768,0.019763526395151887,0.06593891290076193,0.2224485964479206,0.6090647364255768
6155,72465362,i,9,-0.04419766742184805,0.28616845098230814,0.5595909630433318,0.051651284592201724,
6156,72465362,r,12,0.17346558589667005,0.09262644798091269,0.2881703017619849,0.039911819354896245,
6157,72504848,g,4,-0.7551246254289204,0.05738951117698565,0.11553412605126001,0.5034386318718915,-0.7551246254289204
6158,72504848,i,4,-0.1648428152850931,0.12669534000864247,0.1698712480070866,0.05085206784627092,-0.1648428152850931
6159,72504848,r,4,-0.34021982635152737,0.11184187676368257,0.2312440816242956,0.1593610352144424,-0.34021982635152737
6160,72515963,g,3,-0.6268865256418954,0.0007353005000444446,0.004044863267285592,0.40187576123574287,-0.6268865256418954
6161,72515963,i,3,0.1494485890173981,0.10782574046396937,0.1485915063336362,0.03374764231383167,0.1494485890173981
6162,72515963,r,8,-0.11543044943945535,0.10091339119752063,0.17898570645374726,0.019926213212197005,-0.11543044943945535
6163,72553895,g,2,-0.6382674393618849,0.042366145135159905,0.042366145135160016,0.3039871617038833,-0.6382674393618849
6164,72553895,i,5,-0.688620224123755,0.05313911950988859,0.15139115234946676,0.42206442637768093,-0.688620224123755
6165,72553895,r,7,-0.7965038988646933,0.14706922545968848,0.17826501554054475,0.6798664746822969,-0.7965038988646933
6166,72568291,g,4,-0.5194208861826807,0.06739834428769009,0.2406230819137718,0.23593981566717936,-0.5194208861826807
6167,72568291,i,5,-0.6181345063781798,0.4090959686049387,0.635934560849688,0.36000902488579534,-0.6181345063781798
6168,72568291,r,11,-0.49200277724993347,0.35170136337212066,0.6806493011989578,0.30276714666704485,-0.49200277724993347
6169,72581261,g,2,-0.980037715321955,0.052376902494780664,0.05237690249478055,0.6637097041828848,-0.980037715321955
6170,72581261,i,5,-1.3129611728067199,0.08739997552898449,0.524648694366351,0.7255293452732496,-1.3129611728067199
6171,72581261,r,8,-1.373463910784054,0.3942684884996145,0.6630536711240593,1.3553291221263595,-1.373463910784054
6172,72600510,i,4,-0.14736702229329696,0.07928125575524371,0.2474289067563078,0.06028645601326656,-0.14736702229329696
6173,72600510,r,7,-0.2741149142920727,0.048916484717422215,0.07844568109515951,0.09059439923623246,-0.2741149142920727
6174,72647546,g,2,-0.6106592451011599,0.01010159587169035,0.01010159587169035,0.34578470951040297,-0.6106592451011599
6175,72647546,i,11,-0.19302461675940275,0.09666133617552308,0.2793205033150971,0.031033932363244365,-0.19302461675940275
6176,72647546,r,10,-0.18134279546837845,0.056554177813928574,0.12823967465629202,0.028686673330867978,-0.18134279546837845
6177,7270550,i,7,0.24875269538680836,0.24115870543397486,0.3292767174134127,0.11835792180947356,0.24875269538680836
6178,7270550,r,5,0.08662457283506131,0.07373512807360882,0.11449490293345643,0.02792453400023422,0.08662457283506131
6179,72708815,g,3,0.24894967860200534,0.40696748781661785,0.4808937336901108,0.1918871727153123,0.24894967860200534
6180,72708815,i,4,0.04185627272007052,0.04119652904435295,0.08254732622343622,0.009476720247466585,0.04185627272007052
6181,72708815,r,6,-0.07820853676520309,0.026221581750046644,0.045332629170663746,0.012020979983585806,-0.07820853676520309
6182,72720355,i,8,-0.6069832062170001,0.10531334815090954,0.36904722905290277,0.19277822958026797,-0.6069832062170001
6183,72720355,r,3,-0.7242245620225796,0.042403354900322654,0.07129700310767983,0.30826213075122705,-0.7242245620225796
6184,72727544,i,8,-0.5384430086215332,0.1475256091225497,0.2608370944636722,0.2422378528867315,-0.5384430086215332
6185,72727544,r,3,-0.6164822612280678,0.012257244255703181,0.03353724954473958,0.380740882993757,-0.6164822612280678
6186,72736794,g,4,0.25303238003697104,0.0514512939095417,0.07607223021721654,0.06669886927357571,0.25303238003697104
6187,72736794,i,7,-0.716048141111616,0.07315964041312506,0.12219849307751474,0.46125888382673336,-0.716048141111616
6188,72736794,r,8,-0.4969355382537857,0.1571664531993327,0.35875332587101405,0.24346238807018614,-0.4969355382537857
6189,72736794,u,4,-1.1352274063830712,0.14786006906709104,0.3272894284066963,1.429966800657835,-1.1352274063830712
6190,72758516,g,6,-0.9088707895235751,0.06488644319847048,0.0974807371726718,1.9992734410366444,
6191,72758516,i,28,-0.6483455150974853,0.2670482045319852,0.5482708307251012,0.3585838730239837,
6192,72758516,r,26,-0.8972129359807797,0.2978475440020453,0.5472233164055609,0.48538766290016944,
6193,72758516,u,4,-0.3622553804935178,0.23353509944060868,0.47440172894544264,0.1193366879738951,-0.3622553804935178
6194,72814524,g,2,-0.3176706726209871,0.007430655636130767,0.007430655636130767,0.10976036977218086,-0.3176706726209871
6195,72814524,i,8,-0.27202635884303844,0.1996653539039126,0.3066869086424554,0.07801806417595665,-0.27202635884303844
6196,72814524,r,8,-0.33159813480393746,0.28612643562062334,0.5637378348373272,0.14319407440467885,-0.33159813480393746
6197,72841142,g,2,-0.2173767276434868,0.03238405990540705,0.03238405990540705,0.0690121823530987,-0.2173767276434868
6198,72841142,i,19,-1.6470202311397986,0.47394365412630646,1.32627123378142,1.4242080113721005,-1.6470202311397986
6199,72841142,r,13,-1.5880156303840556,0.3429626670119714,0.5596280876156685,1.4957150301917477,-1.5880156303840556
6200,72844108,g,5,-0.22004096795647854,0.05728772411458971,0.06112676740095435,0.05603549980212778,-0.22004096795647854
6201,72844108,i,11,-0.09954222138455915,0.18197448754550616,0.3335403094380978,0.0634139837842214,-0.09954222138455915
6202,72844108,r,9,-0.01902478713788719,0.02699039375568918,0.13979073834380618,0.009099461922695284,-0.01902478713788719
6203,72844108,u,2,-0.5314056439785678,0.07427641168908405,0.07427641168908411,0.24258280739432908,-0.5314056439785678
6204,72870296,g,4,-0.9527537168394749,0.00918418090271289,0.07032105006366118,0.5635531009878856,-0.9527537168394749
6205,72870296,i,12,-0.8859763025302045,0.2677465172497442,0.5713699422638735,0.45077496950269835,-0.8859763025302045
6206,72870296,r,12,-1.0979908823897246,0.05843054521482727,0.09589587892873741,0.7093032756343006,-1.0979908823897246
6207,7287773,g,6,-0.7136542195776499,0.2654805201062216,0.5760090970463918,0.6663569523981363,-0.7136542195776499
6208,7287773,i,27,-1.1563909248515813,0.7427086163448937,1.474107150132337,4.085855117892249,-1.1563909248515813
6209,7287773,r,27,-0.9430320561010449,0.692761336612584,1.4713553325153053,1.0502969490497558,-0.9430320561010449
6210,72914257,i,9,-0.12072262058878191,0.1549222619190162,0.24803929604619196,0.05062386630652649,-0.12072262058878191
6211,72914257,r,9,-0.11598901960031979,0.11765133726461444,0.18547773018691452,0.0508548913429585,-0.11598901960031979
6212,72914257,u,2,-1.2550063428755016,0.022624334064450524,0.022624334064450302,1.459771799035259,-1.2550063428755016
6213,72931609,g,2,-0.15130765428903598,0.00483328004913669,0.00483328004913669,0.0219010409903099,-0.15130765428903598
6214,72931609,i,13,-0.16306964949993202,0.1885547335719599,0.3587902781688115,0.08700307229558454,-0.16306964949993202
6215,72931609,r,10,-0.30262341425446515,0.2600324930398893,0.5127069085949305,0.15106575602801858,-0.30262341425446515
6216,7293418,i,12,-0.3195957724009696,0.046559541920122904,0.07131638857345624,0.08183496808711997,-0.3195957724009696
6217,7293418,r,11,-0.38061812318790444,0.07296228821677286,0.11587507912600936,0.1135524039224291,-0.38061812318790444
6218,73032984,g,2,-0.09955228169101693,0.05630414036961706,0.05630414036961706,0.011959527954363725,-0.09955228169101693
6219,73032984,i,6,8.254977975352684e-06,0.008449394277292618,0.0616602218274171,0.008197666478173356,8.254977975352684e-06
6220,73032984,r,4,-0.15774730579750668,0.06979785858403526,0.1023888958125513,0.03128828739484563,-0.15774730579750668
6221,73051106,i,24,-0.35933358518459274,0.4055717496529344,0.8076601823531888,0.17743081795766877,-0.35933358518459274
6222,73051106,r,25,-0.45109335507838644,0.3923672940340842,0.8603489190196717,0.21206529635907928,-0.45109335507838644
6223,7310775,i,4,-0.021638917666204308,0.06197211245236803,0.08593962156329246,0.01027282163004015,-0.021638917666204308
6224,7310775,r,8,-0.13367306411340085,0.15580328705159635,0.41728400035882846,0.11653325911061838,-0.13367306411340085
6225,73187564,g,3,-0.2797803759386053,0.10757629107697819,0.16071792227028736,0.08614368382583343,-0.2797803759386053
6226,73187564,i,12,-0.5779627041562538,0.4743418240855274,0.842527715094932,0.3774144055314214,-0.5779627041562538
6227,73187564,r,11,-0.5249562689340109,0.20572993141442386,0.5208931251025308,0.31205164090585674,-0.5249562689340109
6228,73227200,g,11,-0.4953583777233368,0.16040067649597023,0.38576579423625545,0.2626232398864368,-0.4953583777233368
6229,73227200,i,31,-1.1197183588935797,0.29958930971125763,0.5541150880286114,0.8445950678687388,-1.1197183588935797
6230,73227200,r,29,-0.8825933097370715,0.25831381375802087,0.4705896266802255,0.6930616444189243,-0.8825933097370715
6231,73277121,i,23,-0.9035309818702997,0.48200108609441983,0.824111097585654,0.6650913244616954,-0.9035309818702997
6232,73277121,r,23,-0.8830853289784621,0.4801377384796375,1.0295590007994972,0.678304244653998,-0.8830853289784621
6233,73281141,g,3,-0.5854496317239062,0.017742971516610195,0.09886556062434237,0.41231300861180714,-0.5854496317239062
6234,73281141,i,7,-0.9486137250965905,0.8298116574557504,1.4391793235812451,0.8403990050139759,-0.9486137250965905
6235,73281141,r,7,-0.3482034847860077,0.15354847195585813,0.25243672081798185,0.21272137556413653,-0.3482034847860077
6236,73413277,g,4,-0.3152782680327203,0.03554195393411655,0.06540136533520308,0.1213220347190519,-0.3152782680327203
6237,73413277,i,6,-0.09612398575725008,0.08060711558617206,0.150688140039573,0.017059724199334488,-0.09612398575725008
6238,73413277,r,14,-0.1805266501290421,0.13065896372136657,0.24792954456138705,0.06930702992727318,-0.1805266501290421
6239,73413277,u,4,-0.4061685780738432,0.03618525324105981,0.08806209859098785,0.17209406095489332,-0.4061685780738432
6240,7343338,g,5,-0.5068191799062001,0.14350060043950041,0.2877729120413609,0.23903063989786713,-0.5068191799062001
6241,7343338,i,7,-0.387742373940934,0.10912065128542897,0.187961617835689,0.14893775078705337,-0.387742373940934
6242,7343338,r,12,-0.17126002864584688,0.24362974747739674,0.41754656982601,0.12614125874447912,-0.17126002864584688
6243,73433809,i,6,-1.452610926183073,0.5547370177908234,1.0234643541466282,1.3940626266863418,-1.452610926183073
6244,73433809,r,4,-1.2534614877989485,0.6445443895860172,1.342133004909221,1.550650571887446,-1.2534614877989485
6245,73447394,g,8,-0.28715042287310616,0.1517963879914142,0.2505407514476563,0.078951436145966,-0.28715042287310616
6246,73447394,i,22,-0.46434366008662226,0.1737539385796233,0.3187003705274416,0.18452340692991276,-0.46434366008662226
6247,73447394,r,21,-0.3207285871295874,0.13078843353102043,0.5871351748977118,0.22473514658945432,-0.3207285871295874
6248,73467468,i,15,-0.190265977627752,0.19509122365517984,0.29611808481377955,0.081209139965578,-0.190265977627752
6249,73467468,r,13,-0.21265959841107618,0.09917682386287519,0.19092903911018988,0.04314632682782103,-0.21265959841107618
6250,73476383,i,2,-0.6314550289995322,0.18375166513361507,0.18375166513361507,0.22391822461828556,-0.6314550289995322
6251,73476383,r,9,-0.5269565400513678,0.07980171818702719,0.1265197172722321,0.28911624731394076,-0.5269565400513678
6252,7347765,i,5,0.05136358657782286,0.3022047868672761,1.0607242437891207,0.2979487930316694,0.05136358657782286
6253,7347765,r,5,-0.11338939606594814,0.0964813977632121,0.18535370450898664,0.039721842638394934,-0.11338939606594814
6254,7347765,u,2,-1.042566566186942,0.006401741143018502,0.006401741143018613,0.9983007235885146,-1.042566566186942
6255,73490058,g,13,-0.2906765565227718,0.14570620131933265,0.3880365703613142,0.1592730980240385,-0.2906765565227718
6256,73490058,i,32,-0.3868687860596865,0.2430472291786009,0.5322981005638256,0.18991380011938871,-0.3868687860596865
6257,73490058,r,31,-0.5845312422490163,0.4276809653592703,0.9003901818429687,0.3801776490494827,-0.5845312422490163
6258,73500618,i,8,-0.6824570944446829,0.1521109308159969,0.34058659876355357,0.48866246797325885,-0.6824570944446829
6259,73500618,r,5,-0.6004592810894941,0.14137336548874657,0.18615445714461792,0.3379460620043082,-0.6004592810894941
6260,73507807,g,5,0.38496615009033874,0.38549395182253443,0.9802821787321343,0.23398649428664214,0.38496615009033874
6261,73507807,i,4,-0.3669805720562536,0.11776184383745347,0.19311812958685348,0.16438003617931438,-0.3669805720562536
6262,73507807,r,2,-0.26577759625862474,0.016947947049480994,0.016947947049480994,0.05719619151712656,-0.26577759625862474
6263,7353742,g,2,-0.5522263959455929,0.17095316668095917,0.17095316668095917,0.30430761010450996,-0.5522263959455929
6264,7353742,i,4,-0.2380338439743241,0.015787047588921577,0.027036652895345792,0.05415212541921965,-0.2380338439743241
6265,7353742,r,7,-0.32555909474861755,0.028608268816325444,0.08643601601189788,0.0943491553037324,-0.32555909474861755
6266,73568733,g,3,-0.5882461020515835,0.04426885040273909,0.19304740825522437,0.22196494775096062,-0.5882461020515835
6267,73568733,i,3,-0.6377992431023706,0.05150996201960334,0.1363078859345549,0.3995669608158012,-0.6377992431023706
6268,73568733,r,8,-0.8086385368047722,0.11493707289485866,0.31565589941850625,0.5244138444475792,-0.8086385368047722
6269,73586676,g,6,-0.8091310541261246,0.11645092243055077,0.19808998671271683,0.5690940343769096,-0.8091310541261246
6270,73586676,i,9,-0.8943481115365415,0.19709572398451125,0.38657483862840214,0.5527213383807301,-0.8943481115365415
6271,73586676,r,12,-0.8648658430557168,0.14019332916094074,0.2661918599594595,0.6908636408545199,-0.8648658430557168
6272,73601282,g,3,-0.22688885123073366,0.00920564052886308,0.041785643324075084,0.06670682877130471,-0.22688885123073366
6273,73601282,i,9,0.06851251004375292,0.06508169755595919,0.2837686052813413,0.11793212380403778,0.06851251004375292
6274,73601282,r,6,0.10917188163524111,0.20066302448944012,0.33959498840469304,0.08737246375195608,0.10917188163524111
6275,73612268,g,3,-0.322841319909162,0.042612526102393244,0.05747595057939714,0.10135221478412475,-0.322841319909162
6276,73612268,i,4,-0.428896764976489,0.5563237562468525,1.1083182400178384,0.42977334146909807,-0.428896764976489
6277,73612268,r,4,-0.22064892901011673,0.13538696131083877,0.2596455884097191,0.06327096773186847,-0.22064892901011673
6278,73637102,i,4,-0.4331862010602215,0.09472705701303652,0.21311529733668555,0.17660764001864582,-0.4331862010602215
6279,73637102,r,6,-0.24449002373107656,0.117957104904826,0.4881061696567071,0.09289029779627393,-0.24449002373107656
6280,736380,g,2,-0.8679707258173623,0.22614726498649507,0.22614726498649507,0.69997232827806,-0.8679707258173623
6281,736380,i,4,-0.3296869264306208,0.19733487686001028,0.41620323562618916,0.18658790847365947,-0.3296869264306208
6282,736380,r,7,-0.4612741195904083,0.08105903026641281,0.14619042083766864,0.1947574068401605,-0.4612741195904083
6283,736380,u,2,-1.8715213558714736,0.05427824199378639,0.05427824199378639,2.8025244439019126,-1.8715213558714736
6284,73704798,i,21,-0.5883650506194532,0.18510658465249047,0.5031582570549474,0.45146684323134645,-0.5883650506194532
6285,73704798,r,17,-0.5144486848781225,0.06289718675237754,0.12006658944967075,0.3151645192963757,-0.5144486848781225
6286,73753362,g,7,-0.6918346193340392,0.20491635402669028,0.4526109737201168,0.4614076477698203,-0.6918346193340392
6287,73753362,i,23,-1.2230339033117543,0.5413994366818433,0.953046322226381,0.8592610240883932,
6288,73753362,r,25,-0.9865778696736724,0.5620198174227562,1.1430811054890837,1.1095749368469354,
6289,7379632,g,3,-0.3634237285749765,0.04606201166410806,0.31410119258357505,0.13113329145615596,-0.3634237285749765
6290,7379632,i,3,0.01786657269179015,0.005083856804350417,0.02873910636305005,0.00161144126036744,0.01786657269179015
6291,7379632,r,6,-0.17347784965357033,0.11058515995048215,0.2640304904293973,0.06620890102557066,-0.17347784965357033
6292,7379632,u,2,-1.1422802063121011,0.046306161813901126,0.04630616181390135,1.236016299191098,-1.1422802063121011
6293,73838585,i,10,-0.16503213846119014,0.1790711405519198,0.42389647583129864,0.06734044825957108,-0.16503213846119014
6294,73838585,r,5,-0.01540874002475734,0.13408056414644043,0.1426830120285747,0.0392410141065865,-0.01540874002475734
6295,73909724,i,16,-0.7706649409098217,0.5112238160995398,0.9561623964377177,0.943345170066685,-0.7706649409098217
6296,73909724,r,17,-0.897061773687611,0.11193744705565489,0.37863255173608645,0.7750928452397169,-0.897061773687611
6297,73916473,g,6,0.007294672448418804,0.3405413603397381,0.7663492415578919,0.17717179362076416,0.007294672448418804
6298,73916473,i,4,-0.09106804217952155,0.17011202529659303,0.3394537498087226,0.039552251752577164,-0.09106804217952155
6299,73916473,r,6,-0.23658223796865557,0.05912401812509194,0.20178207202401346,0.04522190763933148,-0.23658223796865557
6300,73995151,i,9,-0.991323443741664,0.12253732591471944,0.301125686556704,0.8369048616582214,-0.991323443741664
6301,73995151,r,9,-0.6167550351885347,0.18172315493743518,0.26108427703147186,0.23008773144197525,-0.6167550351885347
6302,74009877,i,8,-0.48824876906698367,0.1258378833952574,0.21504832902436116,0.2337319394603629,-0.48824876906698367
6303,74009877,r,3,-0.5154447396402699,0.05459530542202795,0.05930136589148427,0.2553441078113395,-0.5154447396402699
6304,74124646,i,24,-0.20037683678902682,0.08844311429907806,0.20088303779362016,0.053608884516049275,-0.20037683678902682
6305,74124646,r,20,-0.22460815442502335,0.13953176196949818,0.2615152326989262,0.06401647741661615,-0.22460815442502335
6306,7412631,i,9,-0.0024464315817017135,0.08131915628367054,0.15158755231180665,0.015477063050054212,-0.0024464315817017135
6307,7412631,r,8,-0.05341659208012567,0.07393966210936445,0.11181464461326347,0.012647176806913399,-0.05341659208012567
6308,74148305,g,2,-0.27670657092278256,0.06335662908847745,0.06335662908847742,0.08810989689749193,-0.27670657092278256
6309,74148305,r,11,-0.08007119864943862,0.09649031287353321,0.21880617015474435,0.034284557760092454,-0.08007119864943862
6310,7416560,g,3,-0.5221605492529635,0.0388358974547518,0.08646788982184883,0.23929266518352224,-0.5221605492529635
6311,7416560,r,8,0.03686018920439087,0.09121957643263894,0.149986375486597,0.040736888892080894,0.03686018920439087
6312,7462878,g,5,-0.6057575277833785,0.054596955359749955,0.07320547716222903,0.4018484824231443,-0.6057575277833785
6313,7462878,i,5,-0.1804868094564652,0.12497870193990143,0.36424045662856847,0.14318629530399904,-0.1804868094564652
6314,7462878,r,7,-0.4662932614689568,0.25684410722931633,0.37572282436378357,0.16211059927594546,-0.4662932614689568
6315,7462878,u,2,-1.2573358747569414,0.13821362009548022,0.13821362009548022,1.4596912804857367,-1.2573358747569414
6316,7485191,i,10,-0.2551153750097165,0.188605229934456,0.3640499018503507,0.07727288737076618,-0.2551153750097165
6317,7485191,r,12,-0.1949162595914915,0.1385094827529002,0.2448375791041097,0.05962188828868914,-0.1949162595914915
6318,7512281,g,2,0.333676023227647,0.07440447248454651,0.07440447248454651,0.10399625723455264,0.333676023227647
6319,7512281,i,21,-0.8371533059879961,0.13397579494629153,0.26221578423321434,0.44804903190432155,-0.8371533059879961
6320,7512281,r,15,-0.780532976362859,0.12410751673745035,0.19996413053078277,0.3821894973712931,-0.780532976362859
6321,755050,g,2,-0.13335400587685103,0.03572539612466569,0.03572539612466569,0.019410532164386502,-0.13335400587685103
6322,755050,i,6,0.1702386167794918,0.07060345787163835,0.10719242104740509,0.06715752609928852,0.1702386167794918
6323,755050,r,12,0.13385193970591883,0.06122748647741304,0.12083151155619658,0.06841742858509589,0.13385193970591883
6324,7568856,g,3,-0.39926784351795197,0.037840097923759974,0.10192487023448887,0.20664540968494347,-0.39926784351795197
6325,7568856,i,4,0.142406785790182,0.010257385105068767,0.029153255667133574,0.018416843574446895,0.142406785790182
6326,7568856,r,5,0.09766280796733146,0.058884114117376096,0.14743005510332324,0.011430371081169587,0.09766280796733146
6327,7590522,i,21,-0.17917254845357333,0.17990787280306164,0.42408946675184667,0.06410798584192506,-0.17917254845357333
6328,7590522,r,9,-0.20585287055722645,0.04442778059910579,0.0949388587715756,0.0354298773864852,-0.20585287055722645
6329,7631391,i,7,-0.8621558111915654,0.23007575722245732,0.3193714338913973,0.48559845438436583,-0.8621558111915654
6330,7631391,r,4,-0.7649892177547073,0.024135874984578032,0.10175814996912413,0.5979401997179152,-0.7649892177547073
6331,7653763,g,5,-0.6521144101582284,0.1685848768015824,0.20021419189185818,0.38185631974336803,-0.6521144101582284
6332,7653763,i,3,-0.2280704835271068,0.013421343658907903,0.060322684023859874,0.03893612949724012,-0.2280704835271068
6333,7653763,r,9,-0.2947196137705046,0.12740178676113667,0.3608607883634921,0.08652692315656578,-0.2947196137705046
6334,7681720,g,4,-2.3606216973555467,0.2272785040887082,0.46459663047422417,3.003691514986004,
6335,7681720,i,6,-1.9973066813932936,0.17397654327284195,0.2692553338417487,2.4007283117687694,
6336,7681720,r,8,-2.400370545319306,0.1862556345567581,0.44487875948338385,3.647995374123915,
6337,7695794,g,4,-0.30845874705492704,0.02618774084919462,0.15370251558940112,0.16394290271383014,-0.30845874705492704
6338,7695794,i,13,-0.22779754561827747,0.10889210551200035,0.2902260076520627,0.05121426009941204,-0.22779754561827747
6339,7695794,r,12,-0.2633943155737872,0.2033445224790414,0.3809709479545127,0.20904718669243974,-0.2633943155737872
6340,7722888,i,5,-0.03431713347657134,0.11107223376366576,0.21488346532786476,0.0198323514309939,-0.03431713347657134
6341,7722888,r,7,-0.03129397578498938,0.06753040559994716,0.09813533640646413,0.005621068874823591,-0.03129397578498938
6342,7732818,i,2,-1.7460351038488704,0.3281511123624159,0.3281511123624159,1.9235804113719672,
6343,7732818,r,4,-1.6520203062928194,0.06784169782428262,0.21837979665397644,1.6313390485801738,
6344,7750665,i,7,-0.2213666019403996,0.09766554500958158,0.18062030003076468,0.0582693211511971,-0.2213666019403996
6345,7750665,r,6,-0.4259771335442252,0.081135059345456,0.45754150787801473,0.16361919241995818,-0.4259771335442252
6346,7817192,g,3,-0.2623065766231533,0.03505180996128404,0.22908378307196897,0.05843945820789049,-0.2623065766231533
6347,7817192,i,18,-0.47956431054028326,0.17745235560027178,0.33694770116598405,0.21136119472625142,-0.47956431054028326
6348,7817192,r,15,-0.5149218559316369,0.2130925904354597,0.41043063312081474,0.16958284429237463,-0.5149218559316369
6349,7840605,g,2,-0.34360001148919395,0.024463460920389313,0.024463460920389313,0.11369348908900456,-0.34360001148919395
6350,7840605,i,4,-0.790137244858253,0.6769482618933155,1.3579442286614993,0.9421826543482639,-0.790137244858253
6351,7840605,r,7,-0.38652502681956125,0.08040682106758013,0.2565630879368209,0.20433724669266784,-0.38652502681956125
6352,7870384,g,5,-0.5797478436979158,0.07587732849915119,0.07617339121952837,0.3184543014300404,-0.5797478436979158
6353,7870384,i,11,-0.12246375177478597,0.23533382943413872,0.46812057601215623,0.09385036738872216,-0.12246375177478597
6354,7870384,r,16,-0.3405691966690052,0.11053417620939104,0.390918460247857,0.08992139093360182,-0.3405691966690052
6355,7871724,g,4,-0.9943301218796952,0.27309071859001266,0.6048266492823298,0.7894498733165789,-0.9943301218796952
6356,7871724,i,8,-0.5004153715714343,0.2892609206530251,0.45635017556427704,0.3306059794960743,-0.5004153715714343
6357,7871724,r,13,-0.7127019323528184,0.5386781146645095,0.5889810644599209,0.7446297428482379,-0.7127019323528184
6358,7876077,g,5,-0.5785069869494683,0.09466148530794216,0.17401129185475117,0.23043759303951855,-0.5785069869494683
6359,7876077,i,30,-1.3870010736818914,0.5343930880290582,1.0544772295231721,1.2057409989516465,-1.3870010736818914
6360,7876077,r,31,-1.5267871154200727,0.5079818415246904,0.8352779857975401,1.3441414716415432,
6361,7882489,i,9,-0.342178828866776,0.06943440069721407,0.251167280343506,0.2170318181325018,-0.342178828866776
6362,7882489,r,6,-0.38265426744831654,0.10117804171511291,0.16948096682862618,0.0777682768398861,-0.38265426744831654
6363,7894171,g,4,-0.5193125976849767,0.0942616812373388,0.195949949605714,0.30663994607438305,-0.5193125976849767
6364,7894171,i,4,-0.10216006318454121,0.09209159049233459,0.15368298480541698,0.038630606576558306,-0.10216006318454121
6365,7894171,r,5,-0.13784549947221503,0.004622345450233545,0.00830703125638188,0.017236241033526396,-0.13784549947221503
6366,7901495,i,8,-2.3806188597057147,0.12402126275367498,0.29320662632993555,3.1901633031048773,
6367,7901495,r,4,-2.8199050432213326,0.06366020110897108,0.13939486468776208,3.9862676970750126,
6368,7926056,g,4,-0.4591656026030594,0.015057933279532643,0.027048539546722206,0.18334793327452864,-0.4591656026030594
6369,7926056,i,11,-0.5716731620006688,0.48689215262928665,0.7147710859794728,0.49163116066985063,-0.5716731620006688
6370,7926056,r,11,-0.5696926410472085,0.3996464973128613,0.6546608652045389,0.5630218969294961,-0.5696926410472085
6371,7926056,u,2,-1.039757622554657,0.13894707699110564,0.13894707699110576,1.0627735146734387,-1.039757622554657
6372,7971936,g,5,0.0761302571580198,0.1851543357638188,0.20281253935153964,0.05454788725377817,0.0761302571580198
6373,7971936,i,11,-0.04492606905106711,0.11094705646925118,0.3453425197318434,0.09123288178830341,-0.04492606905106711
6374,7971936,r,8,-0.03216658870268413,0.3595355992725404,0.5019676040084675,0.1413125146126375,-0.03216658870268413
6375,8006150,g,4,-0.0678351272925049,0.08117341039491532,0.14814278287924432,0.023461188013663415,-0.0678351272925049
6376,8006150,r,4,0.02065897831589128,0.09609171253312054,0.2438630275042768,0.04395130753127113,0.02065897831589128
6377,8006150,u,4,-0.7957129790326483,0.05689761957784212,0.08490962200717278,0.5630595002888985,-0.7957129790326483
6378,8026129,i,7,0.23779924665021845,0.18303341798341718,0.39732734868072106,0.22476012593855468,0.23779924665021845
6379,8026129,r,6,0.043296684082043235,0.14231165718690647,0.31964933871566814,0.05706690147880539,0.043296684082043235
6380,808170,g,3,-0.6715111301149067,0.0697889061828787,0.15122107371191196,0.5314486801424866,-0.6715111301149067
6381,808170,i,4,0.07133302278217679,0.2267492015125187,0.5417887513827396,0.14312749397325042,0.07133302278217679
6382,808170,r,4,-0.12404978211393491,0.0626300961295734,0.22954882442581054,0.07889153602545326,-0.12404978211393491
6383,808170,u,3,-1.406503692404328,0.0028547994728227444,0.012767449930409791,1.824216628115897,-1.406503692404328
6384,8148628,i,5,-0.1469504007773556,0.22063665961787454,0.24323448588627272,0.09435719258717731,-0.1469504007773556
6385,8148628,r,5,-0.19668099087514934,0.1300445749414222,0.15269288327468789,0.12532481121613737,-0.19668099087514934
6386,8196417,i,17,-1.9852839259031296,0.3574708135620712,0.6844116122239088,2.2643632047678386,-1.9852839259031296
6387,8196417,r,18,-1.9294813414722518,0.1884420085929095,0.31517182997925275,2.060180481573541,-1.9294813414722518
6388,8216239,g,3,-1.120090191623815,0.03257057758196091,0.1264921315923373,1.096182755616432,-1.120090191623815
6389,8216239,i,4,-1.4204122342981618,0.4282558512185246,0.5638037309439952,1.6913326866305423,-1.4204122342981618
6390,8216239,r,8,-0.9469271606268224,0.8088313562864154,1.19081450492852,1.5325147492421278,-0.9469271606268224
6391,824601,i,8,0.24040294021402137,0.44529232079825076,0.8954861465757911,0.2976857810005823,0.24040294021402137
6392,824601,r,4,-0.3521469673087587,0.010598760120167805,0.08123099070225404,0.09393431615462391,-0.3521469673087587
6393,824601,u,3,-1.1646996697604566,0.006633849977634831,0.14516864886153602,0.9456871182695868,-1.1646996697604566
6394,8251741,g,3,-0.351231961455201,0.02429859544543994,0.11588868555524423,0.16722812674741439,-0.351231961455201
6395,8251741,i,6,-0.6063693756976876,0.02328471538042054,0.04553147890181786,0.31003278797579054,-0.6063693756976876
6396,8251741,r,5,-0.7389917582701258,0.04317203955034976,0.6943816774643085,0.3527069330986959,-0.7389917582701258
6397,8262598,g,6,-0.6059172842232969,0.26547194964882237,0.47982568586163826,1.3394613238985063,-0.6059172842232969
6398,8262598,i,17,-0.955910077611365,0.3090746476688403,0.4157758428371966,0.6195499760992343,-0.955910077611365
6399,8262598,r,20,-1.28142862972366,0.4698758235678633,1.0546714537726207,0.9944906950114273,-1.28142862972366
6400,8266780,g,3,-0.8374151249392601,0.036884510097957124,0.039613613739799325,0.6398330814460488,-0.8374151249392601
6401,8266780,i,3,-0.09823851595630145,0.2726343233588889,0.4139944331214318,0.09768505362269535,-0.09823851595630145
6402,8266780,r,6,-0.33389342385028475,0.06052367480716092,0.0959605894714331,0.11294363242733878,-0.33389342385028475
6403,8269991,g,2,-0.995886129727795,0.02740944990720995,0.02740944990721006,0.8258216906862055,-0.995886129727795
6404,8269991,i,20,-1.3870776810177845,0.6018668708061837,1.0872301186708178,1.5506561852825933,-1.3870776810177845
6405,8269991,r,16,-1.670151515069688,0.49597557083817545,1.0518640476075793,1.1759903794701958,-1.670151515069688
6406,8279895,g,4,-0.5970121277227771,0.02592857218852951,0.050955517870466815,0.3243590087686701,-0.5970121277227771
6407,8279895,i,11,-0.19383122539789643,0.10349874259889447,0.2210137290134353,0.045663533826480425,-0.19383122539789643
6408,8279895,r,8,-0.33951426997876233,0.04992737324113178,0.1232113415398558,0.11790906469189931,-0.33951426997876233
6409,833121,i,6,-0.6301107037026563,0.1183082384541485,0.19921895843034343,0.3369422072112738,-0.6301107037026563
6410,833121,r,5,-0.5261610722182087,0.02488664970091581,0.04096589379507953,0.2566745168283424,-0.5261610722182087
6411,8353738,i,8,-0.5447955742758179,0.12657224473112988,0.2450705134784793,0.17282049768181512,-0.5447955742758179
6412,8353738,r,7,-0.36971050175664244,0.08612200045914392,0.13536810701319474,0.13569830121707951,-0.36971050175664244
6413,8388427,i,13,-1.1771652296677964,0.17153892565827622,0.27300478830000285,1.0901662182565102,-1.1771652296677964
6414,8388427,r,12,-1.206837663708629,0.15297455261441462,0.2998819475727692,1.075872367251239,-1.206837663708629
6415,8431403,g,5,-0.6825593485647357,0.016210928965832094,0.3795642817479037,0.23610740528751975,-0.6825593485647357
6416,8431403,i,6,-0.6159369878876635,0.039217127888521386,0.06029607685491656,0.33688972143844403,-0.6159369878876635
6417,8431403,r,11,-0.6827150398577997,0.17731296390942064,0.29697204810298805,0.4298868245083672,-0.6827150398577997
6418,8577681,i,8,-1.2044606091667895,0.6172477574164377,1.109936400166128,1.238752061331041,-1.2044606091667895
6419,8577681,r,4,-0.6787779646618821,0.05666428271146795,0.3060577191117597,0.289028008789525,-0.6787779646618821
6420,8584497,g,6,-0.8669185202917176,0.08446085234629219,0.13793431565432435,0.4060510439282516,-0.8669185202917176
6421,8584497,i,12,-0.31633829047072465,0.10210485897293309,0.2077329026155689,0.15449437513272998,-0.31633829047072465
6422,8584497,r,9,-0.39108319856562135,0.17867975442510664,0.6707376191481967,0.2393938690325393,-0.39108319856562135
6423,8607761,g,5,-0.3366423129729862,0.12828928076455648,0.21817275372874378,0.14091717859483072,-0.3366423129729862
6424,8607761,i,19,-0.6595813799423658,0.09911682984464998,0.15640506462468684,0.3366483798803231,-0.6595813799423658
6425,8607761,r,12,-0.28986219725718326,0.10907975763844928,0.2614875643333644,0.083459105642318,-0.28986219725718326
6426,8615648,i,11,-0.4919156539711621,0.11867721839067769,0.17000657299911537,0.21883875800932817,-0.4919156539711621
6427,8615648,r,6,-0.5490170749059404,0.01959859267479047,0.03273474971148349,0.309119455857579,-0.5490170749059404
6428,8624944,i,10,-0.5654767746804312,0.03603594953143968,0.06284073858949235,0.2521634926035631,-0.5654767746804312
6429,8624944,r,5,-0.5058069299209812,0.03372995115037247,0.034637007729360625,0.2529062260713915,-0.5058069299209812
6430,8649816,g,3,-0.3655469674571092,0.029144249438567027,0.03638853499106898,0.14692509556221803,-0.3655469674571092
6431,8649816,i,7,-0.011577193173040401,0.428516326424501,0.47805976013447166,0.2413171838647267,-0.011577193173040401
6432,8649816,r,7,-0.12620411747694815,0.017375724646811697,0.30294817777747146,0.11855894566945681,-0.12620411747694815
6433,8649816,u,4,-0.8628166474463913,0.005079737593963518,0.015719132854380202,0.704450506071459,-0.8628166474463913
6434,8719856,g,4,-0.11804581202193692,0.03835504747867863,0.08598683586233061,0.020542656546336354,-0.11804581202193692
6435,8719856,i,3,0.19245225262718257,0.03414414952586739,0.16671883367659202,0.07898999691350872,0.19245225262718257
6436,8719856,r,7,0.20075490978445104,0.18869885022109706,0.44666801026556224,0.1274004761687209,0.20075490978445104
6437,8731317,g,5,0.03290486951620997,0.06854164020590092,0.12500427967746797,0.07840558652664499,
6438,8731317,i,20,-0.10142752885199469,0.15228063016689208,0.5765194154760025,0.06855820119873288,
6439,8731317,r,19,-0.17955955828355297,0.1293769091620709,0.9677880554901634,0.12382063330238406,
6440,8734791,i,8,-0.18792282716194736,0.038364934251097826,0.06985470885156489,0.02755271348703655,-0.18792282716194736
6441,8734791,r,7,-0.16072771210586367,0.10495822583104553,0.1989773080529353,0.04870647785904734,-0.16072771210586367
6442,8768639,g,2,-0.08152347437977503,0.07479571645461736,0.07479571645461736,0.011781118653819773,-0.08152347437977503
6443,8768639,i,6,-0.04458921716892543,0.056273824197418276,0.08893116127811046,0.010309591509145882,-0.04458921716892543
6444,8768639,r,7,-0.01759561801191878,0.05788714472543777,0.07435750314207959,0.013364727154247956,-0.01759561801191878
6445,8782170,g,5,-0.5232817914003653,0.04815308498598059,0.05176547726354941,0.2305340116673146,-0.5232817914003653
6446,8782170,i,16,-1.0547146467302337,0.40434483976176033,0.5625691545138193,0.8588868728687535,-1.0547146467302337
6447,8782170,r,13,-0.8952610795498364,0.21740112210889406,0.4150975494816458,0.6943168983709137,-0.8952610795498364
6448,8847868,i,12,-0.8210776072294786,0.1764066163093324,0.34772583355330267,0.41306697985564184,-0.8210776072294786
6449,8847868,r,5,-1.0049343886100526,0.06423689926488407,0.17667552213501203,0.46307500139752006,-1.0049343886100526
6450,8926888,g,5,-0.5051085756342877,0.08575644483951317,0.16607791868397515,0.2945694797338536,-0.5051085756342877
6451,8926888,i,20,-1.5957920808166686,0.5507859251971183,1.1041094485923397,1.236728661357919,-1.5957920808166686
6452,8926888,r,20,-1.6888959608949605,0.5142654147949757,0.8007750128494904,1.6119784709196008,-1.6888959608949605
6453,8939061,g,9,-0.7673217818240481,0.10805569536646442,0.13428463101211863,0.320190580376884,-0.7673217818240481
6454,8939061,i,18,-0.9305382443415912,0.2635206455810094,0.5167361120226437,1.758440205265721,-0.9305382443415912
6455,8939061,r,20,-1.0158159471503683,0.37684611818237745,0.685094728453902,0.5808290980875797,-1.0158159471503683
6456,8939061,u,2,-0.7168493820445978,0.12286437995412336,0.12286437995412336,0.43947394712177207,-0.7168493820445978
6457,8978386,g,2,-0.06887840739865025,0.0023946968847686767,0.0023946968847686767,0.006327805604503694,-0.06887840739865025
6458,8978386,i,14,-0.23899443909240586,0.11592007087304457,0.2410374097850404,0.05849527713314212,-0.23899443909240586
6459,8978386,r,11,-0.42583373033881045,0.1168326029822957,0.225798540913365,0.15240535169420297,-0.42583373033881045
6460,9008002,g,3,0.20232039326355095,0.01743823169489528,0.3891717991832838,0.1332912363203775,0.20232039326355095
6461,9008002,i,5,-0.528111662593928,0.10594636556688852,0.15199253493986187,0.23003079558340223,-0.528111662593928
6462,9008002,r,3,-0.7449803882365021,0.10091925597712914,0.7382170610964875,0.4955383526535006,-0.7449803882365021
6463,9047647,g,2,0.5818407262515746,0.12112311114045982,0.12112311114045982,0.28357436138278874,0.5818407262515746
6464,9047647,i,10,-0.6164331407293195,0.04954835286883702,0.09194974100420783,0.26937926163773257,-0.6164331407293195
6465,9047647,r,9,-0.3811861769066347,0.054730859844991264,0.10255727786075453,0.11700556111641741,-0.3811861769066347
6466,9095466,g,4,-0.35139864968018186,0.11296558429698961,0.13674099188003136,0.1750588582555638,-0.35139864968018186
6467,9095466,i,3,-1.1338029124129867,0.3315957217794806,0.3839362467308449,0.5407089117509095,-1.1338029124129867
6468,9095466,r,5,-0.11144511703680793,0.4904729807860292,0.6259435131369688,0.15734902060636308,-0.11144511703680793
6469,9103962,i,9,-0.8411588896448021,0.2674703236530729,0.5246659932671918,0.5996867262484762,-0.8411588896448021
6470,9103962,r,9,-0.7697465314168764,0.1407526709200705,0.30781009414086924,0.6482673915915749,-0.7697465314168764
6471,916228,g,5,-1.0154072290268445,0.13691683335855065,0.20626894058634848,1.0274084389955251,-1.0154072290268445
6472,916228,r,7,-0.9494906078404872,0.08684726361788142,0.19078635379017017,0.9477479564622675,-0.9494906078404872
6473,9163310,i,13,-0.13040201459251388,0.11067342978948341,0.1848295933390381,0.07876062181491285,-0.13040201459251388
6474,9163310,r,17,-0.41692957779443196,0.15542782551318235,0.25188076794267567,0.19253131619835406,-0.41692957779443196
6475,9173502,i,7,-0.20459489214659088,0.059885803348211475,0.14909992702739802,0.17322456638830955,-0.20459489214659088
6476,9173502,r,4,-0.18412454040114645,0.060461866386039675,0.1251479102907106,0.03599848120559191,-0.18412454040114645
6477,9184008,i,13,-0.6590557226298095,0.04978553284049303,0.08825758833691,0.4863470870893448,-0.6590557226298095
6478,9184008,r,9,-0.6731194731320851,0.111465272786332,0.1967764931451691,0.4597112677161065,-0.6731194731320851
6479,9246507,g,4,-0.43379289205642524,0.061516242504789154,0.1374480818684703,0.22225425765054513,-0.43379289205642524
6480,9246507,i,7,-0.16571720109995886,0.39878059326550286,0.6070474175335685,0.21854199140797098,-0.16571720109995886
6481,9246507,r,4,-0.05440650705914968,0.03034995472905208,0.053343599413369996,0.005442574111979707,-0.05440650705914968
6482,9262452,g,3,0.012083502605154006,0.08113952385147316,0.1321955557969714,0.00871608459157518,0.012083502605154006
6483,9262452,i,7,-0.6034089626101478,0.11299736647264003,0.3186371694388674,0.2085999357438611,-0.6034089626101478
6484,9262452,r,6,-0.4967006423208181,0.058372684778141615,0.2099688274406608,0.17120133282011044,-0.4967006423208181
6485,9276522,i,12,-0.7337600230677148,0.03289838908679604,0.0670770601041506,0.37761097013035977,-0.7337600230677148
6486,9276522,r,12,-0.3459377883150396,0.09605985083555729,0.1718740187366008,0.11583322884222182,-0.3459377883150396
6487,9284816,g,4,-0.8571070982313662,0.026078287083104223,0.07132463980082304,0.632239920214933,-0.8571070982313662
6488,9284816,i,8,-0.6059384154617347,0.44373124270538505,0.7989752569669766,0.5348783181452789,-0.6059384154617347
6489,9284816,r,11,-0.5670623021135082,0.1373304709301102,0.25398102458399857,0.38427145496951504,-0.5670623021135082
6490,9308985,g,2,0.047697256016963174,0.03543858342867762,0.03543858342867762,0.0033887809587879784,0.047697256016963174
6491,9308985,r,6,0.06288919207633412,0.24869496714209732,0.4542704421737757,0.06672785257721754,0.06288919207633412
6492,9308985,u,3,-0.7715485917674572,0.224200273478816,0.22925041922853417,0.5696085941553779,-0.7715485917674572
6493,9330390,i,3,0.2189322882748525,0.06245537083555125,0.19585881898169646,0.04425389061678115,0.2189322882748525
6494,9330390,r,10,-0.0031211090051364576,0.0656321895856754,0.1592456853695915,0.017681063257421942,-0.0031211090051364576
6495,9334948,g,3,-0.4438906602287368,0.039956142830936625,0.14268112381594117,0.26400510538005684,-0.4438906602287368
6496,9334948,i,7,-0.9906945831791207,0.46760667284563295,1.2039371652868112,0.40039609202696563,-0.9906945831791207
6497,9334948,r,17,-0.5912794103602361,0.41547932094814927,0.9699523312238099,0.6379958049537243,-0.5912794103602361
6498,9351053,i,7,-0.04931195326617155,0.14938653316836925,0.2020969661897158,0.02296239714331696,-0.04931195326617155
6499,9351053,r,7,-0.26529092791700115,0.047970217902533085,0.0741883376437732,0.06709441762526833,-0.26529092791700115
6500,9355525,g,4,-0.6027288748747375,0.015185154775599008,0.08096588770908097,0.2874784990716659,-0.6027288748747375
6501,9355525,i,8,-1.3454934575099347,0.14345051888021687,0.5420909938655534,0.5418111152327596,-1.3454934575099347
6502,9355525,r,9,-1.214065594982082,0.21844645363242599,0.3314929143592287,0.8427889845901284,-1.214065594982082
6503,9365483,g,2,-0.8804215350959941,0.024498692721791393,0.024498692721791393,0.742031771971835,-0.8804215350959941
6504,9365483,i,6,-0.8531427818012308,0.1182130288014775,0.21401970847774943,0.7392749479335717,-0.8531427818012308
6505,9365483,r,7,-0.8350323880344716,0.11770914397769372,0.19985752380345367,0.8144557700838286,-0.8350323880344716
6506,9367345,g,2,-0.7116680530409475,0.028190210944396665,0.028190210944396776,0.43599348328836285,-0.7116680530409475
6507,9367345,i,5,-0.1222996682694707,0.1147862470965566,0.16141820024949305,0.028464680768981242,-0.1222996682694707
6508,9367345,r,3,-0.1370094860686863,0.07032852909884396,0.09852479078467846,0.030536540514343322,-0.1370094860686863
6509,9375512,g,3,-0.24249585792103834,0.02577683147417731,0.11142226586501702,0.04203741330805889,-0.24249585792103834
6510,9375512,i,10,0.11522200756524892,0.058909949988099064,0.42106466519883845,0.03552416486498851,
6511,9375512,r,11,-0.09897160412138994,0.18600934495543503,0.37234304929792394,0.035723903575194386,
6512,9375512,u,3,-0.25244101297436994,0.06797049203843164,0.12694782965837093,0.05018348911292466,-0.25244101297436994
6513,9381472,i,11,-0.8496906888210285,0.13711249935842873,0.35468219040688886,0.5199792210197476,-0.8496906888210285
6514,9381472,r,12,-0.7112933623174409,0.029525186866874997,0.06300615923123509,0.45412800551326904,-0.7112933623174409
6515,9387759,i,5,0.0023585665782610565,0.11167024060237313,0.22094993615729155,0.02732987140140729,0.0023585665782610565
6516,9387759,r,6,-0.10967378057157895,0.09477043420193973,0.1528259405449064,0.02640585219729002,-0.10967378057157895
6517,9387759,u,2,-1.1846262677713142,0.026287234593204256,0.026287234593204145,1.2814875229897271,-1.1846262677713142
6518,9407104,g,3,-0.3089554618557325,0.008330095502341095,0.035265812169643196,0.10656432344635307,-0.3089554618557325
6519,9407104,i,5,-0.1322449414646713,0.024970081719359993,0.045704645553380746,0.016077536601944276,-0.1322449414646713
6520,9407104,r,4,-0.12734483500636873,0.026779858331086967,0.050817242171215055,0.018470295776352563,-0.12734483500636873
6521,9422506,g,3,-0.21696158707357888,0.09203560071172084,0.10219000717614543,0.060004405780438315,-0.21696158707357888
6522,9422506,i,2,0.03317000550613125,0.29689326766278024,0.29689326766278024,0.08058575065987399,0.03317000550613125
6523,9422506,r,4,0.165407461968986,0.08285458608996456,0.16699410526074762,0.03807434844208584,0.165407461968986
6524,9422506,u,2,-0.9040615533434058,0.20694539006133544,0.2069453900613355,0.8461699056024419,-0.9040615533434058
6525,9428488,g,5,-0.2390280543911315,0.08654671772261718,0.13783986451384705,0.0579469980296368,-0.2390280543911315
6526,9428488,i,12,-0.3186613591454279,0.2118787942630494,0.4214939349201797,0.0832573603247387,-0.3186613591454279
6527,9428488,r,13,-0.11461723541384816,0.13112002160036135,0.2294291431339342,0.042301321446845966,-0.11461723541384816
6528,9429648,g,3,-0.30599301506601123,0.007138091953612424,0.2937220510014791,0.07205648195524844,-0.30599301506601123
6529,9429648,i,11,-0.3260510438379307,0.17110216854551802,0.27001480842300596,0.09345404793423318,-0.3260510438379307
6530,9429648,r,10,-0.4078860122954808,0.20326677630780543,0.36964368587266994,0.14744600446471132,-0.4078860122954808
6531,9433044,i,8,-0.2173569154825768,0.06921544366685756,0.15674726912266235,0.046252818962075906,-0.2173569154825768
6532,9433044,r,11,-0.22844712971216863,0.10414079386161798,0.19948110290902876,0.06309233348550859,-0.22844712971216863
6533,9433044,u,3,-0.82435693811306,0.06276505760877216,0.08167276096802523,0.6708862923235905,-0.82435693811306
6534,9482741,g,3,-0.23799107849276785,0.06769522215662077,0.07506584176942982,0.05941470256912366,-0.23799107849276785
6535,9482741,r,7,0.10275287795941937,0.192412266607096,0.2911143745471658,0.07433458263200199,0.10275287795941937
6536,949765,g,2,-0.4229441582562779,0.03186213889506956,0.031862138895069614,0.17238866647170686,-0.4229441582562779
6537,949765,i,6,-0.33665130995155285,0.16402628773513522,0.4641393230026273,0.09936024152895599,-0.33665130995155285
6538,949765,r,7,-0.25261461680596575,0.15255631787619772,0.35417004069261715,0.08885896925038149,-0.25261461680596575
6539,9582056,g,3,-0.822285284053345,0.019230941136405444,0.06690082485664017,0.5903446388631166,-0.822285284053345
6540,9582056,i,9,-0.3419412026709767,0.19146318636247472,0.45374835921962736,0.1479891213036753,-0.3419412026709767
6541,9582056,r,11,-0.6084193645583121,0.24612279157571793,0.30283229881269846,0.47234705884652095,-0.6084193645583121
6542,9618192,g,2,-0.22862483472536577,0.032722658529135695,0.032722658529135695,0.049737007869427544,-0.22862483472536577
6543,9618192,i,8,-1.9211799335187263,0.22688609426755724,0.3114897626419326,2.3963195256808683,-1.9211799335187263
6544,9618192,r,7,-1.185836943180647,0.10096848308814388,0.32218527114577067,1.3425796701458625,-1.185836943180647
6545,9652323,g,3,0.1873606840412898,0.04098814155711672,0.07825755616775854,0.023253485040052053,0.1873606840412898
6546,9652323,i,18,-0.04689212434071249,0.15171254586000688,0.2609179653980548,0.04277228625892904,-0.04689212434071249
6547,9652323,r,17,-0.09469166268572793,0.03816473791407238,0.07061019806969182,0.05141012729422005,-0.09469166268572793
6548,9691197,g,2,-0.3456329972930037,0.06295464485982172,0.06295464485982172,0.0888345245285013,-0.3456329972930037
6549,9691197,i,5,-0.4714035643869683,0.04443332107349951,0.05715933553830754,0.13369681613441922,-0.4714035643869683
6550,9691197,r,4,-0.538256470040245,0.30880442449876466,0.6097097694307798,0.23528149230947962,-0.538256470040245
6551,9731273,i,9,-0.8245082534486616,0.13736441858688542,0.23598145423782202,0.48464143265886456,-0.8245082534486616
6552,9731273,r,11,-0.588880669324767,0.08738502294013961,0.16976162542373874,0.13332533986285822,-0.588880669324767
6553,9790108,g,5,-0.19370268900420495,0.03795570597025044,0.12403402291234755,0.06299682845372037,-0.19370268900420495
6554,9790108,i,17,-0.03022888873806684,0.2380095055097209,0.5608139656820168,0.14211378051299625,-0.03022888873806684
6555,9790108,r,18,0.028346812161031354,0.07439752135890507,0.40415691054375913,0.06289324436458454,0.028346812161031354
6556,9790108,u,2,-0.7259545554890194,0.053486691114333684,0.053486691114333684,0.44730406435594305,-0.7259545554890194
6557,9803278,g,4,-0.29501080425637144,0.055615644173451995,0.16427005347112672,0.13052483901430179,-0.29501080425637144
6558,9803278,i,12,-0.5307094685955753,0.29125619274820325,0.44474696753518567,0.27464342297407235,-0.5307094685955753
6559,9803278,r,16,-0.6125658002193483,0.39326781348692186,0.7858661239520508,0.274983259225837,-0.6125658002193483
6560,9818044,i,7,-0.1406789502834349,0.051493400283157104,0.09594155412757001,0.035993089365743976,-0.1406789502834349
6561,9818044,r,10,-0.24865156963313165,0.055100123867804524,0.11678544828212478,0.07372972733095537,-0.24865156963313165
6562,9939136,i,4,0.21301884996630238,0.0483429091813304,0.07834858419236837,0.05337326006439505,0.21301884996630238
6563,9939136,r,6,0.013645745654502855,0.09470990836154866,0.14487239578468566,0.02209579658665306,0.013645745654502855
